[0.074s] DEBUG:colcon:Command line arguments: ['/usr/bin/colcon', 'build']
[0.074s] DEBUG:colcon:Parsed command line arguments: Namespace(log_base=None, log_level=None, verb_name='build', build_base='build', install_base='install', merge_install=False, symlink_install=False, test_result_base=None, continue_on_error=False, executor='parallel', parallel_workers=8, event_handlers=None, ignore_user_meta=False, metas=['./colcon.meta'], base_paths=['.'], packages_ignore=None, packages_ignore_regex=None, paths=None, packages_up_to=None, packages_up_to_regex=None, packages_above=None, packages_above_and_dependencies=None, packages_above_depth=None, packages_select_by_dep=None, packages_skip_by_dep=None, packages_skip_up_to=None, packages_select_build_failed=False, packages_skip_build_finished=False, packages_select_test_failures=False, packages_skip_test_passed=False, packages_select=None, packages_skip=None, packages_select_regex=None, packages_skip_regex=None, packages_start=None, packages_end=None, allow_overriding=[], cmake_args=None, cmake_target=None, cmake_target_skip_unavailable=False, cmake_clean_cache=False, cmake_clean_first=False, cmake_force_configure=False, ament_cmake_args=None, catkin_cmake_args=None, catkin_skip_building_tests=False, mixin_files=None, mixin=None, verb_parser=<colcon_mixin.mixin.mixin_argument.MixinArgumentDecorator object at 0x79c8fc48f6e0>, verb_extension=<colcon_core.verb.build.BuildVerb object at 0x79c8fc4d5670>, main=<bound method BuildVerb.main of <colcon_core.verb.build.BuildVerb object at 0x79c8fc4d5670>>, mixin_verb=('build',))
[0.098s] Level 1:colcon.colcon_core.package_discovery:discover_packages(colcon_meta) check parameters
[0.098s] Level 1:colcon.colcon_core.package_discovery:discover_packages(recursive) check parameters
[0.098s] Level 1:colcon.colcon_core.package_discovery:discover_packages(ignore) check parameters
[0.098s] Level 1:colcon.colcon_core.package_discovery:discover_packages(path) check parameters
[0.098s] Level 1:colcon.colcon_core.package_discovery:discover_packages(colcon_meta) discover
[0.098s] Level 1:colcon.colcon_core.package_discovery:discover_packages(recursive) discover
[0.098s] INFO:colcon.colcon_core.package_discovery:Crawling recursively for packages in '/home/amin/cobot/cobot_ws'
[0.098s] Level 1:colcon.colcon_core.package_identification:_identify(.) by extensions ['ignore', 'ignore_ament_install']
[0.098s] Level 1:colcon.colcon_core.package_identification:_identify(.) by extension 'ignore'
[0.098s] Level 1:colcon.colcon_core.package_identification:_identify(.) by extension 'ignore_ament_install'
[0.098s] Level 1:colcon.colcon_core.package_identification:_identify(.) by extensions ['colcon_pkg']
[0.098s] Level 1:colcon.colcon_core.package_identification:_identify(.) by extension 'colcon_pkg'
[0.098s] Level 1:colcon.colcon_core.package_identification:_identify(.) by extensions ['colcon_meta']
[0.098s] Level 1:colcon.colcon_core.package_identification:_identify(.) by extension 'colcon_meta'
[0.098s] Level 1:colcon.colcon_core.package_identification:_identify(.) by extensions ['ros']
[0.098s] Level 1:colcon.colcon_core.package_identification:_identify(.) by extension 'ros'
[0.115s] Level 1:colcon.colcon_core.package_identification:_identify(.) by extensions ['cmake', 'python']
[0.115s] Level 1:colcon.colcon_core.package_identification:_identify(.) by extension 'cmake'
[0.115s] Level 1:colcon.colcon_core.package_identification:_identify(.) by extension 'python'
[0.115s] Level 1:colcon.colcon_core.package_identification:_identify(.) by extensions ['python_setup_py']
[0.115s] Level 1:colcon.colcon_core.package_identification:_identify(.) by extension 'python_setup_py'
[0.115s] Level 1:colcon.colcon_core.package_identification:_identify(build) by extensions ['ignore', 'ignore_ament_install']
[0.116s] Level 1:colcon.colcon_core.package_identification:_identify(build) by extension 'ignore'
[0.116s] Level 1:colcon.colcon_core.package_identification:_identify(build) ignored
[0.116s] Level 1:colcon.colcon_core.package_identification:_identify(install) by extensions ['ignore', 'ignore_ament_install']
[0.116s] Level 1:colcon.colcon_core.package_identification:_identify(install) by extension 'ignore'
[0.116s] Level 1:colcon.colcon_core.package_identification:_identify(install) ignored
[0.116s] Level 1:colcon.colcon_core.package_identification:_identify(log) by extensions ['ignore', 'ignore_ament_install']
[0.116s] Level 1:colcon.colcon_core.package_identification:_identify(log) by extension 'ignore'
[0.116s] Level 1:colcon.colcon_core.package_identification:_identify(log) ignored
[0.116s] Level 1:colcon.colcon_core.package_identification:_identify(src) by extensions ['ignore', 'ignore_ament_install']
[0.116s] Level 1:colcon.colcon_core.package_identification:_identify(src) by extension 'ignore'
[0.116s] Level 1:colcon.colcon_core.package_identification:_identify(src) by extension 'ignore_ament_install'
[0.116s] Level 1:colcon.colcon_core.package_identification:_identify(src) by extensions ['colcon_pkg']
[0.116s] Level 1:colcon.colcon_core.package_identification:_identify(src) by extension 'colcon_pkg'
[0.116s] Level 1:colcon.colcon_core.package_identification:_identify(src) by extensions ['colcon_meta']
[0.116s] Level 1:colcon.colcon_core.package_identification:_identify(src) by extension 'colcon_meta'
[0.116s] Level 1:colcon.colcon_core.package_identification:_identify(src) by extensions ['ros']
[0.116s] Level 1:colcon.colcon_core.package_identification:_identify(src) by extension 'ros'
[0.116s] Level 1:colcon.colcon_core.package_identification:_identify(src) by extensions ['cmake', 'python']
[0.116s] Level 1:colcon.colcon_core.package_identification:_identify(src) by extension 'cmake'
[0.116s] Level 1:colcon.colcon_core.package_identification:_identify(src) by extension 'python'
[0.116s] Level 1:colcon.colcon_core.package_identification:_identify(src) by extensions ['python_setup_py']
[0.116s] Level 1:colcon.colcon_core.package_identification:_identify(src) by extension 'python_setup_py'
[0.116s] Level 1:colcon.colcon_core.package_identification:_identify(src/mycobot_ros2) by extensions ['ignore', 'ignore_ament_install']
[0.116s] Level 1:colcon.colcon_core.package_identification:_identify(src/mycobot_ros2) by extension 'ignore'
[0.116s] Level 1:colcon.colcon_core.package_identification:_identify(src/mycobot_ros2) by extension 'ignore_ament_install'
[0.116s] Level 1:colcon.colcon_core.package_identification:_identify(src/mycobot_ros2) by extensions ['colcon_pkg']
[0.116s] Level 1:colcon.colcon_core.package_identification:_identify(src/mycobot_ros2) by extension 'colcon_pkg'
[0.116s] Level 1:colcon.colcon_core.package_identification:_identify(src/mycobot_ros2) by extensions ['colcon_meta']
[0.116s] Level 1:colcon.colcon_core.package_identification:_identify(src/mycobot_ros2) by extension 'colcon_meta'
[0.117s] Level 1:colcon.colcon_core.package_identification:_identify(src/mycobot_ros2) by extensions ['ros']
[0.117s] Level 1:colcon.colcon_core.package_identification:_identify(src/mycobot_ros2) by extension 'ros'
[0.117s] Level 1:colcon.colcon_core.package_identification:_identify(src/mycobot_ros2) by extensions ['cmake', 'python']
[0.117s] Level 1:colcon.colcon_core.package_identification:_identify(src/mycobot_ros2) by extension 'cmake'
[0.117s] Level 1:colcon.colcon_core.package_identification:_identify(src/mycobot_ros2) by extension 'python'
[0.117s] Level 1:colcon.colcon_core.package_identification:_identify(src/mycobot_ros2) by extensions ['python_setup_py']
[0.117s] Level 1:colcon.colcon_core.package_identification:_identify(src/mycobot_ros2) by extension 'python_setup_py'
[0.117s] Level 1:colcon.colcon_core.package_identification:_identify(src/mycobot_ros2/Mybuddy) by extensions ['ignore', 'ignore_ament_install']
[0.117s] Level 1:colcon.colcon_core.package_identification:_identify(src/mycobot_ros2/Mybuddy) by extension 'ignore'
[0.117s] Level 1:colcon.colcon_core.package_identification:_identify(src/mycobot_ros2/Mybuddy) by extension 'ignore_ament_install'
[0.117s] Level 1:colcon.colcon_core.package_identification:_identify(src/mycobot_ros2/Mybuddy) by extensions ['colcon_pkg']
[0.117s] Level 1:colcon.colcon_core.package_identification:_identify(src/mycobot_ros2/Mybuddy) by extension 'colcon_pkg'
[0.117s] Level 1:colcon.colcon_core.package_identification:_identify(src/mycobot_ros2/Mybuddy) by extensions ['colcon_meta']
[0.117s] Level 1:colcon.colcon_core.package_identification:_identify(src/mycobot_ros2/Mybuddy) by extension 'colcon_meta'
[0.117s] Level 1:colcon.colcon_core.package_identification:_identify(src/mycobot_ros2/Mybuddy) by extensions ['ros']
[0.117s] Level 1:colcon.colcon_core.package_identification:_identify(src/mycobot_ros2/Mybuddy) by extension 'ros'
[0.117s] Level 1:colcon.colcon_core.package_identification:_identify(src/mycobot_ros2/Mybuddy) by extensions ['cmake', 'python']
[0.117s] Level 1:colcon.colcon_core.package_identification:_identify(src/mycobot_ros2/Mybuddy) by extension 'cmake'
[0.117s] Level 1:colcon.colcon_core.package_identification:_identify(src/mycobot_ros2/Mybuddy) by extension 'python'
[0.117s] Level 1:colcon.colcon_core.package_identification:_identify(src/mycobot_ros2/Mybuddy) by extensions ['python_setup_py']
[0.117s] Level 1:colcon.colcon_core.package_identification:_identify(src/mycobot_ros2/Mybuddy) by extension 'python_setup_py'
[0.117s] Level 1:colcon.colcon_core.package_identification:_identify(src/mycobot_ros2/Mybuddy/mybuddy) by extensions ['ignore', 'ignore_ament_install']
[0.117s] Level 1:colcon.colcon_core.package_identification:_identify(src/mycobot_ros2/Mybuddy/mybuddy) by extension 'ignore'
[0.117s] Level 1:colcon.colcon_core.package_identification:_identify(src/mycobot_ros2/Mybuddy/mybuddy) by extension 'ignore_ament_install'
[0.117s] Level 1:colcon.colcon_core.package_identification:_identify(src/mycobot_ros2/Mybuddy/mybuddy) by extensions ['colcon_pkg']
[0.117s] Level 1:colcon.colcon_core.package_identification:_identify(src/mycobot_ros2/Mybuddy/mybuddy) by extension 'colcon_pkg'
[0.117s] Level 1:colcon.colcon_core.package_identification:_identify(src/mycobot_ros2/Mybuddy/mybuddy) by extensions ['colcon_meta']
[0.117s] Level 1:colcon.colcon_core.package_identification:_identify(src/mycobot_ros2/Mybuddy/mybuddy) by extension 'colcon_meta'
[0.117s] Level 1:colcon.colcon_core.package_identification:_identify(src/mycobot_ros2/Mybuddy/mybuddy) by extensions ['ros']
[0.117s] Level 1:colcon.colcon_core.package_identification:_identify(src/mycobot_ros2/Mybuddy/mybuddy) by extension 'ros'
[0.119s] DEBUG:colcon.colcon_core.package_identification:Package 'src/mycobot_ros2/Mybuddy/mybuddy' with type 'ros.ament_python' and name 'mybuddy'
[0.119s] Level 1:colcon.colcon_core.package_identification:_identify(src/mycobot_ros2/demo_img) by extensions ['ignore', 'ignore_ament_install']
[0.119s] Level 1:colcon.colcon_core.package_identification:_identify(src/mycobot_ros2/demo_img) by extension 'ignore'
[0.119s] Level 1:colcon.colcon_core.package_identification:_identify(src/mycobot_ros2/demo_img) by extension 'ignore_ament_install'
[0.119s] Level 1:colcon.colcon_core.package_identification:_identify(src/mycobot_ros2/demo_img) by extensions ['colcon_pkg']
[0.119s] Level 1:colcon.colcon_core.package_identification:_identify(src/mycobot_ros2/demo_img) by extension 'colcon_pkg'
[0.119s] Level 1:colcon.colcon_core.package_identification:_identify(src/mycobot_ros2/demo_img) by extensions ['colcon_meta']
[0.119s] Level 1:colcon.colcon_core.package_identification:_identify(src/mycobot_ros2/demo_img) by extension 'colcon_meta'
[0.119s] Level 1:colcon.colcon_core.package_identification:_identify(src/mycobot_ros2/demo_img) by extensions ['ros']
[0.119s] Level 1:colcon.colcon_core.package_identification:_identify(src/mycobot_ros2/demo_img) by extension 'ros'
[0.119s] Level 1:colcon.colcon_core.package_identification:_identify(src/mycobot_ros2/demo_img) by extensions ['cmake', 'python']
[0.119s] Level 1:colcon.colcon_core.package_identification:_identify(src/mycobot_ros2/demo_img) by extension 'cmake'
[0.119s] Level 1:colcon.colcon_core.package_identification:_identify(src/mycobot_ros2/demo_img) by extension 'python'
[0.119s] Level 1:colcon.colcon_core.package_identification:_identify(src/mycobot_ros2/demo_img) by extensions ['python_setup_py']
[0.119s] Level 1:colcon.colcon_core.package_identification:_identify(src/mycobot_ros2/demo_img) by extension 'python_setup_py'
[0.119s] Level 1:colcon.colcon_core.package_identification:_identify(src/mycobot_ros2/demo_img/260m5) by extensions ['ignore', 'ignore_ament_install']
[0.120s] Level 1:colcon.colcon_core.package_identification:_identify(src/mycobot_ros2/demo_img/260m5) by extension 'ignore'
[0.120s] Level 1:colcon.colcon_core.package_identification:_identify(src/mycobot_ros2/demo_img/260m5) by extension 'ignore_ament_install'
[0.120s] Level 1:colcon.colcon_core.package_identification:_identify(src/mycobot_ros2/demo_img/260m5) by extensions ['colcon_pkg']
[0.120s] Level 1:colcon.colcon_core.package_identification:_identify(src/mycobot_ros2/demo_img/260m5) by extension 'colcon_pkg'
[0.120s] Level 1:colcon.colcon_core.package_identification:_identify(src/mycobot_ros2/demo_img/260m5) by extensions ['colcon_meta']
[0.120s] Level 1:colcon.colcon_core.package_identification:_identify(src/mycobot_ros2/demo_img/260m5) by extension 'colcon_meta'
[0.120s] Level 1:colcon.colcon_core.package_identification:_identify(src/mycobot_ros2/demo_img/260m5) by extensions ['ros']
[0.120s] Level 1:colcon.colcon_core.package_identification:_identify(src/mycobot_ros2/demo_img/260m5) by extension 'ros'
[0.120s] Level 1:colcon.colcon_core.package_identification:_identify(src/mycobot_ros2/demo_img/260m5) by extensions ['cmake', 'python']
[0.120s] Level 1:colcon.colcon_core.package_identification:_identify(src/mycobot_ros2/demo_img/260m5) by extension 'cmake'
[0.120s] Level 1:colcon.colcon_core.package_identification:_identify(src/mycobot_ros2/demo_img/260m5) by extension 'python'
[0.120s] Level 1:colcon.colcon_core.package_identification:_identify(src/mycobot_ros2/demo_img/260m5) by extensions ['python_setup_py']
[0.120s] Level 1:colcon.colcon_core.package_identification:_identify(src/mycobot_ros2/demo_img/260m5) by extension 'python_setup_py'
[0.120s] Level 1:colcon.colcon_core.package_identification:_identify(src/mycobot_ros2/demo_img/260pi) by extensions ['ignore', 'ignore_ament_install']
[0.120s] Level 1:colcon.colcon_core.package_identification:_identify(src/mycobot_ros2/demo_img/260pi) by extension 'ignore'
[0.120s] Level 1:colcon.colcon_core.package_identification:_identify(src/mycobot_ros2/demo_img/260pi) by extension 'ignore_ament_install'
[0.120s] Level 1:colcon.colcon_core.package_identification:_identify(src/mycobot_ros2/demo_img/260pi) by extensions ['colcon_pkg']
[0.120s] Level 1:colcon.colcon_core.package_identification:_identify(src/mycobot_ros2/demo_img/260pi) by extension 'colcon_pkg'
[0.120s] Level 1:colcon.colcon_core.package_identification:_identify(src/mycobot_ros2/demo_img/260pi) by extensions ['colcon_meta']
[0.120s] Level 1:colcon.colcon_core.package_identification:_identify(src/mycobot_ros2/demo_img/260pi) by extension 'colcon_meta'
[0.120s] Level 1:colcon.colcon_core.package_identification:_identify(src/mycobot_ros2/demo_img/260pi) by extensions ['ros']
[0.120s] Level 1:colcon.colcon_core.package_identification:_identify(src/mycobot_ros2/demo_img/260pi) by extension 'ros'
[0.120s] Level 1:colcon.colcon_core.package_identification:_identify(src/mycobot_ros2/demo_img/260pi) by extensions ['cmake', 'python']
[0.120s] Level 1:colcon.colcon_core.package_identification:_identify(src/mycobot_ros2/demo_img/260pi) by extension 'cmake'
[0.120s] Level 1:colcon.colcon_core.package_identification:_identify(src/mycobot_ros2/demo_img/260pi) by extension 'python'
[0.120s] Level 1:colcon.colcon_core.package_identification:_identify(src/mycobot_ros2/demo_img/260pi) by extensions ['python_setup_py']
[0.120s] Level 1:colcon.colcon_core.package_identification:_identify(src/mycobot_ros2/demo_img/260pi) by extension 'python_setup_py'
[0.120s] Level 1:colcon.colcon_core.package_identification:_identify(src/mycobot_ros2/demo_img/270m5) by extensions ['ignore', 'ignore_ament_install']
[0.120s] Level 1:colcon.colcon_core.package_identification:_identify(src/mycobot_ros2/demo_img/270m5) by extension 'ignore'
[0.120s] Level 1:colcon.colcon_core.package_identification:_identify(src/mycobot_ros2/demo_img/270m5) by extension 'ignore_ament_install'
[0.120s] Level 1:colcon.colcon_core.package_identification:_identify(src/mycobot_ros2/demo_img/270m5) by extensions ['colcon_pkg']
[0.120s] Level 1:colcon.colcon_core.package_identification:_identify(src/mycobot_ros2/demo_img/270m5) by extension 'colcon_pkg'
[0.121s] Level 1:colcon.colcon_core.package_identification:_identify(src/mycobot_ros2/demo_img/270m5) by extensions ['colcon_meta']
[0.121s] Level 1:colcon.colcon_core.package_identification:_identify(src/mycobot_ros2/demo_img/270m5) by extension 'colcon_meta'
[0.121s] Level 1:colcon.colcon_core.package_identification:_identify(src/mycobot_ros2/demo_img/270m5) by extensions ['ros']
[0.121s] Level 1:colcon.colcon_core.package_identification:_identify(src/mycobot_ros2/demo_img/270m5) by extension 'ros'
[0.121s] Level 1:colcon.colcon_core.package_identification:_identify(src/mycobot_ros2/demo_img/270m5) by extensions ['cmake', 'python']
[0.121s] Level 1:colcon.colcon_core.package_identification:_identify(src/mycobot_ros2/demo_img/270m5) by extension 'cmake'
[0.121s] Level 1:colcon.colcon_core.package_identification:_identify(src/mycobot_ros2/demo_img/270m5) by extension 'python'
[0.121s] Level 1:colcon.colcon_core.package_identification:_identify(src/mycobot_ros2/demo_img/270m5) by extensions ['python_setup_py']
[0.121s] Level 1:colcon.colcon_core.package_identification:_identify(src/mycobot_ros2/demo_img/270m5) by extension 'python_setup_py'
[0.121s] Level 1:colcon.colcon_core.package_identification:_identify(src/mycobot_ros2/demo_img/270pi) by extensions ['ignore', 'ignore_ament_install']
[0.121s] Level 1:colcon.colcon_core.package_identification:_identify(src/mycobot_ros2/demo_img/270pi) by extension 'ignore'
[0.121s] Level 1:colcon.colcon_core.package_identification:_identify(src/mycobot_ros2/demo_img/270pi) by extension 'ignore_ament_install'
[0.121s] Level 1:colcon.colcon_core.package_identification:_identify(src/mycobot_ros2/demo_img/270pi) by extensions ['colcon_pkg']
[0.121s] Level 1:colcon.colcon_core.package_identification:_identify(src/mycobot_ros2/demo_img/270pi) by extension 'colcon_pkg'
[0.121s] Level 1:colcon.colcon_core.package_identification:_identify(src/mycobot_ros2/demo_img/270pi) by extensions ['colcon_meta']
[0.121s] Level 1:colcon.colcon_core.package_identification:_identify(src/mycobot_ros2/demo_img/270pi) by extension 'colcon_meta'
[0.121s] Level 1:colcon.colcon_core.package_identification:_identify(src/mycobot_ros2/demo_img/270pi) by extensions ['ros']
[0.121s] Level 1:colcon.colcon_core.package_identification:_identify(src/mycobot_ros2/demo_img/270pi) by extension 'ros'
[0.121s] Level 1:colcon.colcon_core.package_identification:_identify(src/mycobot_ros2/demo_img/270pi) by extensions ['cmake', 'python']
[0.121s] Level 1:colcon.colcon_core.package_identification:_identify(src/mycobot_ros2/demo_img/270pi) by extension 'cmake'
[0.121s] Level 1:colcon.colcon_core.package_identification:_identify(src/mycobot_ros2/demo_img/270pi) by extension 'python'
[0.121s] Level 1:colcon.colcon_core.package_identification:_identify(src/mycobot_ros2/demo_img/270pi) by extensions ['python_setup_py']
[0.121s] Level 1:colcon.colcon_core.package_identification:_identify(src/mycobot_ros2/demo_img/270pi) by extension 'python_setup_py'
[0.121s] Level 1:colcon.colcon_core.package_identification:_identify(src/mycobot_ros2/demo_img/280ar) by extensions ['ignore', 'ignore_ament_install']
[0.121s] Level 1:colcon.colcon_core.package_identification:_identify(src/mycobot_ros2/demo_img/280ar) by extension 'ignore'
[0.121s] Level 1:colcon.colcon_core.package_identification:_identify(src/mycobot_ros2/demo_img/280ar) by extension 'ignore_ament_install'
[0.121s] Level 1:colcon.colcon_core.package_identification:_identify(src/mycobot_ros2/demo_img/280ar) by extensions ['colcon_pkg']
[0.121s] Level 1:colcon.colcon_core.package_identification:_identify(src/mycobot_ros2/demo_img/280ar) by extension 'colcon_pkg'
[0.121s] Level 1:colcon.colcon_core.package_identification:_identify(src/mycobot_ros2/demo_img/280ar) by extensions ['colcon_meta']
[0.121s] Level 1:colcon.colcon_core.package_identification:_identify(src/mycobot_ros2/demo_img/280ar) by extension 'colcon_meta'
[0.121s] Level 1:colcon.colcon_core.package_identification:_identify(src/mycobot_ros2/demo_img/280ar) by extensions ['ros']
[0.121s] Level 1:colcon.colcon_core.package_identification:_identify(src/mycobot_ros2/demo_img/280ar) by extension 'ros'
[0.121s] Level 1:colcon.colcon_core.package_identification:_identify(src/mycobot_ros2/demo_img/280ar) by extensions ['cmake', 'python']
[0.121s] Level 1:colcon.colcon_core.package_identification:_identify(src/mycobot_ros2/demo_img/280ar) by extension 'cmake'
[0.121s] Level 1:colcon.colcon_core.package_identification:_identify(src/mycobot_ros2/demo_img/280ar) by extension 'python'
[0.122s] Level 1:colcon.colcon_core.package_identification:_identify(src/mycobot_ros2/demo_img/280ar) by extensions ['python_setup_py']
[0.122s] Level 1:colcon.colcon_core.package_identification:_identify(src/mycobot_ros2/demo_img/280ar) by extension 'python_setup_py'
[0.122s] Level 1:colcon.colcon_core.package_identification:_identify(src/mycobot_ros2/demo_img/280jn) by extensions ['ignore', 'ignore_ament_install']
[0.122s] Level 1:colcon.colcon_core.package_identification:_identify(src/mycobot_ros2/demo_img/280jn) by extension 'ignore'
[0.122s] Level 1:colcon.colcon_core.package_identification:_identify(src/mycobot_ros2/demo_img/280jn) by extension 'ignore_ament_install'
[0.122s] Level 1:colcon.colcon_core.package_identification:_identify(src/mycobot_ros2/demo_img/280jn) by extensions ['colcon_pkg']
[0.122s] Level 1:colcon.colcon_core.package_identification:_identify(src/mycobot_ros2/demo_img/280jn) by extension 'colcon_pkg'
[0.122s] Level 1:colcon.colcon_core.package_identification:_identify(src/mycobot_ros2/demo_img/280jn) by extensions ['colcon_meta']
[0.122s] Level 1:colcon.colcon_core.package_identification:_identify(src/mycobot_ros2/demo_img/280jn) by extension 'colcon_meta'
[0.122s] Level 1:colcon.colcon_core.package_identification:_identify(src/mycobot_ros2/demo_img/280jn) by extensions ['ros']
[0.122s] Level 1:colcon.colcon_core.package_identification:_identify(src/mycobot_ros2/demo_img/280jn) by extension 'ros'
[0.122s] Level 1:colcon.colcon_core.package_identification:_identify(src/mycobot_ros2/demo_img/280jn) by extensions ['cmake', 'python']
[0.122s] Level 1:colcon.colcon_core.package_identification:_identify(src/mycobot_ros2/demo_img/280jn) by extension 'cmake'
[0.122s] Level 1:colcon.colcon_core.package_identification:_identify(src/mycobot_ros2/demo_img/280jn) by extension 'python'
[0.122s] Level 1:colcon.colcon_core.package_identification:_identify(src/mycobot_ros2/demo_img/280jn) by extensions ['python_setup_py']
[0.122s] Level 1:colcon.colcon_core.package_identification:_identify(src/mycobot_ros2/demo_img/280jn) by extension 'python_setup_py'
[0.122s] Level 1:colcon.colcon_core.package_identification:_identify(src/mycobot_ros2/demo_img/280m5) by extensions ['ignore', 'ignore_ament_install']
[0.122s] Level 1:colcon.colcon_core.package_identification:_identify(src/mycobot_ros2/demo_img/280m5) by extension 'ignore'
[0.122s] Level 1:colcon.colcon_core.package_identification:_identify(src/mycobot_ros2/demo_img/280m5) by extension 'ignore_ament_install'
[0.122s] Level 1:colcon.colcon_core.package_identification:_identify(src/mycobot_ros2/demo_img/280m5) by extensions ['colcon_pkg']
[0.122s] Level 1:colcon.colcon_core.package_identification:_identify(src/mycobot_ros2/demo_img/280m5) by extension 'colcon_pkg'
[0.122s] Level 1:colcon.colcon_core.package_identification:_identify(src/mycobot_ros2/demo_img/280m5) by extensions ['colcon_meta']
[0.122s] Level 1:colcon.colcon_core.package_identification:_identify(src/mycobot_ros2/demo_img/280m5) by extension 'colcon_meta'
[0.122s] Level 1:colcon.colcon_core.package_identification:_identify(src/mycobot_ros2/demo_img/280m5) by extensions ['ros']
[0.122s] Level 1:colcon.colcon_core.package_identification:_identify(src/mycobot_ros2/demo_img/280m5) by extension 'ros'
[0.122s] Level 1:colcon.colcon_core.package_identification:_identify(src/mycobot_ros2/demo_img/280m5) by extensions ['cmake', 'python']
[0.122s] Level 1:colcon.colcon_core.package_identification:_identify(src/mycobot_ros2/demo_img/280m5) by extension 'cmake'
[0.122s] Level 1:colcon.colcon_core.package_identification:_identify(src/mycobot_ros2/demo_img/280m5) by extension 'python'
[0.122s] Level 1:colcon.colcon_core.package_identification:_identify(src/mycobot_ros2/demo_img/280m5) by extensions ['python_setup_py']
[0.122s] Level 1:colcon.colcon_core.package_identification:_identify(src/mycobot_ros2/demo_img/280m5) by extension 'python_setup_py'
[0.122s] Level 1:colcon.colcon_core.package_identification:_identify(src/mycobot_ros2/demo_img/280pi) by extensions ['ignore', 'ignore_ament_install']
[0.122s] Level 1:colcon.colcon_core.package_identification:_identify(src/mycobot_ros2/demo_img/280pi) by extension 'ignore'
[0.123s] Level 1:colcon.colcon_core.package_identification:_identify(src/mycobot_ros2/demo_img/280pi) by extension 'ignore_ament_install'
[0.123s] Level 1:colcon.colcon_core.package_identification:_identify(src/mycobot_ros2/demo_img/280pi) by extensions ['colcon_pkg']
[0.123s] Level 1:colcon.colcon_core.package_identification:_identify(src/mycobot_ros2/demo_img/280pi) by extension 'colcon_pkg'
[0.123s] Level 1:colcon.colcon_core.package_identification:_identify(src/mycobot_ros2/demo_img/280pi) by extensions ['colcon_meta']
[0.123s] Level 1:colcon.colcon_core.package_identification:_identify(src/mycobot_ros2/demo_img/280pi) by extension 'colcon_meta'
[0.123s] Level 1:colcon.colcon_core.package_identification:_identify(src/mycobot_ros2/demo_img/280pi) by extensions ['ros']
[0.123s] Level 1:colcon.colcon_core.package_identification:_identify(src/mycobot_ros2/demo_img/280pi) by extension 'ros'
[0.123s] Level 1:colcon.colcon_core.package_identification:_identify(src/mycobot_ros2/demo_img/280pi) by extensions ['cmake', 'python']
[0.123s] Level 1:colcon.colcon_core.package_identification:_identify(src/mycobot_ros2/demo_img/280pi) by extension 'cmake'
[0.123s] Level 1:colcon.colcon_core.package_identification:_identify(src/mycobot_ros2/demo_img/280pi) by extension 'python'
[0.123s] Level 1:colcon.colcon_core.package_identification:_identify(src/mycobot_ros2/demo_img/280pi) by extensions ['python_setup_py']
[0.123s] Level 1:colcon.colcon_core.package_identification:_identify(src/mycobot_ros2/demo_img/280pi) by extension 'python_setup_py'
[0.123s] Level 1:colcon.colcon_core.package_identification:_identify(src/mycobot_ros2/demo_img/280rdkx5) by extensions ['ignore', 'ignore_ament_install']
[0.123s] Level 1:colcon.colcon_core.package_identification:_identify(src/mycobot_ros2/demo_img/280rdkx5) by extension 'ignore'
[0.123s] Level 1:colcon.colcon_core.package_identification:_identify(src/mycobot_ros2/demo_img/280rdkx5) by extension 'ignore_ament_install'
[0.123s] Level 1:colcon.colcon_core.package_identification:_identify(src/mycobot_ros2/demo_img/280rdkx5) by extensions ['colcon_pkg']
[0.123s] Level 1:colcon.colcon_core.package_identification:_identify(src/mycobot_ros2/demo_img/280rdkx5) by extension 'colcon_pkg'
[0.123s] Level 1:colcon.colcon_core.package_identification:_identify(src/mycobot_ros2/demo_img/280rdkx5) by extensions ['colcon_meta']
[0.123s] Level 1:colcon.colcon_core.package_identification:_identify(src/mycobot_ros2/demo_img/280rdkx5) by extension 'colcon_meta'
[0.123s] Level 1:colcon.colcon_core.package_identification:_identify(src/mycobot_ros2/demo_img/280rdkx5) by extensions ['ros']
[0.123s] Level 1:colcon.colcon_core.package_identification:_identify(src/mycobot_ros2/demo_img/280rdkx5) by extension 'ros'
[0.123s] Level 1:colcon.colcon_core.package_identification:_identify(src/mycobot_ros2/demo_img/280rdkx5) by extensions ['cmake', 'python']
[0.123s] Level 1:colcon.colcon_core.package_identification:_identify(src/mycobot_ros2/demo_img/280rdkx5) by extension 'cmake'
[0.123s] Level 1:colcon.colcon_core.package_identification:_identify(src/mycobot_ros2/demo_img/280rdkx5) by extension 'python'
[0.123s] Level 1:colcon.colcon_core.package_identification:_identify(src/mycobot_ros2/demo_img/280rdkx5) by extensions ['python_setup_py']
[0.123s] Level 1:colcon.colcon_core.package_identification:_identify(src/mycobot_ros2/demo_img/280rdkx5) by extension 'python_setup_py'
[0.123s] Level 1:colcon.colcon_core.package_identification:_identify(src/mycobot_ros2/demo_img/320m5_2022) by extensions ['ignore', 'ignore_ament_install']
[0.123s] Level 1:colcon.colcon_core.package_identification:_identify(src/mycobot_ros2/demo_img/320m5_2022) by extension 'ignore'
[0.123s] Level 1:colcon.colcon_core.package_identification:_identify(src/mycobot_ros2/demo_img/320m5_2022) by extension 'ignore_ament_install'
[0.123s] Level 1:colcon.colcon_core.package_identification:_identify(src/mycobot_ros2/demo_img/320m5_2022) by extensions ['colcon_pkg']
[0.123s] Level 1:colcon.colcon_core.package_identification:_identify(src/mycobot_ros2/demo_img/320m5_2022) by extension 'colcon_pkg'
[0.123s] Level 1:colcon.colcon_core.package_identification:_identify(src/mycobot_ros2/demo_img/320m5_2022) by extensions ['colcon_meta']
[0.123s] Level 1:colcon.colcon_core.package_identification:_identify(src/mycobot_ros2/demo_img/320m5_2022) by extension 'colcon_meta'
[0.123s] Level 1:colcon.colcon_core.package_identification:_identify(src/mycobot_ros2/demo_img/320m5_2022) by extensions ['ros']
[0.123s] Level 1:colcon.colcon_core.package_identification:_identify(src/mycobot_ros2/demo_img/320m5_2022) by extension 'ros'
[0.124s] Level 1:colcon.colcon_core.package_identification:_identify(src/mycobot_ros2/demo_img/320m5_2022) by extensions ['cmake', 'python']
[0.124s] Level 1:colcon.colcon_core.package_identification:_identify(src/mycobot_ros2/demo_img/320m5_2022) by extension 'cmake'
[0.124s] Level 1:colcon.colcon_core.package_identification:_identify(src/mycobot_ros2/demo_img/320m5_2022) by extension 'python'
[0.124s] Level 1:colcon.colcon_core.package_identification:_identify(src/mycobot_ros2/demo_img/320m5_2022) by extensions ['python_setup_py']
[0.124s] Level 1:colcon.colcon_core.package_identification:_identify(src/mycobot_ros2/demo_img/320m5_2022) by extension 'python_setup_py'
[0.124s] Level 1:colcon.colcon_core.package_identification:_identify(src/mycobot_ros2/demo_img/320pi_2022) by extensions ['ignore', 'ignore_ament_install']
[0.124s] Level 1:colcon.colcon_core.package_identification:_identify(src/mycobot_ros2/demo_img/320pi_2022) by extension 'ignore'
[0.124s] Level 1:colcon.colcon_core.package_identification:_identify(src/mycobot_ros2/demo_img/320pi_2022) by extension 'ignore_ament_install'
[0.124s] Level 1:colcon.colcon_core.package_identification:_identify(src/mycobot_ros2/demo_img/320pi_2022) by extensions ['colcon_pkg']
[0.124s] Level 1:colcon.colcon_core.package_identification:_identify(src/mycobot_ros2/demo_img/320pi_2022) by extension 'colcon_pkg'
[0.124s] Level 1:colcon.colcon_core.package_identification:_identify(src/mycobot_ros2/demo_img/320pi_2022) by extensions ['colcon_meta']
[0.124s] Level 1:colcon.colcon_core.package_identification:_identify(src/mycobot_ros2/demo_img/320pi_2022) by extension 'colcon_meta'
[0.124s] Level 1:colcon.colcon_core.package_identification:_identify(src/mycobot_ros2/demo_img/320pi_2022) by extensions ['ros']
[0.124s] Level 1:colcon.colcon_core.package_identification:_identify(src/mycobot_ros2/demo_img/320pi_2022) by extension 'ros'
[0.124s] Level 1:colcon.colcon_core.package_identification:_identify(src/mycobot_ros2/demo_img/320pi_2022) by extensions ['cmake', 'python']
[0.124s] Level 1:colcon.colcon_core.package_identification:_identify(src/mycobot_ros2/demo_img/320pi_2022) by extension 'cmake'
[0.124s] Level 1:colcon.colcon_core.package_identification:_identify(src/mycobot_ros2/demo_img/320pi_2022) by extension 'python'
[0.124s] Level 1:colcon.colcon_core.package_identification:_identify(src/mycobot_ros2/demo_img/320pi_2022) by extensions ['python_setup_py']
[0.124s] Level 1:colcon.colcon_core.package_identification:_identify(src/mycobot_ros2/demo_img/320pi_2022) by extension 'python_setup_py'
[0.124s] Level 1:colcon.colcon_core.package_identification:_identify(src/mycobot_ros2/demo_img/myarm300) by extensions ['ignore', 'ignore_ament_install']
[0.124s] Level 1:colcon.colcon_core.package_identification:_identify(src/mycobot_ros2/demo_img/myarm300) by extension 'ignore'
[0.124s] Level 1:colcon.colcon_core.package_identification:_identify(src/mycobot_ros2/demo_img/myarm300) by extension 'ignore_ament_install'
[0.124s] Level 1:colcon.colcon_core.package_identification:_identify(src/mycobot_ros2/demo_img/myarm300) by extensions ['colcon_pkg']
[0.124s] Level 1:colcon.colcon_core.package_identification:_identify(src/mycobot_ros2/demo_img/myarm300) by extension 'colcon_pkg'
[0.124s] Level 1:colcon.colcon_core.package_identification:_identify(src/mycobot_ros2/demo_img/myarm300) by extensions ['colcon_meta']
[0.124s] Level 1:colcon.colcon_core.package_identification:_identify(src/mycobot_ros2/demo_img/myarm300) by extension 'colcon_meta'
[0.124s] Level 1:colcon.colcon_core.package_identification:_identify(src/mycobot_ros2/demo_img/myarm300) by extensions ['ros']
[0.124s] Level 1:colcon.colcon_core.package_identification:_identify(src/mycobot_ros2/demo_img/myarm300) by extension 'ros'
[0.124s] Level 1:colcon.colcon_core.package_identification:_identify(src/mycobot_ros2/demo_img/myarm300) by extensions ['cmake', 'python']
[0.124s] Level 1:colcon.colcon_core.package_identification:_identify(src/mycobot_ros2/demo_img/myarm300) by extension 'cmake'
[0.124s] Level 1:colcon.colcon_core.package_identification:_identify(src/mycobot_ros2/demo_img/myarm300) by extension 'python'
[0.124s] Level 1:colcon.colcon_core.package_identification:_identify(src/mycobot_ros2/demo_img/myarm300) by extensions ['python_setup_py']
[0.124s] Level 1:colcon.colcon_core.package_identification:_identify(src/mycobot_ros2/demo_img/myarm300) by extension 'python_setup_py'
[0.124s] Level 1:colcon.colcon_core.package_identification:_identify(src/mycobot_ros2/demo_img/mybuddy) by extensions ['ignore', 'ignore_ament_install']
[0.125s] Level 1:colcon.colcon_core.package_identification:_identify(src/mycobot_ros2/demo_img/mybuddy) by extension 'ignore'
[0.125s] Level 1:colcon.colcon_core.package_identification:_identify(src/mycobot_ros2/demo_img/mybuddy) by extension 'ignore_ament_install'
[0.125s] Level 1:colcon.colcon_core.package_identification:_identify(src/mycobot_ros2/demo_img/mybuddy) by extensions ['colcon_pkg']
[0.125s] Level 1:colcon.colcon_core.package_identification:_identify(src/mycobot_ros2/demo_img/mybuddy) by extension 'colcon_pkg'
[0.125s] Level 1:colcon.colcon_core.package_identification:_identify(src/mycobot_ros2/demo_img/mybuddy) by extensions ['colcon_meta']
[0.125s] Level 1:colcon.colcon_core.package_identification:_identify(src/mycobot_ros2/demo_img/mybuddy) by extension 'colcon_meta'
[0.125s] Level 1:colcon.colcon_core.package_identification:_identify(src/mycobot_ros2/demo_img/mybuddy) by extensions ['ros']
[0.125s] Level 1:colcon.colcon_core.package_identification:_identify(src/mycobot_ros2/demo_img/mybuddy) by extension 'ros'
[0.125s] Level 1:colcon.colcon_core.package_identification:_identify(src/mycobot_ros2/demo_img/mybuddy) by extensions ['cmake', 'python']
[0.125s] Level 1:colcon.colcon_core.package_identification:_identify(src/mycobot_ros2/demo_img/mybuddy) by extension 'cmake'
[0.125s] Level 1:colcon.colcon_core.package_identification:_identify(src/mycobot_ros2/demo_img/mybuddy) by extension 'python'
[0.125s] Level 1:colcon.colcon_core.package_identification:_identify(src/mycobot_ros2/demo_img/mybuddy) by extensions ['python_setup_py']
[0.125s] Level 1:colcon.colcon_core.package_identification:_identify(src/mycobot_ros2/demo_img/mybuddy) by extension 'python_setup_py'
[0.125s] Level 1:colcon.colcon_core.package_identification:_identify(src/mycobot_ros2/demo_img/pro450) by extensions ['ignore', 'ignore_ament_install']
[0.125s] Level 1:colcon.colcon_core.package_identification:_identify(src/mycobot_ros2/demo_img/pro450) by extension 'ignore'
[0.125s] Level 1:colcon.colcon_core.package_identification:_identify(src/mycobot_ros2/demo_img/pro450) by extension 'ignore_ament_install'
[0.125s] Level 1:colcon.colcon_core.package_identification:_identify(src/mycobot_ros2/demo_img/pro450) by extensions ['colcon_pkg']
[0.125s] Level 1:colcon.colcon_core.package_identification:_identify(src/mycobot_ros2/demo_img/pro450) by extension 'colcon_pkg'
[0.125s] Level 1:colcon.colcon_core.package_identification:_identify(src/mycobot_ros2/demo_img/pro450) by extensions ['colcon_meta']
[0.125s] Level 1:colcon.colcon_core.package_identification:_identify(src/mycobot_ros2/demo_img/pro450) by extension 'colcon_meta'
[0.125s] Level 1:colcon.colcon_core.package_identification:_identify(src/mycobot_ros2/demo_img/pro450) by extensions ['ros']
[0.125s] Level 1:colcon.colcon_core.package_identification:_identify(src/mycobot_ros2/demo_img/pro450) by extension 'ros'
[0.125s] Level 1:colcon.colcon_core.package_identification:_identify(src/mycobot_ros2/demo_img/pro450) by extensions ['cmake', 'python']
[0.125s] Level 1:colcon.colcon_core.package_identification:_identify(src/mycobot_ros2/demo_img/pro450) by extension 'cmake'
[0.125s] Level 1:colcon.colcon_core.package_identification:_identify(src/mycobot_ros2/demo_img/pro450) by extension 'python'
[0.125s] Level 1:colcon.colcon_core.package_identification:_identify(src/mycobot_ros2/demo_img/pro450) by extensions ['python_setup_py']
[0.125s] Level 1:colcon.colcon_core.package_identification:_identify(src/mycobot_ros2/demo_img/pro450) by extension 'python_setup_py'
[0.125s] Level 1:colcon.colcon_core.package_identification:_identify(src/mycobot_ros2/demo_img/pro600) by extensions ['ignore', 'ignore_ament_install']
[0.125s] Level 1:colcon.colcon_core.package_identification:_identify(src/mycobot_ros2/demo_img/pro600) by extension 'ignore'
[0.125s] Level 1:colcon.colcon_core.package_identification:_identify(src/mycobot_ros2/demo_img/pro600) by extension 'ignore_ament_install'
[0.125s] Level 1:colcon.colcon_core.package_identification:_identify(src/mycobot_ros2/demo_img/pro600) by extensions ['colcon_pkg']
[0.125s] Level 1:colcon.colcon_core.package_identification:_identify(src/mycobot_ros2/demo_img/pro600) by extension 'colcon_pkg'
[0.125s] Level 1:colcon.colcon_core.package_identification:_identify(src/mycobot_ros2/demo_img/pro600) by extensions ['colcon_meta']
[0.125s] Level 1:colcon.colcon_core.package_identification:_identify(src/mycobot_ros2/demo_img/pro600) by extension 'colcon_meta'
[0.125s] Level 1:colcon.colcon_core.package_identification:_identify(src/mycobot_ros2/demo_img/pro600) by extensions ['ros']
[0.125s] Level 1:colcon.colcon_core.package_identification:_identify(src/mycobot_ros2/demo_img/pro600) by extension 'ros'
[0.126s] Level 1:colcon.colcon_core.package_identification:_identify(src/mycobot_ros2/demo_img/pro600) by extensions ['cmake', 'python']
[0.126s] Level 1:colcon.colcon_core.package_identification:_identify(src/mycobot_ros2/demo_img/pro600) by extension 'cmake'
[0.126s] Level 1:colcon.colcon_core.package_identification:_identify(src/mycobot_ros2/demo_img/pro600) by extension 'python'
[0.126s] Level 1:colcon.colcon_core.package_identification:_identify(src/mycobot_ros2/demo_img/pro600) by extensions ['python_setup_py']
[0.126s] Level 1:colcon.colcon_core.package_identification:_identify(src/mycobot_ros2/demo_img/pro600) by extension 'python_setup_py'
[0.126s] Level 1:colcon.colcon_core.package_identification:_identify(src/mycobot_ros2/demo_img/pro630) by extensions ['ignore', 'ignore_ament_install']
[0.126s] Level 1:colcon.colcon_core.package_identification:_identify(src/mycobot_ros2/demo_img/pro630) by extension 'ignore'
[0.126s] Level 1:colcon.colcon_core.package_identification:_identify(src/mycobot_ros2/demo_img/pro630) by extension 'ignore_ament_install'
[0.126s] Level 1:colcon.colcon_core.package_identification:_identify(src/mycobot_ros2/demo_img/pro630) by extensions ['colcon_pkg']
[0.126s] Level 1:colcon.colcon_core.package_identification:_identify(src/mycobot_ros2/demo_img/pro630) by extension 'colcon_pkg'
[0.126s] Level 1:colcon.colcon_core.package_identification:_identify(src/mycobot_ros2/demo_img/pro630) by extensions ['colcon_meta']
[0.126s] Level 1:colcon.colcon_core.package_identification:_identify(src/mycobot_ros2/demo_img/pro630) by extension 'colcon_meta'
[0.126s] Level 1:colcon.colcon_core.package_identification:_identify(src/mycobot_ros2/demo_img/pro630) by extensions ['ros']
[0.126s] Level 1:colcon.colcon_core.package_identification:_identify(src/mycobot_ros2/demo_img/pro630) by extension 'ros'
[0.126s] Level 1:colcon.colcon_core.package_identification:_identify(src/mycobot_ros2/demo_img/pro630) by extensions ['cmake', 'python']
[0.126s] Level 1:colcon.colcon_core.package_identification:_identify(src/mycobot_ros2/demo_img/pro630) by extension 'cmake'
[0.126s] Level 1:colcon.colcon_core.package_identification:_identify(src/mycobot_ros2/demo_img/pro630) by extension 'python'
[0.126s] Level 1:colcon.colcon_core.package_identification:_identify(src/mycobot_ros2/demo_img/pro630) by extensions ['python_setup_py']
[0.126s] Level 1:colcon.colcon_core.package_identification:_identify(src/mycobot_ros2/demo_img/pro630) by extension 'python_setup_py'
[0.126s] Level 1:colcon.colcon_core.package_identification:_identify(src/mycobot_ros2/demo_img/ultraArm_p340) by extensions ['ignore', 'ignore_ament_install']
[0.126s] Level 1:colcon.colcon_core.package_identification:_identify(src/mycobot_ros2/demo_img/ultraArm_p340) by extension 'ignore'
[0.126s] Level 1:colcon.colcon_core.package_identification:_identify(src/mycobot_ros2/demo_img/ultraArm_p340) by extension 'ignore_ament_install'
[0.126s] Level 1:colcon.colcon_core.package_identification:_identify(src/mycobot_ros2/demo_img/ultraArm_p340) by extensions ['colcon_pkg']
[0.126s] Level 1:colcon.colcon_core.package_identification:_identify(src/mycobot_ros2/demo_img/ultraArm_p340) by extension 'colcon_pkg'
[0.126s] Level 1:colcon.colcon_core.package_identification:_identify(src/mycobot_ros2/demo_img/ultraArm_p340) by extensions ['colcon_meta']
[0.126s] Level 1:colcon.colcon_core.package_identification:_identify(src/mycobot_ros2/demo_img/ultraArm_p340) by extension 'colcon_meta'
[0.126s] Level 1:colcon.colcon_core.package_identification:_identify(src/mycobot_ros2/demo_img/ultraArm_p340) by extensions ['ros']
[0.126s] Level 1:colcon.colcon_core.package_identification:_identify(src/mycobot_ros2/demo_img/ultraArm_p340) by extension 'ros'
[0.126s] Level 1:colcon.colcon_core.package_identification:_identify(src/mycobot_ros2/demo_img/ultraArm_p340) by extensions ['cmake', 'python']
[0.126s] Level 1:colcon.colcon_core.package_identification:_identify(src/mycobot_ros2/demo_img/ultraArm_p340) by extension 'cmake'
[0.126s] Level 1:colcon.colcon_core.package_identification:_identify(src/mycobot_ros2/demo_img/ultraArm_p340) by extension 'python'
[0.126s] Level 1:colcon.colcon_core.package_identification:_identify(src/mycobot_ros2/demo_img/ultraArm_p340) by extensions ['python_setup_py']
[0.126s] Level 1:colcon.colcon_core.package_identification:_identify(src/mycobot_ros2/demo_img/ultraArm_p340) by extension 'python_setup_py'
[0.126s] Level 1:colcon.colcon_core.package_identification:_identify(src/mycobot_ros2/mecharm) by extensions ['ignore', 'ignore_ament_install']
[0.127s] Level 1:colcon.colcon_core.package_identification:_identify(src/mycobot_ros2/mecharm) by extension 'ignore'
[0.127s] Level 1:colcon.colcon_core.package_identification:_identify(src/mycobot_ros2/mecharm) by extension 'ignore_ament_install'
[0.127s] Level 1:colcon.colcon_core.package_identification:_identify(src/mycobot_ros2/mecharm) by extensions ['colcon_pkg']
[0.127s] Level 1:colcon.colcon_core.package_identification:_identify(src/mycobot_ros2/mecharm) by extension 'colcon_pkg'
[0.127s] Level 1:colcon.colcon_core.package_identification:_identify(src/mycobot_ros2/mecharm) by extensions ['colcon_meta']
[0.127s] Level 1:colcon.colcon_core.package_identification:_identify(src/mycobot_ros2/mecharm) by extension 'colcon_meta'
[0.127s] Level 1:colcon.colcon_core.package_identification:_identify(src/mycobot_ros2/mecharm) by extensions ['ros']
[0.127s] Level 1:colcon.colcon_core.package_identification:_identify(src/mycobot_ros2/mecharm) by extension 'ros'
[0.127s] Level 1:colcon.colcon_core.package_identification:_identify(src/mycobot_ros2/mecharm) by extensions ['cmake', 'python']
[0.127s] Level 1:colcon.colcon_core.package_identification:_identify(src/mycobot_ros2/mecharm) by extension 'cmake'
[0.127s] Level 1:colcon.colcon_core.package_identification:_identify(src/mycobot_ros2/mecharm) by extension 'python'
[0.127s] Level 1:colcon.colcon_core.package_identification:_identify(src/mycobot_ros2/mecharm) by extensions ['python_setup_py']
[0.127s] Level 1:colcon.colcon_core.package_identification:_identify(src/mycobot_ros2/mecharm) by extension 'python_setup_py'
[0.127s] Level 1:colcon.colcon_core.package_identification:_identify(src/mycobot_ros2/mecharm/mecharm) by extensions ['ignore', 'ignore_ament_install']
[0.127s] Level 1:colcon.colcon_core.package_identification:_identify(src/mycobot_ros2/mecharm/mecharm) by extension 'ignore'
[0.127s] Level 1:colcon.colcon_core.package_identification:_identify(src/mycobot_ros2/mecharm/mecharm) by extension 'ignore_ament_install'
[0.127s] Level 1:colcon.colcon_core.package_identification:_identify(src/mycobot_ros2/mecharm/mecharm) by extensions ['colcon_pkg']
[0.127s] Level 1:colcon.colcon_core.package_identification:_identify(src/mycobot_ros2/mecharm/mecharm) by extension 'colcon_pkg'
[0.127s] Level 1:colcon.colcon_core.package_identification:_identify(src/mycobot_ros2/mecharm/mecharm) by extensions ['colcon_meta']
[0.127s] Level 1:colcon.colcon_core.package_identification:_identify(src/mycobot_ros2/mecharm/mecharm) by extension 'colcon_meta'
[0.127s] Level 1:colcon.colcon_core.package_identification:_identify(src/mycobot_ros2/mecharm/mecharm) by extensions ['ros']
[0.127s] Level 1:colcon.colcon_core.package_identification:_identify(src/mycobot_ros2/mecharm/mecharm) by extension 'ros'
[0.127s] DEBUG:colcon.colcon_core.package_identification:Package 'src/mycobot_ros2/mecharm/mecharm' with type 'ros.ament_python' and name 'mecharm'
[0.128s] Level 1:colcon.colcon_core.package_identification:_identify(src/mycobot_ros2/mecharm/mecharm_communication) by extensions ['ignore', 'ignore_ament_install']
[0.128s] Level 1:colcon.colcon_core.package_identification:_identify(src/mycobot_ros2/mecharm/mecharm_communication) by extension 'ignore'
[0.128s] Level 1:colcon.colcon_core.package_identification:_identify(src/mycobot_ros2/mecharm/mecharm_communication) by extension 'ignore_ament_install'
[0.128s] Level 1:colcon.colcon_core.package_identification:_identify(src/mycobot_ros2/mecharm/mecharm_communication) by extensions ['colcon_pkg']
[0.128s] Level 1:colcon.colcon_core.package_identification:_identify(src/mycobot_ros2/mecharm/mecharm_communication) by extension 'colcon_pkg'
[0.128s] Level 1:colcon.colcon_core.package_identification:_identify(src/mycobot_ros2/mecharm/mecharm_communication) by extensions ['colcon_meta']
[0.128s] Level 1:colcon.colcon_core.package_identification:_identify(src/mycobot_ros2/mecharm/mecharm_communication) by extension 'colcon_meta'
[0.128s] Level 1:colcon.colcon_core.package_identification:_identify(src/mycobot_ros2/mecharm/mecharm_communication) by extensions ['ros']
[0.128s] Level 1:colcon.colcon_core.package_identification:_identify(src/mycobot_ros2/mecharm/mecharm_communication) by extension 'ros'
[0.128s] DEBUG:colcon.colcon_core.package_identification:Package 'src/mycobot_ros2/mecharm/mecharm_communication' with type 'ros.ament_python' and name 'mecharm_communication'
[0.128s] Level 1:colcon.colcon_core.package_identification:_identify(src/mycobot_ros2/mecharm/mecharm_interfaces) by extensions ['ignore', 'ignore_ament_install']
[0.128s] Level 1:colcon.colcon_core.package_identification:_identify(src/mycobot_ros2/mecharm/mecharm_interfaces) by extension 'ignore'
[0.128s] Level 1:colcon.colcon_core.package_identification:_identify(src/mycobot_ros2/mecharm/mecharm_interfaces) by extension 'ignore_ament_install'
[0.128s] Level 1:colcon.colcon_core.package_identification:_identify(src/mycobot_ros2/mecharm/mecharm_interfaces) by extensions ['colcon_pkg']
[0.128s] Level 1:colcon.colcon_core.package_identification:_identify(src/mycobot_ros2/mecharm/mecharm_interfaces) by extension 'colcon_pkg'
[0.128s] Level 1:colcon.colcon_core.package_identification:_identify(src/mycobot_ros2/mecharm/mecharm_interfaces) by extensions ['colcon_meta']
[0.128s] Level 1:colcon.colcon_core.package_identification:_identify(src/mycobot_ros2/mecharm/mecharm_interfaces) by extension 'colcon_meta'
[0.128s] Level 1:colcon.colcon_core.package_identification:_identify(src/mycobot_ros2/mecharm/mecharm_interfaces) by extensions ['ros']
[0.128s] Level 1:colcon.colcon_core.package_identification:_identify(src/mycobot_ros2/mecharm/mecharm_interfaces) by extension 'ros'
[0.129s] DEBUG:colcon.colcon_core.package_identification:Package 'src/mycobot_ros2/mecharm/mecharm_interfaces' with type 'ros.ament_cmake' and name 'mecharm_interfaces'
[0.129s] Level 1:colcon.colcon_core.package_identification:_identify(src/mycobot_ros2/mecharm/mecharm_pi) by extensions ['ignore', 'ignore_ament_install']
[0.129s] Level 1:colcon.colcon_core.package_identification:_identify(src/mycobot_ros2/mecharm/mecharm_pi) by extension 'ignore'
[0.129s] Level 1:colcon.colcon_core.package_identification:_identify(src/mycobot_ros2/mecharm/mecharm_pi) by extension 'ignore_ament_install'
[0.129s] Level 1:colcon.colcon_core.package_identification:_identify(src/mycobot_ros2/mecharm/mecharm_pi) by extensions ['colcon_pkg']
[0.129s] Level 1:colcon.colcon_core.package_identification:_identify(src/mycobot_ros2/mecharm/mecharm_pi) by extension 'colcon_pkg'
[0.129s] Level 1:colcon.colcon_core.package_identification:_identify(src/mycobot_ros2/mecharm/mecharm_pi) by extensions ['colcon_meta']
[0.129s] Level 1:colcon.colcon_core.package_identification:_identify(src/mycobot_ros2/mecharm/mecharm_pi) by extension 'colcon_meta'
[0.129s] Level 1:colcon.colcon_core.package_identification:_identify(src/mycobot_ros2/mecharm/mecharm_pi) by extensions ['ros']
[0.129s] Level 1:colcon.colcon_core.package_identification:_identify(src/mycobot_ros2/mecharm/mecharm_pi) by extension 'ros'
[0.129s] DEBUG:colcon.colcon_core.package_identification:Package 'src/mycobot_ros2/mecharm/mecharm_pi' with type 'ros.ament_python' and name 'mecharm_pi'
[0.129s] Level 1:colcon.colcon_core.package_identification:_identify(src/mycobot_ros2/myArm) by extensions ['ignore', 'ignore_ament_install']
[0.130s] Level 1:colcon.colcon_core.package_identification:_identify(src/mycobot_ros2/myArm) by extension 'ignore'
[0.130s] Level 1:colcon.colcon_core.package_identification:_identify(src/mycobot_ros2/myArm) by extension 'ignore_ament_install'
[0.130s] Level 1:colcon.colcon_core.package_identification:_identify(src/mycobot_ros2/myArm) by extensions ['colcon_pkg']
[0.130s] Level 1:colcon.colcon_core.package_identification:_identify(src/mycobot_ros2/myArm) by extension 'colcon_pkg'
[0.130s] Level 1:colcon.colcon_core.package_identification:_identify(src/mycobot_ros2/myArm) by extensions ['colcon_meta']
[0.130s] Level 1:colcon.colcon_core.package_identification:_identify(src/mycobot_ros2/myArm) by extension 'colcon_meta'
[0.130s] Level 1:colcon.colcon_core.package_identification:_identify(src/mycobot_ros2/myArm) by extensions ['ros']
[0.130s] Level 1:colcon.colcon_core.package_identification:_identify(src/mycobot_ros2/myArm) by extension 'ros'
[0.130s] Level 1:colcon.colcon_core.package_identification:_identify(src/mycobot_ros2/myArm) by extensions ['cmake', 'python']
[0.130s] Level 1:colcon.colcon_core.package_identification:_identify(src/mycobot_ros2/myArm) by extension 'cmake'
[0.130s] Level 1:colcon.colcon_core.package_identification:_identify(src/mycobot_ros2/myArm) by extension 'python'
[0.130s] Level 1:colcon.colcon_core.package_identification:_identify(src/mycobot_ros2/myArm) by extensions ['python_setup_py']
[0.130s] Level 1:colcon.colcon_core.package_identification:_identify(src/mycobot_ros2/myArm) by extension 'python_setup_py'
[0.130s] Level 1:colcon.colcon_core.package_identification:_identify(src/mycobot_ros2/myArm/myarm_300) by extensions ['ignore', 'ignore_ament_install']
[0.130s] Level 1:colcon.colcon_core.package_identification:_identify(src/mycobot_ros2/myArm/myarm_300) by extension 'ignore'
[0.130s] Level 1:colcon.colcon_core.package_identification:_identify(src/mycobot_ros2/myArm/myarm_300) by extension 'ignore_ament_install'
[0.130s] Level 1:colcon.colcon_core.package_identification:_identify(src/mycobot_ros2/myArm/myarm_300) by extensions ['colcon_pkg']
[0.130s] Level 1:colcon.colcon_core.package_identification:_identify(src/mycobot_ros2/myArm/myarm_300) by extension 'colcon_pkg'
[0.130s] Level 1:colcon.colcon_core.package_identification:_identify(src/mycobot_ros2/myArm/myarm_300) by extensions ['colcon_meta']
[0.130s] Level 1:colcon.colcon_core.package_identification:_identify(src/mycobot_ros2/myArm/myarm_300) by extension 'colcon_meta'
[0.130s] Level 1:colcon.colcon_core.package_identification:_identify(src/mycobot_ros2/myArm/myarm_300) by extensions ['ros']
[0.130s] Level 1:colcon.colcon_core.package_identification:_identify(src/mycobot_ros2/myArm/myarm_300) by extension 'ros'
[0.130s] DEBUG:colcon.colcon_core.package_identification:Package 'src/mycobot_ros2/myArm/myarm_300' with type 'ros.ament_python' and name 'myarm_300'
[0.131s] Level 1:colcon.colcon_core.package_identification:_identify(src/mycobot_ros2/myArm/myarm_c650) by extensions ['ignore', 'ignore_ament_install']
[0.131s] Level 1:colcon.colcon_core.package_identification:_identify(src/mycobot_ros2/myArm/myarm_c650) by extension 'ignore'
[0.131s] Level 1:colcon.colcon_core.package_identification:_identify(src/mycobot_ros2/myArm/myarm_c650) by extension 'ignore_ament_install'
[0.131s] Level 1:colcon.colcon_core.package_identification:_identify(src/mycobot_ros2/myArm/myarm_c650) by extensions ['colcon_pkg']
[0.131s] Level 1:colcon.colcon_core.package_identification:_identify(src/mycobot_ros2/myArm/myarm_c650) by extension 'colcon_pkg'
[0.131s] Level 1:colcon.colcon_core.package_identification:_identify(src/mycobot_ros2/myArm/myarm_c650) by extensions ['colcon_meta']
[0.131s] Level 1:colcon.colcon_core.package_identification:_identify(src/mycobot_ros2/myArm/myarm_c650) by extension 'colcon_meta'
[0.131s] Level 1:colcon.colcon_core.package_identification:_identify(src/mycobot_ros2/myArm/myarm_c650) by extensions ['ros']
[0.131s] Level 1:colcon.colcon_core.package_identification:_identify(src/mycobot_ros2/myArm/myarm_c650) by extension 'ros'
[0.131s] DEBUG:colcon.colcon_core.package_identification:Package 'src/mycobot_ros2/myArm/myarm_c650' with type 'ros.ament_python' and name 'myarm_c650'
[0.131s] Level 1:colcon.colcon_core.package_identification:_identify(src/mycobot_ros2/myArm/myarm_m750) by extensions ['ignore', 'ignore_ament_install']
[0.131s] Level 1:colcon.colcon_core.package_identification:_identify(src/mycobot_ros2/myArm/myarm_m750) by extension 'ignore'
[0.131s] Level 1:colcon.colcon_core.package_identification:_identify(src/mycobot_ros2/myArm/myarm_m750) by extension 'ignore_ament_install'
[0.131s] Level 1:colcon.colcon_core.package_identification:_identify(src/mycobot_ros2/myArm/myarm_m750) by extensions ['colcon_pkg']
[0.131s] Level 1:colcon.colcon_core.package_identification:_identify(src/mycobot_ros2/myArm/myarm_m750) by extension 'colcon_pkg'
[0.131s] Level 1:colcon.colcon_core.package_identification:_identify(src/mycobot_ros2/myArm/myarm_m750) by extensions ['colcon_meta']
[0.131s] Level 1:colcon.colcon_core.package_identification:_identify(src/mycobot_ros2/myArm/myarm_m750) by extension 'colcon_meta'
[0.131s] Level 1:colcon.colcon_core.package_identification:_identify(src/mycobot_ros2/myArm/myarm_m750) by extensions ['ros']
[0.132s] Level 1:colcon.colcon_core.package_identification:_identify(src/mycobot_ros2/myArm/myarm_m750) by extension 'ros'
[0.132s] DEBUG:colcon.colcon_core.package_identification:Package 'src/mycobot_ros2/myArm/myarm_m750' with type 'ros.ament_python' and name 'myarm_m750'
[0.132s] Level 1:colcon.colcon_core.package_identification:_identify(src/mycobot_ros2/mycobot_280) by extensions ['ignore', 'ignore_ament_install']
[0.132s] Level 1:colcon.colcon_core.package_identification:_identify(src/mycobot_ros2/mycobot_280) by extension 'ignore'
[0.132s] Level 1:colcon.colcon_core.package_identification:_identify(src/mycobot_ros2/mycobot_280) by extension 'ignore_ament_install'
[0.132s] Level 1:colcon.colcon_core.package_identification:_identify(src/mycobot_ros2/mycobot_280) by extensions ['colcon_pkg']
[0.132s] Level 1:colcon.colcon_core.package_identification:_identify(src/mycobot_ros2/mycobot_280) by extension 'colcon_pkg'
[0.132s] Level 1:colcon.colcon_core.package_identification:_identify(src/mycobot_ros2/mycobot_280) by extensions ['colcon_meta']
[0.132s] Level 1:colcon.colcon_core.package_identification:_identify(src/mycobot_ros2/mycobot_280) by extension 'colcon_meta'
[0.132s] Level 1:colcon.colcon_core.package_identification:_identify(src/mycobot_ros2/mycobot_280) by extensions ['ros']
[0.132s] Level 1:colcon.colcon_core.package_identification:_identify(src/mycobot_ros2/mycobot_280) by extension 'ros'
[0.132s] Level 1:colcon.colcon_core.package_identification:_identify(src/mycobot_ros2/mycobot_280) by extensions ['cmake', 'python']
[0.132s] Level 1:colcon.colcon_core.package_identification:_identify(src/mycobot_ros2/mycobot_280) by extension 'cmake'
[0.132s] Level 1:colcon.colcon_core.package_identification:_identify(src/mycobot_ros2/mycobot_280) by extension 'python'
[0.132s] Level 1:colcon.colcon_core.package_identification:_identify(src/mycobot_ros2/mycobot_280) by extensions ['python_setup_py']
[0.132s] Level 1:colcon.colcon_core.package_identification:_identify(src/mycobot_ros2/mycobot_280) by extension 'python_setup_py'
[0.132s] Level 1:colcon.colcon_core.package_identification:_identify(src/mycobot_ros2/mycobot_280/mycobot_280) by extensions ['ignore', 'ignore_ament_install']
[0.132s] Level 1:colcon.colcon_core.package_identification:_identify(src/mycobot_ros2/mycobot_280/mycobot_280) by extension 'ignore'
[0.132s] Level 1:colcon.colcon_core.package_identification:_identify(src/mycobot_ros2/mycobot_280/mycobot_280) by extension 'ignore_ament_install'
[0.133s] Level 1:colcon.colcon_core.package_identification:_identify(src/mycobot_ros2/mycobot_280/mycobot_280) by extensions ['colcon_pkg']
[0.133s] Level 1:colcon.colcon_core.package_identification:_identify(src/mycobot_ros2/mycobot_280/mycobot_280) by extension 'colcon_pkg'
[0.133s] Level 1:colcon.colcon_core.package_identification:_identify(src/mycobot_ros2/mycobot_280/mycobot_280) by extensions ['colcon_meta']
[0.133s] Level 1:colcon.colcon_core.package_identification:_identify(src/mycobot_ros2/mycobot_280/mycobot_280) by extension 'colcon_meta'
[0.133s] Level 1:colcon.colcon_core.package_identification:_identify(src/mycobot_ros2/mycobot_280/mycobot_280) by extensions ['ros']
[0.133s] Level 1:colcon.colcon_core.package_identification:_identify(src/mycobot_ros2/mycobot_280/mycobot_280) by extension 'ros'
[0.133s] DEBUG:colcon.colcon_core.package_identification:Package 'src/mycobot_ros2/mycobot_280/mycobot_280' with type 'ros.ament_python' and name 'mycobot_280'
[0.133s] Level 1:colcon.colcon_core.package_identification:_identify(src/mycobot_ros2/mycobot_280/mycobot_280_arduino) by extensions ['ignore', 'ignore_ament_install']
[0.133s] Level 1:colcon.colcon_core.package_identification:_identify(src/mycobot_ros2/mycobot_280/mycobot_280_arduino) by extension 'ignore'
[0.133s] Level 1:colcon.colcon_core.package_identification:_identify(src/mycobot_ros2/mycobot_280/mycobot_280_arduino) by extension 'ignore_ament_install'
[0.133s] Level 1:colcon.colcon_core.package_identification:_identify(src/mycobot_ros2/mycobot_280/mycobot_280_arduino) by extensions ['colcon_pkg']
[0.133s] Level 1:colcon.colcon_core.package_identification:_identify(src/mycobot_ros2/mycobot_280/mycobot_280_arduino) by extension 'colcon_pkg'
[0.133s] Level 1:colcon.colcon_core.package_identification:_identify(src/mycobot_ros2/mycobot_280/mycobot_280_arduino) by extensions ['colcon_meta']
[0.133s] Level 1:colcon.colcon_core.package_identification:_identify(src/mycobot_ros2/mycobot_280/mycobot_280_arduino) by extension 'colcon_meta'
[0.133s] Level 1:colcon.colcon_core.package_identification:_identify(src/mycobot_ros2/mycobot_280/mycobot_280_arduino) by extensions ['ros']
[0.133s] Level 1:colcon.colcon_core.package_identification:_identify(src/mycobot_ros2/mycobot_280/mycobot_280_arduino) by extension 'ros'
[0.134s] DEBUG:colcon.colcon_core.package_identification:Package 'src/mycobot_ros2/mycobot_280/mycobot_280_arduino' with type 'ros.ament_python' and name 'mycobot_280_arduino'
[0.134s] Level 1:colcon.colcon_core.package_identification:_identify(src/mycobot_ros2/mycobot_280/mycobot_280_moveit2) by extensions ['ignore', 'ignore_ament_install']
[0.134s] Level 1:colcon.colcon_core.package_identification:_identify(src/mycobot_ros2/mycobot_280/mycobot_280_moveit2) by extension 'ignore'
[0.134s] Level 1:colcon.colcon_core.package_identification:_identify(src/mycobot_ros2/mycobot_280/mycobot_280_moveit2) by extension 'ignore_ament_install'
[0.134s] Level 1:colcon.colcon_core.package_identification:_identify(src/mycobot_ros2/mycobot_280/mycobot_280_moveit2) by extensions ['colcon_pkg']
[0.134s] Level 1:colcon.colcon_core.package_identification:_identify(src/mycobot_ros2/mycobot_280/mycobot_280_moveit2) by extension 'colcon_pkg'
[0.134s] Level 1:colcon.colcon_core.package_identification:_identify(src/mycobot_ros2/mycobot_280/mycobot_280_moveit2) by extensions ['colcon_meta']
[0.134s] Level 1:colcon.colcon_core.package_identification:_identify(src/mycobot_ros2/mycobot_280/mycobot_280_moveit2) by extension 'colcon_meta'
[0.134s] Level 1:colcon.colcon_core.package_identification:_identify(src/mycobot_ros2/mycobot_280/mycobot_280_moveit2) by extensions ['ros']
[0.134s] Level 1:colcon.colcon_core.package_identification:_identify(src/mycobot_ros2/mycobot_280/mycobot_280_moveit2) by extension 'ros'
[0.134s] DEBUG:colcon.colcon_core.package_identification:Package 'src/mycobot_ros2/mycobot_280/mycobot_280_moveit2' with type 'ros.ament_cmake' and name 'mycobot_280_moveit2'
[0.134s] Level 1:colcon.colcon_core.package_identification:_identify(src/mycobot_ros2/mycobot_280/mycobot_280_moveit2_control) by extensions ['ignore', 'ignore_ament_install']
[0.134s] Level 1:colcon.colcon_core.package_identification:_identify(src/mycobot_ros2/mycobot_280/mycobot_280_moveit2_control) by extension 'ignore'
[0.134s] Level 1:colcon.colcon_core.package_identification:_identify(src/mycobot_ros2/mycobot_280/mycobot_280_moveit2_control) by extension 'ignore_ament_install'
[0.135s] Level 1:colcon.colcon_core.package_identification:_identify(src/mycobot_ros2/mycobot_280/mycobot_280_moveit2_control) by extensions ['colcon_pkg']
[0.135s] Level 1:colcon.colcon_core.package_identification:_identify(src/mycobot_ros2/mycobot_280/mycobot_280_moveit2_control) by extension 'colcon_pkg'
[0.135s] Level 1:colcon.colcon_core.package_identification:_identify(src/mycobot_ros2/mycobot_280/mycobot_280_moveit2_control) by extensions ['colcon_meta']
[0.135s] Level 1:colcon.colcon_core.package_identification:_identify(src/mycobot_ros2/mycobot_280/mycobot_280_moveit2_control) by extension 'colcon_meta'
[0.135s] Level 1:colcon.colcon_core.package_identification:_identify(src/mycobot_ros2/mycobot_280/mycobot_280_moveit2_control) by extensions ['ros']
[0.135s] Level 1:colcon.colcon_core.package_identification:_identify(src/mycobot_ros2/mycobot_280/mycobot_280_moveit2_control) by extension 'ros'
[0.135s] DEBUG:colcon.colcon_core.package_identification:Package 'src/mycobot_ros2/mycobot_280/mycobot_280_moveit2_control' with type 'ros.ament_python' and name 'mycobot_280_moveit2_control'
[0.135s] Level 1:colcon.colcon_core.package_identification:_identify(src/mycobot_ros2/mycobot_280/mycobot_280_rdkx5) by extensions ['ignore', 'ignore_ament_install']
[0.135s] Level 1:colcon.colcon_core.package_identification:_identify(src/mycobot_ros2/mycobot_280/mycobot_280_rdkx5) by extension 'ignore'
[0.135s] Level 1:colcon.colcon_core.package_identification:_identify(src/mycobot_ros2/mycobot_280/mycobot_280_rdkx5) by extension 'ignore_ament_install'
[0.135s] Level 1:colcon.colcon_core.package_identification:_identify(src/mycobot_ros2/mycobot_280/mycobot_280_rdkx5) by extensions ['colcon_pkg']
[0.135s] Level 1:colcon.colcon_core.package_identification:_identify(src/mycobot_ros2/mycobot_280/mycobot_280_rdkx5) by extension 'colcon_pkg'
[0.135s] Level 1:colcon.colcon_core.package_identification:_identify(src/mycobot_ros2/mycobot_280/mycobot_280_rdkx5) by extensions ['colcon_meta']
[0.135s] Level 1:colcon.colcon_core.package_identification:_identify(src/mycobot_ros2/mycobot_280/mycobot_280_rdkx5) by extension 'colcon_meta'
[0.135s] Level 1:colcon.colcon_core.package_identification:_identify(src/mycobot_ros2/mycobot_280/mycobot_280_rdkx5) by extensions ['ros']
[0.135s] Level 1:colcon.colcon_core.package_identification:_identify(src/mycobot_ros2/mycobot_280/mycobot_280_rdkx5) by extension 'ros'
[0.136s] DEBUG:colcon.colcon_core.package_identification:Package 'src/mycobot_ros2/mycobot_280/mycobot_280_rdkx5' with type 'ros.ament_python' and name 'mycobot_280_rdkx5'
[0.136s] Level 1:colcon.colcon_core.package_identification:_identify(src/mycobot_ros2/mycobot_280/mycobot_280_riscv) by extensions ['ignore', 'ignore_ament_install']
[0.136s] Level 1:colcon.colcon_core.package_identification:_identify(src/mycobot_ros2/mycobot_280/mycobot_280_riscv) by extension 'ignore'
[0.136s] Level 1:colcon.colcon_core.package_identification:_identify(src/mycobot_ros2/mycobot_280/mycobot_280_riscv) by extension 'ignore_ament_install'
[0.136s] Level 1:colcon.colcon_core.package_identification:_identify(src/mycobot_ros2/mycobot_280/mycobot_280_riscv) by extensions ['colcon_pkg']
[0.136s] Level 1:colcon.colcon_core.package_identification:_identify(src/mycobot_ros2/mycobot_280/mycobot_280_riscv) by extension 'colcon_pkg'
[0.136s] Level 1:colcon.colcon_core.package_identification:_identify(src/mycobot_ros2/mycobot_280/mycobot_280_riscv) by extensions ['colcon_meta']
[0.136s] Level 1:colcon.colcon_core.package_identification:_identify(src/mycobot_ros2/mycobot_280/mycobot_280_riscv) by extension 'colcon_meta'
[0.136s] Level 1:colcon.colcon_core.package_identification:_identify(src/mycobot_ros2/mycobot_280/mycobot_280_riscv) by extensions ['ros']
[0.136s] Level 1:colcon.colcon_core.package_identification:_identify(src/mycobot_ros2/mycobot_280/mycobot_280_riscv) by extension 'ros'
[0.136s] DEBUG:colcon.colcon_core.package_identification:Package 'src/mycobot_ros2/mycobot_280/mycobot_280_riscv' with type 'ros.ament_python' and name 'mycobot_280_riscv'
[0.137s] Level 1:colcon.colcon_core.package_identification:_identify(src/mycobot_ros2/mycobot_280/mycobot_280_x3pi) by extensions ['ignore', 'ignore_ament_install']
[0.137s] Level 1:colcon.colcon_core.package_identification:_identify(src/mycobot_ros2/mycobot_280/mycobot_280_x3pi) by extension 'ignore'
[0.137s] Level 1:colcon.colcon_core.package_identification:_identify(src/mycobot_ros2/mycobot_280/mycobot_280_x3pi) by extension 'ignore_ament_install'
[0.137s] Level 1:colcon.colcon_core.package_identification:_identify(src/mycobot_ros2/mycobot_280/mycobot_280_x3pi) by extensions ['colcon_pkg']
[0.137s] Level 1:colcon.colcon_core.package_identification:_identify(src/mycobot_ros2/mycobot_280/mycobot_280_x3pi) by extension 'colcon_pkg'
[0.137s] Level 1:colcon.colcon_core.package_identification:_identify(src/mycobot_ros2/mycobot_280/mycobot_280_x3pi) by extensions ['colcon_meta']
[0.137s] Level 1:colcon.colcon_core.package_identification:_identify(src/mycobot_ros2/mycobot_280/mycobot_280_x3pi) by extension 'colcon_meta'
[0.137s] Level 1:colcon.colcon_core.package_identification:_identify(src/mycobot_ros2/mycobot_280/mycobot_280_x3pi) by extensions ['ros']
[0.137s] Level 1:colcon.colcon_core.package_identification:_identify(src/mycobot_ros2/mycobot_280/mycobot_280_x3pi) by extension 'ros'
[0.137s] DEBUG:colcon.colcon_core.package_identification:Package 'src/mycobot_ros2/mycobot_280/mycobot_280_x3pi' with type 'ros.ament_python' and name 'mycobot_280_x3pi'
[0.137s] Level 1:colcon.colcon_core.package_identification:_identify(src/mycobot_ros2/mycobot_280/mycobot_280arduino_moveit2) by extensions ['ignore', 'ignore_ament_install']
[0.137s] Level 1:colcon.colcon_core.package_identification:_identify(src/mycobot_ros2/mycobot_280/mycobot_280arduino_moveit2) by extension 'ignore'
[0.137s] Level 1:colcon.colcon_core.package_identification:_identify(src/mycobot_ros2/mycobot_280/mycobot_280arduino_moveit2) by extension 'ignore_ament_install'
[0.137s] Level 1:colcon.colcon_core.package_identification:_identify(src/mycobot_ros2/mycobot_280/mycobot_280arduino_moveit2) by extensions ['colcon_pkg']
[0.137s] Level 1:colcon.colcon_core.package_identification:_identify(src/mycobot_ros2/mycobot_280/mycobot_280arduino_moveit2) by extension 'colcon_pkg'
[0.137s] Level 1:colcon.colcon_core.package_identification:_identify(src/mycobot_ros2/mycobot_280/mycobot_280arduino_moveit2) by extensions ['colcon_meta']
[0.137s] Level 1:colcon.colcon_core.package_identification:_identify(src/mycobot_ros2/mycobot_280/mycobot_280arduino_moveit2) by extension 'colcon_meta'
[0.137s] Level 1:colcon.colcon_core.package_identification:_identify(src/mycobot_ros2/mycobot_280/mycobot_280arduino_moveit2) by extensions ['ros']
[0.137s] Level 1:colcon.colcon_core.package_identification:_identify(src/mycobot_ros2/mycobot_280/mycobot_280arduino_moveit2) by extension 'ros'
[0.138s] DEBUG:colcon.colcon_core.package_identification:Package 'src/mycobot_ros2/mycobot_280/mycobot_280arduino_moveit2' with type 'ros.ament_cmake' and name 'mycobot_280arduino_moveit2'
[0.138s] Level 1:colcon.colcon_core.package_identification:_identify(src/mycobot_ros2/mycobot_280/mycobot_280jn) by extensions ['ignore', 'ignore_ament_install']
[0.138s] Level 1:colcon.colcon_core.package_identification:_identify(src/mycobot_ros2/mycobot_280/mycobot_280jn) by extension 'ignore'
[0.138s] Level 1:colcon.colcon_core.package_identification:_identify(src/mycobot_ros2/mycobot_280/mycobot_280jn) by extension 'ignore_ament_install'
[0.138s] Level 1:colcon.colcon_core.package_identification:_identify(src/mycobot_ros2/mycobot_280/mycobot_280jn) by extensions ['colcon_pkg']
[0.138s] Level 1:colcon.colcon_core.package_identification:_identify(src/mycobot_ros2/mycobot_280/mycobot_280jn) by extension 'colcon_pkg'
[0.138s] Level 1:colcon.colcon_core.package_identification:_identify(src/mycobot_ros2/mycobot_280/mycobot_280jn) by extensions ['colcon_meta']
[0.138s] Level 1:colcon.colcon_core.package_identification:_identify(src/mycobot_ros2/mycobot_280/mycobot_280jn) by extension 'colcon_meta'
[0.138s] Level 1:colcon.colcon_core.package_identification:_identify(src/mycobot_ros2/mycobot_280/mycobot_280jn) by extensions ['ros']
[0.138s] Level 1:colcon.colcon_core.package_identification:_identify(src/mycobot_ros2/mycobot_280/mycobot_280jn) by extension 'ros'
[0.138s] DEBUG:colcon.colcon_core.package_identification:Package 'src/mycobot_ros2/mycobot_280/mycobot_280jn' with type 'ros.ament_python' and name 'mycobot_280jn'
[0.139s] Level 1:colcon.colcon_core.package_identification:_identify(src/mycobot_ros2/mycobot_280/mycobot_280pi) by extensions ['ignore', 'ignore_ament_install']
[0.139s] Level 1:colcon.colcon_core.package_identification:_identify(src/mycobot_ros2/mycobot_280/mycobot_280pi) by extension 'ignore'
[0.139s] Level 1:colcon.colcon_core.package_identification:_identify(src/mycobot_ros2/mycobot_280/mycobot_280pi) by extension 'ignore_ament_install'
[0.139s] Level 1:colcon.colcon_core.package_identification:_identify(src/mycobot_ros2/mycobot_280/mycobot_280pi) by extensions ['colcon_pkg']
[0.139s] Level 1:colcon.colcon_core.package_identification:_identify(src/mycobot_ros2/mycobot_280/mycobot_280pi) by extension 'colcon_pkg'
[0.139s] Level 1:colcon.colcon_core.package_identification:_identify(src/mycobot_ros2/mycobot_280/mycobot_280pi) by extensions ['colcon_meta']
[0.139s] Level 1:colcon.colcon_core.package_identification:_identify(src/mycobot_ros2/mycobot_280/mycobot_280pi) by extension 'colcon_meta'
[0.139s] Level 1:colcon.colcon_core.package_identification:_identify(src/mycobot_ros2/mycobot_280/mycobot_280pi) by extensions ['ros']
[0.139s] Level 1:colcon.colcon_core.package_identification:_identify(src/mycobot_ros2/mycobot_280/mycobot_280pi) by extension 'ros'
[0.139s] DEBUG:colcon.colcon_core.package_identification:Package 'src/mycobot_ros2/mycobot_280/mycobot_280pi' with type 'ros.ament_python' and name 'mycobot_280pi'
[0.139s] Level 1:colcon.colcon_core.package_identification:_identify(src/mycobot_ros2/mycobot_280/mycobot_280rdkx5_moveit2) by extensions ['ignore', 'ignore_ament_install']
[0.139s] Level 1:colcon.colcon_core.package_identification:_identify(src/mycobot_ros2/mycobot_280/mycobot_280rdkx5_moveit2) by extension 'ignore'
[0.139s] Level 1:colcon.colcon_core.package_identification:_identify(src/mycobot_ros2/mycobot_280/mycobot_280rdkx5_moveit2) by extension 'ignore_ament_install'
[0.139s] Level 1:colcon.colcon_core.package_identification:_identify(src/mycobot_ros2/mycobot_280/mycobot_280rdkx5_moveit2) by extensions ['colcon_pkg']
[0.139s] Level 1:colcon.colcon_core.package_identification:_identify(src/mycobot_ros2/mycobot_280/mycobot_280rdkx5_moveit2) by extension 'colcon_pkg'
[0.139s] Level 1:colcon.colcon_core.package_identification:_identify(src/mycobot_ros2/mycobot_280/mycobot_280rdkx5_moveit2) by extensions ['colcon_meta']
[0.139s] Level 1:colcon.colcon_core.package_identification:_identify(src/mycobot_ros2/mycobot_280/mycobot_280rdkx5_moveit2) by extension 'colcon_meta'
[0.139s] Level 1:colcon.colcon_core.package_identification:_identify(src/mycobot_ros2/mycobot_280/mycobot_280rdkx5_moveit2) by extensions ['ros']
[0.139s] Level 1:colcon.colcon_core.package_identification:_identify(src/mycobot_ros2/mycobot_280/mycobot_280rdkx5_moveit2) by extension 'ros'
[0.140s] DEBUG:colcon.colcon_core.package_identification:Package 'src/mycobot_ros2/mycobot_280/mycobot_280rdkx5_moveit2' with type 'ros.ament_cmake' and name 'mycobot_280rdkx5_moveit2'
[0.140s] Level 1:colcon.colcon_core.package_identification:_identify(src/mycobot_ros2/mycobot_280/mycobot_interfaces) by extensions ['ignore', 'ignore_ament_install']
[0.140s] Level 1:colcon.colcon_core.package_identification:_identify(src/mycobot_ros2/mycobot_280/mycobot_interfaces) by extension 'ignore'
[0.140s] Level 1:colcon.colcon_core.package_identification:_identify(src/mycobot_ros2/mycobot_280/mycobot_interfaces) by extension 'ignore_ament_install'
[0.140s] Level 1:colcon.colcon_core.package_identification:_identify(src/mycobot_ros2/mycobot_280/mycobot_interfaces) by extensions ['colcon_pkg']
[0.140s] Level 1:colcon.colcon_core.package_identification:_identify(src/mycobot_ros2/mycobot_280/mycobot_interfaces) by extension 'colcon_pkg'
[0.140s] Level 1:colcon.colcon_core.package_identification:_identify(src/mycobot_ros2/mycobot_280/mycobot_interfaces) by extensions ['colcon_meta']
[0.140s] Level 1:colcon.colcon_core.package_identification:_identify(src/mycobot_ros2/mycobot_280/mycobot_interfaces) by extension 'colcon_meta'
[0.140s] Level 1:colcon.colcon_core.package_identification:_identify(src/mycobot_ros2/mycobot_280/mycobot_interfaces) by extensions ['ros']
[0.140s] Level 1:colcon.colcon_core.package_identification:_identify(src/mycobot_ros2/mycobot_280/mycobot_interfaces) by extension 'ros'
[0.140s] DEBUG:colcon.colcon_core.package_identification:Package 'src/mycobot_ros2/mycobot_280/mycobot_interfaces' with type 'ros.ament_cmake' and name 'mycobot_interfaces'
[0.140s] Level 1:colcon.colcon_core.package_identification:_identify(src/mycobot_ros2/mycobot_280_gazebo) by extensions ['ignore', 'ignore_ament_install']
[0.140s] Level 1:colcon.colcon_core.package_identification:_identify(src/mycobot_ros2/mycobot_280_gazebo) by extension 'ignore'
[0.141s] Level 1:colcon.colcon_core.package_identification:_identify(src/mycobot_ros2/mycobot_280_gazebo) by extension 'ignore_ament_install'
[0.141s] Level 1:colcon.colcon_core.package_identification:_identify(src/mycobot_ros2/mycobot_280_gazebo) by extensions ['colcon_pkg']
[0.141s] Level 1:colcon.colcon_core.package_identification:_identify(src/mycobot_ros2/mycobot_280_gazebo) by extension 'colcon_pkg'
[0.141s] Level 1:colcon.colcon_core.package_identification:_identify(src/mycobot_ros2/mycobot_280_gazebo) by extensions ['colcon_meta']
[0.141s] Level 1:colcon.colcon_core.package_identification:_identify(src/mycobot_ros2/mycobot_280_gazebo) by extension 'colcon_meta'
[0.141s] Level 1:colcon.colcon_core.package_identification:_identify(src/mycobot_ros2/mycobot_280_gazebo) by extensions ['ros']
[0.141s] Level 1:colcon.colcon_core.package_identification:_identify(src/mycobot_ros2/mycobot_280_gazebo) by extension 'ros'
[0.141s] DEBUG:colcon.colcon_core.package_identification:Package 'src/mycobot_ros2/mycobot_280_gazebo' with type 'ros.ament_cmake' and name 'mycobot_280_gazebo'
[0.141s] Level 1:colcon.colcon_core.package_identification:_identify(src/mycobot_ros2/mycobot_280_gazebo_jazzy) by extensions ['ignore', 'ignore_ament_install']
[0.141s] Level 1:colcon.colcon_core.package_identification:_identify(src/mycobot_ros2/mycobot_280_gazebo_jazzy) by extension 'ignore'
[0.141s] Level 1:colcon.colcon_core.package_identification:_identify(src/mycobot_ros2/mycobot_280_gazebo_jazzy) by extension 'ignore_ament_install'
[0.141s] Level 1:colcon.colcon_core.package_identification:_identify(src/mycobot_ros2/mycobot_280_gazebo_jazzy) by extensions ['colcon_pkg']
[0.141s] Level 1:colcon.colcon_core.package_identification:_identify(src/mycobot_ros2/mycobot_280_gazebo_jazzy) by extension 'colcon_pkg'
[0.141s] Level 1:colcon.colcon_core.package_identification:_identify(src/mycobot_ros2/mycobot_280_gazebo_jazzy) by extensions ['colcon_meta']
[0.141s] Level 1:colcon.colcon_core.package_identification:_identify(src/mycobot_ros2/mycobot_280_gazebo_jazzy) by extension 'colcon_meta'
[0.141s] Level 1:colcon.colcon_core.package_identification:_identify(src/mycobot_ros2/mycobot_280_gazebo_jazzy) by extensions ['ros']
[0.141s] Level 1:colcon.colcon_core.package_identification:_identify(src/mycobot_ros2/mycobot_280_gazebo_jazzy) by extension 'ros'
[0.142s] DEBUG:colcon.colcon_core.package_identification:Package 'src/mycobot_ros2/mycobot_280_gazebo_jazzy' with type 'ros.ament_cmake' and name 'mycobot_280_gazebo_jazzy'
[0.142s] Level 1:colcon.colcon_core.package_identification:_identify(src/mycobot_ros2/mycobot_320) by extensions ['ignore', 'ignore_ament_install']
[0.142s] Level 1:colcon.colcon_core.package_identification:_identify(src/mycobot_ros2/mycobot_320) by extension 'ignore'
[0.142s] Level 1:colcon.colcon_core.package_identification:_identify(src/mycobot_ros2/mycobot_320) by extension 'ignore_ament_install'
[0.142s] Level 1:colcon.colcon_core.package_identification:_identify(src/mycobot_ros2/mycobot_320) by extensions ['colcon_pkg']
[0.142s] Level 1:colcon.colcon_core.package_identification:_identify(src/mycobot_ros2/mycobot_320) by extension 'colcon_pkg'
[0.142s] Level 1:colcon.colcon_core.package_identification:_identify(src/mycobot_ros2/mycobot_320) by extensions ['colcon_meta']
[0.142s] Level 1:colcon.colcon_core.package_identification:_identify(src/mycobot_ros2/mycobot_320) by extension 'colcon_meta'
[0.142s] Level 1:colcon.colcon_core.package_identification:_identify(src/mycobot_ros2/mycobot_320) by extensions ['ros']
[0.142s] Level 1:colcon.colcon_core.package_identification:_identify(src/mycobot_ros2/mycobot_320) by extension 'ros'
[0.142s] Level 1:colcon.colcon_core.package_identification:_identify(src/mycobot_ros2/mycobot_320) by extensions ['cmake', 'python']
[0.142s] Level 1:colcon.colcon_core.package_identification:_identify(src/mycobot_ros2/mycobot_320) by extension 'cmake'
[0.142s] Level 1:colcon.colcon_core.package_identification:_identify(src/mycobot_ros2/mycobot_320) by extension 'python'
[0.142s] Level 1:colcon.colcon_core.package_identification:_identify(src/mycobot_ros2/mycobot_320) by extensions ['python_setup_py']
[0.142s] Level 1:colcon.colcon_core.package_identification:_identify(src/mycobot_ros2/mycobot_320) by extension 'python_setup_py'
[0.142s] Level 1:colcon.colcon_core.package_identification:_identify(src/mycobot_ros2/mycobot_320/mycobot_320) by extensions ['ignore', 'ignore_ament_install']
[0.142s] Level 1:colcon.colcon_core.package_identification:_identify(src/mycobot_ros2/mycobot_320/mycobot_320) by extension 'ignore'
[0.142s] Level 1:colcon.colcon_core.package_identification:_identify(src/mycobot_ros2/mycobot_320/mycobot_320) by extension 'ignore_ament_install'
[0.142s] Level 1:colcon.colcon_core.package_identification:_identify(src/mycobot_ros2/mycobot_320/mycobot_320) by extensions ['colcon_pkg']
[0.142s] Level 1:colcon.colcon_core.package_identification:_identify(src/mycobot_ros2/mycobot_320/mycobot_320) by extension 'colcon_pkg'
[0.142s] Level 1:colcon.colcon_core.package_identification:_identify(src/mycobot_ros2/mycobot_320/mycobot_320) by extensions ['colcon_meta']
[0.142s] Level 1:colcon.colcon_core.package_identification:_identify(src/mycobot_ros2/mycobot_320/mycobot_320) by extension 'colcon_meta'
[0.142s] Level 1:colcon.colcon_core.package_identification:_identify(src/mycobot_ros2/mycobot_320/mycobot_320) by extensions ['ros']
[0.142s] Level 1:colcon.colcon_core.package_identification:_identify(src/mycobot_ros2/mycobot_320/mycobot_320) by extension 'ros'
[0.143s] DEBUG:colcon.colcon_core.package_identification:Package 'src/mycobot_ros2/mycobot_320/mycobot_320' with type 'ros.ament_python' and name 'mycobot_320'
[0.143s] Level 1:colcon.colcon_core.package_identification:_identify(src/mycobot_ros2/mycobot_320/mycobot_320_riscv) by extensions ['ignore', 'ignore_ament_install']
[0.143s] Level 1:colcon.colcon_core.package_identification:_identify(src/mycobot_ros2/mycobot_320/mycobot_320_riscv) by extension 'ignore'
[0.143s] Level 1:colcon.colcon_core.package_identification:_identify(src/mycobot_ros2/mycobot_320/mycobot_320_riscv) by extension 'ignore_ament_install'
[0.143s] Level 1:colcon.colcon_core.package_identification:_identify(src/mycobot_ros2/mycobot_320/mycobot_320_riscv) by extensions ['colcon_pkg']
[0.143s] Level 1:colcon.colcon_core.package_identification:_identify(src/mycobot_ros2/mycobot_320/mycobot_320_riscv) by extension 'colcon_pkg'
[0.143s] Level 1:colcon.colcon_core.package_identification:_identify(src/mycobot_ros2/mycobot_320/mycobot_320_riscv) by extensions ['colcon_meta']
[0.143s] Level 1:colcon.colcon_core.package_identification:_identify(src/mycobot_ros2/mycobot_320/mycobot_320_riscv) by extension 'colcon_meta'
[0.143s] Level 1:colcon.colcon_core.package_identification:_identify(src/mycobot_ros2/mycobot_320/mycobot_320_riscv) by extensions ['ros']
[0.143s] Level 1:colcon.colcon_core.package_identification:_identify(src/mycobot_ros2/mycobot_320/mycobot_320_riscv) by extension 'ros'
[0.143s] DEBUG:colcon.colcon_core.package_identification:Package 'src/mycobot_ros2/mycobot_320/mycobot_320_riscv' with type 'ros.ament_python' and name 'mycobot_320_riscv'
[0.143s] Level 1:colcon.colcon_core.package_identification:_identify(src/mycobot_ros2/mycobot_320/mycobot_320pi) by extensions ['ignore', 'ignore_ament_install']
[0.143s] Level 1:colcon.colcon_core.package_identification:_identify(src/mycobot_ros2/mycobot_320/mycobot_320pi) by extension 'ignore'
[0.143s] Level 1:colcon.colcon_core.package_identification:_identify(src/mycobot_ros2/mycobot_320/mycobot_320pi) by extension 'ignore_ament_install'
[0.143s] Level 1:colcon.colcon_core.package_identification:_identify(src/mycobot_ros2/mycobot_320/mycobot_320pi) by extensions ['colcon_pkg']
[0.143s] Level 1:colcon.colcon_core.package_identification:_identify(src/mycobot_ros2/mycobot_320/mycobot_320pi) by extension 'colcon_pkg'
[0.144s] Level 1:colcon.colcon_core.package_identification:_identify(src/mycobot_ros2/mycobot_320/mycobot_320pi) by extensions ['colcon_meta']
[0.144s] Level 1:colcon.colcon_core.package_identification:_identify(src/mycobot_ros2/mycobot_320/mycobot_320pi) by extension 'colcon_meta'
[0.144s] Level 1:colcon.colcon_core.package_identification:_identify(src/mycobot_ros2/mycobot_320/mycobot_320pi) by extensions ['ros']
[0.144s] Level 1:colcon.colcon_core.package_identification:_identify(src/mycobot_ros2/mycobot_320/mycobot_320pi) by extension 'ros'
[0.144s] DEBUG:colcon.colcon_core.package_identification:Package 'src/mycobot_ros2/mycobot_320/mycobot_320pi' with type 'ros.ament_python' and name 'mycobot_320pi'
[0.144s] Level 1:colcon.colcon_core.package_identification:_identify(src/mycobot_ros2/mycobot_communication) by extensions ['ignore', 'ignore_ament_install']
[0.144s] Level 1:colcon.colcon_core.package_identification:_identify(src/mycobot_ros2/mycobot_communication) by extension 'ignore'
[0.144s] Level 1:colcon.colcon_core.package_identification:_identify(src/mycobot_ros2/mycobot_communication) by extension 'ignore_ament_install'
[0.144s] Level 1:colcon.colcon_core.package_identification:_identify(src/mycobot_ros2/mycobot_communication) by extensions ['colcon_pkg']
[0.144s] Level 1:colcon.colcon_core.package_identification:_identify(src/mycobot_ros2/mycobot_communication) by extension 'colcon_pkg'
[0.144s] Level 1:colcon.colcon_core.package_identification:_identify(src/mycobot_ros2/mycobot_communication) by extensions ['colcon_meta']
[0.144s] Level 1:colcon.colcon_core.package_identification:_identify(src/mycobot_ros2/mycobot_communication) by extension 'colcon_meta'
[0.144s] Level 1:colcon.colcon_core.package_identification:_identify(src/mycobot_ros2/mycobot_communication) by extensions ['ros']
[0.144s] Level 1:colcon.colcon_core.package_identification:_identify(src/mycobot_ros2/mycobot_communication) by extension 'ros'
[0.145s] DEBUG:colcon.colcon_core.package_identification:Package 'src/mycobot_ros2/mycobot_communication' with type 'ros.ament_python' and name 'mycobot_communication'
[0.145s] Level 1:colcon.colcon_core.package_identification:_identify(src/mycobot_ros2/mycobot_description) by extensions ['ignore', 'ignore_ament_install']
[0.145s] Level 1:colcon.colcon_core.package_identification:_identify(src/mycobot_ros2/mycobot_description) by extension 'ignore'
[0.145s] Level 1:colcon.colcon_core.package_identification:_identify(src/mycobot_ros2/mycobot_description) by extension 'ignore_ament_install'
[0.145s] Level 1:colcon.colcon_core.package_identification:_identify(src/mycobot_ros2/mycobot_description) by extensions ['colcon_pkg']
[0.145s] Level 1:colcon.colcon_core.package_identification:_identify(src/mycobot_ros2/mycobot_description) by extension 'colcon_pkg'
[0.145s] Level 1:colcon.colcon_core.package_identification:_identify(src/mycobot_ros2/mycobot_description) by extensions ['colcon_meta']
[0.145s] Level 1:colcon.colcon_core.package_identification:_identify(src/mycobot_ros2/mycobot_description) by extension 'colcon_meta'
[0.145s] Level 1:colcon.colcon_core.package_identification:_identify(src/mycobot_ros2/mycobot_description) by extensions ['ros']
[0.145s] Level 1:colcon.colcon_core.package_identification:_identify(src/mycobot_ros2/mycobot_description) by extension 'ros'
[0.145s] DEBUG:colcon.colcon_core.package_identification:Package 'src/mycobot_ros2/mycobot_description' with type 'ros.ament_python' and name 'mycobot_description'
[0.145s] Level 1:colcon.colcon_core.package_identification:_identify(src/mycobot_ros2/mycobot_pro) by extensions ['ignore', 'ignore_ament_install']
[0.145s] Level 1:colcon.colcon_core.package_identification:_identify(src/mycobot_ros2/mycobot_pro) by extension 'ignore'
[0.145s] Level 1:colcon.colcon_core.package_identification:_identify(src/mycobot_ros2/mycobot_pro) by extension 'ignore_ament_install'
[0.145s] Level 1:colcon.colcon_core.package_identification:_identify(src/mycobot_ros2/mycobot_pro) by extensions ['colcon_pkg']
[0.145s] Level 1:colcon.colcon_core.package_identification:_identify(src/mycobot_ros2/mycobot_pro) by extension 'colcon_pkg'
[0.145s] Level 1:colcon.colcon_core.package_identification:_identify(src/mycobot_ros2/mycobot_pro) by extensions ['colcon_meta']
[0.145s] Level 1:colcon.colcon_core.package_identification:_identify(src/mycobot_ros2/mycobot_pro) by extension 'colcon_meta'
[0.145s] Level 1:colcon.colcon_core.package_identification:_identify(src/mycobot_ros2/mycobot_pro) by extensions ['ros']
[0.145s] Level 1:colcon.colcon_core.package_identification:_identify(src/mycobot_ros2/mycobot_pro) by extension 'ros'
[0.145s] Level 1:colcon.colcon_core.package_identification:_identify(src/mycobot_ros2/mycobot_pro) by extensions ['cmake', 'python']
[0.145s] Level 1:colcon.colcon_core.package_identification:_identify(src/mycobot_ros2/mycobot_pro) by extension 'cmake'
[0.145s] Level 1:colcon.colcon_core.package_identification:_identify(src/mycobot_ros2/mycobot_pro) by extension 'python'
[0.146s] Level 1:colcon.colcon_core.package_identification:_identify(src/mycobot_ros2/mycobot_pro) by extensions ['python_setup_py']
[0.146s] Level 1:colcon.colcon_core.package_identification:_identify(src/mycobot_ros2/mycobot_pro) by extension 'python_setup_py'
[0.146s] Level 1:colcon.colcon_core.package_identification:_identify(src/mycobot_ros2/mycobot_pro/mycobot_600) by extensions ['ignore', 'ignore_ament_install']
[0.146s] Level 1:colcon.colcon_core.package_identification:_identify(src/mycobot_ros2/mycobot_pro/mycobot_600) by extension 'ignore'
[0.146s] Level 1:colcon.colcon_core.package_identification:_identify(src/mycobot_ros2/mycobot_pro/mycobot_600) by extension 'ignore_ament_install'
[0.146s] Level 1:colcon.colcon_core.package_identification:_identify(src/mycobot_ros2/mycobot_pro/mycobot_600) by extensions ['colcon_pkg']
[0.146s] Level 1:colcon.colcon_core.package_identification:_identify(src/mycobot_ros2/mycobot_pro/mycobot_600) by extension 'colcon_pkg'
[0.146s] Level 1:colcon.colcon_core.package_identification:_identify(src/mycobot_ros2/mycobot_pro/mycobot_600) by extensions ['colcon_meta']
[0.146s] Level 1:colcon.colcon_core.package_identification:_identify(src/mycobot_ros2/mycobot_pro/mycobot_600) by extension 'colcon_meta'
[0.146s] Level 1:colcon.colcon_core.package_identification:_identify(src/mycobot_ros2/mycobot_pro/mycobot_600) by extensions ['ros']
[0.146s] Level 1:colcon.colcon_core.package_identification:_identify(src/mycobot_ros2/mycobot_pro/mycobot_600) by extension 'ros'
[0.146s] DEBUG:colcon.colcon_core.package_identification:Package 'src/mycobot_ros2/mycobot_pro/mycobot_600' with type 'ros.ament_python' and name 'mycobot_600'
[0.146s] Level 1:colcon.colcon_core.package_identification:_identify(src/mycobot_ros2/mycobot_pro/mycobot_630) by extensions ['ignore', 'ignore_ament_install']
[0.146s] Level 1:colcon.colcon_core.package_identification:_identify(src/mycobot_ros2/mycobot_pro/mycobot_630) by extension 'ignore'
[0.146s] Level 1:colcon.colcon_core.package_identification:_identify(src/mycobot_ros2/mycobot_pro/mycobot_630) by extension 'ignore_ament_install'
[0.146s] Level 1:colcon.colcon_core.package_identification:_identify(src/mycobot_ros2/mycobot_pro/mycobot_630) by extensions ['colcon_pkg']
[0.146s] Level 1:colcon.colcon_core.package_identification:_identify(src/mycobot_ros2/mycobot_pro/mycobot_630) by extension 'colcon_pkg'
[0.146s] Level 1:colcon.colcon_core.package_identification:_identify(src/mycobot_ros2/mycobot_pro/mycobot_630) by extensions ['colcon_meta']
[0.146s] Level 1:colcon.colcon_core.package_identification:_identify(src/mycobot_ros2/mycobot_pro/mycobot_630) by extension 'colcon_meta'
[0.146s] Level 1:colcon.colcon_core.package_identification:_identify(src/mycobot_ros2/mycobot_pro/mycobot_630) by extensions ['ros']
[0.146s] Level 1:colcon.colcon_core.package_identification:_identify(src/mycobot_ros2/mycobot_pro/mycobot_630) by extension 'ros'
[0.147s] DEBUG:colcon.colcon_core.package_identification:Package 'src/mycobot_ros2/mycobot_pro/mycobot_630' with type 'ros.ament_python' and name 'mycobot_630'
[0.147s] Level 1:colcon.colcon_core.package_identification:_identify(src/mycobot_ros2/mycobot_pro/mycobot_pro450_interfaces) by extensions ['ignore', 'ignore_ament_install']
[0.147s] Level 1:colcon.colcon_core.package_identification:_identify(src/mycobot_ros2/mycobot_pro/mycobot_pro450_interfaces) by extension 'ignore'
[0.147s] Level 1:colcon.colcon_core.package_identification:_identify(src/mycobot_ros2/mycobot_pro/mycobot_pro450_interfaces) by extension 'ignore_ament_install'
[0.147s] Level 1:colcon.colcon_core.package_identification:_identify(src/mycobot_ros2/mycobot_pro/mycobot_pro450_interfaces) by extensions ['colcon_pkg']
[0.147s] Level 1:colcon.colcon_core.package_identification:_identify(src/mycobot_ros2/mycobot_pro/mycobot_pro450_interfaces) by extension 'colcon_pkg'
[0.148s] Level 1:colcon.colcon_core.package_identification:_identify(src/mycobot_ros2/mycobot_pro/mycobot_pro450_interfaces) by extensions ['colcon_meta']
[0.148s] Level 1:colcon.colcon_core.package_identification:_identify(src/mycobot_ros2/mycobot_pro/mycobot_pro450_interfaces) by extension 'colcon_meta'
[0.148s] Level 1:colcon.colcon_core.package_identification:_identify(src/mycobot_ros2/mycobot_pro/mycobot_pro450_interfaces) by extensions ['ros']
[0.148s] Level 1:colcon.colcon_core.package_identification:_identify(src/mycobot_ros2/mycobot_pro/mycobot_pro450_interfaces) by extension 'ros'
[0.148s] DEBUG:colcon.colcon_core.package_identification:Package 'src/mycobot_ros2/mycobot_pro/mycobot_pro450_interfaces' with type 'ros.ament_cmake' and name 'mycobot_pro450_interfaces'
[0.148s] Level 1:colcon.colcon_core.package_identification:_identify(src/mycobot_ros2/mycobot_pro/mycobot_pro_450) by extensions ['ignore', 'ignore_ament_install']
[0.148s] Level 1:colcon.colcon_core.package_identification:_identify(src/mycobot_ros2/mycobot_pro/mycobot_pro_450) by extension 'ignore'
[0.148s] Level 1:colcon.colcon_core.package_identification:_identify(src/mycobot_ros2/mycobot_pro/mycobot_pro_450) by extension 'ignore_ament_install'
[0.148s] Level 1:colcon.colcon_core.package_identification:_identify(src/mycobot_ros2/mycobot_pro/mycobot_pro_450) by extensions ['colcon_pkg']
[0.148s] Level 1:colcon.colcon_core.package_identification:_identify(src/mycobot_ros2/mycobot_pro/mycobot_pro_450) by extension 'colcon_pkg'
[0.148s] Level 1:colcon.colcon_core.package_identification:_identify(src/mycobot_ros2/mycobot_pro/mycobot_pro_450) by extensions ['colcon_meta']
[0.148s] Level 1:colcon.colcon_core.package_identification:_identify(src/mycobot_ros2/mycobot_pro/mycobot_pro_450) by extension 'colcon_meta'
[0.148s] Level 1:colcon.colcon_core.package_identification:_identify(src/mycobot_ros2/mycobot_pro/mycobot_pro_450) by extensions ['ros']
[0.148s] Level 1:colcon.colcon_core.package_identification:_identify(src/mycobot_ros2/mycobot_pro/mycobot_pro_450) by extension 'ros'
[0.149s] DEBUG:colcon.colcon_core.package_identification:Package 'src/mycobot_ros2/mycobot_pro/mycobot_pro_450' with type 'ros.ament_python' and name 'mycobot_pro_450'
[0.149s] Level 1:colcon.colcon_core.package_identification:_identify(src/mycobot_ros2/mycobot_pro/pro450_moveit2) by extensions ['ignore', 'ignore_ament_install']
[0.149s] Level 1:colcon.colcon_core.package_identification:_identify(src/mycobot_ros2/mycobot_pro/pro450_moveit2) by extension 'ignore'
[0.149s] Level 1:colcon.colcon_core.package_identification:_identify(src/mycobot_ros2/mycobot_pro/pro450_moveit2) by extension 'ignore_ament_install'
[0.149s] Level 1:colcon.colcon_core.package_identification:_identify(src/mycobot_ros2/mycobot_pro/pro450_moveit2) by extensions ['colcon_pkg']
[0.149s] Level 1:colcon.colcon_core.package_identification:_identify(src/mycobot_ros2/mycobot_pro/pro450_moveit2) by extension 'colcon_pkg'
[0.149s] Level 1:colcon.colcon_core.package_identification:_identify(src/mycobot_ros2/mycobot_pro/pro450_moveit2) by extensions ['colcon_meta']
[0.149s] Level 1:colcon.colcon_core.package_identification:_identify(src/mycobot_ros2/mycobot_pro/pro450_moveit2) by extension 'colcon_meta'
[0.149s] Level 1:colcon.colcon_core.package_identification:_identify(src/mycobot_ros2/mycobot_pro/pro450_moveit2) by extensions ['ros']
[0.149s] Level 1:colcon.colcon_core.package_identification:_identify(src/mycobot_ros2/mycobot_pro/pro450_moveit2) by extension 'ros'
[0.149s] DEBUG:colcon.colcon_core.package_identification:Package 'src/mycobot_ros2/mycobot_pro/pro450_moveit2' with type 'ros.ament_cmake' and name 'pro450_moveit2'
[0.149s] Level 1:colcon.colcon_core.package_identification:_identify(src/mycobot_ros2/mycobot_pro/pro450_moveit2_control) by extensions ['ignore', 'ignore_ament_install']
[0.149s] Level 1:colcon.colcon_core.package_identification:_identify(src/mycobot_ros2/mycobot_pro/pro450_moveit2_control) by extension 'ignore'
[0.149s] Level 1:colcon.colcon_core.package_identification:_identify(src/mycobot_ros2/mycobot_pro/pro450_moveit2_control) by extension 'ignore_ament_install'
[0.150s] Level 1:colcon.colcon_core.package_identification:_identify(src/mycobot_ros2/mycobot_pro/pro450_moveit2_control) by extensions ['colcon_pkg']
[0.150s] Level 1:colcon.colcon_core.package_identification:_identify(src/mycobot_ros2/mycobot_pro/pro450_moveit2_control) by extension 'colcon_pkg'
[0.150s] Level 1:colcon.colcon_core.package_identification:_identify(src/mycobot_ros2/mycobot_pro/pro450_moveit2_control) by extensions ['colcon_meta']
[0.150s] Level 1:colcon.colcon_core.package_identification:_identify(src/mycobot_ros2/mycobot_pro/pro450_moveit2_control) by extension 'colcon_meta'
[0.150s] Level 1:colcon.colcon_core.package_identification:_identify(src/mycobot_ros2/mycobot_pro/pro450_moveit2_control) by extensions ['ros']
[0.150s] Level 1:colcon.colcon_core.package_identification:_identify(src/mycobot_ros2/mycobot_pro/pro450_moveit2_control) by extension 'ros'
[0.150s] DEBUG:colcon.colcon_core.package_identification:Package 'src/mycobot_ros2/mycobot_pro/pro450_moveit2_control' with type 'ros.ament_python' and name 'pro450_moveit2_control'
[0.150s] Level 1:colcon.colcon_core.package_identification:_identify(src/mycobot_ros2/mypalletizer_260) by extensions ['ignore', 'ignore_ament_install']
[0.150s] Level 1:colcon.colcon_core.package_identification:_identify(src/mycobot_ros2/mypalletizer_260) by extension 'ignore'
[0.150s] Level 1:colcon.colcon_core.package_identification:_identify(src/mycobot_ros2/mypalletizer_260) by extension 'ignore_ament_install'
[0.150s] Level 1:colcon.colcon_core.package_identification:_identify(src/mycobot_ros2/mypalletizer_260) by extensions ['colcon_pkg']
[0.150s] Level 1:colcon.colcon_core.package_identification:_identify(src/mycobot_ros2/mypalletizer_260) by extension 'colcon_pkg'
[0.150s] Level 1:colcon.colcon_core.package_identification:_identify(src/mycobot_ros2/mypalletizer_260) by extensions ['colcon_meta']
[0.150s] Level 1:colcon.colcon_core.package_identification:_identify(src/mycobot_ros2/mypalletizer_260) by extension 'colcon_meta'
[0.150s] Level 1:colcon.colcon_core.package_identification:_identify(src/mycobot_ros2/mypalletizer_260) by extensions ['ros']
[0.150s] Level 1:colcon.colcon_core.package_identification:_identify(src/mycobot_ros2/mypalletizer_260) by extension 'ros'
[0.150s] Level 1:colcon.colcon_core.package_identification:_identify(src/mycobot_ros2/mypalletizer_260) by extensions ['cmake', 'python']
[0.150s] Level 1:colcon.colcon_core.package_identification:_identify(src/mycobot_ros2/mypalletizer_260) by extension 'cmake'
[0.150s] Level 1:colcon.colcon_core.package_identification:_identify(src/mycobot_ros2/mypalletizer_260) by extension 'python'
[0.150s] Level 1:colcon.colcon_core.package_identification:_identify(src/mycobot_ros2/mypalletizer_260) by extensions ['python_setup_py']
[0.151s] Level 1:colcon.colcon_core.package_identification:_identify(src/mycobot_ros2/mypalletizer_260) by extension 'python_setup_py'
[0.151s] Level 1:colcon.colcon_core.package_identification:_identify(src/mycobot_ros2/mypalletizer_260/mypalletizer_260) by extensions ['ignore', 'ignore_ament_install']
[0.151s] Level 1:colcon.colcon_core.package_identification:_identify(src/mycobot_ros2/mypalletizer_260/mypalletizer_260) by extension 'ignore'
[0.151s] Level 1:colcon.colcon_core.package_identification:_identify(src/mycobot_ros2/mypalletizer_260/mypalletizer_260) by extension 'ignore_ament_install'
[0.151s] Level 1:colcon.colcon_core.package_identification:_identify(src/mycobot_ros2/mypalletizer_260/mypalletizer_260) by extensions ['colcon_pkg']
[0.151s] Level 1:colcon.colcon_core.package_identification:_identify(src/mycobot_ros2/mypalletizer_260/mypalletizer_260) by extension 'colcon_pkg'
[0.151s] Level 1:colcon.colcon_core.package_identification:_identify(src/mycobot_ros2/mypalletizer_260/mypalletizer_260) by extensions ['colcon_meta']
[0.151s] Level 1:colcon.colcon_core.package_identification:_identify(src/mycobot_ros2/mypalletizer_260/mypalletizer_260) by extension 'colcon_meta'
[0.151s] Level 1:colcon.colcon_core.package_identification:_identify(src/mycobot_ros2/mypalletizer_260/mypalletizer_260) by extensions ['ros']
[0.151s] Level 1:colcon.colcon_core.package_identification:_identify(src/mycobot_ros2/mypalletizer_260/mypalletizer_260) by extension 'ros'
[0.151s] DEBUG:colcon.colcon_core.package_identification:Package 'src/mycobot_ros2/mypalletizer_260/mypalletizer_260' with type 'ros.ament_python' and name 'mypalletizer_260'
[0.151s] Level 1:colcon.colcon_core.package_identification:_identify(src/mycobot_ros2/mypalletizer_260/mypalletizer_260_pi) by extensions ['ignore', 'ignore_ament_install']
[0.151s] Level 1:colcon.colcon_core.package_identification:_identify(src/mycobot_ros2/mypalletizer_260/mypalletizer_260_pi) by extension 'ignore'
[0.151s] Level 1:colcon.colcon_core.package_identification:_identify(src/mycobot_ros2/mypalletizer_260/mypalletizer_260_pi) by extension 'ignore_ament_install'
[0.151s] Level 1:colcon.colcon_core.package_identification:_identify(src/mycobot_ros2/mypalletizer_260/mypalletizer_260_pi) by extensions ['colcon_pkg']
[0.151s] Level 1:colcon.colcon_core.package_identification:_identify(src/mycobot_ros2/mypalletizer_260/mypalletizer_260_pi) by extension 'colcon_pkg'
[0.151s] Level 1:colcon.colcon_core.package_identification:_identify(src/mycobot_ros2/mypalletizer_260/mypalletizer_260_pi) by extensions ['colcon_meta']
[0.151s] Level 1:colcon.colcon_core.package_identification:_identify(src/mycobot_ros2/mypalletizer_260/mypalletizer_260_pi) by extension 'colcon_meta'
[0.152s] Level 1:colcon.colcon_core.package_identification:_identify(src/mycobot_ros2/mypalletizer_260/mypalletizer_260_pi) by extensions ['ros']
[0.152s] Level 1:colcon.colcon_core.package_identification:_identify(src/mycobot_ros2/mypalletizer_260/mypalletizer_260_pi) by extension 'ros'
[0.152s] DEBUG:colcon.colcon_core.package_identification:Package 'src/mycobot_ros2/mypalletizer_260/mypalletizer_260_pi' with type 'ros.ament_python' and name 'mypalletizer_260_pi'
[0.152s] Level 1:colcon.colcon_core.package_identification:_identify(src/mycobot_ros2/mypalletizer_260/mypalletizer_communication) by extensions ['ignore', 'ignore_ament_install']
[0.152s] Level 1:colcon.colcon_core.package_identification:_identify(src/mycobot_ros2/mypalletizer_260/mypalletizer_communication) by extension 'ignore'
[0.152s] Level 1:colcon.colcon_core.package_identification:_identify(src/mycobot_ros2/mypalletizer_260/mypalletizer_communication) by extension 'ignore_ament_install'
[0.152s] Level 1:colcon.colcon_core.package_identification:_identify(src/mycobot_ros2/mypalletizer_260/mypalletizer_communication) by extensions ['colcon_pkg']
[0.152s] Level 1:colcon.colcon_core.package_identification:_identify(src/mycobot_ros2/mypalletizer_260/mypalletizer_communication) by extension 'colcon_pkg'
[0.152s] Level 1:colcon.colcon_core.package_identification:_identify(src/mycobot_ros2/mypalletizer_260/mypalletizer_communication) by extensions ['colcon_meta']
[0.152s] Level 1:colcon.colcon_core.package_identification:_identify(src/mycobot_ros2/mypalletizer_260/mypalletizer_communication) by extension 'colcon_meta'
[0.152s] Level 1:colcon.colcon_core.package_identification:_identify(src/mycobot_ros2/mypalletizer_260/mypalletizer_communication) by extensions ['ros']
[0.152s] Level 1:colcon.colcon_core.package_identification:_identify(src/mycobot_ros2/mypalletizer_260/mypalletizer_communication) by extension 'ros'
[0.153s] DEBUG:colcon.colcon_core.package_identification:Package 'src/mycobot_ros2/mypalletizer_260/mypalletizer_communication' with type 'ros.ament_python' and name 'mypalletizer_communication'
[0.153s] Level 1:colcon.colcon_core.package_identification:_identify(src/mycobot_ros2/mypalletizer_260/mypalletizer_interfaces) by extensions ['ignore', 'ignore_ament_install']
[0.153s] Level 1:colcon.colcon_core.package_identification:_identify(src/mycobot_ros2/mypalletizer_260/mypalletizer_interfaces) by extension 'ignore'
[0.153s] Level 1:colcon.colcon_core.package_identification:_identify(src/mycobot_ros2/mypalletizer_260/mypalletizer_interfaces) by extension 'ignore_ament_install'
[0.153s] Level 1:colcon.colcon_core.package_identification:_identify(src/mycobot_ros2/mypalletizer_260/mypalletizer_interfaces) by extensions ['colcon_pkg']
[0.153s] Level 1:colcon.colcon_core.package_identification:_identify(src/mycobot_ros2/mypalletizer_260/mypalletizer_interfaces) by extension 'colcon_pkg'
[0.153s] Level 1:colcon.colcon_core.package_identification:_identify(src/mycobot_ros2/mypalletizer_260/mypalletizer_interfaces) by extensions ['colcon_meta']
[0.153s] Level 1:colcon.colcon_core.package_identification:_identify(src/mycobot_ros2/mypalletizer_260/mypalletizer_interfaces) by extension 'colcon_meta'
[0.153s] Level 1:colcon.colcon_core.package_identification:_identify(src/mycobot_ros2/mypalletizer_260/mypalletizer_interfaces) by extensions ['ros']
[0.153s] Level 1:colcon.colcon_core.package_identification:_identify(src/mycobot_ros2/mypalletizer_260/mypalletizer_interfaces) by extension 'ros'
[0.153s] DEBUG:colcon.colcon_core.package_identification:Package 'src/mycobot_ros2/mypalletizer_260/mypalletizer_interfaces' with type 'ros.ament_cmake' and name 'mypalletizer_interfaces'
[0.153s] Level 1:colcon.colcon_core.package_identification:_identify(src/mycobot_ros2/ultraArm) by extensions ['ignore', 'ignore_ament_install']
[0.153s] Level 1:colcon.colcon_core.package_identification:_identify(src/mycobot_ros2/ultraArm) by extension 'ignore'
[0.153s] Level 1:colcon.colcon_core.package_identification:_identify(src/mycobot_ros2/ultraArm) by extension 'ignore_ament_install'
[0.153s] Level 1:colcon.colcon_core.package_identification:_identify(src/mycobot_ros2/ultraArm) by extensions ['colcon_pkg']
[0.153s] Level 1:colcon.colcon_core.package_identification:_identify(src/mycobot_ros2/ultraArm) by extension 'colcon_pkg'
[0.153s] Level 1:colcon.colcon_core.package_identification:_identify(src/mycobot_ros2/ultraArm) by extensions ['colcon_meta']
[0.153s] Level 1:colcon.colcon_core.package_identification:_identify(src/mycobot_ros2/ultraArm) by extension 'colcon_meta'
[0.153s] Level 1:colcon.colcon_core.package_identification:_identify(src/mycobot_ros2/ultraArm) by extensions ['ros']
[0.153s] Level 1:colcon.colcon_core.package_identification:_identify(src/mycobot_ros2/ultraArm) by extension 'ros'
[0.154s] Level 1:colcon.colcon_core.package_identification:_identify(src/mycobot_ros2/ultraArm) by extensions ['cmake', 'python']
[0.154s] Level 1:colcon.colcon_core.package_identification:_identify(src/mycobot_ros2/ultraArm) by extension 'cmake'
[0.154s] Level 1:colcon.colcon_core.package_identification:_identify(src/mycobot_ros2/ultraArm) by extension 'python'
[0.154s] Level 1:colcon.colcon_core.package_identification:_identify(src/mycobot_ros2/ultraArm) by extensions ['python_setup_py']
[0.154s] Level 1:colcon.colcon_core.package_identification:_identify(src/mycobot_ros2/ultraArm) by extension 'python_setup_py'
[0.154s] Level 1:colcon.colcon_core.package_identification:_identify(src/mycobot_ros2/ultraArm/ultraArm_Testtool) by extensions ['ignore', 'ignore_ament_install']
[0.154s] Level 1:colcon.colcon_core.package_identification:_identify(src/mycobot_ros2/ultraArm/ultraArm_Testtool) by extension 'ignore'
[0.154s] Level 1:colcon.colcon_core.package_identification:_identify(src/mycobot_ros2/ultraArm/ultraArm_Testtool) by extension 'ignore_ament_install'
[0.154s] Level 1:colcon.colcon_core.package_identification:_identify(src/mycobot_ros2/ultraArm/ultraArm_Testtool) by extensions ['colcon_pkg']
[0.154s] Level 1:colcon.colcon_core.package_identification:_identify(src/mycobot_ros2/ultraArm/ultraArm_Testtool) by extension 'colcon_pkg'
[0.154s] Level 1:colcon.colcon_core.package_identification:_identify(src/mycobot_ros2/ultraArm/ultraArm_Testtool) by extensions ['colcon_meta']
[0.154s] Level 1:colcon.colcon_core.package_identification:_identify(src/mycobot_ros2/ultraArm/ultraArm_Testtool) by extension 'colcon_meta'
[0.154s] Level 1:colcon.colcon_core.package_identification:_identify(src/mycobot_ros2/ultraArm/ultraArm_Testtool) by extensions ['ros']
[0.154s] Level 1:colcon.colcon_core.package_identification:_identify(src/mycobot_ros2/ultraArm/ultraArm_Testtool) by extension 'ros'
[0.154s] Level 1:colcon.colcon_core.package_identification:_identify(src/mycobot_ros2/ultraArm/ultraArm_Testtool) by extensions ['cmake', 'python']
[0.154s] Level 1:colcon.colcon_core.package_identification:_identify(src/mycobot_ros2/ultraArm/ultraArm_Testtool) by extension 'cmake'
[0.154s] Level 1:colcon.colcon_core.package_identification:_identify(src/mycobot_ros2/ultraArm/ultraArm_Testtool) by extension 'python'
[0.154s] Level 1:colcon.colcon_core.package_identification:_identify(src/mycobot_ros2/ultraArm/ultraArm_Testtool) by extensions ['python_setup_py']
[0.154s] Level 1:colcon.colcon_core.package_identification:_identify(src/mycobot_ros2/ultraArm/ultraArm_Testtool) by extension 'python_setup_py'
[0.154s] Level 1:colcon.colcon_core.package_identification:_identify(src/mycobot_ros2/ultraArm/ultraArm_Testtool/__pycache__) by extensions ['ignore', 'ignore_ament_install']
[0.154s] Level 1:colcon.colcon_core.package_identification:_identify(src/mycobot_ros2/ultraArm/ultraArm_Testtool/__pycache__) by extension 'ignore'
[0.154s] Level 1:colcon.colcon_core.package_identification:_identify(src/mycobot_ros2/ultraArm/ultraArm_Testtool/__pycache__) by extension 'ignore_ament_install'
[0.154s] Level 1:colcon.colcon_core.package_identification:_identify(src/mycobot_ros2/ultraArm/ultraArm_Testtool/__pycache__) by extensions ['colcon_pkg']
[0.154s] Level 1:colcon.colcon_core.package_identification:_identify(src/mycobot_ros2/ultraArm/ultraArm_Testtool/__pycache__) by extension 'colcon_pkg'
[0.154s] Level 1:colcon.colcon_core.package_identification:_identify(src/mycobot_ros2/ultraArm/ultraArm_Testtool/__pycache__) by extensions ['colcon_meta']
[0.154s] Level 1:colcon.colcon_core.package_identification:_identify(src/mycobot_ros2/ultraArm/ultraArm_Testtool/__pycache__) by extension 'colcon_meta'
[0.154s] Level 1:colcon.colcon_core.package_identification:_identify(src/mycobot_ros2/ultraArm/ultraArm_Testtool/__pycache__) by extensions ['ros']
[0.154s] Level 1:colcon.colcon_core.package_identification:_identify(src/mycobot_ros2/ultraArm/ultraArm_Testtool/__pycache__) by extension 'ros'
[0.154s] Level 1:colcon.colcon_core.package_identification:_identify(src/mycobot_ros2/ultraArm/ultraArm_Testtool/__pycache__) by extensions ['cmake', 'python']
[0.154s] Level 1:colcon.colcon_core.package_identification:_identify(src/mycobot_ros2/ultraArm/ultraArm_Testtool/__pycache__) by extension 'cmake'
[0.154s] Level 1:colcon.colcon_core.package_identification:_identify(src/mycobot_ros2/ultraArm/ultraArm_Testtool/__pycache__) by extension 'python'
[0.154s] Level 1:colcon.colcon_core.package_identification:_identify(src/mycobot_ros2/ultraArm/ultraArm_Testtool/__pycache__) by extensions ['python_setup_py']
[0.155s] Level 1:colcon.colcon_core.package_identification:_identify(src/mycobot_ros2/ultraArm/ultraArm_Testtool/__pycache__) by extension 'python_setup_py'
[0.155s] Level 1:colcon.colcon_core.package_identification:_identify(src/mycobot_ros2/ultraArm/ultraarm) by extensions ['ignore', 'ignore_ament_install']
[0.155s] Level 1:colcon.colcon_core.package_identification:_identify(src/mycobot_ros2/ultraArm/ultraarm) by extension 'ignore'
[0.155s] Level 1:colcon.colcon_core.package_identification:_identify(src/mycobot_ros2/ultraArm/ultraarm) by extension 'ignore_ament_install'
[0.155s] Level 1:colcon.colcon_core.package_identification:_identify(src/mycobot_ros2/ultraArm/ultraarm) by extensions ['colcon_pkg']
[0.155s] Level 1:colcon.colcon_core.package_identification:_identify(src/mycobot_ros2/ultraArm/ultraarm) by extension 'colcon_pkg'
[0.155s] Level 1:colcon.colcon_core.package_identification:_identify(src/mycobot_ros2/ultraArm/ultraarm) by extensions ['colcon_meta']
[0.155s] Level 1:colcon.colcon_core.package_identification:_identify(src/mycobot_ros2/ultraArm/ultraarm) by extension 'colcon_meta'
[0.155s] Level 1:colcon.colcon_core.package_identification:_identify(src/mycobot_ros2/ultraArm/ultraarm) by extensions ['ros']
[0.155s] Level 1:colcon.colcon_core.package_identification:_identify(src/mycobot_ros2/ultraArm/ultraarm) by extension 'ros'
[0.155s] DEBUG:colcon.colcon_core.package_identification:Package 'src/mycobot_ros2/ultraArm/ultraarm' with type 'ros.ament_python' and name 'ultraarm'
[0.155s] Level 1:colcon.colcon_core.package_discovery:discover_packages(recursive) using defaults
[0.155s] Level 1:colcon.colcon_core.package_discovery:discover_packages(ignore) discover
[0.155s] Level 1:colcon.colcon_core.package_discovery:discover_packages(ignore) using defaults
[0.155s] Level 1:colcon.colcon_core.package_discovery:discover_packages(path) discover
[0.155s] Level 1:colcon.colcon_core.package_discovery:discover_packages(path) using defaults
[0.175s] Level 1:colcon.colcon_core.package_discovery:discover_packages(prefix_path) check parameters
[0.175s] Level 1:colcon.colcon_core.package_discovery:discover_packages(prefix_path) discover
[0.177s] DEBUG:colcon.colcon_installed_package_information.package_discovery:Found 38 installed packages in /home/amin/cobot/cobot_ws/install
[0.178s] DEBUG:colcon.colcon_installed_package_information.package_discovery:Found 416 installed packages in /opt/ros/jazzy
[0.179s] Level 1:colcon.colcon_core.package_discovery:discover_packages(prefix_path) using defaults
[0.223s] Level 5:colcon.colcon_core.verb:set package 'mecharm_interfaces' build argument 'cmake_args' from command line to 'None'
[0.224s] Level 5:colcon.colcon_core.verb:set package 'mecharm_interfaces' build argument 'cmake_target' from command line to 'None'
[0.224s] Level 5:colcon.colcon_core.verb:set package 'mecharm_interfaces' build argument 'cmake_target_skip_unavailable' from command line to 'False'
[0.224s] Level 5:colcon.colcon_core.verb:set package 'mecharm_interfaces' build argument 'cmake_clean_cache' from command line to 'False'
[0.224s] Level 5:colcon.colcon_core.verb:set package 'mecharm_interfaces' build argument 'cmake_clean_first' from command line to 'False'
[0.224s] Level 5:colcon.colcon_core.verb:set package 'mecharm_interfaces' build argument 'cmake_force_configure' from command line to 'False'
[0.224s] Level 5:colcon.colcon_core.verb:set package 'mecharm_interfaces' build argument 'ament_cmake_args' from command line to 'None'
[0.224s] Level 5:colcon.colcon_core.verb:set package 'mecharm_interfaces' build argument 'catkin_cmake_args' from command line to 'None'
[0.224s] Level 5:colcon.colcon_core.verb:set package 'mecharm_interfaces' build argument 'catkin_skip_building_tests' from command line to 'False'
[0.224s] DEBUG:colcon.colcon_core.verb:Building package 'mecharm_interfaces' with the following arguments: {'ament_cmake_args': None, 'build_base': '/home/amin/cobot/cobot_ws/build/mecharm_interfaces', 'catkin_cmake_args': None, 'catkin_skip_building_tests': False, 'cmake_args': None, 'cmake_clean_cache': False, 'cmake_clean_first': False, 'cmake_force_configure': False, 'cmake_target': None, 'cmake_target_skip_unavailable': False, 'install_base': '/home/amin/cobot/cobot_ws/install/mecharm_interfaces', 'merge_install': False, 'path': '/home/amin/cobot/cobot_ws/src/mycobot_ros2/mecharm/mecharm_interfaces', 'symlink_install': False, 'test_result_base': None}
[0.224s] Level 5:colcon.colcon_core.verb:set package 'mycobot_description' build argument 'cmake_args' from command line to 'None'
[0.224s] Level 5:colcon.colcon_core.verb:set package 'mycobot_description' build argument 'cmake_target' from command line to 'None'
[0.224s] Level 5:colcon.colcon_core.verb:set package 'mycobot_description' build argument 'cmake_target_skip_unavailable' from command line to 'False'
[0.224s] Level 5:colcon.colcon_core.verb:set package 'mycobot_description' build argument 'cmake_clean_cache' from command line to 'False'
[0.224s] Level 5:colcon.colcon_core.verb:set package 'mycobot_description' build argument 'cmake_clean_first' from command line to 'False'
[0.224s] Level 5:colcon.colcon_core.verb:set package 'mycobot_description' build argument 'cmake_force_configure' from command line to 'False'
[0.224s] Level 5:colcon.colcon_core.verb:set package 'mycobot_description' build argument 'ament_cmake_args' from command line to 'None'
[0.224s] Level 5:colcon.colcon_core.verb:set package 'mycobot_description' build argument 'catkin_cmake_args' from command line to 'None'
[0.224s] Level 5:colcon.colcon_core.verb:set package 'mycobot_description' build argument 'catkin_skip_building_tests' from command line to 'False'
[0.224s] DEBUG:colcon.colcon_core.verb:Building package 'mycobot_description' with the following arguments: {'ament_cmake_args': None, 'build_base': '/home/amin/cobot/cobot_ws/build/mycobot_description', 'catkin_cmake_args': None, 'catkin_skip_building_tests': False, 'cmake_args': None, 'cmake_clean_cache': False, 'cmake_clean_first': False, 'cmake_force_configure': False, 'cmake_target': None, 'cmake_target_skip_unavailable': False, 'install_base': '/home/amin/cobot/cobot_ws/install/mycobot_description', 'merge_install': False, 'path': '/home/amin/cobot/cobot_ws/src/mycobot_ros2/mycobot_description', 'symlink_install': False, 'test_result_base': None}
[0.224s] Level 5:colcon.colcon_core.verb:set package 'mycobot_interfaces' build argument 'cmake_args' from command line to 'None'
[0.224s] Level 5:colcon.colcon_core.verb:set package 'mycobot_interfaces' build argument 'cmake_target' from command line to 'None'
[0.224s] Level 5:colcon.colcon_core.verb:set package 'mycobot_interfaces' build argument 'cmake_target_skip_unavailable' from command line to 'False'
[0.224s] Level 5:colcon.colcon_core.verb:set package 'mycobot_interfaces' build argument 'cmake_clean_cache' from command line to 'False'
[0.224s] Level 5:colcon.colcon_core.verb:set package 'mycobot_interfaces' build argument 'cmake_clean_first' from command line to 'False'
[0.224s] Level 5:colcon.colcon_core.verb:set package 'mycobot_interfaces' build argument 'cmake_force_configure' from command line to 'False'
[0.224s] Level 5:colcon.colcon_core.verb:set package 'mycobot_interfaces' build argument 'ament_cmake_args' from command line to 'None'
[0.224s] Level 5:colcon.colcon_core.verb:set package 'mycobot_interfaces' build argument 'catkin_cmake_args' from command line to 'None'
[0.224s] Level 5:colcon.colcon_core.verb:set package 'mycobot_interfaces' build argument 'catkin_skip_building_tests' from command line to 'False'
[0.224s] DEBUG:colcon.colcon_core.verb:Building package 'mycobot_interfaces' with the following arguments: {'ament_cmake_args': None, 'build_base': '/home/amin/cobot/cobot_ws/build/mycobot_interfaces', 'catkin_cmake_args': None, 'catkin_skip_building_tests': False, 'cmake_args': None, 'cmake_clean_cache': False, 'cmake_clean_first': False, 'cmake_force_configure': False, 'cmake_target': None, 'cmake_target_skip_unavailable': False, 'install_base': '/home/amin/cobot/cobot_ws/install/mycobot_interfaces', 'merge_install': False, 'path': '/home/amin/cobot/cobot_ws/src/mycobot_ros2/mycobot_280/mycobot_interfaces', 'symlink_install': False, 'test_result_base': None}
[0.224s] Level 5:colcon.colcon_core.verb:set package 'mycobot_pro450_interfaces' build argument 'cmake_args' from command line to 'None'
[0.224s] Level 5:colcon.colcon_core.verb:set package 'mycobot_pro450_interfaces' build argument 'cmake_target' from command line to 'None'
[0.224s] Level 5:colcon.colcon_core.verb:set package 'mycobot_pro450_interfaces' build argument 'cmake_target_skip_unavailable' from command line to 'False'
[0.224s] Level 5:colcon.colcon_core.verb:set package 'mycobot_pro450_interfaces' build argument 'cmake_clean_cache' from command line to 'False'
[0.224s] Level 5:colcon.colcon_core.verb:set package 'mycobot_pro450_interfaces' build argument 'cmake_clean_first' from command line to 'False'
[0.224s] Level 5:colcon.colcon_core.verb:set package 'mycobot_pro450_interfaces' build argument 'cmake_force_configure' from command line to 'False'
[0.225s] Level 5:colcon.colcon_core.verb:set package 'mycobot_pro450_interfaces' build argument 'ament_cmake_args' from command line to 'None'
[0.225s] Level 5:colcon.colcon_core.verb:set package 'mycobot_pro450_interfaces' build argument 'catkin_cmake_args' from command line to 'None'
[0.225s] Level 5:colcon.colcon_core.verb:set package 'mycobot_pro450_interfaces' build argument 'catkin_skip_building_tests' from command line to 'False'
[0.225s] DEBUG:colcon.colcon_core.verb:Building package 'mycobot_pro450_interfaces' with the following arguments: {'ament_cmake_args': None, 'build_base': '/home/amin/cobot/cobot_ws/build/mycobot_pro450_interfaces', 'catkin_cmake_args': None, 'catkin_skip_building_tests': False, 'cmake_args': None, 'cmake_clean_cache': False, 'cmake_clean_first': False, 'cmake_force_configure': False, 'cmake_target': None, 'cmake_target_skip_unavailable': False, 'install_base': '/home/amin/cobot/cobot_ws/install/mycobot_pro450_interfaces', 'merge_install': False, 'path': '/home/amin/cobot/cobot_ws/src/mycobot_ros2/mycobot_pro/mycobot_pro450_interfaces', 'symlink_install': False, 'test_result_base': None}
[0.225s] Level 5:colcon.colcon_core.verb:set package 'mypalletizer_interfaces' build argument 'cmake_args' from command line to 'None'
[0.225s] Level 5:colcon.colcon_core.verb:set package 'mypalletizer_interfaces' build argument 'cmake_target' from command line to 'None'
[0.225s] Level 5:colcon.colcon_core.verb:set package 'mypalletizer_interfaces' build argument 'cmake_target_skip_unavailable' from command line to 'False'
[0.225s] Level 5:colcon.colcon_core.verb:set package 'mypalletizer_interfaces' build argument 'cmake_clean_cache' from command line to 'False'
[0.225s] Level 5:colcon.colcon_core.verb:set package 'mypalletizer_interfaces' build argument 'cmake_clean_first' from command line to 'False'
[0.225s] Level 5:colcon.colcon_core.verb:set package 'mypalletizer_interfaces' build argument 'cmake_force_configure' from command line to 'False'
[0.225s] Level 5:colcon.colcon_core.verb:set package 'mypalletizer_interfaces' build argument 'ament_cmake_args' from command line to 'None'
[0.225s] Level 5:colcon.colcon_core.verb:set package 'mypalletizer_interfaces' build argument 'catkin_cmake_args' from command line to 'None'
[0.225s] Level 5:colcon.colcon_core.verb:set package 'mypalletizer_interfaces' build argument 'catkin_skip_building_tests' from command line to 'False'
[0.225s] DEBUG:colcon.colcon_core.verb:Building package 'mypalletizer_interfaces' with the following arguments: {'ament_cmake_args': None, 'build_base': '/home/amin/cobot/cobot_ws/build/mypalletizer_interfaces', 'catkin_cmake_args': None, 'catkin_skip_building_tests': False, 'cmake_args': None, 'cmake_clean_cache': False, 'cmake_clean_first': False, 'cmake_force_configure': False, 'cmake_target': None, 'cmake_target_skip_unavailable': False, 'install_base': '/home/amin/cobot/cobot_ws/install/mypalletizer_interfaces', 'merge_install': False, 'path': '/home/amin/cobot/cobot_ws/src/mycobot_ros2/mypalletizer_260/mypalletizer_interfaces', 'symlink_install': False, 'test_result_base': None}
[0.225s] Level 5:colcon.colcon_core.verb:set package 'mecharm' build argument 'cmake_args' from command line to 'None'
[0.225s] Level 5:colcon.colcon_core.verb:set package 'mecharm' build argument 'cmake_target' from command line to 'None'
[0.225s] Level 5:colcon.colcon_core.verb:set package 'mecharm' build argument 'cmake_target_skip_unavailable' from command line to 'False'
[0.225s] Level 5:colcon.colcon_core.verb:set package 'mecharm' build argument 'cmake_clean_cache' from command line to 'False'
[0.225s] Level 5:colcon.colcon_core.verb:set package 'mecharm' build argument 'cmake_clean_first' from command line to 'False'
[0.225s] Level 5:colcon.colcon_core.verb:set package 'mecharm' build argument 'cmake_force_configure' from command line to 'False'
[0.225s] Level 5:colcon.colcon_core.verb:set package 'mecharm' build argument 'ament_cmake_args' from command line to 'None'
[0.225s] Level 5:colcon.colcon_core.verb:set package 'mecharm' build argument 'catkin_cmake_args' from command line to 'None'
[0.225s] Level 5:colcon.colcon_core.verb:set package 'mecharm' build argument 'catkin_skip_building_tests' from command line to 'False'
[0.225s] DEBUG:colcon.colcon_core.verb:Building package 'mecharm' with the following arguments: {'ament_cmake_args': None, 'build_base': '/home/amin/cobot/cobot_ws/build/mecharm', 'catkin_cmake_args': None, 'catkin_skip_building_tests': False, 'cmake_args': None, 'cmake_clean_cache': False, 'cmake_clean_first': False, 'cmake_force_configure': False, 'cmake_target': None, 'cmake_target_skip_unavailable': False, 'install_base': '/home/amin/cobot/cobot_ws/install/mecharm', 'merge_install': False, 'path': '/home/amin/cobot/cobot_ws/src/mycobot_ros2/mecharm/mecharm', 'symlink_install': False, 'test_result_base': None}
[0.225s] Level 5:colcon.colcon_core.verb:set package 'mecharm_communication' build argument 'cmake_args' from command line to 'None'
[0.225s] Level 5:colcon.colcon_core.verb:set package 'mecharm_communication' build argument 'cmake_target' from command line to 'None'
[0.225s] Level 5:colcon.colcon_core.verb:set package 'mecharm_communication' build argument 'cmake_target_skip_unavailable' from command line to 'False'
[0.225s] Level 5:colcon.colcon_core.verb:set package 'mecharm_communication' build argument 'cmake_clean_cache' from command line to 'False'
[0.225s] Level 5:colcon.colcon_core.verb:set package 'mecharm_communication' build argument 'cmake_clean_first' from command line to 'False'
[0.225s] Level 5:colcon.colcon_core.verb:set package 'mecharm_communication' build argument 'cmake_force_configure' from command line to 'False'
[0.225s] Level 5:colcon.colcon_core.verb:set package 'mecharm_communication' build argument 'ament_cmake_args' from command line to 'None'
[0.225s] Level 5:colcon.colcon_core.verb:set package 'mecharm_communication' build argument 'catkin_cmake_args' from command line to 'None'
[0.225s] Level 5:colcon.colcon_core.verb:set package 'mecharm_communication' build argument 'catkin_skip_building_tests' from command line to 'False'
[0.225s] DEBUG:colcon.colcon_core.verb:Building package 'mecharm_communication' with the following arguments: {'ament_cmake_args': None, 'build_base': '/home/amin/cobot/cobot_ws/build/mecharm_communication', 'catkin_cmake_args': None, 'catkin_skip_building_tests': False, 'cmake_args': None, 'cmake_clean_cache': False, 'cmake_clean_first': False, 'cmake_force_configure': False, 'cmake_target': None, 'cmake_target_skip_unavailable': False, 'install_base': '/home/amin/cobot/cobot_ws/install/mecharm_communication', 'merge_install': False, 'path': '/home/amin/cobot/cobot_ws/src/mycobot_ros2/mecharm/mecharm_communication', 'symlink_install': False, 'test_result_base': None}
[0.225s] Level 5:colcon.colcon_core.verb:set package 'mecharm_pi' build argument 'cmake_args' from command line to 'None'
[0.226s] Level 5:colcon.colcon_core.verb:set package 'mecharm_pi' build argument 'cmake_target' from command line to 'None'
[0.226s] Level 5:colcon.colcon_core.verb:set package 'mecharm_pi' build argument 'cmake_target_skip_unavailable' from command line to 'False'
[0.226s] Level 5:colcon.colcon_core.verb:set package 'mecharm_pi' build argument 'cmake_clean_cache' from command line to 'False'
[0.226s] Level 5:colcon.colcon_core.verb:set package 'mecharm_pi' build argument 'cmake_clean_first' from command line to 'False'
[0.226s] Level 5:colcon.colcon_core.verb:set package 'mecharm_pi' build argument 'cmake_force_configure' from command line to 'False'
[0.226s] Level 5:colcon.colcon_core.verb:set package 'mecharm_pi' build argument 'ament_cmake_args' from command line to 'None'
[0.226s] Level 5:colcon.colcon_core.verb:set package 'mecharm_pi' build argument 'catkin_cmake_args' from command line to 'None'
[0.226s] Level 5:colcon.colcon_core.verb:set package 'mecharm_pi' build argument 'catkin_skip_building_tests' from command line to 'False'
[0.226s] DEBUG:colcon.colcon_core.verb:Building package 'mecharm_pi' with the following arguments: {'ament_cmake_args': None, 'build_base': '/home/amin/cobot/cobot_ws/build/mecharm_pi', 'catkin_cmake_args': None, 'catkin_skip_building_tests': False, 'cmake_args': None, 'cmake_clean_cache': False, 'cmake_clean_first': False, 'cmake_force_configure': False, 'cmake_target': None, 'cmake_target_skip_unavailable': False, 'install_base': '/home/amin/cobot/cobot_ws/install/mecharm_pi', 'merge_install': False, 'path': '/home/amin/cobot/cobot_ws/src/mycobot_ros2/mecharm/mecharm_pi', 'symlink_install': False, 'test_result_base': None}
[0.226s] Level 5:colcon.colcon_core.verb:set package 'myarm_300' build argument 'cmake_args' from command line to 'None'
[0.226s] Level 5:colcon.colcon_core.verb:set package 'myarm_300' build argument 'cmake_target' from command line to 'None'
[0.226s] Level 5:colcon.colcon_core.verb:set package 'myarm_300' build argument 'cmake_target_skip_unavailable' from command line to 'False'
[0.226s] Level 5:colcon.colcon_core.verb:set package 'myarm_300' build argument 'cmake_clean_cache' from command line to 'False'
[0.226s] Level 5:colcon.colcon_core.verb:set package 'myarm_300' build argument 'cmake_clean_first' from command line to 'False'
[0.226s] Level 5:colcon.colcon_core.verb:set package 'myarm_300' build argument 'cmake_force_configure' from command line to 'False'
[0.226s] Level 5:colcon.colcon_core.verb:set package 'myarm_300' build argument 'ament_cmake_args' from command line to 'None'
[0.226s] Level 5:colcon.colcon_core.verb:set package 'myarm_300' build argument 'catkin_cmake_args' from command line to 'None'
[0.226s] Level 5:colcon.colcon_core.verb:set package 'myarm_300' build argument 'catkin_skip_building_tests' from command line to 'False'
[0.226s] DEBUG:colcon.colcon_core.verb:Building package 'myarm_300' with the following arguments: {'ament_cmake_args': None, 'build_base': '/home/amin/cobot/cobot_ws/build/myarm_300', 'catkin_cmake_args': None, 'catkin_skip_building_tests': False, 'cmake_args': None, 'cmake_clean_cache': False, 'cmake_clean_first': False, 'cmake_force_configure': False, 'cmake_target': None, 'cmake_target_skip_unavailable': False, 'install_base': '/home/amin/cobot/cobot_ws/install/myarm_300', 'merge_install': False, 'path': '/home/amin/cobot/cobot_ws/src/mycobot_ros2/myArm/myarm_300', 'symlink_install': False, 'test_result_base': None}
[0.226s] Level 5:colcon.colcon_core.verb:set package 'mybuddy' build argument 'cmake_args' from command line to 'None'
[0.226s] Level 5:colcon.colcon_core.verb:set package 'mybuddy' build argument 'cmake_target' from command line to 'None'
[0.226s] Level 5:colcon.colcon_core.verb:set package 'mybuddy' build argument 'cmake_target_skip_unavailable' from command line to 'False'
[0.226s] Level 5:colcon.colcon_core.verb:set package 'mybuddy' build argument 'cmake_clean_cache' from command line to 'False'
[0.226s] Level 5:colcon.colcon_core.verb:set package 'mybuddy' build argument 'cmake_clean_first' from command line to 'False'
[0.226s] Level 5:colcon.colcon_core.verb:set package 'mybuddy' build argument 'cmake_force_configure' from command line to 'False'
[0.226s] Level 5:colcon.colcon_core.verb:set package 'mybuddy' build argument 'ament_cmake_args' from command line to 'None'
[0.226s] Level 5:colcon.colcon_core.verb:set package 'mybuddy' build argument 'catkin_cmake_args' from command line to 'None'
[0.226s] Level 5:colcon.colcon_core.verb:set package 'mybuddy' build argument 'catkin_skip_building_tests' from command line to 'False'
[0.226s] DEBUG:colcon.colcon_core.verb:Building package 'mybuddy' with the following arguments: {'ament_cmake_args': None, 'build_base': '/home/amin/cobot/cobot_ws/build/mybuddy', 'catkin_cmake_args': None, 'catkin_skip_building_tests': False, 'cmake_args': None, 'cmake_clean_cache': False, 'cmake_clean_first': False, 'cmake_force_configure': False, 'cmake_target': None, 'cmake_target_skip_unavailable': False, 'install_base': '/home/amin/cobot/cobot_ws/install/mybuddy', 'merge_install': False, 'path': '/home/amin/cobot/cobot_ws/src/mycobot_ros2/Mybuddy/mybuddy', 'symlink_install': False, 'test_result_base': None}
[0.226s] Level 5:colcon.colcon_core.verb:set package 'mycobot_280' build argument 'cmake_args' from command line to 'None'
[0.226s] Level 5:colcon.colcon_core.verb:set package 'mycobot_280' build argument 'cmake_target' from command line to 'None'
[0.226s] Level 5:colcon.colcon_core.verb:set package 'mycobot_280' build argument 'cmake_target_skip_unavailable' from command line to 'False'
[0.226s] Level 5:colcon.colcon_core.verb:set package 'mycobot_280' build argument 'cmake_clean_cache' from command line to 'False'
[0.226s] Level 5:colcon.colcon_core.verb:set package 'mycobot_280' build argument 'cmake_clean_first' from command line to 'False'
[0.226s] Level 5:colcon.colcon_core.verb:set package 'mycobot_280' build argument 'cmake_force_configure' from command line to 'False'
[0.226s] Level 5:colcon.colcon_core.verb:set package 'mycobot_280' build argument 'ament_cmake_args' from command line to 'None'
[0.226s] Level 5:colcon.colcon_core.verb:set package 'mycobot_280' build argument 'catkin_cmake_args' from command line to 'None'
[0.226s] Level 5:colcon.colcon_core.verb:set package 'mycobot_280' build argument 'catkin_skip_building_tests' from command line to 'False'
[0.226s] DEBUG:colcon.colcon_core.verb:Building package 'mycobot_280' with the following arguments: {'ament_cmake_args': None, 'build_base': '/home/amin/cobot/cobot_ws/build/mycobot_280', 'catkin_cmake_args': None, 'catkin_skip_building_tests': False, 'cmake_args': None, 'cmake_clean_cache': False, 'cmake_clean_first': False, 'cmake_force_configure': False, 'cmake_target': None, 'cmake_target_skip_unavailable': False, 'install_base': '/home/amin/cobot/cobot_ws/install/mycobot_280', 'merge_install': False, 'path': '/home/amin/cobot/cobot_ws/src/mycobot_ros2/mycobot_280/mycobot_280', 'symlink_install': False, 'test_result_base': None}
[0.227s] Level 5:colcon.colcon_core.verb:set package 'mycobot_280_arduino' build argument 'cmake_args' from command line to 'None'
[0.227s] Level 5:colcon.colcon_core.verb:set package 'mycobot_280_arduino' build argument 'cmake_target' from command line to 'None'
[0.227s] Level 5:colcon.colcon_core.verb:set package 'mycobot_280_arduino' build argument 'cmake_target_skip_unavailable' from command line to 'False'
[0.227s] Level 5:colcon.colcon_core.verb:set package 'mycobot_280_arduino' build argument 'cmake_clean_cache' from command line to 'False'
[0.227s] Level 5:colcon.colcon_core.verb:set package 'mycobot_280_arduino' build argument 'cmake_clean_first' from command line to 'False'
[0.227s] Level 5:colcon.colcon_core.verb:set package 'mycobot_280_arduino' build argument 'cmake_force_configure' from command line to 'False'
[0.227s] Level 5:colcon.colcon_core.verb:set package 'mycobot_280_arduino' build argument 'ament_cmake_args' from command line to 'None'
[0.227s] Level 5:colcon.colcon_core.verb:set package 'mycobot_280_arduino' build argument 'catkin_cmake_args' from command line to 'None'
[0.227s] Level 5:colcon.colcon_core.verb:set package 'mycobot_280_arduino' build argument 'catkin_skip_building_tests' from command line to 'False'
[0.227s] DEBUG:colcon.colcon_core.verb:Building package 'mycobot_280_arduino' with the following arguments: {'ament_cmake_args': None, 'build_base': '/home/amin/cobot/cobot_ws/build/mycobot_280_arduino', 'catkin_cmake_args': None, 'catkin_skip_building_tests': False, 'cmake_args': None, 'cmake_clean_cache': False, 'cmake_clean_first': False, 'cmake_force_configure': False, 'cmake_target': None, 'cmake_target_skip_unavailable': False, 'install_base': '/home/amin/cobot/cobot_ws/install/mycobot_280_arduino', 'merge_install': False, 'path': '/home/amin/cobot/cobot_ws/src/mycobot_ros2/mycobot_280/mycobot_280_arduino', 'symlink_install': False, 'test_result_base': None}
[0.227s] Level 5:colcon.colcon_core.verb:set package 'mycobot_280_gazebo' build argument 'cmake_args' from command line to 'None'
[0.227s] Level 5:colcon.colcon_core.verb:set package 'mycobot_280_gazebo' build argument 'cmake_target' from command line to 'None'
[0.227s] Level 5:colcon.colcon_core.verb:set package 'mycobot_280_gazebo' build argument 'cmake_target_skip_unavailable' from command line to 'False'
[0.227s] Level 5:colcon.colcon_core.verb:set package 'mycobot_280_gazebo' build argument 'cmake_clean_cache' from command line to 'False'
[0.227s] Level 5:colcon.colcon_core.verb:set package 'mycobot_280_gazebo' build argument 'cmake_clean_first' from command line to 'False'
[0.227s] Level 5:colcon.colcon_core.verb:set package 'mycobot_280_gazebo' build argument 'cmake_force_configure' from command line to 'False'
[0.227s] Level 5:colcon.colcon_core.verb:set package 'mycobot_280_gazebo' build argument 'ament_cmake_args' from command line to 'None'
[0.227s] Level 5:colcon.colcon_core.verb:set package 'mycobot_280_gazebo' build argument 'catkin_cmake_args' from command line to 'None'
[0.227s] Level 5:colcon.colcon_core.verb:set package 'mycobot_280_gazebo' build argument 'catkin_skip_building_tests' from command line to 'False'
[0.227s] DEBUG:colcon.colcon_core.verb:Building package 'mycobot_280_gazebo' with the following arguments: {'ament_cmake_args': None, 'build_base': '/home/amin/cobot/cobot_ws/build/mycobot_280_gazebo', 'catkin_cmake_args': None, 'catkin_skip_building_tests': False, 'cmake_args': None, 'cmake_clean_cache': False, 'cmake_clean_first': False, 'cmake_force_configure': False, 'cmake_target': None, 'cmake_target_skip_unavailable': False, 'install_base': '/home/amin/cobot/cobot_ws/install/mycobot_280_gazebo', 'merge_install': False, 'path': '/home/amin/cobot/cobot_ws/src/mycobot_ros2/mycobot_280_gazebo', 'symlink_install': False, 'test_result_base': None}
[0.227s] Level 5:colcon.colcon_core.verb:set package 'mycobot_280_gazebo_jazzy' build argument 'cmake_args' from command line to 'None'
[0.227s] Level 5:colcon.colcon_core.verb:set package 'mycobot_280_gazebo_jazzy' build argument 'cmake_target' from command line to 'None'
[0.227s] Level 5:colcon.colcon_core.verb:set package 'mycobot_280_gazebo_jazzy' build argument 'cmake_target_skip_unavailable' from command line to 'False'
[0.227s] Level 5:colcon.colcon_core.verb:set package 'mycobot_280_gazebo_jazzy' build argument 'cmake_clean_cache' from command line to 'False'
[0.227s] Level 5:colcon.colcon_core.verb:set package 'mycobot_280_gazebo_jazzy' build argument 'cmake_clean_first' from command line to 'False'
[0.227s] Level 5:colcon.colcon_core.verb:set package 'mycobot_280_gazebo_jazzy' build argument 'cmake_force_configure' from command line to 'False'
[0.227s] Level 5:colcon.colcon_core.verb:set package 'mycobot_280_gazebo_jazzy' build argument 'ament_cmake_args' from command line to 'None'
[0.227s] Level 5:colcon.colcon_core.verb:set package 'mycobot_280_gazebo_jazzy' build argument 'catkin_cmake_args' from command line to 'None'
[0.227s] Level 5:colcon.colcon_core.verb:set package 'mycobot_280_gazebo_jazzy' build argument 'catkin_skip_building_tests' from command line to 'False'
[0.227s] DEBUG:colcon.colcon_core.verb:Building package 'mycobot_280_gazebo_jazzy' with the following arguments: {'ament_cmake_args': None, 'build_base': '/home/amin/cobot/cobot_ws/build/mycobot_280_gazebo_jazzy', 'catkin_cmake_args': None, 'catkin_skip_building_tests': False, 'cmake_args': None, 'cmake_clean_cache': False, 'cmake_clean_first': False, 'cmake_force_configure': False, 'cmake_target': None, 'cmake_target_skip_unavailable': False, 'install_base': '/home/amin/cobot/cobot_ws/install/mycobot_280_gazebo_jazzy', 'merge_install': False, 'path': '/home/amin/cobot/cobot_ws/src/mycobot_ros2/mycobot_280_gazebo_jazzy', 'symlink_install': False, 'test_result_base': None}
[0.227s] Level 5:colcon.colcon_core.verb:set package 'mycobot_280_moveit2' build argument 'cmake_args' from command line to 'None'
[0.227s] Level 5:colcon.colcon_core.verb:set package 'mycobot_280_moveit2' build argument 'cmake_target' from command line to 'None'
[0.227s] Level 5:colcon.colcon_core.verb:set package 'mycobot_280_moveit2' build argument 'cmake_target_skip_unavailable' from command line to 'False'
[0.227s] Level 5:colcon.colcon_core.verb:set package 'mycobot_280_moveit2' build argument 'cmake_clean_cache' from command line to 'False'
[0.227s] Level 5:colcon.colcon_core.verb:set package 'mycobot_280_moveit2' build argument 'cmake_clean_first' from command line to 'False'
[0.227s] Level 5:colcon.colcon_core.verb:set package 'mycobot_280_moveit2' build argument 'cmake_force_configure' from command line to 'False'
[0.227s] Level 5:colcon.colcon_core.verb:set package 'mycobot_280_moveit2' build argument 'ament_cmake_args' from command line to 'None'
[0.227s] Level 5:colcon.colcon_core.verb:set package 'mycobot_280_moveit2' build argument 'catkin_cmake_args' from command line to 'None'
[0.227s] Level 5:colcon.colcon_core.verb:set package 'mycobot_280_moveit2' build argument 'catkin_skip_building_tests' from command line to 'False'
[0.227s] DEBUG:colcon.colcon_core.verb:Building package 'mycobot_280_moveit2' with the following arguments: {'ament_cmake_args': None, 'build_base': '/home/amin/cobot/cobot_ws/build/mycobot_280_moveit2', 'catkin_cmake_args': None, 'catkin_skip_building_tests': False, 'cmake_args': None, 'cmake_clean_cache': False, 'cmake_clean_first': False, 'cmake_force_configure': False, 'cmake_target': None, 'cmake_target_skip_unavailable': False, 'install_base': '/home/amin/cobot/cobot_ws/install/mycobot_280_moveit2', 'merge_install': False, 'path': '/home/amin/cobot/cobot_ws/src/mycobot_ros2/mycobot_280/mycobot_280_moveit2', 'symlink_install': False, 'test_result_base': None}
[0.228s] Level 5:colcon.colcon_core.verb:set package 'mycobot_280_moveit2_control' build argument 'cmake_args' from command line to 'None'
[0.228s] Level 5:colcon.colcon_core.verb:set package 'mycobot_280_moveit2_control' build argument 'cmake_target' from command line to 'None'
[0.228s] Level 5:colcon.colcon_core.verb:set package 'mycobot_280_moveit2_control' build argument 'cmake_target_skip_unavailable' from command line to 'False'
[0.228s] Level 5:colcon.colcon_core.verb:set package 'mycobot_280_moveit2_control' build argument 'cmake_clean_cache' from command line to 'False'
[0.228s] Level 5:colcon.colcon_core.verb:set package 'mycobot_280_moveit2_control' build argument 'cmake_clean_first' from command line to 'False'
[0.228s] Level 5:colcon.colcon_core.verb:set package 'mycobot_280_moveit2_control' build argument 'cmake_force_configure' from command line to 'False'
[0.228s] Level 5:colcon.colcon_core.verb:set package 'mycobot_280_moveit2_control' build argument 'ament_cmake_args' from command line to 'None'
[0.228s] Level 5:colcon.colcon_core.verb:set package 'mycobot_280_moveit2_control' build argument 'catkin_cmake_args' from command line to 'None'
[0.228s] Level 5:colcon.colcon_core.verb:set package 'mycobot_280_moveit2_control' build argument 'catkin_skip_building_tests' from command line to 'False'
[0.228s] DEBUG:colcon.colcon_core.verb:Building package 'mycobot_280_moveit2_control' with the following arguments: {'ament_cmake_args': None, 'build_base': '/home/amin/cobot/cobot_ws/build/mycobot_280_moveit2_control', 'catkin_cmake_args': None, 'catkin_skip_building_tests': False, 'cmake_args': None, 'cmake_clean_cache': False, 'cmake_clean_first': False, 'cmake_force_configure': False, 'cmake_target': None, 'cmake_target_skip_unavailable': False, 'install_base': '/home/amin/cobot/cobot_ws/install/mycobot_280_moveit2_control', 'merge_install': False, 'path': '/home/amin/cobot/cobot_ws/src/mycobot_ros2/mycobot_280/mycobot_280_moveit2_control', 'symlink_install': False, 'test_result_base': None}
[0.228s] Level 5:colcon.colcon_core.verb:set package 'mycobot_280_riscv' build argument 'cmake_args' from command line to 'None'
[0.228s] Level 5:colcon.colcon_core.verb:set package 'mycobot_280_riscv' build argument 'cmake_target' from command line to 'None'
[0.228s] Level 5:colcon.colcon_core.verb:set package 'mycobot_280_riscv' build argument 'cmake_target_skip_unavailable' from command line to 'False'
[0.228s] Level 5:colcon.colcon_core.verb:set package 'mycobot_280_riscv' build argument 'cmake_clean_cache' from command line to 'False'
[0.228s] Level 5:colcon.colcon_core.verb:set package 'mycobot_280_riscv' build argument 'cmake_clean_first' from command line to 'False'
[0.228s] Level 5:colcon.colcon_core.verb:set package 'mycobot_280_riscv' build argument 'cmake_force_configure' from command line to 'False'
[0.228s] Level 5:colcon.colcon_core.verb:set package 'mycobot_280_riscv' build argument 'ament_cmake_args' from command line to 'None'
[0.228s] Level 5:colcon.colcon_core.verb:set package 'mycobot_280_riscv' build argument 'catkin_cmake_args' from command line to 'None'
[0.228s] Level 5:colcon.colcon_core.verb:set package 'mycobot_280_riscv' build argument 'catkin_skip_building_tests' from command line to 'False'
[0.228s] DEBUG:colcon.colcon_core.verb:Building package 'mycobot_280_riscv' with the following arguments: {'ament_cmake_args': None, 'build_base': '/home/amin/cobot/cobot_ws/build/mycobot_280_riscv', 'catkin_cmake_args': None, 'catkin_skip_building_tests': False, 'cmake_args': None, 'cmake_clean_cache': False, 'cmake_clean_first': False, 'cmake_force_configure': False, 'cmake_target': None, 'cmake_target_skip_unavailable': False, 'install_base': '/home/amin/cobot/cobot_ws/install/mycobot_280_riscv', 'merge_install': False, 'path': '/home/amin/cobot/cobot_ws/src/mycobot_ros2/mycobot_280/mycobot_280_riscv', 'symlink_install': False, 'test_result_base': None}
[0.228s] Level 5:colcon.colcon_core.verb:set package 'mycobot_280_x3pi' build argument 'cmake_args' from command line to 'None'
[0.228s] Level 5:colcon.colcon_core.verb:set package 'mycobot_280_x3pi' build argument 'cmake_target' from command line to 'None'
[0.228s] Level 5:colcon.colcon_core.verb:set package 'mycobot_280_x3pi' build argument 'cmake_target_skip_unavailable' from command line to 'False'
[0.228s] Level 5:colcon.colcon_core.verb:set package 'mycobot_280_x3pi' build argument 'cmake_clean_cache' from command line to 'False'
[0.228s] Level 5:colcon.colcon_core.verb:set package 'mycobot_280_x3pi' build argument 'cmake_clean_first' from command line to 'False'
[0.228s] Level 5:colcon.colcon_core.verb:set package 'mycobot_280_x3pi' build argument 'cmake_force_configure' from command line to 'False'
[0.228s] Level 5:colcon.colcon_core.verb:set package 'mycobot_280_x3pi' build argument 'ament_cmake_args' from command line to 'None'
[0.228s] Level 5:colcon.colcon_core.verb:set package 'mycobot_280_x3pi' build argument 'catkin_cmake_args' from command line to 'None'
[0.228s] Level 5:colcon.colcon_core.verb:set package 'mycobot_280_x3pi' build argument 'catkin_skip_building_tests' from command line to 'False'
[0.228s] DEBUG:colcon.colcon_core.verb:Building package 'mycobot_280_x3pi' with the following arguments: {'ament_cmake_args': None, 'build_base': '/home/amin/cobot/cobot_ws/build/mycobot_280_x3pi', 'catkin_cmake_args': None, 'catkin_skip_building_tests': False, 'cmake_args': None, 'cmake_clean_cache': False, 'cmake_clean_first': False, 'cmake_force_configure': False, 'cmake_target': None, 'cmake_target_skip_unavailable': False, 'install_base': '/home/amin/cobot/cobot_ws/install/mycobot_280_x3pi', 'merge_install': False, 'path': '/home/amin/cobot/cobot_ws/src/mycobot_ros2/mycobot_280/mycobot_280_x3pi', 'symlink_install': False, 'test_result_base': None}
[0.228s] Level 5:colcon.colcon_core.verb:set package 'mycobot_280arduino_moveit2' build argument 'cmake_args' from command line to 'None'
[0.228s] Level 5:colcon.colcon_core.verb:set package 'mycobot_280arduino_moveit2' build argument 'cmake_target' from command line to 'None'
[0.228s] Level 5:colcon.colcon_core.verb:set package 'mycobot_280arduino_moveit2' build argument 'cmake_target_skip_unavailable' from command line to 'False'
[0.228s] Level 5:colcon.colcon_core.verb:set package 'mycobot_280arduino_moveit2' build argument 'cmake_clean_cache' from command line to 'False'
[0.228s] Level 5:colcon.colcon_core.verb:set package 'mycobot_280arduino_moveit2' build argument 'cmake_clean_first' from command line to 'False'
[0.228s] Level 5:colcon.colcon_core.verb:set package 'mycobot_280arduino_moveit2' build argument 'cmake_force_configure' from command line to 'False'
[0.228s] Level 5:colcon.colcon_core.verb:set package 'mycobot_280arduino_moveit2' build argument 'ament_cmake_args' from command line to 'None'
[0.228s] Level 5:colcon.colcon_core.verb:set package 'mycobot_280arduino_moveit2' build argument 'catkin_cmake_args' from command line to 'None'
[0.228s] Level 5:colcon.colcon_core.verb:set package 'mycobot_280arduino_moveit2' build argument 'catkin_skip_building_tests' from command line to 'False'
[0.228s] DEBUG:colcon.colcon_core.verb:Building package 'mycobot_280arduino_moveit2' with the following arguments: {'ament_cmake_args': None, 'build_base': '/home/amin/cobot/cobot_ws/build/mycobot_280arduino_moveit2', 'catkin_cmake_args': None, 'catkin_skip_building_tests': False, 'cmake_args': None, 'cmake_clean_cache': False, 'cmake_clean_first': False, 'cmake_force_configure': False, 'cmake_target': None, 'cmake_target_skip_unavailable': False, 'install_base': '/home/amin/cobot/cobot_ws/install/mycobot_280arduino_moveit2', 'merge_install': False, 'path': '/home/amin/cobot/cobot_ws/src/mycobot_ros2/mycobot_280/mycobot_280arduino_moveit2', 'symlink_install': False, 'test_result_base': None}
[0.229s] Level 5:colcon.colcon_core.verb:set package 'mycobot_280jn' build argument 'cmake_args' from command line to 'None'
[0.229s] Level 5:colcon.colcon_core.verb:set package 'mycobot_280jn' build argument 'cmake_target' from command line to 'None'
[0.229s] Level 5:colcon.colcon_core.verb:set package 'mycobot_280jn' build argument 'cmake_target_skip_unavailable' from command line to 'False'
[0.229s] Level 5:colcon.colcon_core.verb:set package 'mycobot_280jn' build argument 'cmake_clean_cache' from command line to 'False'
[0.229s] Level 5:colcon.colcon_core.verb:set package 'mycobot_280jn' build argument 'cmake_clean_first' from command line to 'False'
[0.229s] Level 5:colcon.colcon_core.verb:set package 'mycobot_280jn' build argument 'cmake_force_configure' from command line to 'False'
[0.229s] Level 5:colcon.colcon_core.verb:set package 'mycobot_280jn' build argument 'ament_cmake_args' from command line to 'None'
[0.229s] Level 5:colcon.colcon_core.verb:set package 'mycobot_280jn' build argument 'catkin_cmake_args' from command line to 'None'
[0.229s] Level 5:colcon.colcon_core.verb:set package 'mycobot_280jn' build argument 'catkin_skip_building_tests' from command line to 'False'
[0.229s] DEBUG:colcon.colcon_core.verb:Building package 'mycobot_280jn' with the following arguments: {'ament_cmake_args': None, 'build_base': '/home/amin/cobot/cobot_ws/build/mycobot_280jn', 'catkin_cmake_args': None, 'catkin_skip_building_tests': False, 'cmake_args': None, 'cmake_clean_cache': False, 'cmake_clean_first': False, 'cmake_force_configure': False, 'cmake_target': None, 'cmake_target_skip_unavailable': False, 'install_base': '/home/amin/cobot/cobot_ws/install/mycobot_280jn', 'merge_install': False, 'path': '/home/amin/cobot/cobot_ws/src/mycobot_ros2/mycobot_280/mycobot_280jn', 'symlink_install': False, 'test_result_base': None}
[0.229s] Level 5:colcon.colcon_core.verb:set package 'mycobot_280pi' build argument 'cmake_args' from command line to 'None'
[0.229s] Level 5:colcon.colcon_core.verb:set package 'mycobot_280pi' build argument 'cmake_target' from command line to 'None'
[0.229s] Level 5:colcon.colcon_core.verb:set package 'mycobot_280pi' build argument 'cmake_target_skip_unavailable' from command line to 'False'
[0.229s] Level 5:colcon.colcon_core.verb:set package 'mycobot_280pi' build argument 'cmake_clean_cache' from command line to 'False'
[0.229s] Level 5:colcon.colcon_core.verb:set package 'mycobot_280pi' build argument 'cmake_clean_first' from command line to 'False'
[0.229s] Level 5:colcon.colcon_core.verb:set package 'mycobot_280pi' build argument 'cmake_force_configure' from command line to 'False'
[0.229s] Level 5:colcon.colcon_core.verb:set package 'mycobot_280pi' build argument 'ament_cmake_args' from command line to 'None'
[0.229s] Level 5:colcon.colcon_core.verb:set package 'mycobot_280pi' build argument 'catkin_cmake_args' from command line to 'None'
[0.229s] Level 5:colcon.colcon_core.verb:set package 'mycobot_280pi' build argument 'catkin_skip_building_tests' from command line to 'False'
[0.229s] DEBUG:colcon.colcon_core.verb:Building package 'mycobot_280pi' with the following arguments: {'ament_cmake_args': None, 'build_base': '/home/amin/cobot/cobot_ws/build/mycobot_280pi', 'catkin_cmake_args': None, 'catkin_skip_building_tests': False, 'cmake_args': None, 'cmake_clean_cache': False, 'cmake_clean_first': False, 'cmake_force_configure': False, 'cmake_target': None, 'cmake_target_skip_unavailable': False, 'install_base': '/home/amin/cobot/cobot_ws/install/mycobot_280pi', 'merge_install': False, 'path': '/home/amin/cobot/cobot_ws/src/mycobot_ros2/mycobot_280/mycobot_280pi', 'symlink_install': False, 'test_result_base': None}
[0.229s] Level 5:colcon.colcon_core.verb:set package 'mycobot_280rdkx5_moveit2' build argument 'cmake_args' from command line to 'None'
[0.229s] Level 5:colcon.colcon_core.verb:set package 'mycobot_280rdkx5_moveit2' build argument 'cmake_target' from command line to 'None'
[0.229s] Level 5:colcon.colcon_core.verb:set package 'mycobot_280rdkx5_moveit2' build argument 'cmake_target_skip_unavailable' from command line to 'False'
[0.229s] Level 5:colcon.colcon_core.verb:set package 'mycobot_280rdkx5_moveit2' build argument 'cmake_clean_cache' from command line to 'False'
[0.229s] Level 5:colcon.colcon_core.verb:set package 'mycobot_280rdkx5_moveit2' build argument 'cmake_clean_first' from command line to 'False'
[0.229s] Level 5:colcon.colcon_core.verb:set package 'mycobot_280rdkx5_moveit2' build argument 'cmake_force_configure' from command line to 'False'
[0.229s] Level 5:colcon.colcon_core.verb:set package 'mycobot_280rdkx5_moveit2' build argument 'ament_cmake_args' from command line to 'None'
[0.229s] Level 5:colcon.colcon_core.verb:set package 'mycobot_280rdkx5_moveit2' build argument 'catkin_cmake_args' from command line to 'None'
[0.229s] Level 5:colcon.colcon_core.verb:set package 'mycobot_280rdkx5_moveit2' build argument 'catkin_skip_building_tests' from command line to 'False'
[0.229s] DEBUG:colcon.colcon_core.verb:Building package 'mycobot_280rdkx5_moveit2' with the following arguments: {'ament_cmake_args': None, 'build_base': '/home/amin/cobot/cobot_ws/build/mycobot_280rdkx5_moveit2', 'catkin_cmake_args': None, 'catkin_skip_building_tests': False, 'cmake_args': None, 'cmake_clean_cache': False, 'cmake_clean_first': False, 'cmake_force_configure': False, 'cmake_target': None, 'cmake_target_skip_unavailable': False, 'install_base': '/home/amin/cobot/cobot_ws/install/mycobot_280rdkx5_moveit2', 'merge_install': False, 'path': '/home/amin/cobot/cobot_ws/src/mycobot_ros2/mycobot_280/mycobot_280rdkx5_moveit2', 'symlink_install': False, 'test_result_base': None}
[0.229s] Level 5:colcon.colcon_core.verb:set package 'mycobot_320' build argument 'cmake_args' from command line to 'None'
[0.229s] Level 5:colcon.colcon_core.verb:set package 'mycobot_320' build argument 'cmake_target' from command line to 'None'
[0.229s] Level 5:colcon.colcon_core.verb:set package 'mycobot_320' build argument 'cmake_target_skip_unavailable' from command line to 'False'
[0.229s] Level 5:colcon.colcon_core.verb:set package 'mycobot_320' build argument 'cmake_clean_cache' from command line to 'False'
[0.229s] Level 5:colcon.colcon_core.verb:set package 'mycobot_320' build argument 'cmake_clean_first' from command line to 'False'
[0.229s] Level 5:colcon.colcon_core.verb:set package 'mycobot_320' build argument 'cmake_force_configure' from command line to 'False'
[0.229s] Level 5:colcon.colcon_core.verb:set package 'mycobot_320' build argument 'ament_cmake_args' from command line to 'None'
[0.229s] Level 5:colcon.colcon_core.verb:set package 'mycobot_320' build argument 'catkin_cmake_args' from command line to 'None'
[0.229s] Level 5:colcon.colcon_core.verb:set package 'mycobot_320' build argument 'catkin_skip_building_tests' from command line to 'False'
[0.229s] DEBUG:colcon.colcon_core.verb:Building package 'mycobot_320' with the following arguments: {'ament_cmake_args': None, 'build_base': '/home/amin/cobot/cobot_ws/build/mycobot_320', 'catkin_cmake_args': None, 'catkin_skip_building_tests': False, 'cmake_args': None, 'cmake_clean_cache': False, 'cmake_clean_first': False, 'cmake_force_configure': False, 'cmake_target': None, 'cmake_target_skip_unavailable': False, 'install_base': '/home/amin/cobot/cobot_ws/install/mycobot_320', 'merge_install': False, 'path': '/home/amin/cobot/cobot_ws/src/mycobot_ros2/mycobot_320/mycobot_320', 'symlink_install': False, 'test_result_base': None}
[0.230s] Level 5:colcon.colcon_core.verb:set package 'mycobot_320_riscv' build argument 'cmake_args' from command line to 'None'
[0.230s] Level 5:colcon.colcon_core.verb:set package 'mycobot_320_riscv' build argument 'cmake_target' from command line to 'None'
[0.230s] Level 5:colcon.colcon_core.verb:set package 'mycobot_320_riscv' build argument 'cmake_target_skip_unavailable' from command line to 'False'
[0.230s] Level 5:colcon.colcon_core.verb:set package 'mycobot_320_riscv' build argument 'cmake_clean_cache' from command line to 'False'
[0.230s] Level 5:colcon.colcon_core.verb:set package 'mycobot_320_riscv' build argument 'cmake_clean_first' from command line to 'False'
[0.230s] Level 5:colcon.colcon_core.verb:set package 'mycobot_320_riscv' build argument 'cmake_force_configure' from command line to 'False'
[0.230s] Level 5:colcon.colcon_core.verb:set package 'mycobot_320_riscv' build argument 'ament_cmake_args' from command line to 'None'
[0.230s] Level 5:colcon.colcon_core.verb:set package 'mycobot_320_riscv' build argument 'catkin_cmake_args' from command line to 'None'
[0.230s] Level 5:colcon.colcon_core.verb:set package 'mycobot_320_riscv' build argument 'catkin_skip_building_tests' from command line to 'False'
[0.230s] DEBUG:colcon.colcon_core.verb:Building package 'mycobot_320_riscv' with the following arguments: {'ament_cmake_args': None, 'build_base': '/home/amin/cobot/cobot_ws/build/mycobot_320_riscv', 'catkin_cmake_args': None, 'catkin_skip_building_tests': False, 'cmake_args': None, 'cmake_clean_cache': False, 'cmake_clean_first': False, 'cmake_force_configure': False, 'cmake_target': None, 'cmake_target_skip_unavailable': False, 'install_base': '/home/amin/cobot/cobot_ws/install/mycobot_320_riscv', 'merge_install': False, 'path': '/home/amin/cobot/cobot_ws/src/mycobot_ros2/mycobot_320/mycobot_320_riscv', 'symlink_install': False, 'test_result_base': None}
[0.230s] Level 5:colcon.colcon_core.verb:set package 'mycobot_320pi' build argument 'cmake_args' from command line to 'None'
[0.230s] Level 5:colcon.colcon_core.verb:set package 'mycobot_320pi' build argument 'cmake_target' from command line to 'None'
[0.230s] Level 5:colcon.colcon_core.verb:set package 'mycobot_320pi' build argument 'cmake_target_skip_unavailable' from command line to 'False'
[0.230s] Level 5:colcon.colcon_core.verb:set package 'mycobot_320pi' build argument 'cmake_clean_cache' from command line to 'False'
[0.230s] Level 5:colcon.colcon_core.verb:set package 'mycobot_320pi' build argument 'cmake_clean_first' from command line to 'False'
[0.230s] Level 5:colcon.colcon_core.verb:set package 'mycobot_320pi' build argument 'cmake_force_configure' from command line to 'False'
[0.230s] Level 5:colcon.colcon_core.verb:set package 'mycobot_320pi' build argument 'ament_cmake_args' from command line to 'None'
[0.230s] Level 5:colcon.colcon_core.verb:set package 'mycobot_320pi' build argument 'catkin_cmake_args' from command line to 'None'
[0.230s] Level 5:colcon.colcon_core.verb:set package 'mycobot_320pi' build argument 'catkin_skip_building_tests' from command line to 'False'
[0.230s] DEBUG:colcon.colcon_core.verb:Building package 'mycobot_320pi' with the following arguments: {'ament_cmake_args': None, 'build_base': '/home/amin/cobot/cobot_ws/build/mycobot_320pi', 'catkin_cmake_args': None, 'catkin_skip_building_tests': False, 'cmake_args': None, 'cmake_clean_cache': False, 'cmake_clean_first': False, 'cmake_force_configure': False, 'cmake_target': None, 'cmake_target_skip_unavailable': False, 'install_base': '/home/amin/cobot/cobot_ws/install/mycobot_320pi', 'merge_install': False, 'path': '/home/amin/cobot/cobot_ws/src/mycobot_ros2/mycobot_320/mycobot_320pi', 'symlink_install': False, 'test_result_base': None}
[0.230s] Level 5:colcon.colcon_core.verb:set package 'mycobot_600' build argument 'cmake_args' from command line to 'None'
[0.230s] Level 5:colcon.colcon_core.verb:set package 'mycobot_600' build argument 'cmake_target' from command line to 'None'
[0.230s] Level 5:colcon.colcon_core.verb:set package 'mycobot_600' build argument 'cmake_target_skip_unavailable' from command line to 'False'
[0.230s] Level 5:colcon.colcon_core.verb:set package 'mycobot_600' build argument 'cmake_clean_cache' from command line to 'False'
[0.230s] Level 5:colcon.colcon_core.verb:set package 'mycobot_600' build argument 'cmake_clean_first' from command line to 'False'
[0.230s] Level 5:colcon.colcon_core.verb:set package 'mycobot_600' build argument 'cmake_force_configure' from command line to 'False'
[0.230s] Level 5:colcon.colcon_core.verb:set package 'mycobot_600' build argument 'ament_cmake_args' from command line to 'None'
[0.230s] Level 5:colcon.colcon_core.verb:set package 'mycobot_600' build argument 'catkin_cmake_args' from command line to 'None'
[0.230s] Level 5:colcon.colcon_core.verb:set package 'mycobot_600' build argument 'catkin_skip_building_tests' from command line to 'False'
[0.230s] DEBUG:colcon.colcon_core.verb:Building package 'mycobot_600' with the following arguments: {'ament_cmake_args': None, 'build_base': '/home/amin/cobot/cobot_ws/build/mycobot_600', 'catkin_cmake_args': None, 'catkin_skip_building_tests': False, 'cmake_args': None, 'cmake_clean_cache': False, 'cmake_clean_first': False, 'cmake_force_configure': False, 'cmake_target': None, 'cmake_target_skip_unavailable': False, 'install_base': '/home/amin/cobot/cobot_ws/install/mycobot_600', 'merge_install': False, 'path': '/home/amin/cobot/cobot_ws/src/mycobot_ros2/mycobot_pro/mycobot_600', 'symlink_install': False, 'test_result_base': None}
[0.230s] Level 5:colcon.colcon_core.verb:set package 'mycobot_630' build argument 'cmake_args' from command line to 'None'
[0.230s] Level 5:colcon.colcon_core.verb:set package 'mycobot_630' build argument 'cmake_target' from command line to 'None'
[0.230s] Level 5:colcon.colcon_core.verb:set package 'mycobot_630' build argument 'cmake_target_skip_unavailable' from command line to 'False'
[0.230s] Level 5:colcon.colcon_core.verb:set package 'mycobot_630' build argument 'cmake_clean_cache' from command line to 'False'
[0.230s] Level 5:colcon.colcon_core.verb:set package 'mycobot_630' build argument 'cmake_clean_first' from command line to 'False'
[0.230s] Level 5:colcon.colcon_core.verb:set package 'mycobot_630' build argument 'cmake_force_configure' from command line to 'False'
[0.230s] Level 5:colcon.colcon_core.verb:set package 'mycobot_630' build argument 'ament_cmake_args' from command line to 'None'
[0.230s] Level 5:colcon.colcon_core.verb:set package 'mycobot_630' build argument 'catkin_cmake_args' from command line to 'None'
[0.230s] Level 5:colcon.colcon_core.verb:set package 'mycobot_630' build argument 'catkin_skip_building_tests' from command line to 'False'
[0.230s] DEBUG:colcon.colcon_core.verb:Building package 'mycobot_630' with the following arguments: {'ament_cmake_args': None, 'build_base': '/home/amin/cobot/cobot_ws/build/mycobot_630', 'catkin_cmake_args': None, 'catkin_skip_building_tests': False, 'cmake_args': None, 'cmake_clean_cache': False, 'cmake_clean_first': False, 'cmake_force_configure': False, 'cmake_target': None, 'cmake_target_skip_unavailable': False, 'install_base': '/home/amin/cobot/cobot_ws/install/mycobot_630', 'merge_install': False, 'path': '/home/amin/cobot/cobot_ws/src/mycobot_ros2/mycobot_pro/mycobot_630', 'symlink_install': False, 'test_result_base': None}
[0.231s] Level 5:colcon.colcon_core.verb:set package 'mycobot_communication' build argument 'cmake_args' from command line to 'None'
[0.231s] Level 5:colcon.colcon_core.verb:set package 'mycobot_communication' build argument 'cmake_target' from command line to 'None'
[0.231s] Level 5:colcon.colcon_core.verb:set package 'mycobot_communication' build argument 'cmake_target_skip_unavailable' from command line to 'False'
[0.231s] Level 5:colcon.colcon_core.verb:set package 'mycobot_communication' build argument 'cmake_clean_cache' from command line to 'False'
[0.231s] Level 5:colcon.colcon_core.verb:set package 'mycobot_communication' build argument 'cmake_clean_first' from command line to 'False'
[0.231s] Level 5:colcon.colcon_core.verb:set package 'mycobot_communication' build argument 'cmake_force_configure' from command line to 'False'
[0.231s] Level 5:colcon.colcon_core.verb:set package 'mycobot_communication' build argument 'ament_cmake_args' from command line to 'None'
[0.231s] Level 5:colcon.colcon_core.verb:set package 'mycobot_communication' build argument 'catkin_cmake_args' from command line to 'None'
[0.231s] Level 5:colcon.colcon_core.verb:set package 'mycobot_communication' build argument 'catkin_skip_building_tests' from command line to 'False'
[0.231s] DEBUG:colcon.colcon_core.verb:Building package 'mycobot_communication' with the following arguments: {'ament_cmake_args': None, 'build_base': '/home/amin/cobot/cobot_ws/build/mycobot_communication', 'catkin_cmake_args': None, 'catkin_skip_building_tests': False, 'cmake_args': None, 'cmake_clean_cache': False, 'cmake_clean_first': False, 'cmake_force_configure': False, 'cmake_target': None, 'cmake_target_skip_unavailable': False, 'install_base': '/home/amin/cobot/cobot_ws/install/mycobot_communication', 'merge_install': False, 'path': '/home/amin/cobot/cobot_ws/src/mycobot_ros2/mycobot_communication', 'symlink_install': False, 'test_result_base': None}
[0.231s] Level 5:colcon.colcon_core.verb:set package 'mycobot_pro_450' build argument 'cmake_args' from command line to 'None'
[0.231s] Level 5:colcon.colcon_core.verb:set package 'mycobot_pro_450' build argument 'cmake_target' from command line to 'None'
[0.231s] Level 5:colcon.colcon_core.verb:set package 'mycobot_pro_450' build argument 'cmake_target_skip_unavailable' from command line to 'False'
[0.231s] Level 5:colcon.colcon_core.verb:set package 'mycobot_pro_450' build argument 'cmake_clean_cache' from command line to 'False'
[0.231s] Level 5:colcon.colcon_core.verb:set package 'mycobot_pro_450' build argument 'cmake_clean_first' from command line to 'False'
[0.231s] Level 5:colcon.colcon_core.verb:set package 'mycobot_pro_450' build argument 'cmake_force_configure' from command line to 'False'
[0.231s] Level 5:colcon.colcon_core.verb:set package 'mycobot_pro_450' build argument 'ament_cmake_args' from command line to 'None'
[0.231s] Level 5:colcon.colcon_core.verb:set package 'mycobot_pro_450' build argument 'catkin_cmake_args' from command line to 'None'
[0.231s] Level 5:colcon.colcon_core.verb:set package 'mycobot_pro_450' build argument 'catkin_skip_building_tests' from command line to 'False'
[0.231s] DEBUG:colcon.colcon_core.verb:Building package 'mycobot_pro_450' with the following arguments: {'ament_cmake_args': None, 'build_base': '/home/amin/cobot/cobot_ws/build/mycobot_pro_450', 'catkin_cmake_args': None, 'catkin_skip_building_tests': False, 'cmake_args': None, 'cmake_clean_cache': False, 'cmake_clean_first': False, 'cmake_force_configure': False, 'cmake_target': None, 'cmake_target_skip_unavailable': False, 'install_base': '/home/amin/cobot/cobot_ws/install/mycobot_pro_450', 'merge_install': False, 'path': '/home/amin/cobot/cobot_ws/src/mycobot_ros2/mycobot_pro/mycobot_pro_450', 'symlink_install': False, 'test_result_base': None}
[0.231s] Level 5:colcon.colcon_core.verb:set package 'mypalletizer_260' build argument 'cmake_args' from command line to 'None'
[0.231s] Level 5:colcon.colcon_core.verb:set package 'mypalletizer_260' build argument 'cmake_target' from command line to 'None'
[0.231s] Level 5:colcon.colcon_core.verb:set package 'mypalletizer_260' build argument 'cmake_target_skip_unavailable' from command line to 'False'
[0.231s] Level 5:colcon.colcon_core.verb:set package 'mypalletizer_260' build argument 'cmake_clean_cache' from command line to 'False'
[0.231s] Level 5:colcon.colcon_core.verb:set package 'mypalletizer_260' build argument 'cmake_clean_first' from command line to 'False'
[0.231s] Level 5:colcon.colcon_core.verb:set package 'mypalletizer_260' build argument 'cmake_force_configure' from command line to 'False'
[0.231s] Level 5:colcon.colcon_core.verb:set package 'mypalletizer_260' build argument 'ament_cmake_args' from command line to 'None'
[0.231s] Level 5:colcon.colcon_core.verb:set package 'mypalletizer_260' build argument 'catkin_cmake_args' from command line to 'None'
[0.231s] Level 5:colcon.colcon_core.verb:set package 'mypalletizer_260' build argument 'catkin_skip_building_tests' from command line to 'False'
[0.231s] DEBUG:colcon.colcon_core.verb:Building package 'mypalletizer_260' with the following arguments: {'ament_cmake_args': None, 'build_base': '/home/amin/cobot/cobot_ws/build/mypalletizer_260', 'catkin_cmake_args': None, 'catkin_skip_building_tests': False, 'cmake_args': None, 'cmake_clean_cache': False, 'cmake_clean_first': False, 'cmake_force_configure': False, 'cmake_target': None, 'cmake_target_skip_unavailable': False, 'install_base': '/home/amin/cobot/cobot_ws/install/mypalletizer_260', 'merge_install': False, 'path': '/home/amin/cobot/cobot_ws/src/mycobot_ros2/mypalletizer_260/mypalletizer_260', 'symlink_install': False, 'test_result_base': None}
[0.231s] Level 5:colcon.colcon_core.verb:set package 'mypalletizer_260_pi' build argument 'cmake_args' from command line to 'None'
[0.231s] Level 5:colcon.colcon_core.verb:set package 'mypalletizer_260_pi' build argument 'cmake_target' from command line to 'None'
[0.231s] Level 5:colcon.colcon_core.verb:set package 'mypalletizer_260_pi' build argument 'cmake_target_skip_unavailable' from command line to 'False'
[0.231s] Level 5:colcon.colcon_core.verb:set package 'mypalletizer_260_pi' build argument 'cmake_clean_cache' from command line to 'False'
[0.231s] Level 5:colcon.colcon_core.verb:set package 'mypalletizer_260_pi' build argument 'cmake_clean_first' from command line to 'False'
[0.231s] Level 5:colcon.colcon_core.verb:set package 'mypalletizer_260_pi' build argument 'cmake_force_configure' from command line to 'False'
[0.231s] Level 5:colcon.colcon_core.verb:set package 'mypalletizer_260_pi' build argument 'ament_cmake_args' from command line to 'None'
[0.231s] Level 5:colcon.colcon_core.verb:set package 'mypalletizer_260_pi' build argument 'catkin_cmake_args' from command line to 'None'
[0.231s] Level 5:colcon.colcon_core.verb:set package 'mypalletizer_260_pi' build argument 'catkin_skip_building_tests' from command line to 'False'
[0.231s] DEBUG:colcon.colcon_core.verb:Building package 'mypalletizer_260_pi' with the following arguments: {'ament_cmake_args': None, 'build_base': '/home/amin/cobot/cobot_ws/build/mypalletizer_260_pi', 'catkin_cmake_args': None, 'catkin_skip_building_tests': False, 'cmake_args': None, 'cmake_clean_cache': False, 'cmake_clean_first': False, 'cmake_force_configure': False, 'cmake_target': None, 'cmake_target_skip_unavailable': False, 'install_base': '/home/amin/cobot/cobot_ws/install/mypalletizer_260_pi', 'merge_install': False, 'path': '/home/amin/cobot/cobot_ws/src/mycobot_ros2/mypalletizer_260/mypalletizer_260_pi', 'symlink_install': False, 'test_result_base': None}
[0.232s] Level 5:colcon.colcon_core.verb:set package 'mypalletizer_communication' build argument 'cmake_args' from command line to 'None'
[0.232s] Level 5:colcon.colcon_core.verb:set package 'mypalletizer_communication' build argument 'cmake_target' from command line to 'None'
[0.232s] Level 5:colcon.colcon_core.verb:set package 'mypalletizer_communication' build argument 'cmake_target_skip_unavailable' from command line to 'False'
[0.232s] Level 5:colcon.colcon_core.verb:set package 'mypalletizer_communication' build argument 'cmake_clean_cache' from command line to 'False'
[0.232s] Level 5:colcon.colcon_core.verb:set package 'mypalletizer_communication' build argument 'cmake_clean_first' from command line to 'False'
[0.232s] Level 5:colcon.colcon_core.verb:set package 'mypalletizer_communication' build argument 'cmake_force_configure' from command line to 'False'
[0.232s] Level 5:colcon.colcon_core.verb:set package 'mypalletizer_communication' build argument 'ament_cmake_args' from command line to 'None'
[0.232s] Level 5:colcon.colcon_core.verb:set package 'mypalletizer_communication' build argument 'catkin_cmake_args' from command line to 'None'
[0.232s] Level 5:colcon.colcon_core.verb:set package 'mypalletizer_communication' build argument 'catkin_skip_building_tests' from command line to 'False'
[0.232s] DEBUG:colcon.colcon_core.verb:Building package 'mypalletizer_communication' with the following arguments: {'ament_cmake_args': None, 'build_base': '/home/amin/cobot/cobot_ws/build/mypalletizer_communication', 'catkin_cmake_args': None, 'catkin_skip_building_tests': False, 'cmake_args': None, 'cmake_clean_cache': False, 'cmake_clean_first': False, 'cmake_force_configure': False, 'cmake_target': None, 'cmake_target_skip_unavailable': False, 'install_base': '/home/amin/cobot/cobot_ws/install/mypalletizer_communication', 'merge_install': False, 'path': '/home/amin/cobot/cobot_ws/src/mycobot_ros2/mypalletizer_260/mypalletizer_communication', 'symlink_install': False, 'test_result_base': None}
[0.232s] Level 5:colcon.colcon_core.verb:set package 'pro450_moveit2' build argument 'cmake_args' from command line to 'None'
[0.232s] Level 5:colcon.colcon_core.verb:set package 'pro450_moveit2' build argument 'cmake_target' from command line to 'None'
[0.232s] Level 5:colcon.colcon_core.verb:set package 'pro450_moveit2' build argument 'cmake_target_skip_unavailable' from command line to 'False'
[0.232s] Level 5:colcon.colcon_core.verb:set package 'pro450_moveit2' build argument 'cmake_clean_cache' from command line to 'False'
[0.232s] Level 5:colcon.colcon_core.verb:set package 'pro450_moveit2' build argument 'cmake_clean_first' from command line to 'False'
[0.232s] Level 5:colcon.colcon_core.verb:set package 'pro450_moveit2' build argument 'cmake_force_configure' from command line to 'False'
[0.232s] Level 5:colcon.colcon_core.verb:set package 'pro450_moveit2' build argument 'ament_cmake_args' from command line to 'None'
[0.232s] Level 5:colcon.colcon_core.verb:set package 'pro450_moveit2' build argument 'catkin_cmake_args' from command line to 'None'
[0.232s] Level 5:colcon.colcon_core.verb:set package 'pro450_moveit2' build argument 'catkin_skip_building_tests' from command line to 'False'
[0.232s] DEBUG:colcon.colcon_core.verb:Building package 'pro450_moveit2' with the following arguments: {'ament_cmake_args': None, 'build_base': '/home/amin/cobot/cobot_ws/build/pro450_moveit2', 'catkin_cmake_args': None, 'catkin_skip_building_tests': False, 'cmake_args': None, 'cmake_clean_cache': False, 'cmake_clean_first': False, 'cmake_force_configure': False, 'cmake_target': None, 'cmake_target_skip_unavailable': False, 'install_base': '/home/amin/cobot/cobot_ws/install/pro450_moveit2', 'merge_install': False, 'path': '/home/amin/cobot/cobot_ws/src/mycobot_ros2/mycobot_pro/pro450_moveit2', 'symlink_install': False, 'test_result_base': None}
[0.232s] Level 5:colcon.colcon_core.verb:set package 'pro450_moveit2_control' build argument 'cmake_args' from command line to 'None'
[0.232s] Level 5:colcon.colcon_core.verb:set package 'pro450_moveit2_control' build argument 'cmake_target' from command line to 'None'
[0.232s] Level 5:colcon.colcon_core.verb:set package 'pro450_moveit2_control' build argument 'cmake_target_skip_unavailable' from command line to 'False'
[0.232s] Level 5:colcon.colcon_core.verb:set package 'pro450_moveit2_control' build argument 'cmake_clean_cache' from command line to 'False'
[0.232s] Level 5:colcon.colcon_core.verb:set package 'pro450_moveit2_control' build argument 'cmake_clean_first' from command line to 'False'
[0.232s] Level 5:colcon.colcon_core.verb:set package 'pro450_moveit2_control' build argument 'cmake_force_configure' from command line to 'False'
[0.232s] Level 5:colcon.colcon_core.verb:set package 'pro450_moveit2_control' build argument 'ament_cmake_args' from command line to 'None'
[0.232s] Level 5:colcon.colcon_core.verb:set package 'pro450_moveit2_control' build argument 'catkin_cmake_args' from command line to 'None'
[0.232s] Level 5:colcon.colcon_core.verb:set package 'pro450_moveit2_control' build argument 'catkin_skip_building_tests' from command line to 'False'
[0.232s] DEBUG:colcon.colcon_core.verb:Building package 'pro450_moveit2_control' with the following arguments: {'ament_cmake_args': None, 'build_base': '/home/amin/cobot/cobot_ws/build/pro450_moveit2_control', 'catkin_cmake_args': None, 'catkin_skip_building_tests': False, 'cmake_args': None, 'cmake_clean_cache': False, 'cmake_clean_first': False, 'cmake_force_configure': False, 'cmake_target': None, 'cmake_target_skip_unavailable': False, 'install_base': '/home/amin/cobot/cobot_ws/install/pro450_moveit2_control', 'merge_install': False, 'path': '/home/amin/cobot/cobot_ws/src/mycobot_ros2/mycobot_pro/pro450_moveit2_control', 'symlink_install': False, 'test_result_base': None}
[0.232s] Level 5:colcon.colcon_core.verb:set package 'ultraarm' build argument 'cmake_args' from command line to 'None'
[0.232s] Level 5:colcon.colcon_core.verb:set package 'ultraarm' build argument 'cmake_target' from command line to 'None'
[0.232s] Level 5:colcon.colcon_core.verb:set package 'ultraarm' build argument 'cmake_target_skip_unavailable' from command line to 'False'
[0.232s] Level 5:colcon.colcon_core.verb:set package 'ultraarm' build argument 'cmake_clean_cache' from command line to 'False'
[0.232s] Level 5:colcon.colcon_core.verb:set package 'ultraarm' build argument 'cmake_clean_first' from command line to 'False'
[0.232s] Level 5:colcon.colcon_core.verb:set package 'ultraarm' build argument 'cmake_force_configure' from command line to 'False'
[0.232s] Level 5:colcon.colcon_core.verb:set package 'ultraarm' build argument 'ament_cmake_args' from command line to 'None'
[0.232s] Level 5:colcon.colcon_core.verb:set package 'ultraarm' build argument 'catkin_cmake_args' from command line to 'None'
[0.232s] Level 5:colcon.colcon_core.verb:set package 'ultraarm' build argument 'catkin_skip_building_tests' from command line to 'False'
[0.232s] DEBUG:colcon.colcon_core.verb:Building package 'ultraarm' with the following arguments: {'ament_cmake_args': None, 'build_base': '/home/amin/cobot/cobot_ws/build/ultraarm', 'catkin_cmake_args': None, 'catkin_skip_building_tests': False, 'cmake_args': None, 'cmake_clean_cache': False, 'cmake_clean_first': False, 'cmake_force_configure': False, 'cmake_target': None, 'cmake_target_skip_unavailable': False, 'install_base': '/home/amin/cobot/cobot_ws/install/ultraarm', 'merge_install': False, 'path': '/home/amin/cobot/cobot_ws/src/mycobot_ros2/ultraArm/ultraarm', 'symlink_install': False, 'test_result_base': None}
[0.233s] Level 5:colcon.colcon_core.verb:set package 'myarm_c650' build argument 'cmake_args' from command line to 'None'
[0.233s] Level 5:colcon.colcon_core.verb:set package 'myarm_c650' build argument 'cmake_target' from command line to 'None'
[0.233s] Level 5:colcon.colcon_core.verb:set package 'myarm_c650' build argument 'cmake_target_skip_unavailable' from command line to 'False'
[0.233s] Level 5:colcon.colcon_core.verb:set package 'myarm_c650' build argument 'cmake_clean_cache' from command line to 'False'
[0.233s] Level 5:colcon.colcon_core.verb:set package 'myarm_c650' build argument 'cmake_clean_first' from command line to 'False'
[0.233s] Level 5:colcon.colcon_core.verb:set package 'myarm_c650' build argument 'cmake_force_configure' from command line to 'False'
[0.233s] Level 5:colcon.colcon_core.verb:set package 'myarm_c650' build argument 'ament_cmake_args' from command line to 'None'
[0.233s] Level 5:colcon.colcon_core.verb:set package 'myarm_c650' build argument 'catkin_cmake_args' from command line to 'None'
[0.233s] Level 5:colcon.colcon_core.verb:set package 'myarm_c650' build argument 'catkin_skip_building_tests' from command line to 'False'
[0.233s] DEBUG:colcon.colcon_core.verb:Building package 'myarm_c650' with the following arguments: {'ament_cmake_args': None, 'build_base': '/home/amin/cobot/cobot_ws/build/myarm_c650', 'catkin_cmake_args': None, 'catkin_skip_building_tests': False, 'cmake_args': None, 'cmake_clean_cache': False, 'cmake_clean_first': False, 'cmake_force_configure': False, 'cmake_target': None, 'cmake_target_skip_unavailable': False, 'install_base': '/home/amin/cobot/cobot_ws/install/myarm_c650', 'merge_install': False, 'path': '/home/amin/cobot/cobot_ws/src/mycobot_ros2/myArm/myarm_c650', 'symlink_install': False, 'test_result_base': None}
[0.233s] Level 5:colcon.colcon_core.verb:set package 'myarm_m750' build argument 'cmake_args' from command line to 'None'
[0.233s] Level 5:colcon.colcon_core.verb:set package 'myarm_m750' build argument 'cmake_target' from command line to 'None'
[0.233s] Level 5:colcon.colcon_core.verb:set package 'myarm_m750' build argument 'cmake_target_skip_unavailable' from command line to 'False'
[0.233s] Level 5:colcon.colcon_core.verb:set package 'myarm_m750' build argument 'cmake_clean_cache' from command line to 'False'
[0.233s] Level 5:colcon.colcon_core.verb:set package 'myarm_m750' build argument 'cmake_clean_first' from command line to 'False'
[0.233s] Level 5:colcon.colcon_core.verb:set package 'myarm_m750' build argument 'cmake_force_configure' from command line to 'False'
[0.233s] Level 5:colcon.colcon_core.verb:set package 'myarm_m750' build argument 'ament_cmake_args' from command line to 'None'
[0.233s] Level 5:colcon.colcon_core.verb:set package 'myarm_m750' build argument 'catkin_cmake_args' from command line to 'None'
[0.233s] Level 5:colcon.colcon_core.verb:set package 'myarm_m750' build argument 'catkin_skip_building_tests' from command line to 'False'
[0.233s] DEBUG:colcon.colcon_core.verb:Building package 'myarm_m750' with the following arguments: {'ament_cmake_args': None, 'build_base': '/home/amin/cobot/cobot_ws/build/myarm_m750', 'catkin_cmake_args': None, 'catkin_skip_building_tests': False, 'cmake_args': None, 'cmake_clean_cache': False, 'cmake_clean_first': False, 'cmake_force_configure': False, 'cmake_target': None, 'cmake_target_skip_unavailable': False, 'install_base': '/home/amin/cobot/cobot_ws/install/myarm_m750', 'merge_install': False, 'path': '/home/amin/cobot/cobot_ws/src/mycobot_ros2/myArm/myarm_m750', 'symlink_install': False, 'test_result_base': None}
[0.233s] Level 5:colcon.colcon_core.verb:set package 'mycobot_280_rdkx5' build argument 'cmake_args' from command line to 'None'
[0.233s] Level 5:colcon.colcon_core.verb:set package 'mycobot_280_rdkx5' build argument 'cmake_target' from command line to 'None'
[0.233s] Level 5:colcon.colcon_core.verb:set package 'mycobot_280_rdkx5' build argument 'cmake_target_skip_unavailable' from command line to 'False'
[0.233s] Level 5:colcon.colcon_core.verb:set package 'mycobot_280_rdkx5' build argument 'cmake_clean_cache' from command line to 'False'
[0.233s] Level 5:colcon.colcon_core.verb:set package 'mycobot_280_rdkx5' build argument 'cmake_clean_first' from command line to 'False'
[0.233s] Level 5:colcon.colcon_core.verb:set package 'mycobot_280_rdkx5' build argument 'cmake_force_configure' from command line to 'False'
[0.233s] Level 5:colcon.colcon_core.verb:set package 'mycobot_280_rdkx5' build argument 'ament_cmake_args' from command line to 'None'
[0.233s] Level 5:colcon.colcon_core.verb:set package 'mycobot_280_rdkx5' build argument 'catkin_cmake_args' from command line to 'None'
[0.233s] Level 5:colcon.colcon_core.verb:set package 'mycobot_280_rdkx5' build argument 'catkin_skip_building_tests' from command line to 'False'
[0.233s] DEBUG:colcon.colcon_core.verb:Building package 'mycobot_280_rdkx5' with the following arguments: {'ament_cmake_args': None, 'build_base': '/home/amin/cobot/cobot_ws/build/mycobot_280_rdkx5', 'catkin_cmake_args': None, 'catkin_skip_building_tests': False, 'cmake_args': None, 'cmake_clean_cache': False, 'cmake_clean_first': False, 'cmake_force_configure': False, 'cmake_target': None, 'cmake_target_skip_unavailable': False, 'install_base': '/home/amin/cobot/cobot_ws/install/mycobot_280_rdkx5', 'merge_install': False, 'path': '/home/amin/cobot/cobot_ws/src/mycobot_ros2/mycobot_280/mycobot_280_rdkx5', 'symlink_install': False, 'test_result_base': None}
[0.233s] INFO:colcon.colcon_core.executor:Executing jobs using 'parallel' executor
[0.234s] DEBUG:colcon.colcon_parallel_executor.executor.parallel:run_until_complete
[0.235s] INFO:colcon.colcon_ros.task.ament_python.build:Building ROS package in '/home/amin/cobot/cobot_ws/src/mycobot_ros2/mycobot_description' with build type 'ament_python'
[0.235s] Level 1:colcon.colcon_core.shell:create_environment_hook('mycobot_description', 'ament_prefix_path')
[0.237s] INFO:colcon.colcon_core.plugin_system:Skipping extension 'colcon_core.shell.bat': Not used on non-Windows systems
[0.237s] INFO:colcon.colcon_core.shell:Creating environment hook '/home/amin/cobot/cobot_ws/install/mycobot_description/share/mycobot_description/hook/ament_prefix_path.ps1'
[0.237s] INFO:colcon.colcon_core.shell:Creating environment descriptor '/home/amin/cobot/cobot_ws/install/mycobot_description/share/mycobot_description/hook/ament_prefix_path.dsv'
[0.238s] INFO:colcon.colcon_core.shell:Creating environment hook '/home/amin/cobot/cobot_ws/install/mycobot_description/share/mycobot_description/hook/ament_prefix_path.sh'
[0.238s] INFO:colcon.colcon_core.shell:Skip shell extension 'powershell' for command environment: Not usable outside of PowerShell
[0.238s] DEBUG:colcon.colcon_core.shell:Skip shell extension 'dsv' for command environment
[0.243s] INFO:colcon.colcon_ros.task.ament_cmake.build:Building ROS package in '/home/amin/cobot/cobot_ws/src/mycobot_ros2/mycobot_280/mycobot_interfaces' with build type 'ament_cmake'
[0.243s] INFO:colcon.colcon_cmake.task.cmake.build:Building CMake package in '/home/amin/cobot/cobot_ws/src/mycobot_ros2/mycobot_280/mycobot_interfaces'
[0.243s] INFO:colcon.colcon_core.shell:Skip shell extension 'powershell' for command environment: Not usable outside of PowerShell
[0.243s] DEBUG:colcon.colcon_core.shell:Skip shell extension 'dsv' for command environment
[0.247s] INFO:colcon.colcon_ros.task.ament_cmake.build:Building ROS package in '/home/amin/cobot/cobot_ws/src/mycobot_ros2/mypalletizer_260/mypalletizer_interfaces' with build type 'ament_cmake'
[0.247s] INFO:colcon.colcon_cmake.task.cmake.build:Building CMake package in '/home/amin/cobot/cobot_ws/src/mycobot_ros2/mypalletizer_260/mypalletizer_interfaces'
[0.247s] INFO:colcon.colcon_core.shell:Skip shell extension 'powershell' for command environment: Not usable outside of PowerShell
[0.247s] DEBUG:colcon.colcon_core.shell:Skip shell extension 'dsv' for command environment
[0.251s] INFO:colcon.colcon_ros.task.ament_cmake.build:Building ROS package in '/home/amin/cobot/cobot_ws/src/mycobot_ros2/mecharm/mecharm_interfaces' with build type 'ament_cmake'
[0.251s] INFO:colcon.colcon_cmake.task.cmake.build:Building CMake package in '/home/amin/cobot/cobot_ws/src/mycobot_ros2/mecharm/mecharm_interfaces'
[0.251s] INFO:colcon.colcon_core.shell:Skip shell extension 'powershell' for command environment: Not usable outside of PowerShell
[0.251s] DEBUG:colcon.colcon_core.shell:Skip shell extension 'dsv' for command environment
[0.256s] INFO:colcon.colcon_ros.task.ament_cmake.build:Building ROS package in '/home/amin/cobot/cobot_ws/src/mycobot_ros2/mycobot_pro/mycobot_pro450_interfaces' with build type 'ament_cmake'
[0.257s] INFO:colcon.colcon_cmake.task.cmake.build:Building CMake package in '/home/amin/cobot/cobot_ws/src/mycobot_ros2/mycobot_pro/mycobot_pro450_interfaces'
[0.257s] INFO:colcon.colcon_core.shell:Skip shell extension 'powershell' for command environment: Not usable outside of PowerShell
[0.257s] DEBUG:colcon.colcon_core.shell:Skip shell extension 'dsv' for command environment
[0.423s] INFO:colcon.colcon_core.task.python.build:Building Python package in '/home/amin/cobot/cobot_ws/src/mycobot_ros2/mycobot_description'
[0.423s] INFO:colcon.colcon_core.shell:Skip shell extension 'powershell' for command environment: Not usable outside of PowerShell
[0.423s] DEBUG:colcon.colcon_core.shell:Skip shell extension 'dsv' for command environment
[0.429s] DEBUG:colcon.colcon_core.event_handler.log_command:Invoking command in '/home/amin/cobot/cobot_ws/build/mycobot_interfaces': CMAKE_PREFIX_PATH=${CMAKE_PREFIX_PATH}:/home/amin/cobot/cobot_ws/install/ultraarm:/home/amin/cobot/cobot_ws/install/pro450_moveit2_control:/home/amin/cobot/cobot_ws/install/mypalletizer_communication:/home/amin/cobot/cobot_ws/install/mypalletizer_260_pi:/home/amin/cobot/cobot_ws/install/mypalletizer_260:/home/amin/cobot/cobot_ws/install/mycobot_pro_450:/home/amin/cobot/cobot_ws/install/myarm_m750:/home/amin/cobot/cobot_ws/install/myarm_c650:/home/amin/cobot/cobot_ws/install/mycobot_communication:/home/amin/cobot/cobot_ws/install/mecharm_communication:/home/amin/cobot/cobot_ws/install/mycobot_630:/home/amin/cobot/cobot_ws/install/mycobot_600:/home/amin/cobot/cobot_ws/install/mycobot_320pi:/home/amin/cobot/cobot_ws/install/mycobot_320_riscv:/home/amin/cobot/cobot_ws/install/mycobot_320:/home/amin/cobot/cobot_ws/install/mycobot_280pi:/home/amin/cobot/cobot_ws/install/mycobot_280jn:/home/amin/cobot/cobot_ws/install/mycobot_280_x3pi:/home/amin/cobot/cobot_ws/install/mycobot_280_riscv:/home/amin/cobot/cobot_ws/install/mycobot_280_rdkx5:/home/amin/cobot/cobot_ws/install/mycobot_280_moveit2_control:/home/amin/cobot/cobot_ws/install/mycobot_280_arduino:/home/amin/cobot/cobot_ws/install/mycobot_280:/home/amin/cobot/cobot_ws/install/mybuddy:/home/amin/cobot/cobot_ws/install/myarm_300:/home/amin/cobot/cobot_ws/install/mecharm_pi:/home/amin/cobot/cobot_ws/install/mecharm:/home/amin/cobot/cobot_ws/install/mycobot_description:/opt/ros/jazzy DEBUGINFOD_URLS=https://debuginfod.ubuntu.com /usr/bin/cmake --build /home/amin/cobot/cobot_ws/build/mycobot_interfaces -- -j8 -l8
[0.431s] DEBUG:colcon.colcon_core.event_handler.log_command:Invoking command in '/home/amin/cobot/cobot_ws/build/mypalletizer_interfaces': CMAKE_PREFIX_PATH=${CMAKE_PREFIX_PATH}:/home/amin/cobot/cobot_ws/install/ultraarm:/home/amin/cobot/cobot_ws/install/pro450_moveit2_control:/home/amin/cobot/cobot_ws/install/mypalletizer_communication:/home/amin/cobot/cobot_ws/install/mypalletizer_260_pi:/home/amin/cobot/cobot_ws/install/mypalletizer_260:/home/amin/cobot/cobot_ws/install/mycobot_pro_450:/home/amin/cobot/cobot_ws/install/myarm_m750:/home/amin/cobot/cobot_ws/install/myarm_c650:/home/amin/cobot/cobot_ws/install/mycobot_communication:/home/amin/cobot/cobot_ws/install/mecharm_communication:/home/amin/cobot/cobot_ws/install/mycobot_630:/home/amin/cobot/cobot_ws/install/mycobot_600:/home/amin/cobot/cobot_ws/install/mycobot_320pi:/home/amin/cobot/cobot_ws/install/mycobot_320_riscv:/home/amin/cobot/cobot_ws/install/mycobot_320:/home/amin/cobot/cobot_ws/install/mycobot_280pi:/home/amin/cobot/cobot_ws/install/mycobot_280jn:/home/amin/cobot/cobot_ws/install/mycobot_280_x3pi:/home/amin/cobot/cobot_ws/install/mycobot_280_riscv:/home/amin/cobot/cobot_ws/install/mycobot_280_rdkx5:/home/amin/cobot/cobot_ws/install/mycobot_280_moveit2_control:/home/amin/cobot/cobot_ws/install/mycobot_280_arduino:/home/amin/cobot/cobot_ws/install/mycobot_280:/home/amin/cobot/cobot_ws/install/mybuddy:/home/amin/cobot/cobot_ws/install/myarm_300:/home/amin/cobot/cobot_ws/install/mecharm_pi:/home/amin/cobot/cobot_ws/install/mecharm:/home/amin/cobot/cobot_ws/install/mycobot_description:/opt/ros/jazzy DEBUGINFOD_URLS=https://debuginfod.ubuntu.com /usr/bin/cmake --build /home/amin/cobot/cobot_ws/build/mypalletizer_interfaces -- -j8 -l8
[0.433s] DEBUG:colcon.colcon_core.event_handler.log_command:Invoking command in '/home/amin/cobot/cobot_ws/build/mecharm_interfaces': CMAKE_PREFIX_PATH=${CMAKE_PREFIX_PATH}:/home/amin/cobot/cobot_ws/install/ultraarm:/home/amin/cobot/cobot_ws/install/pro450_moveit2_control:/home/amin/cobot/cobot_ws/install/mypalletizer_communication:/home/amin/cobot/cobot_ws/install/mypalletizer_260_pi:/home/amin/cobot/cobot_ws/install/mypalletizer_260:/home/amin/cobot/cobot_ws/install/mycobot_pro_450:/home/amin/cobot/cobot_ws/install/myarm_m750:/home/amin/cobot/cobot_ws/install/myarm_c650:/home/amin/cobot/cobot_ws/install/mycobot_communication:/home/amin/cobot/cobot_ws/install/mecharm_communication:/home/amin/cobot/cobot_ws/install/mycobot_630:/home/amin/cobot/cobot_ws/install/mycobot_600:/home/amin/cobot/cobot_ws/install/mycobot_320pi:/home/amin/cobot/cobot_ws/install/mycobot_320_riscv:/home/amin/cobot/cobot_ws/install/mycobot_320:/home/amin/cobot/cobot_ws/install/mycobot_280pi:/home/amin/cobot/cobot_ws/install/mycobot_280jn:/home/amin/cobot/cobot_ws/install/mycobot_280_x3pi:/home/amin/cobot/cobot_ws/install/mycobot_280_riscv:/home/amin/cobot/cobot_ws/install/mycobot_280_rdkx5:/home/amin/cobot/cobot_ws/install/mycobot_280_moveit2_control:/home/amin/cobot/cobot_ws/install/mycobot_280_arduino:/home/amin/cobot/cobot_ws/install/mycobot_280:/home/amin/cobot/cobot_ws/install/mybuddy:/home/amin/cobot/cobot_ws/install/myarm_300:/home/amin/cobot/cobot_ws/install/mecharm_pi:/home/amin/cobot/cobot_ws/install/mecharm:/home/amin/cobot/cobot_ws/install/mycobot_description:/opt/ros/jazzy DEBUGINFOD_URLS=https://debuginfod.ubuntu.com /usr/bin/cmake --build /home/amin/cobot/cobot_ws/build/mecharm_interfaces -- -j8 -l8
[0.438s] DEBUG:colcon.colcon_core.event_handler.log_command:Invoking command in '/home/amin/cobot/cobot_ws/build/mycobot_pro450_interfaces': CMAKE_PREFIX_PATH=${CMAKE_PREFIX_PATH}:/home/amin/cobot/cobot_ws/install/ultraarm:/home/amin/cobot/cobot_ws/install/pro450_moveit2_control:/home/amin/cobot/cobot_ws/install/mypalletizer_communication:/home/amin/cobot/cobot_ws/install/mypalletizer_260_pi:/home/amin/cobot/cobot_ws/install/mypalletizer_260:/home/amin/cobot/cobot_ws/install/mycobot_pro_450:/home/amin/cobot/cobot_ws/install/myarm_m750:/home/amin/cobot/cobot_ws/install/myarm_c650:/home/amin/cobot/cobot_ws/install/mycobot_communication:/home/amin/cobot/cobot_ws/install/mecharm_communication:/home/amin/cobot/cobot_ws/install/mycobot_630:/home/amin/cobot/cobot_ws/install/mycobot_600:/home/amin/cobot/cobot_ws/install/mycobot_320pi:/home/amin/cobot/cobot_ws/install/mycobot_320_riscv:/home/amin/cobot/cobot_ws/install/mycobot_320:/home/amin/cobot/cobot_ws/install/mycobot_280pi:/home/amin/cobot/cobot_ws/install/mycobot_280jn:/home/amin/cobot/cobot_ws/install/mycobot_280_x3pi:/home/amin/cobot/cobot_ws/install/mycobot_280_riscv:/home/amin/cobot/cobot_ws/install/mycobot_280_rdkx5:/home/amin/cobot/cobot_ws/install/mycobot_280_moveit2_control:/home/amin/cobot/cobot_ws/install/mycobot_280_arduino:/home/amin/cobot/cobot_ws/install/mycobot_280:/home/amin/cobot/cobot_ws/install/mybuddy:/home/amin/cobot/cobot_ws/install/myarm_300:/home/amin/cobot/cobot_ws/install/mecharm_pi:/home/amin/cobot/cobot_ws/install/mecharm:/home/amin/cobot/cobot_ws/install/mycobot_description:/opt/ros/jazzy DEBUGINFOD_URLS=https://debuginfod.ubuntu.com /usr/bin/cmake --build /home/amin/cobot/cobot_ws/build/mycobot_pro450_interfaces -- -j8 -l8
[1.084s] DEBUG:colcon.colcon_core.event_handler.log_command:Invoked command in '/home/amin/cobot/cobot_ws/build/mycobot_interfaces' returned '0': CMAKE_PREFIX_PATH=${CMAKE_PREFIX_PATH}:/home/amin/cobot/cobot_ws/install/ultraarm:/home/amin/cobot/cobot_ws/install/pro450_moveit2_control:/home/amin/cobot/cobot_ws/install/mypalletizer_communication:/home/amin/cobot/cobot_ws/install/mypalletizer_260_pi:/home/amin/cobot/cobot_ws/install/mypalletizer_260:/home/amin/cobot/cobot_ws/install/mycobot_pro_450:/home/amin/cobot/cobot_ws/install/myarm_m750:/home/amin/cobot/cobot_ws/install/myarm_c650:/home/amin/cobot/cobot_ws/install/mycobot_communication:/home/amin/cobot/cobot_ws/install/mecharm_communication:/home/amin/cobot/cobot_ws/install/mycobot_630:/home/amin/cobot/cobot_ws/install/mycobot_600:/home/amin/cobot/cobot_ws/install/mycobot_320pi:/home/amin/cobot/cobot_ws/install/mycobot_320_riscv:/home/amin/cobot/cobot_ws/install/mycobot_320:/home/amin/cobot/cobot_ws/install/mycobot_280pi:/home/amin/cobot/cobot_ws/install/mycobot_280jn:/home/amin/cobot/cobot_ws/install/mycobot_280_x3pi:/home/amin/cobot/cobot_ws/install/mycobot_280_riscv:/home/amin/cobot/cobot_ws/install/mycobot_280_rdkx5:/home/amin/cobot/cobot_ws/install/mycobot_280_moveit2_control:/home/amin/cobot/cobot_ws/install/mycobot_280_arduino:/home/amin/cobot/cobot_ws/install/mycobot_280:/home/amin/cobot/cobot_ws/install/mybuddy:/home/amin/cobot/cobot_ws/install/myarm_300:/home/amin/cobot/cobot_ws/install/mecharm_pi:/home/amin/cobot/cobot_ws/install/mecharm:/home/amin/cobot/cobot_ws/install/mycobot_description:/opt/ros/jazzy DEBUGINFOD_URLS=https://debuginfod.ubuntu.com /usr/bin/cmake --build /home/amin/cobot/cobot_ws/build/mycobot_interfaces -- -j8 -l8
[1.093s] DEBUG:colcon.colcon_core.event_handler.log_command:Invoking command in '/home/amin/cobot/cobot_ws/build/mycobot_interfaces': CMAKE_PREFIX_PATH=${CMAKE_PREFIX_PATH}:/home/amin/cobot/cobot_ws/install/ultraarm:/home/amin/cobot/cobot_ws/install/pro450_moveit2_control:/home/amin/cobot/cobot_ws/install/mypalletizer_communication:/home/amin/cobot/cobot_ws/install/mypalletizer_260_pi:/home/amin/cobot/cobot_ws/install/mypalletizer_260:/home/amin/cobot/cobot_ws/install/mycobot_pro_450:/home/amin/cobot/cobot_ws/install/myarm_m750:/home/amin/cobot/cobot_ws/install/myarm_c650:/home/amin/cobot/cobot_ws/install/mycobot_communication:/home/amin/cobot/cobot_ws/install/mecharm_communication:/home/amin/cobot/cobot_ws/install/mycobot_630:/home/amin/cobot/cobot_ws/install/mycobot_600:/home/amin/cobot/cobot_ws/install/mycobot_320pi:/home/amin/cobot/cobot_ws/install/mycobot_320_riscv:/home/amin/cobot/cobot_ws/install/mycobot_320:/home/amin/cobot/cobot_ws/install/mycobot_280pi:/home/amin/cobot/cobot_ws/install/mycobot_280jn:/home/amin/cobot/cobot_ws/install/mycobot_280_x3pi:/home/amin/cobot/cobot_ws/install/mycobot_280_riscv:/home/amin/cobot/cobot_ws/install/mycobot_280_rdkx5:/home/amin/cobot/cobot_ws/install/mycobot_280_moveit2_control:/home/amin/cobot/cobot_ws/install/mycobot_280_arduino:/home/amin/cobot/cobot_ws/install/mycobot_280:/home/amin/cobot/cobot_ws/install/mybuddy:/home/amin/cobot/cobot_ws/install/myarm_300:/home/amin/cobot/cobot_ws/install/mecharm_pi:/home/amin/cobot/cobot_ws/install/mecharm:/home/amin/cobot/cobot_ws/install/mycobot_description:/opt/ros/jazzy DEBUGINFOD_URLS=https://debuginfod.ubuntu.com /usr/bin/cmake --install /home/amin/cobot/cobot_ws/build/mycobot_interfaces
[1.094s] DEBUG:colcon.colcon_core.event_handler.log_command:Invoked command in '/home/amin/cobot/cobot_ws/build/mypalletizer_interfaces' returned '0': CMAKE_PREFIX_PATH=${CMAKE_PREFIX_PATH}:/home/amin/cobot/cobot_ws/install/ultraarm:/home/amin/cobot/cobot_ws/install/pro450_moveit2_control:/home/amin/cobot/cobot_ws/install/mypalletizer_communication:/home/amin/cobot/cobot_ws/install/mypalletizer_260_pi:/home/amin/cobot/cobot_ws/install/mypalletizer_260:/home/amin/cobot/cobot_ws/install/mycobot_pro_450:/home/amin/cobot/cobot_ws/install/myarm_m750:/home/amin/cobot/cobot_ws/install/myarm_c650:/home/amin/cobot/cobot_ws/install/mycobot_communication:/home/amin/cobot/cobot_ws/install/mecharm_communication:/home/amin/cobot/cobot_ws/install/mycobot_630:/home/amin/cobot/cobot_ws/install/mycobot_600:/home/amin/cobot/cobot_ws/install/mycobot_320pi:/home/amin/cobot/cobot_ws/install/mycobot_320_riscv:/home/amin/cobot/cobot_ws/install/mycobot_320:/home/amin/cobot/cobot_ws/install/mycobot_280pi:/home/amin/cobot/cobot_ws/install/mycobot_280jn:/home/amin/cobot/cobot_ws/install/mycobot_280_x3pi:/home/amin/cobot/cobot_ws/install/mycobot_280_riscv:/home/amin/cobot/cobot_ws/install/mycobot_280_rdkx5:/home/amin/cobot/cobot_ws/install/mycobot_280_moveit2_control:/home/amin/cobot/cobot_ws/install/mycobot_280_arduino:/home/amin/cobot/cobot_ws/install/mycobot_280:/home/amin/cobot/cobot_ws/install/mybuddy:/home/amin/cobot/cobot_ws/install/myarm_300:/home/amin/cobot/cobot_ws/install/mecharm_pi:/home/amin/cobot/cobot_ws/install/mecharm:/home/amin/cobot/cobot_ws/install/mycobot_description:/opt/ros/jazzy DEBUGINFOD_URLS=https://debuginfod.ubuntu.com /usr/bin/cmake --build /home/amin/cobot/cobot_ws/build/mypalletizer_interfaces -- -j8 -l8
[1.095s] DEBUG:colcon.colcon_core.event_handler.log_command:Invoking command in '/home/amin/cobot/cobot_ws/build/mypalletizer_interfaces': CMAKE_PREFIX_PATH=${CMAKE_PREFIX_PATH}:/home/amin/cobot/cobot_ws/install/ultraarm:/home/amin/cobot/cobot_ws/install/pro450_moveit2_control:/home/amin/cobot/cobot_ws/install/mypalletizer_communication:/home/amin/cobot/cobot_ws/install/mypalletizer_260_pi:/home/amin/cobot/cobot_ws/install/mypalletizer_260:/home/amin/cobot/cobot_ws/install/mycobot_pro_450:/home/amin/cobot/cobot_ws/install/myarm_m750:/home/amin/cobot/cobot_ws/install/myarm_c650:/home/amin/cobot/cobot_ws/install/mycobot_communication:/home/amin/cobot/cobot_ws/install/mecharm_communication:/home/amin/cobot/cobot_ws/install/mycobot_630:/home/amin/cobot/cobot_ws/install/mycobot_600:/home/amin/cobot/cobot_ws/install/mycobot_320pi:/home/amin/cobot/cobot_ws/install/mycobot_320_riscv:/home/amin/cobot/cobot_ws/install/mycobot_320:/home/amin/cobot/cobot_ws/install/mycobot_280pi:/home/amin/cobot/cobot_ws/install/mycobot_280jn:/home/amin/cobot/cobot_ws/install/mycobot_280_x3pi:/home/amin/cobot/cobot_ws/install/mycobot_280_riscv:/home/amin/cobot/cobot_ws/install/mycobot_280_rdkx5:/home/amin/cobot/cobot_ws/install/mycobot_280_moveit2_control:/home/amin/cobot/cobot_ws/install/mycobot_280_arduino:/home/amin/cobot/cobot_ws/install/mycobot_280:/home/amin/cobot/cobot_ws/install/mybuddy:/home/amin/cobot/cobot_ws/install/myarm_300:/home/amin/cobot/cobot_ws/install/mecharm_pi:/home/amin/cobot/cobot_ws/install/mecharm:/home/amin/cobot/cobot_ws/install/mycobot_description:/opt/ros/jazzy DEBUGINFOD_URLS=https://debuginfod.ubuntu.com /usr/bin/cmake --install /home/amin/cobot/cobot_ws/build/mypalletizer_interfaces
[1.174s] DEBUG:colcon.colcon_core.event_handler.log_command:Invoked command in '/home/amin/cobot/cobot_ws/build/mecharm_interfaces' returned '0': CMAKE_PREFIX_PATH=${CMAKE_PREFIX_PATH}:/home/amin/cobot/cobot_ws/install/ultraarm:/home/amin/cobot/cobot_ws/install/pro450_moveit2_control:/home/amin/cobot/cobot_ws/install/mypalletizer_communication:/home/amin/cobot/cobot_ws/install/mypalletizer_260_pi:/home/amin/cobot/cobot_ws/install/mypalletizer_260:/home/amin/cobot/cobot_ws/install/mycobot_pro_450:/home/amin/cobot/cobot_ws/install/myarm_m750:/home/amin/cobot/cobot_ws/install/myarm_c650:/home/amin/cobot/cobot_ws/install/mycobot_communication:/home/amin/cobot/cobot_ws/install/mecharm_communication:/home/amin/cobot/cobot_ws/install/mycobot_630:/home/amin/cobot/cobot_ws/install/mycobot_600:/home/amin/cobot/cobot_ws/install/mycobot_320pi:/home/amin/cobot/cobot_ws/install/mycobot_320_riscv:/home/amin/cobot/cobot_ws/install/mycobot_320:/home/amin/cobot/cobot_ws/install/mycobot_280pi:/home/amin/cobot/cobot_ws/install/mycobot_280jn:/home/amin/cobot/cobot_ws/install/mycobot_280_x3pi:/home/amin/cobot/cobot_ws/install/mycobot_280_riscv:/home/amin/cobot/cobot_ws/install/mycobot_280_rdkx5:/home/amin/cobot/cobot_ws/install/mycobot_280_moveit2_control:/home/amin/cobot/cobot_ws/install/mycobot_280_arduino:/home/amin/cobot/cobot_ws/install/mycobot_280:/home/amin/cobot/cobot_ws/install/mybuddy:/home/amin/cobot/cobot_ws/install/myarm_300:/home/amin/cobot/cobot_ws/install/mecharm_pi:/home/amin/cobot/cobot_ws/install/mecharm:/home/amin/cobot/cobot_ws/install/mycobot_description:/opt/ros/jazzy DEBUGINFOD_URLS=https://debuginfod.ubuntu.com /usr/bin/cmake --build /home/amin/cobot/cobot_ws/build/mecharm_interfaces -- -j8 -l8
[1.174s] DEBUG:colcon.colcon_core.event_handler.log_command:Invoking command in '/home/amin/cobot/cobot_ws/build/mecharm_interfaces': CMAKE_PREFIX_PATH=${CMAKE_PREFIX_PATH}:/home/amin/cobot/cobot_ws/install/ultraarm:/home/amin/cobot/cobot_ws/install/pro450_moveit2_control:/home/amin/cobot/cobot_ws/install/mypalletizer_communication:/home/amin/cobot/cobot_ws/install/mypalletizer_260_pi:/home/amin/cobot/cobot_ws/install/mypalletizer_260:/home/amin/cobot/cobot_ws/install/mycobot_pro_450:/home/amin/cobot/cobot_ws/install/myarm_m750:/home/amin/cobot/cobot_ws/install/myarm_c650:/home/amin/cobot/cobot_ws/install/mycobot_communication:/home/amin/cobot/cobot_ws/install/mecharm_communication:/home/amin/cobot/cobot_ws/install/mycobot_630:/home/amin/cobot/cobot_ws/install/mycobot_600:/home/amin/cobot/cobot_ws/install/mycobot_320pi:/home/amin/cobot/cobot_ws/install/mycobot_320_riscv:/home/amin/cobot/cobot_ws/install/mycobot_320:/home/amin/cobot/cobot_ws/install/mycobot_280pi:/home/amin/cobot/cobot_ws/install/mycobot_280jn:/home/amin/cobot/cobot_ws/install/mycobot_280_x3pi:/home/amin/cobot/cobot_ws/install/mycobot_280_riscv:/home/amin/cobot/cobot_ws/install/mycobot_280_rdkx5:/home/amin/cobot/cobot_ws/install/mycobot_280_moveit2_control:/home/amin/cobot/cobot_ws/install/mycobot_280_arduino:/home/amin/cobot/cobot_ws/install/mycobot_280:/home/amin/cobot/cobot_ws/install/mybuddy:/home/amin/cobot/cobot_ws/install/myarm_300:/home/amin/cobot/cobot_ws/install/mecharm_pi:/home/amin/cobot/cobot_ws/install/mecharm:/home/amin/cobot/cobot_ws/install/mycobot_description:/opt/ros/jazzy DEBUGINFOD_URLS=https://debuginfod.ubuntu.com /usr/bin/cmake --install /home/amin/cobot/cobot_ws/build/mecharm_interfaces
[1.175s] DEBUG:colcon.colcon_core.event_handler.log_command:Invoked command in '/home/amin/cobot/cobot_ws/build/mycobot_pro450_interfaces' returned '0': CMAKE_PREFIX_PATH=${CMAKE_PREFIX_PATH}:/home/amin/cobot/cobot_ws/install/ultraarm:/home/amin/cobot/cobot_ws/install/pro450_moveit2_control:/home/amin/cobot/cobot_ws/install/mypalletizer_communication:/home/amin/cobot/cobot_ws/install/mypalletizer_260_pi:/home/amin/cobot/cobot_ws/install/mypalletizer_260:/home/amin/cobot/cobot_ws/install/mycobot_pro_450:/home/amin/cobot/cobot_ws/install/myarm_m750:/home/amin/cobot/cobot_ws/install/myarm_c650:/home/amin/cobot/cobot_ws/install/mycobot_communication:/home/amin/cobot/cobot_ws/install/mecharm_communication:/home/amin/cobot/cobot_ws/install/mycobot_630:/home/amin/cobot/cobot_ws/install/mycobot_600:/home/amin/cobot/cobot_ws/install/mycobot_320pi:/home/amin/cobot/cobot_ws/install/mycobot_320_riscv:/home/amin/cobot/cobot_ws/install/mycobot_320:/home/amin/cobot/cobot_ws/install/mycobot_280pi:/home/amin/cobot/cobot_ws/install/mycobot_280jn:/home/amin/cobot/cobot_ws/install/mycobot_280_x3pi:/home/amin/cobot/cobot_ws/install/mycobot_280_riscv:/home/amin/cobot/cobot_ws/install/mycobot_280_rdkx5:/home/amin/cobot/cobot_ws/install/mycobot_280_moveit2_control:/home/amin/cobot/cobot_ws/install/mycobot_280_arduino:/home/amin/cobot/cobot_ws/install/mycobot_280:/home/amin/cobot/cobot_ws/install/mybuddy:/home/amin/cobot/cobot_ws/install/myarm_300:/home/amin/cobot/cobot_ws/install/mecharm_pi:/home/amin/cobot/cobot_ws/install/mecharm:/home/amin/cobot/cobot_ws/install/mycobot_description:/opt/ros/jazzy DEBUGINFOD_URLS=https://debuginfod.ubuntu.com /usr/bin/cmake --build /home/amin/cobot/cobot_ws/build/mycobot_pro450_interfaces -- -j8 -l8
[1.175s] DEBUG:colcon.colcon_core.event_handler.log_command:Invoking command in '/home/amin/cobot/cobot_ws/build/mycobot_pro450_interfaces': CMAKE_PREFIX_PATH=${CMAKE_PREFIX_PATH}:/home/amin/cobot/cobot_ws/install/ultraarm:/home/amin/cobot/cobot_ws/install/pro450_moveit2_control:/home/amin/cobot/cobot_ws/install/mypalletizer_communication:/home/amin/cobot/cobot_ws/install/mypalletizer_260_pi:/home/amin/cobot/cobot_ws/install/mypalletizer_260:/home/amin/cobot/cobot_ws/install/mycobot_pro_450:/home/amin/cobot/cobot_ws/install/myarm_m750:/home/amin/cobot/cobot_ws/install/myarm_c650:/home/amin/cobot/cobot_ws/install/mycobot_communication:/home/amin/cobot/cobot_ws/install/mecharm_communication:/home/amin/cobot/cobot_ws/install/mycobot_630:/home/amin/cobot/cobot_ws/install/mycobot_600:/home/amin/cobot/cobot_ws/install/mycobot_320pi:/home/amin/cobot/cobot_ws/install/mycobot_320_riscv:/home/amin/cobot/cobot_ws/install/mycobot_320:/home/amin/cobot/cobot_ws/install/mycobot_280pi:/home/amin/cobot/cobot_ws/install/mycobot_280jn:/home/amin/cobot/cobot_ws/install/mycobot_280_x3pi:/home/amin/cobot/cobot_ws/install/mycobot_280_riscv:/home/amin/cobot/cobot_ws/install/mycobot_280_rdkx5:/home/amin/cobot/cobot_ws/install/mycobot_280_moveit2_control:/home/amin/cobot/cobot_ws/install/mycobot_280_arduino:/home/amin/cobot/cobot_ws/install/mycobot_280:/home/amin/cobot/cobot_ws/install/mybuddy:/home/amin/cobot/cobot_ws/install/myarm_300:/home/amin/cobot/cobot_ws/install/mecharm_pi:/home/amin/cobot/cobot_ws/install/mecharm:/home/amin/cobot/cobot_ws/install/mycobot_description:/opt/ros/jazzy DEBUGINFOD_URLS=https://debuginfod.ubuntu.com /usr/bin/cmake --install /home/amin/cobot/cobot_ws/build/mycobot_pro450_interfaces
[1.176s] Level 1:colcon.colcon_core.environment:create_environment_scripts_only(mycobot_interfaces)
[1.185s] Level 1:colcon.colcon_core.environment:checking '/home/amin/cobot/cobot_ws/install/mycobot_interfaces' for CMake module files
[1.188s] Level 1:colcon.colcon_core.environment:checking '/home/amin/cobot/cobot_ws/install/mycobot_interfaces' for CMake config files
[1.198s] Level 1:colcon.colcon_core.shell:create_environment_hook('mycobot_interfaces', 'cmake_prefix_path')
[1.199s] INFO:colcon.colcon_core.shell:Creating environment hook '/home/amin/cobot/cobot_ws/install/mycobot_interfaces/share/mycobot_interfaces/hook/cmake_prefix_path.ps1'
[1.199s] INFO:colcon.colcon_core.shell:Creating environment descriptor '/home/amin/cobot/cobot_ws/install/mycobot_interfaces/share/mycobot_interfaces/hook/cmake_prefix_path.dsv'
[1.200s] INFO:colcon.colcon_core.shell:Creating environment hook '/home/amin/cobot/cobot_ws/install/mycobot_interfaces/share/mycobot_interfaces/hook/cmake_prefix_path.sh'
[1.201s] Level 1:colcon.colcon_core.environment:checking '/home/amin/cobot/cobot_ws/install/mycobot_interfaces/lib'
[1.202s] Level 1:colcon.colcon_core.shell:create_environment_hook('mycobot_interfaces', 'ld_library_path_lib')
[1.202s] INFO:colcon.colcon_core.shell:Creating environment hook '/home/amin/cobot/cobot_ws/install/mycobot_interfaces/share/mycobot_interfaces/hook/ld_library_path_lib.ps1'
[1.203s] INFO:colcon.colcon_core.shell:Creating environment descriptor '/home/amin/cobot/cobot_ws/install/mycobot_interfaces/share/mycobot_interfaces/hook/ld_library_path_lib.dsv'
[1.203s] INFO:colcon.colcon_core.shell:Creating environment hook '/home/amin/cobot/cobot_ws/install/mycobot_interfaces/share/mycobot_interfaces/hook/ld_library_path_lib.sh'
[1.204s] Level 1:colcon.colcon_core.environment:checking '/home/amin/cobot/cobot_ws/install/mycobot_interfaces/bin'
[1.204s] Level 1:colcon.colcon_core.environment:checking '/home/amin/cobot/cobot_ws/install/mycobot_interfaces/lib/pkgconfig/mycobot_interfaces.pc'
[1.204s] Level 1:colcon.colcon_core.environment:checking '/home/amin/cobot/cobot_ws/install/mycobot_interfaces/lib/python3.12/site-packages'
[1.204s] Level 1:colcon.colcon_core.shell:create_environment_hook('mycobot_interfaces', 'pythonpath')
[1.205s] INFO:colcon.colcon_core.shell:Creating environment hook '/home/amin/cobot/cobot_ws/install/mycobot_interfaces/share/mycobot_interfaces/hook/pythonpath.ps1'
[1.205s] INFO:colcon.colcon_core.shell:Creating environment descriptor '/home/amin/cobot/cobot_ws/install/mycobot_interfaces/share/mycobot_interfaces/hook/pythonpath.dsv'
[1.207s] INFO:colcon.colcon_core.shell:Creating environment hook '/home/amin/cobot/cobot_ws/install/mycobot_interfaces/share/mycobot_interfaces/hook/pythonpath.sh'
[1.208s] Level 1:colcon.colcon_core.environment:checking '/home/amin/cobot/cobot_ws/install/mycobot_interfaces/bin'
[1.208s] INFO:colcon.colcon_core.shell:Creating package script '/home/amin/cobot/cobot_ws/install/mycobot_interfaces/share/mycobot_interfaces/package.ps1'
[1.209s] INFO:colcon.colcon_core.shell:Creating package descriptor '/home/amin/cobot/cobot_ws/install/mycobot_interfaces/share/mycobot_interfaces/package.dsv'
[1.209s] INFO:colcon.colcon_core.shell:Creating package script '/home/amin/cobot/cobot_ws/install/mycobot_interfaces/share/mycobot_interfaces/package.sh'
[1.210s] INFO:colcon.colcon_core.shell:Creating package script '/home/amin/cobot/cobot_ws/install/mycobot_interfaces/share/mycobot_interfaces/package.bash'
[1.211s] INFO:colcon.colcon_core.shell:Creating package script '/home/amin/cobot/cobot_ws/install/mycobot_interfaces/share/mycobot_interfaces/package.zsh'
[1.212s] Level 1:colcon.colcon_core.environment:create_file_with_runtime_dependencies(/home/amin/cobot/cobot_ws/install/mycobot_interfaces/share/colcon-core/packages/mycobot_interfaces)
[1.213s] Level 1:colcon.colcon_core.environment:create_environment_scripts_only(mycobot_interfaces)
[1.214s] Level 1:colcon.colcon_core.environment:checking '/home/amin/cobot/cobot_ws/install/mycobot_interfaces' for CMake module files
[1.215s] Level 1:colcon.colcon_core.environment:checking '/home/amin/cobot/cobot_ws/install/mycobot_interfaces' for CMake config files
[1.226s] Level 1:colcon.colcon_core.shell:create_environment_hook('mycobot_interfaces', 'cmake_prefix_path')
[1.226s] INFO:colcon.colcon_core.shell:Creating environment hook '/home/amin/cobot/cobot_ws/install/mycobot_interfaces/share/mycobot_interfaces/hook/cmake_prefix_path.ps1'
[1.227s] INFO:colcon.colcon_core.shell:Creating environment descriptor '/home/amin/cobot/cobot_ws/install/mycobot_interfaces/share/mycobot_interfaces/hook/cmake_prefix_path.dsv'
[1.229s] INFO:colcon.colcon_core.shell:Creating environment hook '/home/amin/cobot/cobot_ws/install/mycobot_interfaces/share/mycobot_interfaces/hook/cmake_prefix_path.sh'
[1.231s] Level 1:colcon.colcon_core.environment:checking '/home/amin/cobot/cobot_ws/install/mycobot_interfaces/lib'
[1.234s] Level 1:colcon.colcon_core.shell:create_environment_hook('mycobot_interfaces', 'ld_library_path_lib')
[1.234s] INFO:colcon.colcon_core.shell:Creating environment hook '/home/amin/cobot/cobot_ws/install/mycobot_interfaces/share/mycobot_interfaces/hook/ld_library_path_lib.ps1'
[1.235s] INFO:colcon.colcon_core.shell:Creating environment descriptor '/home/amin/cobot/cobot_ws/install/mycobot_interfaces/share/mycobot_interfaces/hook/ld_library_path_lib.dsv'
[1.238s] INFO:colcon.colcon_core.shell:Creating environment hook '/home/amin/cobot/cobot_ws/install/mycobot_interfaces/share/mycobot_interfaces/hook/ld_library_path_lib.sh'
[1.239s] Level 1:colcon.colcon_core.environment:checking '/home/amin/cobot/cobot_ws/install/mycobot_interfaces/bin'
[1.239s] Level 1:colcon.colcon_core.environment:checking '/home/amin/cobot/cobot_ws/install/mycobot_interfaces/lib/pkgconfig/mycobot_interfaces.pc'
[1.240s] Level 1:colcon.colcon_core.environment:checking '/home/amin/cobot/cobot_ws/install/mycobot_interfaces/lib/python3.12/site-packages'
[1.240s] DEBUG:colcon.colcon_core.event_handler.log_command:Invoked command in '/home/amin/cobot/cobot_ws/build/mycobot_interfaces' returned '0': CMAKE_PREFIX_PATH=${CMAKE_PREFIX_PATH}:/home/amin/cobot/cobot_ws/install/ultraarm:/home/amin/cobot/cobot_ws/install/pro450_moveit2_control:/home/amin/cobot/cobot_ws/install/mypalletizer_communication:/home/amin/cobot/cobot_ws/install/mypalletizer_260_pi:/home/amin/cobot/cobot_ws/install/mypalletizer_260:/home/amin/cobot/cobot_ws/install/mycobot_pro_450:/home/amin/cobot/cobot_ws/install/myarm_m750:/home/amin/cobot/cobot_ws/install/myarm_c650:/home/amin/cobot/cobot_ws/install/mycobot_communication:/home/amin/cobot/cobot_ws/install/mecharm_communication:/home/amin/cobot/cobot_ws/install/mycobot_630:/home/amin/cobot/cobot_ws/install/mycobot_600:/home/amin/cobot/cobot_ws/install/mycobot_320pi:/home/amin/cobot/cobot_ws/install/mycobot_320_riscv:/home/amin/cobot/cobot_ws/install/mycobot_320:/home/amin/cobot/cobot_ws/install/mycobot_280pi:/home/amin/cobot/cobot_ws/install/mycobot_280jn:/home/amin/cobot/cobot_ws/install/mycobot_280_x3pi:/home/amin/cobot/cobot_ws/install/mycobot_280_riscv:/home/amin/cobot/cobot_ws/install/mycobot_280_rdkx5:/home/amin/cobot/cobot_ws/install/mycobot_280_moveit2_control:/home/amin/cobot/cobot_ws/install/mycobot_280_arduino:/home/amin/cobot/cobot_ws/install/mycobot_280:/home/amin/cobot/cobot_ws/install/mybuddy:/home/amin/cobot/cobot_ws/install/myarm_300:/home/amin/cobot/cobot_ws/install/mecharm_pi:/home/amin/cobot/cobot_ws/install/mecharm:/home/amin/cobot/cobot_ws/install/mycobot_description:/opt/ros/jazzy DEBUGINFOD_URLS=https://debuginfod.ubuntu.com /usr/bin/cmake --install /home/amin/cobot/cobot_ws/build/mycobot_interfaces
[1.240s] Level 1:colcon.colcon_core.shell:create_environment_hook('mycobot_interfaces', 'pythonpath')
[1.240s] INFO:colcon.colcon_core.shell:Creating environment hook '/home/amin/cobot/cobot_ws/install/mycobot_interfaces/share/mycobot_interfaces/hook/pythonpath.ps1'
[1.242s] INFO:colcon.colcon_core.shell:Creating environment descriptor '/home/amin/cobot/cobot_ws/install/mycobot_interfaces/share/mycobot_interfaces/hook/pythonpath.dsv'
[1.244s] INFO:colcon.colcon_core.shell:Creating environment hook '/home/amin/cobot/cobot_ws/install/mycobot_interfaces/share/mycobot_interfaces/hook/pythonpath.sh'
[1.245s] Level 1:colcon.colcon_core.environment:checking '/home/amin/cobot/cobot_ws/install/mycobot_interfaces/bin'
[1.245s] INFO:colcon.colcon_core.shell:Creating package script '/home/amin/cobot/cobot_ws/install/mycobot_interfaces/share/mycobot_interfaces/package.ps1'
[1.248s] INFO:colcon.colcon_core.shell:Creating package descriptor '/home/amin/cobot/cobot_ws/install/mycobot_interfaces/share/mycobot_interfaces/package.dsv'
[1.250s] INFO:colcon.colcon_core.shell:Creating package script '/home/amin/cobot/cobot_ws/install/mycobot_interfaces/share/mycobot_interfaces/package.sh'
[1.252s] INFO:colcon.colcon_core.shell:Creating package script '/home/amin/cobot/cobot_ws/install/mycobot_interfaces/share/mycobot_interfaces/package.bash'
[1.254s] INFO:colcon.colcon_core.shell:Creating package script '/home/amin/cobot/cobot_ws/install/mycobot_interfaces/share/mycobot_interfaces/package.zsh'
[1.254s] Level 1:colcon.colcon_core.environment:create_file_with_runtime_dependencies(/home/amin/cobot/cobot_ws/install/mycobot_interfaces/share/colcon-core/packages/mycobot_interfaces)
[1.255s] INFO:colcon.colcon_ros.task.ament_python.build:Building ROS package in '/home/amin/cobot/cobot_ws/src/mycobot_ros2/mycobot_communication' with build type 'ament_python'
[1.255s] Level 1:colcon.colcon_core.shell:create_environment_hook('mycobot_communication', 'ament_prefix_path')
[1.255s] INFO:colcon.colcon_core.shell:Creating environment hook '/home/amin/cobot/cobot_ws/install/mycobot_communication/share/mycobot_communication/hook/ament_prefix_path.ps1'
[1.255s] INFO:colcon.colcon_core.shell:Creating environment descriptor '/home/amin/cobot/cobot_ws/install/mycobot_communication/share/mycobot_communication/hook/ament_prefix_path.dsv'
[1.256s] INFO:colcon.colcon_core.shell:Creating environment hook '/home/amin/cobot/cobot_ws/install/mycobot_communication/share/mycobot_communication/hook/ament_prefix_path.sh'
[1.256s] INFO:colcon.colcon_core.shell:Skip shell extension 'powershell' for command environment: Not usable outside of PowerShell
[1.256s] DEBUG:colcon.colcon_core.shell:Skip shell extension 'dsv' for command environment
[1.260s] INFO:colcon.colcon_ros.task.ament_python.build:Building ROS package in '/home/amin/cobot/cobot_ws/src/mycobot_ros2/mecharm/mecharm_communication' with build type 'ament_python'
[1.260s] Level 1:colcon.colcon_core.shell:create_environment_hook('mecharm_communication', 'ament_prefix_path')
[1.260s] INFO:colcon.colcon_core.shell:Creating environment hook '/home/amin/cobot/cobot_ws/install/mecharm_communication/share/mecharm_communication/hook/ament_prefix_path.ps1'
[1.260s] INFO:colcon.colcon_core.shell:Creating environment descriptor '/home/amin/cobot/cobot_ws/install/mecharm_communication/share/mecharm_communication/hook/ament_prefix_path.dsv'
[1.260s] INFO:colcon.colcon_core.shell:Creating environment hook '/home/amin/cobot/cobot_ws/install/mecharm_communication/share/mecharm_communication/hook/ament_prefix_path.sh'
[1.261s] INFO:colcon.colcon_core.shell:Skip shell extension 'powershell' for command environment: Not usable outside of PowerShell
[1.261s] DEBUG:colcon.colcon_core.shell:Skip shell extension 'dsv' for command environment
[1.268s] Level 1:colcon.colcon_core.environment:create_environment_scripts_only(mecharm_interfaces)
[1.268s] Level 1:colcon.colcon_core.environment:checking '/home/amin/cobot/cobot_ws/install/mecharm_interfaces' for CMake module files
[1.269s] DEBUG:colcon.colcon_core.event_handler.log_command:Invoked command in '/home/amin/cobot/cobot_ws/build/mecharm_interfaces' returned '0': CMAKE_PREFIX_PATH=${CMAKE_PREFIX_PATH}:/home/amin/cobot/cobot_ws/install/ultraarm:/home/amin/cobot/cobot_ws/install/pro450_moveit2_control:/home/amin/cobot/cobot_ws/install/mypalletizer_communication:/home/amin/cobot/cobot_ws/install/mypalletizer_260_pi:/home/amin/cobot/cobot_ws/install/mypalletizer_260:/home/amin/cobot/cobot_ws/install/mycobot_pro_450:/home/amin/cobot/cobot_ws/install/myarm_m750:/home/amin/cobot/cobot_ws/install/myarm_c650:/home/amin/cobot/cobot_ws/install/mycobot_communication:/home/amin/cobot/cobot_ws/install/mecharm_communication:/home/amin/cobot/cobot_ws/install/mycobot_630:/home/amin/cobot/cobot_ws/install/mycobot_600:/home/amin/cobot/cobot_ws/install/mycobot_320pi:/home/amin/cobot/cobot_ws/install/mycobot_320_riscv:/home/amin/cobot/cobot_ws/install/mycobot_320:/home/amin/cobot/cobot_ws/install/mycobot_280pi:/home/amin/cobot/cobot_ws/install/mycobot_280jn:/home/amin/cobot/cobot_ws/install/mycobot_280_x3pi:/home/amin/cobot/cobot_ws/install/mycobot_280_riscv:/home/amin/cobot/cobot_ws/install/mycobot_280_rdkx5:/home/amin/cobot/cobot_ws/install/mycobot_280_moveit2_control:/home/amin/cobot/cobot_ws/install/mycobot_280_arduino:/home/amin/cobot/cobot_ws/install/mycobot_280:/home/amin/cobot/cobot_ws/install/mybuddy:/home/amin/cobot/cobot_ws/install/myarm_300:/home/amin/cobot/cobot_ws/install/mecharm_pi:/home/amin/cobot/cobot_ws/install/mecharm:/home/amin/cobot/cobot_ws/install/mycobot_description:/opt/ros/jazzy DEBUGINFOD_URLS=https://debuginfod.ubuntu.com /usr/bin/cmake --install /home/amin/cobot/cobot_ws/build/mecharm_interfaces
[1.270s] Level 1:colcon.colcon_core.environment:checking '/home/amin/cobot/cobot_ws/install/mecharm_interfaces' for CMake config files
[1.270s] Level 1:colcon.colcon_core.shell:create_environment_hook('mecharm_interfaces', 'cmake_prefix_path')
[1.271s] INFO:colcon.colcon_core.shell:Creating environment hook '/home/amin/cobot/cobot_ws/install/mecharm_interfaces/share/mecharm_interfaces/hook/cmake_prefix_path.ps1'
[1.271s] INFO:colcon.colcon_core.shell:Creating environment descriptor '/home/amin/cobot/cobot_ws/install/mecharm_interfaces/share/mecharm_interfaces/hook/cmake_prefix_path.dsv'
[1.271s] INFO:colcon.colcon_core.shell:Creating environment hook '/home/amin/cobot/cobot_ws/install/mecharm_interfaces/share/mecharm_interfaces/hook/cmake_prefix_path.sh'
[1.272s] Level 1:colcon.colcon_core.environment:checking '/home/amin/cobot/cobot_ws/install/mecharm_interfaces/lib'
[1.272s] Level 1:colcon.colcon_core.shell:create_environment_hook('mecharm_interfaces', 'ld_library_path_lib')
[1.272s] INFO:colcon.colcon_core.shell:Creating environment hook '/home/amin/cobot/cobot_ws/install/mecharm_interfaces/share/mecharm_interfaces/hook/ld_library_path_lib.ps1'
[1.272s] INFO:colcon.colcon_core.shell:Creating environment descriptor '/home/amin/cobot/cobot_ws/install/mecharm_interfaces/share/mecharm_interfaces/hook/ld_library_path_lib.dsv'
[1.273s] INFO:colcon.colcon_core.shell:Creating environment hook '/home/amin/cobot/cobot_ws/install/mecharm_interfaces/share/mecharm_interfaces/hook/ld_library_path_lib.sh'
[1.273s] Level 1:colcon.colcon_core.environment:checking '/home/amin/cobot/cobot_ws/install/mecharm_interfaces/bin'
[1.273s] Level 1:colcon.colcon_core.environment:checking '/home/amin/cobot/cobot_ws/install/mecharm_interfaces/lib/pkgconfig/mecharm_interfaces.pc'
[1.273s] Level 1:colcon.colcon_core.environment:checking '/home/amin/cobot/cobot_ws/install/mecharm_interfaces/lib/python3.12/site-packages'
[1.273s] Level 1:colcon.colcon_core.shell:create_environment_hook('mecharm_interfaces', 'pythonpath')
[1.274s] INFO:colcon.colcon_core.shell:Creating environment hook '/home/amin/cobot/cobot_ws/install/mecharm_interfaces/share/mecharm_interfaces/hook/pythonpath.ps1'
[1.274s] INFO:colcon.colcon_core.shell:Creating environment descriptor '/home/amin/cobot/cobot_ws/install/mecharm_interfaces/share/mecharm_interfaces/hook/pythonpath.dsv'
[1.274s] INFO:colcon.colcon_core.shell:Creating environment hook '/home/amin/cobot/cobot_ws/install/mecharm_interfaces/share/mecharm_interfaces/hook/pythonpath.sh'
[1.275s] Level 1:colcon.colcon_core.environment:checking '/home/amin/cobot/cobot_ws/install/mecharm_interfaces/bin'
[1.275s] INFO:colcon.colcon_core.shell:Creating package script '/home/amin/cobot/cobot_ws/install/mecharm_interfaces/share/mecharm_interfaces/package.ps1'
[1.276s] INFO:colcon.colcon_core.shell:Creating package descriptor '/home/amin/cobot/cobot_ws/install/mecharm_interfaces/share/mecharm_interfaces/package.dsv'
[1.276s] INFO:colcon.colcon_core.shell:Creating package script '/home/amin/cobot/cobot_ws/install/mecharm_interfaces/share/mecharm_interfaces/package.sh'
[1.276s] INFO:colcon.colcon_core.shell:Creating package script '/home/amin/cobot/cobot_ws/install/mecharm_interfaces/share/mecharm_interfaces/package.bash'
[1.277s] INFO:colcon.colcon_core.shell:Creating package script '/home/amin/cobot/cobot_ws/install/mecharm_interfaces/share/mecharm_interfaces/package.zsh'
[1.277s] Level 1:colcon.colcon_core.environment:create_file_with_runtime_dependencies(/home/amin/cobot/cobot_ws/install/mecharm_interfaces/share/colcon-core/packages/mecharm_interfaces)
[1.277s] Level 1:colcon.colcon_core.environment:create_environment_scripts_only(mecharm_interfaces)
[1.278s] Level 1:colcon.colcon_core.environment:checking '/home/amin/cobot/cobot_ws/install/mecharm_interfaces' for CMake module files
[1.278s] Level 1:colcon.colcon_core.environment:checking '/home/amin/cobot/cobot_ws/install/mecharm_interfaces' for CMake config files
[1.279s] Level 1:colcon.colcon_core.shell:create_environment_hook('mecharm_interfaces', 'cmake_prefix_path')
[1.279s] INFO:colcon.colcon_core.shell:Creating environment hook '/home/amin/cobot/cobot_ws/install/mecharm_interfaces/share/mecharm_interfaces/hook/cmake_prefix_path.ps1'
[1.280s] INFO:colcon.colcon_core.shell:Creating environment descriptor '/home/amin/cobot/cobot_ws/install/mecharm_interfaces/share/mecharm_interfaces/hook/cmake_prefix_path.dsv'
[1.280s] INFO:colcon.colcon_core.shell:Creating environment hook '/home/amin/cobot/cobot_ws/install/mecharm_interfaces/share/mecharm_interfaces/hook/cmake_prefix_path.sh'
[1.280s] Level 1:colcon.colcon_core.environment:checking '/home/amin/cobot/cobot_ws/install/mecharm_interfaces/lib'
[1.280s] Level 1:colcon.colcon_core.shell:create_environment_hook('mecharm_interfaces', 'ld_library_path_lib')
[1.280s] INFO:colcon.colcon_core.shell:Creating environment hook '/home/amin/cobot/cobot_ws/install/mecharm_interfaces/share/mecharm_interfaces/hook/ld_library_path_lib.ps1'
[1.281s] INFO:colcon.colcon_core.shell:Creating environment descriptor '/home/amin/cobot/cobot_ws/install/mecharm_interfaces/share/mecharm_interfaces/hook/ld_library_path_lib.dsv'
[1.281s] INFO:colcon.colcon_core.shell:Creating environment hook '/home/amin/cobot/cobot_ws/install/mecharm_interfaces/share/mecharm_interfaces/hook/ld_library_path_lib.sh'
[1.281s] Level 1:colcon.colcon_core.environment:checking '/home/amin/cobot/cobot_ws/install/mecharm_interfaces/bin'
[1.281s] Level 1:colcon.colcon_core.environment:checking '/home/amin/cobot/cobot_ws/install/mecharm_interfaces/lib/pkgconfig/mecharm_interfaces.pc'
[1.281s] Level 1:colcon.colcon_core.environment:checking '/home/amin/cobot/cobot_ws/install/mecharm_interfaces/lib/python3.12/site-packages'
[1.281s] Level 1:colcon.colcon_core.shell:create_environment_hook('mecharm_interfaces', 'pythonpath')
[1.282s] INFO:colcon.colcon_core.shell:Creating environment hook '/home/amin/cobot/cobot_ws/install/mecharm_interfaces/share/mecharm_interfaces/hook/pythonpath.ps1'
[1.282s] INFO:colcon.colcon_core.shell:Creating environment descriptor '/home/amin/cobot/cobot_ws/install/mecharm_interfaces/share/mecharm_interfaces/hook/pythonpath.dsv'
[1.282s] INFO:colcon.colcon_core.shell:Creating environment hook '/home/amin/cobot/cobot_ws/install/mecharm_interfaces/share/mecharm_interfaces/hook/pythonpath.sh'
[1.282s] Level 1:colcon.colcon_core.environment:checking '/home/amin/cobot/cobot_ws/install/mecharm_interfaces/bin'
[1.283s] INFO:colcon.colcon_core.shell:Creating package script '/home/amin/cobot/cobot_ws/install/mecharm_interfaces/share/mecharm_interfaces/package.ps1'
[1.283s] INFO:colcon.colcon_core.shell:Creating package descriptor '/home/amin/cobot/cobot_ws/install/mecharm_interfaces/share/mecharm_interfaces/package.dsv'
[1.283s] INFO:colcon.colcon_core.shell:Creating package script '/home/amin/cobot/cobot_ws/install/mecharm_interfaces/share/mecharm_interfaces/package.sh'
[1.283s] INFO:colcon.colcon_core.shell:Creating package script '/home/amin/cobot/cobot_ws/install/mecharm_interfaces/share/mecharm_interfaces/package.bash'
[1.284s] INFO:colcon.colcon_core.shell:Creating package script '/home/amin/cobot/cobot_ws/install/mecharm_interfaces/share/mecharm_interfaces/package.zsh'
[1.284s] Level 1:colcon.colcon_core.environment:create_file_with_runtime_dependencies(/home/amin/cobot/cobot_ws/install/mecharm_interfaces/share/colcon-core/packages/mecharm_interfaces)
[1.284s] Level 1:colcon.colcon_core.environment:create_environment_scripts_only(mycobot_pro450_interfaces)
[1.284s] Level 1:colcon.colcon_core.environment:checking '/home/amin/cobot/cobot_ws/install/mycobot_pro450_interfaces' for CMake module files
[1.285s] DEBUG:colcon.colcon_core.event_handler.log_command:Invoked command in '/home/amin/cobot/cobot_ws/build/mycobot_pro450_interfaces' returned '0': CMAKE_PREFIX_PATH=${CMAKE_PREFIX_PATH}:/home/amin/cobot/cobot_ws/install/ultraarm:/home/amin/cobot/cobot_ws/install/pro450_moveit2_control:/home/amin/cobot/cobot_ws/install/mypalletizer_communication:/home/amin/cobot/cobot_ws/install/mypalletizer_260_pi:/home/amin/cobot/cobot_ws/install/mypalletizer_260:/home/amin/cobot/cobot_ws/install/mycobot_pro_450:/home/amin/cobot/cobot_ws/install/myarm_m750:/home/amin/cobot/cobot_ws/install/myarm_c650:/home/amin/cobot/cobot_ws/install/mycobot_communication:/home/amin/cobot/cobot_ws/install/mecharm_communication:/home/amin/cobot/cobot_ws/install/mycobot_630:/home/amin/cobot/cobot_ws/install/mycobot_600:/home/amin/cobot/cobot_ws/install/mycobot_320pi:/home/amin/cobot/cobot_ws/install/mycobot_320_riscv:/home/amin/cobot/cobot_ws/install/mycobot_320:/home/amin/cobot/cobot_ws/install/mycobot_280pi:/home/amin/cobot/cobot_ws/install/mycobot_280jn:/home/amin/cobot/cobot_ws/install/mycobot_280_x3pi:/home/amin/cobot/cobot_ws/install/mycobot_280_riscv:/home/amin/cobot/cobot_ws/install/mycobot_280_rdkx5:/home/amin/cobot/cobot_ws/install/mycobot_280_moveit2_control:/home/amin/cobot/cobot_ws/install/mycobot_280_arduino:/home/amin/cobot/cobot_ws/install/mycobot_280:/home/amin/cobot/cobot_ws/install/mybuddy:/home/amin/cobot/cobot_ws/install/myarm_300:/home/amin/cobot/cobot_ws/install/mecharm_pi:/home/amin/cobot/cobot_ws/install/mecharm:/home/amin/cobot/cobot_ws/install/mycobot_description:/opt/ros/jazzy DEBUGINFOD_URLS=https://debuginfod.ubuntu.com /usr/bin/cmake --install /home/amin/cobot/cobot_ws/build/mycobot_pro450_interfaces
[1.285s] Level 1:colcon.colcon_core.environment:checking '/home/amin/cobot/cobot_ws/install/mycobot_pro450_interfaces' for CMake config files
[1.286s] Level 1:colcon.colcon_core.shell:create_environment_hook('mycobot_pro450_interfaces', 'cmake_prefix_path')
[1.286s] INFO:colcon.colcon_core.shell:Creating environment hook '/home/amin/cobot/cobot_ws/install/mycobot_pro450_interfaces/share/mycobot_pro450_interfaces/hook/cmake_prefix_path.ps1'
[1.286s] INFO:colcon.colcon_core.shell:Creating environment descriptor '/home/amin/cobot/cobot_ws/install/mycobot_pro450_interfaces/share/mycobot_pro450_interfaces/hook/cmake_prefix_path.dsv'
[1.287s] INFO:colcon.colcon_core.shell:Creating environment hook '/home/amin/cobot/cobot_ws/install/mycobot_pro450_interfaces/share/mycobot_pro450_interfaces/hook/cmake_prefix_path.sh'
[1.287s] Level 1:colcon.colcon_core.environment:checking '/home/amin/cobot/cobot_ws/install/mycobot_pro450_interfaces/lib'
[1.287s] Level 1:colcon.colcon_core.shell:create_environment_hook('mycobot_pro450_interfaces', 'ld_library_path_lib')
[1.288s] INFO:colcon.colcon_core.shell:Creating environment hook '/home/amin/cobot/cobot_ws/install/mycobot_pro450_interfaces/share/mycobot_pro450_interfaces/hook/ld_library_path_lib.ps1'
[1.288s] INFO:colcon.colcon_core.shell:Creating environment descriptor '/home/amin/cobot/cobot_ws/install/mycobot_pro450_interfaces/share/mycobot_pro450_interfaces/hook/ld_library_path_lib.dsv'
[1.288s] INFO:colcon.colcon_core.shell:Creating environment hook '/home/amin/cobot/cobot_ws/install/mycobot_pro450_interfaces/share/mycobot_pro450_interfaces/hook/ld_library_path_lib.sh'
[1.288s] Level 1:colcon.colcon_core.environment:checking '/home/amin/cobot/cobot_ws/install/mycobot_pro450_interfaces/bin'
[1.289s] Level 1:colcon.colcon_core.environment:checking '/home/amin/cobot/cobot_ws/install/mycobot_pro450_interfaces/lib/pkgconfig/mycobot_pro450_interfaces.pc'
[1.289s] Level 1:colcon.colcon_core.environment:checking '/home/amin/cobot/cobot_ws/install/mycobot_pro450_interfaces/lib/python3.12/site-packages'
[1.289s] Level 1:colcon.colcon_core.shell:create_environment_hook('mycobot_pro450_interfaces', 'pythonpath')
[1.289s] INFO:colcon.colcon_core.shell:Creating environment hook '/home/amin/cobot/cobot_ws/install/mycobot_pro450_interfaces/share/mycobot_pro450_interfaces/hook/pythonpath.ps1'
[1.289s] INFO:colcon.colcon_core.shell:Creating environment descriptor '/home/amin/cobot/cobot_ws/install/mycobot_pro450_interfaces/share/mycobot_pro450_interfaces/hook/pythonpath.dsv'
[1.289s] INFO:colcon.colcon_core.shell:Creating environment hook '/home/amin/cobot/cobot_ws/install/mycobot_pro450_interfaces/share/mycobot_pro450_interfaces/hook/pythonpath.sh'
[1.290s] Level 1:colcon.colcon_core.environment:checking '/home/amin/cobot/cobot_ws/install/mycobot_pro450_interfaces/bin'
[1.290s] INFO:colcon.colcon_core.shell:Creating package script '/home/amin/cobot/cobot_ws/install/mycobot_pro450_interfaces/share/mycobot_pro450_interfaces/package.ps1'
[1.290s] INFO:colcon.colcon_core.shell:Creating package descriptor '/home/amin/cobot/cobot_ws/install/mycobot_pro450_interfaces/share/mycobot_pro450_interfaces/package.dsv'
[1.291s] INFO:colcon.colcon_core.shell:Creating package script '/home/amin/cobot/cobot_ws/install/mycobot_pro450_interfaces/share/mycobot_pro450_interfaces/package.sh'
[1.291s] INFO:colcon.colcon_core.shell:Creating package script '/home/amin/cobot/cobot_ws/install/mycobot_pro450_interfaces/share/mycobot_pro450_interfaces/package.bash'
[1.291s] INFO:colcon.colcon_core.shell:Creating package script '/home/amin/cobot/cobot_ws/install/mycobot_pro450_interfaces/share/mycobot_pro450_interfaces/package.zsh'
[1.291s] Level 1:colcon.colcon_core.environment:create_file_with_runtime_dependencies(/home/amin/cobot/cobot_ws/install/mycobot_pro450_interfaces/share/colcon-core/packages/mycobot_pro450_interfaces)
[1.292s] Level 1:colcon.colcon_core.environment:create_environment_scripts_only(mycobot_pro450_interfaces)
[1.292s] Level 1:colcon.colcon_core.environment:checking '/home/amin/cobot/cobot_ws/install/mycobot_pro450_interfaces' for CMake module files
[1.293s] Level 1:colcon.colcon_core.environment:checking '/home/amin/cobot/cobot_ws/install/mycobot_pro450_interfaces' for CMake config files
[1.293s] Level 1:colcon.colcon_core.shell:create_environment_hook('mycobot_pro450_interfaces', 'cmake_prefix_path')
[1.293s] INFO:colcon.colcon_core.shell:Creating environment hook '/home/amin/cobot/cobot_ws/install/mycobot_pro450_interfaces/share/mycobot_pro450_interfaces/hook/cmake_prefix_path.ps1'
[1.293s] INFO:colcon.colcon_core.shell:Creating environment descriptor '/home/amin/cobot/cobot_ws/install/mycobot_pro450_interfaces/share/mycobot_pro450_interfaces/hook/cmake_prefix_path.dsv'
[1.293s] INFO:colcon.colcon_core.shell:Creating environment hook '/home/amin/cobot/cobot_ws/install/mycobot_pro450_interfaces/share/mycobot_pro450_interfaces/hook/cmake_prefix_path.sh'
[1.294s] Level 1:colcon.colcon_core.environment:checking '/home/amin/cobot/cobot_ws/install/mycobot_pro450_interfaces/lib'
[1.294s] Level 1:colcon.colcon_core.shell:create_environment_hook('mycobot_pro450_interfaces', 'ld_library_path_lib')
[1.294s] INFO:colcon.colcon_core.shell:Creating environment hook '/home/amin/cobot/cobot_ws/install/mycobot_pro450_interfaces/share/mycobot_pro450_interfaces/hook/ld_library_path_lib.ps1'
[1.294s] INFO:colcon.colcon_core.shell:Creating environment descriptor '/home/amin/cobot/cobot_ws/install/mycobot_pro450_interfaces/share/mycobot_pro450_interfaces/hook/ld_library_path_lib.dsv'
[1.294s] INFO:colcon.colcon_core.shell:Creating environment hook '/home/amin/cobot/cobot_ws/install/mycobot_pro450_interfaces/share/mycobot_pro450_interfaces/hook/ld_library_path_lib.sh'
[1.295s] Level 1:colcon.colcon_core.environment:checking '/home/amin/cobot/cobot_ws/install/mycobot_pro450_interfaces/bin'
[1.295s] Level 1:colcon.colcon_core.environment:checking '/home/amin/cobot/cobot_ws/install/mycobot_pro450_interfaces/lib/pkgconfig/mycobot_pro450_interfaces.pc'
[1.295s] Level 1:colcon.colcon_core.environment:checking '/home/amin/cobot/cobot_ws/install/mycobot_pro450_interfaces/lib/python3.12/site-packages'
[1.295s] Level 1:colcon.colcon_core.shell:create_environment_hook('mycobot_pro450_interfaces', 'pythonpath')
[1.295s] INFO:colcon.colcon_core.shell:Creating environment hook '/home/amin/cobot/cobot_ws/install/mycobot_pro450_interfaces/share/mycobot_pro450_interfaces/hook/pythonpath.ps1'
[1.295s] INFO:colcon.colcon_core.shell:Creating environment descriptor '/home/amin/cobot/cobot_ws/install/mycobot_pro450_interfaces/share/mycobot_pro450_interfaces/hook/pythonpath.dsv'
[1.295s] INFO:colcon.colcon_core.shell:Creating environment hook '/home/amin/cobot/cobot_ws/install/mycobot_pro450_interfaces/share/mycobot_pro450_interfaces/hook/pythonpath.sh'
[1.296s] Level 1:colcon.colcon_core.environment:checking '/home/amin/cobot/cobot_ws/install/mycobot_pro450_interfaces/bin'
[1.296s] INFO:colcon.colcon_core.shell:Creating package script '/home/amin/cobot/cobot_ws/install/mycobot_pro450_interfaces/share/mycobot_pro450_interfaces/package.ps1'
[1.296s] INFO:colcon.colcon_core.shell:Creating package descriptor '/home/amin/cobot/cobot_ws/install/mycobot_pro450_interfaces/share/mycobot_pro450_interfaces/package.dsv'
[1.297s] INFO:colcon.colcon_core.shell:Creating package script '/home/amin/cobot/cobot_ws/install/mycobot_pro450_interfaces/share/mycobot_pro450_interfaces/package.sh'
[1.297s] INFO:colcon.colcon_core.shell:Creating package script '/home/amin/cobot/cobot_ws/install/mycobot_pro450_interfaces/share/mycobot_pro450_interfaces/package.bash'
[1.297s] INFO:colcon.colcon_core.shell:Creating package script '/home/amin/cobot/cobot_ws/install/mycobot_pro450_interfaces/share/mycobot_pro450_interfaces/package.zsh'
[1.298s] Level 1:colcon.colcon_core.environment:create_file_with_runtime_dependencies(/home/amin/cobot/cobot_ws/install/mycobot_pro450_interfaces/share/colcon-core/packages/mycobot_pro450_interfaces)
[1.298s] Level 1:colcon.colcon_core.environment:create_environment_scripts_only(mypalletizer_interfaces)
[1.298s] Level 1:colcon.colcon_core.environment:checking '/home/amin/cobot/cobot_ws/install/mypalletizer_interfaces' for CMake module files
[1.299s] DEBUG:colcon.colcon_core.event_handler.log_command:Invoked command in '/home/amin/cobot/cobot_ws/build/mypalletizer_interfaces' returned '0': CMAKE_PREFIX_PATH=${CMAKE_PREFIX_PATH}:/home/amin/cobot/cobot_ws/install/ultraarm:/home/amin/cobot/cobot_ws/install/pro450_moveit2_control:/home/amin/cobot/cobot_ws/install/mypalletizer_communication:/home/amin/cobot/cobot_ws/install/mypalletizer_260_pi:/home/amin/cobot/cobot_ws/install/mypalletizer_260:/home/amin/cobot/cobot_ws/install/mycobot_pro_450:/home/amin/cobot/cobot_ws/install/myarm_m750:/home/amin/cobot/cobot_ws/install/myarm_c650:/home/amin/cobot/cobot_ws/install/mycobot_communication:/home/amin/cobot/cobot_ws/install/mecharm_communication:/home/amin/cobot/cobot_ws/install/mycobot_630:/home/amin/cobot/cobot_ws/install/mycobot_600:/home/amin/cobot/cobot_ws/install/mycobot_320pi:/home/amin/cobot/cobot_ws/install/mycobot_320_riscv:/home/amin/cobot/cobot_ws/install/mycobot_320:/home/amin/cobot/cobot_ws/install/mycobot_280pi:/home/amin/cobot/cobot_ws/install/mycobot_280jn:/home/amin/cobot/cobot_ws/install/mycobot_280_x3pi:/home/amin/cobot/cobot_ws/install/mycobot_280_riscv:/home/amin/cobot/cobot_ws/install/mycobot_280_rdkx5:/home/amin/cobot/cobot_ws/install/mycobot_280_moveit2_control:/home/amin/cobot/cobot_ws/install/mycobot_280_arduino:/home/amin/cobot/cobot_ws/install/mycobot_280:/home/amin/cobot/cobot_ws/install/mybuddy:/home/amin/cobot/cobot_ws/install/myarm_300:/home/amin/cobot/cobot_ws/install/mecharm_pi:/home/amin/cobot/cobot_ws/install/mecharm:/home/amin/cobot/cobot_ws/install/mycobot_description:/opt/ros/jazzy DEBUGINFOD_URLS=https://debuginfod.ubuntu.com /usr/bin/cmake --install /home/amin/cobot/cobot_ws/build/mypalletizer_interfaces
[1.299s] Level 1:colcon.colcon_core.environment:checking '/home/amin/cobot/cobot_ws/install/mypalletizer_interfaces' for CMake config files
[1.299s] Level 1:colcon.colcon_core.shell:create_environment_hook('mypalletizer_interfaces', 'cmake_prefix_path')
[1.300s] INFO:colcon.colcon_core.shell:Creating environment hook '/home/amin/cobot/cobot_ws/install/mypalletizer_interfaces/share/mypalletizer_interfaces/hook/cmake_prefix_path.ps1'
[1.300s] INFO:colcon.colcon_core.shell:Creating environment descriptor '/home/amin/cobot/cobot_ws/install/mypalletizer_interfaces/share/mypalletizer_interfaces/hook/cmake_prefix_path.dsv'
[1.300s] INFO:colcon.colcon_core.shell:Creating environment hook '/home/amin/cobot/cobot_ws/install/mypalletizer_interfaces/share/mypalletizer_interfaces/hook/cmake_prefix_path.sh'
[1.300s] Level 1:colcon.colcon_core.environment:checking '/home/amin/cobot/cobot_ws/install/mypalletizer_interfaces/lib'
[1.301s] Level 1:colcon.colcon_core.shell:create_environment_hook('mypalletizer_interfaces', 'ld_library_path_lib')
[1.301s] INFO:colcon.colcon_core.shell:Creating environment hook '/home/amin/cobot/cobot_ws/install/mypalletizer_interfaces/share/mypalletizer_interfaces/hook/ld_library_path_lib.ps1'
[1.301s] INFO:colcon.colcon_core.shell:Creating environment descriptor '/home/amin/cobot/cobot_ws/install/mypalletizer_interfaces/share/mypalletizer_interfaces/hook/ld_library_path_lib.dsv'
[1.301s] INFO:colcon.colcon_core.shell:Creating environment hook '/home/amin/cobot/cobot_ws/install/mypalletizer_interfaces/share/mypalletizer_interfaces/hook/ld_library_path_lib.sh'
[1.301s] Level 1:colcon.colcon_core.environment:checking '/home/amin/cobot/cobot_ws/install/mypalletizer_interfaces/bin'
[1.301s] Level 1:colcon.colcon_core.environment:checking '/home/amin/cobot/cobot_ws/install/mypalletizer_interfaces/lib/pkgconfig/mypalletizer_interfaces.pc'
[1.301s] Level 1:colcon.colcon_core.environment:checking '/home/amin/cobot/cobot_ws/install/mypalletizer_interfaces/lib/python3.12/site-packages'
[1.302s] Level 1:colcon.colcon_core.shell:create_environment_hook('mypalletizer_interfaces', 'pythonpath')
[1.302s] INFO:colcon.colcon_core.shell:Creating environment hook '/home/amin/cobot/cobot_ws/install/mypalletizer_interfaces/share/mypalletizer_interfaces/hook/pythonpath.ps1'
[1.302s] INFO:colcon.colcon_core.shell:Creating environment descriptor '/home/amin/cobot/cobot_ws/install/mypalletizer_interfaces/share/mypalletizer_interfaces/hook/pythonpath.dsv'
[1.302s] INFO:colcon.colcon_core.shell:Creating environment hook '/home/amin/cobot/cobot_ws/install/mypalletizer_interfaces/share/mypalletizer_interfaces/hook/pythonpath.sh'
[1.302s] Level 1:colcon.colcon_core.environment:checking '/home/amin/cobot/cobot_ws/install/mypalletizer_interfaces/bin'
[1.303s] INFO:colcon.colcon_core.shell:Creating package script '/home/amin/cobot/cobot_ws/install/mypalletizer_interfaces/share/mypalletizer_interfaces/package.ps1'
[1.303s] INFO:colcon.colcon_core.shell:Creating package descriptor '/home/amin/cobot/cobot_ws/install/mypalletizer_interfaces/share/mypalletizer_interfaces/package.dsv'
[1.303s] INFO:colcon.colcon_core.shell:Creating package script '/home/amin/cobot/cobot_ws/install/mypalletizer_interfaces/share/mypalletizer_interfaces/package.sh'
[1.303s] INFO:colcon.colcon_core.shell:Creating package script '/home/amin/cobot/cobot_ws/install/mypalletizer_interfaces/share/mypalletizer_interfaces/package.bash'
[1.304s] INFO:colcon.colcon_core.shell:Creating package script '/home/amin/cobot/cobot_ws/install/mypalletizer_interfaces/share/mypalletizer_interfaces/package.zsh'
[1.304s] Level 1:colcon.colcon_core.environment:create_file_with_runtime_dependencies(/home/amin/cobot/cobot_ws/install/mypalletizer_interfaces/share/colcon-core/packages/mypalletizer_interfaces)
[1.304s] Level 1:colcon.colcon_core.environment:create_environment_scripts_only(mypalletizer_interfaces)
[1.304s] Level 1:colcon.colcon_core.environment:checking '/home/amin/cobot/cobot_ws/install/mypalletizer_interfaces' for CMake module files
[1.305s] Level 1:colcon.colcon_core.environment:checking '/home/amin/cobot/cobot_ws/install/mypalletizer_interfaces' for CMake config files
[1.305s] Level 1:colcon.colcon_core.shell:create_environment_hook('mypalletizer_interfaces', 'cmake_prefix_path')
[1.305s] INFO:colcon.colcon_core.shell:Creating environment hook '/home/amin/cobot/cobot_ws/install/mypalletizer_interfaces/share/mypalletizer_interfaces/hook/cmake_prefix_path.ps1'
[1.305s] INFO:colcon.colcon_core.shell:Creating environment descriptor '/home/amin/cobot/cobot_ws/install/mypalletizer_interfaces/share/mypalletizer_interfaces/hook/cmake_prefix_path.dsv'
[1.306s] INFO:colcon.colcon_core.shell:Creating environment hook '/home/amin/cobot/cobot_ws/install/mypalletizer_interfaces/share/mypalletizer_interfaces/hook/cmake_prefix_path.sh'
[1.306s] Level 1:colcon.colcon_core.environment:checking '/home/amin/cobot/cobot_ws/install/mypalletizer_interfaces/lib'
[1.306s] Level 1:colcon.colcon_core.shell:create_environment_hook('mypalletizer_interfaces', 'ld_library_path_lib')
[1.306s] INFO:colcon.colcon_core.shell:Creating environment hook '/home/amin/cobot/cobot_ws/install/mypalletizer_interfaces/share/mypalletizer_interfaces/hook/ld_library_path_lib.ps1'
[1.306s] INFO:colcon.colcon_core.shell:Creating environment descriptor '/home/amin/cobot/cobot_ws/install/mypalletizer_interfaces/share/mypalletizer_interfaces/hook/ld_library_path_lib.dsv'
[1.307s] INFO:colcon.colcon_core.shell:Creating environment hook '/home/amin/cobot/cobot_ws/install/mypalletizer_interfaces/share/mypalletizer_interfaces/hook/ld_library_path_lib.sh'
[1.307s] Level 1:colcon.colcon_core.environment:checking '/home/amin/cobot/cobot_ws/install/mypalletizer_interfaces/bin'
[1.307s] Level 1:colcon.colcon_core.environment:checking '/home/amin/cobot/cobot_ws/install/mypalletizer_interfaces/lib/pkgconfig/mypalletizer_interfaces.pc'
[1.307s] Level 1:colcon.colcon_core.environment:checking '/home/amin/cobot/cobot_ws/install/mypalletizer_interfaces/lib/python3.12/site-packages'
[1.307s] Level 1:colcon.colcon_core.shell:create_environment_hook('mypalletizer_interfaces', 'pythonpath')
[1.308s] INFO:colcon.colcon_core.shell:Creating environment hook '/home/amin/cobot/cobot_ws/install/mypalletizer_interfaces/share/mypalletizer_interfaces/hook/pythonpath.ps1'
[1.308s] INFO:colcon.colcon_core.shell:Creating environment descriptor '/home/amin/cobot/cobot_ws/install/mypalletizer_interfaces/share/mypalletizer_interfaces/hook/pythonpath.dsv'
[1.308s] INFO:colcon.colcon_core.shell:Creating environment hook '/home/amin/cobot/cobot_ws/install/mypalletizer_interfaces/share/mypalletizer_interfaces/hook/pythonpath.sh'
[1.309s] Level 1:colcon.colcon_core.environment:checking '/home/amin/cobot/cobot_ws/install/mypalletizer_interfaces/bin'
[1.309s] INFO:colcon.colcon_core.shell:Creating package script '/home/amin/cobot/cobot_ws/install/mypalletizer_interfaces/share/mypalletizer_interfaces/package.ps1'
[1.309s] INFO:colcon.colcon_core.shell:Creating package descriptor '/home/amin/cobot/cobot_ws/install/mypalletizer_interfaces/share/mypalletizer_interfaces/package.dsv'
[1.309s] INFO:colcon.colcon_core.shell:Creating package script '/home/amin/cobot/cobot_ws/install/mypalletizer_interfaces/share/mypalletizer_interfaces/package.sh'
[1.310s] INFO:colcon.colcon_core.shell:Creating package script '/home/amin/cobot/cobot_ws/install/mypalletizer_interfaces/share/mypalletizer_interfaces/package.bash'
[1.310s] INFO:colcon.colcon_core.shell:Creating package script '/home/amin/cobot/cobot_ws/install/mypalletizer_interfaces/share/mypalletizer_interfaces/package.zsh'
[1.310s] Level 1:colcon.colcon_core.environment:create_file_with_runtime_dependencies(/home/amin/cobot/cobot_ws/install/mypalletizer_interfaces/share/colcon-core/packages/mypalletizer_interfaces)
[1.311s] INFO:colcon.colcon_ros.task.ament_python.build:Building ROS package in '/home/amin/cobot/cobot_ws/src/mycobot_ros2/mypalletizer_260/mypalletizer_communication' with build type 'ament_python'
[1.311s] Level 1:colcon.colcon_core.shell:create_environment_hook('mypalletizer_communication', 'ament_prefix_path')
[1.311s] INFO:colcon.colcon_core.shell:Creating environment hook '/home/amin/cobot/cobot_ws/install/mypalletizer_communication/share/mypalletizer_communication/hook/ament_prefix_path.ps1'
[1.312s] INFO:colcon.colcon_core.shell:Creating environment descriptor '/home/amin/cobot/cobot_ws/install/mypalletizer_communication/share/mypalletizer_communication/hook/ament_prefix_path.dsv'
[1.312s] INFO:colcon.colcon_core.shell:Creating environment hook '/home/amin/cobot/cobot_ws/install/mypalletizer_communication/share/mypalletizer_communication/hook/ament_prefix_path.sh'
[1.312s] INFO:colcon.colcon_core.shell:Skip shell extension 'powershell' for command environment: Not usable outside of PowerShell
[1.312s] DEBUG:colcon.colcon_core.shell:Skip shell extension 'dsv' for command environment
[1.488s] INFO:colcon.colcon_core.task.python.build:Building Python package in '/home/amin/cobot/cobot_ws/src/mycobot_ros2/mycobot_communication'
[1.488s] INFO:colcon.colcon_core.shell:Skip shell extension 'powershell' for command environment: Not usable outside of PowerShell
[1.488s] DEBUG:colcon.colcon_core.shell:Skip shell extension 'dsv' for command environment
[1.652s] INFO:colcon.colcon_core.task.python.build:Building Python package in '/home/amin/cobot/cobot_ws/src/mycobot_ros2/mecharm/mecharm_communication'
[1.652s] INFO:colcon.colcon_core.shell:Skip shell extension 'powershell' for command environment: Not usable outside of PowerShell
[1.652s] DEBUG:colcon.colcon_core.shell:Skip shell extension 'dsv' for command environment
[1.660s] DEBUG:colcon.colcon_core.event_handler.log_command:Invoking command in '/home/amin/cobot/cobot_ws/src/mycobot_ros2/mycobot_description': DEBUGINFOD_URLS=https://debuginfod.ubuntu.com PYTHONPATH=/home/amin/cobot/cobot_ws/build/mycobot_description/prefix_override:/usr/lib/python3/dist-packages/colcon_core/task/python/colcon_distutils_commands:/home/amin/cobot/cobot_ws/install/mycobot_description/lib/python3.12/site-packages:${PYTHONPATH} /usr/bin/python3 -W ignore:setup.py install is deprecated -W ignore:easy_install command is deprecated setup.py egg_info --egg-base ../../../build/mycobot_description build --build-base /home/amin/cobot/cobot_ws/build/mycobot_description/build install --record /home/amin/cobot/cobot_ws/build/mycobot_description/install.log --single-version-externally-managed install_data
[1.862s] INFO:colcon.colcon_core.task.python.build:Building Python package in '/home/amin/cobot/cobot_ws/src/mycobot_ros2/mypalletizer_260/mypalletizer_communication'
[1.863s] INFO:colcon.colcon_core.shell:Skip shell extension 'powershell' for command environment: Not usable outside of PowerShell
[1.863s] DEBUG:colcon.colcon_core.shell:Skip shell extension 'dsv' for command environment
[2.140s] Level 1:colcon.colcon_core.environment:checking '/home/amin/cobot/cobot_ws/install/mycobot_description' for CMake module files
[2.141s] DEBUG:colcon.colcon_core.event_handler.log_command:Invoked command in '/home/amin/cobot/cobot_ws/src/mycobot_ros2/mycobot_description' returned '0': DEBUGINFOD_URLS=https://debuginfod.ubuntu.com PYTHONPATH=/home/amin/cobot/cobot_ws/build/mycobot_description/prefix_override:/usr/lib/python3/dist-packages/colcon_core/task/python/colcon_distutils_commands:/home/amin/cobot/cobot_ws/install/mycobot_description/lib/python3.12/site-packages:${PYTHONPATH} /usr/bin/python3 -W ignore:setup.py install is deprecated -W ignore:easy_install command is deprecated setup.py egg_info --egg-base ../../../build/mycobot_description build --build-base /home/amin/cobot/cobot_ws/build/mycobot_description/build install --record /home/amin/cobot/cobot_ws/build/mycobot_description/install.log --single-version-externally-managed install_data
[2.141s] Level 1:colcon.colcon_core.environment:checking '/home/amin/cobot/cobot_ws/install/mycobot_description' for CMake config files
[2.141s] Level 1:colcon.colcon_core.environment:checking '/home/amin/cobot/cobot_ws/install/mycobot_description/lib'
[2.142s] Level 1:colcon.colcon_core.environment:checking '/home/amin/cobot/cobot_ws/install/mycobot_description/bin'
[2.142s] Level 1:colcon.colcon_core.environment:checking '/home/amin/cobot/cobot_ws/install/mycobot_description/lib/pkgconfig/mycobot_description.pc'
[2.142s] Level 1:colcon.colcon_core.environment:checking '/home/amin/cobot/cobot_ws/install/mycobot_description/lib/python3.12/site-packages'
[2.142s] Level 1:colcon.colcon_core.shell:create_environment_hook('mycobot_description', 'pythonpath')
[2.142s] INFO:colcon.colcon_core.shell:Creating environment hook '/home/amin/cobot/cobot_ws/install/mycobot_description/share/mycobot_description/hook/pythonpath.ps1'
[2.142s] INFO:colcon.colcon_core.shell:Creating environment descriptor '/home/amin/cobot/cobot_ws/install/mycobot_description/share/mycobot_description/hook/pythonpath.dsv'
[2.143s] INFO:colcon.colcon_core.shell:Creating environment hook '/home/amin/cobot/cobot_ws/install/mycobot_description/share/mycobot_description/hook/pythonpath.sh'
[2.143s] Level 1:colcon.colcon_core.environment:checking '/home/amin/cobot/cobot_ws/install/mycobot_description/bin'
[2.143s] Level 1:colcon.colcon_core.environment:create_environment_scripts_only(mycobot_description)
[2.144s] INFO:colcon.colcon_core.shell:Creating package script '/home/amin/cobot/cobot_ws/install/mycobot_description/share/mycobot_description/package.ps1'
[2.144s] INFO:colcon.colcon_core.shell:Creating package descriptor '/home/amin/cobot/cobot_ws/install/mycobot_description/share/mycobot_description/package.dsv'
[2.144s] INFO:colcon.colcon_core.shell:Creating package script '/home/amin/cobot/cobot_ws/install/mycobot_description/share/mycobot_description/package.sh'
[2.145s] INFO:colcon.colcon_core.shell:Creating package script '/home/amin/cobot/cobot_ws/install/mycobot_description/share/mycobot_description/package.bash'
[2.145s] INFO:colcon.colcon_core.shell:Creating package script '/home/amin/cobot/cobot_ws/install/mycobot_description/share/mycobot_description/package.zsh'
[2.145s] Level 1:colcon.colcon_core.environment:create_file_with_runtime_dependencies(/home/amin/cobot/cobot_ws/install/mycobot_description/share/colcon-core/packages/mycobot_description)
[2.146s] INFO:colcon.colcon_ros.task.ament_python.build:Building ROS package in '/home/amin/cobot/cobot_ws/src/mycobot_ros2/mecharm/mecharm' with build type 'ament_python'
[2.146s] Level 1:colcon.colcon_core.shell:create_environment_hook('mecharm', 'ament_prefix_path')
[2.146s] INFO:colcon.colcon_core.shell:Creating environment hook '/home/amin/cobot/cobot_ws/install/mecharm/share/mecharm/hook/ament_prefix_path.ps1'
[2.146s] INFO:colcon.colcon_core.shell:Creating environment descriptor '/home/amin/cobot/cobot_ws/install/mecharm/share/mecharm/hook/ament_prefix_path.dsv'
[2.147s] INFO:colcon.colcon_core.shell:Creating environment hook '/home/amin/cobot/cobot_ws/install/mecharm/share/mecharm/hook/ament_prefix_path.sh'
[2.147s] INFO:colcon.colcon_core.shell:Skip shell extension 'powershell' for command environment: Not usable outside of PowerShell
[2.147s] DEBUG:colcon.colcon_core.shell:Skip shell extension 'dsv' for command environment
[2.154s] INFO:colcon.colcon_ros.task.ament_python.build:Building ROS package in '/home/amin/cobot/cobot_ws/src/mycobot_ros2/mecharm/mecharm_pi' with build type 'ament_python'
[2.154s] Level 1:colcon.colcon_core.shell:create_environment_hook('mecharm_pi', 'ament_prefix_path')
[2.155s] INFO:colcon.colcon_core.shell:Creating environment hook '/home/amin/cobot/cobot_ws/install/mecharm_pi/share/mecharm_pi/hook/ament_prefix_path.ps1'
[2.156s] INFO:colcon.colcon_core.shell:Creating environment descriptor '/home/amin/cobot/cobot_ws/install/mecharm_pi/share/mecharm_pi/hook/ament_prefix_path.dsv'
[2.156s] INFO:colcon.colcon_core.shell:Creating environment hook '/home/amin/cobot/cobot_ws/install/mecharm_pi/share/mecharm_pi/hook/ament_prefix_path.sh'
[2.156s] INFO:colcon.colcon_core.shell:Skip shell extension 'powershell' for command environment: Not usable outside of PowerShell
[2.156s] DEBUG:colcon.colcon_core.shell:Skip shell extension 'dsv' for command environment
[2.160s] INFO:colcon.colcon_ros.task.ament_python.build:Building ROS package in '/home/amin/cobot/cobot_ws/src/mycobot_ros2/myArm/myarm_300' with build type 'ament_python'
[2.160s] Level 1:colcon.colcon_core.shell:create_environment_hook('myarm_300', 'ament_prefix_path')
[2.161s] INFO:colcon.colcon_core.shell:Creating environment hook '/home/amin/cobot/cobot_ws/install/myarm_300/share/myarm_300/hook/ament_prefix_path.ps1'
[2.162s] INFO:colcon.colcon_core.shell:Creating environment descriptor '/home/amin/cobot/cobot_ws/install/myarm_300/share/myarm_300/hook/ament_prefix_path.dsv'
[2.162s] INFO:colcon.colcon_core.shell:Creating environment hook '/home/amin/cobot/cobot_ws/install/myarm_300/share/myarm_300/hook/ament_prefix_path.sh'
[2.163s] INFO:colcon.colcon_core.shell:Skip shell extension 'powershell' for command environment: Not usable outside of PowerShell
[2.163s] DEBUG:colcon.colcon_core.shell:Skip shell extension 'dsv' for command environment
[2.168s] INFO:colcon.colcon_ros.task.ament_python.build:Building ROS package in '/home/amin/cobot/cobot_ws/src/mycobot_ros2/Mybuddy/mybuddy' with build type 'ament_python'
[2.168s] Level 1:colcon.colcon_core.shell:create_environment_hook('mybuddy', 'ament_prefix_path')
[2.168s] INFO:colcon.colcon_core.shell:Creating environment hook '/home/amin/cobot/cobot_ws/install/mybuddy/share/mybuddy/hook/ament_prefix_path.ps1'
[2.169s] INFO:colcon.colcon_core.shell:Creating environment descriptor '/home/amin/cobot/cobot_ws/install/mybuddy/share/mybuddy/hook/ament_prefix_path.dsv'
[2.169s] INFO:colcon.colcon_core.shell:Creating environment hook '/home/amin/cobot/cobot_ws/install/mybuddy/share/mybuddy/hook/ament_prefix_path.sh'
[2.170s] INFO:colcon.colcon_core.shell:Skip shell extension 'powershell' for command environment: Not usable outside of PowerShell
[2.170s] DEBUG:colcon.colcon_core.shell:Skip shell extension 'dsv' for command environment
[2.174s] INFO:colcon.colcon_ros.task.ament_python.build:Building ROS package in '/home/amin/cobot/cobot_ws/src/mycobot_ros2/mycobot_280/mycobot_280' with build type 'ament_python'
[2.174s] Level 1:colcon.colcon_core.shell:create_environment_hook('mycobot_280', 'ament_prefix_path')
[2.174s] INFO:colcon.colcon_core.shell:Creating environment hook '/home/amin/cobot/cobot_ws/install/mycobot_280/share/mycobot_280/hook/ament_prefix_path.ps1'
[2.175s] INFO:colcon.colcon_core.shell:Creating environment descriptor '/home/amin/cobot/cobot_ws/install/mycobot_280/share/mycobot_280/hook/ament_prefix_path.dsv'
[2.175s] INFO:colcon.colcon_core.shell:Creating environment hook '/home/amin/cobot/cobot_ws/install/mycobot_280/share/mycobot_280/hook/ament_prefix_path.sh'
[2.175s] INFO:colcon.colcon_core.shell:Skip shell extension 'powershell' for command environment: Not usable outside of PowerShell
[2.176s] DEBUG:colcon.colcon_core.shell:Skip shell extension 'dsv' for command environment
[2.373s] INFO:colcon.colcon_core.task.python.build:Building Python package in '/home/amin/cobot/cobot_ws/src/mycobot_ros2/mecharm/mecharm'
[2.373s] INFO:colcon.colcon_core.shell:Skip shell extension 'powershell' for command environment: Not usable outside of PowerShell
[2.373s] DEBUG:colcon.colcon_core.shell:Skip shell extension 'dsv' for command environment
[2.540s] INFO:colcon.colcon_core.task.python.build:Building Python package in '/home/amin/cobot/cobot_ws/src/mycobot_ros2/mecharm/mecharm_pi'
[2.540s] INFO:colcon.colcon_core.shell:Skip shell extension 'powershell' for command environment: Not usable outside of PowerShell
[2.540s] DEBUG:colcon.colcon_core.shell:Skip shell extension 'dsv' for command environment
[2.703s] INFO:colcon.colcon_core.task.python.build:Building Python package in '/home/amin/cobot/cobot_ws/src/mycobot_ros2/myArm/myarm_300'
[2.703s] INFO:colcon.colcon_core.shell:Skip shell extension 'powershell' for command environment: Not usable outside of PowerShell
[2.703s] DEBUG:colcon.colcon_core.shell:Skip shell extension 'dsv' for command environment
[2.864s] INFO:colcon.colcon_core.task.python.build:Building Python package in '/home/amin/cobot/cobot_ws/src/mycobot_ros2/Mybuddy/mybuddy'
[2.864s] INFO:colcon.colcon_core.shell:Skip shell extension 'powershell' for command environment: Not usable outside of PowerShell
[2.864s] DEBUG:colcon.colcon_core.shell:Skip shell extension 'dsv' for command environment
[3.027s] INFO:colcon.colcon_core.task.python.build:Building Python package in '/home/amin/cobot/cobot_ws/src/mycobot_ros2/mycobot_280/mycobot_280'
[3.027s] INFO:colcon.colcon_core.shell:Skip shell extension 'powershell' for command environment: Not usable outside of PowerShell
[3.027s] DEBUG:colcon.colcon_core.shell:Skip shell extension 'dsv' for command environment
[3.033s] DEBUG:colcon.colcon_core.event_handler.log_command:Invoking command in '/home/amin/cobot/cobot_ws/src/mycobot_ros2/mycobot_communication': CMAKE_PREFIX_PATH=/home/amin/cobot/cobot_ws/install/mycobot_interfaces:/home/amin/cobot/cobot_ws/install/pro450_moveit2:/home/amin/cobot/cobot_ws/install/mypalletizer_interfaces:/home/amin/cobot/cobot_ws/install/mycobot_pro450_interfaces:/home/amin/cobot/cobot_ws/install/mycobot_280rdkx5_moveit2:/home/amin/cobot/cobot_ws/install/mycobot_280arduino_moveit2:/home/amin/cobot/cobot_ws/install/mycobot_280_moveit2:/home/amin/cobot/cobot_ws/install/mycobot_280_gazebo_jazzy:/home/amin/cobot/cobot_ws/install/mycobot_280_gazebo:/home/amin/cobot/cobot_ws/install/mecharm_interfaces:/opt/ros/jazzy/opt/gz_sim_vendor:/opt/ros/jazzy/opt/gz_sensors_vendor:/opt/ros/jazzy/opt/gz_physics_vendor:/opt/ros/jazzy/opt/sdformat_vendor:/opt/ros/jazzy/opt/gz_gui_vendor:/opt/ros/jazzy/opt/gz_transport_vendor:/opt/ros/jazzy/opt/gz_rendering_vendor:/opt/ros/jazzy/opt/gz_plugin_vendor:/opt/ros/jazzy/opt/gz_fuel_tools_vendor:/opt/ros/jazzy/opt/gz_msgs_vendor:/opt/ros/jazzy/opt/gz_common_vendor:/opt/ros/jazzy/opt/gz_math_vendor:/opt/ros/jazzy/opt/gz_utils_vendor:/opt/ros/jazzy/opt/gz_tools_vendor:/opt/ros/jazzy/opt/gz_ogre_next_vendor:/opt/ros/jazzy/opt/gz_dartsim_vendor:/opt/ros/jazzy/opt/gz_cmake_vendor DEBUGINFOD_URLS=https://debuginfod.ubuntu.com LD_LIBRARY_PATH=/home/amin/cobot/cobot_ws/install/mycobot_interfaces/lib:/home/amin/cobot/cobot_ws/install/mypalletizer_interfaces/lib:/home/amin/cobot/cobot_ws/install/mycobot_pro450_interfaces/lib:/home/amin/cobot/cobot_ws/install/mecharm_interfaces/lib:/opt/ros/jazzy/opt/gz_sim_vendor/lib:/opt/ros/jazzy/opt/gz_sensors_vendor/lib:/opt/ros/jazzy/opt/gz_physics_vendor/lib:/opt/ros/jazzy/opt/sdformat_vendor/lib:/opt/ros/jazzy/opt/rviz_ogre_vendor/lib:/opt/ros/jazzy/lib/x86_64-linux-gnu:/opt/ros/jazzy/opt/gz_gui_vendor/lib:/opt/ros/jazzy/opt/gz_transport_vendor/lib:/opt/ros/jazzy/opt/gz_rendering_vendor/lib:/opt/ros/jazzy/opt/gz_plugin_vendor/lib:/opt/ros/jazzy/opt/gz_fuel_tools_vendor/lib:/opt/ros/jazzy/opt/gz_msgs_vendor/lib:/opt/ros/jazzy/opt/gz_common_vendor/lib:/opt/ros/jazzy/opt/gz_math_vendor/lib:/opt/ros/jazzy/opt/gz_utils_vendor/lib:/opt/ros/jazzy/opt/gz_tools_vendor/lib:/opt/ros/jazzy/opt/gz_ogre_next_vendor/lib:/opt/ros/jazzy/opt/gz_dartsim_vendor/lib:/opt/ros/jazzy/opt/gz_cmake_vendor/lib:/opt/ros/jazzy/lib PYTHONPATH=/home/amin/cobot/cobot_ws/build/mycobot_communication/prefix_override:/usr/lib/python3/dist-packages/colcon_core/task/python/colcon_distutils_commands:/home/amin/cobot/cobot_ws/install/mycobot_communication/lib/python3.12/site-packages:/home/amin/cobot/cobot_ws/install/mycobot_interfaces/lib/python3.12/site-packages:/home/amin/cobot/cobot_ws/install/ultraarm/lib/python3.12/site-packages:/home/amin/cobot/cobot_ws/install/pro450_moveit2_control/lib/python3.12/site-packages:/home/amin/cobot/cobot_ws/install/mypalletizer_communication/lib/python3.12/site-packages:/home/amin/cobot/cobot_ws/install/mypalletizer_interfaces/lib/python3.12/site-packages:/home/amin/cobot/cobot_ws/install/mypalletizer_260_pi/lib/python3.12/site-packages:/home/amin/cobot/cobot_ws/install/mypalletizer_260/lib/python3.12/site-packages:/home/amin/cobot/cobot_ws/install/mycobot_pro_450/lib/python3.12/site-packages:/home/amin/cobot/cobot_ws/install/mycobot_pro450_interfaces/lib/python3.12/site-packages:/home/amin/cobot/cobot_ws/install/myarm_m750/lib/python3.12/site-packages:/home/amin/cobot/cobot_ws/install/myarm_c650/lib/python3.12/site-packages:/home/amin/cobot/cobot_ws/install/mycobot_communication/lib/python3.12/site-packages:/home/amin/cobot/cobot_ws/install/mecharm_communication/lib/python3.12/site-packages:/home/amin/cobot/cobot_ws/install/mycobot_630/lib/python3.12/site-packages:/home/amin/cobot/cobot_ws/install/mycobot_600/lib/python3.12/site-packages:/home/amin/cobot/cobot_ws/install/mycobot_320pi/lib/python3.12/site-packages:/home/amin/cobot/cobot_ws/install/mycobot_320_riscv/lib/python3.12/site-packages:/home/amin/cobot/cobot_ws/install/mycobot_320/lib/python3.12/site-packages:/home/amin/cobot/cobot_ws/install/mycobot_280pi/lib/python3.12/site-packages:/home/amin/cobot/cobot_ws/install/mycobot_280jn/lib/python3.12/site-packages:/home/amin/cobot/cobot_ws/install/mycobot_280_x3pi/lib/python3.12/site-packages:/home/amin/cobot/cobot_ws/install/mycobot_280_riscv/lib/python3.12/site-packages:/home/amin/cobot/cobot_ws/install/mycobot_280_rdkx5/lib/python3.12/site-packages:/home/amin/cobot/cobot_ws/install/mycobot_280_moveit2_control/lib/python3.12/site-packages:/home/amin/cobot/cobot_ws/install/mycobot_280_arduino/lib/python3.12/site-packages:/home/amin/cobot/cobot_ws/install/mycobot_280/lib/python3.12/site-packages:/home/amin/cobot/cobot_ws/install/mybuddy/lib/python3.12/site-packages:/home/amin/cobot/cobot_ws/install/myarm_300/lib/python3.12/site-packages:/home/amin/cobot/cobot_ws/install/mecharm_pi/lib/python3.12/site-packages:/home/amin/cobot/cobot_ws/install/mecharm/lib/python3.12/site-packages:/home/amin/cobot/cobot_ws/install/mycobot_description/lib/python3.12/site-packages:/home/amin/cobot/cobot_ws/install/mecharm_interfaces/lib/python3.12/site-packages:/opt/ros/jazzy/lib/python3.12/site-packages /usr/bin/python3 -W ignore:setup.py install is deprecated -W ignore:easy_install command is deprecated setup.py egg_info --egg-base ../../../build/mycobot_communication build --build-base /home/amin/cobot/cobot_ws/build/mycobot_communication/build install --record /home/amin/cobot/cobot_ws/build/mycobot_communication/install.log --single-version-externally-managed install_data
[3.034s] DEBUG:colcon.colcon_core.event_handler.log_command:Invoking command in '/home/amin/cobot/cobot_ws/src/mycobot_ros2/mypalletizer_260/mypalletizer_communication': CMAKE_PREFIX_PATH=/home/amin/cobot/cobot_ws/install/mypalletizer_interfaces:/home/amin/cobot/cobot_ws/install/pro450_moveit2:/home/amin/cobot/cobot_ws/install/mycobot_pro450_interfaces:/home/amin/cobot/cobot_ws/install/mycobot_interfaces:/home/amin/cobot/cobot_ws/install/mycobot_280rdkx5_moveit2:/home/amin/cobot/cobot_ws/install/mycobot_280arduino_moveit2:/home/amin/cobot/cobot_ws/install/mycobot_280_moveit2:/home/amin/cobot/cobot_ws/install/mycobot_280_gazebo_jazzy:/home/amin/cobot/cobot_ws/install/mycobot_280_gazebo:/home/amin/cobot/cobot_ws/install/mecharm_interfaces:/opt/ros/jazzy/opt/gz_sim_vendor:/opt/ros/jazzy/opt/gz_sensors_vendor:/opt/ros/jazzy/opt/gz_physics_vendor:/opt/ros/jazzy/opt/sdformat_vendor:/opt/ros/jazzy/opt/gz_gui_vendor:/opt/ros/jazzy/opt/gz_transport_vendor:/opt/ros/jazzy/opt/gz_rendering_vendor:/opt/ros/jazzy/opt/gz_plugin_vendor:/opt/ros/jazzy/opt/gz_fuel_tools_vendor:/opt/ros/jazzy/opt/gz_msgs_vendor:/opt/ros/jazzy/opt/gz_common_vendor:/opt/ros/jazzy/opt/gz_math_vendor:/opt/ros/jazzy/opt/gz_utils_vendor:/opt/ros/jazzy/opt/gz_tools_vendor:/opt/ros/jazzy/opt/gz_ogre_next_vendor:/opt/ros/jazzy/opt/gz_dartsim_vendor:/opt/ros/jazzy/opt/gz_cmake_vendor DEBUGINFOD_URLS=https://debuginfod.ubuntu.com PYTHONPATH=/home/amin/cobot/cobot_ws/build/mypalletizer_communication/prefix_override:/usr/lib/python3/dist-packages/colcon_core/task/python/colcon_distutils_commands:/home/amin/cobot/cobot_ws/install/mypalletizer_communication/lib/python3.12/site-packages:/home/amin/cobot/cobot_ws/install/mypalletizer_interfaces/lib/python3.12/site-packages:/home/amin/cobot/cobot_ws/install/ultraarm/lib/python3.12/site-packages:/home/amin/cobot/cobot_ws/install/pro450_moveit2_control/lib/python3.12/site-packages:/home/amin/cobot/cobot_ws/install/mypalletizer_communication/lib/python3.12/site-packages:/home/amin/cobot/cobot_ws/install/mypalletizer_260_pi/lib/python3.12/site-packages:/home/amin/cobot/cobot_ws/install/mypalletizer_260/lib/python3.12/site-packages:/home/amin/cobot/cobot_ws/install/mycobot_pro_450/lib/python3.12/site-packages:/home/amin/cobot/cobot_ws/install/mycobot_pro450_interfaces/lib/python3.12/site-packages:/home/amin/cobot/cobot_ws/install/myarm_m750/lib/python3.12/site-packages:/home/amin/cobot/cobot_ws/install/myarm_c650/lib/python3.12/site-packages:/home/amin/cobot/cobot_ws/install/mycobot_communication/lib/python3.12/site-packages:/home/amin/cobot/cobot_ws/install/mecharm_communication/lib/python3.12/site-packages:/home/amin/cobot/cobot_ws/install/mycobot_interfaces/lib/python3.12/site-packages:/home/amin/cobot/cobot_ws/install/mycobot_630/lib/python3.12/site-packages:/home/amin/cobot/cobot_ws/install/mycobot_600/lib/python3.12/site-packages:/home/amin/cobot/cobot_ws/install/mycobot_320pi/lib/python3.12/site-packages:/home/amin/cobot/cobot_ws/install/mycobot_320_riscv/lib/python3.12/site-packages:/home/amin/cobot/cobot_ws/install/mycobot_320/lib/python3.12/site-packages:/home/amin/cobot/cobot_ws/install/mycobot_280pi/lib/python3.12/site-packages:/home/amin/cobot/cobot_ws/install/mycobot_280jn/lib/python3.12/site-packages:/home/amin/cobot/cobot_ws/install/mycobot_280_x3pi/lib/python3.12/site-packages:/home/amin/cobot/cobot_ws/install/mycobot_280_riscv/lib/python3.12/site-packages:/home/amin/cobot/cobot_ws/install/mycobot_280_rdkx5/lib/python3.12/site-packages:/home/amin/cobot/cobot_ws/install/mycobot_280_moveit2_control/lib/python3.12/site-packages:/home/amin/cobot/cobot_ws/install/mycobot_280_arduino/lib/python3.12/site-packages:/home/amin/cobot/cobot_ws/install/mycobot_280/lib/python3.12/site-packages:/home/amin/cobot/cobot_ws/install/mybuddy/lib/python3.12/site-packages:/home/amin/cobot/cobot_ws/install/myarm_300/lib/python3.12/site-packages:/home/amin/cobot/cobot_ws/install/mecharm_pi/lib/python3.12/site-packages:/home/amin/cobot/cobot_ws/install/mecharm/lib/python3.12/site-packages:/home/amin/cobot/cobot_ws/install/mycobot_description/lib/python3.12/site-packages:/home/amin/cobot/cobot_ws/install/mecharm_interfaces/lib/python3.12/site-packages:/opt/ros/jazzy/lib/python3.12/site-packages /usr/bin/python3 -W ignore:setup.py install is deprecated -W ignore:easy_install command is deprecated setup.py egg_info --egg-base ../../../../build/mypalletizer_communication build --build-base /home/amin/cobot/cobot_ws/build/mypalletizer_communication/build install --record /home/amin/cobot/cobot_ws/build/mypalletizer_communication/install.log --single-version-externally-managed install_data
[3.035s] DEBUG:colcon.colcon_core.event_handler.log_command:Invoking command in '/home/amin/cobot/cobot_ws/src/mycobot_ros2/mecharm/mecharm_communication': CMAKE_PREFIX_PATH=/home/amin/cobot/cobot_ws/install/mycobot_interfaces:/home/amin/cobot/cobot_ws/install/pro450_moveit2:/home/amin/cobot/cobot_ws/install/mypalletizer_interfaces:/home/amin/cobot/cobot_ws/install/mycobot_pro450_interfaces:/home/amin/cobot/cobot_ws/install/mycobot_280rdkx5_moveit2:/home/amin/cobot/cobot_ws/install/mycobot_280arduino_moveit2:/home/amin/cobot/cobot_ws/install/mycobot_280_moveit2:/home/amin/cobot/cobot_ws/install/mycobot_280_gazebo_jazzy:/home/amin/cobot/cobot_ws/install/mycobot_280_gazebo:/home/amin/cobot/cobot_ws/install/mecharm_interfaces:/opt/ros/jazzy/opt/gz_sim_vendor:/opt/ros/jazzy/opt/gz_sensors_vendor:/opt/ros/jazzy/opt/gz_physics_vendor:/opt/ros/jazzy/opt/sdformat_vendor:/opt/ros/jazzy/opt/gz_gui_vendor:/opt/ros/jazzy/opt/gz_transport_vendor:/opt/ros/jazzy/opt/gz_rendering_vendor:/opt/ros/jazzy/opt/gz_plugin_vendor:/opt/ros/jazzy/opt/gz_fuel_tools_vendor:/opt/ros/jazzy/opt/gz_msgs_vendor:/opt/ros/jazzy/opt/gz_common_vendor:/opt/ros/jazzy/opt/gz_math_vendor:/opt/ros/jazzy/opt/gz_utils_vendor:/opt/ros/jazzy/opt/gz_tools_vendor:/opt/ros/jazzy/opt/gz_ogre_next_vendor:/opt/ros/jazzy/opt/gz_dartsim_vendor:/opt/ros/jazzy/opt/gz_cmake_vendor DEBUGINFOD_URLS=https://debuginfod.ubuntu.com LD_LIBRARY_PATH=/home/amin/cobot/cobot_ws/install/mycobot_interfaces/lib:/home/amin/cobot/cobot_ws/install/mypalletizer_interfaces/lib:/home/amin/cobot/cobot_ws/install/mycobot_pro450_interfaces/lib:/home/amin/cobot/cobot_ws/install/mecharm_interfaces/lib:/opt/ros/jazzy/opt/gz_sim_vendor/lib:/opt/ros/jazzy/opt/gz_sensors_vendor/lib:/opt/ros/jazzy/opt/gz_physics_vendor/lib:/opt/ros/jazzy/opt/sdformat_vendor/lib:/opt/ros/jazzy/opt/rviz_ogre_vendor/lib:/opt/ros/jazzy/lib/x86_64-linux-gnu:/opt/ros/jazzy/opt/gz_gui_vendor/lib:/opt/ros/jazzy/opt/gz_transport_vendor/lib:/opt/ros/jazzy/opt/gz_rendering_vendor/lib:/opt/ros/jazzy/opt/gz_plugin_vendor/lib:/opt/ros/jazzy/opt/gz_fuel_tools_vendor/lib:/opt/ros/jazzy/opt/gz_msgs_vendor/lib:/opt/ros/jazzy/opt/gz_common_vendor/lib:/opt/ros/jazzy/opt/gz_math_vendor/lib:/opt/ros/jazzy/opt/gz_utils_vendor/lib:/opt/ros/jazzy/opt/gz_tools_vendor/lib:/opt/ros/jazzy/opt/gz_ogre_next_vendor/lib:/opt/ros/jazzy/opt/gz_dartsim_vendor/lib:/opt/ros/jazzy/opt/gz_cmake_vendor/lib:/opt/ros/jazzy/lib PYTHONPATH=/home/amin/cobot/cobot_ws/build/mecharm_communication/prefix_override:/usr/lib/python3/dist-packages/colcon_core/task/python/colcon_distutils_commands:/home/amin/cobot/cobot_ws/install/mecharm_communication/lib/python3.12/site-packages:/home/amin/cobot/cobot_ws/install/mycobot_interfaces/lib/python3.12/site-packages:/home/amin/cobot/cobot_ws/install/ultraarm/lib/python3.12/site-packages:/home/amin/cobot/cobot_ws/install/pro450_moveit2_control/lib/python3.12/site-packages:/home/amin/cobot/cobot_ws/install/mypalletizer_communication/lib/python3.12/site-packages:/home/amin/cobot/cobot_ws/install/mypalletizer_interfaces/lib/python3.12/site-packages:/home/amin/cobot/cobot_ws/install/mypalletizer_260_pi/lib/python3.12/site-packages:/home/amin/cobot/cobot_ws/install/mypalletizer_260/lib/python3.12/site-packages:/home/amin/cobot/cobot_ws/install/mycobot_pro_450/lib/python3.12/site-packages:/home/amin/cobot/cobot_ws/install/mycobot_pro450_interfaces/lib/python3.12/site-packages:/home/amin/cobot/cobot_ws/install/myarm_m750/lib/python3.12/site-packages:/home/amin/cobot/cobot_ws/install/myarm_c650/lib/python3.12/site-packages:/home/amin/cobot/cobot_ws/install/mycobot_communication/lib/python3.12/site-packages:/home/amin/cobot/cobot_ws/install/mecharm_communication/lib/python3.12/site-packages:/home/amin/cobot/cobot_ws/install/mycobot_630/lib/python3.12/site-packages:/home/amin/cobot/cobot_ws/install/mycobot_600/lib/python3.12/site-packages:/home/amin/cobot/cobot_ws/install/mycobot_320pi/lib/python3.12/site-packages:/home/amin/cobot/cobot_ws/install/mycobot_320_riscv/lib/python3.12/site-packages:/home/amin/cobot/cobot_ws/install/mycobot_320/lib/python3.12/site-packages:/home/amin/cobot/cobot_ws/install/mycobot_280pi/lib/python3.12/site-packages:/home/amin/cobot/cobot_ws/install/mycobot_280jn/lib/python3.12/site-packages:/home/amin/cobot/cobot_ws/install/mycobot_280_x3pi/lib/python3.12/site-packages:/home/amin/cobot/cobot_ws/install/mycobot_280_riscv/lib/python3.12/site-packages:/home/amin/cobot/cobot_ws/install/mycobot_280_rdkx5/lib/python3.12/site-packages:/home/amin/cobot/cobot_ws/install/mycobot_280_moveit2_control/lib/python3.12/site-packages:/home/amin/cobot/cobot_ws/install/mycobot_280_arduino/lib/python3.12/site-packages:/home/amin/cobot/cobot_ws/install/mycobot_280/lib/python3.12/site-packages:/home/amin/cobot/cobot_ws/install/mybuddy/lib/python3.12/site-packages:/home/amin/cobot/cobot_ws/install/myarm_300/lib/python3.12/site-packages:/home/amin/cobot/cobot_ws/install/mecharm_pi/lib/python3.12/site-packages:/home/amin/cobot/cobot_ws/install/mecharm/lib/python3.12/site-packages:/home/amin/cobot/cobot_ws/install/mycobot_description/lib/python3.12/site-packages:/home/amin/cobot/cobot_ws/install/mecharm_interfaces/lib/python3.12/site-packages:/opt/ros/jazzy/lib/python3.12/site-packages /usr/bin/python3 -W ignore:setup.py install is deprecated -W ignore:easy_install command is deprecated setup.py egg_info --egg-base ../../../../build/mecharm_communication build --build-base /home/amin/cobot/cobot_ws/build/mecharm_communication/build install --record /home/amin/cobot/cobot_ws/build/mecharm_communication/install.log --single-version-externally-managed install_data
[3.792s] Level 1:colcon.colcon_core.environment:checking '/home/amin/cobot/cobot_ws/install/mycobot_communication' for CMake module files
[3.793s] DEBUG:colcon.colcon_core.event_handler.log_command:Invoked command in '/home/amin/cobot/cobot_ws/src/mycobot_ros2/mycobot_communication' returned '0': CMAKE_PREFIX_PATH=/home/amin/cobot/cobot_ws/install/mycobot_interfaces:/home/amin/cobot/cobot_ws/install/pro450_moveit2:/home/amin/cobot/cobot_ws/install/mypalletizer_interfaces:/home/amin/cobot/cobot_ws/install/mycobot_pro450_interfaces:/home/amin/cobot/cobot_ws/install/mycobot_280rdkx5_moveit2:/home/amin/cobot/cobot_ws/install/mycobot_280arduino_moveit2:/home/amin/cobot/cobot_ws/install/mycobot_280_moveit2:/home/amin/cobot/cobot_ws/install/mycobot_280_gazebo_jazzy:/home/amin/cobot/cobot_ws/install/mycobot_280_gazebo:/home/amin/cobot/cobot_ws/install/mecharm_interfaces:/opt/ros/jazzy/opt/gz_sim_vendor:/opt/ros/jazzy/opt/gz_sensors_vendor:/opt/ros/jazzy/opt/gz_physics_vendor:/opt/ros/jazzy/opt/sdformat_vendor:/opt/ros/jazzy/opt/gz_gui_vendor:/opt/ros/jazzy/opt/gz_transport_vendor:/opt/ros/jazzy/opt/gz_rendering_vendor:/opt/ros/jazzy/opt/gz_plugin_vendor:/opt/ros/jazzy/opt/gz_fuel_tools_vendor:/opt/ros/jazzy/opt/gz_msgs_vendor:/opt/ros/jazzy/opt/gz_common_vendor:/opt/ros/jazzy/opt/gz_math_vendor:/opt/ros/jazzy/opt/gz_utils_vendor:/opt/ros/jazzy/opt/gz_tools_vendor:/opt/ros/jazzy/opt/gz_ogre_next_vendor:/opt/ros/jazzy/opt/gz_dartsim_vendor:/opt/ros/jazzy/opt/gz_cmake_vendor DEBUGINFOD_URLS=https://debuginfod.ubuntu.com LD_LIBRARY_PATH=/home/amin/cobot/cobot_ws/install/mycobot_interfaces/lib:/home/amin/cobot/cobot_ws/install/mypalletizer_interfaces/lib:/home/amin/cobot/cobot_ws/install/mycobot_pro450_interfaces/lib:/home/amin/cobot/cobot_ws/install/mecharm_interfaces/lib:/opt/ros/jazzy/opt/gz_sim_vendor/lib:/opt/ros/jazzy/opt/gz_sensors_vendor/lib:/opt/ros/jazzy/opt/gz_physics_vendor/lib:/opt/ros/jazzy/opt/sdformat_vendor/lib:/opt/ros/jazzy/opt/rviz_ogre_vendor/lib:/opt/ros/jazzy/lib/x86_64-linux-gnu:/opt/ros/jazzy/opt/gz_gui_vendor/lib:/opt/ros/jazzy/opt/gz_transport_vendor/lib:/opt/ros/jazzy/opt/gz_rendering_vendor/lib:/opt/ros/jazzy/opt/gz_plugin_vendor/lib:/opt/ros/jazzy/opt/gz_fuel_tools_vendor/lib:/opt/ros/jazzy/opt/gz_msgs_vendor/lib:/opt/ros/jazzy/opt/gz_common_vendor/lib:/opt/ros/jazzy/opt/gz_math_vendor/lib:/opt/ros/jazzy/opt/gz_utils_vendor/lib:/opt/ros/jazzy/opt/gz_tools_vendor/lib:/opt/ros/jazzy/opt/gz_ogre_next_vendor/lib:/opt/ros/jazzy/opt/gz_dartsim_vendor/lib:/opt/ros/jazzy/opt/gz_cmake_vendor/lib:/opt/ros/jazzy/lib PYTHONPATH=/home/amin/cobot/cobot_ws/build/mycobot_communication/prefix_override:/usr/lib/python3/dist-packages/colcon_core/task/python/colcon_distutils_commands:/home/amin/cobot/cobot_ws/install/mycobot_communication/lib/python3.12/site-packages:/home/amin/cobot/cobot_ws/install/mycobot_interfaces/lib/python3.12/site-packages:/home/amin/cobot/cobot_ws/install/ultraarm/lib/python3.12/site-packages:/home/amin/cobot/cobot_ws/install/pro450_moveit2_control/lib/python3.12/site-packages:/home/amin/cobot/cobot_ws/install/mypalletizer_communication/lib/python3.12/site-packages:/home/amin/cobot/cobot_ws/install/mypalletizer_interfaces/lib/python3.12/site-packages:/home/amin/cobot/cobot_ws/install/mypalletizer_260_pi/lib/python3.12/site-packages:/home/amin/cobot/cobot_ws/install/mypalletizer_260/lib/python3.12/site-packages:/home/amin/cobot/cobot_ws/install/mycobot_pro_450/lib/python3.12/site-packages:/home/amin/cobot/cobot_ws/install/mycobot_pro450_interfaces/lib/python3.12/site-packages:/home/amin/cobot/cobot_ws/install/myarm_m750/lib/python3.12/site-packages:/home/amin/cobot/cobot_ws/install/myarm_c650/lib/python3.12/site-packages:/home/amin/cobot/cobot_ws/install/mycobot_communication/lib/python3.12/site-packages:/home/amin/cobot/cobot_ws/install/mecharm_communication/lib/python3.12/site-packages:/home/amin/cobot/cobot_ws/install/mycobot_630/lib/python3.12/site-packages:/home/amin/cobot/cobot_ws/install/mycobot_600/lib/python3.12/site-packages:/home/amin/cobot/cobot_ws/install/mycobot_320pi/lib/python3.12/site-packages:/home/amin/cobot/cobot_ws/install/mycobot_320_riscv/lib/python3.12/site-packages:/home/amin/cobot/cobot_ws/install/mycobot_320/lib/python3.12/site-packages:/home/amin/cobot/cobot_ws/install/mycobot_280pi/lib/python3.12/site-packages:/home/amin/cobot/cobot_ws/install/mycobot_280jn/lib/python3.12/site-packages:/home/amin/cobot/cobot_ws/install/mycobot_280_x3pi/lib/python3.12/site-packages:/home/amin/cobot/cobot_ws/install/mycobot_280_riscv/lib/python3.12/site-packages:/home/amin/cobot/cobot_ws/install/mycobot_280_rdkx5/lib/python3.12/site-packages:/home/amin/cobot/cobot_ws/install/mycobot_280_moveit2_control/lib/python3.12/site-packages:/home/amin/cobot/cobot_ws/install/mycobot_280_arduino/lib/python3.12/site-packages:/home/amin/cobot/cobot_ws/install/mycobot_280/lib/python3.12/site-packages:/home/amin/cobot/cobot_ws/install/mybuddy/lib/python3.12/site-packages:/home/amin/cobot/cobot_ws/install/myarm_300/lib/python3.12/site-packages:/home/amin/cobot/cobot_ws/install/mecharm_pi/lib/python3.12/site-packages:/home/amin/cobot/cobot_ws/install/mecharm/lib/python3.12/site-packages:/home/amin/cobot/cobot_ws/install/mycobot_description/lib/python3.12/site-packages:/home/amin/cobot/cobot_ws/install/mecharm_interfaces/lib/python3.12/site-packages:/opt/ros/jazzy/lib/python3.12/site-packages /usr/bin/python3 -W ignore:setup.py install is deprecated -W ignore:easy_install command is deprecated setup.py egg_info --egg-base ../../../build/mycobot_communication build --build-base /home/amin/cobot/cobot_ws/build/mycobot_communication/build install --record /home/amin/cobot/cobot_ws/build/mycobot_communication/install.log --single-version-externally-managed install_data
[3.797s] Level 1:colcon.colcon_core.environment:checking '/home/amin/cobot/cobot_ws/install/mycobot_communication' for CMake config files
[3.798s] Level 1:colcon.colcon_core.environment:checking '/home/amin/cobot/cobot_ws/install/mycobot_communication/lib'
[3.798s] Level 1:colcon.colcon_core.environment:checking '/home/amin/cobot/cobot_ws/install/mycobot_communication/bin'
[3.798s] Level 1:colcon.colcon_core.environment:checking '/home/amin/cobot/cobot_ws/install/mycobot_communication/lib/pkgconfig/mycobot_communication.pc'
[3.799s] Level 1:colcon.colcon_core.environment:checking '/home/amin/cobot/cobot_ws/install/mycobot_communication/lib/python3.12/site-packages'
[3.799s] Level 1:colcon.colcon_core.shell:create_environment_hook('mycobot_communication', 'pythonpath')
[3.799s] INFO:colcon.colcon_core.shell:Creating environment hook '/home/amin/cobot/cobot_ws/install/mycobot_communication/share/mycobot_communication/hook/pythonpath.ps1'
[3.800s] INFO:colcon.colcon_core.shell:Creating environment descriptor '/home/amin/cobot/cobot_ws/install/mycobot_communication/share/mycobot_communication/hook/pythonpath.dsv'
[3.802s] INFO:colcon.colcon_core.shell:Creating environment hook '/home/amin/cobot/cobot_ws/install/mycobot_communication/share/mycobot_communication/hook/pythonpath.sh'
[3.806s] Level 1:colcon.colcon_core.environment:checking '/home/amin/cobot/cobot_ws/install/mycobot_communication/bin'
[3.806s] Level 1:colcon.colcon_core.environment:create_environment_scripts_only(mycobot_communication)
[3.807s] INFO:colcon.colcon_core.shell:Creating package script '/home/amin/cobot/cobot_ws/install/mycobot_communication/share/mycobot_communication/package.ps1'
[3.811s] INFO:colcon.colcon_core.shell:Creating package descriptor '/home/amin/cobot/cobot_ws/install/mycobot_communication/share/mycobot_communication/package.dsv'
[3.812s] INFO:colcon.colcon_core.shell:Creating package script '/home/amin/cobot/cobot_ws/install/mycobot_communication/share/mycobot_communication/package.sh'
[3.812s] INFO:colcon.colcon_core.shell:Creating package script '/home/amin/cobot/cobot_ws/install/mycobot_communication/share/mycobot_communication/package.bash'
[3.813s] INFO:colcon.colcon_core.shell:Creating package script '/home/amin/cobot/cobot_ws/install/mycobot_communication/share/mycobot_communication/package.zsh'
[3.814s] Level 1:colcon.colcon_core.environment:create_file_with_runtime_dependencies(/home/amin/cobot/cobot_ws/install/mycobot_communication/share/colcon-core/packages/mycobot_communication)
[3.818s] INFO:colcon.colcon_ros.task.ament_python.build:Building ROS package in '/home/amin/cobot/cobot_ws/src/mycobot_ros2/mycobot_280/mycobot_280_arduino' with build type 'ament_python'
[3.818s] Level 1:colcon.colcon_core.shell:create_environment_hook('mycobot_280_arduino', 'ament_prefix_path')
[3.819s] INFO:colcon.colcon_core.shell:Creating environment hook '/home/amin/cobot/cobot_ws/install/mycobot_280_arduino/share/mycobot_280_arduino/hook/ament_prefix_path.ps1'
[3.821s] INFO:colcon.colcon_core.shell:Creating environment descriptor '/home/amin/cobot/cobot_ws/install/mycobot_280_arduino/share/mycobot_280_arduino/hook/ament_prefix_path.dsv'
[3.823s] INFO:colcon.colcon_core.shell:Creating environment hook '/home/amin/cobot/cobot_ws/install/mycobot_280_arduino/share/mycobot_280_arduino/hook/ament_prefix_path.sh'
[3.824s] INFO:colcon.colcon_core.shell:Skip shell extension 'powershell' for command environment: Not usable outside of PowerShell
[3.824s] DEBUG:colcon.colcon_core.shell:Skip shell extension 'dsv' for command environment
[4.048s] INFO:colcon.colcon_core.task.python.build:Building Python package in '/home/amin/cobot/cobot_ws/src/mycobot_ros2/mycobot_280/mycobot_280_arduino'
[4.048s] INFO:colcon.colcon_core.shell:Skip shell extension 'powershell' for command environment: Not usable outside of PowerShell
[4.048s] DEBUG:colcon.colcon_core.shell:Skip shell extension 'dsv' for command environment
[4.054s] DEBUG:colcon.colcon_core.event_handler.log_command:Invoking command in '/home/amin/cobot/cobot_ws/src/mycobot_ros2/myArm/myarm_300': AMENT_PREFIX_PATH=/home/amin/cobot/cobot_ws/install/mycobot_description:/home/amin/cobot/cobot_ws/install/ultraarm:/home/amin/cobot/cobot_ws/install/pro450_moveit2_control:/home/amin/cobot/cobot_ws/install/pro450_moveit2:/home/amin/cobot/cobot_ws/install/mypalletizer_communication:/home/amin/cobot/cobot_ws/install/mypalletizer_interfaces:/home/amin/cobot/cobot_ws/install/mypalletizer_260_pi:/home/amin/cobot/cobot_ws/install/mypalletizer_260:/home/amin/cobot/cobot_ws/install/mycobot_pro_450:/home/amin/cobot/cobot_ws/install/mycobot_pro450_interfaces:/home/amin/cobot/cobot_ws/install/myarm_m750:/home/amin/cobot/cobot_ws/install/myarm_c650:/home/amin/cobot/cobot_ws/install/mycobot_communication:/home/amin/cobot/cobot_ws/install/mecharm_communication:/home/amin/cobot/cobot_ws/install/mycobot_interfaces:/home/amin/cobot/cobot_ws/install/mycobot_630:/home/amin/cobot/cobot_ws/install/mycobot_600:/home/amin/cobot/cobot_ws/install/mycobot_320pi:/home/amin/cobot/cobot_ws/install/mycobot_320_riscv:/home/amin/cobot/cobot_ws/install/mycobot_320:/home/amin/cobot/cobot_ws/install/mycobot_280rdkx5_moveit2:/home/amin/cobot/cobot_ws/install/mycobot_280pi:/home/amin/cobot/cobot_ws/install/mycobot_280jn:/home/amin/cobot/cobot_ws/install/mycobot_280arduino_moveit2:/home/amin/cobot/cobot_ws/install/mycobot_280_x3pi:/home/amin/cobot/cobot_ws/install/mycobot_280_riscv:/home/amin/cobot/cobot_ws/install/mycobot_280_rdkx5:/home/amin/cobot/cobot_ws/install/mycobot_280_moveit2_control:/home/amin/cobot/cobot_ws/install/mycobot_280_moveit2:/home/amin/cobot/cobot_ws/install/mycobot_280_gazebo_jazzy:/home/amin/cobot/cobot_ws/install/mycobot_280_gazebo:/home/amin/cobot/cobot_ws/install/mycobot_280_arduino:/home/amin/cobot/cobot_ws/install/mycobot_280:/home/amin/cobot/cobot_ws/install/mybuddy:/home/amin/cobot/cobot_ws/install/myarm_300:/home/amin/cobot/cobot_ws/install/mecharm_pi:/home/amin/cobot/cobot_ws/install/mecharm:/home/amin/cobot/cobot_ws/install/mecharm_interfaces:/opt/ros/jazzy DEBUGINFOD_URLS=https://debuginfod.ubuntu.com PYTHONPATH=/home/amin/cobot/cobot_ws/build/myarm_300/prefix_override:/usr/lib/python3/dist-packages/colcon_core/task/python/colcon_distutils_commands:/home/amin/cobot/cobot_ws/install/myarm_300/lib/python3.12/site-packages:/home/amin/cobot/cobot_ws/install/mycobot_description/lib/python3.12/site-packages:/home/amin/cobot/cobot_ws/install/ultraarm/lib/python3.12/site-packages:/home/amin/cobot/cobot_ws/install/pro450_moveit2_control/lib/python3.12/site-packages:/home/amin/cobot/cobot_ws/install/mypalletizer_communication/lib/python3.12/site-packages:/home/amin/cobot/cobot_ws/install/mypalletizer_interfaces/lib/python3.12/site-packages:/home/amin/cobot/cobot_ws/install/mypalletizer_260_pi/lib/python3.12/site-packages:/home/amin/cobot/cobot_ws/install/mypalletizer_260/lib/python3.12/site-packages:/home/amin/cobot/cobot_ws/install/mycobot_pro_450/lib/python3.12/site-packages:/home/amin/cobot/cobot_ws/install/mycobot_pro450_interfaces/lib/python3.12/site-packages:/home/amin/cobot/cobot_ws/install/myarm_m750/lib/python3.12/site-packages:/home/amin/cobot/cobot_ws/install/myarm_c650/lib/python3.12/site-packages:/home/amin/cobot/cobot_ws/install/mycobot_communication/lib/python3.12/site-packages:/home/amin/cobot/cobot_ws/install/mecharm_communication/lib/python3.12/site-packages:/home/amin/cobot/cobot_ws/install/mycobot_interfaces/lib/python3.12/site-packages:/home/amin/cobot/cobot_ws/install/mycobot_630/lib/python3.12/site-packages:/home/amin/cobot/cobot_ws/install/mycobot_600/lib/python3.12/site-packages:/home/amin/cobot/cobot_ws/install/mycobot_320pi/lib/python3.12/site-packages:/home/amin/cobot/cobot_ws/install/mycobot_320_riscv/lib/python3.12/site-packages:/home/amin/cobot/cobot_ws/install/mycobot_320/lib/python3.12/site-packages:/home/amin/cobot/cobot_ws/install/mycobot_280pi/lib/python3.12/site-packages:/home/amin/cobot/cobot_ws/install/mycobot_280jn/lib/python3.12/site-packages:/home/amin/cobot/cobot_ws/install/mycobot_280_x3pi/lib/python3.12/site-packages:/home/amin/cobot/cobot_ws/install/mycobot_280_riscv/lib/python3.12/site-packages:/home/amin/cobot/cobot_ws/install/mycobot_280_rdkx5/lib/python3.12/site-packages:/home/amin/cobot/cobot_ws/install/mycobot_280_moveit2_control/lib/python3.12/site-packages:/home/amin/cobot/cobot_ws/install/mycobot_280_arduino/lib/python3.12/site-packages:/home/amin/cobot/cobot_ws/install/mycobot_280/lib/python3.12/site-packages:/home/amin/cobot/cobot_ws/install/mybuddy/lib/python3.12/site-packages:/home/amin/cobot/cobot_ws/install/myarm_300/lib/python3.12/site-packages:/home/amin/cobot/cobot_ws/install/mecharm_pi/lib/python3.12/site-packages:/home/amin/cobot/cobot_ws/install/mecharm/lib/python3.12/site-packages:/home/amin/cobot/cobot_ws/install/mecharm_interfaces/lib/python3.12/site-packages:/opt/ros/jazzy/lib/python3.12/site-packages /usr/bin/python3 -W ignore:setup.py install is deprecated -W ignore:easy_install command is deprecated setup.py egg_info --egg-base ../../../../build/myarm_300 build --build-base /home/amin/cobot/cobot_ws/build/myarm_300/build install --record /home/amin/cobot/cobot_ws/build/myarm_300/install.log --single-version-externally-managed install_data
[4.056s] DEBUG:colcon.colcon_core.event_handler.log_command:Invoking command in '/home/amin/cobot/cobot_ws/src/mycobot_ros2/Mybuddy/mybuddy': AMENT_PREFIX_PATH=/home/amin/cobot/cobot_ws/install/mycobot_description:/home/amin/cobot/cobot_ws/install/ultraarm:/home/amin/cobot/cobot_ws/install/pro450_moveit2_control:/home/amin/cobot/cobot_ws/install/pro450_moveit2:/home/amin/cobot/cobot_ws/install/mypalletizer_communication:/home/amin/cobot/cobot_ws/install/mypalletizer_interfaces:/home/amin/cobot/cobot_ws/install/mypalletizer_260_pi:/home/amin/cobot/cobot_ws/install/mypalletizer_260:/home/amin/cobot/cobot_ws/install/mycobot_pro_450:/home/amin/cobot/cobot_ws/install/mycobot_pro450_interfaces:/home/amin/cobot/cobot_ws/install/myarm_m750:/home/amin/cobot/cobot_ws/install/myarm_c650:/home/amin/cobot/cobot_ws/install/mycobot_communication:/home/amin/cobot/cobot_ws/install/mecharm_communication:/home/amin/cobot/cobot_ws/install/mycobot_interfaces:/home/amin/cobot/cobot_ws/install/mycobot_630:/home/amin/cobot/cobot_ws/install/mycobot_600:/home/amin/cobot/cobot_ws/install/mycobot_320pi:/home/amin/cobot/cobot_ws/install/mycobot_320_riscv:/home/amin/cobot/cobot_ws/install/mycobot_320:/home/amin/cobot/cobot_ws/install/mycobot_280rdkx5_moveit2:/home/amin/cobot/cobot_ws/install/mycobot_280pi:/home/amin/cobot/cobot_ws/install/mycobot_280jn:/home/amin/cobot/cobot_ws/install/mycobot_280arduino_moveit2:/home/amin/cobot/cobot_ws/install/mycobot_280_x3pi:/home/amin/cobot/cobot_ws/install/mycobot_280_riscv:/home/amin/cobot/cobot_ws/install/mycobot_280_rdkx5:/home/amin/cobot/cobot_ws/install/mycobot_280_moveit2_control:/home/amin/cobot/cobot_ws/install/mycobot_280_moveit2:/home/amin/cobot/cobot_ws/install/mycobot_280_gazebo_jazzy:/home/amin/cobot/cobot_ws/install/mycobot_280_gazebo:/home/amin/cobot/cobot_ws/install/mycobot_280_arduino:/home/amin/cobot/cobot_ws/install/mycobot_280:/home/amin/cobot/cobot_ws/install/mybuddy:/home/amin/cobot/cobot_ws/install/myarm_300:/home/amin/cobot/cobot_ws/install/mecharm_pi:/home/amin/cobot/cobot_ws/install/mecharm:/home/amin/cobot/cobot_ws/install/mecharm_interfaces:/opt/ros/jazzy DEBUGINFOD_URLS=https://debuginfod.ubuntu.com PYTHONPATH=/home/amin/cobot/cobot_ws/build/mybuddy/prefix_override:/usr/lib/python3/dist-packages/colcon_core/task/python/colcon_distutils_commands:/home/amin/cobot/cobot_ws/install/mybuddy/lib/python3.12/site-packages:/home/amin/cobot/cobot_ws/install/mycobot_description/lib/python3.12/site-packages:/home/amin/cobot/cobot_ws/install/ultraarm/lib/python3.12/site-packages:/home/amin/cobot/cobot_ws/install/pro450_moveit2_control/lib/python3.12/site-packages:/home/amin/cobot/cobot_ws/install/mypalletizer_communication/lib/python3.12/site-packages:/home/amin/cobot/cobot_ws/install/mypalletizer_interfaces/lib/python3.12/site-packages:/home/amin/cobot/cobot_ws/install/mypalletizer_260_pi/lib/python3.12/site-packages:/home/amin/cobot/cobot_ws/install/mypalletizer_260/lib/python3.12/site-packages:/home/amin/cobot/cobot_ws/install/mycobot_pro_450/lib/python3.12/site-packages:/home/amin/cobot/cobot_ws/install/mycobot_pro450_interfaces/lib/python3.12/site-packages:/home/amin/cobot/cobot_ws/install/myarm_m750/lib/python3.12/site-packages:/home/amin/cobot/cobot_ws/install/myarm_c650/lib/python3.12/site-packages:/home/amin/cobot/cobot_ws/install/mycobot_communication/lib/python3.12/site-packages:/home/amin/cobot/cobot_ws/install/mecharm_communication/lib/python3.12/site-packages:/home/amin/cobot/cobot_ws/install/mycobot_interfaces/lib/python3.12/site-packages:/home/amin/cobot/cobot_ws/install/mycobot_630/lib/python3.12/site-packages:/home/amin/cobot/cobot_ws/install/mycobot_600/lib/python3.12/site-packages:/home/amin/cobot/cobot_ws/install/mycobot_320pi/lib/python3.12/site-packages:/home/amin/cobot/cobot_ws/install/mycobot_320_riscv/lib/python3.12/site-packages:/home/amin/cobot/cobot_ws/install/mycobot_320/lib/python3.12/site-packages:/home/amin/cobot/cobot_ws/install/mycobot_280pi/lib/python3.12/site-packages:/home/amin/cobot/cobot_ws/install/mycobot_280jn/lib/python3.12/site-packages:/home/amin/cobot/cobot_ws/install/mycobot_280_x3pi/lib/python3.12/site-packages:/home/amin/cobot/cobot_ws/install/mycobot_280_riscv/lib/python3.12/site-packages:/home/amin/cobot/cobot_ws/install/mycobot_280_rdkx5/lib/python3.12/site-packages:/home/amin/cobot/cobot_ws/install/mycobot_280_moveit2_control/lib/python3.12/site-packages:/home/amin/cobot/cobot_ws/install/mycobot_280_arduino/lib/python3.12/site-packages:/home/amin/cobot/cobot_ws/install/mycobot_280/lib/python3.12/site-packages:/home/amin/cobot/cobot_ws/install/mybuddy/lib/python3.12/site-packages:/home/amin/cobot/cobot_ws/install/myarm_300/lib/python3.12/site-packages:/home/amin/cobot/cobot_ws/install/mecharm_pi/lib/python3.12/site-packages:/home/amin/cobot/cobot_ws/install/mecharm/lib/python3.12/site-packages:/home/amin/cobot/cobot_ws/install/mecharm_interfaces/lib/python3.12/site-packages:/opt/ros/jazzy/lib/python3.12/site-packages /usr/bin/python3 -W ignore:setup.py install is deprecated -W ignore:easy_install command is deprecated setup.py egg_info --egg-base ../../../../build/mybuddy build --build-base /home/amin/cobot/cobot_ws/build/mybuddy/build install --record /home/amin/cobot/cobot_ws/build/mybuddy/install.log --single-version-externally-managed install_data
[4.057s] DEBUG:colcon.colcon_core.event_handler.log_command:Invoking command in '/home/amin/cobot/cobot_ws/src/mycobot_ros2/mecharm/mecharm': AMENT_PREFIX_PATH=/home/amin/cobot/cobot_ws/install/mycobot_description:/home/amin/cobot/cobot_ws/install/ultraarm:/home/amin/cobot/cobot_ws/install/pro450_moveit2_control:/home/amin/cobot/cobot_ws/install/pro450_moveit2:/home/amin/cobot/cobot_ws/install/mypalletizer_communication:/home/amin/cobot/cobot_ws/install/mypalletizer_interfaces:/home/amin/cobot/cobot_ws/install/mypalletizer_260_pi:/home/amin/cobot/cobot_ws/install/mypalletizer_260:/home/amin/cobot/cobot_ws/install/mycobot_pro_450:/home/amin/cobot/cobot_ws/install/mycobot_pro450_interfaces:/home/amin/cobot/cobot_ws/install/myarm_m750:/home/amin/cobot/cobot_ws/install/myarm_c650:/home/amin/cobot/cobot_ws/install/mycobot_communication:/home/amin/cobot/cobot_ws/install/mecharm_communication:/home/amin/cobot/cobot_ws/install/mycobot_interfaces:/home/amin/cobot/cobot_ws/install/mycobot_630:/home/amin/cobot/cobot_ws/install/mycobot_600:/home/amin/cobot/cobot_ws/install/mycobot_320pi:/home/amin/cobot/cobot_ws/install/mycobot_320_riscv:/home/amin/cobot/cobot_ws/install/mycobot_320:/home/amin/cobot/cobot_ws/install/mycobot_280rdkx5_moveit2:/home/amin/cobot/cobot_ws/install/mycobot_280pi:/home/amin/cobot/cobot_ws/install/mycobot_280jn:/home/amin/cobot/cobot_ws/install/mycobot_280arduino_moveit2:/home/amin/cobot/cobot_ws/install/mycobot_280_x3pi:/home/amin/cobot/cobot_ws/install/mycobot_280_riscv:/home/amin/cobot/cobot_ws/install/mycobot_280_rdkx5:/home/amin/cobot/cobot_ws/install/mycobot_280_moveit2_control:/home/amin/cobot/cobot_ws/install/mycobot_280_moveit2:/home/amin/cobot/cobot_ws/install/mycobot_280_gazebo_jazzy:/home/amin/cobot/cobot_ws/install/mycobot_280_gazebo:/home/amin/cobot/cobot_ws/install/mycobot_280_arduino:/home/amin/cobot/cobot_ws/install/mycobot_280:/home/amin/cobot/cobot_ws/install/mybuddy:/home/amin/cobot/cobot_ws/install/myarm_300:/home/amin/cobot/cobot_ws/install/mecharm_pi:/home/amin/cobot/cobot_ws/install/mecharm:/home/amin/cobot/cobot_ws/install/mecharm_interfaces:/opt/ros/jazzy DEBUGINFOD_URLS=https://debuginfod.ubuntu.com PYTHONPATH=/home/amin/cobot/cobot_ws/build/mecharm/prefix_override:/usr/lib/python3/dist-packages/colcon_core/task/python/colcon_distutils_commands:/home/amin/cobot/cobot_ws/install/mecharm/lib/python3.12/site-packages:/home/amin/cobot/cobot_ws/install/mycobot_description/lib/python3.12/site-packages:/home/amin/cobot/cobot_ws/install/ultraarm/lib/python3.12/site-packages:/home/amin/cobot/cobot_ws/install/pro450_moveit2_control/lib/python3.12/site-packages:/home/amin/cobot/cobot_ws/install/mypalletizer_communication/lib/python3.12/site-packages:/home/amin/cobot/cobot_ws/install/mypalletizer_interfaces/lib/python3.12/site-packages:/home/amin/cobot/cobot_ws/install/mypalletizer_260_pi/lib/python3.12/site-packages:/home/amin/cobot/cobot_ws/install/mypalletizer_260/lib/python3.12/site-packages:/home/amin/cobot/cobot_ws/install/mycobot_pro_450/lib/python3.12/site-packages:/home/amin/cobot/cobot_ws/install/mycobot_pro450_interfaces/lib/python3.12/site-packages:/home/amin/cobot/cobot_ws/install/myarm_m750/lib/python3.12/site-packages:/home/amin/cobot/cobot_ws/install/myarm_c650/lib/python3.12/site-packages:/home/amin/cobot/cobot_ws/install/mycobot_communication/lib/python3.12/site-packages:/home/amin/cobot/cobot_ws/install/mecharm_communication/lib/python3.12/site-packages:/home/amin/cobot/cobot_ws/install/mycobot_interfaces/lib/python3.12/site-packages:/home/amin/cobot/cobot_ws/install/mycobot_630/lib/python3.12/site-packages:/home/amin/cobot/cobot_ws/install/mycobot_600/lib/python3.12/site-packages:/home/amin/cobot/cobot_ws/install/mycobot_320pi/lib/python3.12/site-packages:/home/amin/cobot/cobot_ws/install/mycobot_320_riscv/lib/python3.12/site-packages:/home/amin/cobot/cobot_ws/install/mycobot_320/lib/python3.12/site-packages:/home/amin/cobot/cobot_ws/install/mycobot_280pi/lib/python3.12/site-packages:/home/amin/cobot/cobot_ws/install/mycobot_280jn/lib/python3.12/site-packages:/home/amin/cobot/cobot_ws/install/mycobot_280_x3pi/lib/python3.12/site-packages:/home/amin/cobot/cobot_ws/install/mycobot_280_riscv/lib/python3.12/site-packages:/home/amin/cobot/cobot_ws/install/mycobot_280_rdkx5/lib/python3.12/site-packages:/home/amin/cobot/cobot_ws/install/mycobot_280_moveit2_control/lib/python3.12/site-packages:/home/amin/cobot/cobot_ws/install/mycobot_280_arduino/lib/python3.12/site-packages:/home/amin/cobot/cobot_ws/install/mycobot_280/lib/python3.12/site-packages:/home/amin/cobot/cobot_ws/install/mybuddy/lib/python3.12/site-packages:/home/amin/cobot/cobot_ws/install/myarm_300/lib/python3.12/site-packages:/home/amin/cobot/cobot_ws/install/mecharm_pi/lib/python3.12/site-packages:/home/amin/cobot/cobot_ws/install/mecharm/lib/python3.12/site-packages:/home/amin/cobot/cobot_ws/install/mecharm_interfaces/lib/python3.12/site-packages:/opt/ros/jazzy/lib/python3.12/site-packages /usr/bin/python3 -W ignore:setup.py install is deprecated -W ignore:easy_install command is deprecated setup.py egg_info --egg-base ../../../../build/mecharm build --build-base /home/amin/cobot/cobot_ws/build/mecharm/build install --record /home/amin/cobot/cobot_ws/build/mecharm/install.log --single-version-externally-managed install_data
[4.059s] DEBUG:colcon.colcon_core.event_handler.log_command:Invoking command in '/home/amin/cobot/cobot_ws/src/mycobot_ros2/mecharm/mecharm_pi': AMENT_PREFIX_PATH=/home/amin/cobot/cobot_ws/install/mycobot_description:/home/amin/cobot/cobot_ws/install/ultraarm:/home/amin/cobot/cobot_ws/install/pro450_moveit2_control:/home/amin/cobot/cobot_ws/install/pro450_moveit2:/home/amin/cobot/cobot_ws/install/mypalletizer_communication:/home/amin/cobot/cobot_ws/install/mypalletizer_interfaces:/home/amin/cobot/cobot_ws/install/mypalletizer_260_pi:/home/amin/cobot/cobot_ws/install/mypalletizer_260:/home/amin/cobot/cobot_ws/install/mycobot_pro_450:/home/amin/cobot/cobot_ws/install/mycobot_pro450_interfaces:/home/amin/cobot/cobot_ws/install/myarm_m750:/home/amin/cobot/cobot_ws/install/myarm_c650:/home/amin/cobot/cobot_ws/install/mycobot_communication:/home/amin/cobot/cobot_ws/install/mecharm_communication:/home/amin/cobot/cobot_ws/install/mycobot_interfaces:/home/amin/cobot/cobot_ws/install/mycobot_630:/home/amin/cobot/cobot_ws/install/mycobot_600:/home/amin/cobot/cobot_ws/install/mycobot_320pi:/home/amin/cobot/cobot_ws/install/mycobot_320_riscv:/home/amin/cobot/cobot_ws/install/mycobot_320:/home/amin/cobot/cobot_ws/install/mycobot_280rdkx5_moveit2:/home/amin/cobot/cobot_ws/install/mycobot_280pi:/home/amin/cobot/cobot_ws/install/mycobot_280jn:/home/amin/cobot/cobot_ws/install/mycobot_280arduino_moveit2:/home/amin/cobot/cobot_ws/install/mycobot_280_x3pi:/home/amin/cobot/cobot_ws/install/mycobot_280_riscv:/home/amin/cobot/cobot_ws/install/mycobot_280_rdkx5:/home/amin/cobot/cobot_ws/install/mycobot_280_moveit2_control:/home/amin/cobot/cobot_ws/install/mycobot_280_moveit2:/home/amin/cobot/cobot_ws/install/mycobot_280_gazebo_jazzy:/home/amin/cobot/cobot_ws/install/mycobot_280_gazebo:/home/amin/cobot/cobot_ws/install/mycobot_280_arduino:/home/amin/cobot/cobot_ws/install/mycobot_280:/home/amin/cobot/cobot_ws/install/mybuddy:/home/amin/cobot/cobot_ws/install/myarm_300:/home/amin/cobot/cobot_ws/install/mecharm_pi:/home/amin/cobot/cobot_ws/install/mecharm:/home/amin/cobot/cobot_ws/install/mecharm_interfaces:/opt/ros/jazzy DEBUGINFOD_URLS=https://debuginfod.ubuntu.com PYTHONPATH=/home/amin/cobot/cobot_ws/build/mecharm_pi/prefix_override:/usr/lib/python3/dist-packages/colcon_core/task/python/colcon_distutils_commands:/home/amin/cobot/cobot_ws/install/mecharm_pi/lib/python3.12/site-packages:/home/amin/cobot/cobot_ws/install/mycobot_description/lib/python3.12/site-packages:/home/amin/cobot/cobot_ws/install/ultraarm/lib/python3.12/site-packages:/home/amin/cobot/cobot_ws/install/pro450_moveit2_control/lib/python3.12/site-packages:/home/amin/cobot/cobot_ws/install/mypalletizer_communication/lib/python3.12/site-packages:/home/amin/cobot/cobot_ws/install/mypalletizer_interfaces/lib/python3.12/site-packages:/home/amin/cobot/cobot_ws/install/mypalletizer_260_pi/lib/python3.12/site-packages:/home/amin/cobot/cobot_ws/install/mypalletizer_260/lib/python3.12/site-packages:/home/amin/cobot/cobot_ws/install/mycobot_pro_450/lib/python3.12/site-packages:/home/amin/cobot/cobot_ws/install/mycobot_pro450_interfaces/lib/python3.12/site-packages:/home/amin/cobot/cobot_ws/install/myarm_m750/lib/python3.12/site-packages:/home/amin/cobot/cobot_ws/install/myarm_c650/lib/python3.12/site-packages:/home/amin/cobot/cobot_ws/install/mycobot_communication/lib/python3.12/site-packages:/home/amin/cobot/cobot_ws/install/mecharm_communication/lib/python3.12/site-packages:/home/amin/cobot/cobot_ws/install/mycobot_interfaces/lib/python3.12/site-packages:/home/amin/cobot/cobot_ws/install/mycobot_630/lib/python3.12/site-packages:/home/amin/cobot/cobot_ws/install/mycobot_600/lib/python3.12/site-packages:/home/amin/cobot/cobot_ws/install/mycobot_320pi/lib/python3.12/site-packages:/home/amin/cobot/cobot_ws/install/mycobot_320_riscv/lib/python3.12/site-packages:/home/amin/cobot/cobot_ws/install/mycobot_320/lib/python3.12/site-packages:/home/amin/cobot/cobot_ws/install/mycobot_280pi/lib/python3.12/site-packages:/home/amin/cobot/cobot_ws/install/mycobot_280jn/lib/python3.12/site-packages:/home/amin/cobot/cobot_ws/install/mycobot_280_x3pi/lib/python3.12/site-packages:/home/amin/cobot/cobot_ws/install/mycobot_280_riscv/lib/python3.12/site-packages:/home/amin/cobot/cobot_ws/install/mycobot_280_rdkx5/lib/python3.12/site-packages:/home/amin/cobot/cobot_ws/install/mycobot_280_moveit2_control/lib/python3.12/site-packages:/home/amin/cobot/cobot_ws/install/mycobot_280_arduino/lib/python3.12/site-packages:/home/amin/cobot/cobot_ws/install/mycobot_280/lib/python3.12/site-packages:/home/amin/cobot/cobot_ws/install/mybuddy/lib/python3.12/site-packages:/home/amin/cobot/cobot_ws/install/myarm_300/lib/python3.12/site-packages:/home/amin/cobot/cobot_ws/install/mecharm_pi/lib/python3.12/site-packages:/home/amin/cobot/cobot_ws/install/mecharm/lib/python3.12/site-packages:/home/amin/cobot/cobot_ws/install/mecharm_interfaces/lib/python3.12/site-packages:/opt/ros/jazzy/lib/python3.12/site-packages /usr/bin/python3 -W ignore:setup.py install is deprecated -W ignore:easy_install command is deprecated setup.py egg_info --egg-base ../../../../build/mecharm_pi build --build-base /home/amin/cobot/cobot_ws/build/mecharm_pi/build install --record /home/amin/cobot/cobot_ws/build/mecharm_pi/install.log --single-version-externally-managed install_data
[4.061s] Level 1:colcon.colcon_core.environment:checking '/home/amin/cobot/cobot_ws/install/mypalletizer_communication' for CMake module files
[4.063s] DEBUG:colcon.colcon_core.event_handler.log_command:Invoking command in '/home/amin/cobot/cobot_ws/src/mycobot_ros2/mycobot_280/mycobot_280': AMENT_PREFIX_PATH=/home/amin/cobot/cobot_ws/install/mycobot_description:/home/amin/cobot/cobot_ws/install/ultraarm:/home/amin/cobot/cobot_ws/install/pro450_moveit2_control:/home/amin/cobot/cobot_ws/install/pro450_moveit2:/home/amin/cobot/cobot_ws/install/mypalletizer_communication:/home/amin/cobot/cobot_ws/install/mypalletizer_interfaces:/home/amin/cobot/cobot_ws/install/mypalletizer_260_pi:/home/amin/cobot/cobot_ws/install/mypalletizer_260:/home/amin/cobot/cobot_ws/install/mycobot_pro_450:/home/amin/cobot/cobot_ws/install/mycobot_pro450_interfaces:/home/amin/cobot/cobot_ws/install/myarm_m750:/home/amin/cobot/cobot_ws/install/myarm_c650:/home/amin/cobot/cobot_ws/install/mycobot_communication:/home/amin/cobot/cobot_ws/install/mecharm_communication:/home/amin/cobot/cobot_ws/install/mycobot_interfaces:/home/amin/cobot/cobot_ws/install/mycobot_630:/home/amin/cobot/cobot_ws/install/mycobot_600:/home/amin/cobot/cobot_ws/install/mycobot_320pi:/home/amin/cobot/cobot_ws/install/mycobot_320_riscv:/home/amin/cobot/cobot_ws/install/mycobot_320:/home/amin/cobot/cobot_ws/install/mycobot_280rdkx5_moveit2:/home/amin/cobot/cobot_ws/install/mycobot_280pi:/home/amin/cobot/cobot_ws/install/mycobot_280jn:/home/amin/cobot/cobot_ws/install/mycobot_280arduino_moveit2:/home/amin/cobot/cobot_ws/install/mycobot_280_x3pi:/home/amin/cobot/cobot_ws/install/mycobot_280_riscv:/home/amin/cobot/cobot_ws/install/mycobot_280_rdkx5:/home/amin/cobot/cobot_ws/install/mycobot_280_moveit2_control:/home/amin/cobot/cobot_ws/install/mycobot_280_moveit2:/home/amin/cobot/cobot_ws/install/mycobot_280_gazebo_jazzy:/home/amin/cobot/cobot_ws/install/mycobot_280_gazebo:/home/amin/cobot/cobot_ws/install/mycobot_280_arduino:/home/amin/cobot/cobot_ws/install/mycobot_280:/home/amin/cobot/cobot_ws/install/mybuddy:/home/amin/cobot/cobot_ws/install/myarm_300:/home/amin/cobot/cobot_ws/install/mecharm_pi:/home/amin/cobot/cobot_ws/install/mecharm:/home/amin/cobot/cobot_ws/install/mecharm_interfaces:/opt/ros/jazzy DEBUGINFOD_URLS=https://debuginfod.ubuntu.com PYTHONPATH=/home/amin/cobot/cobot_ws/build/mycobot_280/prefix_override:/usr/lib/python3/dist-packages/colcon_core/task/python/colcon_distutils_commands:/home/amin/cobot/cobot_ws/install/mycobot_280/lib/python3.12/site-packages:/home/amin/cobot/cobot_ws/install/mycobot_description/lib/python3.12/site-packages:/home/amin/cobot/cobot_ws/install/ultraarm/lib/python3.12/site-packages:/home/amin/cobot/cobot_ws/install/pro450_moveit2_control/lib/python3.12/site-packages:/home/amin/cobot/cobot_ws/install/mypalletizer_communication/lib/python3.12/site-packages:/home/amin/cobot/cobot_ws/install/mypalletizer_interfaces/lib/python3.12/site-packages:/home/amin/cobot/cobot_ws/install/mypalletizer_260_pi/lib/python3.12/site-packages:/home/amin/cobot/cobot_ws/install/mypalletizer_260/lib/python3.12/site-packages:/home/amin/cobot/cobot_ws/install/mycobot_pro_450/lib/python3.12/site-packages:/home/amin/cobot/cobot_ws/install/mycobot_pro450_interfaces/lib/python3.12/site-packages:/home/amin/cobot/cobot_ws/install/myarm_m750/lib/python3.12/site-packages:/home/amin/cobot/cobot_ws/install/myarm_c650/lib/python3.12/site-packages:/home/amin/cobot/cobot_ws/install/mycobot_communication/lib/python3.12/site-packages:/home/amin/cobot/cobot_ws/install/mecharm_communication/lib/python3.12/site-packages:/home/amin/cobot/cobot_ws/install/mycobot_interfaces/lib/python3.12/site-packages:/home/amin/cobot/cobot_ws/install/mycobot_630/lib/python3.12/site-packages:/home/amin/cobot/cobot_ws/install/mycobot_600/lib/python3.12/site-packages:/home/amin/cobot/cobot_ws/install/mycobot_320pi/lib/python3.12/site-packages:/home/amin/cobot/cobot_ws/install/mycobot_320_riscv/lib/python3.12/site-packages:/home/amin/cobot/cobot_ws/install/mycobot_320/lib/python3.12/site-packages:/home/amin/cobot/cobot_ws/install/mycobot_280pi/lib/python3.12/site-packages:/home/amin/cobot/cobot_ws/install/mycobot_280jn/lib/python3.12/site-packages:/home/amin/cobot/cobot_ws/install/mycobot_280_x3pi/lib/python3.12/site-packages:/home/amin/cobot/cobot_ws/install/mycobot_280_riscv/lib/python3.12/site-packages:/home/amin/cobot/cobot_ws/install/mycobot_280_rdkx5/lib/python3.12/site-packages:/home/amin/cobot/cobot_ws/install/mycobot_280_moveit2_control/lib/python3.12/site-packages:/home/amin/cobot/cobot_ws/install/mycobot_280_arduino/lib/python3.12/site-packages:/home/amin/cobot/cobot_ws/install/mycobot_280/lib/python3.12/site-packages:/home/amin/cobot/cobot_ws/install/mybuddy/lib/python3.12/site-packages:/home/amin/cobot/cobot_ws/install/myarm_300/lib/python3.12/site-packages:/home/amin/cobot/cobot_ws/install/mecharm_pi/lib/python3.12/site-packages:/home/amin/cobot/cobot_ws/install/mecharm/lib/python3.12/site-packages:/home/amin/cobot/cobot_ws/install/mecharm_interfaces/lib/python3.12/site-packages:/opt/ros/jazzy/lib/python3.12/site-packages /usr/bin/python3 -W ignore:setup.py install is deprecated -W ignore:easy_install command is deprecated setup.py egg_info --egg-base ../../../../build/mycobot_280 build --build-base /home/amin/cobot/cobot_ws/build/mycobot_280/build install --record /home/amin/cobot/cobot_ws/build/mycobot_280/install.log --single-version-externally-managed install_data
[4.063s] Level 1:colcon.colcon_core.environment:checking '/home/amin/cobot/cobot_ws/install/mypalletizer_communication' for CMake config files
[4.064s] DEBUG:colcon.colcon_core.event_handler.log_command:Invoked command in '/home/amin/cobot/cobot_ws/src/mycobot_ros2/mypalletizer_260/mypalletizer_communication' returned '0': CMAKE_PREFIX_PATH=/home/amin/cobot/cobot_ws/install/mypalletizer_interfaces:/home/amin/cobot/cobot_ws/install/pro450_moveit2:/home/amin/cobot/cobot_ws/install/mycobot_pro450_interfaces:/home/amin/cobot/cobot_ws/install/mycobot_interfaces:/home/amin/cobot/cobot_ws/install/mycobot_280rdkx5_moveit2:/home/amin/cobot/cobot_ws/install/mycobot_280arduino_moveit2:/home/amin/cobot/cobot_ws/install/mycobot_280_moveit2:/home/amin/cobot/cobot_ws/install/mycobot_280_gazebo_jazzy:/home/amin/cobot/cobot_ws/install/mycobot_280_gazebo:/home/amin/cobot/cobot_ws/install/mecharm_interfaces:/opt/ros/jazzy/opt/gz_sim_vendor:/opt/ros/jazzy/opt/gz_sensors_vendor:/opt/ros/jazzy/opt/gz_physics_vendor:/opt/ros/jazzy/opt/sdformat_vendor:/opt/ros/jazzy/opt/gz_gui_vendor:/opt/ros/jazzy/opt/gz_transport_vendor:/opt/ros/jazzy/opt/gz_rendering_vendor:/opt/ros/jazzy/opt/gz_plugin_vendor:/opt/ros/jazzy/opt/gz_fuel_tools_vendor:/opt/ros/jazzy/opt/gz_msgs_vendor:/opt/ros/jazzy/opt/gz_common_vendor:/opt/ros/jazzy/opt/gz_math_vendor:/opt/ros/jazzy/opt/gz_utils_vendor:/opt/ros/jazzy/opt/gz_tools_vendor:/opt/ros/jazzy/opt/gz_ogre_next_vendor:/opt/ros/jazzy/opt/gz_dartsim_vendor:/opt/ros/jazzy/opt/gz_cmake_vendor DEBUGINFOD_URLS=https://debuginfod.ubuntu.com PYTHONPATH=/home/amin/cobot/cobot_ws/build/mypalletizer_communication/prefix_override:/usr/lib/python3/dist-packages/colcon_core/task/python/colcon_distutils_commands:/home/amin/cobot/cobot_ws/install/mypalletizer_communication/lib/python3.12/site-packages:/home/amin/cobot/cobot_ws/install/mypalletizer_interfaces/lib/python3.12/site-packages:/home/amin/cobot/cobot_ws/install/ultraarm/lib/python3.12/site-packages:/home/amin/cobot/cobot_ws/install/pro450_moveit2_control/lib/python3.12/site-packages:/home/amin/cobot/cobot_ws/install/mypalletizer_communication/lib/python3.12/site-packages:/home/amin/cobot/cobot_ws/install/mypalletizer_260_pi/lib/python3.12/site-packages:/home/amin/cobot/cobot_ws/install/mypalletizer_260/lib/python3.12/site-packages:/home/amin/cobot/cobot_ws/install/mycobot_pro_450/lib/python3.12/site-packages:/home/amin/cobot/cobot_ws/install/mycobot_pro450_interfaces/lib/python3.12/site-packages:/home/amin/cobot/cobot_ws/install/myarm_m750/lib/python3.12/site-packages:/home/amin/cobot/cobot_ws/install/myarm_c650/lib/python3.12/site-packages:/home/amin/cobot/cobot_ws/install/mycobot_communication/lib/python3.12/site-packages:/home/amin/cobot/cobot_ws/install/mecharm_communication/lib/python3.12/site-packages:/home/amin/cobot/cobot_ws/install/mycobot_interfaces/lib/python3.12/site-packages:/home/amin/cobot/cobot_ws/install/mycobot_630/lib/python3.12/site-packages:/home/amin/cobot/cobot_ws/install/mycobot_600/lib/python3.12/site-packages:/home/amin/cobot/cobot_ws/install/mycobot_320pi/lib/python3.12/site-packages:/home/amin/cobot/cobot_ws/install/mycobot_320_riscv/lib/python3.12/site-packages:/home/amin/cobot/cobot_ws/install/mycobot_320/lib/python3.12/site-packages:/home/amin/cobot/cobot_ws/install/mycobot_280pi/lib/python3.12/site-packages:/home/amin/cobot/cobot_ws/install/mycobot_280jn/lib/python3.12/site-packages:/home/amin/cobot/cobot_ws/install/mycobot_280_x3pi/lib/python3.12/site-packages:/home/amin/cobot/cobot_ws/install/mycobot_280_riscv/lib/python3.12/site-packages:/home/amin/cobot/cobot_ws/install/mycobot_280_rdkx5/lib/python3.12/site-packages:/home/amin/cobot/cobot_ws/install/mycobot_280_moveit2_control/lib/python3.12/site-packages:/home/amin/cobot/cobot_ws/install/mycobot_280_arduino/lib/python3.12/site-packages:/home/amin/cobot/cobot_ws/install/mycobot_280/lib/python3.12/site-packages:/home/amin/cobot/cobot_ws/install/mybuddy/lib/python3.12/site-packages:/home/amin/cobot/cobot_ws/install/myarm_300/lib/python3.12/site-packages:/home/amin/cobot/cobot_ws/install/mecharm_pi/lib/python3.12/site-packages:/home/amin/cobot/cobot_ws/install/mecharm/lib/python3.12/site-packages:/home/amin/cobot/cobot_ws/install/mycobot_description/lib/python3.12/site-packages:/home/amin/cobot/cobot_ws/install/mecharm_interfaces/lib/python3.12/site-packages:/opt/ros/jazzy/lib/python3.12/site-packages /usr/bin/python3 -W ignore:setup.py install is deprecated -W ignore:easy_install command is deprecated setup.py egg_info --egg-base ../../../../build/mypalletizer_communication build --build-base /home/amin/cobot/cobot_ws/build/mypalletizer_communication/build install --record /home/amin/cobot/cobot_ws/build/mypalletizer_communication/install.log --single-version-externally-managed install_data
[4.064s] Level 1:colcon.colcon_core.environment:checking '/home/amin/cobot/cobot_ws/install/mypalletizer_communication/lib'
[4.064s] Level 1:colcon.colcon_core.environment:checking '/home/amin/cobot/cobot_ws/install/mypalletizer_communication/bin'
[4.065s] Level 1:colcon.colcon_core.environment:checking '/home/amin/cobot/cobot_ws/install/mypalletizer_communication/lib/pkgconfig/mypalletizer_communication.pc'
[4.065s] Level 1:colcon.colcon_core.environment:checking '/home/amin/cobot/cobot_ws/install/mypalletizer_communication/lib/python3.12/site-packages'
[4.065s] Level 1:colcon.colcon_core.shell:create_environment_hook('mypalletizer_communication', 'pythonpath')
[4.065s] INFO:colcon.colcon_core.shell:Creating environment hook '/home/amin/cobot/cobot_ws/install/mypalletizer_communication/share/mypalletizer_communication/hook/pythonpath.ps1'
[4.066s] INFO:colcon.colcon_core.shell:Creating environment descriptor '/home/amin/cobot/cobot_ws/install/mypalletizer_communication/share/mypalletizer_communication/hook/pythonpath.dsv'
[4.066s] INFO:colcon.colcon_core.shell:Creating environment hook '/home/amin/cobot/cobot_ws/install/mypalletizer_communication/share/mypalletizer_communication/hook/pythonpath.sh'
[4.067s] Level 1:colcon.colcon_core.environment:checking '/home/amin/cobot/cobot_ws/install/mypalletizer_communication/bin'
[4.067s] Level 1:colcon.colcon_core.environment:create_environment_scripts_only(mypalletizer_communication)
[4.067s] INFO:colcon.colcon_core.shell:Creating package script '/home/amin/cobot/cobot_ws/install/mypalletizer_communication/share/mypalletizer_communication/package.ps1'
[4.068s] INFO:colcon.colcon_core.shell:Creating package descriptor '/home/amin/cobot/cobot_ws/install/mypalletizer_communication/share/mypalletizer_communication/package.dsv'
[4.069s] INFO:colcon.colcon_core.shell:Creating package script '/home/amin/cobot/cobot_ws/install/mypalletizer_communication/share/mypalletizer_communication/package.sh'
[4.069s] INFO:colcon.colcon_core.shell:Creating package script '/home/amin/cobot/cobot_ws/install/mypalletizer_communication/share/mypalletizer_communication/package.bash'
[4.069s] INFO:colcon.colcon_core.shell:Creating package script '/home/amin/cobot/cobot_ws/install/mypalletizer_communication/share/mypalletizer_communication/package.zsh'
[4.070s] Level 1:colcon.colcon_core.environment:create_file_with_runtime_dependencies(/home/amin/cobot/cobot_ws/install/mypalletizer_communication/share/colcon-core/packages/mypalletizer_communication)
[4.070s] Level 1:colcon.colcon_core.environment:checking '/home/amin/cobot/cobot_ws/install/mecharm_communication' for CMake module files
[4.071s] Level 1:colcon.colcon_core.environment:checking '/home/amin/cobot/cobot_ws/install/mecharm_communication' for CMake config files
[4.071s] DEBUG:colcon.colcon_core.event_handler.log_command:Invoked command in '/home/amin/cobot/cobot_ws/src/mycobot_ros2/mecharm/mecharm_communication' returned '0': CMAKE_PREFIX_PATH=/home/amin/cobot/cobot_ws/install/mycobot_interfaces:/home/amin/cobot/cobot_ws/install/pro450_moveit2:/home/amin/cobot/cobot_ws/install/mypalletizer_interfaces:/home/amin/cobot/cobot_ws/install/mycobot_pro450_interfaces:/home/amin/cobot/cobot_ws/install/mycobot_280rdkx5_moveit2:/home/amin/cobot/cobot_ws/install/mycobot_280arduino_moveit2:/home/amin/cobot/cobot_ws/install/mycobot_280_moveit2:/home/amin/cobot/cobot_ws/install/mycobot_280_gazebo_jazzy:/home/amin/cobot/cobot_ws/install/mycobot_280_gazebo:/home/amin/cobot/cobot_ws/install/mecharm_interfaces:/opt/ros/jazzy/opt/gz_sim_vendor:/opt/ros/jazzy/opt/gz_sensors_vendor:/opt/ros/jazzy/opt/gz_physics_vendor:/opt/ros/jazzy/opt/sdformat_vendor:/opt/ros/jazzy/opt/gz_gui_vendor:/opt/ros/jazzy/opt/gz_transport_vendor:/opt/ros/jazzy/opt/gz_rendering_vendor:/opt/ros/jazzy/opt/gz_plugin_vendor:/opt/ros/jazzy/opt/gz_fuel_tools_vendor:/opt/ros/jazzy/opt/gz_msgs_vendor:/opt/ros/jazzy/opt/gz_common_vendor:/opt/ros/jazzy/opt/gz_math_vendor:/opt/ros/jazzy/opt/gz_utils_vendor:/opt/ros/jazzy/opt/gz_tools_vendor:/opt/ros/jazzy/opt/gz_ogre_next_vendor:/opt/ros/jazzy/opt/gz_dartsim_vendor:/opt/ros/jazzy/opt/gz_cmake_vendor DEBUGINFOD_URLS=https://debuginfod.ubuntu.com LD_LIBRARY_PATH=/home/amin/cobot/cobot_ws/install/mycobot_interfaces/lib:/home/amin/cobot/cobot_ws/install/mypalletizer_interfaces/lib:/home/amin/cobot/cobot_ws/install/mycobot_pro450_interfaces/lib:/home/amin/cobot/cobot_ws/install/mecharm_interfaces/lib:/opt/ros/jazzy/opt/gz_sim_vendor/lib:/opt/ros/jazzy/opt/gz_sensors_vendor/lib:/opt/ros/jazzy/opt/gz_physics_vendor/lib:/opt/ros/jazzy/opt/sdformat_vendor/lib:/opt/ros/jazzy/opt/rviz_ogre_vendor/lib:/opt/ros/jazzy/lib/x86_64-linux-gnu:/opt/ros/jazzy/opt/gz_gui_vendor/lib:/opt/ros/jazzy/opt/gz_transport_vendor/lib:/opt/ros/jazzy/opt/gz_rendering_vendor/lib:/opt/ros/jazzy/opt/gz_plugin_vendor/lib:/opt/ros/jazzy/opt/gz_fuel_tools_vendor/lib:/opt/ros/jazzy/opt/gz_msgs_vendor/lib:/opt/ros/jazzy/opt/gz_common_vendor/lib:/opt/ros/jazzy/opt/gz_math_vendor/lib:/opt/ros/jazzy/opt/gz_utils_vendor/lib:/opt/ros/jazzy/opt/gz_tools_vendor/lib:/opt/ros/jazzy/opt/gz_ogre_next_vendor/lib:/opt/ros/jazzy/opt/gz_dartsim_vendor/lib:/opt/ros/jazzy/opt/gz_cmake_vendor/lib:/opt/ros/jazzy/lib PYTHONPATH=/home/amin/cobot/cobot_ws/build/mecharm_communication/prefix_override:/usr/lib/python3/dist-packages/colcon_core/task/python/colcon_distutils_commands:/home/amin/cobot/cobot_ws/install/mecharm_communication/lib/python3.12/site-packages:/home/amin/cobot/cobot_ws/install/mycobot_interfaces/lib/python3.12/site-packages:/home/amin/cobot/cobot_ws/install/ultraarm/lib/python3.12/site-packages:/home/amin/cobot/cobot_ws/install/pro450_moveit2_control/lib/python3.12/site-packages:/home/amin/cobot/cobot_ws/install/mypalletizer_communication/lib/python3.12/site-packages:/home/amin/cobot/cobot_ws/install/mypalletizer_interfaces/lib/python3.12/site-packages:/home/amin/cobot/cobot_ws/install/mypalletizer_260_pi/lib/python3.12/site-packages:/home/amin/cobot/cobot_ws/install/mypalletizer_260/lib/python3.12/site-packages:/home/amin/cobot/cobot_ws/install/mycobot_pro_450/lib/python3.12/site-packages:/home/amin/cobot/cobot_ws/install/mycobot_pro450_interfaces/lib/python3.12/site-packages:/home/amin/cobot/cobot_ws/install/myarm_m750/lib/python3.12/site-packages:/home/amin/cobot/cobot_ws/install/myarm_c650/lib/python3.12/site-packages:/home/amin/cobot/cobot_ws/install/mycobot_communication/lib/python3.12/site-packages:/home/amin/cobot/cobot_ws/install/mecharm_communication/lib/python3.12/site-packages:/home/amin/cobot/cobot_ws/install/mycobot_630/lib/python3.12/site-packages:/home/amin/cobot/cobot_ws/install/mycobot_600/lib/python3.12/site-packages:/home/amin/cobot/cobot_ws/install/mycobot_320pi/lib/python3.12/site-packages:/home/amin/cobot/cobot_ws/install/mycobot_320_riscv/lib/python3.12/site-packages:/home/amin/cobot/cobot_ws/install/mycobot_320/lib/python3.12/site-packages:/home/amin/cobot/cobot_ws/install/mycobot_280pi/lib/python3.12/site-packages:/home/amin/cobot/cobot_ws/install/mycobot_280jn/lib/python3.12/site-packages:/home/amin/cobot/cobot_ws/install/mycobot_280_x3pi/lib/python3.12/site-packages:/home/amin/cobot/cobot_ws/install/mycobot_280_riscv/lib/python3.12/site-packages:/home/amin/cobot/cobot_ws/install/mycobot_280_rdkx5/lib/python3.12/site-packages:/home/amin/cobot/cobot_ws/install/mycobot_280_moveit2_control/lib/python3.12/site-packages:/home/amin/cobot/cobot_ws/install/mycobot_280_arduino/lib/python3.12/site-packages:/home/amin/cobot/cobot_ws/install/mycobot_280/lib/python3.12/site-packages:/home/amin/cobot/cobot_ws/install/mybuddy/lib/python3.12/site-packages:/home/amin/cobot/cobot_ws/install/myarm_300/lib/python3.12/site-packages:/home/amin/cobot/cobot_ws/install/mecharm_pi/lib/python3.12/site-packages:/home/amin/cobot/cobot_ws/install/mecharm/lib/python3.12/site-packages:/home/amin/cobot/cobot_ws/install/mycobot_description/lib/python3.12/site-packages:/home/amin/cobot/cobot_ws/install/mecharm_interfaces/lib/python3.12/site-packages:/opt/ros/jazzy/lib/python3.12/site-packages /usr/bin/python3 -W ignore:setup.py install is deprecated -W ignore:easy_install command is deprecated setup.py egg_info --egg-base ../../../../build/mecharm_communication build --build-base /home/amin/cobot/cobot_ws/build/mecharm_communication/build install --record /home/amin/cobot/cobot_ws/build/mecharm_communication/install.log --single-version-externally-managed install_data
[4.072s] Level 1:colcon.colcon_core.environment:checking '/home/amin/cobot/cobot_ws/install/mecharm_communication/lib'
[4.072s] Level 1:colcon.colcon_core.environment:checking '/home/amin/cobot/cobot_ws/install/mecharm_communication/bin'
[4.072s] Level 1:colcon.colcon_core.environment:checking '/home/amin/cobot/cobot_ws/install/mecharm_communication/lib/pkgconfig/mecharm_communication.pc'
[4.072s] Level 1:colcon.colcon_core.environment:checking '/home/amin/cobot/cobot_ws/install/mecharm_communication/lib/python3.12/site-packages'
[4.072s] Level 1:colcon.colcon_core.shell:create_environment_hook('mecharm_communication', 'pythonpath')
[4.073s] INFO:colcon.colcon_core.shell:Creating environment hook '/home/amin/cobot/cobot_ws/install/mecharm_communication/share/mecharm_communication/hook/pythonpath.ps1'
[4.073s] INFO:colcon.colcon_core.shell:Creating environment descriptor '/home/amin/cobot/cobot_ws/install/mecharm_communication/share/mecharm_communication/hook/pythonpath.dsv'
[4.073s] INFO:colcon.colcon_core.shell:Creating environment hook '/home/amin/cobot/cobot_ws/install/mecharm_communication/share/mecharm_communication/hook/pythonpath.sh'
[4.074s] Level 1:colcon.colcon_core.environment:checking '/home/amin/cobot/cobot_ws/install/mecharm_communication/bin'
[4.074s] Level 1:colcon.colcon_core.environment:create_environment_scripts_only(mecharm_communication)
[4.074s] INFO:colcon.colcon_core.shell:Creating package script '/home/amin/cobot/cobot_ws/install/mecharm_communication/share/mecharm_communication/package.ps1'
[4.075s] INFO:colcon.colcon_core.shell:Creating package descriptor '/home/amin/cobot/cobot_ws/install/mecharm_communication/share/mecharm_communication/package.dsv'
[4.075s] INFO:colcon.colcon_core.shell:Creating package script '/home/amin/cobot/cobot_ws/install/mecharm_communication/share/mecharm_communication/package.sh'
[4.076s] INFO:colcon.colcon_core.shell:Creating package script '/home/amin/cobot/cobot_ws/install/mecharm_communication/share/mecharm_communication/package.bash'
[4.076s] INFO:colcon.colcon_core.shell:Creating package script '/home/amin/cobot/cobot_ws/install/mecharm_communication/share/mecharm_communication/package.zsh'
[4.076s] Level 1:colcon.colcon_core.environment:create_file_with_runtime_dependencies(/home/amin/cobot/cobot_ws/install/mecharm_communication/share/colcon-core/packages/mecharm_communication)
[4.077s] INFO:colcon.colcon_ros.task.ament_cmake.build:Building ROS package in '/home/amin/cobot/cobot_ws/src/mycobot_ros2/mycobot_280_gazebo' with build type 'ament_cmake'
[4.077s] INFO:colcon.colcon_cmake.task.cmake.build:Building CMake package in '/home/amin/cobot/cobot_ws/src/mycobot_ros2/mycobot_280_gazebo'
[4.077s] INFO:colcon.colcon_core.shell:Skip shell extension 'powershell' for command environment: Not usable outside of PowerShell
[4.077s] DEBUG:colcon.colcon_core.shell:Skip shell extension 'dsv' for command environment
[4.088s] INFO:colcon.colcon_ros.task.ament_cmake.build:Building ROS package in '/home/amin/cobot/cobot_ws/src/mycobot_ros2/mycobot_280_gazebo_jazzy' with build type 'ament_cmake'
[4.088s] INFO:colcon.colcon_cmake.task.cmake.build:Building CMake package in '/home/amin/cobot/cobot_ws/src/mycobot_ros2/mycobot_280_gazebo_jazzy'
[4.089s] INFO:colcon.colcon_core.shell:Skip shell extension 'powershell' for command environment: Not usable outside of PowerShell
[4.089s] DEBUG:colcon.colcon_core.shell:Skip shell extension 'dsv' for command environment
[4.100s] DEBUG:colcon.colcon_core.event_handler.log_command:Invoking command in '/home/amin/cobot/cobot_ws/build/mycobot_280_gazebo': AMENT_PREFIX_PATH=/home/amin/cobot/cobot_ws/install/mycobot_description:/home/amin/cobot/cobot_ws/install/ultraarm:/home/amin/cobot/cobot_ws/install/pro450_moveit2_control:/home/amin/cobot/cobot_ws/install/pro450_moveit2:/home/amin/cobot/cobot_ws/install/mypalletizer_communication:/home/amin/cobot/cobot_ws/install/mypalletizer_interfaces:/home/amin/cobot/cobot_ws/install/mypalletizer_260_pi:/home/amin/cobot/cobot_ws/install/mypalletizer_260:/home/amin/cobot/cobot_ws/install/mycobot_pro_450:/home/amin/cobot/cobot_ws/install/mycobot_pro450_interfaces:/home/amin/cobot/cobot_ws/install/myarm_m750:/home/amin/cobot/cobot_ws/install/myarm_c650:/home/amin/cobot/cobot_ws/install/mycobot_communication:/home/amin/cobot/cobot_ws/install/mecharm_communication:/home/amin/cobot/cobot_ws/install/mycobot_interfaces:/home/amin/cobot/cobot_ws/install/mycobot_630:/home/amin/cobot/cobot_ws/install/mycobot_600:/home/amin/cobot/cobot_ws/install/mycobot_320pi:/home/amin/cobot/cobot_ws/install/mycobot_320_riscv:/home/amin/cobot/cobot_ws/install/mycobot_320:/home/amin/cobot/cobot_ws/install/mycobot_280rdkx5_moveit2:/home/amin/cobot/cobot_ws/install/mycobot_280pi:/home/amin/cobot/cobot_ws/install/mycobot_280jn:/home/amin/cobot/cobot_ws/install/mycobot_280arduino_moveit2:/home/amin/cobot/cobot_ws/install/mycobot_280_x3pi:/home/amin/cobot/cobot_ws/install/mycobot_280_riscv:/home/amin/cobot/cobot_ws/install/mycobot_280_rdkx5:/home/amin/cobot/cobot_ws/install/mycobot_280_moveit2_control:/home/amin/cobot/cobot_ws/install/mycobot_280_moveit2:/home/amin/cobot/cobot_ws/install/mycobot_280_gazebo_jazzy:/home/amin/cobot/cobot_ws/install/mycobot_280_gazebo:/home/amin/cobot/cobot_ws/install/mycobot_280_arduino:/home/amin/cobot/cobot_ws/install/mycobot_280:/home/amin/cobot/cobot_ws/install/mybuddy:/home/amin/cobot/cobot_ws/install/myarm_300:/home/amin/cobot/cobot_ws/install/mecharm_pi:/home/amin/cobot/cobot_ws/install/mecharm:/home/amin/cobot/cobot_ws/install/mecharm_interfaces:/opt/ros/jazzy CMAKE_PREFIX_PATH=${CMAKE_PREFIX_PATH}:/home/amin/cobot/cobot_ws/install/ultraarm:/home/amin/cobot/cobot_ws/install/pro450_moveit2_control:/home/amin/cobot/cobot_ws/install/mypalletizer_communication:/home/amin/cobot/cobot_ws/install/mypalletizer_260_pi:/home/amin/cobot/cobot_ws/install/mypalletizer_260:/home/amin/cobot/cobot_ws/install/mycobot_pro_450:/home/amin/cobot/cobot_ws/install/myarm_m750:/home/amin/cobot/cobot_ws/install/myarm_c650:/home/amin/cobot/cobot_ws/install/mycobot_communication:/home/amin/cobot/cobot_ws/install/mecharm_communication:/home/amin/cobot/cobot_ws/install/mycobot_630:/home/amin/cobot/cobot_ws/install/mycobot_600:/home/amin/cobot/cobot_ws/install/mycobot_320pi:/home/amin/cobot/cobot_ws/install/mycobot_320_riscv:/home/amin/cobot/cobot_ws/install/mycobot_320:/home/amin/cobot/cobot_ws/install/mycobot_280pi:/home/amin/cobot/cobot_ws/install/mycobot_280jn:/home/amin/cobot/cobot_ws/install/mycobot_280_x3pi:/home/amin/cobot/cobot_ws/install/mycobot_280_riscv:/home/amin/cobot/cobot_ws/install/mycobot_280_rdkx5:/home/amin/cobot/cobot_ws/install/mycobot_280_moveit2_control:/home/amin/cobot/cobot_ws/install/mycobot_280_arduino:/home/amin/cobot/cobot_ws/install/mycobot_280:/home/amin/cobot/cobot_ws/install/mybuddy:/home/amin/cobot/cobot_ws/install/myarm_300:/home/amin/cobot/cobot_ws/install/mecharm_pi:/home/amin/cobot/cobot_ws/install/mecharm:/home/amin/cobot/cobot_ws/install/mycobot_description:/opt/ros/jazzy DEBUGINFOD_URLS=https://debuginfod.ubuntu.com PYTHONPATH=/home/amin/cobot/cobot_ws/install/mycobot_description/lib/python3.12/site-packages:/home/amin/cobot/cobot_ws/install/ultraarm/lib/python3.12/site-packages:/home/amin/cobot/cobot_ws/install/pro450_moveit2_control/lib/python3.12/site-packages:/home/amin/cobot/cobot_ws/install/mypalletizer_communication/lib/python3.12/site-packages:/home/amin/cobot/cobot_ws/install/mypalletizer_interfaces/lib/python3.12/site-packages:/home/amin/cobot/cobot_ws/install/mypalletizer_260_pi/lib/python3.12/site-packages:/home/amin/cobot/cobot_ws/install/mypalletizer_260/lib/python3.12/site-packages:/home/amin/cobot/cobot_ws/install/mycobot_pro_450/lib/python3.12/site-packages:/home/amin/cobot/cobot_ws/install/mycobot_pro450_interfaces/lib/python3.12/site-packages:/home/amin/cobot/cobot_ws/install/myarm_m750/lib/python3.12/site-packages:/home/amin/cobot/cobot_ws/install/myarm_c650/lib/python3.12/site-packages:/home/amin/cobot/cobot_ws/install/mycobot_communication/lib/python3.12/site-packages:/home/amin/cobot/cobot_ws/install/mecharm_communication/lib/python3.12/site-packages:/home/amin/cobot/cobot_ws/install/mycobot_interfaces/lib/python3.12/site-packages:/home/amin/cobot/cobot_ws/install/mycobot_630/lib/python3.12/site-packages:/home/amin/cobot/cobot_ws/install/mycobot_600/lib/python3.12/site-packages:/home/amin/cobot/cobot_ws/install/mycobot_320pi/lib/python3.12/site-packages:/home/amin/cobot/cobot_ws/install/mycobot_320_riscv/lib/python3.12/site-packages:/home/amin/cobot/cobot_ws/install/mycobot_320/lib/python3.12/site-packages:/home/amin/cobot/cobot_ws/install/mycobot_280pi/lib/python3.12/site-packages:/home/amin/cobot/cobot_ws/install/mycobot_280jn/lib/python3.12/site-packages:/home/amin/cobot/cobot_ws/install/mycobot_280_x3pi/lib/python3.12/site-packages:/home/amin/cobot/cobot_ws/install/mycobot_280_riscv/lib/python3.12/site-packages:/home/amin/cobot/cobot_ws/install/mycobot_280_rdkx5/lib/python3.12/site-packages:/home/amin/cobot/cobot_ws/install/mycobot_280_moveit2_control/lib/python3.12/site-packages:/home/amin/cobot/cobot_ws/install/mycobot_280_arduino/lib/python3.12/site-packages:/home/amin/cobot/cobot_ws/install/mycobot_280/lib/python3.12/site-packages:/home/amin/cobot/cobot_ws/install/mybuddy/lib/python3.12/site-packages:/home/amin/cobot/cobot_ws/install/myarm_300/lib/python3.12/site-packages:/home/amin/cobot/cobot_ws/install/mecharm_pi/lib/python3.12/site-packages:/home/amin/cobot/cobot_ws/install/mecharm/lib/python3.12/site-packages:/home/amin/cobot/cobot_ws/install/mecharm_interfaces/lib/python3.12/site-packages:/opt/ros/jazzy/lib/python3.12/site-packages /usr/bin/cmake --build /home/amin/cobot/cobot_ws/build/mycobot_280_gazebo -- -j8 -l8
[4.103s] DEBUG:colcon.colcon_core.event_handler.log_command:Invoking command in '/home/amin/cobot/cobot_ws/build/mycobot_280_gazebo_jazzy': AMENT_PREFIX_PATH=/home/amin/cobot/cobot_ws/install/mycobot_description:/home/amin/cobot/cobot_ws/install/ultraarm:/home/amin/cobot/cobot_ws/install/pro450_moveit2_control:/home/amin/cobot/cobot_ws/install/pro450_moveit2:/home/amin/cobot/cobot_ws/install/mypalletizer_communication:/home/amin/cobot/cobot_ws/install/mypalletizer_interfaces:/home/amin/cobot/cobot_ws/install/mypalletizer_260_pi:/home/amin/cobot/cobot_ws/install/mypalletizer_260:/home/amin/cobot/cobot_ws/install/mycobot_pro_450:/home/amin/cobot/cobot_ws/install/mycobot_pro450_interfaces:/home/amin/cobot/cobot_ws/install/myarm_m750:/home/amin/cobot/cobot_ws/install/myarm_c650:/home/amin/cobot/cobot_ws/install/mycobot_communication:/home/amin/cobot/cobot_ws/install/mecharm_communication:/home/amin/cobot/cobot_ws/install/mycobot_interfaces:/home/amin/cobot/cobot_ws/install/mycobot_630:/home/amin/cobot/cobot_ws/install/mycobot_600:/home/amin/cobot/cobot_ws/install/mycobot_320pi:/home/amin/cobot/cobot_ws/install/mycobot_320_riscv:/home/amin/cobot/cobot_ws/install/mycobot_320:/home/amin/cobot/cobot_ws/install/mycobot_280rdkx5_moveit2:/home/amin/cobot/cobot_ws/install/mycobot_280pi:/home/amin/cobot/cobot_ws/install/mycobot_280jn:/home/amin/cobot/cobot_ws/install/mycobot_280arduino_moveit2:/home/amin/cobot/cobot_ws/install/mycobot_280_x3pi:/home/amin/cobot/cobot_ws/install/mycobot_280_riscv:/home/amin/cobot/cobot_ws/install/mycobot_280_rdkx5:/home/amin/cobot/cobot_ws/install/mycobot_280_moveit2_control:/home/amin/cobot/cobot_ws/install/mycobot_280_moveit2:/home/amin/cobot/cobot_ws/install/mycobot_280_gazebo_jazzy:/home/amin/cobot/cobot_ws/install/mycobot_280_gazebo:/home/amin/cobot/cobot_ws/install/mycobot_280_arduino:/home/amin/cobot/cobot_ws/install/mycobot_280:/home/amin/cobot/cobot_ws/install/mybuddy:/home/amin/cobot/cobot_ws/install/myarm_300:/home/amin/cobot/cobot_ws/install/mecharm_pi:/home/amin/cobot/cobot_ws/install/mecharm:/home/amin/cobot/cobot_ws/install/mecharm_interfaces:/opt/ros/jazzy CMAKE_PREFIX_PATH=${CMAKE_PREFIX_PATH}:/home/amin/cobot/cobot_ws/install/ultraarm:/home/amin/cobot/cobot_ws/install/pro450_moveit2_control:/home/amin/cobot/cobot_ws/install/mypalletizer_communication:/home/amin/cobot/cobot_ws/install/mypalletizer_260_pi:/home/amin/cobot/cobot_ws/install/mypalletizer_260:/home/amin/cobot/cobot_ws/install/mycobot_pro_450:/home/amin/cobot/cobot_ws/install/myarm_m750:/home/amin/cobot/cobot_ws/install/myarm_c650:/home/amin/cobot/cobot_ws/install/mycobot_communication:/home/amin/cobot/cobot_ws/install/mecharm_communication:/home/amin/cobot/cobot_ws/install/mycobot_630:/home/amin/cobot/cobot_ws/install/mycobot_600:/home/amin/cobot/cobot_ws/install/mycobot_320pi:/home/amin/cobot/cobot_ws/install/mycobot_320_riscv:/home/amin/cobot/cobot_ws/install/mycobot_320:/home/amin/cobot/cobot_ws/install/mycobot_280pi:/home/amin/cobot/cobot_ws/install/mycobot_280jn:/home/amin/cobot/cobot_ws/install/mycobot_280_x3pi:/home/amin/cobot/cobot_ws/install/mycobot_280_riscv:/home/amin/cobot/cobot_ws/install/mycobot_280_rdkx5:/home/amin/cobot/cobot_ws/install/mycobot_280_moveit2_control:/home/amin/cobot/cobot_ws/install/mycobot_280_arduino:/home/amin/cobot/cobot_ws/install/mycobot_280:/home/amin/cobot/cobot_ws/install/mybuddy:/home/amin/cobot/cobot_ws/install/myarm_300:/home/amin/cobot/cobot_ws/install/mecharm_pi:/home/amin/cobot/cobot_ws/install/mecharm:/home/amin/cobot/cobot_ws/install/mycobot_description:/opt/ros/jazzy DEBUGINFOD_URLS=https://debuginfod.ubuntu.com PYTHONPATH=/home/amin/cobot/cobot_ws/install/mycobot_description/lib/python3.12/site-packages:/home/amin/cobot/cobot_ws/install/ultraarm/lib/python3.12/site-packages:/home/amin/cobot/cobot_ws/install/pro450_moveit2_control/lib/python3.12/site-packages:/home/amin/cobot/cobot_ws/install/mypalletizer_communication/lib/python3.12/site-packages:/home/amin/cobot/cobot_ws/install/mypalletizer_interfaces/lib/python3.12/site-packages:/home/amin/cobot/cobot_ws/install/mypalletizer_260_pi/lib/python3.12/site-packages:/home/amin/cobot/cobot_ws/install/mypalletizer_260/lib/python3.12/site-packages:/home/amin/cobot/cobot_ws/install/mycobot_pro_450/lib/python3.12/site-packages:/home/amin/cobot/cobot_ws/install/mycobot_pro450_interfaces/lib/python3.12/site-packages:/home/amin/cobot/cobot_ws/install/myarm_m750/lib/python3.12/site-packages:/home/amin/cobot/cobot_ws/install/myarm_c650/lib/python3.12/site-packages:/home/amin/cobot/cobot_ws/install/mycobot_communication/lib/python3.12/site-packages:/home/amin/cobot/cobot_ws/install/mecharm_communication/lib/python3.12/site-packages:/home/amin/cobot/cobot_ws/install/mycobot_interfaces/lib/python3.12/site-packages:/home/amin/cobot/cobot_ws/install/mycobot_630/lib/python3.12/site-packages:/home/amin/cobot/cobot_ws/install/mycobot_600/lib/python3.12/site-packages:/home/amin/cobot/cobot_ws/install/mycobot_320pi/lib/python3.12/site-packages:/home/amin/cobot/cobot_ws/install/mycobot_320_riscv/lib/python3.12/site-packages:/home/amin/cobot/cobot_ws/install/mycobot_320/lib/python3.12/site-packages:/home/amin/cobot/cobot_ws/install/mycobot_280pi/lib/python3.12/site-packages:/home/amin/cobot/cobot_ws/install/mycobot_280jn/lib/python3.12/site-packages:/home/amin/cobot/cobot_ws/install/mycobot_280_x3pi/lib/python3.12/site-packages:/home/amin/cobot/cobot_ws/install/mycobot_280_riscv/lib/python3.12/site-packages:/home/amin/cobot/cobot_ws/install/mycobot_280_rdkx5/lib/python3.12/site-packages:/home/amin/cobot/cobot_ws/install/mycobot_280_moveit2_control/lib/python3.12/site-packages:/home/amin/cobot/cobot_ws/install/mycobot_280_arduino/lib/python3.12/site-packages:/home/amin/cobot/cobot_ws/install/mycobot_280/lib/python3.12/site-packages:/home/amin/cobot/cobot_ws/install/mybuddy/lib/python3.12/site-packages:/home/amin/cobot/cobot_ws/install/myarm_300/lib/python3.12/site-packages:/home/amin/cobot/cobot_ws/install/mecharm_pi/lib/python3.12/site-packages:/home/amin/cobot/cobot_ws/install/mecharm/lib/python3.12/site-packages:/home/amin/cobot/cobot_ws/install/mecharm_interfaces/lib/python3.12/site-packages:/opt/ros/jazzy/lib/python3.12/site-packages /usr/bin/cmake --build /home/amin/cobot/cobot_ws/build/mycobot_280_gazebo_jazzy -- -j8 -l8
[4.157s] DEBUG:colcon.colcon_core.event_handler.log_command:Invoked command in '/home/amin/cobot/cobot_ws/build/mycobot_280_gazebo_jazzy' returned '0': AMENT_PREFIX_PATH=/home/amin/cobot/cobot_ws/install/mycobot_description:/home/amin/cobot/cobot_ws/install/ultraarm:/home/amin/cobot/cobot_ws/install/pro450_moveit2_control:/home/amin/cobot/cobot_ws/install/pro450_moveit2:/home/amin/cobot/cobot_ws/install/mypalletizer_communication:/home/amin/cobot/cobot_ws/install/mypalletizer_interfaces:/home/amin/cobot/cobot_ws/install/mypalletizer_260_pi:/home/amin/cobot/cobot_ws/install/mypalletizer_260:/home/amin/cobot/cobot_ws/install/mycobot_pro_450:/home/amin/cobot/cobot_ws/install/mycobot_pro450_interfaces:/home/amin/cobot/cobot_ws/install/myarm_m750:/home/amin/cobot/cobot_ws/install/myarm_c650:/home/amin/cobot/cobot_ws/install/mycobot_communication:/home/amin/cobot/cobot_ws/install/mecharm_communication:/home/amin/cobot/cobot_ws/install/mycobot_interfaces:/home/amin/cobot/cobot_ws/install/mycobot_630:/home/amin/cobot/cobot_ws/install/mycobot_600:/home/amin/cobot/cobot_ws/install/mycobot_320pi:/home/amin/cobot/cobot_ws/install/mycobot_320_riscv:/home/amin/cobot/cobot_ws/install/mycobot_320:/home/amin/cobot/cobot_ws/install/mycobot_280rdkx5_moveit2:/home/amin/cobot/cobot_ws/install/mycobot_280pi:/home/amin/cobot/cobot_ws/install/mycobot_280jn:/home/amin/cobot/cobot_ws/install/mycobot_280arduino_moveit2:/home/amin/cobot/cobot_ws/install/mycobot_280_x3pi:/home/amin/cobot/cobot_ws/install/mycobot_280_riscv:/home/amin/cobot/cobot_ws/install/mycobot_280_rdkx5:/home/amin/cobot/cobot_ws/install/mycobot_280_moveit2_control:/home/amin/cobot/cobot_ws/install/mycobot_280_moveit2:/home/amin/cobot/cobot_ws/install/mycobot_280_gazebo_jazzy:/home/amin/cobot/cobot_ws/install/mycobot_280_gazebo:/home/amin/cobot/cobot_ws/install/mycobot_280_arduino:/home/amin/cobot/cobot_ws/install/mycobot_280:/home/amin/cobot/cobot_ws/install/mybuddy:/home/amin/cobot/cobot_ws/install/myarm_300:/home/amin/cobot/cobot_ws/install/mecharm_pi:/home/amin/cobot/cobot_ws/install/mecharm:/home/amin/cobot/cobot_ws/install/mecharm_interfaces:/opt/ros/jazzy CMAKE_PREFIX_PATH=${CMAKE_PREFIX_PATH}:/home/amin/cobot/cobot_ws/install/ultraarm:/home/amin/cobot/cobot_ws/install/pro450_moveit2_control:/home/amin/cobot/cobot_ws/install/mypalletizer_communication:/home/amin/cobot/cobot_ws/install/mypalletizer_260_pi:/home/amin/cobot/cobot_ws/install/mypalletizer_260:/home/amin/cobot/cobot_ws/install/mycobot_pro_450:/home/amin/cobot/cobot_ws/install/myarm_m750:/home/amin/cobot/cobot_ws/install/myarm_c650:/home/amin/cobot/cobot_ws/install/mycobot_communication:/home/amin/cobot/cobot_ws/install/mecharm_communication:/home/amin/cobot/cobot_ws/install/mycobot_630:/home/amin/cobot/cobot_ws/install/mycobot_600:/home/amin/cobot/cobot_ws/install/mycobot_320pi:/home/amin/cobot/cobot_ws/install/mycobot_320_riscv:/home/amin/cobot/cobot_ws/install/mycobot_320:/home/amin/cobot/cobot_ws/install/mycobot_280pi:/home/amin/cobot/cobot_ws/install/mycobot_280jn:/home/amin/cobot/cobot_ws/install/mycobot_280_x3pi:/home/amin/cobot/cobot_ws/install/mycobot_280_riscv:/home/amin/cobot/cobot_ws/install/mycobot_280_rdkx5:/home/amin/cobot/cobot_ws/install/mycobot_280_moveit2_control:/home/amin/cobot/cobot_ws/install/mycobot_280_arduino:/home/amin/cobot/cobot_ws/install/mycobot_280:/home/amin/cobot/cobot_ws/install/mybuddy:/home/amin/cobot/cobot_ws/install/myarm_300:/home/amin/cobot/cobot_ws/install/mecharm_pi:/home/amin/cobot/cobot_ws/install/mecharm:/home/amin/cobot/cobot_ws/install/mycobot_description:/opt/ros/jazzy DEBUGINFOD_URLS=https://debuginfod.ubuntu.com PYTHONPATH=/home/amin/cobot/cobot_ws/install/mycobot_description/lib/python3.12/site-packages:/home/amin/cobot/cobot_ws/install/ultraarm/lib/python3.12/site-packages:/home/amin/cobot/cobot_ws/install/pro450_moveit2_control/lib/python3.12/site-packages:/home/amin/cobot/cobot_ws/install/mypalletizer_communication/lib/python3.12/site-packages:/home/amin/cobot/cobot_ws/install/mypalletizer_interfaces/lib/python3.12/site-packages:/home/amin/cobot/cobot_ws/install/mypalletizer_260_pi/lib/python3.12/site-packages:/home/amin/cobot/cobot_ws/install/mypalletizer_260/lib/python3.12/site-packages:/home/amin/cobot/cobot_ws/install/mycobot_pro_450/lib/python3.12/site-packages:/home/amin/cobot/cobot_ws/install/mycobot_pro450_interfaces/lib/python3.12/site-packages:/home/amin/cobot/cobot_ws/install/myarm_m750/lib/python3.12/site-packages:/home/amin/cobot/cobot_ws/install/myarm_c650/lib/python3.12/site-packages:/home/amin/cobot/cobot_ws/install/mycobot_communication/lib/python3.12/site-packages:/home/amin/cobot/cobot_ws/install/mecharm_communication/lib/python3.12/site-packages:/home/amin/cobot/cobot_ws/install/mycobot_interfaces/lib/python3.12/site-packages:/home/amin/cobot/cobot_ws/install/mycobot_630/lib/python3.12/site-packages:/home/amin/cobot/cobot_ws/install/mycobot_600/lib/python3.12/site-packages:/home/amin/cobot/cobot_ws/install/mycobot_320pi/lib/python3.12/site-packages:/home/amin/cobot/cobot_ws/install/mycobot_320_riscv/lib/python3.12/site-packages:/home/amin/cobot/cobot_ws/install/mycobot_320/lib/python3.12/site-packages:/home/amin/cobot/cobot_ws/install/mycobot_280pi/lib/python3.12/site-packages:/home/amin/cobot/cobot_ws/install/mycobot_280jn/lib/python3.12/site-packages:/home/amin/cobot/cobot_ws/install/mycobot_280_x3pi/lib/python3.12/site-packages:/home/amin/cobot/cobot_ws/install/mycobot_280_riscv/lib/python3.12/site-packages:/home/amin/cobot/cobot_ws/install/mycobot_280_rdkx5/lib/python3.12/site-packages:/home/amin/cobot/cobot_ws/install/mycobot_280_moveit2_control/lib/python3.12/site-packages:/home/amin/cobot/cobot_ws/install/mycobot_280_arduino/lib/python3.12/site-packages:/home/amin/cobot/cobot_ws/install/mycobot_280/lib/python3.12/site-packages:/home/amin/cobot/cobot_ws/install/mybuddy/lib/python3.12/site-packages:/home/amin/cobot/cobot_ws/install/myarm_300/lib/python3.12/site-packages:/home/amin/cobot/cobot_ws/install/mecharm_pi/lib/python3.12/site-packages:/home/amin/cobot/cobot_ws/install/mecharm/lib/python3.12/site-packages:/home/amin/cobot/cobot_ws/install/mecharm_interfaces/lib/python3.12/site-packages:/opt/ros/jazzy/lib/python3.12/site-packages /usr/bin/cmake --build /home/amin/cobot/cobot_ws/build/mycobot_280_gazebo_jazzy -- -j8 -l8
[4.161s] DEBUG:colcon.colcon_core.event_handler.log_command:Invoking command in '/home/amin/cobot/cobot_ws/build/mycobot_280_gazebo_jazzy': AMENT_PREFIX_PATH=/home/amin/cobot/cobot_ws/install/mycobot_description:/home/amin/cobot/cobot_ws/install/ultraarm:/home/amin/cobot/cobot_ws/install/pro450_moveit2_control:/home/amin/cobot/cobot_ws/install/pro450_moveit2:/home/amin/cobot/cobot_ws/install/mypalletizer_communication:/home/amin/cobot/cobot_ws/install/mypalletizer_interfaces:/home/amin/cobot/cobot_ws/install/mypalletizer_260_pi:/home/amin/cobot/cobot_ws/install/mypalletizer_260:/home/amin/cobot/cobot_ws/install/mycobot_pro_450:/home/amin/cobot/cobot_ws/install/mycobot_pro450_interfaces:/home/amin/cobot/cobot_ws/install/myarm_m750:/home/amin/cobot/cobot_ws/install/myarm_c650:/home/amin/cobot/cobot_ws/install/mycobot_communication:/home/amin/cobot/cobot_ws/install/mecharm_communication:/home/amin/cobot/cobot_ws/install/mycobot_interfaces:/home/amin/cobot/cobot_ws/install/mycobot_630:/home/amin/cobot/cobot_ws/install/mycobot_600:/home/amin/cobot/cobot_ws/install/mycobot_320pi:/home/amin/cobot/cobot_ws/install/mycobot_320_riscv:/home/amin/cobot/cobot_ws/install/mycobot_320:/home/amin/cobot/cobot_ws/install/mycobot_280rdkx5_moveit2:/home/amin/cobot/cobot_ws/install/mycobot_280pi:/home/amin/cobot/cobot_ws/install/mycobot_280jn:/home/amin/cobot/cobot_ws/install/mycobot_280arduino_moveit2:/home/amin/cobot/cobot_ws/install/mycobot_280_x3pi:/home/amin/cobot/cobot_ws/install/mycobot_280_riscv:/home/amin/cobot/cobot_ws/install/mycobot_280_rdkx5:/home/amin/cobot/cobot_ws/install/mycobot_280_moveit2_control:/home/amin/cobot/cobot_ws/install/mycobot_280_moveit2:/home/amin/cobot/cobot_ws/install/mycobot_280_gazebo_jazzy:/home/amin/cobot/cobot_ws/install/mycobot_280_gazebo:/home/amin/cobot/cobot_ws/install/mycobot_280_arduino:/home/amin/cobot/cobot_ws/install/mycobot_280:/home/amin/cobot/cobot_ws/install/mybuddy:/home/amin/cobot/cobot_ws/install/myarm_300:/home/amin/cobot/cobot_ws/install/mecharm_pi:/home/amin/cobot/cobot_ws/install/mecharm:/home/amin/cobot/cobot_ws/install/mecharm_interfaces:/opt/ros/jazzy CMAKE_PREFIX_PATH=${CMAKE_PREFIX_PATH}:/home/amin/cobot/cobot_ws/install/ultraarm:/home/amin/cobot/cobot_ws/install/pro450_moveit2_control:/home/amin/cobot/cobot_ws/install/mypalletizer_communication:/home/amin/cobot/cobot_ws/install/mypalletizer_260_pi:/home/amin/cobot/cobot_ws/install/mypalletizer_260:/home/amin/cobot/cobot_ws/install/mycobot_pro_450:/home/amin/cobot/cobot_ws/install/myarm_m750:/home/amin/cobot/cobot_ws/install/myarm_c650:/home/amin/cobot/cobot_ws/install/mycobot_communication:/home/amin/cobot/cobot_ws/install/mecharm_communication:/home/amin/cobot/cobot_ws/install/mycobot_630:/home/amin/cobot/cobot_ws/install/mycobot_600:/home/amin/cobot/cobot_ws/install/mycobot_320pi:/home/amin/cobot/cobot_ws/install/mycobot_320_riscv:/home/amin/cobot/cobot_ws/install/mycobot_320:/home/amin/cobot/cobot_ws/install/mycobot_280pi:/home/amin/cobot/cobot_ws/install/mycobot_280jn:/home/amin/cobot/cobot_ws/install/mycobot_280_x3pi:/home/amin/cobot/cobot_ws/install/mycobot_280_riscv:/home/amin/cobot/cobot_ws/install/mycobot_280_rdkx5:/home/amin/cobot/cobot_ws/install/mycobot_280_moveit2_control:/home/amin/cobot/cobot_ws/install/mycobot_280_arduino:/home/amin/cobot/cobot_ws/install/mycobot_280:/home/amin/cobot/cobot_ws/install/mybuddy:/home/amin/cobot/cobot_ws/install/myarm_300:/home/amin/cobot/cobot_ws/install/mecharm_pi:/home/amin/cobot/cobot_ws/install/mecharm:/home/amin/cobot/cobot_ws/install/mycobot_description:/opt/ros/jazzy DEBUGINFOD_URLS=https://debuginfod.ubuntu.com PYTHONPATH=/home/amin/cobot/cobot_ws/install/mycobot_description/lib/python3.12/site-packages:/home/amin/cobot/cobot_ws/install/ultraarm/lib/python3.12/site-packages:/home/amin/cobot/cobot_ws/install/pro450_moveit2_control/lib/python3.12/site-packages:/home/amin/cobot/cobot_ws/install/mypalletizer_communication/lib/python3.12/site-packages:/home/amin/cobot/cobot_ws/install/mypalletizer_interfaces/lib/python3.12/site-packages:/home/amin/cobot/cobot_ws/install/mypalletizer_260_pi/lib/python3.12/site-packages:/home/amin/cobot/cobot_ws/install/mypalletizer_260/lib/python3.12/site-packages:/home/amin/cobot/cobot_ws/install/mycobot_pro_450/lib/python3.12/site-packages:/home/amin/cobot/cobot_ws/install/mycobot_pro450_interfaces/lib/python3.12/site-packages:/home/amin/cobot/cobot_ws/install/myarm_m750/lib/python3.12/site-packages:/home/amin/cobot/cobot_ws/install/myarm_c650/lib/python3.12/site-packages:/home/amin/cobot/cobot_ws/install/mycobot_communication/lib/python3.12/site-packages:/home/amin/cobot/cobot_ws/install/mecharm_communication/lib/python3.12/site-packages:/home/amin/cobot/cobot_ws/install/mycobot_interfaces/lib/python3.12/site-packages:/home/amin/cobot/cobot_ws/install/mycobot_630/lib/python3.12/site-packages:/home/amin/cobot/cobot_ws/install/mycobot_600/lib/python3.12/site-packages:/home/amin/cobot/cobot_ws/install/mycobot_320pi/lib/python3.12/site-packages:/home/amin/cobot/cobot_ws/install/mycobot_320_riscv/lib/python3.12/site-packages:/home/amin/cobot/cobot_ws/install/mycobot_320/lib/python3.12/site-packages:/home/amin/cobot/cobot_ws/install/mycobot_280pi/lib/python3.12/site-packages:/home/amin/cobot/cobot_ws/install/mycobot_280jn/lib/python3.12/site-packages:/home/amin/cobot/cobot_ws/install/mycobot_280_x3pi/lib/python3.12/site-packages:/home/amin/cobot/cobot_ws/install/mycobot_280_riscv/lib/python3.12/site-packages:/home/amin/cobot/cobot_ws/install/mycobot_280_rdkx5/lib/python3.12/site-packages:/home/amin/cobot/cobot_ws/install/mycobot_280_moveit2_control/lib/python3.12/site-packages:/home/amin/cobot/cobot_ws/install/mycobot_280_arduino/lib/python3.12/site-packages:/home/amin/cobot/cobot_ws/install/mycobot_280/lib/python3.12/site-packages:/home/amin/cobot/cobot_ws/install/mybuddy/lib/python3.12/site-packages:/home/amin/cobot/cobot_ws/install/myarm_300/lib/python3.12/site-packages:/home/amin/cobot/cobot_ws/install/mecharm_pi/lib/python3.12/site-packages:/home/amin/cobot/cobot_ws/install/mecharm/lib/python3.12/site-packages:/home/amin/cobot/cobot_ws/install/mecharm_interfaces/lib/python3.12/site-packages:/opt/ros/jazzy/lib/python3.12/site-packages /usr/bin/cmake --install /home/amin/cobot/cobot_ws/build/mycobot_280_gazebo_jazzy
[4.161s] DEBUG:colcon.colcon_core.event_handler.log_command:Invoked command in '/home/amin/cobot/cobot_ws/build/mycobot_280_gazebo' returned '0': AMENT_PREFIX_PATH=/home/amin/cobot/cobot_ws/install/mycobot_description:/home/amin/cobot/cobot_ws/install/ultraarm:/home/amin/cobot/cobot_ws/install/pro450_moveit2_control:/home/amin/cobot/cobot_ws/install/pro450_moveit2:/home/amin/cobot/cobot_ws/install/mypalletizer_communication:/home/amin/cobot/cobot_ws/install/mypalletizer_interfaces:/home/amin/cobot/cobot_ws/install/mypalletizer_260_pi:/home/amin/cobot/cobot_ws/install/mypalletizer_260:/home/amin/cobot/cobot_ws/install/mycobot_pro_450:/home/amin/cobot/cobot_ws/install/mycobot_pro450_interfaces:/home/amin/cobot/cobot_ws/install/myarm_m750:/home/amin/cobot/cobot_ws/install/myarm_c650:/home/amin/cobot/cobot_ws/install/mycobot_communication:/home/amin/cobot/cobot_ws/install/mecharm_communication:/home/amin/cobot/cobot_ws/install/mycobot_interfaces:/home/amin/cobot/cobot_ws/install/mycobot_630:/home/amin/cobot/cobot_ws/install/mycobot_600:/home/amin/cobot/cobot_ws/install/mycobot_320pi:/home/amin/cobot/cobot_ws/install/mycobot_320_riscv:/home/amin/cobot/cobot_ws/install/mycobot_320:/home/amin/cobot/cobot_ws/install/mycobot_280rdkx5_moveit2:/home/amin/cobot/cobot_ws/install/mycobot_280pi:/home/amin/cobot/cobot_ws/install/mycobot_280jn:/home/amin/cobot/cobot_ws/install/mycobot_280arduino_moveit2:/home/amin/cobot/cobot_ws/install/mycobot_280_x3pi:/home/amin/cobot/cobot_ws/install/mycobot_280_riscv:/home/amin/cobot/cobot_ws/install/mycobot_280_rdkx5:/home/amin/cobot/cobot_ws/install/mycobot_280_moveit2_control:/home/amin/cobot/cobot_ws/install/mycobot_280_moveit2:/home/amin/cobot/cobot_ws/install/mycobot_280_gazebo_jazzy:/home/amin/cobot/cobot_ws/install/mycobot_280_gazebo:/home/amin/cobot/cobot_ws/install/mycobot_280_arduino:/home/amin/cobot/cobot_ws/install/mycobot_280:/home/amin/cobot/cobot_ws/install/mybuddy:/home/amin/cobot/cobot_ws/install/myarm_300:/home/amin/cobot/cobot_ws/install/mecharm_pi:/home/amin/cobot/cobot_ws/install/mecharm:/home/amin/cobot/cobot_ws/install/mecharm_interfaces:/opt/ros/jazzy CMAKE_PREFIX_PATH=${CMAKE_PREFIX_PATH}:/home/amin/cobot/cobot_ws/install/ultraarm:/home/amin/cobot/cobot_ws/install/pro450_moveit2_control:/home/amin/cobot/cobot_ws/install/mypalletizer_communication:/home/amin/cobot/cobot_ws/install/mypalletizer_260_pi:/home/amin/cobot/cobot_ws/install/mypalletizer_260:/home/amin/cobot/cobot_ws/install/mycobot_pro_450:/home/amin/cobot/cobot_ws/install/myarm_m750:/home/amin/cobot/cobot_ws/install/myarm_c650:/home/amin/cobot/cobot_ws/install/mycobot_communication:/home/amin/cobot/cobot_ws/install/mecharm_communication:/home/amin/cobot/cobot_ws/install/mycobot_630:/home/amin/cobot/cobot_ws/install/mycobot_600:/home/amin/cobot/cobot_ws/install/mycobot_320pi:/home/amin/cobot/cobot_ws/install/mycobot_320_riscv:/home/amin/cobot/cobot_ws/install/mycobot_320:/home/amin/cobot/cobot_ws/install/mycobot_280pi:/home/amin/cobot/cobot_ws/install/mycobot_280jn:/home/amin/cobot/cobot_ws/install/mycobot_280_x3pi:/home/amin/cobot/cobot_ws/install/mycobot_280_riscv:/home/amin/cobot/cobot_ws/install/mycobot_280_rdkx5:/home/amin/cobot/cobot_ws/install/mycobot_280_moveit2_control:/home/amin/cobot/cobot_ws/install/mycobot_280_arduino:/home/amin/cobot/cobot_ws/install/mycobot_280:/home/amin/cobot/cobot_ws/install/mybuddy:/home/amin/cobot/cobot_ws/install/myarm_300:/home/amin/cobot/cobot_ws/install/mecharm_pi:/home/amin/cobot/cobot_ws/install/mecharm:/home/amin/cobot/cobot_ws/install/mycobot_description:/opt/ros/jazzy DEBUGINFOD_URLS=https://debuginfod.ubuntu.com PYTHONPATH=/home/amin/cobot/cobot_ws/install/mycobot_description/lib/python3.12/site-packages:/home/amin/cobot/cobot_ws/install/ultraarm/lib/python3.12/site-packages:/home/amin/cobot/cobot_ws/install/pro450_moveit2_control/lib/python3.12/site-packages:/home/amin/cobot/cobot_ws/install/mypalletizer_communication/lib/python3.12/site-packages:/home/amin/cobot/cobot_ws/install/mypalletizer_interfaces/lib/python3.12/site-packages:/home/amin/cobot/cobot_ws/install/mypalletizer_260_pi/lib/python3.12/site-packages:/home/amin/cobot/cobot_ws/install/mypalletizer_260/lib/python3.12/site-packages:/home/amin/cobot/cobot_ws/install/mycobot_pro_450/lib/python3.12/site-packages:/home/amin/cobot/cobot_ws/install/mycobot_pro450_interfaces/lib/python3.12/site-packages:/home/amin/cobot/cobot_ws/install/myarm_m750/lib/python3.12/site-packages:/home/amin/cobot/cobot_ws/install/myarm_c650/lib/python3.12/site-packages:/home/amin/cobot/cobot_ws/install/mycobot_communication/lib/python3.12/site-packages:/home/amin/cobot/cobot_ws/install/mecharm_communication/lib/python3.12/site-packages:/home/amin/cobot/cobot_ws/install/mycobot_interfaces/lib/python3.12/site-packages:/home/amin/cobot/cobot_ws/install/mycobot_630/lib/python3.12/site-packages:/home/amin/cobot/cobot_ws/install/mycobot_600/lib/python3.12/site-packages:/home/amin/cobot/cobot_ws/install/mycobot_320pi/lib/python3.12/site-packages:/home/amin/cobot/cobot_ws/install/mycobot_320_riscv/lib/python3.12/site-packages:/home/amin/cobot/cobot_ws/install/mycobot_320/lib/python3.12/site-packages:/home/amin/cobot/cobot_ws/install/mycobot_280pi/lib/python3.12/site-packages:/home/amin/cobot/cobot_ws/install/mycobot_280jn/lib/python3.12/site-packages:/home/amin/cobot/cobot_ws/install/mycobot_280_x3pi/lib/python3.12/site-packages:/home/amin/cobot/cobot_ws/install/mycobot_280_riscv/lib/python3.12/site-packages:/home/amin/cobot/cobot_ws/install/mycobot_280_rdkx5/lib/python3.12/site-packages:/home/amin/cobot/cobot_ws/install/mycobot_280_moveit2_control/lib/python3.12/site-packages:/home/amin/cobot/cobot_ws/install/mycobot_280_arduino/lib/python3.12/site-packages:/home/amin/cobot/cobot_ws/install/mycobot_280/lib/python3.12/site-packages:/home/amin/cobot/cobot_ws/install/mybuddy/lib/python3.12/site-packages:/home/amin/cobot/cobot_ws/install/myarm_300/lib/python3.12/site-packages:/home/amin/cobot/cobot_ws/install/mecharm_pi/lib/python3.12/site-packages:/home/amin/cobot/cobot_ws/install/mecharm/lib/python3.12/site-packages:/home/amin/cobot/cobot_ws/install/mecharm_interfaces/lib/python3.12/site-packages:/opt/ros/jazzy/lib/python3.12/site-packages /usr/bin/cmake --build /home/amin/cobot/cobot_ws/build/mycobot_280_gazebo -- -j8 -l8
[4.161s] DEBUG:colcon.colcon_core.event_handler.log_command:Invoking command in '/home/amin/cobot/cobot_ws/build/mycobot_280_gazebo': AMENT_PREFIX_PATH=/home/amin/cobot/cobot_ws/install/mycobot_description:/home/amin/cobot/cobot_ws/install/ultraarm:/home/amin/cobot/cobot_ws/install/pro450_moveit2_control:/home/amin/cobot/cobot_ws/install/pro450_moveit2:/home/amin/cobot/cobot_ws/install/mypalletizer_communication:/home/amin/cobot/cobot_ws/install/mypalletizer_interfaces:/home/amin/cobot/cobot_ws/install/mypalletizer_260_pi:/home/amin/cobot/cobot_ws/install/mypalletizer_260:/home/amin/cobot/cobot_ws/install/mycobot_pro_450:/home/amin/cobot/cobot_ws/install/mycobot_pro450_interfaces:/home/amin/cobot/cobot_ws/install/myarm_m750:/home/amin/cobot/cobot_ws/install/myarm_c650:/home/amin/cobot/cobot_ws/install/mycobot_communication:/home/amin/cobot/cobot_ws/install/mecharm_communication:/home/amin/cobot/cobot_ws/install/mycobot_interfaces:/home/amin/cobot/cobot_ws/install/mycobot_630:/home/amin/cobot/cobot_ws/install/mycobot_600:/home/amin/cobot/cobot_ws/install/mycobot_320pi:/home/amin/cobot/cobot_ws/install/mycobot_320_riscv:/home/amin/cobot/cobot_ws/install/mycobot_320:/home/amin/cobot/cobot_ws/install/mycobot_280rdkx5_moveit2:/home/amin/cobot/cobot_ws/install/mycobot_280pi:/home/amin/cobot/cobot_ws/install/mycobot_280jn:/home/amin/cobot/cobot_ws/install/mycobot_280arduino_moveit2:/home/amin/cobot/cobot_ws/install/mycobot_280_x3pi:/home/amin/cobot/cobot_ws/install/mycobot_280_riscv:/home/amin/cobot/cobot_ws/install/mycobot_280_rdkx5:/home/amin/cobot/cobot_ws/install/mycobot_280_moveit2_control:/home/amin/cobot/cobot_ws/install/mycobot_280_moveit2:/home/amin/cobot/cobot_ws/install/mycobot_280_gazebo_jazzy:/home/amin/cobot/cobot_ws/install/mycobot_280_gazebo:/home/amin/cobot/cobot_ws/install/mycobot_280_arduino:/home/amin/cobot/cobot_ws/install/mycobot_280:/home/amin/cobot/cobot_ws/install/mybuddy:/home/amin/cobot/cobot_ws/install/myarm_300:/home/amin/cobot/cobot_ws/install/mecharm_pi:/home/amin/cobot/cobot_ws/install/mecharm:/home/amin/cobot/cobot_ws/install/mecharm_interfaces:/opt/ros/jazzy CMAKE_PREFIX_PATH=${CMAKE_PREFIX_PATH}:/home/amin/cobot/cobot_ws/install/ultraarm:/home/amin/cobot/cobot_ws/install/pro450_moveit2_control:/home/amin/cobot/cobot_ws/install/mypalletizer_communication:/home/amin/cobot/cobot_ws/install/mypalletizer_260_pi:/home/amin/cobot/cobot_ws/install/mypalletizer_260:/home/amin/cobot/cobot_ws/install/mycobot_pro_450:/home/amin/cobot/cobot_ws/install/myarm_m750:/home/amin/cobot/cobot_ws/install/myarm_c650:/home/amin/cobot/cobot_ws/install/mycobot_communication:/home/amin/cobot/cobot_ws/install/mecharm_communication:/home/amin/cobot/cobot_ws/install/mycobot_630:/home/amin/cobot/cobot_ws/install/mycobot_600:/home/amin/cobot/cobot_ws/install/mycobot_320pi:/home/amin/cobot/cobot_ws/install/mycobot_320_riscv:/home/amin/cobot/cobot_ws/install/mycobot_320:/home/amin/cobot/cobot_ws/install/mycobot_280pi:/home/amin/cobot/cobot_ws/install/mycobot_280jn:/home/amin/cobot/cobot_ws/install/mycobot_280_x3pi:/home/amin/cobot/cobot_ws/install/mycobot_280_riscv:/home/amin/cobot/cobot_ws/install/mycobot_280_rdkx5:/home/amin/cobot/cobot_ws/install/mycobot_280_moveit2_control:/home/amin/cobot/cobot_ws/install/mycobot_280_arduino:/home/amin/cobot/cobot_ws/install/mycobot_280:/home/amin/cobot/cobot_ws/install/mybuddy:/home/amin/cobot/cobot_ws/install/myarm_300:/home/amin/cobot/cobot_ws/install/mecharm_pi:/home/amin/cobot/cobot_ws/install/mecharm:/home/amin/cobot/cobot_ws/install/mycobot_description:/opt/ros/jazzy DEBUGINFOD_URLS=https://debuginfod.ubuntu.com PYTHONPATH=/home/amin/cobot/cobot_ws/install/mycobot_description/lib/python3.12/site-packages:/home/amin/cobot/cobot_ws/install/ultraarm/lib/python3.12/site-packages:/home/amin/cobot/cobot_ws/install/pro450_moveit2_control/lib/python3.12/site-packages:/home/amin/cobot/cobot_ws/install/mypalletizer_communication/lib/python3.12/site-packages:/home/amin/cobot/cobot_ws/install/mypalletizer_interfaces/lib/python3.12/site-packages:/home/amin/cobot/cobot_ws/install/mypalletizer_260_pi/lib/python3.12/site-packages:/home/amin/cobot/cobot_ws/install/mypalletizer_260/lib/python3.12/site-packages:/home/amin/cobot/cobot_ws/install/mycobot_pro_450/lib/python3.12/site-packages:/home/amin/cobot/cobot_ws/install/mycobot_pro450_interfaces/lib/python3.12/site-packages:/home/amin/cobot/cobot_ws/install/myarm_m750/lib/python3.12/site-packages:/home/amin/cobot/cobot_ws/install/myarm_c650/lib/python3.12/site-packages:/home/amin/cobot/cobot_ws/install/mycobot_communication/lib/python3.12/site-packages:/home/amin/cobot/cobot_ws/install/mecharm_communication/lib/python3.12/site-packages:/home/amin/cobot/cobot_ws/install/mycobot_interfaces/lib/python3.12/site-packages:/home/amin/cobot/cobot_ws/install/mycobot_630/lib/python3.12/site-packages:/home/amin/cobot/cobot_ws/install/mycobot_600/lib/python3.12/site-packages:/home/amin/cobot/cobot_ws/install/mycobot_320pi/lib/python3.12/site-packages:/home/amin/cobot/cobot_ws/install/mycobot_320_riscv/lib/python3.12/site-packages:/home/amin/cobot/cobot_ws/install/mycobot_320/lib/python3.12/site-packages:/home/amin/cobot/cobot_ws/install/mycobot_280pi/lib/python3.12/site-packages:/home/amin/cobot/cobot_ws/install/mycobot_280jn/lib/python3.12/site-packages:/home/amin/cobot/cobot_ws/install/mycobot_280_x3pi/lib/python3.12/site-packages:/home/amin/cobot/cobot_ws/install/mycobot_280_riscv/lib/python3.12/site-packages:/home/amin/cobot/cobot_ws/install/mycobot_280_rdkx5/lib/python3.12/site-packages:/home/amin/cobot/cobot_ws/install/mycobot_280_moveit2_control/lib/python3.12/site-packages:/home/amin/cobot/cobot_ws/install/mycobot_280_arduino/lib/python3.12/site-packages:/home/amin/cobot/cobot_ws/install/mycobot_280/lib/python3.12/site-packages:/home/amin/cobot/cobot_ws/install/mybuddy/lib/python3.12/site-packages:/home/amin/cobot/cobot_ws/install/myarm_300/lib/python3.12/site-packages:/home/amin/cobot/cobot_ws/install/mecharm_pi/lib/python3.12/site-packages:/home/amin/cobot/cobot_ws/install/mecharm/lib/python3.12/site-packages:/home/amin/cobot/cobot_ws/install/mecharm_interfaces/lib/python3.12/site-packages:/opt/ros/jazzy/lib/python3.12/site-packages /usr/bin/cmake --install /home/amin/cobot/cobot_ws/build/mycobot_280_gazebo
[4.187s] Level 1:colcon.colcon_core.environment:create_environment_scripts_only(mycobot_280_gazebo_jazzy)
[4.187s] Level 1:colcon.colcon_core.environment:checking '/home/amin/cobot/cobot_ws/install/mycobot_280_gazebo_jazzy' for CMake module files
[4.190s] Level 1:colcon.colcon_core.environment:checking '/home/amin/cobot/cobot_ws/install/mycobot_280_gazebo_jazzy' for CMake config files
[4.191s] Level 1:colcon.colcon_core.shell:create_environment_hook('mycobot_280_gazebo_jazzy', 'cmake_prefix_path')
[4.191s] INFO:colcon.colcon_core.shell:Creating environment hook '/home/amin/cobot/cobot_ws/install/mycobot_280_gazebo_jazzy/share/mycobot_280_gazebo_jazzy/hook/cmake_prefix_path.ps1'
[4.192s] INFO:colcon.colcon_core.shell:Creating environment descriptor '/home/amin/cobot/cobot_ws/install/mycobot_280_gazebo_jazzy/share/mycobot_280_gazebo_jazzy/hook/cmake_prefix_path.dsv'
[4.192s] INFO:colcon.colcon_core.shell:Creating environment hook '/home/amin/cobot/cobot_ws/install/mycobot_280_gazebo_jazzy/share/mycobot_280_gazebo_jazzy/hook/cmake_prefix_path.sh'
[4.193s] Level 1:colcon.colcon_core.environment:checking '/home/amin/cobot/cobot_ws/install/mycobot_280_gazebo_jazzy/bin'
[4.193s] Level 1:colcon.colcon_core.environment:checking '/home/amin/cobot/cobot_ws/install/mycobot_280_gazebo_jazzy/lib/pkgconfig/mycobot_280_gazebo_jazzy.pc'
[4.193s] Level 1:colcon.colcon_core.environment:checking '/home/amin/cobot/cobot_ws/install/mycobot_280_gazebo_jazzy/lib/python3.12/site-packages'
[4.193s] Level 1:colcon.colcon_core.environment:checking '/home/amin/cobot/cobot_ws/install/mycobot_280_gazebo_jazzy/bin'
[4.194s] INFO:colcon.colcon_core.shell:Creating package script '/home/amin/cobot/cobot_ws/install/mycobot_280_gazebo_jazzy/share/mycobot_280_gazebo_jazzy/package.ps1'
[4.194s] DEBUG:colcon.colcon_core.event_handler.log_command:Invoked command in '/home/amin/cobot/cobot_ws/build/mycobot_280_gazebo_jazzy' returned '0': AMENT_PREFIX_PATH=/home/amin/cobot/cobot_ws/install/mycobot_description:/home/amin/cobot/cobot_ws/install/ultraarm:/home/amin/cobot/cobot_ws/install/pro450_moveit2_control:/home/amin/cobot/cobot_ws/install/pro450_moveit2:/home/amin/cobot/cobot_ws/install/mypalletizer_communication:/home/amin/cobot/cobot_ws/install/mypalletizer_interfaces:/home/amin/cobot/cobot_ws/install/mypalletizer_260_pi:/home/amin/cobot/cobot_ws/install/mypalletizer_260:/home/amin/cobot/cobot_ws/install/mycobot_pro_450:/home/amin/cobot/cobot_ws/install/mycobot_pro450_interfaces:/home/amin/cobot/cobot_ws/install/myarm_m750:/home/amin/cobot/cobot_ws/install/myarm_c650:/home/amin/cobot/cobot_ws/install/mycobot_communication:/home/amin/cobot/cobot_ws/install/mecharm_communication:/home/amin/cobot/cobot_ws/install/mycobot_interfaces:/home/amin/cobot/cobot_ws/install/mycobot_630:/home/amin/cobot/cobot_ws/install/mycobot_600:/home/amin/cobot/cobot_ws/install/mycobot_320pi:/home/amin/cobot/cobot_ws/install/mycobot_320_riscv:/home/amin/cobot/cobot_ws/install/mycobot_320:/home/amin/cobot/cobot_ws/install/mycobot_280rdkx5_moveit2:/home/amin/cobot/cobot_ws/install/mycobot_280pi:/home/amin/cobot/cobot_ws/install/mycobot_280jn:/home/amin/cobot/cobot_ws/install/mycobot_280arduino_moveit2:/home/amin/cobot/cobot_ws/install/mycobot_280_x3pi:/home/amin/cobot/cobot_ws/install/mycobot_280_riscv:/home/amin/cobot/cobot_ws/install/mycobot_280_rdkx5:/home/amin/cobot/cobot_ws/install/mycobot_280_moveit2_control:/home/amin/cobot/cobot_ws/install/mycobot_280_moveit2:/home/amin/cobot/cobot_ws/install/mycobot_280_gazebo_jazzy:/home/amin/cobot/cobot_ws/install/mycobot_280_gazebo:/home/amin/cobot/cobot_ws/install/mycobot_280_arduino:/home/amin/cobot/cobot_ws/install/mycobot_280:/home/amin/cobot/cobot_ws/install/mybuddy:/home/amin/cobot/cobot_ws/install/myarm_300:/home/amin/cobot/cobot_ws/install/mecharm_pi:/home/amin/cobot/cobot_ws/install/mecharm:/home/amin/cobot/cobot_ws/install/mecharm_interfaces:/opt/ros/jazzy CMAKE_PREFIX_PATH=${CMAKE_PREFIX_PATH}:/home/amin/cobot/cobot_ws/install/ultraarm:/home/amin/cobot/cobot_ws/install/pro450_moveit2_control:/home/amin/cobot/cobot_ws/install/mypalletizer_communication:/home/amin/cobot/cobot_ws/install/mypalletizer_260_pi:/home/amin/cobot/cobot_ws/install/mypalletizer_260:/home/amin/cobot/cobot_ws/install/mycobot_pro_450:/home/amin/cobot/cobot_ws/install/myarm_m750:/home/amin/cobot/cobot_ws/install/myarm_c650:/home/amin/cobot/cobot_ws/install/mycobot_communication:/home/amin/cobot/cobot_ws/install/mecharm_communication:/home/amin/cobot/cobot_ws/install/mycobot_630:/home/amin/cobot/cobot_ws/install/mycobot_600:/home/amin/cobot/cobot_ws/install/mycobot_320pi:/home/amin/cobot/cobot_ws/install/mycobot_320_riscv:/home/amin/cobot/cobot_ws/install/mycobot_320:/home/amin/cobot/cobot_ws/install/mycobot_280pi:/home/amin/cobot/cobot_ws/install/mycobot_280jn:/home/amin/cobot/cobot_ws/install/mycobot_280_x3pi:/home/amin/cobot/cobot_ws/install/mycobot_280_riscv:/home/amin/cobot/cobot_ws/install/mycobot_280_rdkx5:/home/amin/cobot/cobot_ws/install/mycobot_280_moveit2_control:/home/amin/cobot/cobot_ws/install/mycobot_280_arduino:/home/amin/cobot/cobot_ws/install/mycobot_280:/home/amin/cobot/cobot_ws/install/mybuddy:/home/amin/cobot/cobot_ws/install/myarm_300:/home/amin/cobot/cobot_ws/install/mecharm_pi:/home/amin/cobot/cobot_ws/install/mecharm:/home/amin/cobot/cobot_ws/install/mycobot_description:/opt/ros/jazzy DEBUGINFOD_URLS=https://debuginfod.ubuntu.com PYTHONPATH=/home/amin/cobot/cobot_ws/install/mycobot_description/lib/python3.12/site-packages:/home/amin/cobot/cobot_ws/install/ultraarm/lib/python3.12/site-packages:/home/amin/cobot/cobot_ws/install/pro450_moveit2_control/lib/python3.12/site-packages:/home/amin/cobot/cobot_ws/install/mypalletizer_communication/lib/python3.12/site-packages:/home/amin/cobot/cobot_ws/install/mypalletizer_interfaces/lib/python3.12/site-packages:/home/amin/cobot/cobot_ws/install/mypalletizer_260_pi/lib/python3.12/site-packages:/home/amin/cobot/cobot_ws/install/mypalletizer_260/lib/python3.12/site-packages:/home/amin/cobot/cobot_ws/install/mycobot_pro_450/lib/python3.12/site-packages:/home/amin/cobot/cobot_ws/install/mycobot_pro450_interfaces/lib/python3.12/site-packages:/home/amin/cobot/cobot_ws/install/myarm_m750/lib/python3.12/site-packages:/home/amin/cobot/cobot_ws/install/myarm_c650/lib/python3.12/site-packages:/home/amin/cobot/cobot_ws/install/mycobot_communication/lib/python3.12/site-packages:/home/amin/cobot/cobot_ws/install/mecharm_communication/lib/python3.12/site-packages:/home/amin/cobot/cobot_ws/install/mycobot_interfaces/lib/python3.12/site-packages:/home/amin/cobot/cobot_ws/install/mycobot_630/lib/python3.12/site-packages:/home/amin/cobot/cobot_ws/install/mycobot_600/lib/python3.12/site-packages:/home/amin/cobot/cobot_ws/install/mycobot_320pi/lib/python3.12/site-packages:/home/amin/cobot/cobot_ws/install/mycobot_320_riscv/lib/python3.12/site-packages:/home/amin/cobot/cobot_ws/install/mycobot_320/lib/python3.12/site-packages:/home/amin/cobot/cobot_ws/install/mycobot_280pi/lib/python3.12/site-packages:/home/amin/cobot/cobot_ws/install/mycobot_280jn/lib/python3.12/site-packages:/home/amin/cobot/cobot_ws/install/mycobot_280_x3pi/lib/python3.12/site-packages:/home/amin/cobot/cobot_ws/install/mycobot_280_riscv/lib/python3.12/site-packages:/home/amin/cobot/cobot_ws/install/mycobot_280_rdkx5/lib/python3.12/site-packages:/home/amin/cobot/cobot_ws/install/mycobot_280_moveit2_control/lib/python3.12/site-packages:/home/amin/cobot/cobot_ws/install/mycobot_280_arduino/lib/python3.12/site-packages:/home/amin/cobot/cobot_ws/install/mycobot_280/lib/python3.12/site-packages:/home/amin/cobot/cobot_ws/install/mybuddy/lib/python3.12/site-packages:/home/amin/cobot/cobot_ws/install/myarm_300/lib/python3.12/site-packages:/home/amin/cobot/cobot_ws/install/mecharm_pi/lib/python3.12/site-packages:/home/amin/cobot/cobot_ws/install/mecharm/lib/python3.12/site-packages:/home/amin/cobot/cobot_ws/install/mecharm_interfaces/lib/python3.12/site-packages:/opt/ros/jazzy/lib/python3.12/site-packages /usr/bin/cmake --install /home/amin/cobot/cobot_ws/build/mycobot_280_gazebo_jazzy
[4.195s] INFO:colcon.colcon_core.shell:Creating package descriptor '/home/amin/cobot/cobot_ws/install/mycobot_280_gazebo_jazzy/share/mycobot_280_gazebo_jazzy/package.dsv'
[4.195s] INFO:colcon.colcon_core.shell:Creating package script '/home/amin/cobot/cobot_ws/install/mycobot_280_gazebo_jazzy/share/mycobot_280_gazebo_jazzy/package.sh'
[4.196s] INFO:colcon.colcon_core.shell:Creating package script '/home/amin/cobot/cobot_ws/install/mycobot_280_gazebo_jazzy/share/mycobot_280_gazebo_jazzy/package.bash'
[4.196s] INFO:colcon.colcon_core.shell:Creating package script '/home/amin/cobot/cobot_ws/install/mycobot_280_gazebo_jazzy/share/mycobot_280_gazebo_jazzy/package.zsh'
[4.196s] Level 1:colcon.colcon_core.environment:create_file_with_runtime_dependencies(/home/amin/cobot/cobot_ws/install/mycobot_280_gazebo_jazzy/share/colcon-core/packages/mycobot_280_gazebo_jazzy)
[4.197s] Level 1:colcon.colcon_core.environment:create_environment_scripts_only(mycobot_280_gazebo_jazzy)
[4.197s] Level 1:colcon.colcon_core.environment:checking '/home/amin/cobot/cobot_ws/install/mycobot_280_gazebo_jazzy' for CMake module files
[4.198s] Level 1:colcon.colcon_core.environment:checking '/home/amin/cobot/cobot_ws/install/mycobot_280_gazebo_jazzy' for CMake config files
[4.198s] Level 1:colcon.colcon_core.shell:create_environment_hook('mycobot_280_gazebo_jazzy', 'cmake_prefix_path')
[4.198s] INFO:colcon.colcon_core.shell:Creating environment hook '/home/amin/cobot/cobot_ws/install/mycobot_280_gazebo_jazzy/share/mycobot_280_gazebo_jazzy/hook/cmake_prefix_path.ps1'
[4.198s] INFO:colcon.colcon_core.shell:Creating environment descriptor '/home/amin/cobot/cobot_ws/install/mycobot_280_gazebo_jazzy/share/mycobot_280_gazebo_jazzy/hook/cmake_prefix_path.dsv'
[4.199s] INFO:colcon.colcon_core.shell:Creating environment hook '/home/amin/cobot/cobot_ws/install/mycobot_280_gazebo_jazzy/share/mycobot_280_gazebo_jazzy/hook/cmake_prefix_path.sh'
[4.199s] Level 1:colcon.colcon_core.environment:checking '/home/amin/cobot/cobot_ws/install/mycobot_280_gazebo_jazzy/bin'
[4.199s] Level 1:colcon.colcon_core.environment:checking '/home/amin/cobot/cobot_ws/install/mycobot_280_gazebo_jazzy/lib/pkgconfig/mycobot_280_gazebo_jazzy.pc'
[4.199s] Level 1:colcon.colcon_core.environment:checking '/home/amin/cobot/cobot_ws/install/mycobot_280_gazebo_jazzy/lib/python3.12/site-packages'
[4.200s] Level 1:colcon.colcon_core.environment:checking '/home/amin/cobot/cobot_ws/install/mycobot_280_gazebo_jazzy/bin'
[4.200s] INFO:colcon.colcon_core.shell:Creating package script '/home/amin/cobot/cobot_ws/install/mycobot_280_gazebo_jazzy/share/mycobot_280_gazebo_jazzy/package.ps1'
[4.201s] INFO:colcon.colcon_core.shell:Creating package descriptor '/home/amin/cobot/cobot_ws/install/mycobot_280_gazebo_jazzy/share/mycobot_280_gazebo_jazzy/package.dsv'
[4.201s] INFO:colcon.colcon_core.shell:Creating package script '/home/amin/cobot/cobot_ws/install/mycobot_280_gazebo_jazzy/share/mycobot_280_gazebo_jazzy/package.sh'
[4.201s] INFO:colcon.colcon_core.shell:Creating package script '/home/amin/cobot/cobot_ws/install/mycobot_280_gazebo_jazzy/share/mycobot_280_gazebo_jazzy/package.bash'
[4.202s] INFO:colcon.colcon_core.shell:Creating package script '/home/amin/cobot/cobot_ws/install/mycobot_280_gazebo_jazzy/share/mycobot_280_gazebo_jazzy/package.zsh'
[4.202s] Level 1:colcon.colcon_core.environment:create_file_with_runtime_dependencies(/home/amin/cobot/cobot_ws/install/mycobot_280_gazebo_jazzy/share/colcon-core/packages/mycobot_280_gazebo_jazzy)
[4.203s] INFO:colcon.colcon_ros.task.ament_cmake.build:Building ROS package in '/home/amin/cobot/cobot_ws/src/mycobot_ros2/mycobot_280/mycobot_280_moveit2' with build type 'ament_cmake'
[4.203s] INFO:colcon.colcon_cmake.task.cmake.build:Building CMake package in '/home/amin/cobot/cobot_ws/src/mycobot_ros2/mycobot_280/mycobot_280_moveit2'
[4.203s] INFO:colcon.colcon_core.shell:Skip shell extension 'powershell' for command environment: Not usable outside of PowerShell
[4.203s] DEBUG:colcon.colcon_core.shell:Skip shell extension 'dsv' for command environment
[4.211s] Level 1:colcon.colcon_core.environment:create_environment_scripts_only(mycobot_280_gazebo)
[4.211s] DEBUG:colcon.colcon_core.event_handler.log_command:Invoked command in '/home/amin/cobot/cobot_ws/build/mycobot_280_gazebo' returned '0': AMENT_PREFIX_PATH=/home/amin/cobot/cobot_ws/install/mycobot_description:/home/amin/cobot/cobot_ws/install/ultraarm:/home/amin/cobot/cobot_ws/install/pro450_moveit2_control:/home/amin/cobot/cobot_ws/install/pro450_moveit2:/home/amin/cobot/cobot_ws/install/mypalletizer_communication:/home/amin/cobot/cobot_ws/install/mypalletizer_interfaces:/home/amin/cobot/cobot_ws/install/mypalletizer_260_pi:/home/amin/cobot/cobot_ws/install/mypalletizer_260:/home/amin/cobot/cobot_ws/install/mycobot_pro_450:/home/amin/cobot/cobot_ws/install/mycobot_pro450_interfaces:/home/amin/cobot/cobot_ws/install/myarm_m750:/home/amin/cobot/cobot_ws/install/myarm_c650:/home/amin/cobot/cobot_ws/install/mycobot_communication:/home/amin/cobot/cobot_ws/install/mecharm_communication:/home/amin/cobot/cobot_ws/install/mycobot_interfaces:/home/amin/cobot/cobot_ws/install/mycobot_630:/home/amin/cobot/cobot_ws/install/mycobot_600:/home/amin/cobot/cobot_ws/install/mycobot_320pi:/home/amin/cobot/cobot_ws/install/mycobot_320_riscv:/home/amin/cobot/cobot_ws/install/mycobot_320:/home/amin/cobot/cobot_ws/install/mycobot_280rdkx5_moveit2:/home/amin/cobot/cobot_ws/install/mycobot_280pi:/home/amin/cobot/cobot_ws/install/mycobot_280jn:/home/amin/cobot/cobot_ws/install/mycobot_280arduino_moveit2:/home/amin/cobot/cobot_ws/install/mycobot_280_x3pi:/home/amin/cobot/cobot_ws/install/mycobot_280_riscv:/home/amin/cobot/cobot_ws/install/mycobot_280_rdkx5:/home/amin/cobot/cobot_ws/install/mycobot_280_moveit2_control:/home/amin/cobot/cobot_ws/install/mycobot_280_moveit2:/home/amin/cobot/cobot_ws/install/mycobot_280_gazebo_jazzy:/home/amin/cobot/cobot_ws/install/mycobot_280_gazebo:/home/amin/cobot/cobot_ws/install/mycobot_280_arduino:/home/amin/cobot/cobot_ws/install/mycobot_280:/home/amin/cobot/cobot_ws/install/mybuddy:/home/amin/cobot/cobot_ws/install/myarm_300:/home/amin/cobot/cobot_ws/install/mecharm_pi:/home/amin/cobot/cobot_ws/install/mecharm:/home/amin/cobot/cobot_ws/install/mecharm_interfaces:/opt/ros/jazzy CMAKE_PREFIX_PATH=${CMAKE_PREFIX_PATH}:/home/amin/cobot/cobot_ws/install/ultraarm:/home/amin/cobot/cobot_ws/install/pro450_moveit2_control:/home/amin/cobot/cobot_ws/install/mypalletizer_communication:/home/amin/cobot/cobot_ws/install/mypalletizer_260_pi:/home/amin/cobot/cobot_ws/install/mypalletizer_260:/home/amin/cobot/cobot_ws/install/mycobot_pro_450:/home/amin/cobot/cobot_ws/install/myarm_m750:/home/amin/cobot/cobot_ws/install/myarm_c650:/home/amin/cobot/cobot_ws/install/mycobot_communication:/home/amin/cobot/cobot_ws/install/mecharm_communication:/home/amin/cobot/cobot_ws/install/mycobot_630:/home/amin/cobot/cobot_ws/install/mycobot_600:/home/amin/cobot/cobot_ws/install/mycobot_320pi:/home/amin/cobot/cobot_ws/install/mycobot_320_riscv:/home/amin/cobot/cobot_ws/install/mycobot_320:/home/amin/cobot/cobot_ws/install/mycobot_280pi:/home/amin/cobot/cobot_ws/install/mycobot_280jn:/home/amin/cobot/cobot_ws/install/mycobot_280_x3pi:/home/amin/cobot/cobot_ws/install/mycobot_280_riscv:/home/amin/cobot/cobot_ws/install/mycobot_280_rdkx5:/home/amin/cobot/cobot_ws/install/mycobot_280_moveit2_control:/home/amin/cobot/cobot_ws/install/mycobot_280_arduino:/home/amin/cobot/cobot_ws/install/mycobot_280:/home/amin/cobot/cobot_ws/install/mybuddy:/home/amin/cobot/cobot_ws/install/myarm_300:/home/amin/cobot/cobot_ws/install/mecharm_pi:/home/amin/cobot/cobot_ws/install/mecharm:/home/amin/cobot/cobot_ws/install/mycobot_description:/opt/ros/jazzy DEBUGINFOD_URLS=https://debuginfod.ubuntu.com PYTHONPATH=/home/amin/cobot/cobot_ws/install/mycobot_description/lib/python3.12/site-packages:/home/amin/cobot/cobot_ws/install/ultraarm/lib/python3.12/site-packages:/home/amin/cobot/cobot_ws/install/pro450_moveit2_control/lib/python3.12/site-packages:/home/amin/cobot/cobot_ws/install/mypalletizer_communication/lib/python3.12/site-packages:/home/amin/cobot/cobot_ws/install/mypalletizer_interfaces/lib/python3.12/site-packages:/home/amin/cobot/cobot_ws/install/mypalletizer_260_pi/lib/python3.12/site-packages:/home/amin/cobot/cobot_ws/install/mypalletizer_260/lib/python3.12/site-packages:/home/amin/cobot/cobot_ws/install/mycobot_pro_450/lib/python3.12/site-packages:/home/amin/cobot/cobot_ws/install/mycobot_pro450_interfaces/lib/python3.12/site-packages:/home/amin/cobot/cobot_ws/install/myarm_m750/lib/python3.12/site-packages:/home/amin/cobot/cobot_ws/install/myarm_c650/lib/python3.12/site-packages:/home/amin/cobot/cobot_ws/install/mycobot_communication/lib/python3.12/site-packages:/home/amin/cobot/cobot_ws/install/mecharm_communication/lib/python3.12/site-packages:/home/amin/cobot/cobot_ws/install/mycobot_interfaces/lib/python3.12/site-packages:/home/amin/cobot/cobot_ws/install/mycobot_630/lib/python3.12/site-packages:/home/amin/cobot/cobot_ws/install/mycobot_600/lib/python3.12/site-packages:/home/amin/cobot/cobot_ws/install/mycobot_320pi/lib/python3.12/site-packages:/home/amin/cobot/cobot_ws/install/mycobot_320_riscv/lib/python3.12/site-packages:/home/amin/cobot/cobot_ws/install/mycobot_320/lib/python3.12/site-packages:/home/amin/cobot/cobot_ws/install/mycobot_280pi/lib/python3.12/site-packages:/home/amin/cobot/cobot_ws/install/mycobot_280jn/lib/python3.12/site-packages:/home/amin/cobot/cobot_ws/install/mycobot_280_x3pi/lib/python3.12/site-packages:/home/amin/cobot/cobot_ws/install/mycobot_280_riscv/lib/python3.12/site-packages:/home/amin/cobot/cobot_ws/install/mycobot_280_rdkx5/lib/python3.12/site-packages:/home/amin/cobot/cobot_ws/install/mycobot_280_moveit2_control/lib/python3.12/site-packages:/home/amin/cobot/cobot_ws/install/mycobot_280_arduino/lib/python3.12/site-packages:/home/amin/cobot/cobot_ws/install/mycobot_280/lib/python3.12/site-packages:/home/amin/cobot/cobot_ws/install/mybuddy/lib/python3.12/site-packages:/home/amin/cobot/cobot_ws/install/myarm_300/lib/python3.12/site-packages:/home/amin/cobot/cobot_ws/install/mecharm_pi/lib/python3.12/site-packages:/home/amin/cobot/cobot_ws/install/mecharm/lib/python3.12/site-packages:/home/amin/cobot/cobot_ws/install/mecharm_interfaces/lib/python3.12/site-packages:/opt/ros/jazzy/lib/python3.12/site-packages /usr/bin/cmake --install /home/amin/cobot/cobot_ws/build/mycobot_280_gazebo
[4.212s] Level 1:colcon.colcon_core.environment:checking '/home/amin/cobot/cobot_ws/install/mycobot_280_gazebo' for CMake module files
[4.213s] Level 1:colcon.colcon_core.environment:checking '/home/amin/cobot/cobot_ws/install/mycobot_280_gazebo' for CMake config files
[4.213s] Level 1:colcon.colcon_core.shell:create_environment_hook('mycobot_280_gazebo', 'cmake_prefix_path')
[4.214s] INFO:colcon.colcon_core.shell:Creating environment hook '/home/amin/cobot/cobot_ws/install/mycobot_280_gazebo/share/mycobot_280_gazebo/hook/cmake_prefix_path.ps1'
[4.214s] INFO:colcon.colcon_core.shell:Creating environment descriptor '/home/amin/cobot/cobot_ws/install/mycobot_280_gazebo/share/mycobot_280_gazebo/hook/cmake_prefix_path.dsv'
[4.215s] INFO:colcon.colcon_core.shell:Creating environment hook '/home/amin/cobot/cobot_ws/install/mycobot_280_gazebo/share/mycobot_280_gazebo/hook/cmake_prefix_path.sh'
[4.215s] Level 1:colcon.colcon_core.environment:checking '/home/amin/cobot/cobot_ws/install/mycobot_280_gazebo/lib'
[4.215s] Level 1:colcon.colcon_core.environment:checking '/home/amin/cobot/cobot_ws/install/mycobot_280_gazebo/bin'
[4.215s] Level 1:colcon.colcon_core.environment:checking '/home/amin/cobot/cobot_ws/install/mycobot_280_gazebo/lib/pkgconfig/mycobot_280_gazebo.pc'
[4.215s] Level 1:colcon.colcon_core.environment:checking '/home/amin/cobot/cobot_ws/install/mycobot_280_gazebo/lib/python3.12/site-packages'
[4.216s] Level 1:colcon.colcon_core.environment:checking '/home/amin/cobot/cobot_ws/install/mycobot_280_gazebo/bin'
[4.216s] INFO:colcon.colcon_core.shell:Creating package script '/home/amin/cobot/cobot_ws/install/mycobot_280_gazebo/share/mycobot_280_gazebo/package.ps1'
[4.216s] INFO:colcon.colcon_core.shell:Creating package descriptor '/home/amin/cobot/cobot_ws/install/mycobot_280_gazebo/share/mycobot_280_gazebo/package.dsv'
[4.217s] INFO:colcon.colcon_core.shell:Creating package script '/home/amin/cobot/cobot_ws/install/mycobot_280_gazebo/share/mycobot_280_gazebo/package.sh'
[4.217s] INFO:colcon.colcon_core.shell:Creating package script '/home/amin/cobot/cobot_ws/install/mycobot_280_gazebo/share/mycobot_280_gazebo/package.bash'
[4.218s] INFO:colcon.colcon_core.shell:Creating package script '/home/amin/cobot/cobot_ws/install/mycobot_280_gazebo/share/mycobot_280_gazebo/package.zsh'
[4.218s] Level 1:colcon.colcon_core.environment:create_file_with_runtime_dependencies(/home/amin/cobot/cobot_ws/install/mycobot_280_gazebo/share/colcon-core/packages/mycobot_280_gazebo)
[4.218s] Level 1:colcon.colcon_core.environment:create_environment_scripts_only(mycobot_280_gazebo)
[4.219s] Level 1:colcon.colcon_core.environment:checking '/home/amin/cobot/cobot_ws/install/mycobot_280_gazebo' for CMake module files
[4.219s] Level 1:colcon.colcon_core.environment:checking '/home/amin/cobot/cobot_ws/install/mycobot_280_gazebo' for CMake config files
[4.219s] Level 1:colcon.colcon_core.shell:create_environment_hook('mycobot_280_gazebo', 'cmake_prefix_path')
[4.220s] INFO:colcon.colcon_core.shell:Creating environment hook '/home/amin/cobot/cobot_ws/install/mycobot_280_gazebo/share/mycobot_280_gazebo/hook/cmake_prefix_path.ps1'
[4.220s] INFO:colcon.colcon_core.shell:Creating environment descriptor '/home/amin/cobot/cobot_ws/install/mycobot_280_gazebo/share/mycobot_280_gazebo/hook/cmake_prefix_path.dsv'
[4.220s] INFO:colcon.colcon_core.shell:Creating environment hook '/home/amin/cobot/cobot_ws/install/mycobot_280_gazebo/share/mycobot_280_gazebo/hook/cmake_prefix_path.sh'
[4.221s] Level 1:colcon.colcon_core.environment:checking '/home/amin/cobot/cobot_ws/install/mycobot_280_gazebo/lib'
[4.221s] Level 1:colcon.colcon_core.environment:checking '/home/amin/cobot/cobot_ws/install/mycobot_280_gazebo/bin'
[4.221s] Level 1:colcon.colcon_core.environment:checking '/home/amin/cobot/cobot_ws/install/mycobot_280_gazebo/lib/pkgconfig/mycobot_280_gazebo.pc'
[4.221s] Level 1:colcon.colcon_core.environment:checking '/home/amin/cobot/cobot_ws/install/mycobot_280_gazebo/lib/python3.12/site-packages'
[4.221s] Level 1:colcon.colcon_core.environment:checking '/home/amin/cobot/cobot_ws/install/mycobot_280_gazebo/bin'
[4.222s] INFO:colcon.colcon_core.shell:Creating package script '/home/amin/cobot/cobot_ws/install/mycobot_280_gazebo/share/mycobot_280_gazebo/package.ps1'
[4.222s] INFO:colcon.colcon_core.shell:Creating package descriptor '/home/amin/cobot/cobot_ws/install/mycobot_280_gazebo/share/mycobot_280_gazebo/package.dsv'
[4.223s] INFO:colcon.colcon_core.shell:Creating package script '/home/amin/cobot/cobot_ws/install/mycobot_280_gazebo/share/mycobot_280_gazebo/package.sh'
[4.223s] INFO:colcon.colcon_core.shell:Creating package script '/home/amin/cobot/cobot_ws/install/mycobot_280_gazebo/share/mycobot_280_gazebo/package.bash'
[4.223s] INFO:colcon.colcon_core.shell:Creating package script '/home/amin/cobot/cobot_ws/install/mycobot_280_gazebo/share/mycobot_280_gazebo/package.zsh'
[4.224s] Level 1:colcon.colcon_core.environment:create_file_with_runtime_dependencies(/home/amin/cobot/cobot_ws/install/mycobot_280_gazebo/share/colcon-core/packages/mycobot_280_gazebo)
[4.224s] INFO:colcon.colcon_ros.task.ament_python.build:Building ROS package in '/home/amin/cobot/cobot_ws/src/mycobot_ros2/mycobot_280/mycobot_280_moveit2_control' with build type 'ament_python'
[4.224s] Level 1:colcon.colcon_core.shell:create_environment_hook('mycobot_280_moveit2_control', 'ament_prefix_path')
[4.225s] INFO:colcon.colcon_core.shell:Creating environment hook '/home/amin/cobot/cobot_ws/install/mycobot_280_moveit2_control/share/mycobot_280_moveit2_control/hook/ament_prefix_path.ps1'
[4.225s] INFO:colcon.colcon_core.shell:Creating environment descriptor '/home/amin/cobot/cobot_ws/install/mycobot_280_moveit2_control/share/mycobot_280_moveit2_control/hook/ament_prefix_path.dsv'
[4.226s] INFO:colcon.colcon_core.shell:Creating environment hook '/home/amin/cobot/cobot_ws/install/mycobot_280_moveit2_control/share/mycobot_280_moveit2_control/hook/ament_prefix_path.sh'
[4.226s] INFO:colcon.colcon_core.shell:Skip shell extension 'powershell' for command environment: Not usable outside of PowerShell
[4.226s] DEBUG:colcon.colcon_core.shell:Skip shell extension 'dsv' for command environment
[4.238s] DEBUG:colcon.colcon_core.event_handler.log_command:Invoking command in '/home/amin/cobot/cobot_ws/build/mycobot_280_moveit2': AMENT_PREFIX_PATH=/home/amin/cobot/cobot_ws/install/mycobot_description:/home/amin/cobot/cobot_ws/install/ultraarm:/home/amin/cobot/cobot_ws/install/pro450_moveit2_control:/home/amin/cobot/cobot_ws/install/pro450_moveit2:/home/amin/cobot/cobot_ws/install/mypalletizer_communication:/home/amin/cobot/cobot_ws/install/mypalletizer_interfaces:/home/amin/cobot/cobot_ws/install/mypalletizer_260_pi:/home/amin/cobot/cobot_ws/install/mypalletizer_260:/home/amin/cobot/cobot_ws/install/mycobot_pro_450:/home/amin/cobot/cobot_ws/install/mycobot_pro450_interfaces:/home/amin/cobot/cobot_ws/install/myarm_m750:/home/amin/cobot/cobot_ws/install/myarm_c650:/home/amin/cobot/cobot_ws/install/mycobot_communication:/home/amin/cobot/cobot_ws/install/mecharm_communication:/home/amin/cobot/cobot_ws/install/mycobot_interfaces:/home/amin/cobot/cobot_ws/install/mycobot_630:/home/amin/cobot/cobot_ws/install/mycobot_600:/home/amin/cobot/cobot_ws/install/mycobot_320pi:/home/amin/cobot/cobot_ws/install/mycobot_320_riscv:/home/amin/cobot/cobot_ws/install/mycobot_320:/home/amin/cobot/cobot_ws/install/mycobot_280rdkx5_moveit2:/home/amin/cobot/cobot_ws/install/mycobot_280pi:/home/amin/cobot/cobot_ws/install/mycobot_280jn:/home/amin/cobot/cobot_ws/install/mycobot_280arduino_moveit2:/home/amin/cobot/cobot_ws/install/mycobot_280_x3pi:/home/amin/cobot/cobot_ws/install/mycobot_280_riscv:/home/amin/cobot/cobot_ws/install/mycobot_280_rdkx5:/home/amin/cobot/cobot_ws/install/mycobot_280_moveit2_control:/home/amin/cobot/cobot_ws/install/mycobot_280_moveit2:/home/amin/cobot/cobot_ws/install/mycobot_280_gazebo_jazzy:/home/amin/cobot/cobot_ws/install/mycobot_280_gazebo:/home/amin/cobot/cobot_ws/install/mycobot_280_arduino:/home/amin/cobot/cobot_ws/install/mycobot_280:/home/amin/cobot/cobot_ws/install/mybuddy:/home/amin/cobot/cobot_ws/install/myarm_300:/home/amin/cobot/cobot_ws/install/mecharm_pi:/home/amin/cobot/cobot_ws/install/mecharm:/home/amin/cobot/cobot_ws/install/mecharm_interfaces:/opt/ros/jazzy CMAKE_PREFIX_PATH=${CMAKE_PREFIX_PATH}:/home/amin/cobot/cobot_ws/install/ultraarm:/home/amin/cobot/cobot_ws/install/pro450_moveit2_control:/home/amin/cobot/cobot_ws/install/mypalletizer_communication:/home/amin/cobot/cobot_ws/install/mypalletizer_260_pi:/home/amin/cobot/cobot_ws/install/mypalletizer_260:/home/amin/cobot/cobot_ws/install/mycobot_pro_450:/home/amin/cobot/cobot_ws/install/myarm_m750:/home/amin/cobot/cobot_ws/install/myarm_c650:/home/amin/cobot/cobot_ws/install/mycobot_communication:/home/amin/cobot/cobot_ws/install/mecharm_communication:/home/amin/cobot/cobot_ws/install/mycobot_630:/home/amin/cobot/cobot_ws/install/mycobot_600:/home/amin/cobot/cobot_ws/install/mycobot_320pi:/home/amin/cobot/cobot_ws/install/mycobot_320_riscv:/home/amin/cobot/cobot_ws/install/mycobot_320:/home/amin/cobot/cobot_ws/install/mycobot_280pi:/home/amin/cobot/cobot_ws/install/mycobot_280jn:/home/amin/cobot/cobot_ws/install/mycobot_280_x3pi:/home/amin/cobot/cobot_ws/install/mycobot_280_riscv:/home/amin/cobot/cobot_ws/install/mycobot_280_rdkx5:/home/amin/cobot/cobot_ws/install/mycobot_280_moveit2_control:/home/amin/cobot/cobot_ws/install/mycobot_280_arduino:/home/amin/cobot/cobot_ws/install/mycobot_280:/home/amin/cobot/cobot_ws/install/mybuddy:/home/amin/cobot/cobot_ws/install/myarm_300:/home/amin/cobot/cobot_ws/install/mecharm_pi:/home/amin/cobot/cobot_ws/install/mecharm:/home/amin/cobot/cobot_ws/install/mycobot_description:/opt/ros/jazzy DEBUGINFOD_URLS=https://debuginfod.ubuntu.com PYTHONPATH=/home/amin/cobot/cobot_ws/install/mycobot_description/lib/python3.12/site-packages:/home/amin/cobot/cobot_ws/install/ultraarm/lib/python3.12/site-packages:/home/amin/cobot/cobot_ws/install/pro450_moveit2_control/lib/python3.12/site-packages:/home/amin/cobot/cobot_ws/install/mypalletizer_communication/lib/python3.12/site-packages:/home/amin/cobot/cobot_ws/install/mypalletizer_interfaces/lib/python3.12/site-packages:/home/amin/cobot/cobot_ws/install/mypalletizer_260_pi/lib/python3.12/site-packages:/home/amin/cobot/cobot_ws/install/mypalletizer_260/lib/python3.12/site-packages:/home/amin/cobot/cobot_ws/install/mycobot_pro_450/lib/python3.12/site-packages:/home/amin/cobot/cobot_ws/install/mycobot_pro450_interfaces/lib/python3.12/site-packages:/home/amin/cobot/cobot_ws/install/myarm_m750/lib/python3.12/site-packages:/home/amin/cobot/cobot_ws/install/myarm_c650/lib/python3.12/site-packages:/home/amin/cobot/cobot_ws/install/mycobot_communication/lib/python3.12/site-packages:/home/amin/cobot/cobot_ws/install/mecharm_communication/lib/python3.12/site-packages:/home/amin/cobot/cobot_ws/install/mycobot_interfaces/lib/python3.12/site-packages:/home/amin/cobot/cobot_ws/install/mycobot_630/lib/python3.12/site-packages:/home/amin/cobot/cobot_ws/install/mycobot_600/lib/python3.12/site-packages:/home/amin/cobot/cobot_ws/install/mycobot_320pi/lib/python3.12/site-packages:/home/amin/cobot/cobot_ws/install/mycobot_320_riscv/lib/python3.12/site-packages:/home/amin/cobot/cobot_ws/install/mycobot_320/lib/python3.12/site-packages:/home/amin/cobot/cobot_ws/install/mycobot_280pi/lib/python3.12/site-packages:/home/amin/cobot/cobot_ws/install/mycobot_280jn/lib/python3.12/site-packages:/home/amin/cobot/cobot_ws/install/mycobot_280_x3pi/lib/python3.12/site-packages:/home/amin/cobot/cobot_ws/install/mycobot_280_riscv/lib/python3.12/site-packages:/home/amin/cobot/cobot_ws/install/mycobot_280_rdkx5/lib/python3.12/site-packages:/home/amin/cobot/cobot_ws/install/mycobot_280_moveit2_control/lib/python3.12/site-packages:/home/amin/cobot/cobot_ws/install/mycobot_280_arduino/lib/python3.12/site-packages:/home/amin/cobot/cobot_ws/install/mycobot_280/lib/python3.12/site-packages:/home/amin/cobot/cobot_ws/install/mybuddy/lib/python3.12/site-packages:/home/amin/cobot/cobot_ws/install/myarm_300/lib/python3.12/site-packages:/home/amin/cobot/cobot_ws/install/mecharm_pi/lib/python3.12/site-packages:/home/amin/cobot/cobot_ws/install/mecharm/lib/python3.12/site-packages:/home/amin/cobot/cobot_ws/install/mecharm_interfaces/lib/python3.12/site-packages:/opt/ros/jazzy/lib/python3.12/site-packages /usr/bin/cmake --build /home/amin/cobot/cobot_ws/build/mycobot_280_moveit2 -- -j8 -l8
[4.498s] INFO:colcon.colcon_core.task.python.build:Building Python package in '/home/amin/cobot/cobot_ws/src/mycobot_ros2/mycobot_280/mycobot_280_moveit2_control'
[4.498s] INFO:colcon.colcon_core.shell:Skip shell extension 'powershell' for command environment: Not usable outside of PowerShell
[4.498s] DEBUG:colcon.colcon_core.shell:Skip shell extension 'dsv' for command environment
[4.504s] DEBUG:colcon.colcon_core.event_handler.log_command:Invoked command in '/home/amin/cobot/cobot_ws/build/mycobot_280_moveit2' returned '0': AMENT_PREFIX_PATH=/home/amin/cobot/cobot_ws/install/mycobot_description:/home/amin/cobot/cobot_ws/install/ultraarm:/home/amin/cobot/cobot_ws/install/pro450_moveit2_control:/home/amin/cobot/cobot_ws/install/pro450_moveit2:/home/amin/cobot/cobot_ws/install/mypalletizer_communication:/home/amin/cobot/cobot_ws/install/mypalletizer_interfaces:/home/amin/cobot/cobot_ws/install/mypalletizer_260_pi:/home/amin/cobot/cobot_ws/install/mypalletizer_260:/home/amin/cobot/cobot_ws/install/mycobot_pro_450:/home/amin/cobot/cobot_ws/install/mycobot_pro450_interfaces:/home/amin/cobot/cobot_ws/install/myarm_m750:/home/amin/cobot/cobot_ws/install/myarm_c650:/home/amin/cobot/cobot_ws/install/mycobot_communication:/home/amin/cobot/cobot_ws/install/mecharm_communication:/home/amin/cobot/cobot_ws/install/mycobot_interfaces:/home/amin/cobot/cobot_ws/install/mycobot_630:/home/amin/cobot/cobot_ws/install/mycobot_600:/home/amin/cobot/cobot_ws/install/mycobot_320pi:/home/amin/cobot/cobot_ws/install/mycobot_320_riscv:/home/amin/cobot/cobot_ws/install/mycobot_320:/home/amin/cobot/cobot_ws/install/mycobot_280rdkx5_moveit2:/home/amin/cobot/cobot_ws/install/mycobot_280pi:/home/amin/cobot/cobot_ws/install/mycobot_280jn:/home/amin/cobot/cobot_ws/install/mycobot_280arduino_moveit2:/home/amin/cobot/cobot_ws/install/mycobot_280_x3pi:/home/amin/cobot/cobot_ws/install/mycobot_280_riscv:/home/amin/cobot/cobot_ws/install/mycobot_280_rdkx5:/home/amin/cobot/cobot_ws/install/mycobot_280_moveit2_control:/home/amin/cobot/cobot_ws/install/mycobot_280_moveit2:/home/amin/cobot/cobot_ws/install/mycobot_280_gazebo_jazzy:/home/amin/cobot/cobot_ws/install/mycobot_280_gazebo:/home/amin/cobot/cobot_ws/install/mycobot_280_arduino:/home/amin/cobot/cobot_ws/install/mycobot_280:/home/amin/cobot/cobot_ws/install/mybuddy:/home/amin/cobot/cobot_ws/install/myarm_300:/home/amin/cobot/cobot_ws/install/mecharm_pi:/home/amin/cobot/cobot_ws/install/mecharm:/home/amin/cobot/cobot_ws/install/mecharm_interfaces:/opt/ros/jazzy CMAKE_PREFIX_PATH=${CMAKE_PREFIX_PATH}:/home/amin/cobot/cobot_ws/install/ultraarm:/home/amin/cobot/cobot_ws/install/pro450_moveit2_control:/home/amin/cobot/cobot_ws/install/mypalletizer_communication:/home/amin/cobot/cobot_ws/install/mypalletizer_260_pi:/home/amin/cobot/cobot_ws/install/mypalletizer_260:/home/amin/cobot/cobot_ws/install/mycobot_pro_450:/home/amin/cobot/cobot_ws/install/myarm_m750:/home/amin/cobot/cobot_ws/install/myarm_c650:/home/amin/cobot/cobot_ws/install/mycobot_communication:/home/amin/cobot/cobot_ws/install/mecharm_communication:/home/amin/cobot/cobot_ws/install/mycobot_630:/home/amin/cobot/cobot_ws/install/mycobot_600:/home/amin/cobot/cobot_ws/install/mycobot_320pi:/home/amin/cobot/cobot_ws/install/mycobot_320_riscv:/home/amin/cobot/cobot_ws/install/mycobot_320:/home/amin/cobot/cobot_ws/install/mycobot_280pi:/home/amin/cobot/cobot_ws/install/mycobot_280jn:/home/amin/cobot/cobot_ws/install/mycobot_280_x3pi:/home/amin/cobot/cobot_ws/install/mycobot_280_riscv:/home/amin/cobot/cobot_ws/install/mycobot_280_rdkx5:/home/amin/cobot/cobot_ws/install/mycobot_280_moveit2_control:/home/amin/cobot/cobot_ws/install/mycobot_280_arduino:/home/amin/cobot/cobot_ws/install/mycobot_280:/home/amin/cobot/cobot_ws/install/mybuddy:/home/amin/cobot/cobot_ws/install/myarm_300:/home/amin/cobot/cobot_ws/install/mecharm_pi:/home/amin/cobot/cobot_ws/install/mecharm:/home/amin/cobot/cobot_ws/install/mycobot_description:/opt/ros/jazzy DEBUGINFOD_URLS=https://debuginfod.ubuntu.com PYTHONPATH=/home/amin/cobot/cobot_ws/install/mycobot_description/lib/python3.12/site-packages:/home/amin/cobot/cobot_ws/install/ultraarm/lib/python3.12/site-packages:/home/amin/cobot/cobot_ws/install/pro450_moveit2_control/lib/python3.12/site-packages:/home/amin/cobot/cobot_ws/install/mypalletizer_communication/lib/python3.12/site-packages:/home/amin/cobot/cobot_ws/install/mypalletizer_interfaces/lib/python3.12/site-packages:/home/amin/cobot/cobot_ws/install/mypalletizer_260_pi/lib/python3.12/site-packages:/home/amin/cobot/cobot_ws/install/mypalletizer_260/lib/python3.12/site-packages:/home/amin/cobot/cobot_ws/install/mycobot_pro_450/lib/python3.12/site-packages:/home/amin/cobot/cobot_ws/install/mycobot_pro450_interfaces/lib/python3.12/site-packages:/home/amin/cobot/cobot_ws/install/myarm_m750/lib/python3.12/site-packages:/home/amin/cobot/cobot_ws/install/myarm_c650/lib/python3.12/site-packages:/home/amin/cobot/cobot_ws/install/mycobot_communication/lib/python3.12/site-packages:/home/amin/cobot/cobot_ws/install/mecharm_communication/lib/python3.12/site-packages:/home/amin/cobot/cobot_ws/install/mycobot_interfaces/lib/python3.12/site-packages:/home/amin/cobot/cobot_ws/install/mycobot_630/lib/python3.12/site-packages:/home/amin/cobot/cobot_ws/install/mycobot_600/lib/python3.12/site-packages:/home/amin/cobot/cobot_ws/install/mycobot_320pi/lib/python3.12/site-packages:/home/amin/cobot/cobot_ws/install/mycobot_320_riscv/lib/python3.12/site-packages:/home/amin/cobot/cobot_ws/install/mycobot_320/lib/python3.12/site-packages:/home/amin/cobot/cobot_ws/install/mycobot_280pi/lib/python3.12/site-packages:/home/amin/cobot/cobot_ws/install/mycobot_280jn/lib/python3.12/site-packages:/home/amin/cobot/cobot_ws/install/mycobot_280_x3pi/lib/python3.12/site-packages:/home/amin/cobot/cobot_ws/install/mycobot_280_riscv/lib/python3.12/site-packages:/home/amin/cobot/cobot_ws/install/mycobot_280_rdkx5/lib/python3.12/site-packages:/home/amin/cobot/cobot_ws/install/mycobot_280_moveit2_control/lib/python3.12/site-packages:/home/amin/cobot/cobot_ws/install/mycobot_280_arduino/lib/python3.12/site-packages:/home/amin/cobot/cobot_ws/install/mycobot_280/lib/python3.12/site-packages:/home/amin/cobot/cobot_ws/install/mybuddy/lib/python3.12/site-packages:/home/amin/cobot/cobot_ws/install/myarm_300/lib/python3.12/site-packages:/home/amin/cobot/cobot_ws/install/mecharm_pi/lib/python3.12/site-packages:/home/amin/cobot/cobot_ws/install/mecharm/lib/python3.12/site-packages:/home/amin/cobot/cobot_ws/install/mecharm_interfaces/lib/python3.12/site-packages:/opt/ros/jazzy/lib/python3.12/site-packages /usr/bin/cmake --build /home/amin/cobot/cobot_ws/build/mycobot_280_moveit2 -- -j8 -l8
[4.505s] DEBUG:colcon.colcon_core.event_handler.log_command:Invoking command in '/home/amin/cobot/cobot_ws/build/mycobot_280_moveit2': AMENT_PREFIX_PATH=/home/amin/cobot/cobot_ws/install/mycobot_description:/home/amin/cobot/cobot_ws/install/ultraarm:/home/amin/cobot/cobot_ws/install/pro450_moveit2_control:/home/amin/cobot/cobot_ws/install/pro450_moveit2:/home/amin/cobot/cobot_ws/install/mypalletizer_communication:/home/amin/cobot/cobot_ws/install/mypalletizer_interfaces:/home/amin/cobot/cobot_ws/install/mypalletizer_260_pi:/home/amin/cobot/cobot_ws/install/mypalletizer_260:/home/amin/cobot/cobot_ws/install/mycobot_pro_450:/home/amin/cobot/cobot_ws/install/mycobot_pro450_interfaces:/home/amin/cobot/cobot_ws/install/myarm_m750:/home/amin/cobot/cobot_ws/install/myarm_c650:/home/amin/cobot/cobot_ws/install/mycobot_communication:/home/amin/cobot/cobot_ws/install/mecharm_communication:/home/amin/cobot/cobot_ws/install/mycobot_interfaces:/home/amin/cobot/cobot_ws/install/mycobot_630:/home/amin/cobot/cobot_ws/install/mycobot_600:/home/amin/cobot/cobot_ws/install/mycobot_320pi:/home/amin/cobot/cobot_ws/install/mycobot_320_riscv:/home/amin/cobot/cobot_ws/install/mycobot_320:/home/amin/cobot/cobot_ws/install/mycobot_280rdkx5_moveit2:/home/amin/cobot/cobot_ws/install/mycobot_280pi:/home/amin/cobot/cobot_ws/install/mycobot_280jn:/home/amin/cobot/cobot_ws/install/mycobot_280arduino_moveit2:/home/amin/cobot/cobot_ws/install/mycobot_280_x3pi:/home/amin/cobot/cobot_ws/install/mycobot_280_riscv:/home/amin/cobot/cobot_ws/install/mycobot_280_rdkx5:/home/amin/cobot/cobot_ws/install/mycobot_280_moveit2_control:/home/amin/cobot/cobot_ws/install/mycobot_280_moveit2:/home/amin/cobot/cobot_ws/install/mycobot_280_gazebo_jazzy:/home/amin/cobot/cobot_ws/install/mycobot_280_gazebo:/home/amin/cobot/cobot_ws/install/mycobot_280_arduino:/home/amin/cobot/cobot_ws/install/mycobot_280:/home/amin/cobot/cobot_ws/install/mybuddy:/home/amin/cobot/cobot_ws/install/myarm_300:/home/amin/cobot/cobot_ws/install/mecharm_pi:/home/amin/cobot/cobot_ws/install/mecharm:/home/amin/cobot/cobot_ws/install/mecharm_interfaces:/opt/ros/jazzy CMAKE_PREFIX_PATH=${CMAKE_PREFIX_PATH}:/home/amin/cobot/cobot_ws/install/ultraarm:/home/amin/cobot/cobot_ws/install/pro450_moveit2_control:/home/amin/cobot/cobot_ws/install/mypalletizer_communication:/home/amin/cobot/cobot_ws/install/mypalletizer_260_pi:/home/amin/cobot/cobot_ws/install/mypalletizer_260:/home/amin/cobot/cobot_ws/install/mycobot_pro_450:/home/amin/cobot/cobot_ws/install/myarm_m750:/home/amin/cobot/cobot_ws/install/myarm_c650:/home/amin/cobot/cobot_ws/install/mycobot_communication:/home/amin/cobot/cobot_ws/install/mecharm_communication:/home/amin/cobot/cobot_ws/install/mycobot_630:/home/amin/cobot/cobot_ws/install/mycobot_600:/home/amin/cobot/cobot_ws/install/mycobot_320pi:/home/amin/cobot/cobot_ws/install/mycobot_320_riscv:/home/amin/cobot/cobot_ws/install/mycobot_320:/home/amin/cobot/cobot_ws/install/mycobot_280pi:/home/amin/cobot/cobot_ws/install/mycobot_280jn:/home/amin/cobot/cobot_ws/install/mycobot_280_x3pi:/home/amin/cobot/cobot_ws/install/mycobot_280_riscv:/home/amin/cobot/cobot_ws/install/mycobot_280_rdkx5:/home/amin/cobot/cobot_ws/install/mycobot_280_moveit2_control:/home/amin/cobot/cobot_ws/install/mycobot_280_arduino:/home/amin/cobot/cobot_ws/install/mycobot_280:/home/amin/cobot/cobot_ws/install/mybuddy:/home/amin/cobot/cobot_ws/install/myarm_300:/home/amin/cobot/cobot_ws/install/mecharm_pi:/home/amin/cobot/cobot_ws/install/mecharm:/home/amin/cobot/cobot_ws/install/mycobot_description:/opt/ros/jazzy DEBUGINFOD_URLS=https://debuginfod.ubuntu.com PYTHONPATH=/home/amin/cobot/cobot_ws/install/mycobot_description/lib/python3.12/site-packages:/home/amin/cobot/cobot_ws/install/ultraarm/lib/python3.12/site-packages:/home/amin/cobot/cobot_ws/install/pro450_moveit2_control/lib/python3.12/site-packages:/home/amin/cobot/cobot_ws/install/mypalletizer_communication/lib/python3.12/site-packages:/home/amin/cobot/cobot_ws/install/mypalletizer_interfaces/lib/python3.12/site-packages:/home/amin/cobot/cobot_ws/install/mypalletizer_260_pi/lib/python3.12/site-packages:/home/amin/cobot/cobot_ws/install/mypalletizer_260/lib/python3.12/site-packages:/home/amin/cobot/cobot_ws/install/mycobot_pro_450/lib/python3.12/site-packages:/home/amin/cobot/cobot_ws/install/mycobot_pro450_interfaces/lib/python3.12/site-packages:/home/amin/cobot/cobot_ws/install/myarm_m750/lib/python3.12/site-packages:/home/amin/cobot/cobot_ws/install/myarm_c650/lib/python3.12/site-packages:/home/amin/cobot/cobot_ws/install/mycobot_communication/lib/python3.12/site-packages:/home/amin/cobot/cobot_ws/install/mecharm_communication/lib/python3.12/site-packages:/home/amin/cobot/cobot_ws/install/mycobot_interfaces/lib/python3.12/site-packages:/home/amin/cobot/cobot_ws/install/mycobot_630/lib/python3.12/site-packages:/home/amin/cobot/cobot_ws/install/mycobot_600/lib/python3.12/site-packages:/home/amin/cobot/cobot_ws/install/mycobot_320pi/lib/python3.12/site-packages:/home/amin/cobot/cobot_ws/install/mycobot_320_riscv/lib/python3.12/site-packages:/home/amin/cobot/cobot_ws/install/mycobot_320/lib/python3.12/site-packages:/home/amin/cobot/cobot_ws/install/mycobot_280pi/lib/python3.12/site-packages:/home/amin/cobot/cobot_ws/install/mycobot_280jn/lib/python3.12/site-packages:/home/amin/cobot/cobot_ws/install/mycobot_280_x3pi/lib/python3.12/site-packages:/home/amin/cobot/cobot_ws/install/mycobot_280_riscv/lib/python3.12/site-packages:/home/amin/cobot/cobot_ws/install/mycobot_280_rdkx5/lib/python3.12/site-packages:/home/amin/cobot/cobot_ws/install/mycobot_280_moveit2_control/lib/python3.12/site-packages:/home/amin/cobot/cobot_ws/install/mycobot_280_arduino/lib/python3.12/site-packages:/home/amin/cobot/cobot_ws/install/mycobot_280/lib/python3.12/site-packages:/home/amin/cobot/cobot_ws/install/mybuddy/lib/python3.12/site-packages:/home/amin/cobot/cobot_ws/install/myarm_300/lib/python3.12/site-packages:/home/amin/cobot/cobot_ws/install/mecharm_pi/lib/python3.12/site-packages:/home/amin/cobot/cobot_ws/install/mecharm/lib/python3.12/site-packages:/home/amin/cobot/cobot_ws/install/mecharm_interfaces/lib/python3.12/site-packages:/opt/ros/jazzy/lib/python3.12/site-packages /usr/bin/cmake --install /home/amin/cobot/cobot_ws/build/mycobot_280_moveit2
[4.531s] Level 1:colcon.colcon_core.environment:create_environment_scripts_only(mycobot_280_moveit2)
[4.531s] Level 1:colcon.colcon_core.environment:checking '/home/amin/cobot/cobot_ws/install/mycobot_280_moveit2' for CMake module files
[4.532s] Level 1:colcon.colcon_core.environment:checking '/home/amin/cobot/cobot_ws/install/mycobot_280_moveit2' for CMake config files
[4.532s] Level 1:colcon.colcon_core.shell:create_environment_hook('mycobot_280_moveit2', 'cmake_prefix_path')
[4.532s] INFO:colcon.colcon_core.shell:Creating environment hook '/home/amin/cobot/cobot_ws/install/mycobot_280_moveit2/share/mycobot_280_moveit2/hook/cmake_prefix_path.ps1'
[4.533s] INFO:colcon.colcon_core.shell:Creating environment descriptor '/home/amin/cobot/cobot_ws/install/mycobot_280_moveit2/share/mycobot_280_moveit2/hook/cmake_prefix_path.dsv'
[4.533s] INFO:colcon.colcon_core.shell:Creating environment hook '/home/amin/cobot/cobot_ws/install/mycobot_280_moveit2/share/mycobot_280_moveit2/hook/cmake_prefix_path.sh'
[4.534s] Level 1:colcon.colcon_core.environment:checking '/home/amin/cobot/cobot_ws/install/mycobot_280_moveit2/bin'
[4.536s] Level 1:colcon.colcon_core.environment:checking '/home/amin/cobot/cobot_ws/install/mycobot_280_moveit2/lib/pkgconfig/mycobot_280_moveit2.pc'
[4.536s] Level 1:colcon.colcon_core.environment:checking '/home/amin/cobot/cobot_ws/install/mycobot_280_moveit2/lib/python3.12/site-packages'
[4.536s] Level 1:colcon.colcon_core.environment:checking '/home/amin/cobot/cobot_ws/install/mycobot_280_moveit2/bin'
[4.537s] INFO:colcon.colcon_core.shell:Creating package script '/home/amin/cobot/cobot_ws/install/mycobot_280_moveit2/share/mycobot_280_moveit2/package.ps1'
[4.538s] INFO:colcon.colcon_core.shell:Creating package descriptor '/home/amin/cobot/cobot_ws/install/mycobot_280_moveit2/share/mycobot_280_moveit2/package.dsv'
[4.539s] DEBUG:colcon.colcon_core.event_handler.log_command:Invoked command in '/home/amin/cobot/cobot_ws/build/mycobot_280_moveit2' returned '0': AMENT_PREFIX_PATH=/home/amin/cobot/cobot_ws/install/mycobot_description:/home/amin/cobot/cobot_ws/install/ultraarm:/home/amin/cobot/cobot_ws/install/pro450_moveit2_control:/home/amin/cobot/cobot_ws/install/pro450_moveit2:/home/amin/cobot/cobot_ws/install/mypalletizer_communication:/home/amin/cobot/cobot_ws/install/mypalletizer_interfaces:/home/amin/cobot/cobot_ws/install/mypalletizer_260_pi:/home/amin/cobot/cobot_ws/install/mypalletizer_260:/home/amin/cobot/cobot_ws/install/mycobot_pro_450:/home/amin/cobot/cobot_ws/install/mycobot_pro450_interfaces:/home/amin/cobot/cobot_ws/install/myarm_m750:/home/amin/cobot/cobot_ws/install/myarm_c650:/home/amin/cobot/cobot_ws/install/mycobot_communication:/home/amin/cobot/cobot_ws/install/mecharm_communication:/home/amin/cobot/cobot_ws/install/mycobot_interfaces:/home/amin/cobot/cobot_ws/install/mycobot_630:/home/amin/cobot/cobot_ws/install/mycobot_600:/home/amin/cobot/cobot_ws/install/mycobot_320pi:/home/amin/cobot/cobot_ws/install/mycobot_320_riscv:/home/amin/cobot/cobot_ws/install/mycobot_320:/home/amin/cobot/cobot_ws/install/mycobot_280rdkx5_moveit2:/home/amin/cobot/cobot_ws/install/mycobot_280pi:/home/amin/cobot/cobot_ws/install/mycobot_280jn:/home/amin/cobot/cobot_ws/install/mycobot_280arduino_moveit2:/home/amin/cobot/cobot_ws/install/mycobot_280_x3pi:/home/amin/cobot/cobot_ws/install/mycobot_280_riscv:/home/amin/cobot/cobot_ws/install/mycobot_280_rdkx5:/home/amin/cobot/cobot_ws/install/mycobot_280_moveit2_control:/home/amin/cobot/cobot_ws/install/mycobot_280_moveit2:/home/amin/cobot/cobot_ws/install/mycobot_280_gazebo_jazzy:/home/amin/cobot/cobot_ws/install/mycobot_280_gazebo:/home/amin/cobot/cobot_ws/install/mycobot_280_arduino:/home/amin/cobot/cobot_ws/install/mycobot_280:/home/amin/cobot/cobot_ws/install/mybuddy:/home/amin/cobot/cobot_ws/install/myarm_300:/home/amin/cobot/cobot_ws/install/mecharm_pi:/home/amin/cobot/cobot_ws/install/mecharm:/home/amin/cobot/cobot_ws/install/mecharm_interfaces:/opt/ros/jazzy CMAKE_PREFIX_PATH=${CMAKE_PREFIX_PATH}:/home/amin/cobot/cobot_ws/install/ultraarm:/home/amin/cobot/cobot_ws/install/pro450_moveit2_control:/home/amin/cobot/cobot_ws/install/mypalletizer_communication:/home/amin/cobot/cobot_ws/install/mypalletizer_260_pi:/home/amin/cobot/cobot_ws/install/mypalletizer_260:/home/amin/cobot/cobot_ws/install/mycobot_pro_450:/home/amin/cobot/cobot_ws/install/myarm_m750:/home/amin/cobot/cobot_ws/install/myarm_c650:/home/amin/cobot/cobot_ws/install/mycobot_communication:/home/amin/cobot/cobot_ws/install/mecharm_communication:/home/amin/cobot/cobot_ws/install/mycobot_630:/home/amin/cobot/cobot_ws/install/mycobot_600:/home/amin/cobot/cobot_ws/install/mycobot_320pi:/home/amin/cobot/cobot_ws/install/mycobot_320_riscv:/home/amin/cobot/cobot_ws/install/mycobot_320:/home/amin/cobot/cobot_ws/install/mycobot_280pi:/home/amin/cobot/cobot_ws/install/mycobot_280jn:/home/amin/cobot/cobot_ws/install/mycobot_280_x3pi:/home/amin/cobot/cobot_ws/install/mycobot_280_riscv:/home/amin/cobot/cobot_ws/install/mycobot_280_rdkx5:/home/amin/cobot/cobot_ws/install/mycobot_280_moveit2_control:/home/amin/cobot/cobot_ws/install/mycobot_280_arduino:/home/amin/cobot/cobot_ws/install/mycobot_280:/home/amin/cobot/cobot_ws/install/mybuddy:/home/amin/cobot/cobot_ws/install/myarm_300:/home/amin/cobot/cobot_ws/install/mecharm_pi:/home/amin/cobot/cobot_ws/install/mecharm:/home/amin/cobot/cobot_ws/install/mycobot_description:/opt/ros/jazzy DEBUGINFOD_URLS=https://debuginfod.ubuntu.com PYTHONPATH=/home/amin/cobot/cobot_ws/install/mycobot_description/lib/python3.12/site-packages:/home/amin/cobot/cobot_ws/install/ultraarm/lib/python3.12/site-packages:/home/amin/cobot/cobot_ws/install/pro450_moveit2_control/lib/python3.12/site-packages:/home/amin/cobot/cobot_ws/install/mypalletizer_communication/lib/python3.12/site-packages:/home/amin/cobot/cobot_ws/install/mypalletizer_interfaces/lib/python3.12/site-packages:/home/amin/cobot/cobot_ws/install/mypalletizer_260_pi/lib/python3.12/site-packages:/home/amin/cobot/cobot_ws/install/mypalletizer_260/lib/python3.12/site-packages:/home/amin/cobot/cobot_ws/install/mycobot_pro_450/lib/python3.12/site-packages:/home/amin/cobot/cobot_ws/install/mycobot_pro450_interfaces/lib/python3.12/site-packages:/home/amin/cobot/cobot_ws/install/myarm_m750/lib/python3.12/site-packages:/home/amin/cobot/cobot_ws/install/myarm_c650/lib/python3.12/site-packages:/home/amin/cobot/cobot_ws/install/mycobot_communication/lib/python3.12/site-packages:/home/amin/cobot/cobot_ws/install/mecharm_communication/lib/python3.12/site-packages:/home/amin/cobot/cobot_ws/install/mycobot_interfaces/lib/python3.12/site-packages:/home/amin/cobot/cobot_ws/install/mycobot_630/lib/python3.12/site-packages:/home/amin/cobot/cobot_ws/install/mycobot_600/lib/python3.12/site-packages:/home/amin/cobot/cobot_ws/install/mycobot_320pi/lib/python3.12/site-packages:/home/amin/cobot/cobot_ws/install/mycobot_320_riscv/lib/python3.12/site-packages:/home/amin/cobot/cobot_ws/install/mycobot_320/lib/python3.12/site-packages:/home/amin/cobot/cobot_ws/install/mycobot_280pi/lib/python3.12/site-packages:/home/amin/cobot/cobot_ws/install/mycobot_280jn/lib/python3.12/site-packages:/home/amin/cobot/cobot_ws/install/mycobot_280_x3pi/lib/python3.12/site-packages:/home/amin/cobot/cobot_ws/install/mycobot_280_riscv/lib/python3.12/site-packages:/home/amin/cobot/cobot_ws/install/mycobot_280_rdkx5/lib/python3.12/site-packages:/home/amin/cobot/cobot_ws/install/mycobot_280_moveit2_control/lib/python3.12/site-packages:/home/amin/cobot/cobot_ws/install/mycobot_280_arduino/lib/python3.12/site-packages:/home/amin/cobot/cobot_ws/install/mycobot_280/lib/python3.12/site-packages:/home/amin/cobot/cobot_ws/install/mybuddy/lib/python3.12/site-packages:/home/amin/cobot/cobot_ws/install/myarm_300/lib/python3.12/site-packages:/home/amin/cobot/cobot_ws/install/mecharm_pi/lib/python3.12/site-packages:/home/amin/cobot/cobot_ws/install/mecharm/lib/python3.12/site-packages:/home/amin/cobot/cobot_ws/install/mecharm_interfaces/lib/python3.12/site-packages:/opt/ros/jazzy/lib/python3.12/site-packages /usr/bin/cmake --install /home/amin/cobot/cobot_ws/build/mycobot_280_moveit2
[4.540s] INFO:colcon.colcon_core.shell:Creating package script '/home/amin/cobot/cobot_ws/install/mycobot_280_moveit2/share/mycobot_280_moveit2/package.sh'
[4.540s] INFO:colcon.colcon_core.shell:Creating package script '/home/amin/cobot/cobot_ws/install/mycobot_280_moveit2/share/mycobot_280_moveit2/package.bash'
[4.540s] INFO:colcon.colcon_core.shell:Creating package script '/home/amin/cobot/cobot_ws/install/mycobot_280_moveit2/share/mycobot_280_moveit2/package.zsh'
[4.541s] Level 1:colcon.colcon_core.environment:create_file_with_runtime_dependencies(/home/amin/cobot/cobot_ws/install/mycobot_280_moveit2/share/colcon-core/packages/mycobot_280_moveit2)
[4.541s] Level 1:colcon.colcon_core.environment:create_environment_scripts_only(mycobot_280_moveit2)
[4.541s] Level 1:colcon.colcon_core.environment:checking '/home/amin/cobot/cobot_ws/install/mycobot_280_moveit2' for CMake module files
[4.542s] Level 1:colcon.colcon_core.environment:checking '/home/amin/cobot/cobot_ws/install/mycobot_280_moveit2' for CMake config files
[4.542s] Level 1:colcon.colcon_core.shell:create_environment_hook('mycobot_280_moveit2', 'cmake_prefix_path')
[4.545s] INFO:colcon.colcon_core.shell:Creating environment hook '/home/amin/cobot/cobot_ws/install/mycobot_280_moveit2/share/mycobot_280_moveit2/hook/cmake_prefix_path.ps1'
[4.546s] INFO:colcon.colcon_core.shell:Creating environment descriptor '/home/amin/cobot/cobot_ws/install/mycobot_280_moveit2/share/mycobot_280_moveit2/hook/cmake_prefix_path.dsv'
[4.546s] INFO:colcon.colcon_core.shell:Creating environment hook '/home/amin/cobot/cobot_ws/install/mycobot_280_moveit2/share/mycobot_280_moveit2/hook/cmake_prefix_path.sh'
[4.546s] Level 1:colcon.colcon_core.environment:checking '/home/amin/cobot/cobot_ws/install/mycobot_280_moveit2/bin'
[4.547s] Level 1:colcon.colcon_core.environment:checking '/home/amin/cobot/cobot_ws/install/mycobot_280_moveit2/lib/pkgconfig/mycobot_280_moveit2.pc'
[4.547s] Level 1:colcon.colcon_core.environment:checking '/home/amin/cobot/cobot_ws/install/mycobot_280_moveit2/lib/python3.12/site-packages'
[4.547s] Level 1:colcon.colcon_core.environment:checking '/home/amin/cobot/cobot_ws/install/mycobot_280_moveit2/bin'
[4.547s] INFO:colcon.colcon_core.shell:Creating package script '/home/amin/cobot/cobot_ws/install/mycobot_280_moveit2/share/mycobot_280_moveit2/package.ps1'
[4.548s] INFO:colcon.colcon_core.shell:Creating package descriptor '/home/amin/cobot/cobot_ws/install/mycobot_280_moveit2/share/mycobot_280_moveit2/package.dsv'
[4.551s] INFO:colcon.colcon_core.shell:Creating package script '/home/amin/cobot/cobot_ws/install/mycobot_280_moveit2/share/mycobot_280_moveit2/package.sh'
[4.552s] INFO:colcon.colcon_core.shell:Creating package script '/home/amin/cobot/cobot_ws/install/mycobot_280_moveit2/share/mycobot_280_moveit2/package.bash'
[4.552s] INFO:colcon.colcon_core.shell:Creating package script '/home/amin/cobot/cobot_ws/install/mycobot_280_moveit2/share/mycobot_280_moveit2/package.zsh'
[4.552s] Level 1:colcon.colcon_core.environment:create_file_with_runtime_dependencies(/home/amin/cobot/cobot_ws/install/mycobot_280_moveit2/share/colcon-core/packages/mycobot_280_moveit2)
[4.553s] INFO:colcon.colcon_ros.task.ament_python.build:Building ROS package in '/home/amin/cobot/cobot_ws/src/mycobot_ros2/mycobot_280/mycobot_280_riscv' with build type 'ament_python'
[4.553s] Level 1:colcon.colcon_core.shell:create_environment_hook('mycobot_280_riscv', 'ament_prefix_path')
[4.553s] INFO:colcon.colcon_core.shell:Creating environment hook '/home/amin/cobot/cobot_ws/install/mycobot_280_riscv/share/mycobot_280_riscv/hook/ament_prefix_path.ps1'
[4.553s] INFO:colcon.colcon_core.shell:Creating environment descriptor '/home/amin/cobot/cobot_ws/install/mycobot_280_riscv/share/mycobot_280_riscv/hook/ament_prefix_path.dsv'
[4.554s] INFO:colcon.colcon_core.shell:Creating environment hook '/home/amin/cobot/cobot_ws/install/mycobot_280_riscv/share/mycobot_280_riscv/hook/ament_prefix_path.sh'
[4.557s] INFO:colcon.colcon_core.shell:Skip shell extension 'powershell' for command environment: Not usable outside of PowerShell
[4.558s] DEBUG:colcon.colcon_core.shell:Skip shell extension 'dsv' for command environment
[4.911s] INFO:colcon.colcon_core.task.python.build:Building Python package in '/home/amin/cobot/cobot_ws/src/mycobot_ros2/mycobot_280/mycobot_280_riscv'
[4.912s] INFO:colcon.colcon_core.shell:Skip shell extension 'powershell' for command environment: Not usable outside of PowerShell
[4.912s] DEBUG:colcon.colcon_core.shell:Skip shell extension 'dsv' for command environment
[4.919s] Level 1:colcon.colcon_core.environment:checking '/home/amin/cobot/cobot_ws/install/mecharm' for CMake module files
[4.920s] DEBUG:colcon.colcon_core.event_handler.log_command:Invoked command in '/home/amin/cobot/cobot_ws/src/mycobot_ros2/mecharm/mecharm' returned '0': AMENT_PREFIX_PATH=/home/amin/cobot/cobot_ws/install/mycobot_description:/home/amin/cobot/cobot_ws/install/ultraarm:/home/amin/cobot/cobot_ws/install/pro450_moveit2_control:/home/amin/cobot/cobot_ws/install/pro450_moveit2:/home/amin/cobot/cobot_ws/install/mypalletizer_communication:/home/amin/cobot/cobot_ws/install/mypalletizer_interfaces:/home/amin/cobot/cobot_ws/install/mypalletizer_260_pi:/home/amin/cobot/cobot_ws/install/mypalletizer_260:/home/amin/cobot/cobot_ws/install/mycobot_pro_450:/home/amin/cobot/cobot_ws/install/mycobot_pro450_interfaces:/home/amin/cobot/cobot_ws/install/myarm_m750:/home/amin/cobot/cobot_ws/install/myarm_c650:/home/amin/cobot/cobot_ws/install/mycobot_communication:/home/amin/cobot/cobot_ws/install/mecharm_communication:/home/amin/cobot/cobot_ws/install/mycobot_interfaces:/home/amin/cobot/cobot_ws/install/mycobot_630:/home/amin/cobot/cobot_ws/install/mycobot_600:/home/amin/cobot/cobot_ws/install/mycobot_320pi:/home/amin/cobot/cobot_ws/install/mycobot_320_riscv:/home/amin/cobot/cobot_ws/install/mycobot_320:/home/amin/cobot/cobot_ws/install/mycobot_280rdkx5_moveit2:/home/amin/cobot/cobot_ws/install/mycobot_280pi:/home/amin/cobot/cobot_ws/install/mycobot_280jn:/home/amin/cobot/cobot_ws/install/mycobot_280arduino_moveit2:/home/amin/cobot/cobot_ws/install/mycobot_280_x3pi:/home/amin/cobot/cobot_ws/install/mycobot_280_riscv:/home/amin/cobot/cobot_ws/install/mycobot_280_rdkx5:/home/amin/cobot/cobot_ws/install/mycobot_280_moveit2_control:/home/amin/cobot/cobot_ws/install/mycobot_280_moveit2:/home/amin/cobot/cobot_ws/install/mycobot_280_gazebo_jazzy:/home/amin/cobot/cobot_ws/install/mycobot_280_gazebo:/home/amin/cobot/cobot_ws/install/mycobot_280_arduino:/home/amin/cobot/cobot_ws/install/mycobot_280:/home/amin/cobot/cobot_ws/install/mybuddy:/home/amin/cobot/cobot_ws/install/myarm_300:/home/amin/cobot/cobot_ws/install/mecharm_pi:/home/amin/cobot/cobot_ws/install/mecharm:/home/amin/cobot/cobot_ws/install/mecharm_interfaces:/opt/ros/jazzy DEBUGINFOD_URLS=https://debuginfod.ubuntu.com PYTHONPATH=/home/amin/cobot/cobot_ws/build/mecharm/prefix_override:/usr/lib/python3/dist-packages/colcon_core/task/python/colcon_distutils_commands:/home/amin/cobot/cobot_ws/install/mecharm/lib/python3.12/site-packages:/home/amin/cobot/cobot_ws/install/mycobot_description/lib/python3.12/site-packages:/home/amin/cobot/cobot_ws/install/ultraarm/lib/python3.12/site-packages:/home/amin/cobot/cobot_ws/install/pro450_moveit2_control/lib/python3.12/site-packages:/home/amin/cobot/cobot_ws/install/mypalletizer_communication/lib/python3.12/site-packages:/home/amin/cobot/cobot_ws/install/mypalletizer_interfaces/lib/python3.12/site-packages:/home/amin/cobot/cobot_ws/install/mypalletizer_260_pi/lib/python3.12/site-packages:/home/amin/cobot/cobot_ws/install/mypalletizer_260/lib/python3.12/site-packages:/home/amin/cobot/cobot_ws/install/mycobot_pro_450/lib/python3.12/site-packages:/home/amin/cobot/cobot_ws/install/mycobot_pro450_interfaces/lib/python3.12/site-packages:/home/amin/cobot/cobot_ws/install/myarm_m750/lib/python3.12/site-packages:/home/amin/cobot/cobot_ws/install/myarm_c650/lib/python3.12/site-packages:/home/amin/cobot/cobot_ws/install/mycobot_communication/lib/python3.12/site-packages:/home/amin/cobot/cobot_ws/install/mecharm_communication/lib/python3.12/site-packages:/home/amin/cobot/cobot_ws/install/mycobot_interfaces/lib/python3.12/site-packages:/home/amin/cobot/cobot_ws/install/mycobot_630/lib/python3.12/site-packages:/home/amin/cobot/cobot_ws/install/mycobot_600/lib/python3.12/site-packages:/home/amin/cobot/cobot_ws/install/mycobot_320pi/lib/python3.12/site-packages:/home/amin/cobot/cobot_ws/install/mycobot_320_riscv/lib/python3.12/site-packages:/home/amin/cobot/cobot_ws/install/mycobot_320/lib/python3.12/site-packages:/home/amin/cobot/cobot_ws/install/mycobot_280pi/lib/python3.12/site-packages:/home/amin/cobot/cobot_ws/install/mycobot_280jn/lib/python3.12/site-packages:/home/amin/cobot/cobot_ws/install/mycobot_280_x3pi/lib/python3.12/site-packages:/home/amin/cobot/cobot_ws/install/mycobot_280_riscv/lib/python3.12/site-packages:/home/amin/cobot/cobot_ws/install/mycobot_280_rdkx5/lib/python3.12/site-packages:/home/amin/cobot/cobot_ws/install/mycobot_280_moveit2_control/lib/python3.12/site-packages:/home/amin/cobot/cobot_ws/install/mycobot_280_arduino/lib/python3.12/site-packages:/home/amin/cobot/cobot_ws/install/mycobot_280/lib/python3.12/site-packages:/home/amin/cobot/cobot_ws/install/mybuddy/lib/python3.12/site-packages:/home/amin/cobot/cobot_ws/install/myarm_300/lib/python3.12/site-packages:/home/amin/cobot/cobot_ws/install/mecharm_pi/lib/python3.12/site-packages:/home/amin/cobot/cobot_ws/install/mecharm/lib/python3.12/site-packages:/home/amin/cobot/cobot_ws/install/mecharm_interfaces/lib/python3.12/site-packages:/opt/ros/jazzy/lib/python3.12/site-packages /usr/bin/python3 -W ignore:setup.py install is deprecated -W ignore:easy_install command is deprecated setup.py egg_info --egg-base ../../../../build/mecharm build --build-base /home/amin/cobot/cobot_ws/build/mecharm/build install --record /home/amin/cobot/cobot_ws/build/mecharm/install.log --single-version-externally-managed install_data
[4.920s] Level 1:colcon.colcon_core.environment:checking '/home/amin/cobot/cobot_ws/install/mecharm' for CMake config files
[4.920s] Level 1:colcon.colcon_core.environment:checking '/home/amin/cobot/cobot_ws/install/mecharm/lib'
[4.921s] Level 1:colcon.colcon_core.environment:checking '/home/amin/cobot/cobot_ws/install/mecharm/bin'
[4.921s] Level 1:colcon.colcon_core.environment:checking '/home/amin/cobot/cobot_ws/install/mecharm/lib/pkgconfig/mecharm.pc'
[4.921s] Level 1:colcon.colcon_core.environment:checking '/home/amin/cobot/cobot_ws/install/mecharm/lib/python3.12/site-packages'
[4.921s] Level 1:colcon.colcon_core.shell:create_environment_hook('mecharm', 'pythonpath')
[4.921s] INFO:colcon.colcon_core.shell:Creating environment hook '/home/amin/cobot/cobot_ws/install/mecharm/share/mecharm/hook/pythonpath.ps1'
[4.921s] INFO:colcon.colcon_core.shell:Creating environment descriptor '/home/amin/cobot/cobot_ws/install/mecharm/share/mecharm/hook/pythonpath.dsv'
[4.921s] INFO:colcon.colcon_core.shell:Creating environment hook '/home/amin/cobot/cobot_ws/install/mecharm/share/mecharm/hook/pythonpath.sh'
[4.922s] Level 1:colcon.colcon_core.environment:checking '/home/amin/cobot/cobot_ws/install/mecharm/bin'
[4.922s] Level 1:colcon.colcon_core.environment:create_environment_scripts_only(mecharm)
[4.922s] INFO:colcon.colcon_core.shell:Creating package script '/home/amin/cobot/cobot_ws/install/mecharm/share/mecharm/package.ps1'
[4.922s] INFO:colcon.colcon_core.shell:Creating package descriptor '/home/amin/cobot/cobot_ws/install/mecharm/share/mecharm/package.dsv'
[4.923s] INFO:colcon.colcon_core.shell:Creating package script '/home/amin/cobot/cobot_ws/install/mecharm/share/mecharm/package.sh'
[4.923s] INFO:colcon.colcon_core.shell:Creating package script '/home/amin/cobot/cobot_ws/install/mecharm/share/mecharm/package.bash'
[4.923s] INFO:colcon.colcon_core.shell:Creating package script '/home/amin/cobot/cobot_ws/install/mecharm/share/mecharm/package.zsh'
[4.923s] Level 1:colcon.colcon_core.environment:create_file_with_runtime_dependencies(/home/amin/cobot/cobot_ws/install/mecharm/share/colcon-core/packages/mecharm)
[4.924s] Level 1:colcon.colcon_core.environment:checking '/home/amin/cobot/cobot_ws/install/myarm_300' for CMake module files
[4.924s] Level 1:colcon.colcon_core.environment:checking '/home/amin/cobot/cobot_ws/install/myarm_300' for CMake config files
[4.924s] DEBUG:colcon.colcon_core.event_handler.log_command:Invoked command in '/home/amin/cobot/cobot_ws/src/mycobot_ros2/myArm/myarm_300' returned '0': AMENT_PREFIX_PATH=/home/amin/cobot/cobot_ws/install/mycobot_description:/home/amin/cobot/cobot_ws/install/ultraarm:/home/amin/cobot/cobot_ws/install/pro450_moveit2_control:/home/amin/cobot/cobot_ws/install/pro450_moveit2:/home/amin/cobot/cobot_ws/install/mypalletizer_communication:/home/amin/cobot/cobot_ws/install/mypalletizer_interfaces:/home/amin/cobot/cobot_ws/install/mypalletizer_260_pi:/home/amin/cobot/cobot_ws/install/mypalletizer_260:/home/amin/cobot/cobot_ws/install/mycobot_pro_450:/home/amin/cobot/cobot_ws/install/mycobot_pro450_interfaces:/home/amin/cobot/cobot_ws/install/myarm_m750:/home/amin/cobot/cobot_ws/install/myarm_c650:/home/amin/cobot/cobot_ws/install/mycobot_communication:/home/amin/cobot/cobot_ws/install/mecharm_communication:/home/amin/cobot/cobot_ws/install/mycobot_interfaces:/home/amin/cobot/cobot_ws/install/mycobot_630:/home/amin/cobot/cobot_ws/install/mycobot_600:/home/amin/cobot/cobot_ws/install/mycobot_320pi:/home/amin/cobot/cobot_ws/install/mycobot_320_riscv:/home/amin/cobot/cobot_ws/install/mycobot_320:/home/amin/cobot/cobot_ws/install/mycobot_280rdkx5_moveit2:/home/amin/cobot/cobot_ws/install/mycobot_280pi:/home/amin/cobot/cobot_ws/install/mycobot_280jn:/home/amin/cobot/cobot_ws/install/mycobot_280arduino_moveit2:/home/amin/cobot/cobot_ws/install/mycobot_280_x3pi:/home/amin/cobot/cobot_ws/install/mycobot_280_riscv:/home/amin/cobot/cobot_ws/install/mycobot_280_rdkx5:/home/amin/cobot/cobot_ws/install/mycobot_280_moveit2_control:/home/amin/cobot/cobot_ws/install/mycobot_280_moveit2:/home/amin/cobot/cobot_ws/install/mycobot_280_gazebo_jazzy:/home/amin/cobot/cobot_ws/install/mycobot_280_gazebo:/home/amin/cobot/cobot_ws/install/mycobot_280_arduino:/home/amin/cobot/cobot_ws/install/mycobot_280:/home/amin/cobot/cobot_ws/install/mybuddy:/home/amin/cobot/cobot_ws/install/myarm_300:/home/amin/cobot/cobot_ws/install/mecharm_pi:/home/amin/cobot/cobot_ws/install/mecharm:/home/amin/cobot/cobot_ws/install/mecharm_interfaces:/opt/ros/jazzy DEBUGINFOD_URLS=https://debuginfod.ubuntu.com PYTHONPATH=/home/amin/cobot/cobot_ws/build/myarm_300/prefix_override:/usr/lib/python3/dist-packages/colcon_core/task/python/colcon_distutils_commands:/home/amin/cobot/cobot_ws/install/myarm_300/lib/python3.12/site-packages:/home/amin/cobot/cobot_ws/install/mycobot_description/lib/python3.12/site-packages:/home/amin/cobot/cobot_ws/install/ultraarm/lib/python3.12/site-packages:/home/amin/cobot/cobot_ws/install/pro450_moveit2_control/lib/python3.12/site-packages:/home/amin/cobot/cobot_ws/install/mypalletizer_communication/lib/python3.12/site-packages:/home/amin/cobot/cobot_ws/install/mypalletizer_interfaces/lib/python3.12/site-packages:/home/amin/cobot/cobot_ws/install/mypalletizer_260_pi/lib/python3.12/site-packages:/home/amin/cobot/cobot_ws/install/mypalletizer_260/lib/python3.12/site-packages:/home/amin/cobot/cobot_ws/install/mycobot_pro_450/lib/python3.12/site-packages:/home/amin/cobot/cobot_ws/install/mycobot_pro450_interfaces/lib/python3.12/site-packages:/home/amin/cobot/cobot_ws/install/myarm_m750/lib/python3.12/site-packages:/home/amin/cobot/cobot_ws/install/myarm_c650/lib/python3.12/site-packages:/home/amin/cobot/cobot_ws/install/mycobot_communication/lib/python3.12/site-packages:/home/amin/cobot/cobot_ws/install/mecharm_communication/lib/python3.12/site-packages:/home/amin/cobot/cobot_ws/install/mycobot_interfaces/lib/python3.12/site-packages:/home/amin/cobot/cobot_ws/install/mycobot_630/lib/python3.12/site-packages:/home/amin/cobot/cobot_ws/install/mycobot_600/lib/python3.12/site-packages:/home/amin/cobot/cobot_ws/install/mycobot_320pi/lib/python3.12/site-packages:/home/amin/cobot/cobot_ws/install/mycobot_320_riscv/lib/python3.12/site-packages:/home/amin/cobot/cobot_ws/install/mycobot_320/lib/python3.12/site-packages:/home/amin/cobot/cobot_ws/install/mycobot_280pi/lib/python3.12/site-packages:/home/amin/cobot/cobot_ws/install/mycobot_280jn/lib/python3.12/site-packages:/home/amin/cobot/cobot_ws/install/mycobot_280_x3pi/lib/python3.12/site-packages:/home/amin/cobot/cobot_ws/install/mycobot_280_riscv/lib/python3.12/site-packages:/home/amin/cobot/cobot_ws/install/mycobot_280_rdkx5/lib/python3.12/site-packages:/home/amin/cobot/cobot_ws/install/mycobot_280_moveit2_control/lib/python3.12/site-packages:/home/amin/cobot/cobot_ws/install/mycobot_280_arduino/lib/python3.12/site-packages:/home/amin/cobot/cobot_ws/install/mycobot_280/lib/python3.12/site-packages:/home/amin/cobot/cobot_ws/install/mybuddy/lib/python3.12/site-packages:/home/amin/cobot/cobot_ws/install/myarm_300/lib/python3.12/site-packages:/home/amin/cobot/cobot_ws/install/mecharm_pi/lib/python3.12/site-packages:/home/amin/cobot/cobot_ws/install/mecharm/lib/python3.12/site-packages:/home/amin/cobot/cobot_ws/install/mecharm_interfaces/lib/python3.12/site-packages:/opt/ros/jazzy/lib/python3.12/site-packages /usr/bin/python3 -W ignore:setup.py install is deprecated -W ignore:easy_install command is deprecated setup.py egg_info --egg-base ../../../../build/myarm_300 build --build-base /home/amin/cobot/cobot_ws/build/myarm_300/build install --record /home/amin/cobot/cobot_ws/build/myarm_300/install.log --single-version-externally-managed install_data
[4.925s] Level 1:colcon.colcon_core.environment:checking '/home/amin/cobot/cobot_ws/install/myarm_300/lib'
[4.925s] Level 1:colcon.colcon_core.environment:checking '/home/amin/cobot/cobot_ws/install/myarm_300/bin'
[4.925s] Level 1:colcon.colcon_core.environment:checking '/home/amin/cobot/cobot_ws/install/myarm_300/lib/pkgconfig/myarm_300.pc'
[4.925s] Level 1:colcon.colcon_core.environment:checking '/home/amin/cobot/cobot_ws/install/myarm_300/lib/python3.12/site-packages'
[4.925s] Level 1:colcon.colcon_core.shell:create_environment_hook('myarm_300', 'pythonpath')
[4.925s] INFO:colcon.colcon_core.shell:Creating environment hook '/home/amin/cobot/cobot_ws/install/myarm_300/share/myarm_300/hook/pythonpath.ps1'
[4.925s] INFO:colcon.colcon_core.shell:Creating environment descriptor '/home/amin/cobot/cobot_ws/install/myarm_300/share/myarm_300/hook/pythonpath.dsv'
[4.926s] INFO:colcon.colcon_core.shell:Creating environment hook '/home/amin/cobot/cobot_ws/install/myarm_300/share/myarm_300/hook/pythonpath.sh'
[4.926s] Level 1:colcon.colcon_core.environment:checking '/home/amin/cobot/cobot_ws/install/myarm_300/bin'
[4.926s] Level 1:colcon.colcon_core.environment:create_environment_scripts_only(myarm_300)
[4.926s] INFO:colcon.colcon_core.shell:Creating package script '/home/amin/cobot/cobot_ws/install/myarm_300/share/myarm_300/package.ps1'
[4.927s] INFO:colcon.colcon_core.shell:Creating package descriptor '/home/amin/cobot/cobot_ws/install/myarm_300/share/myarm_300/package.dsv'
[4.927s] INFO:colcon.colcon_core.shell:Creating package script '/home/amin/cobot/cobot_ws/install/myarm_300/share/myarm_300/package.sh'
[4.927s] INFO:colcon.colcon_core.shell:Creating package script '/home/amin/cobot/cobot_ws/install/myarm_300/share/myarm_300/package.bash'
[4.927s] INFO:colcon.colcon_core.shell:Creating package script '/home/amin/cobot/cobot_ws/install/myarm_300/share/myarm_300/package.zsh'
[4.928s] Level 1:colcon.colcon_core.environment:create_file_with_runtime_dependencies(/home/amin/cobot/cobot_ws/install/myarm_300/share/colcon-core/packages/myarm_300)
[4.928s] Level 1:colcon.colcon_core.environment:checking '/home/amin/cobot/cobot_ws/install/mybuddy' for CMake module files
[4.928s] Level 1:colcon.colcon_core.environment:checking '/home/amin/cobot/cobot_ws/install/mybuddy' for CMake config files
[4.929s] DEBUG:colcon.colcon_core.event_handler.log_command:Invoked command in '/home/amin/cobot/cobot_ws/src/mycobot_ros2/Mybuddy/mybuddy' returned '0': AMENT_PREFIX_PATH=/home/amin/cobot/cobot_ws/install/mycobot_description:/home/amin/cobot/cobot_ws/install/ultraarm:/home/amin/cobot/cobot_ws/install/pro450_moveit2_control:/home/amin/cobot/cobot_ws/install/pro450_moveit2:/home/amin/cobot/cobot_ws/install/mypalletizer_communication:/home/amin/cobot/cobot_ws/install/mypalletizer_interfaces:/home/amin/cobot/cobot_ws/install/mypalletizer_260_pi:/home/amin/cobot/cobot_ws/install/mypalletizer_260:/home/amin/cobot/cobot_ws/install/mycobot_pro_450:/home/amin/cobot/cobot_ws/install/mycobot_pro450_interfaces:/home/amin/cobot/cobot_ws/install/myarm_m750:/home/amin/cobot/cobot_ws/install/myarm_c650:/home/amin/cobot/cobot_ws/install/mycobot_communication:/home/amin/cobot/cobot_ws/install/mecharm_communication:/home/amin/cobot/cobot_ws/install/mycobot_interfaces:/home/amin/cobot/cobot_ws/install/mycobot_630:/home/amin/cobot/cobot_ws/install/mycobot_600:/home/amin/cobot/cobot_ws/install/mycobot_320pi:/home/amin/cobot/cobot_ws/install/mycobot_320_riscv:/home/amin/cobot/cobot_ws/install/mycobot_320:/home/amin/cobot/cobot_ws/install/mycobot_280rdkx5_moveit2:/home/amin/cobot/cobot_ws/install/mycobot_280pi:/home/amin/cobot/cobot_ws/install/mycobot_280jn:/home/amin/cobot/cobot_ws/install/mycobot_280arduino_moveit2:/home/amin/cobot/cobot_ws/install/mycobot_280_x3pi:/home/amin/cobot/cobot_ws/install/mycobot_280_riscv:/home/amin/cobot/cobot_ws/install/mycobot_280_rdkx5:/home/amin/cobot/cobot_ws/install/mycobot_280_moveit2_control:/home/amin/cobot/cobot_ws/install/mycobot_280_moveit2:/home/amin/cobot/cobot_ws/install/mycobot_280_gazebo_jazzy:/home/amin/cobot/cobot_ws/install/mycobot_280_gazebo:/home/amin/cobot/cobot_ws/install/mycobot_280_arduino:/home/amin/cobot/cobot_ws/install/mycobot_280:/home/amin/cobot/cobot_ws/install/mybuddy:/home/amin/cobot/cobot_ws/install/myarm_300:/home/amin/cobot/cobot_ws/install/mecharm_pi:/home/amin/cobot/cobot_ws/install/mecharm:/home/amin/cobot/cobot_ws/install/mecharm_interfaces:/opt/ros/jazzy DEBUGINFOD_URLS=https://debuginfod.ubuntu.com PYTHONPATH=/home/amin/cobot/cobot_ws/build/mybuddy/prefix_override:/usr/lib/python3/dist-packages/colcon_core/task/python/colcon_distutils_commands:/home/amin/cobot/cobot_ws/install/mybuddy/lib/python3.12/site-packages:/home/amin/cobot/cobot_ws/install/mycobot_description/lib/python3.12/site-packages:/home/amin/cobot/cobot_ws/install/ultraarm/lib/python3.12/site-packages:/home/amin/cobot/cobot_ws/install/pro450_moveit2_control/lib/python3.12/site-packages:/home/amin/cobot/cobot_ws/install/mypalletizer_communication/lib/python3.12/site-packages:/home/amin/cobot/cobot_ws/install/mypalletizer_interfaces/lib/python3.12/site-packages:/home/amin/cobot/cobot_ws/install/mypalletizer_260_pi/lib/python3.12/site-packages:/home/amin/cobot/cobot_ws/install/mypalletizer_260/lib/python3.12/site-packages:/home/amin/cobot/cobot_ws/install/mycobot_pro_450/lib/python3.12/site-packages:/home/amin/cobot/cobot_ws/install/mycobot_pro450_interfaces/lib/python3.12/site-packages:/home/amin/cobot/cobot_ws/install/myarm_m750/lib/python3.12/site-packages:/home/amin/cobot/cobot_ws/install/myarm_c650/lib/python3.12/site-packages:/home/amin/cobot/cobot_ws/install/mycobot_communication/lib/python3.12/site-packages:/home/amin/cobot/cobot_ws/install/mecharm_communication/lib/python3.12/site-packages:/home/amin/cobot/cobot_ws/install/mycobot_interfaces/lib/python3.12/site-packages:/home/amin/cobot/cobot_ws/install/mycobot_630/lib/python3.12/site-packages:/home/amin/cobot/cobot_ws/install/mycobot_600/lib/python3.12/site-packages:/home/amin/cobot/cobot_ws/install/mycobot_320pi/lib/python3.12/site-packages:/home/amin/cobot/cobot_ws/install/mycobot_320_riscv/lib/python3.12/site-packages:/home/amin/cobot/cobot_ws/install/mycobot_320/lib/python3.12/site-packages:/home/amin/cobot/cobot_ws/install/mycobot_280pi/lib/python3.12/site-packages:/home/amin/cobot/cobot_ws/install/mycobot_280jn/lib/python3.12/site-packages:/home/amin/cobot/cobot_ws/install/mycobot_280_x3pi/lib/python3.12/site-packages:/home/amin/cobot/cobot_ws/install/mycobot_280_riscv/lib/python3.12/site-packages:/home/amin/cobot/cobot_ws/install/mycobot_280_rdkx5/lib/python3.12/site-packages:/home/amin/cobot/cobot_ws/install/mycobot_280_moveit2_control/lib/python3.12/site-packages:/home/amin/cobot/cobot_ws/install/mycobot_280_arduino/lib/python3.12/site-packages:/home/amin/cobot/cobot_ws/install/mycobot_280/lib/python3.12/site-packages:/home/amin/cobot/cobot_ws/install/mybuddy/lib/python3.12/site-packages:/home/amin/cobot/cobot_ws/install/myarm_300/lib/python3.12/site-packages:/home/amin/cobot/cobot_ws/install/mecharm_pi/lib/python3.12/site-packages:/home/amin/cobot/cobot_ws/install/mecharm/lib/python3.12/site-packages:/home/amin/cobot/cobot_ws/install/mecharm_interfaces/lib/python3.12/site-packages:/opt/ros/jazzy/lib/python3.12/site-packages /usr/bin/python3 -W ignore:setup.py install is deprecated -W ignore:easy_install command is deprecated setup.py egg_info --egg-base ../../../../build/mybuddy build --build-base /home/amin/cobot/cobot_ws/build/mybuddy/build install --record /home/amin/cobot/cobot_ws/build/mybuddy/install.log --single-version-externally-managed install_data
[4.929s] Level 1:colcon.colcon_core.environment:checking '/home/amin/cobot/cobot_ws/install/mybuddy/lib'
[4.929s] Level 1:colcon.colcon_core.environment:checking '/home/amin/cobot/cobot_ws/install/mybuddy/bin'
[4.929s] Level 1:colcon.colcon_core.environment:checking '/home/amin/cobot/cobot_ws/install/mybuddy/lib/pkgconfig/mybuddy.pc'
[4.929s] Level 1:colcon.colcon_core.environment:checking '/home/amin/cobot/cobot_ws/install/mybuddy/lib/python3.12/site-packages'
[4.929s] Level 1:colcon.colcon_core.shell:create_environment_hook('mybuddy', 'pythonpath')
[4.929s] INFO:colcon.colcon_core.shell:Creating environment hook '/home/amin/cobot/cobot_ws/install/mybuddy/share/mybuddy/hook/pythonpath.ps1'
[4.930s] INFO:colcon.colcon_core.shell:Creating environment descriptor '/home/amin/cobot/cobot_ws/install/mybuddy/share/mybuddy/hook/pythonpath.dsv'
[4.930s] INFO:colcon.colcon_core.shell:Creating environment hook '/home/amin/cobot/cobot_ws/install/mybuddy/share/mybuddy/hook/pythonpath.sh'
[4.930s] Level 1:colcon.colcon_core.environment:checking '/home/amin/cobot/cobot_ws/install/mybuddy/bin'
[4.930s] Level 1:colcon.colcon_core.environment:create_environment_scripts_only(mybuddy)
[4.931s] INFO:colcon.colcon_core.shell:Creating package script '/home/amin/cobot/cobot_ws/install/mybuddy/share/mybuddy/package.ps1'
[4.931s] INFO:colcon.colcon_core.shell:Creating package descriptor '/home/amin/cobot/cobot_ws/install/mybuddy/share/mybuddy/package.dsv'
[4.931s] INFO:colcon.colcon_core.shell:Creating package script '/home/amin/cobot/cobot_ws/install/mybuddy/share/mybuddy/package.sh'
[4.931s] INFO:colcon.colcon_core.shell:Creating package script '/home/amin/cobot/cobot_ws/install/mybuddy/share/mybuddy/package.bash'
[4.932s] INFO:colcon.colcon_core.shell:Creating package script '/home/amin/cobot/cobot_ws/install/mybuddy/share/mybuddy/package.zsh'
[4.932s] Level 1:colcon.colcon_core.environment:create_file_with_runtime_dependencies(/home/amin/cobot/cobot_ws/install/mybuddy/share/colcon-core/packages/mybuddy)
[4.933s] Level 1:colcon.colcon_core.environment:checking '/home/amin/cobot/cobot_ws/install/mycobot_280' for CMake module files
[4.934s] DEBUG:colcon.colcon_core.event_handler.log_command:Invoking command in '/home/amin/cobot/cobot_ws/src/mycobot_ros2/mycobot_280/mycobot_280_arduino': AMENT_PREFIX_PATH=/home/amin/cobot/cobot_ws/install/mycobot_description:/home/amin/cobot/cobot_ws/install/ultraarm:/home/amin/cobot/cobot_ws/install/pro450_moveit2_control:/home/amin/cobot/cobot_ws/install/pro450_moveit2:/home/amin/cobot/cobot_ws/install/mypalletizer_communication:/home/amin/cobot/cobot_ws/install/mypalletizer_interfaces:/home/amin/cobot/cobot_ws/install/mypalletizer_260_pi:/home/amin/cobot/cobot_ws/install/mypalletizer_260:/home/amin/cobot/cobot_ws/install/mycobot_pro_450:/home/amin/cobot/cobot_ws/install/mycobot_pro450_interfaces:/home/amin/cobot/cobot_ws/install/myarm_m750:/home/amin/cobot/cobot_ws/install/myarm_c650:/home/amin/cobot/cobot_ws/install/mycobot_communication:/home/amin/cobot/cobot_ws/install/mecharm_communication:/home/amin/cobot/cobot_ws/install/mycobot_interfaces:/home/amin/cobot/cobot_ws/install/mycobot_630:/home/amin/cobot/cobot_ws/install/mycobot_600:/home/amin/cobot/cobot_ws/install/mycobot_320pi:/home/amin/cobot/cobot_ws/install/mycobot_320_riscv:/home/amin/cobot/cobot_ws/install/mycobot_320:/home/amin/cobot/cobot_ws/install/mycobot_280rdkx5_moveit2:/home/amin/cobot/cobot_ws/install/mycobot_280pi:/home/amin/cobot/cobot_ws/install/mycobot_280jn:/home/amin/cobot/cobot_ws/install/mycobot_280arduino_moveit2:/home/amin/cobot/cobot_ws/install/mycobot_280_x3pi:/home/amin/cobot/cobot_ws/install/mycobot_280_riscv:/home/amin/cobot/cobot_ws/install/mycobot_280_rdkx5:/home/amin/cobot/cobot_ws/install/mycobot_280_moveit2_control:/home/amin/cobot/cobot_ws/install/mycobot_280_moveit2:/home/amin/cobot/cobot_ws/install/mycobot_280_gazebo_jazzy:/home/amin/cobot/cobot_ws/install/mycobot_280_gazebo:/home/amin/cobot/cobot_ws/install/mycobot_280_arduino:/home/amin/cobot/cobot_ws/install/mycobot_280:/home/amin/cobot/cobot_ws/install/mybuddy:/home/amin/cobot/cobot_ws/install/myarm_300:/home/amin/cobot/cobot_ws/install/mecharm_pi:/home/amin/cobot/cobot_ws/install/mecharm:/home/amin/cobot/cobot_ws/install/mecharm_interfaces:/opt/ros/jazzy DEBUGINFOD_URLS=https://debuginfod.ubuntu.com PYTHONPATH=/home/amin/cobot/cobot_ws/build/mycobot_280_arduino/prefix_override:/usr/lib/python3/dist-packages/colcon_core/task/python/colcon_distutils_commands:/home/amin/cobot/cobot_ws/install/mycobot_280_arduino/lib/python3.12/site-packages:/home/amin/cobot/cobot_ws/install/mycobot_description/lib/python3.12/site-packages:/home/amin/cobot/cobot_ws/install/ultraarm/lib/python3.12/site-packages:/home/amin/cobot/cobot_ws/install/pro450_moveit2_control/lib/python3.12/site-packages:/home/amin/cobot/cobot_ws/install/mypalletizer_communication/lib/python3.12/site-packages:/home/amin/cobot/cobot_ws/install/mypalletizer_interfaces/lib/python3.12/site-packages:/home/amin/cobot/cobot_ws/install/mypalletizer_260_pi/lib/python3.12/site-packages:/home/amin/cobot/cobot_ws/install/mypalletizer_260/lib/python3.12/site-packages:/home/amin/cobot/cobot_ws/install/mycobot_pro_450/lib/python3.12/site-packages:/home/amin/cobot/cobot_ws/install/mycobot_pro450_interfaces/lib/python3.12/site-packages:/home/amin/cobot/cobot_ws/install/myarm_m750/lib/python3.12/site-packages:/home/amin/cobot/cobot_ws/install/myarm_c650/lib/python3.12/site-packages:/home/amin/cobot/cobot_ws/install/mycobot_communication/lib/python3.12/site-packages:/home/amin/cobot/cobot_ws/install/mecharm_communication/lib/python3.12/site-packages:/home/amin/cobot/cobot_ws/install/mycobot_interfaces/lib/python3.12/site-packages:/home/amin/cobot/cobot_ws/install/mycobot_630/lib/python3.12/site-packages:/home/amin/cobot/cobot_ws/install/mycobot_600/lib/python3.12/site-packages:/home/amin/cobot/cobot_ws/install/mycobot_320pi/lib/python3.12/site-packages:/home/amin/cobot/cobot_ws/install/mycobot_320_riscv/lib/python3.12/site-packages:/home/amin/cobot/cobot_ws/install/mycobot_320/lib/python3.12/site-packages:/home/amin/cobot/cobot_ws/install/mycobot_280pi/lib/python3.12/site-packages:/home/amin/cobot/cobot_ws/install/mycobot_280jn/lib/python3.12/site-packages:/home/amin/cobot/cobot_ws/install/mycobot_280_x3pi/lib/python3.12/site-packages:/home/amin/cobot/cobot_ws/install/mycobot_280_riscv/lib/python3.12/site-packages:/home/amin/cobot/cobot_ws/install/mycobot_280_rdkx5/lib/python3.12/site-packages:/home/amin/cobot/cobot_ws/install/mycobot_280_moveit2_control/lib/python3.12/site-packages:/home/amin/cobot/cobot_ws/install/mycobot_280_arduino/lib/python3.12/site-packages:/home/amin/cobot/cobot_ws/install/mycobot_280/lib/python3.12/site-packages:/home/amin/cobot/cobot_ws/install/mybuddy/lib/python3.12/site-packages:/home/amin/cobot/cobot_ws/install/myarm_300/lib/python3.12/site-packages:/home/amin/cobot/cobot_ws/install/mecharm_pi/lib/python3.12/site-packages:/home/amin/cobot/cobot_ws/install/mecharm/lib/python3.12/site-packages:/home/amin/cobot/cobot_ws/install/mecharm_interfaces/lib/python3.12/site-packages:/opt/ros/jazzy/lib/python3.12/site-packages /usr/bin/python3 -W ignore:setup.py install is deprecated -W ignore:easy_install command is deprecated setup.py egg_info --egg-base ../../../../build/mycobot_280_arduino build --build-base /home/amin/cobot/cobot_ws/build/mycobot_280_arduino/build install --record /home/amin/cobot/cobot_ws/build/mycobot_280_arduino/install.log --single-version-externally-managed install_data
[4.934s] DEBUG:colcon.colcon_core.event_handler.log_command:Invoked command in '/home/amin/cobot/cobot_ws/src/mycobot_ros2/mycobot_280/mycobot_280' returned '0': AMENT_PREFIX_PATH=/home/amin/cobot/cobot_ws/install/mycobot_description:/home/amin/cobot/cobot_ws/install/ultraarm:/home/amin/cobot/cobot_ws/install/pro450_moveit2_control:/home/amin/cobot/cobot_ws/install/pro450_moveit2:/home/amin/cobot/cobot_ws/install/mypalletizer_communication:/home/amin/cobot/cobot_ws/install/mypalletizer_interfaces:/home/amin/cobot/cobot_ws/install/mypalletizer_260_pi:/home/amin/cobot/cobot_ws/install/mypalletizer_260:/home/amin/cobot/cobot_ws/install/mycobot_pro_450:/home/amin/cobot/cobot_ws/install/mycobot_pro450_interfaces:/home/amin/cobot/cobot_ws/install/myarm_m750:/home/amin/cobot/cobot_ws/install/myarm_c650:/home/amin/cobot/cobot_ws/install/mycobot_communication:/home/amin/cobot/cobot_ws/install/mecharm_communication:/home/amin/cobot/cobot_ws/install/mycobot_interfaces:/home/amin/cobot/cobot_ws/install/mycobot_630:/home/amin/cobot/cobot_ws/install/mycobot_600:/home/amin/cobot/cobot_ws/install/mycobot_320pi:/home/amin/cobot/cobot_ws/install/mycobot_320_riscv:/home/amin/cobot/cobot_ws/install/mycobot_320:/home/amin/cobot/cobot_ws/install/mycobot_280rdkx5_moveit2:/home/amin/cobot/cobot_ws/install/mycobot_280pi:/home/amin/cobot/cobot_ws/install/mycobot_280jn:/home/amin/cobot/cobot_ws/install/mycobot_280arduino_moveit2:/home/amin/cobot/cobot_ws/install/mycobot_280_x3pi:/home/amin/cobot/cobot_ws/install/mycobot_280_riscv:/home/amin/cobot/cobot_ws/install/mycobot_280_rdkx5:/home/amin/cobot/cobot_ws/install/mycobot_280_moveit2_control:/home/amin/cobot/cobot_ws/install/mycobot_280_moveit2:/home/amin/cobot/cobot_ws/install/mycobot_280_gazebo_jazzy:/home/amin/cobot/cobot_ws/install/mycobot_280_gazebo:/home/amin/cobot/cobot_ws/install/mycobot_280_arduino:/home/amin/cobot/cobot_ws/install/mycobot_280:/home/amin/cobot/cobot_ws/install/mybuddy:/home/amin/cobot/cobot_ws/install/myarm_300:/home/amin/cobot/cobot_ws/install/mecharm_pi:/home/amin/cobot/cobot_ws/install/mecharm:/home/amin/cobot/cobot_ws/install/mecharm_interfaces:/opt/ros/jazzy DEBUGINFOD_URLS=https://debuginfod.ubuntu.com PYTHONPATH=/home/amin/cobot/cobot_ws/build/mycobot_280/prefix_override:/usr/lib/python3/dist-packages/colcon_core/task/python/colcon_distutils_commands:/home/amin/cobot/cobot_ws/install/mycobot_280/lib/python3.12/site-packages:/home/amin/cobot/cobot_ws/install/mycobot_description/lib/python3.12/site-packages:/home/amin/cobot/cobot_ws/install/ultraarm/lib/python3.12/site-packages:/home/amin/cobot/cobot_ws/install/pro450_moveit2_control/lib/python3.12/site-packages:/home/amin/cobot/cobot_ws/install/mypalletizer_communication/lib/python3.12/site-packages:/home/amin/cobot/cobot_ws/install/mypalletizer_interfaces/lib/python3.12/site-packages:/home/amin/cobot/cobot_ws/install/mypalletizer_260_pi/lib/python3.12/site-packages:/home/amin/cobot/cobot_ws/install/mypalletizer_260/lib/python3.12/site-packages:/home/amin/cobot/cobot_ws/install/mycobot_pro_450/lib/python3.12/site-packages:/home/amin/cobot/cobot_ws/install/mycobot_pro450_interfaces/lib/python3.12/site-packages:/home/amin/cobot/cobot_ws/install/myarm_m750/lib/python3.12/site-packages:/home/amin/cobot/cobot_ws/install/myarm_c650/lib/python3.12/site-packages:/home/amin/cobot/cobot_ws/install/mycobot_communication/lib/python3.12/site-packages:/home/amin/cobot/cobot_ws/install/mecharm_communication/lib/python3.12/site-packages:/home/amin/cobot/cobot_ws/install/mycobot_interfaces/lib/python3.12/site-packages:/home/amin/cobot/cobot_ws/install/mycobot_630/lib/python3.12/site-packages:/home/amin/cobot/cobot_ws/install/mycobot_600/lib/python3.12/site-packages:/home/amin/cobot/cobot_ws/install/mycobot_320pi/lib/python3.12/site-packages:/home/amin/cobot/cobot_ws/install/mycobot_320_riscv/lib/python3.12/site-packages:/home/amin/cobot/cobot_ws/install/mycobot_320/lib/python3.12/site-packages:/home/amin/cobot/cobot_ws/install/mycobot_280pi/lib/python3.12/site-packages:/home/amin/cobot/cobot_ws/install/mycobot_280jn/lib/python3.12/site-packages:/home/amin/cobot/cobot_ws/install/mycobot_280_x3pi/lib/python3.12/site-packages:/home/amin/cobot/cobot_ws/install/mycobot_280_riscv/lib/python3.12/site-packages:/home/amin/cobot/cobot_ws/install/mycobot_280_rdkx5/lib/python3.12/site-packages:/home/amin/cobot/cobot_ws/install/mycobot_280_moveit2_control/lib/python3.12/site-packages:/home/amin/cobot/cobot_ws/install/mycobot_280_arduino/lib/python3.12/site-packages:/home/amin/cobot/cobot_ws/install/mycobot_280/lib/python3.12/site-packages:/home/amin/cobot/cobot_ws/install/mybuddy/lib/python3.12/site-packages:/home/amin/cobot/cobot_ws/install/myarm_300/lib/python3.12/site-packages:/home/amin/cobot/cobot_ws/install/mecharm_pi/lib/python3.12/site-packages:/home/amin/cobot/cobot_ws/install/mecharm/lib/python3.12/site-packages:/home/amin/cobot/cobot_ws/install/mecharm_interfaces/lib/python3.12/site-packages:/opt/ros/jazzy/lib/python3.12/site-packages /usr/bin/python3 -W ignore:setup.py install is deprecated -W ignore:easy_install command is deprecated setup.py egg_info --egg-base ../../../../build/mycobot_280 build --build-base /home/amin/cobot/cobot_ws/build/mycobot_280/build install --record /home/amin/cobot/cobot_ws/build/mycobot_280/install.log --single-version-externally-managed install_data
[4.934s] Level 1:colcon.colcon_core.environment:checking '/home/amin/cobot/cobot_ws/install/mycobot_280' for CMake config files
[4.934s] Level 1:colcon.colcon_core.environment:checking '/home/amin/cobot/cobot_ws/install/mycobot_280/lib'
[4.934s] Level 1:colcon.colcon_core.environment:checking '/home/amin/cobot/cobot_ws/install/mycobot_280/bin'
[4.934s] Level 1:colcon.colcon_core.environment:checking '/home/amin/cobot/cobot_ws/install/mycobot_280/lib/pkgconfig/mycobot_280.pc'
[4.935s] Level 1:colcon.colcon_core.environment:checking '/home/amin/cobot/cobot_ws/install/mycobot_280/lib/python3.12/site-packages'
[4.935s] Level 1:colcon.colcon_core.shell:create_environment_hook('mycobot_280', 'pythonpath')
[4.935s] INFO:colcon.colcon_core.shell:Creating environment hook '/home/amin/cobot/cobot_ws/install/mycobot_280/share/mycobot_280/hook/pythonpath.ps1'
[4.935s] INFO:colcon.colcon_core.shell:Creating environment descriptor '/home/amin/cobot/cobot_ws/install/mycobot_280/share/mycobot_280/hook/pythonpath.dsv'
[4.935s] INFO:colcon.colcon_core.shell:Creating environment hook '/home/amin/cobot/cobot_ws/install/mycobot_280/share/mycobot_280/hook/pythonpath.sh'
[4.936s] Level 1:colcon.colcon_core.environment:checking '/home/amin/cobot/cobot_ws/install/mycobot_280/bin'
[4.936s] Level 1:colcon.colcon_core.environment:create_environment_scripts_only(mycobot_280)
[4.936s] INFO:colcon.colcon_core.shell:Creating package script '/home/amin/cobot/cobot_ws/install/mycobot_280/share/mycobot_280/package.ps1'
[4.936s] INFO:colcon.colcon_core.shell:Creating package descriptor '/home/amin/cobot/cobot_ws/install/mycobot_280/share/mycobot_280/package.dsv'
[4.936s] INFO:colcon.colcon_core.shell:Creating package script '/home/amin/cobot/cobot_ws/install/mycobot_280/share/mycobot_280/package.sh'
[4.937s] INFO:colcon.colcon_core.shell:Creating package script '/home/amin/cobot/cobot_ws/install/mycobot_280/share/mycobot_280/package.bash'
[4.937s] INFO:colcon.colcon_core.shell:Creating package script '/home/amin/cobot/cobot_ws/install/mycobot_280/share/mycobot_280/package.zsh'
[4.937s] Level 1:colcon.colcon_core.environment:create_file_with_runtime_dependencies(/home/amin/cobot/cobot_ws/install/mycobot_280/share/colcon-core/packages/mycobot_280)
[4.938s] INFO:colcon.colcon_ros.task.ament_python.build:Building ROS package in '/home/amin/cobot/cobot_ws/src/mycobot_ros2/mycobot_280/mycobot_280_x3pi' with build type 'ament_python'
[4.938s] Level 1:colcon.colcon_core.shell:create_environment_hook('mycobot_280_x3pi', 'ament_prefix_path')
[4.938s] INFO:colcon.colcon_core.shell:Creating environment hook '/home/amin/cobot/cobot_ws/install/mycobot_280_x3pi/share/mycobot_280_x3pi/hook/ament_prefix_path.ps1'
[4.938s] INFO:colcon.colcon_core.shell:Creating environment descriptor '/home/amin/cobot/cobot_ws/install/mycobot_280_x3pi/share/mycobot_280_x3pi/hook/ament_prefix_path.dsv'
[4.938s] INFO:colcon.colcon_core.shell:Creating environment hook '/home/amin/cobot/cobot_ws/install/mycobot_280_x3pi/share/mycobot_280_x3pi/hook/ament_prefix_path.sh'
[4.939s] INFO:colcon.colcon_core.shell:Skip shell extension 'powershell' for command environment: Not usable outside of PowerShell
[4.939s] DEBUG:colcon.colcon_core.shell:Skip shell extension 'dsv' for command environment
[4.942s] INFO:colcon.colcon_ros.task.ament_cmake.build:Building ROS package in '/home/amin/cobot/cobot_ws/src/mycobot_ros2/mycobot_280/mycobot_280arduino_moveit2' with build type 'ament_cmake'
[4.943s] INFO:colcon.colcon_cmake.task.cmake.build:Building CMake package in '/home/amin/cobot/cobot_ws/src/mycobot_ros2/mycobot_280/mycobot_280arduino_moveit2'
[4.943s] INFO:colcon.colcon_core.shell:Skip shell extension 'powershell' for command environment: Not usable outside of PowerShell
[4.943s] DEBUG:colcon.colcon_core.shell:Skip shell extension 'dsv' for command environment
[4.946s] INFO:colcon.colcon_ros.task.ament_python.build:Building ROS package in '/home/amin/cobot/cobot_ws/src/mycobot_ros2/mycobot_280/mycobot_280jn' with build type 'ament_python'
[4.947s] Level 1:colcon.colcon_core.shell:create_environment_hook('mycobot_280jn', 'ament_prefix_path')
[4.947s] INFO:colcon.colcon_core.shell:Creating environment hook '/home/amin/cobot/cobot_ws/install/mycobot_280jn/share/mycobot_280jn/hook/ament_prefix_path.ps1'
[4.947s] INFO:colcon.colcon_core.shell:Creating environment descriptor '/home/amin/cobot/cobot_ws/install/mycobot_280jn/share/mycobot_280jn/hook/ament_prefix_path.dsv'
[4.947s] INFO:colcon.colcon_core.shell:Creating environment hook '/home/amin/cobot/cobot_ws/install/mycobot_280jn/share/mycobot_280jn/hook/ament_prefix_path.sh'
[4.948s] INFO:colcon.colcon_core.shell:Skip shell extension 'powershell' for command environment: Not usable outside of PowerShell
[4.948s] DEBUG:colcon.colcon_core.shell:Skip shell extension 'dsv' for command environment
[4.952s] INFO:colcon.colcon_ros.task.ament_python.build:Building ROS package in '/home/amin/cobot/cobot_ws/src/mycobot_ros2/mycobot_280/mycobot_280pi' with build type 'ament_python'
[4.952s] Level 1:colcon.colcon_core.shell:create_environment_hook('mycobot_280pi', 'ament_prefix_path')
[4.952s] INFO:colcon.colcon_core.shell:Creating environment hook '/home/amin/cobot/cobot_ws/install/mycobot_280pi/share/mycobot_280pi/hook/ament_prefix_path.ps1'
[4.953s] INFO:colcon.colcon_core.shell:Creating environment descriptor '/home/amin/cobot/cobot_ws/install/mycobot_280pi/share/mycobot_280pi/hook/ament_prefix_path.dsv'
[4.953s] INFO:colcon.colcon_core.shell:Creating environment hook '/home/amin/cobot/cobot_ws/install/mycobot_280pi/share/mycobot_280pi/hook/ament_prefix_path.sh'
[4.954s] INFO:colcon.colcon_core.shell:Skip shell extension 'powershell' for command environment: Not usable outside of PowerShell
[4.954s] DEBUG:colcon.colcon_core.shell:Skip shell extension 'dsv' for command environment
[4.959s] Level 1:colcon.colcon_core.environment:checking '/home/amin/cobot/cobot_ws/install/mecharm_pi' for CMake module files
[4.960s] DEBUG:colcon.colcon_core.event_handler.log_command:Invoked command in '/home/amin/cobot/cobot_ws/src/mycobot_ros2/mecharm/mecharm_pi' returned '0': AMENT_PREFIX_PATH=/home/amin/cobot/cobot_ws/install/mycobot_description:/home/amin/cobot/cobot_ws/install/ultraarm:/home/amin/cobot/cobot_ws/install/pro450_moveit2_control:/home/amin/cobot/cobot_ws/install/pro450_moveit2:/home/amin/cobot/cobot_ws/install/mypalletizer_communication:/home/amin/cobot/cobot_ws/install/mypalletizer_interfaces:/home/amin/cobot/cobot_ws/install/mypalletizer_260_pi:/home/amin/cobot/cobot_ws/install/mypalletizer_260:/home/amin/cobot/cobot_ws/install/mycobot_pro_450:/home/amin/cobot/cobot_ws/install/mycobot_pro450_interfaces:/home/amin/cobot/cobot_ws/install/myarm_m750:/home/amin/cobot/cobot_ws/install/myarm_c650:/home/amin/cobot/cobot_ws/install/mycobot_communication:/home/amin/cobot/cobot_ws/install/mecharm_communication:/home/amin/cobot/cobot_ws/install/mycobot_interfaces:/home/amin/cobot/cobot_ws/install/mycobot_630:/home/amin/cobot/cobot_ws/install/mycobot_600:/home/amin/cobot/cobot_ws/install/mycobot_320pi:/home/amin/cobot/cobot_ws/install/mycobot_320_riscv:/home/amin/cobot/cobot_ws/install/mycobot_320:/home/amin/cobot/cobot_ws/install/mycobot_280rdkx5_moveit2:/home/amin/cobot/cobot_ws/install/mycobot_280pi:/home/amin/cobot/cobot_ws/install/mycobot_280jn:/home/amin/cobot/cobot_ws/install/mycobot_280arduino_moveit2:/home/amin/cobot/cobot_ws/install/mycobot_280_x3pi:/home/amin/cobot/cobot_ws/install/mycobot_280_riscv:/home/amin/cobot/cobot_ws/install/mycobot_280_rdkx5:/home/amin/cobot/cobot_ws/install/mycobot_280_moveit2_control:/home/amin/cobot/cobot_ws/install/mycobot_280_moveit2:/home/amin/cobot/cobot_ws/install/mycobot_280_gazebo_jazzy:/home/amin/cobot/cobot_ws/install/mycobot_280_gazebo:/home/amin/cobot/cobot_ws/install/mycobot_280_arduino:/home/amin/cobot/cobot_ws/install/mycobot_280:/home/amin/cobot/cobot_ws/install/mybuddy:/home/amin/cobot/cobot_ws/install/myarm_300:/home/amin/cobot/cobot_ws/install/mecharm_pi:/home/amin/cobot/cobot_ws/install/mecharm:/home/amin/cobot/cobot_ws/install/mecharm_interfaces:/opt/ros/jazzy DEBUGINFOD_URLS=https://debuginfod.ubuntu.com PYTHONPATH=/home/amin/cobot/cobot_ws/build/mecharm_pi/prefix_override:/usr/lib/python3/dist-packages/colcon_core/task/python/colcon_distutils_commands:/home/amin/cobot/cobot_ws/install/mecharm_pi/lib/python3.12/site-packages:/home/amin/cobot/cobot_ws/install/mycobot_description/lib/python3.12/site-packages:/home/amin/cobot/cobot_ws/install/ultraarm/lib/python3.12/site-packages:/home/amin/cobot/cobot_ws/install/pro450_moveit2_control/lib/python3.12/site-packages:/home/amin/cobot/cobot_ws/install/mypalletizer_communication/lib/python3.12/site-packages:/home/amin/cobot/cobot_ws/install/mypalletizer_interfaces/lib/python3.12/site-packages:/home/amin/cobot/cobot_ws/install/mypalletizer_260_pi/lib/python3.12/site-packages:/home/amin/cobot/cobot_ws/install/mypalletizer_260/lib/python3.12/site-packages:/home/amin/cobot/cobot_ws/install/mycobot_pro_450/lib/python3.12/site-packages:/home/amin/cobot/cobot_ws/install/mycobot_pro450_interfaces/lib/python3.12/site-packages:/home/amin/cobot/cobot_ws/install/myarm_m750/lib/python3.12/site-packages:/home/amin/cobot/cobot_ws/install/myarm_c650/lib/python3.12/site-packages:/home/amin/cobot/cobot_ws/install/mycobot_communication/lib/python3.12/site-packages:/home/amin/cobot/cobot_ws/install/mecharm_communication/lib/python3.12/site-packages:/home/amin/cobot/cobot_ws/install/mycobot_interfaces/lib/python3.12/site-packages:/home/amin/cobot/cobot_ws/install/mycobot_630/lib/python3.12/site-packages:/home/amin/cobot/cobot_ws/install/mycobot_600/lib/python3.12/site-packages:/home/amin/cobot/cobot_ws/install/mycobot_320pi/lib/python3.12/site-packages:/home/amin/cobot/cobot_ws/install/mycobot_320_riscv/lib/python3.12/site-packages:/home/amin/cobot/cobot_ws/install/mycobot_320/lib/python3.12/site-packages:/home/amin/cobot/cobot_ws/install/mycobot_280pi/lib/python3.12/site-packages:/home/amin/cobot/cobot_ws/install/mycobot_280jn/lib/python3.12/site-packages:/home/amin/cobot/cobot_ws/install/mycobot_280_x3pi/lib/python3.12/site-packages:/home/amin/cobot/cobot_ws/install/mycobot_280_riscv/lib/python3.12/site-packages:/home/amin/cobot/cobot_ws/install/mycobot_280_rdkx5/lib/python3.12/site-packages:/home/amin/cobot/cobot_ws/install/mycobot_280_moveit2_control/lib/python3.12/site-packages:/home/amin/cobot/cobot_ws/install/mycobot_280_arduino/lib/python3.12/site-packages:/home/amin/cobot/cobot_ws/install/mycobot_280/lib/python3.12/site-packages:/home/amin/cobot/cobot_ws/install/mybuddy/lib/python3.12/site-packages:/home/amin/cobot/cobot_ws/install/myarm_300/lib/python3.12/site-packages:/home/amin/cobot/cobot_ws/install/mecharm_pi/lib/python3.12/site-packages:/home/amin/cobot/cobot_ws/install/mecharm/lib/python3.12/site-packages:/home/amin/cobot/cobot_ws/install/mecharm_interfaces/lib/python3.12/site-packages:/opt/ros/jazzy/lib/python3.12/site-packages /usr/bin/python3 -W ignore:setup.py install is deprecated -W ignore:easy_install command is deprecated setup.py egg_info --egg-base ../../../../build/mecharm_pi build --build-base /home/amin/cobot/cobot_ws/build/mecharm_pi/build install --record /home/amin/cobot/cobot_ws/build/mecharm_pi/install.log --single-version-externally-managed install_data
[4.960s] Level 1:colcon.colcon_core.environment:checking '/home/amin/cobot/cobot_ws/install/mecharm_pi' for CMake config files
[4.960s] Level 1:colcon.colcon_core.environment:checking '/home/amin/cobot/cobot_ws/install/mecharm_pi/lib'
[4.960s] Level 1:colcon.colcon_core.environment:checking '/home/amin/cobot/cobot_ws/install/mecharm_pi/bin'
[4.960s] Level 1:colcon.colcon_core.environment:checking '/home/amin/cobot/cobot_ws/install/mecharm_pi/lib/pkgconfig/mecharm_pi.pc'
[4.960s] Level 1:colcon.colcon_core.environment:checking '/home/amin/cobot/cobot_ws/install/mecharm_pi/lib/python3.12/site-packages'
[4.961s] Level 1:colcon.colcon_core.shell:create_environment_hook('mecharm_pi', 'pythonpath')
[4.961s] INFO:colcon.colcon_core.shell:Creating environment hook '/home/amin/cobot/cobot_ws/install/mecharm_pi/share/mecharm_pi/hook/pythonpath.ps1'
[4.961s] INFO:colcon.colcon_core.shell:Creating environment descriptor '/home/amin/cobot/cobot_ws/install/mecharm_pi/share/mecharm_pi/hook/pythonpath.dsv'
[4.961s] INFO:colcon.colcon_core.shell:Creating environment hook '/home/amin/cobot/cobot_ws/install/mecharm_pi/share/mecharm_pi/hook/pythonpath.sh'
[4.962s] Level 1:colcon.colcon_core.environment:checking '/home/amin/cobot/cobot_ws/install/mecharm_pi/bin'
[4.962s] Level 1:colcon.colcon_core.environment:create_environment_scripts_only(mecharm_pi)
[4.962s] INFO:colcon.colcon_core.shell:Creating package script '/home/amin/cobot/cobot_ws/install/mecharm_pi/share/mecharm_pi/package.ps1'
[4.962s] INFO:colcon.colcon_core.shell:Creating package descriptor '/home/amin/cobot/cobot_ws/install/mecharm_pi/share/mecharm_pi/package.dsv'
[4.963s] INFO:colcon.colcon_core.shell:Creating package script '/home/amin/cobot/cobot_ws/install/mecharm_pi/share/mecharm_pi/package.sh'
[4.963s] INFO:colcon.colcon_core.shell:Creating package script '/home/amin/cobot/cobot_ws/install/mecharm_pi/share/mecharm_pi/package.bash'
[4.963s] INFO:colcon.colcon_core.shell:Creating package script '/home/amin/cobot/cobot_ws/install/mecharm_pi/share/mecharm_pi/package.zsh'
[4.963s] Level 1:colcon.colcon_core.environment:create_file_with_runtime_dependencies(/home/amin/cobot/cobot_ws/install/mecharm_pi/share/colcon-core/packages/mecharm_pi)
[4.964s] INFO:colcon.colcon_ros.task.ament_cmake.build:Building ROS package in '/home/amin/cobot/cobot_ws/src/mycobot_ros2/mycobot_280/mycobot_280rdkx5_moveit2' with build type 'ament_cmake'
[4.964s] INFO:colcon.colcon_cmake.task.cmake.build:Building CMake package in '/home/amin/cobot/cobot_ws/src/mycobot_ros2/mycobot_280/mycobot_280rdkx5_moveit2'
[4.964s] INFO:colcon.colcon_core.shell:Skip shell extension 'powershell' for command environment: Not usable outside of PowerShell
[4.965s] DEBUG:colcon.colcon_core.shell:Skip shell extension 'dsv' for command environment
[5.150s] INFO:colcon.colcon_core.task.python.build:Building Python package in '/home/amin/cobot/cobot_ws/src/mycobot_ros2/mycobot_280/mycobot_280_x3pi'
[5.151s] INFO:colcon.colcon_core.shell:Skip shell extension 'powershell' for command environment: Not usable outside of PowerShell
[5.151s] DEBUG:colcon.colcon_core.shell:Skip shell extension 'dsv' for command environment
[5.157s] DEBUG:colcon.colcon_core.event_handler.log_command:Invoking command in '/home/amin/cobot/cobot_ws/build/mycobot_280arduino_moveit2': AMENT_PREFIX_PATH=/home/amin/cobot/cobot_ws/install/mycobot_description:/home/amin/cobot/cobot_ws/install/ultraarm:/home/amin/cobot/cobot_ws/install/pro450_moveit2_control:/home/amin/cobot/cobot_ws/install/pro450_moveit2:/home/amin/cobot/cobot_ws/install/mypalletizer_communication:/home/amin/cobot/cobot_ws/install/mypalletizer_interfaces:/home/amin/cobot/cobot_ws/install/mypalletizer_260_pi:/home/amin/cobot/cobot_ws/install/mypalletizer_260:/home/amin/cobot/cobot_ws/install/mycobot_pro_450:/home/amin/cobot/cobot_ws/install/mycobot_pro450_interfaces:/home/amin/cobot/cobot_ws/install/myarm_m750:/home/amin/cobot/cobot_ws/install/myarm_c650:/home/amin/cobot/cobot_ws/install/mycobot_communication:/home/amin/cobot/cobot_ws/install/mecharm_communication:/home/amin/cobot/cobot_ws/install/mycobot_interfaces:/home/amin/cobot/cobot_ws/install/mycobot_630:/home/amin/cobot/cobot_ws/install/mycobot_600:/home/amin/cobot/cobot_ws/install/mycobot_320pi:/home/amin/cobot/cobot_ws/install/mycobot_320_riscv:/home/amin/cobot/cobot_ws/install/mycobot_320:/home/amin/cobot/cobot_ws/install/mycobot_280rdkx5_moveit2:/home/amin/cobot/cobot_ws/install/mycobot_280pi:/home/amin/cobot/cobot_ws/install/mycobot_280jn:/home/amin/cobot/cobot_ws/install/mycobot_280arduino_moveit2:/home/amin/cobot/cobot_ws/install/mycobot_280_x3pi:/home/amin/cobot/cobot_ws/install/mycobot_280_riscv:/home/amin/cobot/cobot_ws/install/mycobot_280_rdkx5:/home/amin/cobot/cobot_ws/install/mycobot_280_moveit2_control:/home/amin/cobot/cobot_ws/install/mycobot_280_moveit2:/home/amin/cobot/cobot_ws/install/mycobot_280_gazebo_jazzy:/home/amin/cobot/cobot_ws/install/mycobot_280_gazebo:/home/amin/cobot/cobot_ws/install/mycobot_280_arduino:/home/amin/cobot/cobot_ws/install/mycobot_280:/home/amin/cobot/cobot_ws/install/mybuddy:/home/amin/cobot/cobot_ws/install/myarm_300:/home/amin/cobot/cobot_ws/install/mecharm_pi:/home/amin/cobot/cobot_ws/install/mecharm:/home/amin/cobot/cobot_ws/install/mecharm_interfaces:/opt/ros/jazzy CMAKE_PREFIX_PATH=${CMAKE_PREFIX_PATH}:/home/amin/cobot/cobot_ws/install/ultraarm:/home/amin/cobot/cobot_ws/install/pro450_moveit2_control:/home/amin/cobot/cobot_ws/install/mypalletizer_communication:/home/amin/cobot/cobot_ws/install/mypalletizer_260_pi:/home/amin/cobot/cobot_ws/install/mypalletizer_260:/home/amin/cobot/cobot_ws/install/mycobot_pro_450:/home/amin/cobot/cobot_ws/install/myarm_m750:/home/amin/cobot/cobot_ws/install/myarm_c650:/home/amin/cobot/cobot_ws/install/mycobot_communication:/home/amin/cobot/cobot_ws/install/mecharm_communication:/home/amin/cobot/cobot_ws/install/mycobot_630:/home/amin/cobot/cobot_ws/install/mycobot_600:/home/amin/cobot/cobot_ws/install/mycobot_320pi:/home/amin/cobot/cobot_ws/install/mycobot_320_riscv:/home/amin/cobot/cobot_ws/install/mycobot_320:/home/amin/cobot/cobot_ws/install/mycobot_280pi:/home/amin/cobot/cobot_ws/install/mycobot_280jn:/home/amin/cobot/cobot_ws/install/mycobot_280_x3pi:/home/amin/cobot/cobot_ws/install/mycobot_280_riscv:/home/amin/cobot/cobot_ws/install/mycobot_280_rdkx5:/home/amin/cobot/cobot_ws/install/mycobot_280_moveit2_control:/home/amin/cobot/cobot_ws/install/mycobot_280_arduino:/home/amin/cobot/cobot_ws/install/mycobot_280:/home/amin/cobot/cobot_ws/install/mybuddy:/home/amin/cobot/cobot_ws/install/myarm_300:/home/amin/cobot/cobot_ws/install/mecharm_pi:/home/amin/cobot/cobot_ws/install/mecharm:/home/amin/cobot/cobot_ws/install/mycobot_description:/opt/ros/jazzy DEBUGINFOD_URLS=https://debuginfod.ubuntu.com PYTHONPATH=/home/amin/cobot/cobot_ws/install/mycobot_description/lib/python3.12/site-packages:/home/amin/cobot/cobot_ws/install/ultraarm/lib/python3.12/site-packages:/home/amin/cobot/cobot_ws/install/pro450_moveit2_control/lib/python3.12/site-packages:/home/amin/cobot/cobot_ws/install/mypalletizer_communication/lib/python3.12/site-packages:/home/amin/cobot/cobot_ws/install/mypalletizer_interfaces/lib/python3.12/site-packages:/home/amin/cobot/cobot_ws/install/mypalletizer_260_pi/lib/python3.12/site-packages:/home/amin/cobot/cobot_ws/install/mypalletizer_260/lib/python3.12/site-packages:/home/amin/cobot/cobot_ws/install/mycobot_pro_450/lib/python3.12/site-packages:/home/amin/cobot/cobot_ws/install/mycobot_pro450_interfaces/lib/python3.12/site-packages:/home/amin/cobot/cobot_ws/install/myarm_m750/lib/python3.12/site-packages:/home/amin/cobot/cobot_ws/install/myarm_c650/lib/python3.12/site-packages:/home/amin/cobot/cobot_ws/install/mycobot_communication/lib/python3.12/site-packages:/home/amin/cobot/cobot_ws/install/mecharm_communication/lib/python3.12/site-packages:/home/amin/cobot/cobot_ws/install/mycobot_interfaces/lib/python3.12/site-packages:/home/amin/cobot/cobot_ws/install/mycobot_630/lib/python3.12/site-packages:/home/amin/cobot/cobot_ws/install/mycobot_600/lib/python3.12/site-packages:/home/amin/cobot/cobot_ws/install/mycobot_320pi/lib/python3.12/site-packages:/home/amin/cobot/cobot_ws/install/mycobot_320_riscv/lib/python3.12/site-packages:/home/amin/cobot/cobot_ws/install/mycobot_320/lib/python3.12/site-packages:/home/amin/cobot/cobot_ws/install/mycobot_280pi/lib/python3.12/site-packages:/home/amin/cobot/cobot_ws/install/mycobot_280jn/lib/python3.12/site-packages:/home/amin/cobot/cobot_ws/install/mycobot_280_x3pi/lib/python3.12/site-packages:/home/amin/cobot/cobot_ws/install/mycobot_280_riscv/lib/python3.12/site-packages:/home/amin/cobot/cobot_ws/install/mycobot_280_rdkx5/lib/python3.12/site-packages:/home/amin/cobot/cobot_ws/install/mycobot_280_moveit2_control/lib/python3.12/site-packages:/home/amin/cobot/cobot_ws/install/mycobot_280_arduino/lib/python3.12/site-packages:/home/amin/cobot/cobot_ws/install/mycobot_280/lib/python3.12/site-packages:/home/amin/cobot/cobot_ws/install/mybuddy/lib/python3.12/site-packages:/home/amin/cobot/cobot_ws/install/myarm_300/lib/python3.12/site-packages:/home/amin/cobot/cobot_ws/install/mecharm_pi/lib/python3.12/site-packages:/home/amin/cobot/cobot_ws/install/mecharm/lib/python3.12/site-packages:/home/amin/cobot/cobot_ws/install/mecharm_interfaces/lib/python3.12/site-packages:/opt/ros/jazzy/lib/python3.12/site-packages /usr/bin/cmake --build /home/amin/cobot/cobot_ws/build/mycobot_280arduino_moveit2 -- -j8 -l8
[5.329s] INFO:colcon.colcon_core.task.python.build:Building Python package in '/home/amin/cobot/cobot_ws/src/mycobot_ros2/mycobot_280/mycobot_280jn'
[5.329s] INFO:colcon.colcon_core.shell:Skip shell extension 'powershell' for command environment: Not usable outside of PowerShell
[5.329s] DEBUG:colcon.colcon_core.shell:Skip shell extension 'dsv' for command environment
[5.513s] INFO:colcon.colcon_core.task.python.build:Building Python package in '/home/amin/cobot/cobot_ws/src/mycobot_ros2/mycobot_280/mycobot_280pi'
[5.513s] INFO:colcon.colcon_core.shell:Skip shell extension 'powershell' for command environment: Not usable outside of PowerShell
[5.513s] DEBUG:colcon.colcon_core.shell:Skip shell extension 'dsv' for command environment
[5.520s] DEBUG:colcon.colcon_core.event_handler.log_command:Invoking command in '/home/amin/cobot/cobot_ws/build/mycobot_280rdkx5_moveit2': AMENT_PREFIX_PATH=/home/amin/cobot/cobot_ws/install/mycobot_description:/home/amin/cobot/cobot_ws/install/ultraarm:/home/amin/cobot/cobot_ws/install/pro450_moveit2_control:/home/amin/cobot/cobot_ws/install/pro450_moveit2:/home/amin/cobot/cobot_ws/install/mypalletizer_communication:/home/amin/cobot/cobot_ws/install/mypalletizer_interfaces:/home/amin/cobot/cobot_ws/install/mypalletizer_260_pi:/home/amin/cobot/cobot_ws/install/mypalletizer_260:/home/amin/cobot/cobot_ws/install/mycobot_pro_450:/home/amin/cobot/cobot_ws/install/mycobot_pro450_interfaces:/home/amin/cobot/cobot_ws/install/myarm_m750:/home/amin/cobot/cobot_ws/install/myarm_c650:/home/amin/cobot/cobot_ws/install/mycobot_communication:/home/amin/cobot/cobot_ws/install/mecharm_communication:/home/amin/cobot/cobot_ws/install/mycobot_interfaces:/home/amin/cobot/cobot_ws/install/mycobot_630:/home/amin/cobot/cobot_ws/install/mycobot_600:/home/amin/cobot/cobot_ws/install/mycobot_320pi:/home/amin/cobot/cobot_ws/install/mycobot_320_riscv:/home/amin/cobot/cobot_ws/install/mycobot_320:/home/amin/cobot/cobot_ws/install/mycobot_280rdkx5_moveit2:/home/amin/cobot/cobot_ws/install/mycobot_280pi:/home/amin/cobot/cobot_ws/install/mycobot_280jn:/home/amin/cobot/cobot_ws/install/mycobot_280arduino_moveit2:/home/amin/cobot/cobot_ws/install/mycobot_280_x3pi:/home/amin/cobot/cobot_ws/install/mycobot_280_riscv:/home/amin/cobot/cobot_ws/install/mycobot_280_rdkx5:/home/amin/cobot/cobot_ws/install/mycobot_280_moveit2_control:/home/amin/cobot/cobot_ws/install/mycobot_280_moveit2:/home/amin/cobot/cobot_ws/install/mycobot_280_gazebo_jazzy:/home/amin/cobot/cobot_ws/install/mycobot_280_gazebo:/home/amin/cobot/cobot_ws/install/mycobot_280_arduino:/home/amin/cobot/cobot_ws/install/mycobot_280:/home/amin/cobot/cobot_ws/install/mybuddy:/home/amin/cobot/cobot_ws/install/myarm_300:/home/amin/cobot/cobot_ws/install/mecharm_pi:/home/amin/cobot/cobot_ws/install/mecharm:/home/amin/cobot/cobot_ws/install/mecharm_interfaces:/opt/ros/jazzy CMAKE_PREFIX_PATH=${CMAKE_PREFIX_PATH}:/home/amin/cobot/cobot_ws/install/ultraarm:/home/amin/cobot/cobot_ws/install/pro450_moveit2_control:/home/amin/cobot/cobot_ws/install/mypalletizer_communication:/home/amin/cobot/cobot_ws/install/mypalletizer_260_pi:/home/amin/cobot/cobot_ws/install/mypalletizer_260:/home/amin/cobot/cobot_ws/install/mycobot_pro_450:/home/amin/cobot/cobot_ws/install/myarm_m750:/home/amin/cobot/cobot_ws/install/myarm_c650:/home/amin/cobot/cobot_ws/install/mycobot_communication:/home/amin/cobot/cobot_ws/install/mecharm_communication:/home/amin/cobot/cobot_ws/install/mycobot_630:/home/amin/cobot/cobot_ws/install/mycobot_600:/home/amin/cobot/cobot_ws/install/mycobot_320pi:/home/amin/cobot/cobot_ws/install/mycobot_320_riscv:/home/amin/cobot/cobot_ws/install/mycobot_320:/home/amin/cobot/cobot_ws/install/mycobot_280pi:/home/amin/cobot/cobot_ws/install/mycobot_280jn:/home/amin/cobot/cobot_ws/install/mycobot_280_x3pi:/home/amin/cobot/cobot_ws/install/mycobot_280_riscv:/home/amin/cobot/cobot_ws/install/mycobot_280_rdkx5:/home/amin/cobot/cobot_ws/install/mycobot_280_moveit2_control:/home/amin/cobot/cobot_ws/install/mycobot_280_arduino:/home/amin/cobot/cobot_ws/install/mycobot_280:/home/amin/cobot/cobot_ws/install/mybuddy:/home/amin/cobot/cobot_ws/install/myarm_300:/home/amin/cobot/cobot_ws/install/mecharm_pi:/home/amin/cobot/cobot_ws/install/mecharm:/home/amin/cobot/cobot_ws/install/mycobot_description:/opt/ros/jazzy DEBUGINFOD_URLS=https://debuginfod.ubuntu.com PYTHONPATH=/home/amin/cobot/cobot_ws/install/mycobot_description/lib/python3.12/site-packages:/home/amin/cobot/cobot_ws/install/ultraarm/lib/python3.12/site-packages:/home/amin/cobot/cobot_ws/install/pro450_moveit2_control/lib/python3.12/site-packages:/home/amin/cobot/cobot_ws/install/mypalletizer_communication/lib/python3.12/site-packages:/home/amin/cobot/cobot_ws/install/mypalletizer_interfaces/lib/python3.12/site-packages:/home/amin/cobot/cobot_ws/install/mypalletizer_260_pi/lib/python3.12/site-packages:/home/amin/cobot/cobot_ws/install/mypalletizer_260/lib/python3.12/site-packages:/home/amin/cobot/cobot_ws/install/mycobot_pro_450/lib/python3.12/site-packages:/home/amin/cobot/cobot_ws/install/mycobot_pro450_interfaces/lib/python3.12/site-packages:/home/amin/cobot/cobot_ws/install/myarm_m750/lib/python3.12/site-packages:/home/amin/cobot/cobot_ws/install/myarm_c650/lib/python3.12/site-packages:/home/amin/cobot/cobot_ws/install/mycobot_communication/lib/python3.12/site-packages:/home/amin/cobot/cobot_ws/install/mecharm_communication/lib/python3.12/site-packages:/home/amin/cobot/cobot_ws/install/mycobot_interfaces/lib/python3.12/site-packages:/home/amin/cobot/cobot_ws/install/mycobot_630/lib/python3.12/site-packages:/home/amin/cobot/cobot_ws/install/mycobot_600/lib/python3.12/site-packages:/home/amin/cobot/cobot_ws/install/mycobot_320pi/lib/python3.12/site-packages:/home/amin/cobot/cobot_ws/install/mycobot_320_riscv/lib/python3.12/site-packages:/home/amin/cobot/cobot_ws/install/mycobot_320/lib/python3.12/site-packages:/home/amin/cobot/cobot_ws/install/mycobot_280pi/lib/python3.12/site-packages:/home/amin/cobot/cobot_ws/install/mycobot_280jn/lib/python3.12/site-packages:/home/amin/cobot/cobot_ws/install/mycobot_280_x3pi/lib/python3.12/site-packages:/home/amin/cobot/cobot_ws/install/mycobot_280_riscv/lib/python3.12/site-packages:/home/amin/cobot/cobot_ws/install/mycobot_280_rdkx5/lib/python3.12/site-packages:/home/amin/cobot/cobot_ws/install/mycobot_280_moveit2_control/lib/python3.12/site-packages:/home/amin/cobot/cobot_ws/install/mycobot_280_arduino/lib/python3.12/site-packages:/home/amin/cobot/cobot_ws/install/mycobot_280/lib/python3.12/site-packages:/home/amin/cobot/cobot_ws/install/mybuddy/lib/python3.12/site-packages:/home/amin/cobot/cobot_ws/install/myarm_300/lib/python3.12/site-packages:/home/amin/cobot/cobot_ws/install/mecharm_pi/lib/python3.12/site-packages:/home/amin/cobot/cobot_ws/install/mecharm/lib/python3.12/site-packages:/home/amin/cobot/cobot_ws/install/mecharm_interfaces/lib/python3.12/site-packages:/opt/ros/jazzy/lib/python3.12/site-packages /usr/bin/cmake --build /home/amin/cobot/cobot_ws/build/mycobot_280rdkx5_moveit2 -- -j8 -l8
[5.521s] Level 1:colcon.colcon_core.environment:checking '/home/amin/cobot/cobot_ws/install/mycobot_280_arduino' for CMake module files
[5.521s] DEBUG:colcon.colcon_core.event_handler.log_command:Invoking command in '/home/amin/cobot/cobot_ws/src/mycobot_ros2/mycobot_280/mycobot_280_moveit2_control': AMENT_PREFIX_PATH=/home/amin/cobot/cobot_ws/install/mycobot_description:/home/amin/cobot/cobot_ws/install/ultraarm:/home/amin/cobot/cobot_ws/install/pro450_moveit2_control:/home/amin/cobot/cobot_ws/install/pro450_moveit2:/home/amin/cobot/cobot_ws/install/mypalletizer_communication:/home/amin/cobot/cobot_ws/install/mypalletizer_interfaces:/home/amin/cobot/cobot_ws/install/mypalletizer_260_pi:/home/amin/cobot/cobot_ws/install/mypalletizer_260:/home/amin/cobot/cobot_ws/install/mycobot_pro_450:/home/amin/cobot/cobot_ws/install/mycobot_pro450_interfaces:/home/amin/cobot/cobot_ws/install/myarm_m750:/home/amin/cobot/cobot_ws/install/myarm_c650:/home/amin/cobot/cobot_ws/install/mycobot_communication:/home/amin/cobot/cobot_ws/install/mecharm_communication:/home/amin/cobot/cobot_ws/install/mycobot_interfaces:/home/amin/cobot/cobot_ws/install/mycobot_630:/home/amin/cobot/cobot_ws/install/mycobot_600:/home/amin/cobot/cobot_ws/install/mycobot_320pi:/home/amin/cobot/cobot_ws/install/mycobot_320_riscv:/home/amin/cobot/cobot_ws/install/mycobot_320:/home/amin/cobot/cobot_ws/install/mycobot_280rdkx5_moveit2:/home/amin/cobot/cobot_ws/install/mycobot_280pi:/home/amin/cobot/cobot_ws/install/mycobot_280jn:/home/amin/cobot/cobot_ws/install/mycobot_280arduino_moveit2:/home/amin/cobot/cobot_ws/install/mycobot_280_x3pi:/home/amin/cobot/cobot_ws/install/mycobot_280_riscv:/home/amin/cobot/cobot_ws/install/mycobot_280_rdkx5:/home/amin/cobot/cobot_ws/install/mycobot_280_moveit2_control:/home/amin/cobot/cobot_ws/install/mycobot_280_moveit2:/home/amin/cobot/cobot_ws/install/mycobot_280_gazebo_jazzy:/home/amin/cobot/cobot_ws/install/mycobot_280_gazebo:/home/amin/cobot/cobot_ws/install/mycobot_280_arduino:/home/amin/cobot/cobot_ws/install/mycobot_280:/home/amin/cobot/cobot_ws/install/mybuddy:/home/amin/cobot/cobot_ws/install/myarm_300:/home/amin/cobot/cobot_ws/install/mecharm_pi:/home/amin/cobot/cobot_ws/install/mecharm:/home/amin/cobot/cobot_ws/install/mecharm_interfaces:/opt/ros/jazzy DEBUGINFOD_URLS=https://debuginfod.ubuntu.com PYTHONPATH=/home/amin/cobot/cobot_ws/build/mycobot_280_moveit2_control/prefix_override:/usr/lib/python3/dist-packages/colcon_core/task/python/colcon_distutils_commands:/home/amin/cobot/cobot_ws/install/mycobot_280_moveit2_control/lib/python3.12/site-packages:/home/amin/cobot/cobot_ws/install/mycobot_description/lib/python3.12/site-packages:/home/amin/cobot/cobot_ws/install/ultraarm/lib/python3.12/site-packages:/home/amin/cobot/cobot_ws/install/pro450_moveit2_control/lib/python3.12/site-packages:/home/amin/cobot/cobot_ws/install/mypalletizer_communication/lib/python3.12/site-packages:/home/amin/cobot/cobot_ws/install/mypalletizer_interfaces/lib/python3.12/site-packages:/home/amin/cobot/cobot_ws/install/mypalletizer_260_pi/lib/python3.12/site-packages:/home/amin/cobot/cobot_ws/install/mypalletizer_260/lib/python3.12/site-packages:/home/amin/cobot/cobot_ws/install/mycobot_pro_450/lib/python3.12/site-packages:/home/amin/cobot/cobot_ws/install/mycobot_pro450_interfaces/lib/python3.12/site-packages:/home/amin/cobot/cobot_ws/install/myarm_m750/lib/python3.12/site-packages:/home/amin/cobot/cobot_ws/install/myarm_c650/lib/python3.12/site-packages:/home/amin/cobot/cobot_ws/install/mycobot_communication/lib/python3.12/site-packages:/home/amin/cobot/cobot_ws/install/mecharm_communication/lib/python3.12/site-packages:/home/amin/cobot/cobot_ws/install/mycobot_interfaces/lib/python3.12/site-packages:/home/amin/cobot/cobot_ws/install/mycobot_630/lib/python3.12/site-packages:/home/amin/cobot/cobot_ws/install/mycobot_600/lib/python3.12/site-packages:/home/amin/cobot/cobot_ws/install/mycobot_320pi/lib/python3.12/site-packages:/home/amin/cobot/cobot_ws/install/mycobot_320_riscv/lib/python3.12/site-packages:/home/amin/cobot/cobot_ws/install/mycobot_320/lib/python3.12/site-packages:/home/amin/cobot/cobot_ws/install/mycobot_280pi/lib/python3.12/site-packages:/home/amin/cobot/cobot_ws/install/mycobot_280jn/lib/python3.12/site-packages:/home/amin/cobot/cobot_ws/install/mycobot_280_x3pi/lib/python3.12/site-packages:/home/amin/cobot/cobot_ws/install/mycobot_280_riscv/lib/python3.12/site-packages:/home/amin/cobot/cobot_ws/install/mycobot_280_rdkx5/lib/python3.12/site-packages:/home/amin/cobot/cobot_ws/install/mycobot_280_moveit2_control/lib/python3.12/site-packages:/home/amin/cobot/cobot_ws/install/mycobot_280_arduino/lib/python3.12/site-packages:/home/amin/cobot/cobot_ws/install/mycobot_280/lib/python3.12/site-packages:/home/amin/cobot/cobot_ws/install/mybuddy/lib/python3.12/site-packages:/home/amin/cobot/cobot_ws/install/myarm_300/lib/python3.12/site-packages:/home/amin/cobot/cobot_ws/install/mecharm_pi/lib/python3.12/site-packages:/home/amin/cobot/cobot_ws/install/mecharm/lib/python3.12/site-packages:/home/amin/cobot/cobot_ws/install/mecharm_interfaces/lib/python3.12/site-packages:/opt/ros/jazzy/lib/python3.12/site-packages /usr/bin/python3 -W ignore:setup.py install is deprecated -W ignore:easy_install command is deprecated setup.py egg_info --egg-base ../../../../build/mycobot_280_moveit2_control build --build-base /home/amin/cobot/cobot_ws/build/mycobot_280_moveit2_control/build install --record /home/amin/cobot/cobot_ws/build/mycobot_280_moveit2_control/install.log --single-version-externally-managed install_data
[5.522s] DEBUG:colcon.colcon_core.event_handler.log_command:Invoking command in '/home/amin/cobot/cobot_ws/src/mycobot_ros2/mycobot_280/mycobot_280_riscv': AMENT_PREFIX_PATH=/home/amin/cobot/cobot_ws/install/mycobot_description:/home/amin/cobot/cobot_ws/install/ultraarm:/home/amin/cobot/cobot_ws/install/pro450_moveit2_control:/home/amin/cobot/cobot_ws/install/pro450_moveit2:/home/amin/cobot/cobot_ws/install/mypalletizer_communication:/home/amin/cobot/cobot_ws/install/mypalletizer_interfaces:/home/amin/cobot/cobot_ws/install/mypalletizer_260_pi:/home/amin/cobot/cobot_ws/install/mypalletizer_260:/home/amin/cobot/cobot_ws/install/mycobot_pro_450:/home/amin/cobot/cobot_ws/install/mycobot_pro450_interfaces:/home/amin/cobot/cobot_ws/install/myarm_m750:/home/amin/cobot/cobot_ws/install/myarm_c650:/home/amin/cobot/cobot_ws/install/mycobot_communication:/home/amin/cobot/cobot_ws/install/mecharm_communication:/home/amin/cobot/cobot_ws/install/mycobot_interfaces:/home/amin/cobot/cobot_ws/install/mycobot_630:/home/amin/cobot/cobot_ws/install/mycobot_600:/home/amin/cobot/cobot_ws/install/mycobot_320pi:/home/amin/cobot/cobot_ws/install/mycobot_320_riscv:/home/amin/cobot/cobot_ws/install/mycobot_320:/home/amin/cobot/cobot_ws/install/mycobot_280rdkx5_moveit2:/home/amin/cobot/cobot_ws/install/mycobot_280pi:/home/amin/cobot/cobot_ws/install/mycobot_280jn:/home/amin/cobot/cobot_ws/install/mycobot_280arduino_moveit2:/home/amin/cobot/cobot_ws/install/mycobot_280_x3pi:/home/amin/cobot/cobot_ws/install/mycobot_280_riscv:/home/amin/cobot/cobot_ws/install/mycobot_280_rdkx5:/home/amin/cobot/cobot_ws/install/mycobot_280_moveit2_control:/home/amin/cobot/cobot_ws/install/mycobot_280_moveit2:/home/amin/cobot/cobot_ws/install/mycobot_280_gazebo_jazzy:/home/amin/cobot/cobot_ws/install/mycobot_280_gazebo:/home/amin/cobot/cobot_ws/install/mycobot_280_arduino:/home/amin/cobot/cobot_ws/install/mycobot_280:/home/amin/cobot/cobot_ws/install/mybuddy:/home/amin/cobot/cobot_ws/install/myarm_300:/home/amin/cobot/cobot_ws/install/mecharm_pi:/home/amin/cobot/cobot_ws/install/mecharm:/home/amin/cobot/cobot_ws/install/mecharm_interfaces:/opt/ros/jazzy DEBUGINFOD_URLS=https://debuginfod.ubuntu.com PYTHONPATH=/home/amin/cobot/cobot_ws/build/mycobot_280_riscv/prefix_override:/usr/lib/python3/dist-packages/colcon_core/task/python/colcon_distutils_commands:/home/amin/cobot/cobot_ws/install/mycobot_280_riscv/lib/python3.12/site-packages:/home/amin/cobot/cobot_ws/install/mycobot_description/lib/python3.12/site-packages:/home/amin/cobot/cobot_ws/install/ultraarm/lib/python3.12/site-packages:/home/amin/cobot/cobot_ws/install/pro450_moveit2_control/lib/python3.12/site-packages:/home/amin/cobot/cobot_ws/install/mypalletizer_communication/lib/python3.12/site-packages:/home/amin/cobot/cobot_ws/install/mypalletizer_interfaces/lib/python3.12/site-packages:/home/amin/cobot/cobot_ws/install/mypalletizer_260_pi/lib/python3.12/site-packages:/home/amin/cobot/cobot_ws/install/mypalletizer_260/lib/python3.12/site-packages:/home/amin/cobot/cobot_ws/install/mycobot_pro_450/lib/python3.12/site-packages:/home/amin/cobot/cobot_ws/install/mycobot_pro450_interfaces/lib/python3.12/site-packages:/home/amin/cobot/cobot_ws/install/myarm_m750/lib/python3.12/site-packages:/home/amin/cobot/cobot_ws/install/myarm_c650/lib/python3.12/site-packages:/home/amin/cobot/cobot_ws/install/mycobot_communication/lib/python3.12/site-packages:/home/amin/cobot/cobot_ws/install/mecharm_communication/lib/python3.12/site-packages:/home/amin/cobot/cobot_ws/install/mycobot_interfaces/lib/python3.12/site-packages:/home/amin/cobot/cobot_ws/install/mycobot_630/lib/python3.12/site-packages:/home/amin/cobot/cobot_ws/install/mycobot_600/lib/python3.12/site-packages:/home/amin/cobot/cobot_ws/install/mycobot_320pi/lib/python3.12/site-packages:/home/amin/cobot/cobot_ws/install/mycobot_320_riscv/lib/python3.12/site-packages:/home/amin/cobot/cobot_ws/install/mycobot_320/lib/python3.12/site-packages:/home/amin/cobot/cobot_ws/install/mycobot_280pi/lib/python3.12/site-packages:/home/amin/cobot/cobot_ws/install/mycobot_280jn/lib/python3.12/site-packages:/home/amin/cobot/cobot_ws/install/mycobot_280_x3pi/lib/python3.12/site-packages:/home/amin/cobot/cobot_ws/install/mycobot_280_riscv/lib/python3.12/site-packages:/home/amin/cobot/cobot_ws/install/mycobot_280_rdkx5/lib/python3.12/site-packages:/home/amin/cobot/cobot_ws/install/mycobot_280_moveit2_control/lib/python3.12/site-packages:/home/amin/cobot/cobot_ws/install/mycobot_280_arduino/lib/python3.12/site-packages:/home/amin/cobot/cobot_ws/install/mycobot_280/lib/python3.12/site-packages:/home/amin/cobot/cobot_ws/install/mybuddy/lib/python3.12/site-packages:/home/amin/cobot/cobot_ws/install/myarm_300/lib/python3.12/site-packages:/home/amin/cobot/cobot_ws/install/mecharm_pi/lib/python3.12/site-packages:/home/amin/cobot/cobot_ws/install/mecharm/lib/python3.12/site-packages:/home/amin/cobot/cobot_ws/install/mecharm_interfaces/lib/python3.12/site-packages:/opt/ros/jazzy/lib/python3.12/site-packages /usr/bin/python3 -W ignore:setup.py install is deprecated -W ignore:easy_install command is deprecated setup.py egg_info --egg-base ../../../../build/mycobot_280_riscv build --build-base /home/amin/cobot/cobot_ws/build/mycobot_280_riscv/build install --record /home/amin/cobot/cobot_ws/build/mycobot_280_riscv/install.log --single-version-externally-managed install_data
[5.522s] Level 1:colcon.colcon_core.environment:checking '/home/amin/cobot/cobot_ws/install/mycobot_280_arduino' for CMake config files
[5.522s] DEBUG:colcon.colcon_core.event_handler.log_command:Invoked command in '/home/amin/cobot/cobot_ws/src/mycobot_ros2/mycobot_280/mycobot_280_arduino' returned '0': AMENT_PREFIX_PATH=/home/amin/cobot/cobot_ws/install/mycobot_description:/home/amin/cobot/cobot_ws/install/ultraarm:/home/amin/cobot/cobot_ws/install/pro450_moveit2_control:/home/amin/cobot/cobot_ws/install/pro450_moveit2:/home/amin/cobot/cobot_ws/install/mypalletizer_communication:/home/amin/cobot/cobot_ws/install/mypalletizer_interfaces:/home/amin/cobot/cobot_ws/install/mypalletizer_260_pi:/home/amin/cobot/cobot_ws/install/mypalletizer_260:/home/amin/cobot/cobot_ws/install/mycobot_pro_450:/home/amin/cobot/cobot_ws/install/mycobot_pro450_interfaces:/home/amin/cobot/cobot_ws/install/myarm_m750:/home/amin/cobot/cobot_ws/install/myarm_c650:/home/amin/cobot/cobot_ws/install/mycobot_communication:/home/amin/cobot/cobot_ws/install/mecharm_communication:/home/amin/cobot/cobot_ws/install/mycobot_interfaces:/home/amin/cobot/cobot_ws/install/mycobot_630:/home/amin/cobot/cobot_ws/install/mycobot_600:/home/amin/cobot/cobot_ws/install/mycobot_320pi:/home/amin/cobot/cobot_ws/install/mycobot_320_riscv:/home/amin/cobot/cobot_ws/install/mycobot_320:/home/amin/cobot/cobot_ws/install/mycobot_280rdkx5_moveit2:/home/amin/cobot/cobot_ws/install/mycobot_280pi:/home/amin/cobot/cobot_ws/install/mycobot_280jn:/home/amin/cobot/cobot_ws/install/mycobot_280arduino_moveit2:/home/amin/cobot/cobot_ws/install/mycobot_280_x3pi:/home/amin/cobot/cobot_ws/install/mycobot_280_riscv:/home/amin/cobot/cobot_ws/install/mycobot_280_rdkx5:/home/amin/cobot/cobot_ws/install/mycobot_280_moveit2_control:/home/amin/cobot/cobot_ws/install/mycobot_280_moveit2:/home/amin/cobot/cobot_ws/install/mycobot_280_gazebo_jazzy:/home/amin/cobot/cobot_ws/install/mycobot_280_gazebo:/home/amin/cobot/cobot_ws/install/mycobot_280_arduino:/home/amin/cobot/cobot_ws/install/mycobot_280:/home/amin/cobot/cobot_ws/install/mybuddy:/home/amin/cobot/cobot_ws/install/myarm_300:/home/amin/cobot/cobot_ws/install/mecharm_pi:/home/amin/cobot/cobot_ws/install/mecharm:/home/amin/cobot/cobot_ws/install/mecharm_interfaces:/opt/ros/jazzy DEBUGINFOD_URLS=https://debuginfod.ubuntu.com PYTHONPATH=/home/amin/cobot/cobot_ws/build/mycobot_280_arduino/prefix_override:/usr/lib/python3/dist-packages/colcon_core/task/python/colcon_distutils_commands:/home/amin/cobot/cobot_ws/install/mycobot_280_arduino/lib/python3.12/site-packages:/home/amin/cobot/cobot_ws/install/mycobot_description/lib/python3.12/site-packages:/home/amin/cobot/cobot_ws/install/ultraarm/lib/python3.12/site-packages:/home/amin/cobot/cobot_ws/install/pro450_moveit2_control/lib/python3.12/site-packages:/home/amin/cobot/cobot_ws/install/mypalletizer_communication/lib/python3.12/site-packages:/home/amin/cobot/cobot_ws/install/mypalletizer_interfaces/lib/python3.12/site-packages:/home/amin/cobot/cobot_ws/install/mypalletizer_260_pi/lib/python3.12/site-packages:/home/amin/cobot/cobot_ws/install/mypalletizer_260/lib/python3.12/site-packages:/home/amin/cobot/cobot_ws/install/mycobot_pro_450/lib/python3.12/site-packages:/home/amin/cobot/cobot_ws/install/mycobot_pro450_interfaces/lib/python3.12/site-packages:/home/amin/cobot/cobot_ws/install/myarm_m750/lib/python3.12/site-packages:/home/amin/cobot/cobot_ws/install/myarm_c650/lib/python3.12/site-packages:/home/amin/cobot/cobot_ws/install/mycobot_communication/lib/python3.12/site-packages:/home/amin/cobot/cobot_ws/install/mecharm_communication/lib/python3.12/site-packages:/home/amin/cobot/cobot_ws/install/mycobot_interfaces/lib/python3.12/site-packages:/home/amin/cobot/cobot_ws/install/mycobot_630/lib/python3.12/site-packages:/home/amin/cobot/cobot_ws/install/mycobot_600/lib/python3.12/site-packages:/home/amin/cobot/cobot_ws/install/mycobot_320pi/lib/python3.12/site-packages:/home/amin/cobot/cobot_ws/install/mycobot_320_riscv/lib/python3.12/site-packages:/home/amin/cobot/cobot_ws/install/mycobot_320/lib/python3.12/site-packages:/home/amin/cobot/cobot_ws/install/mycobot_280pi/lib/python3.12/site-packages:/home/amin/cobot/cobot_ws/install/mycobot_280jn/lib/python3.12/site-packages:/home/amin/cobot/cobot_ws/install/mycobot_280_x3pi/lib/python3.12/site-packages:/home/amin/cobot/cobot_ws/install/mycobot_280_riscv/lib/python3.12/site-packages:/home/amin/cobot/cobot_ws/install/mycobot_280_rdkx5/lib/python3.12/site-packages:/home/amin/cobot/cobot_ws/install/mycobot_280_moveit2_control/lib/python3.12/site-packages:/home/amin/cobot/cobot_ws/install/mycobot_280_arduino/lib/python3.12/site-packages:/home/amin/cobot/cobot_ws/install/mycobot_280/lib/python3.12/site-packages:/home/amin/cobot/cobot_ws/install/mybuddy/lib/python3.12/site-packages:/home/amin/cobot/cobot_ws/install/myarm_300/lib/python3.12/site-packages:/home/amin/cobot/cobot_ws/install/mecharm_pi/lib/python3.12/site-packages:/home/amin/cobot/cobot_ws/install/mecharm/lib/python3.12/site-packages:/home/amin/cobot/cobot_ws/install/mecharm_interfaces/lib/python3.12/site-packages:/opt/ros/jazzy/lib/python3.12/site-packages /usr/bin/python3 -W ignore:setup.py install is deprecated -W ignore:easy_install command is deprecated setup.py egg_info --egg-base ../../../../build/mycobot_280_arduino build --build-base /home/amin/cobot/cobot_ws/build/mycobot_280_arduino/build install --record /home/amin/cobot/cobot_ws/build/mycobot_280_arduino/install.log --single-version-externally-managed install_data
[5.523s] Level 1:colcon.colcon_core.environment:checking '/home/amin/cobot/cobot_ws/install/mycobot_280_arduino/lib'
[5.523s] Level 1:colcon.colcon_core.environment:checking '/home/amin/cobot/cobot_ws/install/mycobot_280_arduino/bin'
[5.523s] Level 1:colcon.colcon_core.environment:checking '/home/amin/cobot/cobot_ws/install/mycobot_280_arduino/lib/pkgconfig/mycobot_280_arduino.pc'
[5.523s] Level 1:colcon.colcon_core.environment:checking '/home/amin/cobot/cobot_ws/install/mycobot_280_arduino/lib/python3.12/site-packages'
[5.523s] Level 1:colcon.colcon_core.shell:create_environment_hook('mycobot_280_arduino', 'pythonpath')
[5.524s] INFO:colcon.colcon_core.shell:Creating environment hook '/home/amin/cobot/cobot_ws/install/mycobot_280_arduino/share/mycobot_280_arduino/hook/pythonpath.ps1'
[5.524s] INFO:colcon.colcon_core.shell:Creating environment descriptor '/home/amin/cobot/cobot_ws/install/mycobot_280_arduino/share/mycobot_280_arduino/hook/pythonpath.dsv'
[5.524s] INFO:colcon.colcon_core.shell:Creating environment hook '/home/amin/cobot/cobot_ws/install/mycobot_280_arduino/share/mycobot_280_arduino/hook/pythonpath.sh'
[5.525s] Level 1:colcon.colcon_core.environment:checking '/home/amin/cobot/cobot_ws/install/mycobot_280_arduino/bin'
[5.525s] Level 1:colcon.colcon_core.environment:create_environment_scripts_only(mycobot_280_arduino)
[5.525s] INFO:colcon.colcon_core.shell:Creating package script '/home/amin/cobot/cobot_ws/install/mycobot_280_arduino/share/mycobot_280_arduino/package.ps1'
[5.526s] INFO:colcon.colcon_core.shell:Creating package descriptor '/home/amin/cobot/cobot_ws/install/mycobot_280_arduino/share/mycobot_280_arduino/package.dsv'
[5.526s] INFO:colcon.colcon_core.shell:Creating package script '/home/amin/cobot/cobot_ws/install/mycobot_280_arduino/share/mycobot_280_arduino/package.sh'
[5.527s] INFO:colcon.colcon_core.shell:Creating package script '/home/amin/cobot/cobot_ws/install/mycobot_280_arduino/share/mycobot_280_arduino/package.bash'
[5.527s] INFO:colcon.colcon_core.shell:Creating package script '/home/amin/cobot/cobot_ws/install/mycobot_280_arduino/share/mycobot_280_arduino/package.zsh'
[5.527s] Level 1:colcon.colcon_core.environment:create_file_with_runtime_dependencies(/home/amin/cobot/cobot_ws/install/mycobot_280_arduino/share/colcon-core/packages/mycobot_280_arduino)
[5.528s] DEBUG:colcon.colcon_core.event_handler.log_command:Invoked command in '/home/amin/cobot/cobot_ws/build/mycobot_280arduino_moveit2' returned '0': AMENT_PREFIX_PATH=/home/amin/cobot/cobot_ws/install/mycobot_description:/home/amin/cobot/cobot_ws/install/ultraarm:/home/amin/cobot/cobot_ws/install/pro450_moveit2_control:/home/amin/cobot/cobot_ws/install/pro450_moveit2:/home/amin/cobot/cobot_ws/install/mypalletizer_communication:/home/amin/cobot/cobot_ws/install/mypalletizer_interfaces:/home/amin/cobot/cobot_ws/install/mypalletizer_260_pi:/home/amin/cobot/cobot_ws/install/mypalletizer_260:/home/amin/cobot/cobot_ws/install/mycobot_pro_450:/home/amin/cobot/cobot_ws/install/mycobot_pro450_interfaces:/home/amin/cobot/cobot_ws/install/myarm_m750:/home/amin/cobot/cobot_ws/install/myarm_c650:/home/amin/cobot/cobot_ws/install/mycobot_communication:/home/amin/cobot/cobot_ws/install/mecharm_communication:/home/amin/cobot/cobot_ws/install/mycobot_interfaces:/home/amin/cobot/cobot_ws/install/mycobot_630:/home/amin/cobot/cobot_ws/install/mycobot_600:/home/amin/cobot/cobot_ws/install/mycobot_320pi:/home/amin/cobot/cobot_ws/install/mycobot_320_riscv:/home/amin/cobot/cobot_ws/install/mycobot_320:/home/amin/cobot/cobot_ws/install/mycobot_280rdkx5_moveit2:/home/amin/cobot/cobot_ws/install/mycobot_280pi:/home/amin/cobot/cobot_ws/install/mycobot_280jn:/home/amin/cobot/cobot_ws/install/mycobot_280arduino_moveit2:/home/amin/cobot/cobot_ws/install/mycobot_280_x3pi:/home/amin/cobot/cobot_ws/install/mycobot_280_riscv:/home/amin/cobot/cobot_ws/install/mycobot_280_rdkx5:/home/amin/cobot/cobot_ws/install/mycobot_280_moveit2_control:/home/amin/cobot/cobot_ws/install/mycobot_280_moveit2:/home/amin/cobot/cobot_ws/install/mycobot_280_gazebo_jazzy:/home/amin/cobot/cobot_ws/install/mycobot_280_gazebo:/home/amin/cobot/cobot_ws/install/mycobot_280_arduino:/home/amin/cobot/cobot_ws/install/mycobot_280:/home/amin/cobot/cobot_ws/install/mybuddy:/home/amin/cobot/cobot_ws/install/myarm_300:/home/amin/cobot/cobot_ws/install/mecharm_pi:/home/amin/cobot/cobot_ws/install/mecharm:/home/amin/cobot/cobot_ws/install/mecharm_interfaces:/opt/ros/jazzy CMAKE_PREFIX_PATH=${CMAKE_PREFIX_PATH}:/home/amin/cobot/cobot_ws/install/ultraarm:/home/amin/cobot/cobot_ws/install/pro450_moveit2_control:/home/amin/cobot/cobot_ws/install/mypalletizer_communication:/home/amin/cobot/cobot_ws/install/mypalletizer_260_pi:/home/amin/cobot/cobot_ws/install/mypalletizer_260:/home/amin/cobot/cobot_ws/install/mycobot_pro_450:/home/amin/cobot/cobot_ws/install/myarm_m750:/home/amin/cobot/cobot_ws/install/myarm_c650:/home/amin/cobot/cobot_ws/install/mycobot_communication:/home/amin/cobot/cobot_ws/install/mecharm_communication:/home/amin/cobot/cobot_ws/install/mycobot_630:/home/amin/cobot/cobot_ws/install/mycobot_600:/home/amin/cobot/cobot_ws/install/mycobot_320pi:/home/amin/cobot/cobot_ws/install/mycobot_320_riscv:/home/amin/cobot/cobot_ws/install/mycobot_320:/home/amin/cobot/cobot_ws/install/mycobot_280pi:/home/amin/cobot/cobot_ws/install/mycobot_280jn:/home/amin/cobot/cobot_ws/install/mycobot_280_x3pi:/home/amin/cobot/cobot_ws/install/mycobot_280_riscv:/home/amin/cobot/cobot_ws/install/mycobot_280_rdkx5:/home/amin/cobot/cobot_ws/install/mycobot_280_moveit2_control:/home/amin/cobot/cobot_ws/install/mycobot_280_arduino:/home/amin/cobot/cobot_ws/install/mycobot_280:/home/amin/cobot/cobot_ws/install/mybuddy:/home/amin/cobot/cobot_ws/install/myarm_300:/home/amin/cobot/cobot_ws/install/mecharm_pi:/home/amin/cobot/cobot_ws/install/mecharm:/home/amin/cobot/cobot_ws/install/mycobot_description:/opt/ros/jazzy DEBUGINFOD_URLS=https://debuginfod.ubuntu.com PYTHONPATH=/home/amin/cobot/cobot_ws/install/mycobot_description/lib/python3.12/site-packages:/home/amin/cobot/cobot_ws/install/ultraarm/lib/python3.12/site-packages:/home/amin/cobot/cobot_ws/install/pro450_moveit2_control/lib/python3.12/site-packages:/home/amin/cobot/cobot_ws/install/mypalletizer_communication/lib/python3.12/site-packages:/home/amin/cobot/cobot_ws/install/mypalletizer_interfaces/lib/python3.12/site-packages:/home/amin/cobot/cobot_ws/install/mypalletizer_260_pi/lib/python3.12/site-packages:/home/amin/cobot/cobot_ws/install/mypalletizer_260/lib/python3.12/site-packages:/home/amin/cobot/cobot_ws/install/mycobot_pro_450/lib/python3.12/site-packages:/home/amin/cobot/cobot_ws/install/mycobot_pro450_interfaces/lib/python3.12/site-packages:/home/amin/cobot/cobot_ws/install/myarm_m750/lib/python3.12/site-packages:/home/amin/cobot/cobot_ws/install/myarm_c650/lib/python3.12/site-packages:/home/amin/cobot/cobot_ws/install/mycobot_communication/lib/python3.12/site-packages:/home/amin/cobot/cobot_ws/install/mecharm_communication/lib/python3.12/site-packages:/home/amin/cobot/cobot_ws/install/mycobot_interfaces/lib/python3.12/site-packages:/home/amin/cobot/cobot_ws/install/mycobot_630/lib/python3.12/site-packages:/home/amin/cobot/cobot_ws/install/mycobot_600/lib/python3.12/site-packages:/home/amin/cobot/cobot_ws/install/mycobot_320pi/lib/python3.12/site-packages:/home/amin/cobot/cobot_ws/install/mycobot_320_riscv/lib/python3.12/site-packages:/home/amin/cobot/cobot_ws/install/mycobot_320/lib/python3.12/site-packages:/home/amin/cobot/cobot_ws/install/mycobot_280pi/lib/python3.12/site-packages:/home/amin/cobot/cobot_ws/install/mycobot_280jn/lib/python3.12/site-packages:/home/amin/cobot/cobot_ws/install/mycobot_280_x3pi/lib/python3.12/site-packages:/home/amin/cobot/cobot_ws/install/mycobot_280_riscv/lib/python3.12/site-packages:/home/amin/cobot/cobot_ws/install/mycobot_280_rdkx5/lib/python3.12/site-packages:/home/amin/cobot/cobot_ws/install/mycobot_280_moveit2_control/lib/python3.12/site-packages:/home/amin/cobot/cobot_ws/install/mycobot_280_arduino/lib/python3.12/site-packages:/home/amin/cobot/cobot_ws/install/mycobot_280/lib/python3.12/site-packages:/home/amin/cobot/cobot_ws/install/mybuddy/lib/python3.12/site-packages:/home/amin/cobot/cobot_ws/install/myarm_300/lib/python3.12/site-packages:/home/amin/cobot/cobot_ws/install/mecharm_pi/lib/python3.12/site-packages:/home/amin/cobot/cobot_ws/install/mecharm/lib/python3.12/site-packages:/home/amin/cobot/cobot_ws/install/mecharm_interfaces/lib/python3.12/site-packages:/opt/ros/jazzy/lib/python3.12/site-packages /usr/bin/cmake --build /home/amin/cobot/cobot_ws/build/mycobot_280arduino_moveit2 -- -j8 -l8
[5.529s] DEBUG:colcon.colcon_core.event_handler.log_command:Invoking command in '/home/amin/cobot/cobot_ws/build/mycobot_280arduino_moveit2': AMENT_PREFIX_PATH=/home/amin/cobot/cobot_ws/install/mycobot_description:/home/amin/cobot/cobot_ws/install/ultraarm:/home/amin/cobot/cobot_ws/install/pro450_moveit2_control:/home/amin/cobot/cobot_ws/install/pro450_moveit2:/home/amin/cobot/cobot_ws/install/mypalletizer_communication:/home/amin/cobot/cobot_ws/install/mypalletizer_interfaces:/home/amin/cobot/cobot_ws/install/mypalletizer_260_pi:/home/amin/cobot/cobot_ws/install/mypalletizer_260:/home/amin/cobot/cobot_ws/install/mycobot_pro_450:/home/amin/cobot/cobot_ws/install/mycobot_pro450_interfaces:/home/amin/cobot/cobot_ws/install/myarm_m750:/home/amin/cobot/cobot_ws/install/myarm_c650:/home/amin/cobot/cobot_ws/install/mycobot_communication:/home/amin/cobot/cobot_ws/install/mecharm_communication:/home/amin/cobot/cobot_ws/install/mycobot_interfaces:/home/amin/cobot/cobot_ws/install/mycobot_630:/home/amin/cobot/cobot_ws/install/mycobot_600:/home/amin/cobot/cobot_ws/install/mycobot_320pi:/home/amin/cobot/cobot_ws/install/mycobot_320_riscv:/home/amin/cobot/cobot_ws/install/mycobot_320:/home/amin/cobot/cobot_ws/install/mycobot_280rdkx5_moveit2:/home/amin/cobot/cobot_ws/install/mycobot_280pi:/home/amin/cobot/cobot_ws/install/mycobot_280jn:/home/amin/cobot/cobot_ws/install/mycobot_280arduino_moveit2:/home/amin/cobot/cobot_ws/install/mycobot_280_x3pi:/home/amin/cobot/cobot_ws/install/mycobot_280_riscv:/home/amin/cobot/cobot_ws/install/mycobot_280_rdkx5:/home/amin/cobot/cobot_ws/install/mycobot_280_moveit2_control:/home/amin/cobot/cobot_ws/install/mycobot_280_moveit2:/home/amin/cobot/cobot_ws/install/mycobot_280_gazebo_jazzy:/home/amin/cobot/cobot_ws/install/mycobot_280_gazebo:/home/amin/cobot/cobot_ws/install/mycobot_280_arduino:/home/amin/cobot/cobot_ws/install/mycobot_280:/home/amin/cobot/cobot_ws/install/mybuddy:/home/amin/cobot/cobot_ws/install/myarm_300:/home/amin/cobot/cobot_ws/install/mecharm_pi:/home/amin/cobot/cobot_ws/install/mecharm:/home/amin/cobot/cobot_ws/install/mecharm_interfaces:/opt/ros/jazzy CMAKE_PREFIX_PATH=${CMAKE_PREFIX_PATH}:/home/amin/cobot/cobot_ws/install/ultraarm:/home/amin/cobot/cobot_ws/install/pro450_moveit2_control:/home/amin/cobot/cobot_ws/install/mypalletizer_communication:/home/amin/cobot/cobot_ws/install/mypalletizer_260_pi:/home/amin/cobot/cobot_ws/install/mypalletizer_260:/home/amin/cobot/cobot_ws/install/mycobot_pro_450:/home/amin/cobot/cobot_ws/install/myarm_m750:/home/amin/cobot/cobot_ws/install/myarm_c650:/home/amin/cobot/cobot_ws/install/mycobot_communication:/home/amin/cobot/cobot_ws/install/mecharm_communication:/home/amin/cobot/cobot_ws/install/mycobot_630:/home/amin/cobot/cobot_ws/install/mycobot_600:/home/amin/cobot/cobot_ws/install/mycobot_320pi:/home/amin/cobot/cobot_ws/install/mycobot_320_riscv:/home/amin/cobot/cobot_ws/install/mycobot_320:/home/amin/cobot/cobot_ws/install/mycobot_280pi:/home/amin/cobot/cobot_ws/install/mycobot_280jn:/home/amin/cobot/cobot_ws/install/mycobot_280_x3pi:/home/amin/cobot/cobot_ws/install/mycobot_280_riscv:/home/amin/cobot/cobot_ws/install/mycobot_280_rdkx5:/home/amin/cobot/cobot_ws/install/mycobot_280_moveit2_control:/home/amin/cobot/cobot_ws/install/mycobot_280_arduino:/home/amin/cobot/cobot_ws/install/mycobot_280:/home/amin/cobot/cobot_ws/install/mybuddy:/home/amin/cobot/cobot_ws/install/myarm_300:/home/amin/cobot/cobot_ws/install/mecharm_pi:/home/amin/cobot/cobot_ws/install/mecharm:/home/amin/cobot/cobot_ws/install/mycobot_description:/opt/ros/jazzy DEBUGINFOD_URLS=https://debuginfod.ubuntu.com PYTHONPATH=/home/amin/cobot/cobot_ws/install/mycobot_description/lib/python3.12/site-packages:/home/amin/cobot/cobot_ws/install/ultraarm/lib/python3.12/site-packages:/home/amin/cobot/cobot_ws/install/pro450_moveit2_control/lib/python3.12/site-packages:/home/amin/cobot/cobot_ws/install/mypalletizer_communication/lib/python3.12/site-packages:/home/amin/cobot/cobot_ws/install/mypalletizer_interfaces/lib/python3.12/site-packages:/home/amin/cobot/cobot_ws/install/mypalletizer_260_pi/lib/python3.12/site-packages:/home/amin/cobot/cobot_ws/install/mypalletizer_260/lib/python3.12/site-packages:/home/amin/cobot/cobot_ws/install/mycobot_pro_450/lib/python3.12/site-packages:/home/amin/cobot/cobot_ws/install/mycobot_pro450_interfaces/lib/python3.12/site-packages:/home/amin/cobot/cobot_ws/install/myarm_m750/lib/python3.12/site-packages:/home/amin/cobot/cobot_ws/install/myarm_c650/lib/python3.12/site-packages:/home/amin/cobot/cobot_ws/install/mycobot_communication/lib/python3.12/site-packages:/home/amin/cobot/cobot_ws/install/mecharm_communication/lib/python3.12/site-packages:/home/amin/cobot/cobot_ws/install/mycobot_interfaces/lib/python3.12/site-packages:/home/amin/cobot/cobot_ws/install/mycobot_630/lib/python3.12/site-packages:/home/amin/cobot/cobot_ws/install/mycobot_600/lib/python3.12/site-packages:/home/amin/cobot/cobot_ws/install/mycobot_320pi/lib/python3.12/site-packages:/home/amin/cobot/cobot_ws/install/mycobot_320_riscv/lib/python3.12/site-packages:/home/amin/cobot/cobot_ws/install/mycobot_320/lib/python3.12/site-packages:/home/amin/cobot/cobot_ws/install/mycobot_280pi/lib/python3.12/site-packages:/home/amin/cobot/cobot_ws/install/mycobot_280jn/lib/python3.12/site-packages:/home/amin/cobot/cobot_ws/install/mycobot_280_x3pi/lib/python3.12/site-packages:/home/amin/cobot/cobot_ws/install/mycobot_280_riscv/lib/python3.12/site-packages:/home/amin/cobot/cobot_ws/install/mycobot_280_rdkx5/lib/python3.12/site-packages:/home/amin/cobot/cobot_ws/install/mycobot_280_moveit2_control/lib/python3.12/site-packages:/home/amin/cobot/cobot_ws/install/mycobot_280_arduino/lib/python3.12/site-packages:/home/amin/cobot/cobot_ws/install/mycobot_280/lib/python3.12/site-packages:/home/amin/cobot/cobot_ws/install/mybuddy/lib/python3.12/site-packages:/home/amin/cobot/cobot_ws/install/myarm_300/lib/python3.12/site-packages:/home/amin/cobot/cobot_ws/install/mecharm_pi/lib/python3.12/site-packages:/home/amin/cobot/cobot_ws/install/mecharm/lib/python3.12/site-packages:/home/amin/cobot/cobot_ws/install/mecharm_interfaces/lib/python3.12/site-packages:/opt/ros/jazzy/lib/python3.12/site-packages /usr/bin/cmake --install /home/amin/cobot/cobot_ws/build/mycobot_280arduino_moveit2
[5.533s] INFO:colcon.colcon_ros.task.ament_python.build:Building ROS package in '/home/amin/cobot/cobot_ws/src/mycobot_ros2/mycobot_320/mycobot_320' with build type 'ament_python'
[5.533s] Level 1:colcon.colcon_core.shell:create_environment_hook('mycobot_320', 'ament_prefix_path')
[5.534s] INFO:colcon.colcon_core.shell:Creating environment hook '/home/amin/cobot/cobot_ws/install/mycobot_320/share/mycobot_320/hook/ament_prefix_path.ps1'
[5.534s] INFO:colcon.colcon_core.shell:Creating environment descriptor '/home/amin/cobot/cobot_ws/install/mycobot_320/share/mycobot_320/hook/ament_prefix_path.dsv'
[5.535s] INFO:colcon.colcon_core.shell:Creating environment hook '/home/amin/cobot/cobot_ws/install/mycobot_320/share/mycobot_320/hook/ament_prefix_path.sh'
[5.535s] INFO:colcon.colcon_core.shell:Skip shell extension 'powershell' for command environment: Not usable outside of PowerShell
[5.535s] DEBUG:colcon.colcon_core.shell:Skip shell extension 'dsv' for command environment
[5.547s] Level 1:colcon.colcon_core.environment:create_environment_scripts_only(mycobot_280arduino_moveit2)
[5.549s] Level 1:colcon.colcon_core.environment:checking '/home/amin/cobot/cobot_ws/install/mycobot_280arduino_moveit2' for CMake module files
[5.550s] Level 1:colcon.colcon_core.environment:checking '/home/amin/cobot/cobot_ws/install/mycobot_280arduino_moveit2' for CMake config files
[5.550s] Level 1:colcon.colcon_core.shell:create_environment_hook('mycobot_280arduino_moveit2', 'cmake_prefix_path')
[5.550s] INFO:colcon.colcon_core.shell:Creating environment hook '/home/amin/cobot/cobot_ws/install/mycobot_280arduino_moveit2/share/mycobot_280arduino_moveit2/hook/cmake_prefix_path.ps1'
[5.551s] INFO:colcon.colcon_core.shell:Creating environment descriptor '/home/amin/cobot/cobot_ws/install/mycobot_280arduino_moveit2/share/mycobot_280arduino_moveit2/hook/cmake_prefix_path.dsv'
[5.551s] INFO:colcon.colcon_core.shell:Creating environment hook '/home/amin/cobot/cobot_ws/install/mycobot_280arduino_moveit2/share/mycobot_280arduino_moveit2/hook/cmake_prefix_path.sh'
[5.548s] DEBUG:colcon.colcon_core.event_handler.log_command:Invoked command in '/home/amin/cobot/cobot_ws/build/mycobot_280arduino_moveit2' returned '0': AMENT_PREFIX_PATH=/home/amin/cobot/cobot_ws/install/mycobot_description:/home/amin/cobot/cobot_ws/install/ultraarm:/home/amin/cobot/cobot_ws/install/pro450_moveit2_control:/home/amin/cobot/cobot_ws/install/pro450_moveit2:/home/amin/cobot/cobot_ws/install/mypalletizer_communication:/home/amin/cobot/cobot_ws/install/mypalletizer_interfaces:/home/amin/cobot/cobot_ws/install/mypalletizer_260_pi:/home/amin/cobot/cobot_ws/install/mypalletizer_260:/home/amin/cobot/cobot_ws/install/mycobot_pro_450:/home/amin/cobot/cobot_ws/install/mycobot_pro450_interfaces:/home/amin/cobot/cobot_ws/install/myarm_m750:/home/amin/cobot/cobot_ws/install/myarm_c650:/home/amin/cobot/cobot_ws/install/mycobot_communication:/home/amin/cobot/cobot_ws/install/mecharm_communication:/home/amin/cobot/cobot_ws/install/mycobot_interfaces:/home/amin/cobot/cobot_ws/install/mycobot_630:/home/amin/cobot/cobot_ws/install/mycobot_600:/home/amin/cobot/cobot_ws/install/mycobot_320pi:/home/amin/cobot/cobot_ws/install/mycobot_320_riscv:/home/amin/cobot/cobot_ws/install/mycobot_320:/home/amin/cobot/cobot_ws/install/mycobot_280rdkx5_moveit2:/home/amin/cobot/cobot_ws/install/mycobot_280pi:/home/amin/cobot/cobot_ws/install/mycobot_280jn:/home/amin/cobot/cobot_ws/install/mycobot_280arduino_moveit2:/home/amin/cobot/cobot_ws/install/mycobot_280_x3pi:/home/amin/cobot/cobot_ws/install/mycobot_280_riscv:/home/amin/cobot/cobot_ws/install/mycobot_280_rdkx5:/home/amin/cobot/cobot_ws/install/mycobot_280_moveit2_control:/home/amin/cobot/cobot_ws/install/mycobot_280_moveit2:/home/amin/cobot/cobot_ws/install/mycobot_280_gazebo_jazzy:/home/amin/cobot/cobot_ws/install/mycobot_280_gazebo:/home/amin/cobot/cobot_ws/install/mycobot_280_arduino:/home/amin/cobot/cobot_ws/install/mycobot_280:/home/amin/cobot/cobot_ws/install/mybuddy:/home/amin/cobot/cobot_ws/install/myarm_300:/home/amin/cobot/cobot_ws/install/mecharm_pi:/home/amin/cobot/cobot_ws/install/mecharm:/home/amin/cobot/cobot_ws/install/mecharm_interfaces:/opt/ros/jazzy CMAKE_PREFIX_PATH=${CMAKE_PREFIX_PATH}:/home/amin/cobot/cobot_ws/install/ultraarm:/home/amin/cobot/cobot_ws/install/pro450_moveit2_control:/home/amin/cobot/cobot_ws/install/mypalletizer_communication:/home/amin/cobot/cobot_ws/install/mypalletizer_260_pi:/home/amin/cobot/cobot_ws/install/mypalletizer_260:/home/amin/cobot/cobot_ws/install/mycobot_pro_450:/home/amin/cobot/cobot_ws/install/myarm_m750:/home/amin/cobot/cobot_ws/install/myarm_c650:/home/amin/cobot/cobot_ws/install/mycobot_communication:/home/amin/cobot/cobot_ws/install/mecharm_communication:/home/amin/cobot/cobot_ws/install/mycobot_630:/home/amin/cobot/cobot_ws/install/mycobot_600:/home/amin/cobot/cobot_ws/install/mycobot_320pi:/home/amin/cobot/cobot_ws/install/mycobot_320_riscv:/home/amin/cobot/cobot_ws/install/mycobot_320:/home/amin/cobot/cobot_ws/install/mycobot_280pi:/home/amin/cobot/cobot_ws/install/mycobot_280jn:/home/amin/cobot/cobot_ws/install/mycobot_280_x3pi:/home/amin/cobot/cobot_ws/install/mycobot_280_riscv:/home/amin/cobot/cobot_ws/install/mycobot_280_rdkx5:/home/amin/cobot/cobot_ws/install/mycobot_280_moveit2_control:/home/amin/cobot/cobot_ws/install/mycobot_280_arduino:/home/amin/cobot/cobot_ws/install/mycobot_280:/home/amin/cobot/cobot_ws/install/mybuddy:/home/amin/cobot/cobot_ws/install/myarm_300:/home/amin/cobot/cobot_ws/install/mecharm_pi:/home/amin/cobot/cobot_ws/install/mecharm:/home/amin/cobot/cobot_ws/install/mycobot_description:/opt/ros/jazzy DEBUGINFOD_URLS=https://debuginfod.ubuntu.com PYTHONPATH=/home/amin/cobot/cobot_ws/install/mycobot_description/lib/python3.12/site-packages:/home/amin/cobot/cobot_ws/install/ultraarm/lib/python3.12/site-packages:/home/amin/cobot/cobot_ws/install/pro450_moveit2_control/lib/python3.12/site-packages:/home/amin/cobot/cobot_ws/install/mypalletizer_communication/lib/python3.12/site-packages:/home/amin/cobot/cobot_ws/install/mypalletizer_interfaces/lib/python3.12/site-packages:/home/amin/cobot/cobot_ws/install/mypalletizer_260_pi/lib/python3.12/site-packages:/home/amin/cobot/cobot_ws/install/mypalletizer_260/lib/python3.12/site-packages:/home/amin/cobot/cobot_ws/install/mycobot_pro_450/lib/python3.12/site-packages:/home/amin/cobot/cobot_ws/install/mycobot_pro450_interfaces/lib/python3.12/site-packages:/home/amin/cobot/cobot_ws/install/myarm_m750/lib/python3.12/site-packages:/home/amin/cobot/cobot_ws/install/myarm_c650/lib/python3.12/site-packages:/home/amin/cobot/cobot_ws/install/mycobot_communication/lib/python3.12/site-packages:/home/amin/cobot/cobot_ws/install/mecharm_communication/lib/python3.12/site-packages:/home/amin/cobot/cobot_ws/install/mycobot_interfaces/lib/python3.12/site-packages:/home/amin/cobot/cobot_ws/install/mycobot_630/lib/python3.12/site-packages:/home/amin/cobot/cobot_ws/install/mycobot_600/lib/python3.12/site-packages:/home/amin/cobot/cobot_ws/install/mycobot_320pi/lib/python3.12/site-packages:/home/amin/cobot/cobot_ws/install/mycobot_320_riscv/lib/python3.12/site-packages:/home/amin/cobot/cobot_ws/install/mycobot_320/lib/python3.12/site-packages:/home/amin/cobot/cobot_ws/install/mycobot_280pi/lib/python3.12/site-packages:/home/amin/cobot/cobot_ws/install/mycobot_280jn/lib/python3.12/site-packages:/home/amin/cobot/cobot_ws/install/mycobot_280_x3pi/lib/python3.12/site-packages:/home/amin/cobot/cobot_ws/install/mycobot_280_riscv/lib/python3.12/site-packages:/home/amin/cobot/cobot_ws/install/mycobot_280_rdkx5/lib/python3.12/site-packages:/home/amin/cobot/cobot_ws/install/mycobot_280_moveit2_control/lib/python3.12/site-packages:/home/amin/cobot/cobot_ws/install/mycobot_280_arduino/lib/python3.12/site-packages:/home/amin/cobot/cobot_ws/install/mycobot_280/lib/python3.12/site-packages:/home/amin/cobot/cobot_ws/install/mybuddy/lib/python3.12/site-packages:/home/amin/cobot/cobot_ws/install/myarm_300/lib/python3.12/site-packages:/home/amin/cobot/cobot_ws/install/mecharm_pi/lib/python3.12/site-packages:/home/amin/cobot/cobot_ws/install/mecharm/lib/python3.12/site-packages:/home/amin/cobot/cobot_ws/install/mecharm_interfaces/lib/python3.12/site-packages:/opt/ros/jazzy/lib/python3.12/site-packages /usr/bin/cmake --install /home/amin/cobot/cobot_ws/build/mycobot_280arduino_moveit2
[5.552s] Level 1:colcon.colcon_core.environment:checking '/home/amin/cobot/cobot_ws/install/mycobot_280arduino_moveit2/bin'
[5.552s] Level 1:colcon.colcon_core.environment:checking '/home/amin/cobot/cobot_ws/install/mycobot_280arduino_moveit2/lib/pkgconfig/mycobot_280arduino_moveit2.pc'
[5.552s] Level 1:colcon.colcon_core.environment:checking '/home/amin/cobot/cobot_ws/install/mycobot_280arduino_moveit2/lib/python3.12/site-packages'
[5.552s] Level 1:colcon.colcon_core.environment:checking '/home/amin/cobot/cobot_ws/install/mycobot_280arduino_moveit2/bin'
[5.553s] INFO:colcon.colcon_core.shell:Creating package script '/home/amin/cobot/cobot_ws/install/mycobot_280arduino_moveit2/share/mycobot_280arduino_moveit2/package.ps1'
[5.553s] INFO:colcon.colcon_core.shell:Creating package descriptor '/home/amin/cobot/cobot_ws/install/mycobot_280arduino_moveit2/share/mycobot_280arduino_moveit2/package.dsv'
[5.553s] INFO:colcon.colcon_core.shell:Creating package script '/home/amin/cobot/cobot_ws/install/mycobot_280arduino_moveit2/share/mycobot_280arduino_moveit2/package.sh'
[5.554s] INFO:colcon.colcon_core.shell:Creating package script '/home/amin/cobot/cobot_ws/install/mycobot_280arduino_moveit2/share/mycobot_280arduino_moveit2/package.bash'
[5.554s] INFO:colcon.colcon_core.shell:Creating package script '/home/amin/cobot/cobot_ws/install/mycobot_280arduino_moveit2/share/mycobot_280arduino_moveit2/package.zsh'
[5.554s] Level 1:colcon.colcon_core.environment:create_file_with_runtime_dependencies(/home/amin/cobot/cobot_ws/install/mycobot_280arduino_moveit2/share/colcon-core/packages/mycobot_280arduino_moveit2)
[5.555s] Level 1:colcon.colcon_core.environment:create_environment_scripts_only(mycobot_280arduino_moveit2)
[5.555s] Level 1:colcon.colcon_core.environment:checking '/home/amin/cobot/cobot_ws/install/mycobot_280arduino_moveit2' for CMake module files
[5.556s] Level 1:colcon.colcon_core.environment:checking '/home/amin/cobot/cobot_ws/install/mycobot_280arduino_moveit2' for CMake config files
[5.556s] Level 1:colcon.colcon_core.shell:create_environment_hook('mycobot_280arduino_moveit2', 'cmake_prefix_path')
[5.556s] INFO:colcon.colcon_core.shell:Creating environment hook '/home/amin/cobot/cobot_ws/install/mycobot_280arduino_moveit2/share/mycobot_280arduino_moveit2/hook/cmake_prefix_path.ps1'
[5.556s] INFO:colcon.colcon_core.shell:Creating environment descriptor '/home/amin/cobot/cobot_ws/install/mycobot_280arduino_moveit2/share/mycobot_280arduino_moveit2/hook/cmake_prefix_path.dsv'
[5.557s] INFO:colcon.colcon_core.shell:Creating environment hook '/home/amin/cobot/cobot_ws/install/mycobot_280arduino_moveit2/share/mycobot_280arduino_moveit2/hook/cmake_prefix_path.sh'
[5.557s] Level 1:colcon.colcon_core.environment:checking '/home/amin/cobot/cobot_ws/install/mycobot_280arduino_moveit2/bin'
[5.557s] Level 1:colcon.colcon_core.environment:checking '/home/amin/cobot/cobot_ws/install/mycobot_280arduino_moveit2/lib/pkgconfig/mycobot_280arduino_moveit2.pc'
[5.558s] Level 1:colcon.colcon_core.environment:checking '/home/amin/cobot/cobot_ws/install/mycobot_280arduino_moveit2/lib/python3.12/site-packages'
[5.558s] Level 1:colcon.colcon_core.environment:checking '/home/amin/cobot/cobot_ws/install/mycobot_280arduino_moveit2/bin'
[5.558s] INFO:colcon.colcon_core.shell:Creating package script '/home/amin/cobot/cobot_ws/install/mycobot_280arduino_moveit2/share/mycobot_280arduino_moveit2/package.ps1'
[5.559s] INFO:colcon.colcon_core.shell:Creating package descriptor '/home/amin/cobot/cobot_ws/install/mycobot_280arduino_moveit2/share/mycobot_280arduino_moveit2/package.dsv'
[5.559s] INFO:colcon.colcon_core.shell:Creating package script '/home/amin/cobot/cobot_ws/install/mycobot_280arduino_moveit2/share/mycobot_280arduino_moveit2/package.sh'
[5.559s] INFO:colcon.colcon_core.shell:Creating package script '/home/amin/cobot/cobot_ws/install/mycobot_280arduino_moveit2/share/mycobot_280arduino_moveit2/package.bash'
[5.560s] INFO:colcon.colcon_core.shell:Creating package script '/home/amin/cobot/cobot_ws/install/mycobot_280arduino_moveit2/share/mycobot_280arduino_moveit2/package.zsh'
[5.560s] Level 1:colcon.colcon_core.environment:create_file_with_runtime_dependencies(/home/amin/cobot/cobot_ws/install/mycobot_280arduino_moveit2/share/colcon-core/packages/mycobot_280arduino_moveit2)
[5.561s] INFO:colcon.colcon_ros.task.ament_python.build:Building ROS package in '/home/amin/cobot/cobot_ws/src/mycobot_ros2/mycobot_320/mycobot_320_riscv' with build type 'ament_python'
[5.562s] Level 1:colcon.colcon_core.shell:create_environment_hook('mycobot_320_riscv', 'ament_prefix_path')
[5.562s] INFO:colcon.colcon_core.shell:Creating environment hook '/home/amin/cobot/cobot_ws/install/mycobot_320_riscv/share/mycobot_320_riscv/hook/ament_prefix_path.ps1'
[5.562s] INFO:colcon.colcon_core.shell:Creating environment descriptor '/home/amin/cobot/cobot_ws/install/mycobot_320_riscv/share/mycobot_320_riscv/hook/ament_prefix_path.dsv'
[5.562s] INFO:colcon.colcon_core.shell:Creating environment hook '/home/amin/cobot/cobot_ws/install/mycobot_320_riscv/share/mycobot_320_riscv/hook/ament_prefix_path.sh'
[5.563s] INFO:colcon.colcon_core.shell:Skip shell extension 'powershell' for command environment: Not usable outside of PowerShell
[5.563s] DEBUG:colcon.colcon_core.shell:Skip shell extension 'dsv' for command environment
[5.752s] INFO:colcon.colcon_core.task.python.build:Building Python package in '/home/amin/cobot/cobot_ws/src/mycobot_ros2/mycobot_320/mycobot_320'
[5.752s] INFO:colcon.colcon_core.shell:Skip shell extension 'powershell' for command environment: Not usable outside of PowerShell
[5.752s] DEBUG:colcon.colcon_core.shell:Skip shell extension 'dsv' for command environment
[5.761s] DEBUG:colcon.colcon_core.event_handler.log_command:Invoked command in '/home/amin/cobot/cobot_ws/build/mycobot_280rdkx5_moveit2' returned '0': AMENT_PREFIX_PATH=/home/amin/cobot/cobot_ws/install/mycobot_description:/home/amin/cobot/cobot_ws/install/ultraarm:/home/amin/cobot/cobot_ws/install/pro450_moveit2_control:/home/amin/cobot/cobot_ws/install/pro450_moveit2:/home/amin/cobot/cobot_ws/install/mypalletizer_communication:/home/amin/cobot/cobot_ws/install/mypalletizer_interfaces:/home/amin/cobot/cobot_ws/install/mypalletizer_260_pi:/home/amin/cobot/cobot_ws/install/mypalletizer_260:/home/amin/cobot/cobot_ws/install/mycobot_pro_450:/home/amin/cobot/cobot_ws/install/mycobot_pro450_interfaces:/home/amin/cobot/cobot_ws/install/myarm_m750:/home/amin/cobot/cobot_ws/install/myarm_c650:/home/amin/cobot/cobot_ws/install/mycobot_communication:/home/amin/cobot/cobot_ws/install/mecharm_communication:/home/amin/cobot/cobot_ws/install/mycobot_interfaces:/home/amin/cobot/cobot_ws/install/mycobot_630:/home/amin/cobot/cobot_ws/install/mycobot_600:/home/amin/cobot/cobot_ws/install/mycobot_320pi:/home/amin/cobot/cobot_ws/install/mycobot_320_riscv:/home/amin/cobot/cobot_ws/install/mycobot_320:/home/amin/cobot/cobot_ws/install/mycobot_280rdkx5_moveit2:/home/amin/cobot/cobot_ws/install/mycobot_280pi:/home/amin/cobot/cobot_ws/install/mycobot_280jn:/home/amin/cobot/cobot_ws/install/mycobot_280arduino_moveit2:/home/amin/cobot/cobot_ws/install/mycobot_280_x3pi:/home/amin/cobot/cobot_ws/install/mycobot_280_riscv:/home/amin/cobot/cobot_ws/install/mycobot_280_rdkx5:/home/amin/cobot/cobot_ws/install/mycobot_280_moveit2_control:/home/amin/cobot/cobot_ws/install/mycobot_280_moveit2:/home/amin/cobot/cobot_ws/install/mycobot_280_gazebo_jazzy:/home/amin/cobot/cobot_ws/install/mycobot_280_gazebo:/home/amin/cobot/cobot_ws/install/mycobot_280_arduino:/home/amin/cobot/cobot_ws/install/mycobot_280:/home/amin/cobot/cobot_ws/install/mybuddy:/home/amin/cobot/cobot_ws/install/myarm_300:/home/amin/cobot/cobot_ws/install/mecharm_pi:/home/amin/cobot/cobot_ws/install/mecharm:/home/amin/cobot/cobot_ws/install/mecharm_interfaces:/opt/ros/jazzy CMAKE_PREFIX_PATH=${CMAKE_PREFIX_PATH}:/home/amin/cobot/cobot_ws/install/ultraarm:/home/amin/cobot/cobot_ws/install/pro450_moveit2_control:/home/amin/cobot/cobot_ws/install/mypalletizer_communication:/home/amin/cobot/cobot_ws/install/mypalletizer_260_pi:/home/amin/cobot/cobot_ws/install/mypalletizer_260:/home/amin/cobot/cobot_ws/install/mycobot_pro_450:/home/amin/cobot/cobot_ws/install/myarm_m750:/home/amin/cobot/cobot_ws/install/myarm_c650:/home/amin/cobot/cobot_ws/install/mycobot_communication:/home/amin/cobot/cobot_ws/install/mecharm_communication:/home/amin/cobot/cobot_ws/install/mycobot_630:/home/amin/cobot/cobot_ws/install/mycobot_600:/home/amin/cobot/cobot_ws/install/mycobot_320pi:/home/amin/cobot/cobot_ws/install/mycobot_320_riscv:/home/amin/cobot/cobot_ws/install/mycobot_320:/home/amin/cobot/cobot_ws/install/mycobot_280pi:/home/amin/cobot/cobot_ws/install/mycobot_280jn:/home/amin/cobot/cobot_ws/install/mycobot_280_x3pi:/home/amin/cobot/cobot_ws/install/mycobot_280_riscv:/home/amin/cobot/cobot_ws/install/mycobot_280_rdkx5:/home/amin/cobot/cobot_ws/install/mycobot_280_moveit2_control:/home/amin/cobot/cobot_ws/install/mycobot_280_arduino:/home/amin/cobot/cobot_ws/install/mycobot_280:/home/amin/cobot/cobot_ws/install/mybuddy:/home/amin/cobot/cobot_ws/install/myarm_300:/home/amin/cobot/cobot_ws/install/mecharm_pi:/home/amin/cobot/cobot_ws/install/mecharm:/home/amin/cobot/cobot_ws/install/mycobot_description:/opt/ros/jazzy DEBUGINFOD_URLS=https://debuginfod.ubuntu.com PYTHONPATH=/home/amin/cobot/cobot_ws/install/mycobot_description/lib/python3.12/site-packages:/home/amin/cobot/cobot_ws/install/ultraarm/lib/python3.12/site-packages:/home/amin/cobot/cobot_ws/install/pro450_moveit2_control/lib/python3.12/site-packages:/home/amin/cobot/cobot_ws/install/mypalletizer_communication/lib/python3.12/site-packages:/home/amin/cobot/cobot_ws/install/mypalletizer_interfaces/lib/python3.12/site-packages:/home/amin/cobot/cobot_ws/install/mypalletizer_260_pi/lib/python3.12/site-packages:/home/amin/cobot/cobot_ws/install/mypalletizer_260/lib/python3.12/site-packages:/home/amin/cobot/cobot_ws/install/mycobot_pro_450/lib/python3.12/site-packages:/home/amin/cobot/cobot_ws/install/mycobot_pro450_interfaces/lib/python3.12/site-packages:/home/amin/cobot/cobot_ws/install/myarm_m750/lib/python3.12/site-packages:/home/amin/cobot/cobot_ws/install/myarm_c650/lib/python3.12/site-packages:/home/amin/cobot/cobot_ws/install/mycobot_communication/lib/python3.12/site-packages:/home/amin/cobot/cobot_ws/install/mecharm_communication/lib/python3.12/site-packages:/home/amin/cobot/cobot_ws/install/mycobot_interfaces/lib/python3.12/site-packages:/home/amin/cobot/cobot_ws/install/mycobot_630/lib/python3.12/site-packages:/home/amin/cobot/cobot_ws/install/mycobot_600/lib/python3.12/site-packages:/home/amin/cobot/cobot_ws/install/mycobot_320pi/lib/python3.12/site-packages:/home/amin/cobot/cobot_ws/install/mycobot_320_riscv/lib/python3.12/site-packages:/home/amin/cobot/cobot_ws/install/mycobot_320/lib/python3.12/site-packages:/home/amin/cobot/cobot_ws/install/mycobot_280pi/lib/python3.12/site-packages:/home/amin/cobot/cobot_ws/install/mycobot_280jn/lib/python3.12/site-packages:/home/amin/cobot/cobot_ws/install/mycobot_280_x3pi/lib/python3.12/site-packages:/home/amin/cobot/cobot_ws/install/mycobot_280_riscv/lib/python3.12/site-packages:/home/amin/cobot/cobot_ws/install/mycobot_280_rdkx5/lib/python3.12/site-packages:/home/amin/cobot/cobot_ws/install/mycobot_280_moveit2_control/lib/python3.12/site-packages:/home/amin/cobot/cobot_ws/install/mycobot_280_arduino/lib/python3.12/site-packages:/home/amin/cobot/cobot_ws/install/mycobot_280/lib/python3.12/site-packages:/home/amin/cobot/cobot_ws/install/mybuddy/lib/python3.12/site-packages:/home/amin/cobot/cobot_ws/install/myarm_300/lib/python3.12/site-packages:/home/amin/cobot/cobot_ws/install/mecharm_pi/lib/python3.12/site-packages:/home/amin/cobot/cobot_ws/install/mecharm/lib/python3.12/site-packages:/home/amin/cobot/cobot_ws/install/mecharm_interfaces/lib/python3.12/site-packages:/opt/ros/jazzy/lib/python3.12/site-packages /usr/bin/cmake --build /home/amin/cobot/cobot_ws/build/mycobot_280rdkx5_moveit2 -- -j8 -l8
[5.761s] DEBUG:colcon.colcon_core.event_handler.log_command:Invoking command in '/home/amin/cobot/cobot_ws/build/mycobot_280rdkx5_moveit2': AMENT_PREFIX_PATH=/home/amin/cobot/cobot_ws/install/mycobot_description:/home/amin/cobot/cobot_ws/install/ultraarm:/home/amin/cobot/cobot_ws/install/pro450_moveit2_control:/home/amin/cobot/cobot_ws/install/pro450_moveit2:/home/amin/cobot/cobot_ws/install/mypalletizer_communication:/home/amin/cobot/cobot_ws/install/mypalletizer_interfaces:/home/amin/cobot/cobot_ws/install/mypalletizer_260_pi:/home/amin/cobot/cobot_ws/install/mypalletizer_260:/home/amin/cobot/cobot_ws/install/mycobot_pro_450:/home/amin/cobot/cobot_ws/install/mycobot_pro450_interfaces:/home/amin/cobot/cobot_ws/install/myarm_m750:/home/amin/cobot/cobot_ws/install/myarm_c650:/home/amin/cobot/cobot_ws/install/mycobot_communication:/home/amin/cobot/cobot_ws/install/mecharm_communication:/home/amin/cobot/cobot_ws/install/mycobot_interfaces:/home/amin/cobot/cobot_ws/install/mycobot_630:/home/amin/cobot/cobot_ws/install/mycobot_600:/home/amin/cobot/cobot_ws/install/mycobot_320pi:/home/amin/cobot/cobot_ws/install/mycobot_320_riscv:/home/amin/cobot/cobot_ws/install/mycobot_320:/home/amin/cobot/cobot_ws/install/mycobot_280rdkx5_moveit2:/home/amin/cobot/cobot_ws/install/mycobot_280pi:/home/amin/cobot/cobot_ws/install/mycobot_280jn:/home/amin/cobot/cobot_ws/install/mycobot_280arduino_moveit2:/home/amin/cobot/cobot_ws/install/mycobot_280_x3pi:/home/amin/cobot/cobot_ws/install/mycobot_280_riscv:/home/amin/cobot/cobot_ws/install/mycobot_280_rdkx5:/home/amin/cobot/cobot_ws/install/mycobot_280_moveit2_control:/home/amin/cobot/cobot_ws/install/mycobot_280_moveit2:/home/amin/cobot/cobot_ws/install/mycobot_280_gazebo_jazzy:/home/amin/cobot/cobot_ws/install/mycobot_280_gazebo:/home/amin/cobot/cobot_ws/install/mycobot_280_arduino:/home/amin/cobot/cobot_ws/install/mycobot_280:/home/amin/cobot/cobot_ws/install/mybuddy:/home/amin/cobot/cobot_ws/install/myarm_300:/home/amin/cobot/cobot_ws/install/mecharm_pi:/home/amin/cobot/cobot_ws/install/mecharm:/home/amin/cobot/cobot_ws/install/mecharm_interfaces:/opt/ros/jazzy CMAKE_PREFIX_PATH=${CMAKE_PREFIX_PATH}:/home/amin/cobot/cobot_ws/install/ultraarm:/home/amin/cobot/cobot_ws/install/pro450_moveit2_control:/home/amin/cobot/cobot_ws/install/mypalletizer_communication:/home/amin/cobot/cobot_ws/install/mypalletizer_260_pi:/home/amin/cobot/cobot_ws/install/mypalletizer_260:/home/amin/cobot/cobot_ws/install/mycobot_pro_450:/home/amin/cobot/cobot_ws/install/myarm_m750:/home/amin/cobot/cobot_ws/install/myarm_c650:/home/amin/cobot/cobot_ws/install/mycobot_communication:/home/amin/cobot/cobot_ws/install/mecharm_communication:/home/amin/cobot/cobot_ws/install/mycobot_630:/home/amin/cobot/cobot_ws/install/mycobot_600:/home/amin/cobot/cobot_ws/install/mycobot_320pi:/home/amin/cobot/cobot_ws/install/mycobot_320_riscv:/home/amin/cobot/cobot_ws/install/mycobot_320:/home/amin/cobot/cobot_ws/install/mycobot_280pi:/home/amin/cobot/cobot_ws/install/mycobot_280jn:/home/amin/cobot/cobot_ws/install/mycobot_280_x3pi:/home/amin/cobot/cobot_ws/install/mycobot_280_riscv:/home/amin/cobot/cobot_ws/install/mycobot_280_rdkx5:/home/amin/cobot/cobot_ws/install/mycobot_280_moveit2_control:/home/amin/cobot/cobot_ws/install/mycobot_280_arduino:/home/amin/cobot/cobot_ws/install/mycobot_280:/home/amin/cobot/cobot_ws/install/mybuddy:/home/amin/cobot/cobot_ws/install/myarm_300:/home/amin/cobot/cobot_ws/install/mecharm_pi:/home/amin/cobot/cobot_ws/install/mecharm:/home/amin/cobot/cobot_ws/install/mycobot_description:/opt/ros/jazzy DEBUGINFOD_URLS=https://debuginfod.ubuntu.com PYTHONPATH=/home/amin/cobot/cobot_ws/install/mycobot_description/lib/python3.12/site-packages:/home/amin/cobot/cobot_ws/install/ultraarm/lib/python3.12/site-packages:/home/amin/cobot/cobot_ws/install/pro450_moveit2_control/lib/python3.12/site-packages:/home/amin/cobot/cobot_ws/install/mypalletizer_communication/lib/python3.12/site-packages:/home/amin/cobot/cobot_ws/install/mypalletizer_interfaces/lib/python3.12/site-packages:/home/amin/cobot/cobot_ws/install/mypalletizer_260_pi/lib/python3.12/site-packages:/home/amin/cobot/cobot_ws/install/mypalletizer_260/lib/python3.12/site-packages:/home/amin/cobot/cobot_ws/install/mycobot_pro_450/lib/python3.12/site-packages:/home/amin/cobot/cobot_ws/install/mycobot_pro450_interfaces/lib/python3.12/site-packages:/home/amin/cobot/cobot_ws/install/myarm_m750/lib/python3.12/site-packages:/home/amin/cobot/cobot_ws/install/myarm_c650/lib/python3.12/site-packages:/home/amin/cobot/cobot_ws/install/mycobot_communication/lib/python3.12/site-packages:/home/amin/cobot/cobot_ws/install/mecharm_communication/lib/python3.12/site-packages:/home/amin/cobot/cobot_ws/install/mycobot_interfaces/lib/python3.12/site-packages:/home/amin/cobot/cobot_ws/install/mycobot_630/lib/python3.12/site-packages:/home/amin/cobot/cobot_ws/install/mycobot_600/lib/python3.12/site-packages:/home/amin/cobot/cobot_ws/install/mycobot_320pi/lib/python3.12/site-packages:/home/amin/cobot/cobot_ws/install/mycobot_320_riscv/lib/python3.12/site-packages:/home/amin/cobot/cobot_ws/install/mycobot_320/lib/python3.12/site-packages:/home/amin/cobot/cobot_ws/install/mycobot_280pi/lib/python3.12/site-packages:/home/amin/cobot/cobot_ws/install/mycobot_280jn/lib/python3.12/site-packages:/home/amin/cobot/cobot_ws/install/mycobot_280_x3pi/lib/python3.12/site-packages:/home/amin/cobot/cobot_ws/install/mycobot_280_riscv/lib/python3.12/site-packages:/home/amin/cobot/cobot_ws/install/mycobot_280_rdkx5/lib/python3.12/site-packages:/home/amin/cobot/cobot_ws/install/mycobot_280_moveit2_control/lib/python3.12/site-packages:/home/amin/cobot/cobot_ws/install/mycobot_280_arduino/lib/python3.12/site-packages:/home/amin/cobot/cobot_ws/install/mycobot_280/lib/python3.12/site-packages:/home/amin/cobot/cobot_ws/install/mybuddy/lib/python3.12/site-packages:/home/amin/cobot/cobot_ws/install/myarm_300/lib/python3.12/site-packages:/home/amin/cobot/cobot_ws/install/mecharm_pi/lib/python3.12/site-packages:/home/amin/cobot/cobot_ws/install/mecharm/lib/python3.12/site-packages:/home/amin/cobot/cobot_ws/install/mecharm_interfaces/lib/python3.12/site-packages:/opt/ros/jazzy/lib/python3.12/site-packages /usr/bin/cmake --install /home/amin/cobot/cobot_ws/build/mycobot_280rdkx5_moveit2
[5.938s] INFO:colcon.colcon_core.task.python.build:Building Python package in '/home/amin/cobot/cobot_ws/src/mycobot_ros2/mycobot_320/mycobot_320_riscv'
[5.938s] INFO:colcon.colcon_core.shell:Skip shell extension 'powershell' for command environment: Not usable outside of PowerShell
[5.939s] DEBUG:colcon.colcon_core.shell:Skip shell extension 'dsv' for command environment
[5.954s] Level 1:colcon.colcon_core.environment:create_environment_scripts_only(mycobot_280rdkx5_moveit2)
[5.955s] Level 1:colcon.colcon_core.environment:checking '/home/amin/cobot/cobot_ws/install/mycobot_280rdkx5_moveit2' for CMake module files
[5.955s] Level 1:colcon.colcon_core.environment:checking '/home/amin/cobot/cobot_ws/install/mycobot_280rdkx5_moveit2' for CMake config files
[5.955s] Level 1:colcon.colcon_core.shell:create_environment_hook('mycobot_280rdkx5_moveit2', 'cmake_prefix_path')
[5.956s] INFO:colcon.colcon_core.shell:Creating environment hook '/home/amin/cobot/cobot_ws/install/mycobot_280rdkx5_moveit2/share/mycobot_280rdkx5_moveit2/hook/cmake_prefix_path.ps1'
[5.956s] INFO:colcon.colcon_core.shell:Creating environment descriptor '/home/amin/cobot/cobot_ws/install/mycobot_280rdkx5_moveit2/share/mycobot_280rdkx5_moveit2/hook/cmake_prefix_path.dsv'
[5.957s] INFO:colcon.colcon_core.shell:Creating environment hook '/home/amin/cobot/cobot_ws/install/mycobot_280rdkx5_moveit2/share/mycobot_280rdkx5_moveit2/hook/cmake_prefix_path.sh'
[5.957s] Level 1:colcon.colcon_core.environment:checking '/home/amin/cobot/cobot_ws/install/mycobot_280rdkx5_moveit2/bin'
[5.957s] Level 1:colcon.colcon_core.environment:checking '/home/amin/cobot/cobot_ws/install/mycobot_280rdkx5_moveit2/lib/pkgconfig/mycobot_280rdkx5_moveit2.pc'
[5.961s] Level 1:colcon.colcon_core.environment:checking '/home/amin/cobot/cobot_ws/install/mycobot_280rdkx5_moveit2/lib/python3.12/site-packages'
[5.962s] Level 1:colcon.colcon_core.environment:checking '/home/amin/cobot/cobot_ws/install/mycobot_280rdkx5_moveit2/bin'
[5.962s] INFO:colcon.colcon_core.shell:Creating package script '/home/amin/cobot/cobot_ws/install/mycobot_280rdkx5_moveit2/share/mycobot_280rdkx5_moveit2/package.ps1'
[5.963s] INFO:colcon.colcon_core.shell:Creating package descriptor '/home/amin/cobot/cobot_ws/install/mycobot_280rdkx5_moveit2/share/mycobot_280rdkx5_moveit2/package.dsv'
[5.963s] INFO:colcon.colcon_core.shell:Creating package script '/home/amin/cobot/cobot_ws/install/mycobot_280rdkx5_moveit2/share/mycobot_280rdkx5_moveit2/package.sh'
[5.963s] INFO:colcon.colcon_core.shell:Creating package script '/home/amin/cobot/cobot_ws/install/mycobot_280rdkx5_moveit2/share/mycobot_280rdkx5_moveit2/package.bash'
[5.964s] INFO:colcon.colcon_core.shell:Creating package script '/home/amin/cobot/cobot_ws/install/mycobot_280rdkx5_moveit2/share/mycobot_280rdkx5_moveit2/package.zsh'
[5.964s] Level 1:colcon.colcon_core.environment:create_file_with_runtime_dependencies(/home/amin/cobot/cobot_ws/install/mycobot_280rdkx5_moveit2/share/colcon-core/packages/mycobot_280rdkx5_moveit2)
[5.957s] DEBUG:colcon.colcon_core.event_handler.log_command:Invoked command in '/home/amin/cobot/cobot_ws/build/mycobot_280rdkx5_moveit2' returned '0': AMENT_PREFIX_PATH=/home/amin/cobot/cobot_ws/install/mycobot_description:/home/amin/cobot/cobot_ws/install/ultraarm:/home/amin/cobot/cobot_ws/install/pro450_moveit2_control:/home/amin/cobot/cobot_ws/install/pro450_moveit2:/home/amin/cobot/cobot_ws/install/mypalletizer_communication:/home/amin/cobot/cobot_ws/install/mypalletizer_interfaces:/home/amin/cobot/cobot_ws/install/mypalletizer_260_pi:/home/amin/cobot/cobot_ws/install/mypalletizer_260:/home/amin/cobot/cobot_ws/install/mycobot_pro_450:/home/amin/cobot/cobot_ws/install/mycobot_pro450_interfaces:/home/amin/cobot/cobot_ws/install/myarm_m750:/home/amin/cobot/cobot_ws/install/myarm_c650:/home/amin/cobot/cobot_ws/install/mycobot_communication:/home/amin/cobot/cobot_ws/install/mecharm_communication:/home/amin/cobot/cobot_ws/install/mycobot_interfaces:/home/amin/cobot/cobot_ws/install/mycobot_630:/home/amin/cobot/cobot_ws/install/mycobot_600:/home/amin/cobot/cobot_ws/install/mycobot_320pi:/home/amin/cobot/cobot_ws/install/mycobot_320_riscv:/home/amin/cobot/cobot_ws/install/mycobot_320:/home/amin/cobot/cobot_ws/install/mycobot_280rdkx5_moveit2:/home/amin/cobot/cobot_ws/install/mycobot_280pi:/home/amin/cobot/cobot_ws/install/mycobot_280jn:/home/amin/cobot/cobot_ws/install/mycobot_280arduino_moveit2:/home/amin/cobot/cobot_ws/install/mycobot_280_x3pi:/home/amin/cobot/cobot_ws/install/mycobot_280_riscv:/home/amin/cobot/cobot_ws/install/mycobot_280_rdkx5:/home/amin/cobot/cobot_ws/install/mycobot_280_moveit2_control:/home/amin/cobot/cobot_ws/install/mycobot_280_moveit2:/home/amin/cobot/cobot_ws/install/mycobot_280_gazebo_jazzy:/home/amin/cobot/cobot_ws/install/mycobot_280_gazebo:/home/amin/cobot/cobot_ws/install/mycobot_280_arduino:/home/amin/cobot/cobot_ws/install/mycobot_280:/home/amin/cobot/cobot_ws/install/mybuddy:/home/amin/cobot/cobot_ws/install/myarm_300:/home/amin/cobot/cobot_ws/install/mecharm_pi:/home/amin/cobot/cobot_ws/install/mecharm:/home/amin/cobot/cobot_ws/install/mecharm_interfaces:/opt/ros/jazzy CMAKE_PREFIX_PATH=${CMAKE_PREFIX_PATH}:/home/amin/cobot/cobot_ws/install/ultraarm:/home/amin/cobot/cobot_ws/install/pro450_moveit2_control:/home/amin/cobot/cobot_ws/install/mypalletizer_communication:/home/amin/cobot/cobot_ws/install/mypalletizer_260_pi:/home/amin/cobot/cobot_ws/install/mypalletizer_260:/home/amin/cobot/cobot_ws/install/mycobot_pro_450:/home/amin/cobot/cobot_ws/install/myarm_m750:/home/amin/cobot/cobot_ws/install/myarm_c650:/home/amin/cobot/cobot_ws/install/mycobot_communication:/home/amin/cobot/cobot_ws/install/mecharm_communication:/home/amin/cobot/cobot_ws/install/mycobot_630:/home/amin/cobot/cobot_ws/install/mycobot_600:/home/amin/cobot/cobot_ws/install/mycobot_320pi:/home/amin/cobot/cobot_ws/install/mycobot_320_riscv:/home/amin/cobot/cobot_ws/install/mycobot_320:/home/amin/cobot/cobot_ws/install/mycobot_280pi:/home/amin/cobot/cobot_ws/install/mycobot_280jn:/home/amin/cobot/cobot_ws/install/mycobot_280_x3pi:/home/amin/cobot/cobot_ws/install/mycobot_280_riscv:/home/amin/cobot/cobot_ws/install/mycobot_280_rdkx5:/home/amin/cobot/cobot_ws/install/mycobot_280_moveit2_control:/home/amin/cobot/cobot_ws/install/mycobot_280_arduino:/home/amin/cobot/cobot_ws/install/mycobot_280:/home/amin/cobot/cobot_ws/install/mybuddy:/home/amin/cobot/cobot_ws/install/myarm_300:/home/amin/cobot/cobot_ws/install/mecharm_pi:/home/amin/cobot/cobot_ws/install/mecharm:/home/amin/cobot/cobot_ws/install/mycobot_description:/opt/ros/jazzy DEBUGINFOD_URLS=https://debuginfod.ubuntu.com PYTHONPATH=/home/amin/cobot/cobot_ws/install/mycobot_description/lib/python3.12/site-packages:/home/amin/cobot/cobot_ws/install/ultraarm/lib/python3.12/site-packages:/home/amin/cobot/cobot_ws/install/pro450_moveit2_control/lib/python3.12/site-packages:/home/amin/cobot/cobot_ws/install/mypalletizer_communication/lib/python3.12/site-packages:/home/amin/cobot/cobot_ws/install/mypalletizer_interfaces/lib/python3.12/site-packages:/home/amin/cobot/cobot_ws/install/mypalletizer_260_pi/lib/python3.12/site-packages:/home/amin/cobot/cobot_ws/install/mypalletizer_260/lib/python3.12/site-packages:/home/amin/cobot/cobot_ws/install/mycobot_pro_450/lib/python3.12/site-packages:/home/amin/cobot/cobot_ws/install/mycobot_pro450_interfaces/lib/python3.12/site-packages:/home/amin/cobot/cobot_ws/install/myarm_m750/lib/python3.12/site-packages:/home/amin/cobot/cobot_ws/install/myarm_c650/lib/python3.12/site-packages:/home/amin/cobot/cobot_ws/install/mycobot_communication/lib/python3.12/site-packages:/home/amin/cobot/cobot_ws/install/mecharm_communication/lib/python3.12/site-packages:/home/amin/cobot/cobot_ws/install/mycobot_interfaces/lib/python3.12/site-packages:/home/amin/cobot/cobot_ws/install/mycobot_630/lib/python3.12/site-packages:/home/amin/cobot/cobot_ws/install/mycobot_600/lib/python3.12/site-packages:/home/amin/cobot/cobot_ws/install/mycobot_320pi/lib/python3.12/site-packages:/home/amin/cobot/cobot_ws/install/mycobot_320_riscv/lib/python3.12/site-packages:/home/amin/cobot/cobot_ws/install/mycobot_320/lib/python3.12/site-packages:/home/amin/cobot/cobot_ws/install/mycobot_280pi/lib/python3.12/site-packages:/home/amin/cobot/cobot_ws/install/mycobot_280jn/lib/python3.12/site-packages:/home/amin/cobot/cobot_ws/install/mycobot_280_x3pi/lib/python3.12/site-packages:/home/amin/cobot/cobot_ws/install/mycobot_280_riscv/lib/python3.12/site-packages:/home/amin/cobot/cobot_ws/install/mycobot_280_rdkx5/lib/python3.12/site-packages:/home/amin/cobot/cobot_ws/install/mycobot_280_moveit2_control/lib/python3.12/site-packages:/home/amin/cobot/cobot_ws/install/mycobot_280_arduino/lib/python3.12/site-packages:/home/amin/cobot/cobot_ws/install/mycobot_280/lib/python3.12/site-packages:/home/amin/cobot/cobot_ws/install/mybuddy/lib/python3.12/site-packages:/home/amin/cobot/cobot_ws/install/myarm_300/lib/python3.12/site-packages:/home/amin/cobot/cobot_ws/install/mecharm_pi/lib/python3.12/site-packages:/home/amin/cobot/cobot_ws/install/mecharm/lib/python3.12/site-packages:/home/amin/cobot/cobot_ws/install/mecharm_interfaces/lib/python3.12/site-packages:/opt/ros/jazzy/lib/python3.12/site-packages /usr/bin/cmake --install /home/amin/cobot/cobot_ws/build/mycobot_280rdkx5_moveit2
[5.966s] Level 1:colcon.colcon_core.environment:create_environment_scripts_only(mycobot_280rdkx5_moveit2)
[5.967s] Level 1:colcon.colcon_core.environment:checking '/home/amin/cobot/cobot_ws/install/mycobot_280rdkx5_moveit2' for CMake module files
[5.967s] Level 1:colcon.colcon_core.environment:checking '/home/amin/cobot/cobot_ws/install/mycobot_280rdkx5_moveit2' for CMake config files
[5.967s] Level 1:colcon.colcon_core.shell:create_environment_hook('mycobot_280rdkx5_moveit2', 'cmake_prefix_path')
[5.968s] INFO:colcon.colcon_core.shell:Creating environment hook '/home/amin/cobot/cobot_ws/install/mycobot_280rdkx5_moveit2/share/mycobot_280rdkx5_moveit2/hook/cmake_prefix_path.ps1'
[5.968s] INFO:colcon.colcon_core.shell:Creating environment descriptor '/home/amin/cobot/cobot_ws/install/mycobot_280rdkx5_moveit2/share/mycobot_280rdkx5_moveit2/hook/cmake_prefix_path.dsv'
[5.969s] INFO:colcon.colcon_core.shell:Creating environment hook '/home/amin/cobot/cobot_ws/install/mycobot_280rdkx5_moveit2/share/mycobot_280rdkx5_moveit2/hook/cmake_prefix_path.sh'
[5.970s] Level 1:colcon.colcon_core.environment:checking '/home/amin/cobot/cobot_ws/install/mycobot_280rdkx5_moveit2/bin'
[5.970s] Level 1:colcon.colcon_core.environment:checking '/home/amin/cobot/cobot_ws/install/mycobot_280rdkx5_moveit2/lib/pkgconfig/mycobot_280rdkx5_moveit2.pc'
[5.971s] Level 1:colcon.colcon_core.environment:checking '/home/amin/cobot/cobot_ws/install/mycobot_280rdkx5_moveit2/lib/python3.12/site-packages'
[5.971s] Level 1:colcon.colcon_core.environment:checking '/home/amin/cobot/cobot_ws/install/mycobot_280rdkx5_moveit2/bin'
[5.971s] INFO:colcon.colcon_core.shell:Creating package script '/home/amin/cobot/cobot_ws/install/mycobot_280rdkx5_moveit2/share/mycobot_280rdkx5_moveit2/package.ps1'
[5.972s] INFO:colcon.colcon_core.shell:Creating package descriptor '/home/amin/cobot/cobot_ws/install/mycobot_280rdkx5_moveit2/share/mycobot_280rdkx5_moveit2/package.dsv'
[5.973s] INFO:colcon.colcon_core.shell:Creating package script '/home/amin/cobot/cobot_ws/install/mycobot_280rdkx5_moveit2/share/mycobot_280rdkx5_moveit2/package.sh'
[5.973s] INFO:colcon.colcon_core.shell:Creating package script '/home/amin/cobot/cobot_ws/install/mycobot_280rdkx5_moveit2/share/mycobot_280rdkx5_moveit2/package.bash'
[5.974s] INFO:colcon.colcon_core.shell:Creating package script '/home/amin/cobot/cobot_ws/install/mycobot_280rdkx5_moveit2/share/mycobot_280rdkx5_moveit2/package.zsh'
[5.975s] Level 1:colcon.colcon_core.environment:create_file_with_runtime_dependencies(/home/amin/cobot/cobot_ws/install/mycobot_280rdkx5_moveit2/share/colcon-core/packages/mycobot_280rdkx5_moveit2)
[5.977s] INFO:colcon.colcon_ros.task.ament_python.build:Building ROS package in '/home/amin/cobot/cobot_ws/src/mycobot_ros2/mycobot_320/mycobot_320pi' with build type 'ament_python'
[5.977s] Level 1:colcon.colcon_core.shell:create_environment_hook('mycobot_320pi', 'ament_prefix_path')
[5.977s] INFO:colcon.colcon_core.shell:Creating environment hook '/home/amin/cobot/cobot_ws/install/mycobot_320pi/share/mycobot_320pi/hook/ament_prefix_path.ps1'
[5.977s] INFO:colcon.colcon_core.shell:Creating environment descriptor '/home/amin/cobot/cobot_ws/install/mycobot_320pi/share/mycobot_320pi/hook/ament_prefix_path.dsv'
[5.978s] INFO:colcon.colcon_core.shell:Creating environment hook '/home/amin/cobot/cobot_ws/install/mycobot_320pi/share/mycobot_320pi/hook/ament_prefix_path.sh'
[5.978s] INFO:colcon.colcon_core.shell:Skip shell extension 'powershell' for command environment: Not usable outside of PowerShell
[5.978s] DEBUG:colcon.colcon_core.shell:Skip shell extension 'dsv' for command environment
[6.203s] INFO:colcon.colcon_core.task.python.build:Building Python package in '/home/amin/cobot/cobot_ws/src/mycobot_ros2/mycobot_320/mycobot_320pi'
[6.203s] INFO:colcon.colcon_core.shell:Skip shell extension 'powershell' for command environment: Not usable outside of PowerShell
[6.203s] DEBUG:colcon.colcon_core.shell:Skip shell extension 'dsv' for command environment
[6.208s] Level 1:colcon.colcon_core.environment:checking '/home/amin/cobot/cobot_ws/install/mycobot_280_riscv' for CMake module files
[6.209s] Level 1:colcon.colcon_core.environment:checking '/home/amin/cobot/cobot_ws/install/mycobot_280_riscv' for CMake config files
[6.210s] Level 1:colcon.colcon_core.environment:checking '/home/amin/cobot/cobot_ws/install/mycobot_280_riscv/lib'
[6.210s] Level 1:colcon.colcon_core.environment:checking '/home/amin/cobot/cobot_ws/install/mycobot_280_riscv/bin'
[6.208s] DEBUG:colcon.colcon_core.event_handler.log_command:Invoked command in '/home/amin/cobot/cobot_ws/src/mycobot_ros2/mycobot_280/mycobot_280_riscv' returned '0': AMENT_PREFIX_PATH=/home/amin/cobot/cobot_ws/install/mycobot_description:/home/amin/cobot/cobot_ws/install/ultraarm:/home/amin/cobot/cobot_ws/install/pro450_moveit2_control:/home/amin/cobot/cobot_ws/install/pro450_moveit2:/home/amin/cobot/cobot_ws/install/mypalletizer_communication:/home/amin/cobot/cobot_ws/install/mypalletizer_interfaces:/home/amin/cobot/cobot_ws/install/mypalletizer_260_pi:/home/amin/cobot/cobot_ws/install/mypalletizer_260:/home/amin/cobot/cobot_ws/install/mycobot_pro_450:/home/amin/cobot/cobot_ws/install/mycobot_pro450_interfaces:/home/amin/cobot/cobot_ws/install/myarm_m750:/home/amin/cobot/cobot_ws/install/myarm_c650:/home/amin/cobot/cobot_ws/install/mycobot_communication:/home/amin/cobot/cobot_ws/install/mecharm_communication:/home/amin/cobot/cobot_ws/install/mycobot_interfaces:/home/amin/cobot/cobot_ws/install/mycobot_630:/home/amin/cobot/cobot_ws/install/mycobot_600:/home/amin/cobot/cobot_ws/install/mycobot_320pi:/home/amin/cobot/cobot_ws/install/mycobot_320_riscv:/home/amin/cobot/cobot_ws/install/mycobot_320:/home/amin/cobot/cobot_ws/install/mycobot_280rdkx5_moveit2:/home/amin/cobot/cobot_ws/install/mycobot_280pi:/home/amin/cobot/cobot_ws/install/mycobot_280jn:/home/amin/cobot/cobot_ws/install/mycobot_280arduino_moveit2:/home/amin/cobot/cobot_ws/install/mycobot_280_x3pi:/home/amin/cobot/cobot_ws/install/mycobot_280_riscv:/home/amin/cobot/cobot_ws/install/mycobot_280_rdkx5:/home/amin/cobot/cobot_ws/install/mycobot_280_moveit2_control:/home/amin/cobot/cobot_ws/install/mycobot_280_moveit2:/home/amin/cobot/cobot_ws/install/mycobot_280_gazebo_jazzy:/home/amin/cobot/cobot_ws/install/mycobot_280_gazebo:/home/amin/cobot/cobot_ws/install/mycobot_280_arduino:/home/amin/cobot/cobot_ws/install/mycobot_280:/home/amin/cobot/cobot_ws/install/mybuddy:/home/amin/cobot/cobot_ws/install/myarm_300:/home/amin/cobot/cobot_ws/install/mecharm_pi:/home/amin/cobot/cobot_ws/install/mecharm:/home/amin/cobot/cobot_ws/install/mecharm_interfaces:/opt/ros/jazzy DEBUGINFOD_URLS=https://debuginfod.ubuntu.com PYTHONPATH=/home/amin/cobot/cobot_ws/build/mycobot_280_riscv/prefix_override:/usr/lib/python3/dist-packages/colcon_core/task/python/colcon_distutils_commands:/home/amin/cobot/cobot_ws/install/mycobot_280_riscv/lib/python3.12/site-packages:/home/amin/cobot/cobot_ws/install/mycobot_description/lib/python3.12/site-packages:/home/amin/cobot/cobot_ws/install/ultraarm/lib/python3.12/site-packages:/home/amin/cobot/cobot_ws/install/pro450_moveit2_control/lib/python3.12/site-packages:/home/amin/cobot/cobot_ws/install/mypalletizer_communication/lib/python3.12/site-packages:/home/amin/cobot/cobot_ws/install/mypalletizer_interfaces/lib/python3.12/site-packages:/home/amin/cobot/cobot_ws/install/mypalletizer_260_pi/lib/python3.12/site-packages:/home/amin/cobot/cobot_ws/install/mypalletizer_260/lib/python3.12/site-packages:/home/amin/cobot/cobot_ws/install/mycobot_pro_450/lib/python3.12/site-packages:/home/amin/cobot/cobot_ws/install/mycobot_pro450_interfaces/lib/python3.12/site-packages:/home/amin/cobot/cobot_ws/install/myarm_m750/lib/python3.12/site-packages:/home/amin/cobot/cobot_ws/install/myarm_c650/lib/python3.12/site-packages:/home/amin/cobot/cobot_ws/install/mycobot_communication/lib/python3.12/site-packages:/home/amin/cobot/cobot_ws/install/mecharm_communication/lib/python3.12/site-packages:/home/amin/cobot/cobot_ws/install/mycobot_interfaces/lib/python3.12/site-packages:/home/amin/cobot/cobot_ws/install/mycobot_630/lib/python3.12/site-packages:/home/amin/cobot/cobot_ws/install/mycobot_600/lib/python3.12/site-packages:/home/amin/cobot/cobot_ws/install/mycobot_320pi/lib/python3.12/site-packages:/home/amin/cobot/cobot_ws/install/mycobot_320_riscv/lib/python3.12/site-packages:/home/amin/cobot/cobot_ws/install/mycobot_320/lib/python3.12/site-packages:/home/amin/cobot/cobot_ws/install/mycobot_280pi/lib/python3.12/site-packages:/home/amin/cobot/cobot_ws/install/mycobot_280jn/lib/python3.12/site-packages:/home/amin/cobot/cobot_ws/install/mycobot_280_x3pi/lib/python3.12/site-packages:/home/amin/cobot/cobot_ws/install/mycobot_280_riscv/lib/python3.12/site-packages:/home/amin/cobot/cobot_ws/install/mycobot_280_rdkx5/lib/python3.12/site-packages:/home/amin/cobot/cobot_ws/install/mycobot_280_moveit2_control/lib/python3.12/site-packages:/home/amin/cobot/cobot_ws/install/mycobot_280_arduino/lib/python3.12/site-packages:/home/amin/cobot/cobot_ws/install/mycobot_280/lib/python3.12/site-packages:/home/amin/cobot/cobot_ws/install/mybuddy/lib/python3.12/site-packages:/home/amin/cobot/cobot_ws/install/myarm_300/lib/python3.12/site-packages:/home/amin/cobot/cobot_ws/install/mecharm_pi/lib/python3.12/site-packages:/home/amin/cobot/cobot_ws/install/mecharm/lib/python3.12/site-packages:/home/amin/cobot/cobot_ws/install/mecharm_interfaces/lib/python3.12/site-packages:/opt/ros/jazzy/lib/python3.12/site-packages /usr/bin/python3 -W ignore:setup.py install is deprecated -W ignore:easy_install command is deprecated setup.py egg_info --egg-base ../../../../build/mycobot_280_riscv build --build-base /home/amin/cobot/cobot_ws/build/mycobot_280_riscv/build install --record /home/amin/cobot/cobot_ws/build/mycobot_280_riscv/install.log --single-version-externally-managed install_data
[6.210s] Level 1:colcon.colcon_core.environment:checking '/home/amin/cobot/cobot_ws/install/mycobot_280_riscv/lib/pkgconfig/mycobot_280_riscv.pc'
[6.210s] Level 1:colcon.colcon_core.environment:checking '/home/amin/cobot/cobot_ws/install/mycobot_280_riscv/lib/python3.12/site-packages'
[6.210s] Level 1:colcon.colcon_core.shell:create_environment_hook('mycobot_280_riscv', 'pythonpath')
[6.210s] INFO:colcon.colcon_core.shell:Creating environment hook '/home/amin/cobot/cobot_ws/install/mycobot_280_riscv/share/mycobot_280_riscv/hook/pythonpath.ps1'
[6.211s] INFO:colcon.colcon_core.shell:Creating environment descriptor '/home/amin/cobot/cobot_ws/install/mycobot_280_riscv/share/mycobot_280_riscv/hook/pythonpath.dsv'
[6.211s] INFO:colcon.colcon_core.shell:Creating environment hook '/home/amin/cobot/cobot_ws/install/mycobot_280_riscv/share/mycobot_280_riscv/hook/pythonpath.sh'
[6.211s] Level 1:colcon.colcon_core.environment:checking '/home/amin/cobot/cobot_ws/install/mycobot_280_riscv/bin'
[6.212s] Level 1:colcon.colcon_core.environment:create_environment_scripts_only(mycobot_280_riscv)
[6.212s] INFO:colcon.colcon_core.shell:Creating package script '/home/amin/cobot/cobot_ws/install/mycobot_280_riscv/share/mycobot_280_riscv/package.ps1'
[6.212s] INFO:colcon.colcon_core.shell:Creating package descriptor '/home/amin/cobot/cobot_ws/install/mycobot_280_riscv/share/mycobot_280_riscv/package.dsv'
[6.212s] INFO:colcon.colcon_core.shell:Creating package script '/home/amin/cobot/cobot_ws/install/mycobot_280_riscv/share/mycobot_280_riscv/package.sh'
[6.213s] INFO:colcon.colcon_core.shell:Creating package script '/home/amin/cobot/cobot_ws/install/mycobot_280_riscv/share/mycobot_280_riscv/package.bash'
[6.213s] INFO:colcon.colcon_core.shell:Creating package script '/home/amin/cobot/cobot_ws/install/mycobot_280_riscv/share/mycobot_280_riscv/package.zsh'
[6.213s] Level 1:colcon.colcon_core.environment:create_file_with_runtime_dependencies(/home/amin/cobot/cobot_ws/install/mycobot_280_riscv/share/colcon-core/packages/mycobot_280_riscv)
[6.214s] INFO:colcon.colcon_ros.task.ament_python.build:Building ROS package in '/home/amin/cobot/cobot_ws/src/mycobot_ros2/mycobot_pro/mycobot_600' with build type 'ament_python'
[6.214s] Level 1:colcon.colcon_core.shell:create_environment_hook('mycobot_600', 'ament_prefix_path')
[6.214s] INFO:colcon.colcon_core.shell:Creating environment hook '/home/amin/cobot/cobot_ws/install/mycobot_600/share/mycobot_600/hook/ament_prefix_path.ps1'
[6.215s] INFO:colcon.colcon_core.shell:Creating environment descriptor '/home/amin/cobot/cobot_ws/install/mycobot_600/share/mycobot_600/hook/ament_prefix_path.dsv'
[6.216s] INFO:colcon.colcon_core.shell:Creating environment hook '/home/amin/cobot/cobot_ws/install/mycobot_600/share/mycobot_600/hook/ament_prefix_path.sh'
[6.216s] INFO:colcon.colcon_core.shell:Skip shell extension 'powershell' for command environment: Not usable outside of PowerShell
[6.216s] DEBUG:colcon.colcon_core.shell:Skip shell extension 'dsv' for command environment
[6.472s] INFO:colcon.colcon_core.task.python.build:Building Python package in '/home/amin/cobot/cobot_ws/src/mycobot_ros2/mycobot_pro/mycobot_600'
[6.472s] INFO:colcon.colcon_core.shell:Skip shell extension 'powershell' for command environment: Not usable outside of PowerShell
[6.472s] DEBUG:colcon.colcon_core.shell:Skip shell extension 'dsv' for command environment
[6.483s] DEBUG:colcon.colcon_core.event_handler.log_command:Invoking command in '/home/amin/cobot/cobot_ws/src/mycobot_ros2/mycobot_280/mycobot_280_x3pi': AMENT_PREFIX_PATH=/home/amin/cobot/cobot_ws/install/mycobot_description:/home/amin/cobot/cobot_ws/install/ultraarm:/home/amin/cobot/cobot_ws/install/pro450_moveit2_control:/home/amin/cobot/cobot_ws/install/pro450_moveit2:/home/amin/cobot/cobot_ws/install/mypalletizer_communication:/home/amin/cobot/cobot_ws/install/mypalletizer_interfaces:/home/amin/cobot/cobot_ws/install/mypalletizer_260_pi:/home/amin/cobot/cobot_ws/install/mypalletizer_260:/home/amin/cobot/cobot_ws/install/mycobot_pro_450:/home/amin/cobot/cobot_ws/install/mycobot_pro450_interfaces:/home/amin/cobot/cobot_ws/install/myarm_m750:/home/amin/cobot/cobot_ws/install/myarm_c650:/home/amin/cobot/cobot_ws/install/mycobot_communication:/home/amin/cobot/cobot_ws/install/mecharm_communication:/home/amin/cobot/cobot_ws/install/mycobot_interfaces:/home/amin/cobot/cobot_ws/install/mycobot_630:/home/amin/cobot/cobot_ws/install/mycobot_600:/home/amin/cobot/cobot_ws/install/mycobot_320pi:/home/amin/cobot/cobot_ws/install/mycobot_320_riscv:/home/amin/cobot/cobot_ws/install/mycobot_320:/home/amin/cobot/cobot_ws/install/mycobot_280rdkx5_moveit2:/home/amin/cobot/cobot_ws/install/mycobot_280pi:/home/amin/cobot/cobot_ws/install/mycobot_280jn:/home/amin/cobot/cobot_ws/install/mycobot_280arduino_moveit2:/home/amin/cobot/cobot_ws/install/mycobot_280_x3pi:/home/amin/cobot/cobot_ws/install/mycobot_280_riscv:/home/amin/cobot/cobot_ws/install/mycobot_280_rdkx5:/home/amin/cobot/cobot_ws/install/mycobot_280_moveit2_control:/home/amin/cobot/cobot_ws/install/mycobot_280_moveit2:/home/amin/cobot/cobot_ws/install/mycobot_280_gazebo_jazzy:/home/amin/cobot/cobot_ws/install/mycobot_280_gazebo:/home/amin/cobot/cobot_ws/install/mycobot_280_arduino:/home/amin/cobot/cobot_ws/install/mycobot_280:/home/amin/cobot/cobot_ws/install/mybuddy:/home/amin/cobot/cobot_ws/install/myarm_300:/home/amin/cobot/cobot_ws/install/mecharm_pi:/home/amin/cobot/cobot_ws/install/mecharm:/home/amin/cobot/cobot_ws/install/mecharm_interfaces:/opt/ros/jazzy DEBUGINFOD_URLS=https://debuginfod.ubuntu.com PYTHONPATH=/home/amin/cobot/cobot_ws/build/mycobot_280_x3pi/prefix_override:/usr/lib/python3/dist-packages/colcon_core/task/python/colcon_distutils_commands:/home/amin/cobot/cobot_ws/install/mycobot_280_x3pi/lib/python3.12/site-packages:/home/amin/cobot/cobot_ws/install/mycobot_description/lib/python3.12/site-packages:/home/amin/cobot/cobot_ws/install/ultraarm/lib/python3.12/site-packages:/home/amin/cobot/cobot_ws/install/pro450_moveit2_control/lib/python3.12/site-packages:/home/amin/cobot/cobot_ws/install/mypalletizer_communication/lib/python3.12/site-packages:/home/amin/cobot/cobot_ws/install/mypalletizer_interfaces/lib/python3.12/site-packages:/home/amin/cobot/cobot_ws/install/mypalletizer_260_pi/lib/python3.12/site-packages:/home/amin/cobot/cobot_ws/install/mypalletizer_260/lib/python3.12/site-packages:/home/amin/cobot/cobot_ws/install/mycobot_pro_450/lib/python3.12/site-packages:/home/amin/cobot/cobot_ws/install/mycobot_pro450_interfaces/lib/python3.12/site-packages:/home/amin/cobot/cobot_ws/install/myarm_m750/lib/python3.12/site-packages:/home/amin/cobot/cobot_ws/install/myarm_c650/lib/python3.12/site-packages:/home/amin/cobot/cobot_ws/install/mycobot_communication/lib/python3.12/site-packages:/home/amin/cobot/cobot_ws/install/mecharm_communication/lib/python3.12/site-packages:/home/amin/cobot/cobot_ws/install/mycobot_interfaces/lib/python3.12/site-packages:/home/amin/cobot/cobot_ws/install/mycobot_630/lib/python3.12/site-packages:/home/amin/cobot/cobot_ws/install/mycobot_600/lib/python3.12/site-packages:/home/amin/cobot/cobot_ws/install/mycobot_320pi/lib/python3.12/site-packages:/home/amin/cobot/cobot_ws/install/mycobot_320_riscv/lib/python3.12/site-packages:/home/amin/cobot/cobot_ws/install/mycobot_320/lib/python3.12/site-packages:/home/amin/cobot/cobot_ws/install/mycobot_280pi/lib/python3.12/site-packages:/home/amin/cobot/cobot_ws/install/mycobot_280jn/lib/python3.12/site-packages:/home/amin/cobot/cobot_ws/install/mycobot_280_x3pi/lib/python3.12/site-packages:/home/amin/cobot/cobot_ws/install/mycobot_280_riscv/lib/python3.12/site-packages:/home/amin/cobot/cobot_ws/install/mycobot_280_rdkx5/lib/python3.12/site-packages:/home/amin/cobot/cobot_ws/install/mycobot_280_moveit2_control/lib/python3.12/site-packages:/home/amin/cobot/cobot_ws/install/mycobot_280_arduino/lib/python3.12/site-packages:/home/amin/cobot/cobot_ws/install/mycobot_280/lib/python3.12/site-packages:/home/amin/cobot/cobot_ws/install/mybuddy/lib/python3.12/site-packages:/home/amin/cobot/cobot_ws/install/myarm_300/lib/python3.12/site-packages:/home/amin/cobot/cobot_ws/install/mecharm_pi/lib/python3.12/site-packages:/home/amin/cobot/cobot_ws/install/mecharm/lib/python3.12/site-packages:/home/amin/cobot/cobot_ws/install/mecharm_interfaces/lib/python3.12/site-packages:/opt/ros/jazzy/lib/python3.12/site-packages /usr/bin/python3 -W ignore:setup.py install is deprecated -W ignore:easy_install command is deprecated setup.py egg_info --egg-base ../../../../build/mycobot_280_x3pi build --build-base /home/amin/cobot/cobot_ws/build/mycobot_280_x3pi/build install --record /home/amin/cobot/cobot_ws/build/mycobot_280_x3pi/install.log --single-version-externally-managed install_data
[6.484s] Level 1:colcon.colcon_core.environment:checking '/home/amin/cobot/cobot_ws/install/mycobot_280_moveit2_control' for CMake module files
[6.485s] Level 1:colcon.colcon_core.environment:checking '/home/amin/cobot/cobot_ws/install/mycobot_280_moveit2_control' for CMake config files
[6.486s] DEBUG:colcon.colcon_core.event_handler.log_command:Invoking command in '/home/amin/cobot/cobot_ws/src/mycobot_ros2/mycobot_280/mycobot_280jn': AMENT_PREFIX_PATH=/home/amin/cobot/cobot_ws/install/mycobot_description:/home/amin/cobot/cobot_ws/install/ultraarm:/home/amin/cobot/cobot_ws/install/pro450_moveit2_control:/home/amin/cobot/cobot_ws/install/pro450_moveit2:/home/amin/cobot/cobot_ws/install/mypalletizer_communication:/home/amin/cobot/cobot_ws/install/mypalletizer_interfaces:/home/amin/cobot/cobot_ws/install/mypalletizer_260_pi:/home/amin/cobot/cobot_ws/install/mypalletizer_260:/home/amin/cobot/cobot_ws/install/mycobot_pro_450:/home/amin/cobot/cobot_ws/install/mycobot_pro450_interfaces:/home/amin/cobot/cobot_ws/install/myarm_m750:/home/amin/cobot/cobot_ws/install/myarm_c650:/home/amin/cobot/cobot_ws/install/mycobot_communication:/home/amin/cobot/cobot_ws/install/mecharm_communication:/home/amin/cobot/cobot_ws/install/mycobot_interfaces:/home/amin/cobot/cobot_ws/install/mycobot_630:/home/amin/cobot/cobot_ws/install/mycobot_600:/home/amin/cobot/cobot_ws/install/mycobot_320pi:/home/amin/cobot/cobot_ws/install/mycobot_320_riscv:/home/amin/cobot/cobot_ws/install/mycobot_320:/home/amin/cobot/cobot_ws/install/mycobot_280rdkx5_moveit2:/home/amin/cobot/cobot_ws/install/mycobot_280pi:/home/amin/cobot/cobot_ws/install/mycobot_280jn:/home/amin/cobot/cobot_ws/install/mycobot_280arduino_moveit2:/home/amin/cobot/cobot_ws/install/mycobot_280_x3pi:/home/amin/cobot/cobot_ws/install/mycobot_280_riscv:/home/amin/cobot/cobot_ws/install/mycobot_280_rdkx5:/home/amin/cobot/cobot_ws/install/mycobot_280_moveit2_control:/home/amin/cobot/cobot_ws/install/mycobot_280_moveit2:/home/amin/cobot/cobot_ws/install/mycobot_280_gazebo_jazzy:/home/amin/cobot/cobot_ws/install/mycobot_280_gazebo:/home/amin/cobot/cobot_ws/install/mycobot_280_arduino:/home/amin/cobot/cobot_ws/install/mycobot_280:/home/amin/cobot/cobot_ws/install/mybuddy:/home/amin/cobot/cobot_ws/install/myarm_300:/home/amin/cobot/cobot_ws/install/mecharm_pi:/home/amin/cobot/cobot_ws/install/mecharm:/home/amin/cobot/cobot_ws/install/mecharm_interfaces:/opt/ros/jazzy DEBUGINFOD_URLS=https://debuginfod.ubuntu.com PYTHONPATH=/home/amin/cobot/cobot_ws/build/mycobot_280jn/prefix_override:/usr/lib/python3/dist-packages/colcon_core/task/python/colcon_distutils_commands:/home/amin/cobot/cobot_ws/install/mycobot_280jn/lib/python3.12/site-packages:/home/amin/cobot/cobot_ws/install/mycobot_description/lib/python3.12/site-packages:/home/amin/cobot/cobot_ws/install/ultraarm/lib/python3.12/site-packages:/home/amin/cobot/cobot_ws/install/pro450_moveit2_control/lib/python3.12/site-packages:/home/amin/cobot/cobot_ws/install/mypalletizer_communication/lib/python3.12/site-packages:/home/amin/cobot/cobot_ws/install/mypalletizer_interfaces/lib/python3.12/site-packages:/home/amin/cobot/cobot_ws/install/mypalletizer_260_pi/lib/python3.12/site-packages:/home/amin/cobot/cobot_ws/install/mypalletizer_260/lib/python3.12/site-packages:/home/amin/cobot/cobot_ws/install/mycobot_pro_450/lib/python3.12/site-packages:/home/amin/cobot/cobot_ws/install/mycobot_pro450_interfaces/lib/python3.12/site-packages:/home/amin/cobot/cobot_ws/install/myarm_m750/lib/python3.12/site-packages:/home/amin/cobot/cobot_ws/install/myarm_c650/lib/python3.12/site-packages:/home/amin/cobot/cobot_ws/install/mycobot_communication/lib/python3.12/site-packages:/home/amin/cobot/cobot_ws/install/mecharm_communication/lib/python3.12/site-packages:/home/amin/cobot/cobot_ws/install/mycobot_interfaces/lib/python3.12/site-packages:/home/amin/cobot/cobot_ws/install/mycobot_630/lib/python3.12/site-packages:/home/amin/cobot/cobot_ws/install/mycobot_600/lib/python3.12/site-packages:/home/amin/cobot/cobot_ws/install/mycobot_320pi/lib/python3.12/site-packages:/home/amin/cobot/cobot_ws/install/mycobot_320_riscv/lib/python3.12/site-packages:/home/amin/cobot/cobot_ws/install/mycobot_320/lib/python3.12/site-packages:/home/amin/cobot/cobot_ws/install/mycobot_280pi/lib/python3.12/site-packages:/home/amin/cobot/cobot_ws/install/mycobot_280jn/lib/python3.12/site-packages:/home/amin/cobot/cobot_ws/install/mycobot_280_x3pi/lib/python3.12/site-packages:/home/amin/cobot/cobot_ws/install/mycobot_280_riscv/lib/python3.12/site-packages:/home/amin/cobot/cobot_ws/install/mycobot_280_rdkx5/lib/python3.12/site-packages:/home/amin/cobot/cobot_ws/install/mycobot_280_moveit2_control/lib/python3.12/site-packages:/home/amin/cobot/cobot_ws/install/mycobot_280_arduino/lib/python3.12/site-packages:/home/amin/cobot/cobot_ws/install/mycobot_280/lib/python3.12/site-packages:/home/amin/cobot/cobot_ws/install/mybuddy/lib/python3.12/site-packages:/home/amin/cobot/cobot_ws/install/myarm_300/lib/python3.12/site-packages:/home/amin/cobot/cobot_ws/install/mecharm_pi/lib/python3.12/site-packages:/home/amin/cobot/cobot_ws/install/mecharm/lib/python3.12/site-packages:/home/amin/cobot/cobot_ws/install/mecharm_interfaces/lib/python3.12/site-packages:/opt/ros/jazzy/lib/python3.12/site-packages /usr/bin/python3 -W ignore:setup.py install is deprecated -W ignore:easy_install command is deprecated setup.py egg_info --egg-base ../../../../build/mycobot_280jn build --build-base /home/amin/cobot/cobot_ws/build/mycobot_280jn/build install --record /home/amin/cobot/cobot_ws/build/mycobot_280jn/install.log --single-version-externally-managed install_data
[6.487s] Level 1:colcon.colcon_core.environment:checking '/home/amin/cobot/cobot_ws/install/mycobot_280_moveit2_control/lib'
[6.487s] Level 1:colcon.colcon_core.environment:checking '/home/amin/cobot/cobot_ws/install/mycobot_280_moveit2_control/bin'
[6.487s] Level 1:colcon.colcon_core.environment:checking '/home/amin/cobot/cobot_ws/install/mycobot_280_moveit2_control/lib/pkgconfig/mycobot_280_moveit2_control.pc'
[6.487s] Level 1:colcon.colcon_core.environment:checking '/home/amin/cobot/cobot_ws/install/mycobot_280_moveit2_control/lib/python3.12/site-packages'
[6.487s] Level 1:colcon.colcon_core.shell:create_environment_hook('mycobot_280_moveit2_control', 'pythonpath')
[6.488s] INFO:colcon.colcon_core.shell:Creating environment hook '/home/amin/cobot/cobot_ws/install/mycobot_280_moveit2_control/share/mycobot_280_moveit2_control/hook/pythonpath.ps1'
[6.488s] INFO:colcon.colcon_core.shell:Creating environment descriptor '/home/amin/cobot/cobot_ws/install/mycobot_280_moveit2_control/share/mycobot_280_moveit2_control/hook/pythonpath.dsv'
[6.488s] INFO:colcon.colcon_core.shell:Creating environment hook '/home/amin/cobot/cobot_ws/install/mycobot_280_moveit2_control/share/mycobot_280_moveit2_control/hook/pythonpath.sh'
[6.489s] Level 1:colcon.colcon_core.environment:checking '/home/amin/cobot/cobot_ws/install/mycobot_280_moveit2_control/bin'
[6.489s] Level 1:colcon.colcon_core.environment:create_environment_scripts_only(mycobot_280_moveit2_control)
[6.489s] INFO:colcon.colcon_core.shell:Creating package script '/home/amin/cobot/cobot_ws/install/mycobot_280_moveit2_control/share/mycobot_280_moveit2_control/package.ps1'
[6.490s] INFO:colcon.colcon_core.shell:Creating package descriptor '/home/amin/cobot/cobot_ws/install/mycobot_280_moveit2_control/share/mycobot_280_moveit2_control/package.dsv'
[6.491s] INFO:colcon.colcon_core.shell:Creating package script '/home/amin/cobot/cobot_ws/install/mycobot_280_moveit2_control/share/mycobot_280_moveit2_control/package.sh'
[6.491s] DEBUG:colcon.colcon_core.event_handler.log_command:Invoking command in '/home/amin/cobot/cobot_ws/src/mycobot_ros2/mycobot_280/mycobot_280pi': AMENT_PREFIX_PATH=/home/amin/cobot/cobot_ws/install/mycobot_description:/home/amin/cobot/cobot_ws/install/ultraarm:/home/amin/cobot/cobot_ws/install/pro450_moveit2_control:/home/amin/cobot/cobot_ws/install/pro450_moveit2:/home/amin/cobot/cobot_ws/install/mypalletizer_communication:/home/amin/cobot/cobot_ws/install/mypalletizer_interfaces:/home/amin/cobot/cobot_ws/install/mypalletizer_260_pi:/home/amin/cobot/cobot_ws/install/mypalletizer_260:/home/amin/cobot/cobot_ws/install/mycobot_pro_450:/home/amin/cobot/cobot_ws/install/mycobot_pro450_interfaces:/home/amin/cobot/cobot_ws/install/myarm_m750:/home/amin/cobot/cobot_ws/install/myarm_c650:/home/amin/cobot/cobot_ws/install/mycobot_communication:/home/amin/cobot/cobot_ws/install/mecharm_communication:/home/amin/cobot/cobot_ws/install/mycobot_interfaces:/home/amin/cobot/cobot_ws/install/mycobot_630:/home/amin/cobot/cobot_ws/install/mycobot_600:/home/amin/cobot/cobot_ws/install/mycobot_320pi:/home/amin/cobot/cobot_ws/install/mycobot_320_riscv:/home/amin/cobot/cobot_ws/install/mycobot_320:/home/amin/cobot/cobot_ws/install/mycobot_280rdkx5_moveit2:/home/amin/cobot/cobot_ws/install/mycobot_280pi:/home/amin/cobot/cobot_ws/install/mycobot_280jn:/home/amin/cobot/cobot_ws/install/mycobot_280arduino_moveit2:/home/amin/cobot/cobot_ws/install/mycobot_280_x3pi:/home/amin/cobot/cobot_ws/install/mycobot_280_riscv:/home/amin/cobot/cobot_ws/install/mycobot_280_rdkx5:/home/amin/cobot/cobot_ws/install/mycobot_280_moveit2_control:/home/amin/cobot/cobot_ws/install/mycobot_280_moveit2:/home/amin/cobot/cobot_ws/install/mycobot_280_gazebo_jazzy:/home/amin/cobot/cobot_ws/install/mycobot_280_gazebo:/home/amin/cobot/cobot_ws/install/mycobot_280_arduino:/home/amin/cobot/cobot_ws/install/mycobot_280:/home/amin/cobot/cobot_ws/install/mybuddy:/home/amin/cobot/cobot_ws/install/myarm_300:/home/amin/cobot/cobot_ws/install/mecharm_pi:/home/amin/cobot/cobot_ws/install/mecharm:/home/amin/cobot/cobot_ws/install/mecharm_interfaces:/opt/ros/jazzy DEBUGINFOD_URLS=https://debuginfod.ubuntu.com PYTHONPATH=/home/amin/cobot/cobot_ws/build/mycobot_280pi/prefix_override:/usr/lib/python3/dist-packages/colcon_core/task/python/colcon_distutils_commands:/home/amin/cobot/cobot_ws/install/mycobot_280pi/lib/python3.12/site-packages:/home/amin/cobot/cobot_ws/install/mycobot_description/lib/python3.12/site-packages:/home/amin/cobot/cobot_ws/install/ultraarm/lib/python3.12/site-packages:/home/amin/cobot/cobot_ws/install/pro450_moveit2_control/lib/python3.12/site-packages:/home/amin/cobot/cobot_ws/install/mypalletizer_communication/lib/python3.12/site-packages:/home/amin/cobot/cobot_ws/install/mypalletizer_interfaces/lib/python3.12/site-packages:/home/amin/cobot/cobot_ws/install/mypalletizer_260_pi/lib/python3.12/site-packages:/home/amin/cobot/cobot_ws/install/mypalletizer_260/lib/python3.12/site-packages:/home/amin/cobot/cobot_ws/install/mycobot_pro_450/lib/python3.12/site-packages:/home/amin/cobot/cobot_ws/install/mycobot_pro450_interfaces/lib/python3.12/site-packages:/home/amin/cobot/cobot_ws/install/myarm_m750/lib/python3.12/site-packages:/home/amin/cobot/cobot_ws/install/myarm_c650/lib/python3.12/site-packages:/home/amin/cobot/cobot_ws/install/mycobot_communication/lib/python3.12/site-packages:/home/amin/cobot/cobot_ws/install/mecharm_communication/lib/python3.12/site-packages:/home/amin/cobot/cobot_ws/install/mycobot_interfaces/lib/python3.12/site-packages:/home/amin/cobot/cobot_ws/install/mycobot_630/lib/python3.12/site-packages:/home/amin/cobot/cobot_ws/install/mycobot_600/lib/python3.12/site-packages:/home/amin/cobot/cobot_ws/install/mycobot_320pi/lib/python3.12/site-packages:/home/amin/cobot/cobot_ws/install/mycobot_320_riscv/lib/python3.12/site-packages:/home/amin/cobot/cobot_ws/install/mycobot_320/lib/python3.12/site-packages:/home/amin/cobot/cobot_ws/install/mycobot_280pi/lib/python3.12/site-packages:/home/amin/cobot/cobot_ws/install/mycobot_280jn/lib/python3.12/site-packages:/home/amin/cobot/cobot_ws/install/mycobot_280_x3pi/lib/python3.12/site-packages:/home/amin/cobot/cobot_ws/install/mycobot_280_riscv/lib/python3.12/site-packages:/home/amin/cobot/cobot_ws/install/mycobot_280_rdkx5/lib/python3.12/site-packages:/home/amin/cobot/cobot_ws/install/mycobot_280_moveit2_control/lib/python3.12/site-packages:/home/amin/cobot/cobot_ws/install/mycobot_280_arduino/lib/python3.12/site-packages:/home/amin/cobot/cobot_ws/install/mycobot_280/lib/python3.12/site-packages:/home/amin/cobot/cobot_ws/install/mybuddy/lib/python3.12/site-packages:/home/amin/cobot/cobot_ws/install/myarm_300/lib/python3.12/site-packages:/home/amin/cobot/cobot_ws/install/mecharm_pi/lib/python3.12/site-packages:/home/amin/cobot/cobot_ws/install/mecharm/lib/python3.12/site-packages:/home/amin/cobot/cobot_ws/install/mecharm_interfaces/lib/python3.12/site-packages:/opt/ros/jazzy/lib/python3.12/site-packages /usr/bin/python3 -W ignore:setup.py install is deprecated -W ignore:easy_install command is deprecated setup.py egg_info --egg-base ../../../../build/mycobot_280pi build --build-base /home/amin/cobot/cobot_ws/build/mycobot_280pi/build install --record /home/amin/cobot/cobot_ws/build/mycobot_280pi/install.log --single-version-externally-managed install_data
[6.491s] INFO:colcon.colcon_core.shell:Creating package script '/home/amin/cobot/cobot_ws/install/mycobot_280_moveit2_control/share/mycobot_280_moveit2_control/package.bash'
[6.492s] DEBUG:colcon.colcon_core.event_handler.log_command:Invoked command in '/home/amin/cobot/cobot_ws/src/mycobot_ros2/mycobot_280/mycobot_280_moveit2_control' returned '0': AMENT_PREFIX_PATH=/home/amin/cobot/cobot_ws/install/mycobot_description:/home/amin/cobot/cobot_ws/install/ultraarm:/home/amin/cobot/cobot_ws/install/pro450_moveit2_control:/home/amin/cobot/cobot_ws/install/pro450_moveit2:/home/amin/cobot/cobot_ws/install/mypalletizer_communication:/home/amin/cobot/cobot_ws/install/mypalletizer_interfaces:/home/amin/cobot/cobot_ws/install/mypalletizer_260_pi:/home/amin/cobot/cobot_ws/install/mypalletizer_260:/home/amin/cobot/cobot_ws/install/mycobot_pro_450:/home/amin/cobot/cobot_ws/install/mycobot_pro450_interfaces:/home/amin/cobot/cobot_ws/install/myarm_m750:/home/amin/cobot/cobot_ws/install/myarm_c650:/home/amin/cobot/cobot_ws/install/mycobot_communication:/home/amin/cobot/cobot_ws/install/mecharm_communication:/home/amin/cobot/cobot_ws/install/mycobot_interfaces:/home/amin/cobot/cobot_ws/install/mycobot_630:/home/amin/cobot/cobot_ws/install/mycobot_600:/home/amin/cobot/cobot_ws/install/mycobot_320pi:/home/amin/cobot/cobot_ws/install/mycobot_320_riscv:/home/amin/cobot/cobot_ws/install/mycobot_320:/home/amin/cobot/cobot_ws/install/mycobot_280rdkx5_moveit2:/home/amin/cobot/cobot_ws/install/mycobot_280pi:/home/amin/cobot/cobot_ws/install/mycobot_280jn:/home/amin/cobot/cobot_ws/install/mycobot_280arduino_moveit2:/home/amin/cobot/cobot_ws/install/mycobot_280_x3pi:/home/amin/cobot/cobot_ws/install/mycobot_280_riscv:/home/amin/cobot/cobot_ws/install/mycobot_280_rdkx5:/home/amin/cobot/cobot_ws/install/mycobot_280_moveit2_control:/home/amin/cobot/cobot_ws/install/mycobot_280_moveit2:/home/amin/cobot/cobot_ws/install/mycobot_280_gazebo_jazzy:/home/amin/cobot/cobot_ws/install/mycobot_280_gazebo:/home/amin/cobot/cobot_ws/install/mycobot_280_arduino:/home/amin/cobot/cobot_ws/install/mycobot_280:/home/amin/cobot/cobot_ws/install/mybuddy:/home/amin/cobot/cobot_ws/install/myarm_300:/home/amin/cobot/cobot_ws/install/mecharm_pi:/home/amin/cobot/cobot_ws/install/mecharm:/home/amin/cobot/cobot_ws/install/mecharm_interfaces:/opt/ros/jazzy DEBUGINFOD_URLS=https://debuginfod.ubuntu.com PYTHONPATH=/home/amin/cobot/cobot_ws/build/mycobot_280_moveit2_control/prefix_override:/usr/lib/python3/dist-packages/colcon_core/task/python/colcon_distutils_commands:/home/amin/cobot/cobot_ws/install/mycobot_280_moveit2_control/lib/python3.12/site-packages:/home/amin/cobot/cobot_ws/install/mycobot_description/lib/python3.12/site-packages:/home/amin/cobot/cobot_ws/install/ultraarm/lib/python3.12/site-packages:/home/amin/cobot/cobot_ws/install/pro450_moveit2_control/lib/python3.12/site-packages:/home/amin/cobot/cobot_ws/install/mypalletizer_communication/lib/python3.12/site-packages:/home/amin/cobot/cobot_ws/install/mypalletizer_interfaces/lib/python3.12/site-packages:/home/amin/cobot/cobot_ws/install/mypalletizer_260_pi/lib/python3.12/site-packages:/home/amin/cobot/cobot_ws/install/mypalletizer_260/lib/python3.12/site-packages:/home/amin/cobot/cobot_ws/install/mycobot_pro_450/lib/python3.12/site-packages:/home/amin/cobot/cobot_ws/install/mycobot_pro450_interfaces/lib/python3.12/site-packages:/home/amin/cobot/cobot_ws/install/myarm_m750/lib/python3.12/site-packages:/home/amin/cobot/cobot_ws/install/myarm_c650/lib/python3.12/site-packages:/home/amin/cobot/cobot_ws/install/mycobot_communication/lib/python3.12/site-packages:/home/amin/cobot/cobot_ws/install/mecharm_communication/lib/python3.12/site-packages:/home/amin/cobot/cobot_ws/install/mycobot_interfaces/lib/python3.12/site-packages:/home/amin/cobot/cobot_ws/install/mycobot_630/lib/python3.12/site-packages:/home/amin/cobot/cobot_ws/install/mycobot_600/lib/python3.12/site-packages:/home/amin/cobot/cobot_ws/install/mycobot_320pi/lib/python3.12/site-packages:/home/amin/cobot/cobot_ws/install/mycobot_320_riscv/lib/python3.12/site-packages:/home/amin/cobot/cobot_ws/install/mycobot_320/lib/python3.12/site-packages:/home/amin/cobot/cobot_ws/install/mycobot_280pi/lib/python3.12/site-packages:/home/amin/cobot/cobot_ws/install/mycobot_280jn/lib/python3.12/site-packages:/home/amin/cobot/cobot_ws/install/mycobot_280_x3pi/lib/python3.12/site-packages:/home/amin/cobot/cobot_ws/install/mycobot_280_riscv/lib/python3.12/site-packages:/home/amin/cobot/cobot_ws/install/mycobot_280_rdkx5/lib/python3.12/site-packages:/home/amin/cobot/cobot_ws/install/mycobot_280_moveit2_control/lib/python3.12/site-packages:/home/amin/cobot/cobot_ws/install/mycobot_280_arduino/lib/python3.12/site-packages:/home/amin/cobot/cobot_ws/install/mycobot_280/lib/python3.12/site-packages:/home/amin/cobot/cobot_ws/install/mybuddy/lib/python3.12/site-packages:/home/amin/cobot/cobot_ws/install/myarm_300/lib/python3.12/site-packages:/home/amin/cobot/cobot_ws/install/mecharm_pi/lib/python3.12/site-packages:/home/amin/cobot/cobot_ws/install/mecharm/lib/python3.12/site-packages:/home/amin/cobot/cobot_ws/install/mecharm_interfaces/lib/python3.12/site-packages:/opt/ros/jazzy/lib/python3.12/site-packages /usr/bin/python3 -W ignore:setup.py install is deprecated -W ignore:easy_install command is deprecated setup.py egg_info --egg-base ../../../../build/mycobot_280_moveit2_control build --build-base /home/amin/cobot/cobot_ws/build/mycobot_280_moveit2_control/build install --record /home/amin/cobot/cobot_ws/build/mycobot_280_moveit2_control/install.log --single-version-externally-managed install_data
[6.492s] INFO:colcon.colcon_core.shell:Creating package script '/home/amin/cobot/cobot_ws/install/mycobot_280_moveit2_control/share/mycobot_280_moveit2_control/package.zsh'
[6.492s] Level 1:colcon.colcon_core.environment:create_file_with_runtime_dependencies(/home/amin/cobot/cobot_ws/install/mycobot_280_moveit2_control/share/colcon-core/packages/mycobot_280_moveit2_control)
[6.493s] INFO:colcon.colcon_ros.task.ament_python.build:Building ROS package in '/home/amin/cobot/cobot_ws/src/mycobot_ros2/mycobot_pro/mycobot_630' with build type 'ament_python'
[6.493s] Level 1:colcon.colcon_core.shell:create_environment_hook('mycobot_630', 'ament_prefix_path')
[6.494s] INFO:colcon.colcon_core.shell:Creating environment hook '/home/amin/cobot/cobot_ws/install/mycobot_630/share/mycobot_630/hook/ament_prefix_path.ps1'
[6.494s] INFO:colcon.colcon_core.shell:Creating environment descriptor '/home/amin/cobot/cobot_ws/install/mycobot_630/share/mycobot_630/hook/ament_prefix_path.dsv'
[6.497s] INFO:colcon.colcon_core.shell:Creating environment hook '/home/amin/cobot/cobot_ws/install/mycobot_630/share/mycobot_630/hook/ament_prefix_path.sh'
[6.498s] INFO:colcon.colcon_core.shell:Skip shell extension 'powershell' for command environment: Not usable outside of PowerShell
[6.498s] DEBUG:colcon.colcon_core.shell:Skip shell extension 'dsv' for command environment
[6.808s] INFO:colcon.colcon_core.task.python.build:Building Python package in '/home/amin/cobot/cobot_ws/src/mycobot_ros2/mycobot_pro/mycobot_630'
[6.808s] INFO:colcon.colcon_core.shell:Skip shell extension 'powershell' for command environment: Not usable outside of PowerShell
[6.808s] DEBUG:colcon.colcon_core.shell:Skip shell extension 'dsv' for command environment
[6.817s] DEBUG:colcon.colcon_core.event_handler.log_command:Invoking command in '/home/amin/cobot/cobot_ws/src/mycobot_ros2/mycobot_320/mycobot_320': AMENT_PREFIX_PATH=/home/amin/cobot/cobot_ws/install/mycobot_description:/home/amin/cobot/cobot_ws/install/ultraarm:/home/amin/cobot/cobot_ws/install/pro450_moveit2_control:/home/amin/cobot/cobot_ws/install/pro450_moveit2:/home/amin/cobot/cobot_ws/install/mypalletizer_communication:/home/amin/cobot/cobot_ws/install/mypalletizer_interfaces:/home/amin/cobot/cobot_ws/install/mypalletizer_260_pi:/home/amin/cobot/cobot_ws/install/mypalletizer_260:/home/amin/cobot/cobot_ws/install/mycobot_pro_450:/home/amin/cobot/cobot_ws/install/mycobot_pro450_interfaces:/home/amin/cobot/cobot_ws/install/myarm_m750:/home/amin/cobot/cobot_ws/install/myarm_c650:/home/amin/cobot/cobot_ws/install/mycobot_communication:/home/amin/cobot/cobot_ws/install/mecharm_communication:/home/amin/cobot/cobot_ws/install/mycobot_interfaces:/home/amin/cobot/cobot_ws/install/mycobot_630:/home/amin/cobot/cobot_ws/install/mycobot_600:/home/amin/cobot/cobot_ws/install/mycobot_320pi:/home/amin/cobot/cobot_ws/install/mycobot_320_riscv:/home/amin/cobot/cobot_ws/install/mycobot_320:/home/amin/cobot/cobot_ws/install/mycobot_280rdkx5_moveit2:/home/amin/cobot/cobot_ws/install/mycobot_280pi:/home/amin/cobot/cobot_ws/install/mycobot_280jn:/home/amin/cobot/cobot_ws/install/mycobot_280arduino_moveit2:/home/amin/cobot/cobot_ws/install/mycobot_280_x3pi:/home/amin/cobot/cobot_ws/install/mycobot_280_riscv:/home/amin/cobot/cobot_ws/install/mycobot_280_rdkx5:/home/amin/cobot/cobot_ws/install/mycobot_280_moveit2_control:/home/amin/cobot/cobot_ws/install/mycobot_280_moveit2:/home/amin/cobot/cobot_ws/install/mycobot_280_gazebo_jazzy:/home/amin/cobot/cobot_ws/install/mycobot_280_gazebo:/home/amin/cobot/cobot_ws/install/mycobot_280_arduino:/home/amin/cobot/cobot_ws/install/mycobot_280:/home/amin/cobot/cobot_ws/install/mybuddy:/home/amin/cobot/cobot_ws/install/myarm_300:/home/amin/cobot/cobot_ws/install/mecharm_pi:/home/amin/cobot/cobot_ws/install/mecharm:/home/amin/cobot/cobot_ws/install/mecharm_interfaces:/opt/ros/jazzy DEBUGINFOD_URLS=https://debuginfod.ubuntu.com PYTHONPATH=/home/amin/cobot/cobot_ws/build/mycobot_320/prefix_override:/usr/lib/python3/dist-packages/colcon_core/task/python/colcon_distutils_commands:/home/amin/cobot/cobot_ws/install/mycobot_320/lib/python3.12/site-packages:/home/amin/cobot/cobot_ws/install/mycobot_description/lib/python3.12/site-packages:/home/amin/cobot/cobot_ws/install/ultraarm/lib/python3.12/site-packages:/home/amin/cobot/cobot_ws/install/pro450_moveit2_control/lib/python3.12/site-packages:/home/amin/cobot/cobot_ws/install/mypalletizer_communication/lib/python3.12/site-packages:/home/amin/cobot/cobot_ws/install/mypalletizer_interfaces/lib/python3.12/site-packages:/home/amin/cobot/cobot_ws/install/mypalletizer_260_pi/lib/python3.12/site-packages:/home/amin/cobot/cobot_ws/install/mypalletizer_260/lib/python3.12/site-packages:/home/amin/cobot/cobot_ws/install/mycobot_pro_450/lib/python3.12/site-packages:/home/amin/cobot/cobot_ws/install/mycobot_pro450_interfaces/lib/python3.12/site-packages:/home/amin/cobot/cobot_ws/install/myarm_m750/lib/python3.12/site-packages:/home/amin/cobot/cobot_ws/install/myarm_c650/lib/python3.12/site-packages:/home/amin/cobot/cobot_ws/install/mycobot_communication/lib/python3.12/site-packages:/home/amin/cobot/cobot_ws/install/mecharm_communication/lib/python3.12/site-packages:/home/amin/cobot/cobot_ws/install/mycobot_interfaces/lib/python3.12/site-packages:/home/amin/cobot/cobot_ws/install/mycobot_630/lib/python3.12/site-packages:/home/amin/cobot/cobot_ws/install/mycobot_600/lib/python3.12/site-packages:/home/amin/cobot/cobot_ws/install/mycobot_320pi/lib/python3.12/site-packages:/home/amin/cobot/cobot_ws/install/mycobot_320_riscv/lib/python3.12/site-packages:/home/amin/cobot/cobot_ws/install/mycobot_320/lib/python3.12/site-packages:/home/amin/cobot/cobot_ws/install/mycobot_280pi/lib/python3.12/site-packages:/home/amin/cobot/cobot_ws/install/mycobot_280jn/lib/python3.12/site-packages:/home/amin/cobot/cobot_ws/install/mycobot_280_x3pi/lib/python3.12/site-packages:/home/amin/cobot/cobot_ws/install/mycobot_280_riscv/lib/python3.12/site-packages:/home/amin/cobot/cobot_ws/install/mycobot_280_rdkx5/lib/python3.12/site-packages:/home/amin/cobot/cobot_ws/install/mycobot_280_moveit2_control/lib/python3.12/site-packages:/home/amin/cobot/cobot_ws/install/mycobot_280_arduino/lib/python3.12/site-packages:/home/amin/cobot/cobot_ws/install/mycobot_280/lib/python3.12/site-packages:/home/amin/cobot/cobot_ws/install/mybuddy/lib/python3.12/site-packages:/home/amin/cobot/cobot_ws/install/myarm_300/lib/python3.12/site-packages:/home/amin/cobot/cobot_ws/install/mecharm_pi/lib/python3.12/site-packages:/home/amin/cobot/cobot_ws/install/mecharm/lib/python3.12/site-packages:/home/amin/cobot/cobot_ws/install/mecharm_interfaces/lib/python3.12/site-packages:/opt/ros/jazzy/lib/python3.12/site-packages /usr/bin/python3 -W ignore:setup.py install is deprecated -W ignore:easy_install command is deprecated setup.py egg_info --egg-base ../../../../build/mycobot_320 build --build-base /home/amin/cobot/cobot_ws/build/mycobot_320/build install --record /home/amin/cobot/cobot_ws/build/mycobot_320/install.log --single-version-externally-managed install_data
[6.820s] DEBUG:colcon.colcon_core.event_handler.log_command:Invoking command in '/home/amin/cobot/cobot_ws/src/mycobot_ros2/mycobot_320/mycobot_320_riscv': AMENT_PREFIX_PATH=/home/amin/cobot/cobot_ws/install/mycobot_description:/home/amin/cobot/cobot_ws/install/ultraarm:/home/amin/cobot/cobot_ws/install/pro450_moveit2_control:/home/amin/cobot/cobot_ws/install/pro450_moveit2:/home/amin/cobot/cobot_ws/install/mypalletizer_communication:/home/amin/cobot/cobot_ws/install/mypalletizer_interfaces:/home/amin/cobot/cobot_ws/install/mypalletizer_260_pi:/home/amin/cobot/cobot_ws/install/mypalletizer_260:/home/amin/cobot/cobot_ws/install/mycobot_pro_450:/home/amin/cobot/cobot_ws/install/mycobot_pro450_interfaces:/home/amin/cobot/cobot_ws/install/myarm_m750:/home/amin/cobot/cobot_ws/install/myarm_c650:/home/amin/cobot/cobot_ws/install/mycobot_communication:/home/amin/cobot/cobot_ws/install/mecharm_communication:/home/amin/cobot/cobot_ws/install/mycobot_interfaces:/home/amin/cobot/cobot_ws/install/mycobot_630:/home/amin/cobot/cobot_ws/install/mycobot_600:/home/amin/cobot/cobot_ws/install/mycobot_320pi:/home/amin/cobot/cobot_ws/install/mycobot_320_riscv:/home/amin/cobot/cobot_ws/install/mycobot_320:/home/amin/cobot/cobot_ws/install/mycobot_280rdkx5_moveit2:/home/amin/cobot/cobot_ws/install/mycobot_280pi:/home/amin/cobot/cobot_ws/install/mycobot_280jn:/home/amin/cobot/cobot_ws/install/mycobot_280arduino_moveit2:/home/amin/cobot/cobot_ws/install/mycobot_280_x3pi:/home/amin/cobot/cobot_ws/install/mycobot_280_riscv:/home/amin/cobot/cobot_ws/install/mycobot_280_rdkx5:/home/amin/cobot/cobot_ws/install/mycobot_280_moveit2_control:/home/amin/cobot/cobot_ws/install/mycobot_280_moveit2:/home/amin/cobot/cobot_ws/install/mycobot_280_gazebo_jazzy:/home/amin/cobot/cobot_ws/install/mycobot_280_gazebo:/home/amin/cobot/cobot_ws/install/mycobot_280_arduino:/home/amin/cobot/cobot_ws/install/mycobot_280:/home/amin/cobot/cobot_ws/install/mybuddy:/home/amin/cobot/cobot_ws/install/myarm_300:/home/amin/cobot/cobot_ws/install/mecharm_pi:/home/amin/cobot/cobot_ws/install/mecharm:/home/amin/cobot/cobot_ws/install/mecharm_interfaces:/opt/ros/jazzy DEBUGINFOD_URLS=https://debuginfod.ubuntu.com PYTHONPATH=/home/amin/cobot/cobot_ws/build/mycobot_320_riscv/prefix_override:/usr/lib/python3/dist-packages/colcon_core/task/python/colcon_distutils_commands:/home/amin/cobot/cobot_ws/install/mycobot_320_riscv/lib/python3.12/site-packages:/home/amin/cobot/cobot_ws/install/mycobot_description/lib/python3.12/site-packages:/home/amin/cobot/cobot_ws/install/ultraarm/lib/python3.12/site-packages:/home/amin/cobot/cobot_ws/install/pro450_moveit2_control/lib/python3.12/site-packages:/home/amin/cobot/cobot_ws/install/mypalletizer_communication/lib/python3.12/site-packages:/home/amin/cobot/cobot_ws/install/mypalletizer_interfaces/lib/python3.12/site-packages:/home/amin/cobot/cobot_ws/install/mypalletizer_260_pi/lib/python3.12/site-packages:/home/amin/cobot/cobot_ws/install/mypalletizer_260/lib/python3.12/site-packages:/home/amin/cobot/cobot_ws/install/mycobot_pro_450/lib/python3.12/site-packages:/home/amin/cobot/cobot_ws/install/mycobot_pro450_interfaces/lib/python3.12/site-packages:/home/amin/cobot/cobot_ws/install/myarm_m750/lib/python3.12/site-packages:/home/amin/cobot/cobot_ws/install/myarm_c650/lib/python3.12/site-packages:/home/amin/cobot/cobot_ws/install/mycobot_communication/lib/python3.12/site-packages:/home/amin/cobot/cobot_ws/install/mecharm_communication/lib/python3.12/site-packages:/home/amin/cobot/cobot_ws/install/mycobot_interfaces/lib/python3.12/site-packages:/home/amin/cobot/cobot_ws/install/mycobot_630/lib/python3.12/site-packages:/home/amin/cobot/cobot_ws/install/mycobot_600/lib/python3.12/site-packages:/home/amin/cobot/cobot_ws/install/mycobot_320pi/lib/python3.12/site-packages:/home/amin/cobot/cobot_ws/install/mycobot_320_riscv/lib/python3.12/site-packages:/home/amin/cobot/cobot_ws/install/mycobot_320/lib/python3.12/site-packages:/home/amin/cobot/cobot_ws/install/mycobot_280pi/lib/python3.12/site-packages:/home/amin/cobot/cobot_ws/install/mycobot_280jn/lib/python3.12/site-packages:/home/amin/cobot/cobot_ws/install/mycobot_280_x3pi/lib/python3.12/site-packages:/home/amin/cobot/cobot_ws/install/mycobot_280_riscv/lib/python3.12/site-packages:/home/amin/cobot/cobot_ws/install/mycobot_280_rdkx5/lib/python3.12/site-packages:/home/amin/cobot/cobot_ws/install/mycobot_280_moveit2_control/lib/python3.12/site-packages:/home/amin/cobot/cobot_ws/install/mycobot_280_arduino/lib/python3.12/site-packages:/home/amin/cobot/cobot_ws/install/mycobot_280/lib/python3.12/site-packages:/home/amin/cobot/cobot_ws/install/mybuddy/lib/python3.12/site-packages:/home/amin/cobot/cobot_ws/install/myarm_300/lib/python3.12/site-packages:/home/amin/cobot/cobot_ws/install/mecharm_pi/lib/python3.12/site-packages:/home/amin/cobot/cobot_ws/install/mecharm/lib/python3.12/site-packages:/home/amin/cobot/cobot_ws/install/mecharm_interfaces/lib/python3.12/site-packages:/opt/ros/jazzy/lib/python3.12/site-packages /usr/bin/python3 -W ignore:setup.py install is deprecated -W ignore:easy_install command is deprecated setup.py egg_info --egg-base ../../../../build/mycobot_320_riscv build --build-base /home/amin/cobot/cobot_ws/build/mycobot_320_riscv/build install --record /home/amin/cobot/cobot_ws/build/mycobot_320_riscv/install.log --single-version-externally-managed install_data
[6.973s] DEBUG:colcon.colcon_core.event_handler.log_command:Invoking command in '/home/amin/cobot/cobot_ws/src/mycobot_ros2/mycobot_320/mycobot_320pi': AMENT_PREFIX_PATH=/home/amin/cobot/cobot_ws/install/mycobot_description:/home/amin/cobot/cobot_ws/install/ultraarm:/home/amin/cobot/cobot_ws/install/pro450_moveit2_control:/home/amin/cobot/cobot_ws/install/pro450_moveit2:/home/amin/cobot/cobot_ws/install/mypalletizer_communication:/home/amin/cobot/cobot_ws/install/mypalletizer_interfaces:/home/amin/cobot/cobot_ws/install/mypalletizer_260_pi:/home/amin/cobot/cobot_ws/install/mypalletizer_260:/home/amin/cobot/cobot_ws/install/mycobot_pro_450:/home/amin/cobot/cobot_ws/install/mycobot_pro450_interfaces:/home/amin/cobot/cobot_ws/install/myarm_m750:/home/amin/cobot/cobot_ws/install/myarm_c650:/home/amin/cobot/cobot_ws/install/mycobot_communication:/home/amin/cobot/cobot_ws/install/mecharm_communication:/home/amin/cobot/cobot_ws/install/mycobot_interfaces:/home/amin/cobot/cobot_ws/install/mycobot_630:/home/amin/cobot/cobot_ws/install/mycobot_600:/home/amin/cobot/cobot_ws/install/mycobot_320pi:/home/amin/cobot/cobot_ws/install/mycobot_320_riscv:/home/amin/cobot/cobot_ws/install/mycobot_320:/home/amin/cobot/cobot_ws/install/mycobot_280rdkx5_moveit2:/home/amin/cobot/cobot_ws/install/mycobot_280pi:/home/amin/cobot/cobot_ws/install/mycobot_280jn:/home/amin/cobot/cobot_ws/install/mycobot_280arduino_moveit2:/home/amin/cobot/cobot_ws/install/mycobot_280_x3pi:/home/amin/cobot/cobot_ws/install/mycobot_280_riscv:/home/amin/cobot/cobot_ws/install/mycobot_280_rdkx5:/home/amin/cobot/cobot_ws/install/mycobot_280_moveit2_control:/home/amin/cobot/cobot_ws/install/mycobot_280_moveit2:/home/amin/cobot/cobot_ws/install/mycobot_280_gazebo_jazzy:/home/amin/cobot/cobot_ws/install/mycobot_280_gazebo:/home/amin/cobot/cobot_ws/install/mycobot_280_arduino:/home/amin/cobot/cobot_ws/install/mycobot_280:/home/amin/cobot/cobot_ws/install/mybuddy:/home/amin/cobot/cobot_ws/install/myarm_300:/home/amin/cobot/cobot_ws/install/mecharm_pi:/home/amin/cobot/cobot_ws/install/mecharm:/home/amin/cobot/cobot_ws/install/mecharm_interfaces:/opt/ros/jazzy DEBUGINFOD_URLS=https://debuginfod.ubuntu.com PYTHONPATH=/home/amin/cobot/cobot_ws/build/mycobot_320pi/prefix_override:/usr/lib/python3/dist-packages/colcon_core/task/python/colcon_distutils_commands:/home/amin/cobot/cobot_ws/install/mycobot_320pi/lib/python3.12/site-packages:/home/amin/cobot/cobot_ws/install/mycobot_description/lib/python3.12/site-packages:/home/amin/cobot/cobot_ws/install/ultraarm/lib/python3.12/site-packages:/home/amin/cobot/cobot_ws/install/pro450_moveit2_control/lib/python3.12/site-packages:/home/amin/cobot/cobot_ws/install/mypalletizer_communication/lib/python3.12/site-packages:/home/amin/cobot/cobot_ws/install/mypalletizer_interfaces/lib/python3.12/site-packages:/home/amin/cobot/cobot_ws/install/mypalletizer_260_pi/lib/python3.12/site-packages:/home/amin/cobot/cobot_ws/install/mypalletizer_260/lib/python3.12/site-packages:/home/amin/cobot/cobot_ws/install/mycobot_pro_450/lib/python3.12/site-packages:/home/amin/cobot/cobot_ws/install/mycobot_pro450_interfaces/lib/python3.12/site-packages:/home/amin/cobot/cobot_ws/install/myarm_m750/lib/python3.12/site-packages:/home/amin/cobot/cobot_ws/install/myarm_c650/lib/python3.12/site-packages:/home/amin/cobot/cobot_ws/install/mycobot_communication/lib/python3.12/site-packages:/home/amin/cobot/cobot_ws/install/mecharm_communication/lib/python3.12/site-packages:/home/amin/cobot/cobot_ws/install/mycobot_interfaces/lib/python3.12/site-packages:/home/amin/cobot/cobot_ws/install/mycobot_630/lib/python3.12/site-packages:/home/amin/cobot/cobot_ws/install/mycobot_600/lib/python3.12/site-packages:/home/amin/cobot/cobot_ws/install/mycobot_320pi/lib/python3.12/site-packages:/home/amin/cobot/cobot_ws/install/mycobot_320_riscv/lib/python3.12/site-packages:/home/amin/cobot/cobot_ws/install/mycobot_320/lib/python3.12/site-packages:/home/amin/cobot/cobot_ws/install/mycobot_280pi/lib/python3.12/site-packages:/home/amin/cobot/cobot_ws/install/mycobot_280jn/lib/python3.12/site-packages:/home/amin/cobot/cobot_ws/install/mycobot_280_x3pi/lib/python3.12/site-packages:/home/amin/cobot/cobot_ws/install/mycobot_280_riscv/lib/python3.12/site-packages:/home/amin/cobot/cobot_ws/install/mycobot_280_rdkx5/lib/python3.12/site-packages:/home/amin/cobot/cobot_ws/install/mycobot_280_moveit2_control/lib/python3.12/site-packages:/home/amin/cobot/cobot_ws/install/mycobot_280_arduino/lib/python3.12/site-packages:/home/amin/cobot/cobot_ws/install/mycobot_280/lib/python3.12/site-packages:/home/amin/cobot/cobot_ws/install/mybuddy/lib/python3.12/site-packages:/home/amin/cobot/cobot_ws/install/myarm_300/lib/python3.12/site-packages:/home/amin/cobot/cobot_ws/install/mecharm_pi/lib/python3.12/site-packages:/home/amin/cobot/cobot_ws/install/mecharm/lib/python3.12/site-packages:/home/amin/cobot/cobot_ws/install/mecharm_interfaces/lib/python3.12/site-packages:/opt/ros/jazzy/lib/python3.12/site-packages /usr/bin/python3 -W ignore:setup.py install is deprecated -W ignore:easy_install command is deprecated setup.py egg_info --egg-base ../../../../build/mycobot_320pi build --build-base /home/amin/cobot/cobot_ws/build/mycobot_320pi/build install --record /home/amin/cobot/cobot_ws/build/mycobot_320pi/install.log --single-version-externally-managed install_data
[7.227s] Level 1:colcon.colcon_core.environment:checking '/home/amin/cobot/cobot_ws/install/mycobot_280pi' for CMake module files
[7.227s] DEBUG:colcon.colcon_core.event_handler.log_command:Invoked command in '/home/amin/cobot/cobot_ws/src/mycobot_ros2/mycobot_280/mycobot_280pi' returned '0': AMENT_PREFIX_PATH=/home/amin/cobot/cobot_ws/install/mycobot_description:/home/amin/cobot/cobot_ws/install/ultraarm:/home/amin/cobot/cobot_ws/install/pro450_moveit2_control:/home/amin/cobot/cobot_ws/install/pro450_moveit2:/home/amin/cobot/cobot_ws/install/mypalletizer_communication:/home/amin/cobot/cobot_ws/install/mypalletizer_interfaces:/home/amin/cobot/cobot_ws/install/mypalletizer_260_pi:/home/amin/cobot/cobot_ws/install/mypalletizer_260:/home/amin/cobot/cobot_ws/install/mycobot_pro_450:/home/amin/cobot/cobot_ws/install/mycobot_pro450_interfaces:/home/amin/cobot/cobot_ws/install/myarm_m750:/home/amin/cobot/cobot_ws/install/myarm_c650:/home/amin/cobot/cobot_ws/install/mycobot_communication:/home/amin/cobot/cobot_ws/install/mecharm_communication:/home/amin/cobot/cobot_ws/install/mycobot_interfaces:/home/amin/cobot/cobot_ws/install/mycobot_630:/home/amin/cobot/cobot_ws/install/mycobot_600:/home/amin/cobot/cobot_ws/install/mycobot_320pi:/home/amin/cobot/cobot_ws/install/mycobot_320_riscv:/home/amin/cobot/cobot_ws/install/mycobot_320:/home/amin/cobot/cobot_ws/install/mycobot_280rdkx5_moveit2:/home/amin/cobot/cobot_ws/install/mycobot_280pi:/home/amin/cobot/cobot_ws/install/mycobot_280jn:/home/amin/cobot/cobot_ws/install/mycobot_280arduino_moveit2:/home/amin/cobot/cobot_ws/install/mycobot_280_x3pi:/home/amin/cobot/cobot_ws/install/mycobot_280_riscv:/home/amin/cobot/cobot_ws/install/mycobot_280_rdkx5:/home/amin/cobot/cobot_ws/install/mycobot_280_moveit2_control:/home/amin/cobot/cobot_ws/install/mycobot_280_moveit2:/home/amin/cobot/cobot_ws/install/mycobot_280_gazebo_jazzy:/home/amin/cobot/cobot_ws/install/mycobot_280_gazebo:/home/amin/cobot/cobot_ws/install/mycobot_280_arduino:/home/amin/cobot/cobot_ws/install/mycobot_280:/home/amin/cobot/cobot_ws/install/mybuddy:/home/amin/cobot/cobot_ws/install/myarm_300:/home/amin/cobot/cobot_ws/install/mecharm_pi:/home/amin/cobot/cobot_ws/install/mecharm:/home/amin/cobot/cobot_ws/install/mecharm_interfaces:/opt/ros/jazzy DEBUGINFOD_URLS=https://debuginfod.ubuntu.com PYTHONPATH=/home/amin/cobot/cobot_ws/build/mycobot_280pi/prefix_override:/usr/lib/python3/dist-packages/colcon_core/task/python/colcon_distutils_commands:/home/amin/cobot/cobot_ws/install/mycobot_280pi/lib/python3.12/site-packages:/home/amin/cobot/cobot_ws/install/mycobot_description/lib/python3.12/site-packages:/home/amin/cobot/cobot_ws/install/ultraarm/lib/python3.12/site-packages:/home/amin/cobot/cobot_ws/install/pro450_moveit2_control/lib/python3.12/site-packages:/home/amin/cobot/cobot_ws/install/mypalletizer_communication/lib/python3.12/site-packages:/home/amin/cobot/cobot_ws/install/mypalletizer_interfaces/lib/python3.12/site-packages:/home/amin/cobot/cobot_ws/install/mypalletizer_260_pi/lib/python3.12/site-packages:/home/amin/cobot/cobot_ws/install/mypalletizer_260/lib/python3.12/site-packages:/home/amin/cobot/cobot_ws/install/mycobot_pro_450/lib/python3.12/site-packages:/home/amin/cobot/cobot_ws/install/mycobot_pro450_interfaces/lib/python3.12/site-packages:/home/amin/cobot/cobot_ws/install/myarm_m750/lib/python3.12/site-packages:/home/amin/cobot/cobot_ws/install/myarm_c650/lib/python3.12/site-packages:/home/amin/cobot/cobot_ws/install/mycobot_communication/lib/python3.12/site-packages:/home/amin/cobot/cobot_ws/install/mecharm_communication/lib/python3.12/site-packages:/home/amin/cobot/cobot_ws/install/mycobot_interfaces/lib/python3.12/site-packages:/home/amin/cobot/cobot_ws/install/mycobot_630/lib/python3.12/site-packages:/home/amin/cobot/cobot_ws/install/mycobot_600/lib/python3.12/site-packages:/home/amin/cobot/cobot_ws/install/mycobot_320pi/lib/python3.12/site-packages:/home/amin/cobot/cobot_ws/install/mycobot_320_riscv/lib/python3.12/site-packages:/home/amin/cobot/cobot_ws/install/mycobot_320/lib/python3.12/site-packages:/home/amin/cobot/cobot_ws/install/mycobot_280pi/lib/python3.12/site-packages:/home/amin/cobot/cobot_ws/install/mycobot_280jn/lib/python3.12/site-packages:/home/amin/cobot/cobot_ws/install/mycobot_280_x3pi/lib/python3.12/site-packages:/home/amin/cobot/cobot_ws/install/mycobot_280_riscv/lib/python3.12/site-packages:/home/amin/cobot/cobot_ws/install/mycobot_280_rdkx5/lib/python3.12/site-packages:/home/amin/cobot/cobot_ws/install/mycobot_280_moveit2_control/lib/python3.12/site-packages:/home/amin/cobot/cobot_ws/install/mycobot_280_arduino/lib/python3.12/site-packages:/home/amin/cobot/cobot_ws/install/mycobot_280/lib/python3.12/site-packages:/home/amin/cobot/cobot_ws/install/mybuddy/lib/python3.12/site-packages:/home/amin/cobot/cobot_ws/install/myarm_300/lib/python3.12/site-packages:/home/amin/cobot/cobot_ws/install/mecharm_pi/lib/python3.12/site-packages:/home/amin/cobot/cobot_ws/install/mecharm/lib/python3.12/site-packages:/home/amin/cobot/cobot_ws/install/mecharm_interfaces/lib/python3.12/site-packages:/opt/ros/jazzy/lib/python3.12/site-packages /usr/bin/python3 -W ignore:setup.py install is deprecated -W ignore:easy_install command is deprecated setup.py egg_info --egg-base ../../../../build/mycobot_280pi build --build-base /home/amin/cobot/cobot_ws/build/mycobot_280pi/build install --record /home/amin/cobot/cobot_ws/build/mycobot_280pi/install.log --single-version-externally-managed install_data
[7.228s] Level 1:colcon.colcon_core.environment:checking '/home/amin/cobot/cobot_ws/install/mycobot_280pi' for CMake config files
[7.229s] Level 1:colcon.colcon_core.environment:checking '/home/amin/cobot/cobot_ws/install/mycobot_280pi/lib'
[7.229s] Level 1:colcon.colcon_core.environment:checking '/home/amin/cobot/cobot_ws/install/mycobot_280pi/bin'
[7.229s] Level 1:colcon.colcon_core.environment:checking '/home/amin/cobot/cobot_ws/install/mycobot_280pi/lib/pkgconfig/mycobot_280pi.pc'
[7.230s] Level 1:colcon.colcon_core.environment:checking '/home/amin/cobot/cobot_ws/install/mycobot_280pi/lib/python3.12/site-packages'
[7.230s] Level 1:colcon.colcon_core.shell:create_environment_hook('mycobot_280pi', 'pythonpath')
[7.230s] INFO:colcon.colcon_core.shell:Creating environment hook '/home/amin/cobot/cobot_ws/install/mycobot_280pi/share/mycobot_280pi/hook/pythonpath.ps1'
[7.231s] INFO:colcon.colcon_core.shell:Creating environment descriptor '/home/amin/cobot/cobot_ws/install/mycobot_280pi/share/mycobot_280pi/hook/pythonpath.dsv'
[7.232s] INFO:colcon.colcon_core.shell:Creating environment hook '/home/amin/cobot/cobot_ws/install/mycobot_280pi/share/mycobot_280pi/hook/pythonpath.sh'
[7.232s] Level 1:colcon.colcon_core.environment:checking '/home/amin/cobot/cobot_ws/install/mycobot_280pi/bin'
[7.232s] Level 1:colcon.colcon_core.environment:create_environment_scripts_only(mycobot_280pi)
[7.233s] INFO:colcon.colcon_core.shell:Creating package script '/home/amin/cobot/cobot_ws/install/mycobot_280pi/share/mycobot_280pi/package.ps1'
[7.236s] INFO:colcon.colcon_core.shell:Creating package descriptor '/home/amin/cobot/cobot_ws/install/mycobot_280pi/share/mycobot_280pi/package.dsv'
[7.236s] INFO:colcon.colcon_core.shell:Creating package script '/home/amin/cobot/cobot_ws/install/mycobot_280pi/share/mycobot_280pi/package.sh'
[7.237s] INFO:colcon.colcon_core.shell:Creating package script '/home/amin/cobot/cobot_ws/install/mycobot_280pi/share/mycobot_280pi/package.bash'
[7.237s] INFO:colcon.colcon_core.shell:Creating package script '/home/amin/cobot/cobot_ws/install/mycobot_280pi/share/mycobot_280pi/package.zsh'
[7.238s] Level 1:colcon.colcon_core.environment:create_file_with_runtime_dependencies(/home/amin/cobot/cobot_ws/install/mycobot_280pi/share/colcon-core/packages/mycobot_280pi)
[7.240s] INFO:colcon.colcon_ros.task.ament_python.build:Building ROS package in '/home/amin/cobot/cobot_ws/src/mycobot_ros2/mycobot_pro/mycobot_pro_450' with build type 'ament_python'
[7.240s] Level 1:colcon.colcon_core.shell:create_environment_hook('mycobot_pro_450', 'ament_prefix_path')
[7.243s] INFO:colcon.colcon_core.shell:Creating environment hook '/home/amin/cobot/cobot_ws/install/mycobot_pro_450/share/mycobot_pro_450/hook/ament_prefix_path.ps1'
[7.245s] INFO:colcon.colcon_core.shell:Creating environment descriptor '/home/amin/cobot/cobot_ws/install/mycobot_pro_450/share/mycobot_pro_450/hook/ament_prefix_path.dsv'
[7.245s] INFO:colcon.colcon_core.shell:Creating environment hook '/home/amin/cobot/cobot_ws/install/mycobot_pro_450/share/mycobot_pro_450/hook/ament_prefix_path.sh'
[7.246s] INFO:colcon.colcon_core.shell:Skip shell extension 'powershell' for command environment: Not usable outside of PowerShell
[7.246s] DEBUG:colcon.colcon_core.shell:Skip shell extension 'dsv' for command environment
[7.482s] INFO:colcon.colcon_core.task.python.build:Building Python package in '/home/amin/cobot/cobot_ws/src/mycobot_ros2/mycobot_pro/mycobot_pro_450'
[7.482s] INFO:colcon.colcon_core.shell:Skip shell extension 'powershell' for command environment: Not usable outside of PowerShell
[7.482s] DEBUG:colcon.colcon_core.shell:Skip shell extension 'dsv' for command environment
[7.490s] Level 1:colcon.colcon_core.environment:checking '/home/amin/cobot/cobot_ws/install/mycobot_280jn' for CMake module files
[7.491s] DEBUG:colcon.colcon_core.event_handler.log_command:Invoked command in '/home/amin/cobot/cobot_ws/src/mycobot_ros2/mycobot_280/mycobot_280jn' returned '0': AMENT_PREFIX_PATH=/home/amin/cobot/cobot_ws/install/mycobot_description:/home/amin/cobot/cobot_ws/install/ultraarm:/home/amin/cobot/cobot_ws/install/pro450_moveit2_control:/home/amin/cobot/cobot_ws/install/pro450_moveit2:/home/amin/cobot/cobot_ws/install/mypalletizer_communication:/home/amin/cobot/cobot_ws/install/mypalletizer_interfaces:/home/amin/cobot/cobot_ws/install/mypalletizer_260_pi:/home/amin/cobot/cobot_ws/install/mypalletizer_260:/home/amin/cobot/cobot_ws/install/mycobot_pro_450:/home/amin/cobot/cobot_ws/install/mycobot_pro450_interfaces:/home/amin/cobot/cobot_ws/install/myarm_m750:/home/amin/cobot/cobot_ws/install/myarm_c650:/home/amin/cobot/cobot_ws/install/mycobot_communication:/home/amin/cobot/cobot_ws/install/mecharm_communication:/home/amin/cobot/cobot_ws/install/mycobot_interfaces:/home/amin/cobot/cobot_ws/install/mycobot_630:/home/amin/cobot/cobot_ws/install/mycobot_600:/home/amin/cobot/cobot_ws/install/mycobot_320pi:/home/amin/cobot/cobot_ws/install/mycobot_320_riscv:/home/amin/cobot/cobot_ws/install/mycobot_320:/home/amin/cobot/cobot_ws/install/mycobot_280rdkx5_moveit2:/home/amin/cobot/cobot_ws/install/mycobot_280pi:/home/amin/cobot/cobot_ws/install/mycobot_280jn:/home/amin/cobot/cobot_ws/install/mycobot_280arduino_moveit2:/home/amin/cobot/cobot_ws/install/mycobot_280_x3pi:/home/amin/cobot/cobot_ws/install/mycobot_280_riscv:/home/amin/cobot/cobot_ws/install/mycobot_280_rdkx5:/home/amin/cobot/cobot_ws/install/mycobot_280_moveit2_control:/home/amin/cobot/cobot_ws/install/mycobot_280_moveit2:/home/amin/cobot/cobot_ws/install/mycobot_280_gazebo_jazzy:/home/amin/cobot/cobot_ws/install/mycobot_280_gazebo:/home/amin/cobot/cobot_ws/install/mycobot_280_arduino:/home/amin/cobot/cobot_ws/install/mycobot_280:/home/amin/cobot/cobot_ws/install/mybuddy:/home/amin/cobot/cobot_ws/install/myarm_300:/home/amin/cobot/cobot_ws/install/mecharm_pi:/home/amin/cobot/cobot_ws/install/mecharm:/home/amin/cobot/cobot_ws/install/mecharm_interfaces:/opt/ros/jazzy DEBUGINFOD_URLS=https://debuginfod.ubuntu.com PYTHONPATH=/home/amin/cobot/cobot_ws/build/mycobot_280jn/prefix_override:/usr/lib/python3/dist-packages/colcon_core/task/python/colcon_distutils_commands:/home/amin/cobot/cobot_ws/install/mycobot_280jn/lib/python3.12/site-packages:/home/amin/cobot/cobot_ws/install/mycobot_description/lib/python3.12/site-packages:/home/amin/cobot/cobot_ws/install/ultraarm/lib/python3.12/site-packages:/home/amin/cobot/cobot_ws/install/pro450_moveit2_control/lib/python3.12/site-packages:/home/amin/cobot/cobot_ws/install/mypalletizer_communication/lib/python3.12/site-packages:/home/amin/cobot/cobot_ws/install/mypalletizer_interfaces/lib/python3.12/site-packages:/home/amin/cobot/cobot_ws/install/mypalletizer_260_pi/lib/python3.12/site-packages:/home/amin/cobot/cobot_ws/install/mypalletizer_260/lib/python3.12/site-packages:/home/amin/cobot/cobot_ws/install/mycobot_pro_450/lib/python3.12/site-packages:/home/amin/cobot/cobot_ws/install/mycobot_pro450_interfaces/lib/python3.12/site-packages:/home/amin/cobot/cobot_ws/install/myarm_m750/lib/python3.12/site-packages:/home/amin/cobot/cobot_ws/install/myarm_c650/lib/python3.12/site-packages:/home/amin/cobot/cobot_ws/install/mycobot_communication/lib/python3.12/site-packages:/home/amin/cobot/cobot_ws/install/mecharm_communication/lib/python3.12/site-packages:/home/amin/cobot/cobot_ws/install/mycobot_interfaces/lib/python3.12/site-packages:/home/amin/cobot/cobot_ws/install/mycobot_630/lib/python3.12/site-packages:/home/amin/cobot/cobot_ws/install/mycobot_600/lib/python3.12/site-packages:/home/amin/cobot/cobot_ws/install/mycobot_320pi/lib/python3.12/site-packages:/home/amin/cobot/cobot_ws/install/mycobot_320_riscv/lib/python3.12/site-packages:/home/amin/cobot/cobot_ws/install/mycobot_320/lib/python3.12/site-packages:/home/amin/cobot/cobot_ws/install/mycobot_280pi/lib/python3.12/site-packages:/home/amin/cobot/cobot_ws/install/mycobot_280jn/lib/python3.12/site-packages:/home/amin/cobot/cobot_ws/install/mycobot_280_x3pi/lib/python3.12/site-packages:/home/amin/cobot/cobot_ws/install/mycobot_280_riscv/lib/python3.12/site-packages:/home/amin/cobot/cobot_ws/install/mycobot_280_rdkx5/lib/python3.12/site-packages:/home/amin/cobot/cobot_ws/install/mycobot_280_moveit2_control/lib/python3.12/site-packages:/home/amin/cobot/cobot_ws/install/mycobot_280_arduino/lib/python3.12/site-packages:/home/amin/cobot/cobot_ws/install/mycobot_280/lib/python3.12/site-packages:/home/amin/cobot/cobot_ws/install/mybuddy/lib/python3.12/site-packages:/home/amin/cobot/cobot_ws/install/myarm_300/lib/python3.12/site-packages:/home/amin/cobot/cobot_ws/install/mecharm_pi/lib/python3.12/site-packages:/home/amin/cobot/cobot_ws/install/mecharm/lib/python3.12/site-packages:/home/amin/cobot/cobot_ws/install/mecharm_interfaces/lib/python3.12/site-packages:/opt/ros/jazzy/lib/python3.12/site-packages /usr/bin/python3 -W ignore:setup.py install is deprecated -W ignore:easy_install command is deprecated setup.py egg_info --egg-base ../../../../build/mycobot_280jn build --build-base /home/amin/cobot/cobot_ws/build/mycobot_280jn/build install --record /home/amin/cobot/cobot_ws/build/mycobot_280jn/install.log --single-version-externally-managed install_data
[7.491s] Level 1:colcon.colcon_core.environment:checking '/home/amin/cobot/cobot_ws/install/mycobot_280jn' for CMake config files
[7.491s] Level 1:colcon.colcon_core.environment:checking '/home/amin/cobot/cobot_ws/install/mycobot_280jn/lib'
[7.491s] Level 1:colcon.colcon_core.environment:checking '/home/amin/cobot/cobot_ws/install/mycobot_280jn/bin'
[7.492s] Level 1:colcon.colcon_core.environment:checking '/home/amin/cobot/cobot_ws/install/mycobot_280jn/lib/pkgconfig/mycobot_280jn.pc'
[7.492s] Level 1:colcon.colcon_core.environment:checking '/home/amin/cobot/cobot_ws/install/mycobot_280jn/lib/python3.12/site-packages'
[7.492s] Level 1:colcon.colcon_core.shell:create_environment_hook('mycobot_280jn', 'pythonpath')
[7.492s] INFO:colcon.colcon_core.shell:Creating environment hook '/home/amin/cobot/cobot_ws/install/mycobot_280jn/share/mycobot_280jn/hook/pythonpath.ps1'
[7.492s] INFO:colcon.colcon_core.shell:Creating environment descriptor '/home/amin/cobot/cobot_ws/install/mycobot_280jn/share/mycobot_280jn/hook/pythonpath.dsv'
[7.493s] INFO:colcon.colcon_core.shell:Creating environment hook '/home/amin/cobot/cobot_ws/install/mycobot_280jn/share/mycobot_280jn/hook/pythonpath.sh'
[7.493s] Level 1:colcon.colcon_core.environment:checking '/home/amin/cobot/cobot_ws/install/mycobot_280jn/bin'
[7.493s] Level 1:colcon.colcon_core.environment:create_environment_scripts_only(mycobot_280jn)
[7.493s] INFO:colcon.colcon_core.shell:Creating package script '/home/amin/cobot/cobot_ws/install/mycobot_280jn/share/mycobot_280jn/package.ps1'
[7.494s] INFO:colcon.colcon_core.shell:Creating package descriptor '/home/amin/cobot/cobot_ws/install/mycobot_280jn/share/mycobot_280jn/package.dsv'
[7.494s] INFO:colcon.colcon_core.shell:Creating package script '/home/amin/cobot/cobot_ws/install/mycobot_280jn/share/mycobot_280jn/package.sh'
[7.494s] INFO:colcon.colcon_core.shell:Creating package script '/home/amin/cobot/cobot_ws/install/mycobot_280jn/share/mycobot_280jn/package.bash'
[7.495s] INFO:colcon.colcon_core.shell:Creating package script '/home/amin/cobot/cobot_ws/install/mycobot_280jn/share/mycobot_280jn/package.zsh'
[7.495s] Level 1:colcon.colcon_core.environment:create_file_with_runtime_dependencies(/home/amin/cobot/cobot_ws/install/mycobot_280jn/share/colcon-core/packages/mycobot_280jn)
[7.496s] Level 1:colcon.colcon_core.environment:checking '/home/amin/cobot/cobot_ws/install/mycobot_280_x3pi' for CMake module files
[7.497s] Level 1:colcon.colcon_core.environment:checking '/home/amin/cobot/cobot_ws/install/mycobot_280_x3pi' for CMake config files
[7.497s] DEBUG:colcon.colcon_core.event_handler.log_command:Invoking command in '/home/amin/cobot/cobot_ws/src/mycobot_ros2/mycobot_pro/mycobot_600': AMENT_PREFIX_PATH=/home/amin/cobot/cobot_ws/install/mycobot_description:/home/amin/cobot/cobot_ws/install/ultraarm:/home/amin/cobot/cobot_ws/install/pro450_moveit2_control:/home/amin/cobot/cobot_ws/install/pro450_moveit2:/home/amin/cobot/cobot_ws/install/mypalletizer_communication:/home/amin/cobot/cobot_ws/install/mypalletizer_interfaces:/home/amin/cobot/cobot_ws/install/mypalletizer_260_pi:/home/amin/cobot/cobot_ws/install/mypalletizer_260:/home/amin/cobot/cobot_ws/install/mycobot_pro_450:/home/amin/cobot/cobot_ws/install/mycobot_pro450_interfaces:/home/amin/cobot/cobot_ws/install/myarm_m750:/home/amin/cobot/cobot_ws/install/myarm_c650:/home/amin/cobot/cobot_ws/install/mycobot_communication:/home/amin/cobot/cobot_ws/install/mecharm_communication:/home/amin/cobot/cobot_ws/install/mycobot_interfaces:/home/amin/cobot/cobot_ws/install/mycobot_630:/home/amin/cobot/cobot_ws/install/mycobot_600:/home/amin/cobot/cobot_ws/install/mycobot_320pi:/home/amin/cobot/cobot_ws/install/mycobot_320_riscv:/home/amin/cobot/cobot_ws/install/mycobot_320:/home/amin/cobot/cobot_ws/install/mycobot_280rdkx5_moveit2:/home/amin/cobot/cobot_ws/install/mycobot_280pi:/home/amin/cobot/cobot_ws/install/mycobot_280jn:/home/amin/cobot/cobot_ws/install/mycobot_280arduino_moveit2:/home/amin/cobot/cobot_ws/install/mycobot_280_x3pi:/home/amin/cobot/cobot_ws/install/mycobot_280_riscv:/home/amin/cobot/cobot_ws/install/mycobot_280_rdkx5:/home/amin/cobot/cobot_ws/install/mycobot_280_moveit2_control:/home/amin/cobot/cobot_ws/install/mycobot_280_moveit2:/home/amin/cobot/cobot_ws/install/mycobot_280_gazebo_jazzy:/home/amin/cobot/cobot_ws/install/mycobot_280_gazebo:/home/amin/cobot/cobot_ws/install/mycobot_280_arduino:/home/amin/cobot/cobot_ws/install/mycobot_280:/home/amin/cobot/cobot_ws/install/mybuddy:/home/amin/cobot/cobot_ws/install/myarm_300:/home/amin/cobot/cobot_ws/install/mecharm_pi:/home/amin/cobot/cobot_ws/install/mecharm:/home/amin/cobot/cobot_ws/install/mecharm_interfaces:/opt/ros/jazzy DEBUGINFOD_URLS=https://debuginfod.ubuntu.com PYTHONPATH=/home/amin/cobot/cobot_ws/build/mycobot_600/prefix_override:/usr/lib/python3/dist-packages/colcon_core/task/python/colcon_distutils_commands:/home/amin/cobot/cobot_ws/install/mycobot_600/lib/python3.12/site-packages:/home/amin/cobot/cobot_ws/install/mycobot_description/lib/python3.12/site-packages:/home/amin/cobot/cobot_ws/install/ultraarm/lib/python3.12/site-packages:/home/amin/cobot/cobot_ws/install/pro450_moveit2_control/lib/python3.12/site-packages:/home/amin/cobot/cobot_ws/install/mypalletizer_communication/lib/python3.12/site-packages:/home/amin/cobot/cobot_ws/install/mypalletizer_interfaces/lib/python3.12/site-packages:/home/amin/cobot/cobot_ws/install/mypalletizer_260_pi/lib/python3.12/site-packages:/home/amin/cobot/cobot_ws/install/mypalletizer_260/lib/python3.12/site-packages:/home/amin/cobot/cobot_ws/install/mycobot_pro_450/lib/python3.12/site-packages:/home/amin/cobot/cobot_ws/install/mycobot_pro450_interfaces/lib/python3.12/site-packages:/home/amin/cobot/cobot_ws/install/myarm_m750/lib/python3.12/site-packages:/home/amin/cobot/cobot_ws/install/myarm_c650/lib/python3.12/site-packages:/home/amin/cobot/cobot_ws/install/mycobot_communication/lib/python3.12/site-packages:/home/amin/cobot/cobot_ws/install/mecharm_communication/lib/python3.12/site-packages:/home/amin/cobot/cobot_ws/install/mycobot_interfaces/lib/python3.12/site-packages:/home/amin/cobot/cobot_ws/install/mycobot_630/lib/python3.12/site-packages:/home/amin/cobot/cobot_ws/install/mycobot_600/lib/python3.12/site-packages:/home/amin/cobot/cobot_ws/install/mycobot_320pi/lib/python3.12/site-packages:/home/amin/cobot/cobot_ws/install/mycobot_320_riscv/lib/python3.12/site-packages:/home/amin/cobot/cobot_ws/install/mycobot_320/lib/python3.12/site-packages:/home/amin/cobot/cobot_ws/install/mycobot_280pi/lib/python3.12/site-packages:/home/amin/cobot/cobot_ws/install/mycobot_280jn/lib/python3.12/site-packages:/home/amin/cobot/cobot_ws/install/mycobot_280_x3pi/lib/python3.12/site-packages:/home/amin/cobot/cobot_ws/install/mycobot_280_riscv/lib/python3.12/site-packages:/home/amin/cobot/cobot_ws/install/mycobot_280_rdkx5/lib/python3.12/site-packages:/home/amin/cobot/cobot_ws/install/mycobot_280_moveit2_control/lib/python3.12/site-packages:/home/amin/cobot/cobot_ws/install/mycobot_280_arduino/lib/python3.12/site-packages:/home/amin/cobot/cobot_ws/install/mycobot_280/lib/python3.12/site-packages:/home/amin/cobot/cobot_ws/install/mybuddy/lib/python3.12/site-packages:/home/amin/cobot/cobot_ws/install/myarm_300/lib/python3.12/site-packages:/home/amin/cobot/cobot_ws/install/mecharm_pi/lib/python3.12/site-packages:/home/amin/cobot/cobot_ws/install/mecharm/lib/python3.12/site-packages:/home/amin/cobot/cobot_ws/install/mecharm_interfaces/lib/python3.12/site-packages:/opt/ros/jazzy/lib/python3.12/site-packages /usr/bin/python3 -W ignore:setup.py install is deprecated -W ignore:easy_install command is deprecated setup.py egg_info --egg-base ../../../../build/mycobot_600 build --build-base /home/amin/cobot/cobot_ws/build/mycobot_600/build install --record /home/amin/cobot/cobot_ws/build/mycobot_600/install.log --single-version-externally-managed install_data
[7.498s] DEBUG:colcon.colcon_core.event_handler.log_command:Invoked command in '/home/amin/cobot/cobot_ws/src/mycobot_ros2/mycobot_280/mycobot_280_x3pi' returned '0': AMENT_PREFIX_PATH=/home/amin/cobot/cobot_ws/install/mycobot_description:/home/amin/cobot/cobot_ws/install/ultraarm:/home/amin/cobot/cobot_ws/install/pro450_moveit2_control:/home/amin/cobot/cobot_ws/install/pro450_moveit2:/home/amin/cobot/cobot_ws/install/mypalletizer_communication:/home/amin/cobot/cobot_ws/install/mypalletizer_interfaces:/home/amin/cobot/cobot_ws/install/mypalletizer_260_pi:/home/amin/cobot/cobot_ws/install/mypalletizer_260:/home/amin/cobot/cobot_ws/install/mycobot_pro_450:/home/amin/cobot/cobot_ws/install/mycobot_pro450_interfaces:/home/amin/cobot/cobot_ws/install/myarm_m750:/home/amin/cobot/cobot_ws/install/myarm_c650:/home/amin/cobot/cobot_ws/install/mycobot_communication:/home/amin/cobot/cobot_ws/install/mecharm_communication:/home/amin/cobot/cobot_ws/install/mycobot_interfaces:/home/amin/cobot/cobot_ws/install/mycobot_630:/home/amin/cobot/cobot_ws/install/mycobot_600:/home/amin/cobot/cobot_ws/install/mycobot_320pi:/home/amin/cobot/cobot_ws/install/mycobot_320_riscv:/home/amin/cobot/cobot_ws/install/mycobot_320:/home/amin/cobot/cobot_ws/install/mycobot_280rdkx5_moveit2:/home/amin/cobot/cobot_ws/install/mycobot_280pi:/home/amin/cobot/cobot_ws/install/mycobot_280jn:/home/amin/cobot/cobot_ws/install/mycobot_280arduino_moveit2:/home/amin/cobot/cobot_ws/install/mycobot_280_x3pi:/home/amin/cobot/cobot_ws/install/mycobot_280_riscv:/home/amin/cobot/cobot_ws/install/mycobot_280_rdkx5:/home/amin/cobot/cobot_ws/install/mycobot_280_moveit2_control:/home/amin/cobot/cobot_ws/install/mycobot_280_moveit2:/home/amin/cobot/cobot_ws/install/mycobot_280_gazebo_jazzy:/home/amin/cobot/cobot_ws/install/mycobot_280_gazebo:/home/amin/cobot/cobot_ws/install/mycobot_280_arduino:/home/amin/cobot/cobot_ws/install/mycobot_280:/home/amin/cobot/cobot_ws/install/mybuddy:/home/amin/cobot/cobot_ws/install/myarm_300:/home/amin/cobot/cobot_ws/install/mecharm_pi:/home/amin/cobot/cobot_ws/install/mecharm:/home/amin/cobot/cobot_ws/install/mecharm_interfaces:/opt/ros/jazzy DEBUGINFOD_URLS=https://debuginfod.ubuntu.com PYTHONPATH=/home/amin/cobot/cobot_ws/build/mycobot_280_x3pi/prefix_override:/usr/lib/python3/dist-packages/colcon_core/task/python/colcon_distutils_commands:/home/amin/cobot/cobot_ws/install/mycobot_280_x3pi/lib/python3.12/site-packages:/home/amin/cobot/cobot_ws/install/mycobot_description/lib/python3.12/site-packages:/home/amin/cobot/cobot_ws/install/ultraarm/lib/python3.12/site-packages:/home/amin/cobot/cobot_ws/install/pro450_moveit2_control/lib/python3.12/site-packages:/home/amin/cobot/cobot_ws/install/mypalletizer_communication/lib/python3.12/site-packages:/home/amin/cobot/cobot_ws/install/mypalletizer_interfaces/lib/python3.12/site-packages:/home/amin/cobot/cobot_ws/install/mypalletizer_260_pi/lib/python3.12/site-packages:/home/amin/cobot/cobot_ws/install/mypalletizer_260/lib/python3.12/site-packages:/home/amin/cobot/cobot_ws/install/mycobot_pro_450/lib/python3.12/site-packages:/home/amin/cobot/cobot_ws/install/mycobot_pro450_interfaces/lib/python3.12/site-packages:/home/amin/cobot/cobot_ws/install/myarm_m750/lib/python3.12/site-packages:/home/amin/cobot/cobot_ws/install/myarm_c650/lib/python3.12/site-packages:/home/amin/cobot/cobot_ws/install/mycobot_communication/lib/python3.12/site-packages:/home/amin/cobot/cobot_ws/install/mecharm_communication/lib/python3.12/site-packages:/home/amin/cobot/cobot_ws/install/mycobot_interfaces/lib/python3.12/site-packages:/home/amin/cobot/cobot_ws/install/mycobot_630/lib/python3.12/site-packages:/home/amin/cobot/cobot_ws/install/mycobot_600/lib/python3.12/site-packages:/home/amin/cobot/cobot_ws/install/mycobot_320pi/lib/python3.12/site-packages:/home/amin/cobot/cobot_ws/install/mycobot_320_riscv/lib/python3.12/site-packages:/home/amin/cobot/cobot_ws/install/mycobot_320/lib/python3.12/site-packages:/home/amin/cobot/cobot_ws/install/mycobot_280pi/lib/python3.12/site-packages:/home/amin/cobot/cobot_ws/install/mycobot_280jn/lib/python3.12/site-packages:/home/amin/cobot/cobot_ws/install/mycobot_280_x3pi/lib/python3.12/site-packages:/home/amin/cobot/cobot_ws/install/mycobot_280_riscv/lib/python3.12/site-packages:/home/amin/cobot/cobot_ws/install/mycobot_280_rdkx5/lib/python3.12/site-packages:/home/amin/cobot/cobot_ws/install/mycobot_280_moveit2_control/lib/python3.12/site-packages:/home/amin/cobot/cobot_ws/install/mycobot_280_arduino/lib/python3.12/site-packages:/home/amin/cobot/cobot_ws/install/mycobot_280/lib/python3.12/site-packages:/home/amin/cobot/cobot_ws/install/mybuddy/lib/python3.12/site-packages:/home/amin/cobot/cobot_ws/install/myarm_300/lib/python3.12/site-packages:/home/amin/cobot/cobot_ws/install/mecharm_pi/lib/python3.12/site-packages:/home/amin/cobot/cobot_ws/install/mecharm/lib/python3.12/site-packages:/home/amin/cobot/cobot_ws/install/mecharm_interfaces/lib/python3.12/site-packages:/opt/ros/jazzy/lib/python3.12/site-packages /usr/bin/python3 -W ignore:setup.py install is deprecated -W ignore:easy_install command is deprecated setup.py egg_info --egg-base ../../../../build/mycobot_280_x3pi build --build-base /home/amin/cobot/cobot_ws/build/mycobot_280_x3pi/build install --record /home/amin/cobot/cobot_ws/build/mycobot_280_x3pi/install.log --single-version-externally-managed install_data
[7.498s] Level 1:colcon.colcon_core.environment:checking '/home/amin/cobot/cobot_ws/install/mycobot_280_x3pi/lib'
[7.498s] Level 1:colcon.colcon_core.environment:checking '/home/amin/cobot/cobot_ws/install/mycobot_280_x3pi/bin'
[7.499s] Level 1:colcon.colcon_core.environment:checking '/home/amin/cobot/cobot_ws/install/mycobot_280_x3pi/lib/pkgconfig/mycobot_280_x3pi.pc'
[7.499s] Level 1:colcon.colcon_core.environment:checking '/home/amin/cobot/cobot_ws/install/mycobot_280_x3pi/lib/python3.12/site-packages'
[7.499s] Level 1:colcon.colcon_core.shell:create_environment_hook('mycobot_280_x3pi', 'pythonpath')
[7.500s] INFO:colcon.colcon_core.shell:Creating environment hook '/home/amin/cobot/cobot_ws/install/mycobot_280_x3pi/share/mycobot_280_x3pi/hook/pythonpath.ps1'
[7.501s] INFO:colcon.colcon_core.shell:Creating environment descriptor '/home/amin/cobot/cobot_ws/install/mycobot_280_x3pi/share/mycobot_280_x3pi/hook/pythonpath.dsv'
[7.501s] INFO:colcon.colcon_core.shell:Creating environment hook '/home/amin/cobot/cobot_ws/install/mycobot_280_x3pi/share/mycobot_280_x3pi/hook/pythonpath.sh'
[7.502s] Level 1:colcon.colcon_core.environment:checking '/home/amin/cobot/cobot_ws/install/mycobot_280_x3pi/bin'
[7.502s] Level 1:colcon.colcon_core.environment:create_environment_scripts_only(mycobot_280_x3pi)
[7.502s] INFO:colcon.colcon_core.shell:Creating package script '/home/amin/cobot/cobot_ws/install/mycobot_280_x3pi/share/mycobot_280_x3pi/package.ps1'
[7.502s] INFO:colcon.colcon_core.shell:Creating package descriptor '/home/amin/cobot/cobot_ws/install/mycobot_280_x3pi/share/mycobot_280_x3pi/package.dsv'
[7.503s] INFO:colcon.colcon_core.shell:Creating package script '/home/amin/cobot/cobot_ws/install/mycobot_280_x3pi/share/mycobot_280_x3pi/package.sh'
[7.503s] INFO:colcon.colcon_core.shell:Creating package script '/home/amin/cobot/cobot_ws/install/mycobot_280_x3pi/share/mycobot_280_x3pi/package.bash'
[7.503s] INFO:colcon.colcon_core.shell:Creating package script '/home/amin/cobot/cobot_ws/install/mycobot_280_x3pi/share/mycobot_280_x3pi/package.zsh'
[7.504s] Level 1:colcon.colcon_core.environment:create_file_with_runtime_dependencies(/home/amin/cobot/cobot_ws/install/mycobot_280_x3pi/share/colcon-core/packages/mycobot_280_x3pi)
[7.505s] Level 1:colcon.colcon_core.environment:checking '/home/amin/cobot/cobot_ws/install/mycobot_320' for CMake module files
[7.505s] Level 1:colcon.colcon_core.environment:checking '/home/amin/cobot/cobot_ws/install/mycobot_320' for CMake config files
[7.506s] DEBUG:colcon.colcon_core.event_handler.log_command:Invoked command in '/home/amin/cobot/cobot_ws/src/mycobot_ros2/mycobot_320/mycobot_320' returned '0': AMENT_PREFIX_PATH=/home/amin/cobot/cobot_ws/install/mycobot_description:/home/amin/cobot/cobot_ws/install/ultraarm:/home/amin/cobot/cobot_ws/install/pro450_moveit2_control:/home/amin/cobot/cobot_ws/install/pro450_moveit2:/home/amin/cobot/cobot_ws/install/mypalletizer_communication:/home/amin/cobot/cobot_ws/install/mypalletizer_interfaces:/home/amin/cobot/cobot_ws/install/mypalletizer_260_pi:/home/amin/cobot/cobot_ws/install/mypalletizer_260:/home/amin/cobot/cobot_ws/install/mycobot_pro_450:/home/amin/cobot/cobot_ws/install/mycobot_pro450_interfaces:/home/amin/cobot/cobot_ws/install/myarm_m750:/home/amin/cobot/cobot_ws/install/myarm_c650:/home/amin/cobot/cobot_ws/install/mycobot_communication:/home/amin/cobot/cobot_ws/install/mecharm_communication:/home/amin/cobot/cobot_ws/install/mycobot_interfaces:/home/amin/cobot/cobot_ws/install/mycobot_630:/home/amin/cobot/cobot_ws/install/mycobot_600:/home/amin/cobot/cobot_ws/install/mycobot_320pi:/home/amin/cobot/cobot_ws/install/mycobot_320_riscv:/home/amin/cobot/cobot_ws/install/mycobot_320:/home/amin/cobot/cobot_ws/install/mycobot_280rdkx5_moveit2:/home/amin/cobot/cobot_ws/install/mycobot_280pi:/home/amin/cobot/cobot_ws/install/mycobot_280jn:/home/amin/cobot/cobot_ws/install/mycobot_280arduino_moveit2:/home/amin/cobot/cobot_ws/install/mycobot_280_x3pi:/home/amin/cobot/cobot_ws/install/mycobot_280_riscv:/home/amin/cobot/cobot_ws/install/mycobot_280_rdkx5:/home/amin/cobot/cobot_ws/install/mycobot_280_moveit2_control:/home/amin/cobot/cobot_ws/install/mycobot_280_moveit2:/home/amin/cobot/cobot_ws/install/mycobot_280_gazebo_jazzy:/home/amin/cobot/cobot_ws/install/mycobot_280_gazebo:/home/amin/cobot/cobot_ws/install/mycobot_280_arduino:/home/amin/cobot/cobot_ws/install/mycobot_280:/home/amin/cobot/cobot_ws/install/mybuddy:/home/amin/cobot/cobot_ws/install/myarm_300:/home/amin/cobot/cobot_ws/install/mecharm_pi:/home/amin/cobot/cobot_ws/install/mecharm:/home/amin/cobot/cobot_ws/install/mecharm_interfaces:/opt/ros/jazzy DEBUGINFOD_URLS=https://debuginfod.ubuntu.com PYTHONPATH=/home/amin/cobot/cobot_ws/build/mycobot_320/prefix_override:/usr/lib/python3/dist-packages/colcon_core/task/python/colcon_distutils_commands:/home/amin/cobot/cobot_ws/install/mycobot_320/lib/python3.12/site-packages:/home/amin/cobot/cobot_ws/install/mycobot_description/lib/python3.12/site-packages:/home/amin/cobot/cobot_ws/install/ultraarm/lib/python3.12/site-packages:/home/amin/cobot/cobot_ws/install/pro450_moveit2_control/lib/python3.12/site-packages:/home/amin/cobot/cobot_ws/install/mypalletizer_communication/lib/python3.12/site-packages:/home/amin/cobot/cobot_ws/install/mypalletizer_interfaces/lib/python3.12/site-packages:/home/amin/cobot/cobot_ws/install/mypalletizer_260_pi/lib/python3.12/site-packages:/home/amin/cobot/cobot_ws/install/mypalletizer_260/lib/python3.12/site-packages:/home/amin/cobot/cobot_ws/install/mycobot_pro_450/lib/python3.12/site-packages:/home/amin/cobot/cobot_ws/install/mycobot_pro450_interfaces/lib/python3.12/site-packages:/home/amin/cobot/cobot_ws/install/myarm_m750/lib/python3.12/site-packages:/home/amin/cobot/cobot_ws/install/myarm_c650/lib/python3.12/site-packages:/home/amin/cobot/cobot_ws/install/mycobot_communication/lib/python3.12/site-packages:/home/amin/cobot/cobot_ws/install/mecharm_communication/lib/python3.12/site-packages:/home/amin/cobot/cobot_ws/install/mycobot_interfaces/lib/python3.12/site-packages:/home/amin/cobot/cobot_ws/install/mycobot_630/lib/python3.12/site-packages:/home/amin/cobot/cobot_ws/install/mycobot_600/lib/python3.12/site-packages:/home/amin/cobot/cobot_ws/install/mycobot_320pi/lib/python3.12/site-packages:/home/amin/cobot/cobot_ws/install/mycobot_320_riscv/lib/python3.12/site-packages:/home/amin/cobot/cobot_ws/install/mycobot_320/lib/python3.12/site-packages:/home/amin/cobot/cobot_ws/install/mycobot_280pi/lib/python3.12/site-packages:/home/amin/cobot/cobot_ws/install/mycobot_280jn/lib/python3.12/site-packages:/home/amin/cobot/cobot_ws/install/mycobot_280_x3pi/lib/python3.12/site-packages:/home/amin/cobot/cobot_ws/install/mycobot_280_riscv/lib/python3.12/site-packages:/home/amin/cobot/cobot_ws/install/mycobot_280_rdkx5/lib/python3.12/site-packages:/home/amin/cobot/cobot_ws/install/mycobot_280_moveit2_control/lib/python3.12/site-packages:/home/amin/cobot/cobot_ws/install/mycobot_280_arduino/lib/python3.12/site-packages:/home/amin/cobot/cobot_ws/install/mycobot_280/lib/python3.12/site-packages:/home/amin/cobot/cobot_ws/install/mybuddy/lib/python3.12/site-packages:/home/amin/cobot/cobot_ws/install/myarm_300/lib/python3.12/site-packages:/home/amin/cobot/cobot_ws/install/mecharm_pi/lib/python3.12/site-packages:/home/amin/cobot/cobot_ws/install/mecharm/lib/python3.12/site-packages:/home/amin/cobot/cobot_ws/install/mecharm_interfaces/lib/python3.12/site-packages:/opt/ros/jazzy/lib/python3.12/site-packages /usr/bin/python3 -W ignore:setup.py install is deprecated -W ignore:easy_install command is deprecated setup.py egg_info --egg-base ../../../../build/mycobot_320 build --build-base /home/amin/cobot/cobot_ws/build/mycobot_320/build install --record /home/amin/cobot/cobot_ws/build/mycobot_320/install.log --single-version-externally-managed install_data
[7.506s] Level 1:colcon.colcon_core.environment:checking '/home/amin/cobot/cobot_ws/install/mycobot_320/lib'
[7.506s] Level 1:colcon.colcon_core.environment:checking '/home/amin/cobot/cobot_ws/install/mycobot_320/bin'
[7.506s] Level 1:colcon.colcon_core.environment:checking '/home/amin/cobot/cobot_ws/install/mycobot_320/lib/pkgconfig/mycobot_320.pc'
[7.507s] Level 1:colcon.colcon_core.environment:checking '/home/amin/cobot/cobot_ws/install/mycobot_320/lib/python3.12/site-packages'
[7.507s] Level 1:colcon.colcon_core.shell:create_environment_hook('mycobot_320', 'pythonpath')
[7.507s] INFO:colcon.colcon_core.shell:Creating environment hook '/home/amin/cobot/cobot_ws/install/mycobot_320/share/mycobot_320/hook/pythonpath.ps1'
[7.507s] INFO:colcon.colcon_core.shell:Creating environment descriptor '/home/amin/cobot/cobot_ws/install/mycobot_320/share/mycobot_320/hook/pythonpath.dsv'
[7.508s] INFO:colcon.colcon_core.shell:Creating environment hook '/home/amin/cobot/cobot_ws/install/mycobot_320/share/mycobot_320/hook/pythonpath.sh'
[7.508s] Level 1:colcon.colcon_core.environment:checking '/home/amin/cobot/cobot_ws/install/mycobot_320/bin'
[7.508s] Level 1:colcon.colcon_core.environment:create_environment_scripts_only(mycobot_320)
[7.509s] INFO:colcon.colcon_core.shell:Creating package script '/home/amin/cobot/cobot_ws/install/mycobot_320/share/mycobot_320/package.ps1'
[7.509s] INFO:colcon.colcon_core.shell:Creating package descriptor '/home/amin/cobot/cobot_ws/install/mycobot_320/share/mycobot_320/package.dsv'
[7.510s] INFO:colcon.colcon_core.shell:Creating package script '/home/amin/cobot/cobot_ws/install/mycobot_320/share/mycobot_320/package.sh'
[7.510s] INFO:colcon.colcon_core.shell:Creating package script '/home/amin/cobot/cobot_ws/install/mycobot_320/share/mycobot_320/package.bash'
[7.510s] INFO:colcon.colcon_core.shell:Creating package script '/home/amin/cobot/cobot_ws/install/mycobot_320/share/mycobot_320/package.zsh'
[7.511s] Level 1:colcon.colcon_core.environment:create_file_with_runtime_dependencies(/home/amin/cobot/cobot_ws/install/mycobot_320/share/colcon-core/packages/mycobot_320)
[7.511s] INFO:colcon.colcon_ros.task.ament_python.build:Building ROS package in '/home/amin/cobot/cobot_ws/src/mycobot_ros2/mypalletizer_260/mypalletizer_260' with build type 'ament_python'
[7.511s] Level 1:colcon.colcon_core.shell:create_environment_hook('mypalletizer_260', 'ament_prefix_path')
[7.511s] INFO:colcon.colcon_core.shell:Creating environment hook '/home/amin/cobot/cobot_ws/install/mypalletizer_260/share/mypalletizer_260/hook/ament_prefix_path.ps1'
[7.512s] INFO:colcon.colcon_core.shell:Creating environment descriptor '/home/amin/cobot/cobot_ws/install/mypalletizer_260/share/mypalletizer_260/hook/ament_prefix_path.dsv'
[7.512s] INFO:colcon.colcon_core.shell:Creating environment hook '/home/amin/cobot/cobot_ws/install/mypalletizer_260/share/mypalletizer_260/hook/ament_prefix_path.sh'
[7.513s] INFO:colcon.colcon_core.shell:Skip shell extension 'powershell' for command environment: Not usable outside of PowerShell
[7.513s] DEBUG:colcon.colcon_core.shell:Skip shell extension 'dsv' for command environment
[7.521s] INFO:colcon.colcon_ros.task.ament_python.build:Building ROS package in '/home/amin/cobot/cobot_ws/src/mycobot_ros2/mypalletizer_260/mypalletizer_260_pi' with build type 'ament_python'
[7.521s] Level 1:colcon.colcon_core.shell:create_environment_hook('mypalletizer_260_pi', 'ament_prefix_path')
[7.521s] INFO:colcon.colcon_core.shell:Creating environment hook '/home/amin/cobot/cobot_ws/install/mypalletizer_260_pi/share/mypalletizer_260_pi/hook/ament_prefix_path.ps1'
[7.522s] INFO:colcon.colcon_core.shell:Creating environment descriptor '/home/amin/cobot/cobot_ws/install/mypalletizer_260_pi/share/mypalletizer_260_pi/hook/ament_prefix_path.dsv'
[7.522s] INFO:colcon.colcon_core.shell:Creating environment hook '/home/amin/cobot/cobot_ws/install/mypalletizer_260_pi/share/mypalletizer_260_pi/hook/ament_prefix_path.sh'
[7.523s] INFO:colcon.colcon_core.shell:Skip shell extension 'powershell' for command environment: Not usable outside of PowerShell
[7.523s] DEBUG:colcon.colcon_core.shell:Skip shell extension 'dsv' for command environment
[7.530s] INFO:colcon.colcon_ros.task.ament_cmake.build:Building ROS package in '/home/amin/cobot/cobot_ws/src/mycobot_ros2/mycobot_pro/pro450_moveit2' with build type 'ament_cmake'
[7.531s] INFO:colcon.colcon_cmake.task.cmake.build:Building CMake package in '/home/amin/cobot/cobot_ws/src/mycobot_ros2/mycobot_pro/pro450_moveit2'
[7.531s] INFO:colcon.colcon_core.shell:Skip shell extension 'powershell' for command environment: Not usable outside of PowerShell
[7.531s] DEBUG:colcon.colcon_core.shell:Skip shell extension 'dsv' for command environment
[7.776s] INFO:colcon.colcon_core.task.python.build:Building Python package in '/home/amin/cobot/cobot_ws/src/mycobot_ros2/mypalletizer_260/mypalletizer_260'
[7.777s] INFO:colcon.colcon_core.shell:Skip shell extension 'powershell' for command environment: Not usable outside of PowerShell
[7.777s] DEBUG:colcon.colcon_core.shell:Skip shell extension 'dsv' for command environment
[7.956s] INFO:colcon.colcon_core.task.python.build:Building Python package in '/home/amin/cobot/cobot_ws/src/mycobot_ros2/mypalletizer_260/mypalletizer_260_pi'
[7.956s] INFO:colcon.colcon_core.shell:Skip shell extension 'powershell' for command environment: Not usable outside of PowerShell
[7.956s] DEBUG:colcon.colcon_core.shell:Skip shell extension 'dsv' for command environment
[7.963s] Level 1:colcon.colcon_core.environment:checking '/home/amin/cobot/cobot_ws/install/mycobot_320_riscv' for CMake module files
[7.963s] Level 1:colcon.colcon_core.environment:checking '/home/amin/cobot/cobot_ws/install/mycobot_320_riscv' for CMake config files
[7.964s] DEBUG:colcon.colcon_core.event_handler.log_command:Invoking command in '/home/amin/cobot/cobot_ws/build/pro450_moveit2': AMENT_PREFIX_PATH=/home/amin/cobot/cobot_ws/install/mycobot_description:/home/amin/cobot/cobot_ws/install/ultraarm:/home/amin/cobot/cobot_ws/install/pro450_moveit2_control:/home/amin/cobot/cobot_ws/install/pro450_moveit2:/home/amin/cobot/cobot_ws/install/mypalletizer_communication:/home/amin/cobot/cobot_ws/install/mypalletizer_interfaces:/home/amin/cobot/cobot_ws/install/mypalletizer_260_pi:/home/amin/cobot/cobot_ws/install/mypalletizer_260:/home/amin/cobot/cobot_ws/install/mycobot_pro_450:/home/amin/cobot/cobot_ws/install/mycobot_pro450_interfaces:/home/amin/cobot/cobot_ws/install/myarm_m750:/home/amin/cobot/cobot_ws/install/myarm_c650:/home/amin/cobot/cobot_ws/install/mycobot_communication:/home/amin/cobot/cobot_ws/install/mecharm_communication:/home/amin/cobot/cobot_ws/install/mycobot_interfaces:/home/amin/cobot/cobot_ws/install/mycobot_630:/home/amin/cobot/cobot_ws/install/mycobot_600:/home/amin/cobot/cobot_ws/install/mycobot_320pi:/home/amin/cobot/cobot_ws/install/mycobot_320_riscv:/home/amin/cobot/cobot_ws/install/mycobot_320:/home/amin/cobot/cobot_ws/install/mycobot_280rdkx5_moveit2:/home/amin/cobot/cobot_ws/install/mycobot_280pi:/home/amin/cobot/cobot_ws/install/mycobot_280jn:/home/amin/cobot/cobot_ws/install/mycobot_280arduino_moveit2:/home/amin/cobot/cobot_ws/install/mycobot_280_x3pi:/home/amin/cobot/cobot_ws/install/mycobot_280_riscv:/home/amin/cobot/cobot_ws/install/mycobot_280_rdkx5:/home/amin/cobot/cobot_ws/install/mycobot_280_moveit2_control:/home/amin/cobot/cobot_ws/install/mycobot_280_moveit2:/home/amin/cobot/cobot_ws/install/mycobot_280_gazebo_jazzy:/home/amin/cobot/cobot_ws/install/mycobot_280_gazebo:/home/amin/cobot/cobot_ws/install/mycobot_280_arduino:/home/amin/cobot/cobot_ws/install/mycobot_280:/home/amin/cobot/cobot_ws/install/mybuddy:/home/amin/cobot/cobot_ws/install/myarm_300:/home/amin/cobot/cobot_ws/install/mecharm_pi:/home/amin/cobot/cobot_ws/install/mecharm:/home/amin/cobot/cobot_ws/install/mecharm_interfaces:/opt/ros/jazzy CMAKE_PREFIX_PATH=${CMAKE_PREFIX_PATH}:/home/amin/cobot/cobot_ws/install/ultraarm:/home/amin/cobot/cobot_ws/install/pro450_moveit2_control:/home/amin/cobot/cobot_ws/install/mypalletizer_communication:/home/amin/cobot/cobot_ws/install/mypalletizer_260_pi:/home/amin/cobot/cobot_ws/install/mypalletizer_260:/home/amin/cobot/cobot_ws/install/mycobot_pro_450:/home/amin/cobot/cobot_ws/install/myarm_m750:/home/amin/cobot/cobot_ws/install/myarm_c650:/home/amin/cobot/cobot_ws/install/mycobot_communication:/home/amin/cobot/cobot_ws/install/mecharm_communication:/home/amin/cobot/cobot_ws/install/mycobot_630:/home/amin/cobot/cobot_ws/install/mycobot_600:/home/amin/cobot/cobot_ws/install/mycobot_320pi:/home/amin/cobot/cobot_ws/install/mycobot_320_riscv:/home/amin/cobot/cobot_ws/install/mycobot_320:/home/amin/cobot/cobot_ws/install/mycobot_280pi:/home/amin/cobot/cobot_ws/install/mycobot_280jn:/home/amin/cobot/cobot_ws/install/mycobot_280_x3pi:/home/amin/cobot/cobot_ws/install/mycobot_280_riscv:/home/amin/cobot/cobot_ws/install/mycobot_280_rdkx5:/home/amin/cobot/cobot_ws/install/mycobot_280_moveit2_control:/home/amin/cobot/cobot_ws/install/mycobot_280_arduino:/home/amin/cobot/cobot_ws/install/mycobot_280:/home/amin/cobot/cobot_ws/install/mybuddy:/home/amin/cobot/cobot_ws/install/myarm_300:/home/amin/cobot/cobot_ws/install/mecharm_pi:/home/amin/cobot/cobot_ws/install/mecharm:/home/amin/cobot/cobot_ws/install/mycobot_description:/opt/ros/jazzy DEBUGINFOD_URLS=https://debuginfod.ubuntu.com PYTHONPATH=/home/amin/cobot/cobot_ws/install/mycobot_description/lib/python3.12/site-packages:/home/amin/cobot/cobot_ws/install/ultraarm/lib/python3.12/site-packages:/home/amin/cobot/cobot_ws/install/pro450_moveit2_control/lib/python3.12/site-packages:/home/amin/cobot/cobot_ws/install/mypalletizer_communication/lib/python3.12/site-packages:/home/amin/cobot/cobot_ws/install/mypalletizer_interfaces/lib/python3.12/site-packages:/home/amin/cobot/cobot_ws/install/mypalletizer_260_pi/lib/python3.12/site-packages:/home/amin/cobot/cobot_ws/install/mypalletizer_260/lib/python3.12/site-packages:/home/amin/cobot/cobot_ws/install/mycobot_pro_450/lib/python3.12/site-packages:/home/amin/cobot/cobot_ws/install/mycobot_pro450_interfaces/lib/python3.12/site-packages:/home/amin/cobot/cobot_ws/install/myarm_m750/lib/python3.12/site-packages:/home/amin/cobot/cobot_ws/install/myarm_c650/lib/python3.12/site-packages:/home/amin/cobot/cobot_ws/install/mycobot_communication/lib/python3.12/site-packages:/home/amin/cobot/cobot_ws/install/mecharm_communication/lib/python3.12/site-packages:/home/amin/cobot/cobot_ws/install/mycobot_interfaces/lib/python3.12/site-packages:/home/amin/cobot/cobot_ws/install/mycobot_630/lib/python3.12/site-packages:/home/amin/cobot/cobot_ws/install/mycobot_600/lib/python3.12/site-packages:/home/amin/cobot/cobot_ws/install/mycobot_320pi/lib/python3.12/site-packages:/home/amin/cobot/cobot_ws/install/mycobot_320_riscv/lib/python3.12/site-packages:/home/amin/cobot/cobot_ws/install/mycobot_320/lib/python3.12/site-packages:/home/amin/cobot/cobot_ws/install/mycobot_280pi/lib/python3.12/site-packages:/home/amin/cobot/cobot_ws/install/mycobot_280jn/lib/python3.12/site-packages:/home/amin/cobot/cobot_ws/install/mycobot_280_x3pi/lib/python3.12/site-packages:/home/amin/cobot/cobot_ws/install/mycobot_280_riscv/lib/python3.12/site-packages:/home/amin/cobot/cobot_ws/install/mycobot_280_rdkx5/lib/python3.12/site-packages:/home/amin/cobot/cobot_ws/install/mycobot_280_moveit2_control/lib/python3.12/site-packages:/home/amin/cobot/cobot_ws/install/mycobot_280_arduino/lib/python3.12/site-packages:/home/amin/cobot/cobot_ws/install/mycobot_280/lib/python3.12/site-packages:/home/amin/cobot/cobot_ws/install/mybuddy/lib/python3.12/site-packages:/home/amin/cobot/cobot_ws/install/myarm_300/lib/python3.12/site-packages:/home/amin/cobot/cobot_ws/install/mecharm_pi/lib/python3.12/site-packages:/home/amin/cobot/cobot_ws/install/mecharm/lib/python3.12/site-packages:/home/amin/cobot/cobot_ws/install/mecharm_interfaces/lib/python3.12/site-packages:/opt/ros/jazzy/lib/python3.12/site-packages /usr/bin/cmake --build /home/amin/cobot/cobot_ws/build/pro450_moveit2 -- -j8 -l8
[7.964s] DEBUG:colcon.colcon_core.event_handler.log_command:Invoked command in '/home/amin/cobot/cobot_ws/src/mycobot_ros2/mycobot_320/mycobot_320_riscv' returned '0': AMENT_PREFIX_PATH=/home/amin/cobot/cobot_ws/install/mycobot_description:/home/amin/cobot/cobot_ws/install/ultraarm:/home/amin/cobot/cobot_ws/install/pro450_moveit2_control:/home/amin/cobot/cobot_ws/install/pro450_moveit2:/home/amin/cobot/cobot_ws/install/mypalletizer_communication:/home/amin/cobot/cobot_ws/install/mypalletizer_interfaces:/home/amin/cobot/cobot_ws/install/mypalletizer_260_pi:/home/amin/cobot/cobot_ws/install/mypalletizer_260:/home/amin/cobot/cobot_ws/install/mycobot_pro_450:/home/amin/cobot/cobot_ws/install/mycobot_pro450_interfaces:/home/amin/cobot/cobot_ws/install/myarm_m750:/home/amin/cobot/cobot_ws/install/myarm_c650:/home/amin/cobot/cobot_ws/install/mycobot_communication:/home/amin/cobot/cobot_ws/install/mecharm_communication:/home/amin/cobot/cobot_ws/install/mycobot_interfaces:/home/amin/cobot/cobot_ws/install/mycobot_630:/home/amin/cobot/cobot_ws/install/mycobot_600:/home/amin/cobot/cobot_ws/install/mycobot_320pi:/home/amin/cobot/cobot_ws/install/mycobot_320_riscv:/home/amin/cobot/cobot_ws/install/mycobot_320:/home/amin/cobot/cobot_ws/install/mycobot_280rdkx5_moveit2:/home/amin/cobot/cobot_ws/install/mycobot_280pi:/home/amin/cobot/cobot_ws/install/mycobot_280jn:/home/amin/cobot/cobot_ws/install/mycobot_280arduino_moveit2:/home/amin/cobot/cobot_ws/install/mycobot_280_x3pi:/home/amin/cobot/cobot_ws/install/mycobot_280_riscv:/home/amin/cobot/cobot_ws/install/mycobot_280_rdkx5:/home/amin/cobot/cobot_ws/install/mycobot_280_moveit2_control:/home/amin/cobot/cobot_ws/install/mycobot_280_moveit2:/home/amin/cobot/cobot_ws/install/mycobot_280_gazebo_jazzy:/home/amin/cobot/cobot_ws/install/mycobot_280_gazebo:/home/amin/cobot/cobot_ws/install/mycobot_280_arduino:/home/amin/cobot/cobot_ws/install/mycobot_280:/home/amin/cobot/cobot_ws/install/mybuddy:/home/amin/cobot/cobot_ws/install/myarm_300:/home/amin/cobot/cobot_ws/install/mecharm_pi:/home/amin/cobot/cobot_ws/install/mecharm:/home/amin/cobot/cobot_ws/install/mecharm_interfaces:/opt/ros/jazzy DEBUGINFOD_URLS=https://debuginfod.ubuntu.com PYTHONPATH=/home/amin/cobot/cobot_ws/build/mycobot_320_riscv/prefix_override:/usr/lib/python3/dist-packages/colcon_core/task/python/colcon_distutils_commands:/home/amin/cobot/cobot_ws/install/mycobot_320_riscv/lib/python3.12/site-packages:/home/amin/cobot/cobot_ws/install/mycobot_description/lib/python3.12/site-packages:/home/amin/cobot/cobot_ws/install/ultraarm/lib/python3.12/site-packages:/home/amin/cobot/cobot_ws/install/pro450_moveit2_control/lib/python3.12/site-packages:/home/amin/cobot/cobot_ws/install/mypalletizer_communication/lib/python3.12/site-packages:/home/amin/cobot/cobot_ws/install/mypalletizer_interfaces/lib/python3.12/site-packages:/home/amin/cobot/cobot_ws/install/mypalletizer_260_pi/lib/python3.12/site-packages:/home/amin/cobot/cobot_ws/install/mypalletizer_260/lib/python3.12/site-packages:/home/amin/cobot/cobot_ws/install/mycobot_pro_450/lib/python3.12/site-packages:/home/amin/cobot/cobot_ws/install/mycobot_pro450_interfaces/lib/python3.12/site-packages:/home/amin/cobot/cobot_ws/install/myarm_m750/lib/python3.12/site-packages:/home/amin/cobot/cobot_ws/install/myarm_c650/lib/python3.12/site-packages:/home/amin/cobot/cobot_ws/install/mycobot_communication/lib/python3.12/site-packages:/home/amin/cobot/cobot_ws/install/mecharm_communication/lib/python3.12/site-packages:/home/amin/cobot/cobot_ws/install/mycobot_interfaces/lib/python3.12/site-packages:/home/amin/cobot/cobot_ws/install/mycobot_630/lib/python3.12/site-packages:/home/amin/cobot/cobot_ws/install/mycobot_600/lib/python3.12/site-packages:/home/amin/cobot/cobot_ws/install/mycobot_320pi/lib/python3.12/site-packages:/home/amin/cobot/cobot_ws/install/mycobot_320_riscv/lib/python3.12/site-packages:/home/amin/cobot/cobot_ws/install/mycobot_320/lib/python3.12/site-packages:/home/amin/cobot/cobot_ws/install/mycobot_280pi/lib/python3.12/site-packages:/home/amin/cobot/cobot_ws/install/mycobot_280jn/lib/python3.12/site-packages:/home/amin/cobot/cobot_ws/install/mycobot_280_x3pi/lib/python3.12/site-packages:/home/amin/cobot/cobot_ws/install/mycobot_280_riscv/lib/python3.12/site-packages:/home/amin/cobot/cobot_ws/install/mycobot_280_rdkx5/lib/python3.12/site-packages:/home/amin/cobot/cobot_ws/install/mycobot_280_moveit2_control/lib/python3.12/site-packages:/home/amin/cobot/cobot_ws/install/mycobot_280_arduino/lib/python3.12/site-packages:/home/amin/cobot/cobot_ws/install/mycobot_280/lib/python3.12/site-packages:/home/amin/cobot/cobot_ws/install/mybuddy/lib/python3.12/site-packages:/home/amin/cobot/cobot_ws/install/myarm_300/lib/python3.12/site-packages:/home/amin/cobot/cobot_ws/install/mecharm_pi/lib/python3.12/site-packages:/home/amin/cobot/cobot_ws/install/mecharm/lib/python3.12/site-packages:/home/amin/cobot/cobot_ws/install/mecharm_interfaces/lib/python3.12/site-packages:/opt/ros/jazzy/lib/python3.12/site-packages /usr/bin/python3 -W ignore:setup.py install is deprecated -W ignore:easy_install command is deprecated setup.py egg_info --egg-base ../../../../build/mycobot_320_riscv build --build-base /home/amin/cobot/cobot_ws/build/mycobot_320_riscv/build install --record /home/amin/cobot/cobot_ws/build/mycobot_320_riscv/install.log --single-version-externally-managed install_data
[7.964s] Level 1:colcon.colcon_core.environment:checking '/home/amin/cobot/cobot_ws/install/mycobot_320_riscv/lib'
[7.965s] Level 1:colcon.colcon_core.environment:checking '/home/amin/cobot/cobot_ws/install/mycobot_320_riscv/bin'
[7.965s] Level 1:colcon.colcon_core.environment:checking '/home/amin/cobot/cobot_ws/install/mycobot_320_riscv/lib/pkgconfig/mycobot_320_riscv.pc'
[7.965s] Level 1:colcon.colcon_core.environment:checking '/home/amin/cobot/cobot_ws/install/mycobot_320_riscv/lib/python3.12/site-packages'
[7.965s] Level 1:colcon.colcon_core.shell:create_environment_hook('mycobot_320_riscv', 'pythonpath')
[7.965s] INFO:colcon.colcon_core.shell:Creating environment hook '/home/amin/cobot/cobot_ws/install/mycobot_320_riscv/share/mycobot_320_riscv/hook/pythonpath.ps1'
[7.965s] INFO:colcon.colcon_core.shell:Creating environment descriptor '/home/amin/cobot/cobot_ws/install/mycobot_320_riscv/share/mycobot_320_riscv/hook/pythonpath.dsv'
[7.966s] INFO:colcon.colcon_core.shell:Creating environment hook '/home/amin/cobot/cobot_ws/install/mycobot_320_riscv/share/mycobot_320_riscv/hook/pythonpath.sh'
[7.966s] Level 1:colcon.colcon_core.environment:checking '/home/amin/cobot/cobot_ws/install/mycobot_320_riscv/bin'
[7.966s] Level 1:colcon.colcon_core.environment:create_environment_scripts_only(mycobot_320_riscv)
[7.966s] INFO:colcon.colcon_core.shell:Creating package script '/home/amin/cobot/cobot_ws/install/mycobot_320_riscv/share/mycobot_320_riscv/package.ps1'
[7.967s] INFO:colcon.colcon_core.shell:Creating package descriptor '/home/amin/cobot/cobot_ws/install/mycobot_320_riscv/share/mycobot_320_riscv/package.dsv'
[7.967s] INFO:colcon.colcon_core.shell:Creating package script '/home/amin/cobot/cobot_ws/install/mycobot_320_riscv/share/mycobot_320_riscv/package.sh'
[7.967s] INFO:colcon.colcon_core.shell:Creating package script '/home/amin/cobot/cobot_ws/install/mycobot_320_riscv/share/mycobot_320_riscv/package.bash'
[7.968s] INFO:colcon.colcon_core.shell:Creating package script '/home/amin/cobot/cobot_ws/install/mycobot_320_riscv/share/mycobot_320_riscv/package.zsh'
[7.968s] Level 1:colcon.colcon_core.environment:create_file_with_runtime_dependencies(/home/amin/cobot/cobot_ws/install/mycobot_320_riscv/share/colcon-core/packages/mycobot_320_riscv)
[7.970s] Level 1:colcon.colcon_core.environment:checking '/home/amin/cobot/cobot_ws/install/mycobot_320pi' for CMake module files
[7.971s] Level 1:colcon.colcon_core.environment:checking '/home/amin/cobot/cobot_ws/install/mycobot_320pi' for CMake config files
[7.971s] DEBUG:colcon.colcon_core.event_handler.log_command:Invoking command in '/home/amin/cobot/cobot_ws/src/mycobot_ros2/mycobot_pro/mycobot_630': AMENT_PREFIX_PATH=/home/amin/cobot/cobot_ws/install/mycobot_description:/home/amin/cobot/cobot_ws/install/ultraarm:/home/amin/cobot/cobot_ws/install/pro450_moveit2_control:/home/amin/cobot/cobot_ws/install/pro450_moveit2:/home/amin/cobot/cobot_ws/install/mypalletizer_communication:/home/amin/cobot/cobot_ws/install/mypalletizer_interfaces:/home/amin/cobot/cobot_ws/install/mypalletizer_260_pi:/home/amin/cobot/cobot_ws/install/mypalletizer_260:/home/amin/cobot/cobot_ws/install/mycobot_pro_450:/home/amin/cobot/cobot_ws/install/mycobot_pro450_interfaces:/home/amin/cobot/cobot_ws/install/myarm_m750:/home/amin/cobot/cobot_ws/install/myarm_c650:/home/amin/cobot/cobot_ws/install/mycobot_communication:/home/amin/cobot/cobot_ws/install/mecharm_communication:/home/amin/cobot/cobot_ws/install/mycobot_interfaces:/home/amin/cobot/cobot_ws/install/mycobot_630:/home/amin/cobot/cobot_ws/install/mycobot_600:/home/amin/cobot/cobot_ws/install/mycobot_320pi:/home/amin/cobot/cobot_ws/install/mycobot_320_riscv:/home/amin/cobot/cobot_ws/install/mycobot_320:/home/amin/cobot/cobot_ws/install/mycobot_280rdkx5_moveit2:/home/amin/cobot/cobot_ws/install/mycobot_280pi:/home/amin/cobot/cobot_ws/install/mycobot_280jn:/home/amin/cobot/cobot_ws/install/mycobot_280arduino_moveit2:/home/amin/cobot/cobot_ws/install/mycobot_280_x3pi:/home/amin/cobot/cobot_ws/install/mycobot_280_riscv:/home/amin/cobot/cobot_ws/install/mycobot_280_rdkx5:/home/amin/cobot/cobot_ws/install/mycobot_280_moveit2_control:/home/amin/cobot/cobot_ws/install/mycobot_280_moveit2:/home/amin/cobot/cobot_ws/install/mycobot_280_gazebo_jazzy:/home/amin/cobot/cobot_ws/install/mycobot_280_gazebo:/home/amin/cobot/cobot_ws/install/mycobot_280_arduino:/home/amin/cobot/cobot_ws/install/mycobot_280:/home/amin/cobot/cobot_ws/install/mybuddy:/home/amin/cobot/cobot_ws/install/myarm_300:/home/amin/cobot/cobot_ws/install/mecharm_pi:/home/amin/cobot/cobot_ws/install/mecharm:/home/amin/cobot/cobot_ws/install/mecharm_interfaces:/opt/ros/jazzy DEBUGINFOD_URLS=https://debuginfod.ubuntu.com PYTHONPATH=/home/amin/cobot/cobot_ws/build/mycobot_630/prefix_override:/usr/lib/python3/dist-packages/colcon_core/task/python/colcon_distutils_commands:/home/amin/cobot/cobot_ws/install/mycobot_630/lib/python3.12/site-packages:/home/amin/cobot/cobot_ws/install/mycobot_description/lib/python3.12/site-packages:/home/amin/cobot/cobot_ws/install/ultraarm/lib/python3.12/site-packages:/home/amin/cobot/cobot_ws/install/pro450_moveit2_control/lib/python3.12/site-packages:/home/amin/cobot/cobot_ws/install/mypalletizer_communication/lib/python3.12/site-packages:/home/amin/cobot/cobot_ws/install/mypalletizer_interfaces/lib/python3.12/site-packages:/home/amin/cobot/cobot_ws/install/mypalletizer_260_pi/lib/python3.12/site-packages:/home/amin/cobot/cobot_ws/install/mypalletizer_260/lib/python3.12/site-packages:/home/amin/cobot/cobot_ws/install/mycobot_pro_450/lib/python3.12/site-packages:/home/amin/cobot/cobot_ws/install/mycobot_pro450_interfaces/lib/python3.12/site-packages:/home/amin/cobot/cobot_ws/install/myarm_m750/lib/python3.12/site-packages:/home/amin/cobot/cobot_ws/install/myarm_c650/lib/python3.12/site-packages:/home/amin/cobot/cobot_ws/install/mycobot_communication/lib/python3.12/site-packages:/home/amin/cobot/cobot_ws/install/mecharm_communication/lib/python3.12/site-packages:/home/amin/cobot/cobot_ws/install/mycobot_interfaces/lib/python3.12/site-packages:/home/amin/cobot/cobot_ws/install/mycobot_630/lib/python3.12/site-packages:/home/amin/cobot/cobot_ws/install/mycobot_600/lib/python3.12/site-packages:/home/amin/cobot/cobot_ws/install/mycobot_320pi/lib/python3.12/site-packages:/home/amin/cobot/cobot_ws/install/mycobot_320_riscv/lib/python3.12/site-packages:/home/amin/cobot/cobot_ws/install/mycobot_320/lib/python3.12/site-packages:/home/amin/cobot/cobot_ws/install/mycobot_280pi/lib/python3.12/site-packages:/home/amin/cobot/cobot_ws/install/mycobot_280jn/lib/python3.12/site-packages:/home/amin/cobot/cobot_ws/install/mycobot_280_x3pi/lib/python3.12/site-packages:/home/amin/cobot/cobot_ws/install/mycobot_280_riscv/lib/python3.12/site-packages:/home/amin/cobot/cobot_ws/install/mycobot_280_rdkx5/lib/python3.12/site-packages:/home/amin/cobot/cobot_ws/install/mycobot_280_moveit2_control/lib/python3.12/site-packages:/home/amin/cobot/cobot_ws/install/mycobot_280_arduino/lib/python3.12/site-packages:/home/amin/cobot/cobot_ws/install/mycobot_280/lib/python3.12/site-packages:/home/amin/cobot/cobot_ws/install/mybuddy/lib/python3.12/site-packages:/home/amin/cobot/cobot_ws/install/myarm_300/lib/python3.12/site-packages:/home/amin/cobot/cobot_ws/install/mecharm_pi/lib/python3.12/site-packages:/home/amin/cobot/cobot_ws/install/mecharm/lib/python3.12/site-packages:/home/amin/cobot/cobot_ws/install/mecharm_interfaces/lib/python3.12/site-packages:/opt/ros/jazzy/lib/python3.12/site-packages /usr/bin/python3 -W ignore:setup.py install is deprecated -W ignore:easy_install command is deprecated setup.py egg_info --egg-base ../../../../build/mycobot_630 build --build-base /home/amin/cobot/cobot_ws/build/mycobot_630/build install --record /home/amin/cobot/cobot_ws/build/mycobot_630/install.log --single-version-externally-managed install_data
[7.971s] DEBUG:colcon.colcon_core.event_handler.log_command:Invoked command in '/home/amin/cobot/cobot_ws/src/mycobot_ros2/mycobot_320/mycobot_320pi' returned '0': AMENT_PREFIX_PATH=/home/amin/cobot/cobot_ws/install/mycobot_description:/home/amin/cobot/cobot_ws/install/ultraarm:/home/amin/cobot/cobot_ws/install/pro450_moveit2_control:/home/amin/cobot/cobot_ws/install/pro450_moveit2:/home/amin/cobot/cobot_ws/install/mypalletizer_communication:/home/amin/cobot/cobot_ws/install/mypalletizer_interfaces:/home/amin/cobot/cobot_ws/install/mypalletizer_260_pi:/home/amin/cobot/cobot_ws/install/mypalletizer_260:/home/amin/cobot/cobot_ws/install/mycobot_pro_450:/home/amin/cobot/cobot_ws/install/mycobot_pro450_interfaces:/home/amin/cobot/cobot_ws/install/myarm_m750:/home/amin/cobot/cobot_ws/install/myarm_c650:/home/amin/cobot/cobot_ws/install/mycobot_communication:/home/amin/cobot/cobot_ws/install/mecharm_communication:/home/amin/cobot/cobot_ws/install/mycobot_interfaces:/home/amin/cobot/cobot_ws/install/mycobot_630:/home/amin/cobot/cobot_ws/install/mycobot_600:/home/amin/cobot/cobot_ws/install/mycobot_320pi:/home/amin/cobot/cobot_ws/install/mycobot_320_riscv:/home/amin/cobot/cobot_ws/install/mycobot_320:/home/amin/cobot/cobot_ws/install/mycobot_280rdkx5_moveit2:/home/amin/cobot/cobot_ws/install/mycobot_280pi:/home/amin/cobot/cobot_ws/install/mycobot_280jn:/home/amin/cobot/cobot_ws/install/mycobot_280arduino_moveit2:/home/amin/cobot/cobot_ws/install/mycobot_280_x3pi:/home/amin/cobot/cobot_ws/install/mycobot_280_riscv:/home/amin/cobot/cobot_ws/install/mycobot_280_rdkx5:/home/amin/cobot/cobot_ws/install/mycobot_280_moveit2_control:/home/amin/cobot/cobot_ws/install/mycobot_280_moveit2:/home/amin/cobot/cobot_ws/install/mycobot_280_gazebo_jazzy:/home/amin/cobot/cobot_ws/install/mycobot_280_gazebo:/home/amin/cobot/cobot_ws/install/mycobot_280_arduino:/home/amin/cobot/cobot_ws/install/mycobot_280:/home/amin/cobot/cobot_ws/install/mybuddy:/home/amin/cobot/cobot_ws/install/myarm_300:/home/amin/cobot/cobot_ws/install/mecharm_pi:/home/amin/cobot/cobot_ws/install/mecharm:/home/amin/cobot/cobot_ws/install/mecharm_interfaces:/opt/ros/jazzy DEBUGINFOD_URLS=https://debuginfod.ubuntu.com PYTHONPATH=/home/amin/cobot/cobot_ws/build/mycobot_320pi/prefix_override:/usr/lib/python3/dist-packages/colcon_core/task/python/colcon_distutils_commands:/home/amin/cobot/cobot_ws/install/mycobot_320pi/lib/python3.12/site-packages:/home/amin/cobot/cobot_ws/install/mycobot_description/lib/python3.12/site-packages:/home/amin/cobot/cobot_ws/install/ultraarm/lib/python3.12/site-packages:/home/amin/cobot/cobot_ws/install/pro450_moveit2_control/lib/python3.12/site-packages:/home/amin/cobot/cobot_ws/install/mypalletizer_communication/lib/python3.12/site-packages:/home/amin/cobot/cobot_ws/install/mypalletizer_interfaces/lib/python3.12/site-packages:/home/amin/cobot/cobot_ws/install/mypalletizer_260_pi/lib/python3.12/site-packages:/home/amin/cobot/cobot_ws/install/mypalletizer_260/lib/python3.12/site-packages:/home/amin/cobot/cobot_ws/install/mycobot_pro_450/lib/python3.12/site-packages:/home/amin/cobot/cobot_ws/install/mycobot_pro450_interfaces/lib/python3.12/site-packages:/home/amin/cobot/cobot_ws/install/myarm_m750/lib/python3.12/site-packages:/home/amin/cobot/cobot_ws/install/myarm_c650/lib/python3.12/site-packages:/home/amin/cobot/cobot_ws/install/mycobot_communication/lib/python3.12/site-packages:/home/amin/cobot/cobot_ws/install/mecharm_communication/lib/python3.12/site-packages:/home/amin/cobot/cobot_ws/install/mycobot_interfaces/lib/python3.12/site-packages:/home/amin/cobot/cobot_ws/install/mycobot_630/lib/python3.12/site-packages:/home/amin/cobot/cobot_ws/install/mycobot_600/lib/python3.12/site-packages:/home/amin/cobot/cobot_ws/install/mycobot_320pi/lib/python3.12/site-packages:/home/amin/cobot/cobot_ws/install/mycobot_320_riscv/lib/python3.12/site-packages:/home/amin/cobot/cobot_ws/install/mycobot_320/lib/python3.12/site-packages:/home/amin/cobot/cobot_ws/install/mycobot_280pi/lib/python3.12/site-packages:/home/amin/cobot/cobot_ws/install/mycobot_280jn/lib/python3.12/site-packages:/home/amin/cobot/cobot_ws/install/mycobot_280_x3pi/lib/python3.12/site-packages:/home/amin/cobot/cobot_ws/install/mycobot_280_riscv/lib/python3.12/site-packages:/home/amin/cobot/cobot_ws/install/mycobot_280_rdkx5/lib/python3.12/site-packages:/home/amin/cobot/cobot_ws/install/mycobot_280_moveit2_control/lib/python3.12/site-packages:/home/amin/cobot/cobot_ws/install/mycobot_280_arduino/lib/python3.12/site-packages:/home/amin/cobot/cobot_ws/install/mycobot_280/lib/python3.12/site-packages:/home/amin/cobot/cobot_ws/install/mybuddy/lib/python3.12/site-packages:/home/amin/cobot/cobot_ws/install/myarm_300/lib/python3.12/site-packages:/home/amin/cobot/cobot_ws/install/mecharm_pi/lib/python3.12/site-packages:/home/amin/cobot/cobot_ws/install/mecharm/lib/python3.12/site-packages:/home/amin/cobot/cobot_ws/install/mecharm_interfaces/lib/python3.12/site-packages:/opt/ros/jazzy/lib/python3.12/site-packages /usr/bin/python3 -W ignore:setup.py install is deprecated -W ignore:easy_install command is deprecated setup.py egg_info --egg-base ../../../../build/mycobot_320pi build --build-base /home/amin/cobot/cobot_ws/build/mycobot_320pi/build install --record /home/amin/cobot/cobot_ws/build/mycobot_320pi/install.log --single-version-externally-managed install_data
[7.972s] Level 1:colcon.colcon_core.environment:checking '/home/amin/cobot/cobot_ws/install/mycobot_320pi/lib'
[7.972s] Level 1:colcon.colcon_core.environment:checking '/home/amin/cobot/cobot_ws/install/mycobot_320pi/bin'
[7.972s] Level 1:colcon.colcon_core.environment:checking '/home/amin/cobot/cobot_ws/install/mycobot_320pi/lib/pkgconfig/mycobot_320pi.pc'
[7.972s] Level 1:colcon.colcon_core.environment:checking '/home/amin/cobot/cobot_ws/install/mycobot_320pi/lib/python3.12/site-packages'
[7.972s] Level 1:colcon.colcon_core.shell:create_environment_hook('mycobot_320pi', 'pythonpath')
[7.973s] INFO:colcon.colcon_core.shell:Creating environment hook '/home/amin/cobot/cobot_ws/install/mycobot_320pi/share/mycobot_320pi/hook/pythonpath.ps1'
[7.973s] INFO:colcon.colcon_core.shell:Creating environment descriptor '/home/amin/cobot/cobot_ws/install/mycobot_320pi/share/mycobot_320pi/hook/pythonpath.dsv'
[7.973s] INFO:colcon.colcon_core.shell:Creating environment hook '/home/amin/cobot/cobot_ws/install/mycobot_320pi/share/mycobot_320pi/hook/pythonpath.sh'
[7.974s] Level 1:colcon.colcon_core.environment:checking '/home/amin/cobot/cobot_ws/install/mycobot_320pi/bin'
[7.974s] Level 1:colcon.colcon_core.environment:create_environment_scripts_only(mycobot_320pi)
[7.974s] INFO:colcon.colcon_core.shell:Creating package script '/home/amin/cobot/cobot_ws/install/mycobot_320pi/share/mycobot_320pi/package.ps1'
[7.975s] INFO:colcon.colcon_core.shell:Creating package descriptor '/home/amin/cobot/cobot_ws/install/mycobot_320pi/share/mycobot_320pi/package.dsv'
[7.975s] INFO:colcon.colcon_core.shell:Creating package script '/home/amin/cobot/cobot_ws/install/mycobot_320pi/share/mycobot_320pi/package.sh'
[7.976s] INFO:colcon.colcon_core.shell:Creating package script '/home/amin/cobot/cobot_ws/install/mycobot_320pi/share/mycobot_320pi/package.bash'
[7.976s] INFO:colcon.colcon_core.shell:Creating package script '/home/amin/cobot/cobot_ws/install/mycobot_320pi/share/mycobot_320pi/package.zsh'
[7.976s] Level 1:colcon.colcon_core.environment:create_file_with_runtime_dependencies(/home/amin/cobot/cobot_ws/install/mycobot_320pi/share/colcon-core/packages/mycobot_320pi)
[7.977s] INFO:colcon.colcon_ros.task.ament_python.build:Building ROS package in '/home/amin/cobot/cobot_ws/src/mycobot_ros2/mycobot_pro/pro450_moveit2_control' with build type 'ament_python'
[7.977s] Level 1:colcon.colcon_core.shell:create_environment_hook('pro450_moveit2_control', 'ament_prefix_path')
[7.978s] INFO:colcon.colcon_core.shell:Creating environment hook '/home/amin/cobot/cobot_ws/install/pro450_moveit2_control/share/pro450_moveit2_control/hook/ament_prefix_path.ps1'
[7.978s] INFO:colcon.colcon_core.shell:Creating environment descriptor '/home/amin/cobot/cobot_ws/install/pro450_moveit2_control/share/pro450_moveit2_control/hook/ament_prefix_path.dsv'
[7.978s] INFO:colcon.colcon_core.shell:Creating environment hook '/home/amin/cobot/cobot_ws/install/pro450_moveit2_control/share/pro450_moveit2_control/hook/ament_prefix_path.sh'
[7.979s] INFO:colcon.colcon_core.shell:Skip shell extension 'powershell' for command environment: Not usable outside of PowerShell
[7.979s] DEBUG:colcon.colcon_core.shell:Skip shell extension 'dsv' for command environment
[7.985s] INFO:colcon.colcon_ros.task.ament_python.build:Building ROS package in '/home/amin/cobot/cobot_ws/src/mycobot_ros2/ultraArm/ultraarm' with build type 'ament_python'
[7.985s] Level 1:colcon.colcon_core.shell:create_environment_hook('ultraarm', 'ament_prefix_path')
[7.986s] INFO:colcon.colcon_core.shell:Creating environment hook '/home/amin/cobot/cobot_ws/install/ultraarm/share/ultraarm/hook/ament_prefix_path.ps1'
[7.986s] INFO:colcon.colcon_core.shell:Creating environment descriptor '/home/amin/cobot/cobot_ws/install/ultraarm/share/ultraarm/hook/ament_prefix_path.dsv'
[7.987s] INFO:colcon.colcon_core.shell:Creating environment hook '/home/amin/cobot/cobot_ws/install/ultraarm/share/ultraarm/hook/ament_prefix_path.sh'
[7.987s] INFO:colcon.colcon_core.shell:Skip shell extension 'powershell' for command environment: Not usable outside of PowerShell
[7.987s] DEBUG:colcon.colcon_core.shell:Skip shell extension 'dsv' for command environment
[7.998s] Level 1:colcon.colcon_core.environment:checking '/home/amin/cobot/cobot_ws/install/mycobot_600' for CMake module files
[7.999s] DEBUG:colcon.colcon_core.event_handler.log_command:Invoked command in '/home/amin/cobot/cobot_ws/src/mycobot_ros2/mycobot_pro/mycobot_600' returned '0': AMENT_PREFIX_PATH=/home/amin/cobot/cobot_ws/install/mycobot_description:/home/amin/cobot/cobot_ws/install/ultraarm:/home/amin/cobot/cobot_ws/install/pro450_moveit2_control:/home/amin/cobot/cobot_ws/install/pro450_moveit2:/home/amin/cobot/cobot_ws/install/mypalletizer_communication:/home/amin/cobot/cobot_ws/install/mypalletizer_interfaces:/home/amin/cobot/cobot_ws/install/mypalletizer_260_pi:/home/amin/cobot/cobot_ws/install/mypalletizer_260:/home/amin/cobot/cobot_ws/install/mycobot_pro_450:/home/amin/cobot/cobot_ws/install/mycobot_pro450_interfaces:/home/amin/cobot/cobot_ws/install/myarm_m750:/home/amin/cobot/cobot_ws/install/myarm_c650:/home/amin/cobot/cobot_ws/install/mycobot_communication:/home/amin/cobot/cobot_ws/install/mecharm_communication:/home/amin/cobot/cobot_ws/install/mycobot_interfaces:/home/amin/cobot/cobot_ws/install/mycobot_630:/home/amin/cobot/cobot_ws/install/mycobot_600:/home/amin/cobot/cobot_ws/install/mycobot_320pi:/home/amin/cobot/cobot_ws/install/mycobot_320_riscv:/home/amin/cobot/cobot_ws/install/mycobot_320:/home/amin/cobot/cobot_ws/install/mycobot_280rdkx5_moveit2:/home/amin/cobot/cobot_ws/install/mycobot_280pi:/home/amin/cobot/cobot_ws/install/mycobot_280jn:/home/amin/cobot/cobot_ws/install/mycobot_280arduino_moveit2:/home/amin/cobot/cobot_ws/install/mycobot_280_x3pi:/home/amin/cobot/cobot_ws/install/mycobot_280_riscv:/home/amin/cobot/cobot_ws/install/mycobot_280_rdkx5:/home/amin/cobot/cobot_ws/install/mycobot_280_moveit2_control:/home/amin/cobot/cobot_ws/install/mycobot_280_moveit2:/home/amin/cobot/cobot_ws/install/mycobot_280_gazebo_jazzy:/home/amin/cobot/cobot_ws/install/mycobot_280_gazebo:/home/amin/cobot/cobot_ws/install/mycobot_280_arduino:/home/amin/cobot/cobot_ws/install/mycobot_280:/home/amin/cobot/cobot_ws/install/mybuddy:/home/amin/cobot/cobot_ws/install/myarm_300:/home/amin/cobot/cobot_ws/install/mecharm_pi:/home/amin/cobot/cobot_ws/install/mecharm:/home/amin/cobot/cobot_ws/install/mecharm_interfaces:/opt/ros/jazzy DEBUGINFOD_URLS=https://debuginfod.ubuntu.com PYTHONPATH=/home/amin/cobot/cobot_ws/build/mycobot_600/prefix_override:/usr/lib/python3/dist-packages/colcon_core/task/python/colcon_distutils_commands:/home/amin/cobot/cobot_ws/install/mycobot_600/lib/python3.12/site-packages:/home/amin/cobot/cobot_ws/install/mycobot_description/lib/python3.12/site-packages:/home/amin/cobot/cobot_ws/install/ultraarm/lib/python3.12/site-packages:/home/amin/cobot/cobot_ws/install/pro450_moveit2_control/lib/python3.12/site-packages:/home/amin/cobot/cobot_ws/install/mypalletizer_communication/lib/python3.12/site-packages:/home/amin/cobot/cobot_ws/install/mypalletizer_interfaces/lib/python3.12/site-packages:/home/amin/cobot/cobot_ws/install/mypalletizer_260_pi/lib/python3.12/site-packages:/home/amin/cobot/cobot_ws/install/mypalletizer_260/lib/python3.12/site-packages:/home/amin/cobot/cobot_ws/install/mycobot_pro_450/lib/python3.12/site-packages:/home/amin/cobot/cobot_ws/install/mycobot_pro450_interfaces/lib/python3.12/site-packages:/home/amin/cobot/cobot_ws/install/myarm_m750/lib/python3.12/site-packages:/home/amin/cobot/cobot_ws/install/myarm_c650/lib/python3.12/site-packages:/home/amin/cobot/cobot_ws/install/mycobot_communication/lib/python3.12/site-packages:/home/amin/cobot/cobot_ws/install/mecharm_communication/lib/python3.12/site-packages:/home/amin/cobot/cobot_ws/install/mycobot_interfaces/lib/python3.12/site-packages:/home/amin/cobot/cobot_ws/install/mycobot_630/lib/python3.12/site-packages:/home/amin/cobot/cobot_ws/install/mycobot_600/lib/python3.12/site-packages:/home/amin/cobot/cobot_ws/install/mycobot_320pi/lib/python3.12/site-packages:/home/amin/cobot/cobot_ws/install/mycobot_320_riscv/lib/python3.12/site-packages:/home/amin/cobot/cobot_ws/install/mycobot_320/lib/python3.12/site-packages:/home/amin/cobot/cobot_ws/install/mycobot_280pi/lib/python3.12/site-packages:/home/amin/cobot/cobot_ws/install/mycobot_280jn/lib/python3.12/site-packages:/home/amin/cobot/cobot_ws/install/mycobot_280_x3pi/lib/python3.12/site-packages:/home/amin/cobot/cobot_ws/install/mycobot_280_riscv/lib/python3.12/site-packages:/home/amin/cobot/cobot_ws/install/mycobot_280_rdkx5/lib/python3.12/site-packages:/home/amin/cobot/cobot_ws/install/mycobot_280_moveit2_control/lib/python3.12/site-packages:/home/amin/cobot/cobot_ws/install/mycobot_280_arduino/lib/python3.12/site-packages:/home/amin/cobot/cobot_ws/install/mycobot_280/lib/python3.12/site-packages:/home/amin/cobot/cobot_ws/install/mybuddy/lib/python3.12/site-packages:/home/amin/cobot/cobot_ws/install/myarm_300/lib/python3.12/site-packages:/home/amin/cobot/cobot_ws/install/mecharm_pi/lib/python3.12/site-packages:/home/amin/cobot/cobot_ws/install/mecharm/lib/python3.12/site-packages:/home/amin/cobot/cobot_ws/install/mecharm_interfaces/lib/python3.12/site-packages:/opt/ros/jazzy/lib/python3.12/site-packages /usr/bin/python3 -W ignore:setup.py install is deprecated -W ignore:easy_install command is deprecated setup.py egg_info --egg-base ../../../../build/mycobot_600 build --build-base /home/amin/cobot/cobot_ws/build/mycobot_600/build install --record /home/amin/cobot/cobot_ws/build/mycobot_600/install.log --single-version-externally-managed install_data
[7.999s] Level 1:colcon.colcon_core.environment:checking '/home/amin/cobot/cobot_ws/install/mycobot_600' for CMake config files
[8.000s] Level 1:colcon.colcon_core.environment:checking '/home/amin/cobot/cobot_ws/install/mycobot_600/lib'
[8.000s] Level 1:colcon.colcon_core.environment:checking '/home/amin/cobot/cobot_ws/install/mycobot_600/bin'
[8.000s] Level 1:colcon.colcon_core.environment:checking '/home/amin/cobot/cobot_ws/install/mycobot_600/lib/pkgconfig/mycobot_600.pc'
[8.000s] Level 1:colcon.colcon_core.environment:checking '/home/amin/cobot/cobot_ws/install/mycobot_600/lib/python3.12/site-packages'
[8.000s] Level 1:colcon.colcon_core.shell:create_environment_hook('mycobot_600', 'pythonpath')
[8.000s] INFO:colcon.colcon_core.shell:Creating environment hook '/home/amin/cobot/cobot_ws/install/mycobot_600/share/mycobot_600/hook/pythonpath.ps1'
[8.001s] INFO:colcon.colcon_core.shell:Creating environment descriptor '/home/amin/cobot/cobot_ws/install/mycobot_600/share/mycobot_600/hook/pythonpath.dsv'
[8.001s] INFO:colcon.colcon_core.shell:Creating environment hook '/home/amin/cobot/cobot_ws/install/mycobot_600/share/mycobot_600/hook/pythonpath.sh'
[8.002s] Level 1:colcon.colcon_core.environment:checking '/home/amin/cobot/cobot_ws/install/mycobot_600/bin'
[8.002s] Level 1:colcon.colcon_core.environment:create_environment_scripts_only(mycobot_600)
[8.002s] INFO:colcon.colcon_core.shell:Creating package script '/home/amin/cobot/cobot_ws/install/mycobot_600/share/mycobot_600/package.ps1'
[8.003s] INFO:colcon.colcon_core.shell:Creating package descriptor '/home/amin/cobot/cobot_ws/install/mycobot_600/share/mycobot_600/package.dsv'
[8.003s] INFO:colcon.colcon_core.shell:Creating package script '/home/amin/cobot/cobot_ws/install/mycobot_600/share/mycobot_600/package.sh'
[8.004s] INFO:colcon.colcon_core.shell:Creating package script '/home/amin/cobot/cobot_ws/install/mycobot_600/share/mycobot_600/package.bash'
[8.004s] INFO:colcon.colcon_core.shell:Creating package script '/home/amin/cobot/cobot_ws/install/mycobot_600/share/mycobot_600/package.zsh'
[8.004s] Level 1:colcon.colcon_core.environment:create_file_with_runtime_dependencies(/home/amin/cobot/cobot_ws/install/mycobot_600/share/colcon-core/packages/mycobot_600)
[8.005s] INFO:colcon.colcon_ros.task.ament_python.build:Building ROS package in '/home/amin/cobot/cobot_ws/src/mycobot_ros2/myArm/myarm_c650' with build type 'ament_python'
[8.005s] Level 1:colcon.colcon_core.shell:create_environment_hook('myarm_c650', 'ament_prefix_path')
[8.006s] INFO:colcon.colcon_core.shell:Creating environment hook '/home/amin/cobot/cobot_ws/install/myarm_c650/share/myarm_c650/hook/ament_prefix_path.ps1'
[8.006s] INFO:colcon.colcon_core.shell:Creating environment descriptor '/home/amin/cobot/cobot_ws/install/myarm_c650/share/myarm_c650/hook/ament_prefix_path.dsv'
[8.006s] INFO:colcon.colcon_core.shell:Creating environment hook '/home/amin/cobot/cobot_ws/install/myarm_c650/share/myarm_c650/hook/ament_prefix_path.sh'
[8.007s] INFO:colcon.colcon_core.shell:Skip shell extension 'powershell' for command environment: Not usable outside of PowerShell
[8.007s] DEBUG:colcon.colcon_core.shell:Skip shell extension 'dsv' for command environment
[8.016s] DEBUG:colcon.colcon_core.event_handler.log_command:Invoked command in '/home/amin/cobot/cobot_ws/build/pro450_moveit2' returned '0': AMENT_PREFIX_PATH=/home/amin/cobot/cobot_ws/install/mycobot_description:/home/amin/cobot/cobot_ws/install/ultraarm:/home/amin/cobot/cobot_ws/install/pro450_moveit2_control:/home/amin/cobot/cobot_ws/install/pro450_moveit2:/home/amin/cobot/cobot_ws/install/mypalletizer_communication:/home/amin/cobot/cobot_ws/install/mypalletizer_interfaces:/home/amin/cobot/cobot_ws/install/mypalletizer_260_pi:/home/amin/cobot/cobot_ws/install/mypalletizer_260:/home/amin/cobot/cobot_ws/install/mycobot_pro_450:/home/amin/cobot/cobot_ws/install/mycobot_pro450_interfaces:/home/amin/cobot/cobot_ws/install/myarm_m750:/home/amin/cobot/cobot_ws/install/myarm_c650:/home/amin/cobot/cobot_ws/install/mycobot_communication:/home/amin/cobot/cobot_ws/install/mecharm_communication:/home/amin/cobot/cobot_ws/install/mycobot_interfaces:/home/amin/cobot/cobot_ws/install/mycobot_630:/home/amin/cobot/cobot_ws/install/mycobot_600:/home/amin/cobot/cobot_ws/install/mycobot_320pi:/home/amin/cobot/cobot_ws/install/mycobot_320_riscv:/home/amin/cobot/cobot_ws/install/mycobot_320:/home/amin/cobot/cobot_ws/install/mycobot_280rdkx5_moveit2:/home/amin/cobot/cobot_ws/install/mycobot_280pi:/home/amin/cobot/cobot_ws/install/mycobot_280jn:/home/amin/cobot/cobot_ws/install/mycobot_280arduino_moveit2:/home/amin/cobot/cobot_ws/install/mycobot_280_x3pi:/home/amin/cobot/cobot_ws/install/mycobot_280_riscv:/home/amin/cobot/cobot_ws/install/mycobot_280_rdkx5:/home/amin/cobot/cobot_ws/install/mycobot_280_moveit2_control:/home/amin/cobot/cobot_ws/install/mycobot_280_moveit2:/home/amin/cobot/cobot_ws/install/mycobot_280_gazebo_jazzy:/home/amin/cobot/cobot_ws/install/mycobot_280_gazebo:/home/amin/cobot/cobot_ws/install/mycobot_280_arduino:/home/amin/cobot/cobot_ws/install/mycobot_280:/home/amin/cobot/cobot_ws/install/mybuddy:/home/amin/cobot/cobot_ws/install/myarm_300:/home/amin/cobot/cobot_ws/install/mecharm_pi:/home/amin/cobot/cobot_ws/install/mecharm:/home/amin/cobot/cobot_ws/install/mecharm_interfaces:/opt/ros/jazzy CMAKE_PREFIX_PATH=${CMAKE_PREFIX_PATH}:/home/amin/cobot/cobot_ws/install/ultraarm:/home/amin/cobot/cobot_ws/install/pro450_moveit2_control:/home/amin/cobot/cobot_ws/install/mypalletizer_communication:/home/amin/cobot/cobot_ws/install/mypalletizer_260_pi:/home/amin/cobot/cobot_ws/install/mypalletizer_260:/home/amin/cobot/cobot_ws/install/mycobot_pro_450:/home/amin/cobot/cobot_ws/install/myarm_m750:/home/amin/cobot/cobot_ws/install/myarm_c650:/home/amin/cobot/cobot_ws/install/mycobot_communication:/home/amin/cobot/cobot_ws/install/mecharm_communication:/home/amin/cobot/cobot_ws/install/mycobot_630:/home/amin/cobot/cobot_ws/install/mycobot_600:/home/amin/cobot/cobot_ws/install/mycobot_320pi:/home/amin/cobot/cobot_ws/install/mycobot_320_riscv:/home/amin/cobot/cobot_ws/install/mycobot_320:/home/amin/cobot/cobot_ws/install/mycobot_280pi:/home/amin/cobot/cobot_ws/install/mycobot_280jn:/home/amin/cobot/cobot_ws/install/mycobot_280_x3pi:/home/amin/cobot/cobot_ws/install/mycobot_280_riscv:/home/amin/cobot/cobot_ws/install/mycobot_280_rdkx5:/home/amin/cobot/cobot_ws/install/mycobot_280_moveit2_control:/home/amin/cobot/cobot_ws/install/mycobot_280_arduino:/home/amin/cobot/cobot_ws/install/mycobot_280:/home/amin/cobot/cobot_ws/install/mybuddy:/home/amin/cobot/cobot_ws/install/myarm_300:/home/amin/cobot/cobot_ws/install/mecharm_pi:/home/amin/cobot/cobot_ws/install/mecharm:/home/amin/cobot/cobot_ws/install/mycobot_description:/opt/ros/jazzy DEBUGINFOD_URLS=https://debuginfod.ubuntu.com PYTHONPATH=/home/amin/cobot/cobot_ws/install/mycobot_description/lib/python3.12/site-packages:/home/amin/cobot/cobot_ws/install/ultraarm/lib/python3.12/site-packages:/home/amin/cobot/cobot_ws/install/pro450_moveit2_control/lib/python3.12/site-packages:/home/amin/cobot/cobot_ws/install/mypalletizer_communication/lib/python3.12/site-packages:/home/amin/cobot/cobot_ws/install/mypalletizer_interfaces/lib/python3.12/site-packages:/home/amin/cobot/cobot_ws/install/mypalletizer_260_pi/lib/python3.12/site-packages:/home/amin/cobot/cobot_ws/install/mypalletizer_260/lib/python3.12/site-packages:/home/amin/cobot/cobot_ws/install/mycobot_pro_450/lib/python3.12/site-packages:/home/amin/cobot/cobot_ws/install/mycobot_pro450_interfaces/lib/python3.12/site-packages:/home/amin/cobot/cobot_ws/install/myarm_m750/lib/python3.12/site-packages:/home/amin/cobot/cobot_ws/install/myarm_c650/lib/python3.12/site-packages:/home/amin/cobot/cobot_ws/install/mycobot_communication/lib/python3.12/site-packages:/home/amin/cobot/cobot_ws/install/mecharm_communication/lib/python3.12/site-packages:/home/amin/cobot/cobot_ws/install/mycobot_interfaces/lib/python3.12/site-packages:/home/amin/cobot/cobot_ws/install/mycobot_630/lib/python3.12/site-packages:/home/amin/cobot/cobot_ws/install/mycobot_600/lib/python3.12/site-packages:/home/amin/cobot/cobot_ws/install/mycobot_320pi/lib/python3.12/site-packages:/home/amin/cobot/cobot_ws/install/mycobot_320_riscv/lib/python3.12/site-packages:/home/amin/cobot/cobot_ws/install/mycobot_320/lib/python3.12/site-packages:/home/amin/cobot/cobot_ws/install/mycobot_280pi/lib/python3.12/site-packages:/home/amin/cobot/cobot_ws/install/mycobot_280jn/lib/python3.12/site-packages:/home/amin/cobot/cobot_ws/install/mycobot_280_x3pi/lib/python3.12/site-packages:/home/amin/cobot/cobot_ws/install/mycobot_280_riscv/lib/python3.12/site-packages:/home/amin/cobot/cobot_ws/install/mycobot_280_rdkx5/lib/python3.12/site-packages:/home/amin/cobot/cobot_ws/install/mycobot_280_moveit2_control/lib/python3.12/site-packages:/home/amin/cobot/cobot_ws/install/mycobot_280_arduino/lib/python3.12/site-packages:/home/amin/cobot/cobot_ws/install/mycobot_280/lib/python3.12/site-packages:/home/amin/cobot/cobot_ws/install/mybuddy/lib/python3.12/site-packages:/home/amin/cobot/cobot_ws/install/myarm_300/lib/python3.12/site-packages:/home/amin/cobot/cobot_ws/install/mecharm_pi/lib/python3.12/site-packages:/home/amin/cobot/cobot_ws/install/mecharm/lib/python3.12/site-packages:/home/amin/cobot/cobot_ws/install/mecharm_interfaces/lib/python3.12/site-packages:/opt/ros/jazzy/lib/python3.12/site-packages /usr/bin/cmake --build /home/amin/cobot/cobot_ws/build/pro450_moveit2 -- -j8 -l8
[8.016s] DEBUG:colcon.colcon_core.event_handler.log_command:Invoking command in '/home/amin/cobot/cobot_ws/build/pro450_moveit2': AMENT_PREFIX_PATH=/home/amin/cobot/cobot_ws/install/mycobot_description:/home/amin/cobot/cobot_ws/install/ultraarm:/home/amin/cobot/cobot_ws/install/pro450_moveit2_control:/home/amin/cobot/cobot_ws/install/pro450_moveit2:/home/amin/cobot/cobot_ws/install/mypalletizer_communication:/home/amin/cobot/cobot_ws/install/mypalletizer_interfaces:/home/amin/cobot/cobot_ws/install/mypalletizer_260_pi:/home/amin/cobot/cobot_ws/install/mypalletizer_260:/home/amin/cobot/cobot_ws/install/mycobot_pro_450:/home/amin/cobot/cobot_ws/install/mycobot_pro450_interfaces:/home/amin/cobot/cobot_ws/install/myarm_m750:/home/amin/cobot/cobot_ws/install/myarm_c650:/home/amin/cobot/cobot_ws/install/mycobot_communication:/home/amin/cobot/cobot_ws/install/mecharm_communication:/home/amin/cobot/cobot_ws/install/mycobot_interfaces:/home/amin/cobot/cobot_ws/install/mycobot_630:/home/amin/cobot/cobot_ws/install/mycobot_600:/home/amin/cobot/cobot_ws/install/mycobot_320pi:/home/amin/cobot/cobot_ws/install/mycobot_320_riscv:/home/amin/cobot/cobot_ws/install/mycobot_320:/home/amin/cobot/cobot_ws/install/mycobot_280rdkx5_moveit2:/home/amin/cobot/cobot_ws/install/mycobot_280pi:/home/amin/cobot/cobot_ws/install/mycobot_280jn:/home/amin/cobot/cobot_ws/install/mycobot_280arduino_moveit2:/home/amin/cobot/cobot_ws/install/mycobot_280_x3pi:/home/amin/cobot/cobot_ws/install/mycobot_280_riscv:/home/amin/cobot/cobot_ws/install/mycobot_280_rdkx5:/home/amin/cobot/cobot_ws/install/mycobot_280_moveit2_control:/home/amin/cobot/cobot_ws/install/mycobot_280_moveit2:/home/amin/cobot/cobot_ws/install/mycobot_280_gazebo_jazzy:/home/amin/cobot/cobot_ws/install/mycobot_280_gazebo:/home/amin/cobot/cobot_ws/install/mycobot_280_arduino:/home/amin/cobot/cobot_ws/install/mycobot_280:/home/amin/cobot/cobot_ws/install/mybuddy:/home/amin/cobot/cobot_ws/install/myarm_300:/home/amin/cobot/cobot_ws/install/mecharm_pi:/home/amin/cobot/cobot_ws/install/mecharm:/home/amin/cobot/cobot_ws/install/mecharm_interfaces:/opt/ros/jazzy CMAKE_PREFIX_PATH=${CMAKE_PREFIX_PATH}:/home/amin/cobot/cobot_ws/install/ultraarm:/home/amin/cobot/cobot_ws/install/pro450_moveit2_control:/home/amin/cobot/cobot_ws/install/mypalletizer_communication:/home/amin/cobot/cobot_ws/install/mypalletizer_260_pi:/home/amin/cobot/cobot_ws/install/mypalletizer_260:/home/amin/cobot/cobot_ws/install/mycobot_pro_450:/home/amin/cobot/cobot_ws/install/myarm_m750:/home/amin/cobot/cobot_ws/install/myarm_c650:/home/amin/cobot/cobot_ws/install/mycobot_communication:/home/amin/cobot/cobot_ws/install/mecharm_communication:/home/amin/cobot/cobot_ws/install/mycobot_630:/home/amin/cobot/cobot_ws/install/mycobot_600:/home/amin/cobot/cobot_ws/install/mycobot_320pi:/home/amin/cobot/cobot_ws/install/mycobot_320_riscv:/home/amin/cobot/cobot_ws/install/mycobot_320:/home/amin/cobot/cobot_ws/install/mycobot_280pi:/home/amin/cobot/cobot_ws/install/mycobot_280jn:/home/amin/cobot/cobot_ws/install/mycobot_280_x3pi:/home/amin/cobot/cobot_ws/install/mycobot_280_riscv:/home/amin/cobot/cobot_ws/install/mycobot_280_rdkx5:/home/amin/cobot/cobot_ws/install/mycobot_280_moveit2_control:/home/amin/cobot/cobot_ws/install/mycobot_280_arduino:/home/amin/cobot/cobot_ws/install/mycobot_280:/home/amin/cobot/cobot_ws/install/mybuddy:/home/amin/cobot/cobot_ws/install/myarm_300:/home/amin/cobot/cobot_ws/install/mecharm_pi:/home/amin/cobot/cobot_ws/install/mecharm:/home/amin/cobot/cobot_ws/install/mycobot_description:/opt/ros/jazzy DEBUGINFOD_URLS=https://debuginfod.ubuntu.com PYTHONPATH=/home/amin/cobot/cobot_ws/install/mycobot_description/lib/python3.12/site-packages:/home/amin/cobot/cobot_ws/install/ultraarm/lib/python3.12/site-packages:/home/amin/cobot/cobot_ws/install/pro450_moveit2_control/lib/python3.12/site-packages:/home/amin/cobot/cobot_ws/install/mypalletizer_communication/lib/python3.12/site-packages:/home/amin/cobot/cobot_ws/install/mypalletizer_interfaces/lib/python3.12/site-packages:/home/amin/cobot/cobot_ws/install/mypalletizer_260_pi/lib/python3.12/site-packages:/home/amin/cobot/cobot_ws/install/mypalletizer_260/lib/python3.12/site-packages:/home/amin/cobot/cobot_ws/install/mycobot_pro_450/lib/python3.12/site-packages:/home/amin/cobot/cobot_ws/install/mycobot_pro450_interfaces/lib/python3.12/site-packages:/home/amin/cobot/cobot_ws/install/myarm_m750/lib/python3.12/site-packages:/home/amin/cobot/cobot_ws/install/myarm_c650/lib/python3.12/site-packages:/home/amin/cobot/cobot_ws/install/mycobot_communication/lib/python3.12/site-packages:/home/amin/cobot/cobot_ws/install/mecharm_communication/lib/python3.12/site-packages:/home/amin/cobot/cobot_ws/install/mycobot_interfaces/lib/python3.12/site-packages:/home/amin/cobot/cobot_ws/install/mycobot_630/lib/python3.12/site-packages:/home/amin/cobot/cobot_ws/install/mycobot_600/lib/python3.12/site-packages:/home/amin/cobot/cobot_ws/install/mycobot_320pi/lib/python3.12/site-packages:/home/amin/cobot/cobot_ws/install/mycobot_320_riscv/lib/python3.12/site-packages:/home/amin/cobot/cobot_ws/install/mycobot_320/lib/python3.12/site-packages:/home/amin/cobot/cobot_ws/install/mycobot_280pi/lib/python3.12/site-packages:/home/amin/cobot/cobot_ws/install/mycobot_280jn/lib/python3.12/site-packages:/home/amin/cobot/cobot_ws/install/mycobot_280_x3pi/lib/python3.12/site-packages:/home/amin/cobot/cobot_ws/install/mycobot_280_riscv/lib/python3.12/site-packages:/home/amin/cobot/cobot_ws/install/mycobot_280_rdkx5/lib/python3.12/site-packages:/home/amin/cobot/cobot_ws/install/mycobot_280_moveit2_control/lib/python3.12/site-packages:/home/amin/cobot/cobot_ws/install/mycobot_280_arduino/lib/python3.12/site-packages:/home/amin/cobot/cobot_ws/install/mycobot_280/lib/python3.12/site-packages:/home/amin/cobot/cobot_ws/install/mybuddy/lib/python3.12/site-packages:/home/amin/cobot/cobot_ws/install/myarm_300/lib/python3.12/site-packages:/home/amin/cobot/cobot_ws/install/mecharm_pi/lib/python3.12/site-packages:/home/amin/cobot/cobot_ws/install/mecharm/lib/python3.12/site-packages:/home/amin/cobot/cobot_ws/install/mecharm_interfaces/lib/python3.12/site-packages:/opt/ros/jazzy/lib/python3.12/site-packages /usr/bin/cmake --install /home/amin/cobot/cobot_ws/build/pro450_moveit2
[8.228s] INFO:colcon.colcon_core.task.python.build:Building Python package in '/home/amin/cobot/cobot_ws/src/mycobot_ros2/mycobot_pro/pro450_moveit2_control'
[8.228s] INFO:colcon.colcon_core.shell:Skip shell extension 'powershell' for command environment: Not usable outside of PowerShell
[8.229s] DEBUG:colcon.colcon_core.shell:Skip shell extension 'dsv' for command environment
[8.409s] INFO:colcon.colcon_core.task.python.build:Building Python package in '/home/amin/cobot/cobot_ws/src/mycobot_ros2/ultraArm/ultraarm'
[8.409s] INFO:colcon.colcon_core.shell:Skip shell extension 'powershell' for command environment: Not usable outside of PowerShell
[8.409s] DEBUG:colcon.colcon_core.shell:Skip shell extension 'dsv' for command environment
[8.421s] Level 1:colcon.colcon_core.environment:create_environment_scripts_only(pro450_moveit2)
[8.421s] Level 1:colcon.colcon_core.environment:checking '/home/amin/cobot/cobot_ws/install/pro450_moveit2' for CMake module files
[8.422s] DEBUG:colcon.colcon_core.event_handler.log_command:Invoked command in '/home/amin/cobot/cobot_ws/build/pro450_moveit2' returned '0': AMENT_PREFIX_PATH=/home/amin/cobot/cobot_ws/install/mycobot_description:/home/amin/cobot/cobot_ws/install/ultraarm:/home/amin/cobot/cobot_ws/install/pro450_moveit2_control:/home/amin/cobot/cobot_ws/install/pro450_moveit2:/home/amin/cobot/cobot_ws/install/mypalletizer_communication:/home/amin/cobot/cobot_ws/install/mypalletizer_interfaces:/home/amin/cobot/cobot_ws/install/mypalletizer_260_pi:/home/amin/cobot/cobot_ws/install/mypalletizer_260:/home/amin/cobot/cobot_ws/install/mycobot_pro_450:/home/amin/cobot/cobot_ws/install/mycobot_pro450_interfaces:/home/amin/cobot/cobot_ws/install/myarm_m750:/home/amin/cobot/cobot_ws/install/myarm_c650:/home/amin/cobot/cobot_ws/install/mycobot_communication:/home/amin/cobot/cobot_ws/install/mecharm_communication:/home/amin/cobot/cobot_ws/install/mycobot_interfaces:/home/amin/cobot/cobot_ws/install/mycobot_630:/home/amin/cobot/cobot_ws/install/mycobot_600:/home/amin/cobot/cobot_ws/install/mycobot_320pi:/home/amin/cobot/cobot_ws/install/mycobot_320_riscv:/home/amin/cobot/cobot_ws/install/mycobot_320:/home/amin/cobot/cobot_ws/install/mycobot_280rdkx5_moveit2:/home/amin/cobot/cobot_ws/install/mycobot_280pi:/home/amin/cobot/cobot_ws/install/mycobot_280jn:/home/amin/cobot/cobot_ws/install/mycobot_280arduino_moveit2:/home/amin/cobot/cobot_ws/install/mycobot_280_x3pi:/home/amin/cobot/cobot_ws/install/mycobot_280_riscv:/home/amin/cobot/cobot_ws/install/mycobot_280_rdkx5:/home/amin/cobot/cobot_ws/install/mycobot_280_moveit2_control:/home/amin/cobot/cobot_ws/install/mycobot_280_moveit2:/home/amin/cobot/cobot_ws/install/mycobot_280_gazebo_jazzy:/home/amin/cobot/cobot_ws/install/mycobot_280_gazebo:/home/amin/cobot/cobot_ws/install/mycobot_280_arduino:/home/amin/cobot/cobot_ws/install/mycobot_280:/home/amin/cobot/cobot_ws/install/mybuddy:/home/amin/cobot/cobot_ws/install/myarm_300:/home/amin/cobot/cobot_ws/install/mecharm_pi:/home/amin/cobot/cobot_ws/install/mecharm:/home/amin/cobot/cobot_ws/install/mecharm_interfaces:/opt/ros/jazzy CMAKE_PREFIX_PATH=${CMAKE_PREFIX_PATH}:/home/amin/cobot/cobot_ws/install/ultraarm:/home/amin/cobot/cobot_ws/install/pro450_moveit2_control:/home/amin/cobot/cobot_ws/install/mypalletizer_communication:/home/amin/cobot/cobot_ws/install/mypalletizer_260_pi:/home/amin/cobot/cobot_ws/install/mypalletizer_260:/home/amin/cobot/cobot_ws/install/mycobot_pro_450:/home/amin/cobot/cobot_ws/install/myarm_m750:/home/amin/cobot/cobot_ws/install/myarm_c650:/home/amin/cobot/cobot_ws/install/mycobot_communication:/home/amin/cobot/cobot_ws/install/mecharm_communication:/home/amin/cobot/cobot_ws/install/mycobot_630:/home/amin/cobot/cobot_ws/install/mycobot_600:/home/amin/cobot/cobot_ws/install/mycobot_320pi:/home/amin/cobot/cobot_ws/install/mycobot_320_riscv:/home/amin/cobot/cobot_ws/install/mycobot_320:/home/amin/cobot/cobot_ws/install/mycobot_280pi:/home/amin/cobot/cobot_ws/install/mycobot_280jn:/home/amin/cobot/cobot_ws/install/mycobot_280_x3pi:/home/amin/cobot/cobot_ws/install/mycobot_280_riscv:/home/amin/cobot/cobot_ws/install/mycobot_280_rdkx5:/home/amin/cobot/cobot_ws/install/mycobot_280_moveit2_control:/home/amin/cobot/cobot_ws/install/mycobot_280_arduino:/home/amin/cobot/cobot_ws/install/mycobot_280:/home/amin/cobot/cobot_ws/install/mybuddy:/home/amin/cobot/cobot_ws/install/myarm_300:/home/amin/cobot/cobot_ws/install/mecharm_pi:/home/amin/cobot/cobot_ws/install/mecharm:/home/amin/cobot/cobot_ws/install/mycobot_description:/opt/ros/jazzy DEBUGINFOD_URLS=https://debuginfod.ubuntu.com PYTHONPATH=/home/amin/cobot/cobot_ws/install/mycobot_description/lib/python3.12/site-packages:/home/amin/cobot/cobot_ws/install/ultraarm/lib/python3.12/site-packages:/home/amin/cobot/cobot_ws/install/pro450_moveit2_control/lib/python3.12/site-packages:/home/amin/cobot/cobot_ws/install/mypalletizer_communication/lib/python3.12/site-packages:/home/amin/cobot/cobot_ws/install/mypalletizer_interfaces/lib/python3.12/site-packages:/home/amin/cobot/cobot_ws/install/mypalletizer_260_pi/lib/python3.12/site-packages:/home/amin/cobot/cobot_ws/install/mypalletizer_260/lib/python3.12/site-packages:/home/amin/cobot/cobot_ws/install/mycobot_pro_450/lib/python3.12/site-packages:/home/amin/cobot/cobot_ws/install/mycobot_pro450_interfaces/lib/python3.12/site-packages:/home/amin/cobot/cobot_ws/install/myarm_m750/lib/python3.12/site-packages:/home/amin/cobot/cobot_ws/install/myarm_c650/lib/python3.12/site-packages:/home/amin/cobot/cobot_ws/install/mycobot_communication/lib/python3.12/site-packages:/home/amin/cobot/cobot_ws/install/mecharm_communication/lib/python3.12/site-packages:/home/amin/cobot/cobot_ws/install/mycobot_interfaces/lib/python3.12/site-packages:/home/amin/cobot/cobot_ws/install/mycobot_630/lib/python3.12/site-packages:/home/amin/cobot/cobot_ws/install/mycobot_600/lib/python3.12/site-packages:/home/amin/cobot/cobot_ws/install/mycobot_320pi/lib/python3.12/site-packages:/home/amin/cobot/cobot_ws/install/mycobot_320_riscv/lib/python3.12/site-packages:/home/amin/cobot/cobot_ws/install/mycobot_320/lib/python3.12/site-packages:/home/amin/cobot/cobot_ws/install/mycobot_280pi/lib/python3.12/site-packages:/home/amin/cobot/cobot_ws/install/mycobot_280jn/lib/python3.12/site-packages:/home/amin/cobot/cobot_ws/install/mycobot_280_x3pi/lib/python3.12/site-packages:/home/amin/cobot/cobot_ws/install/mycobot_280_riscv/lib/python3.12/site-packages:/home/amin/cobot/cobot_ws/install/mycobot_280_rdkx5/lib/python3.12/site-packages:/home/amin/cobot/cobot_ws/install/mycobot_280_moveit2_control/lib/python3.12/site-packages:/home/amin/cobot/cobot_ws/install/mycobot_280_arduino/lib/python3.12/site-packages:/home/amin/cobot/cobot_ws/install/mycobot_280/lib/python3.12/site-packages:/home/amin/cobot/cobot_ws/install/mybuddy/lib/python3.12/site-packages:/home/amin/cobot/cobot_ws/install/myarm_300/lib/python3.12/site-packages:/home/amin/cobot/cobot_ws/install/mecharm_pi/lib/python3.12/site-packages:/home/amin/cobot/cobot_ws/install/mecharm/lib/python3.12/site-packages:/home/amin/cobot/cobot_ws/install/mecharm_interfaces/lib/python3.12/site-packages:/opt/ros/jazzy/lib/python3.12/site-packages /usr/bin/cmake --install /home/amin/cobot/cobot_ws/build/pro450_moveit2
[8.422s] Level 1:colcon.colcon_core.environment:checking '/home/amin/cobot/cobot_ws/install/pro450_moveit2' for CMake config files
[8.423s] Level 1:colcon.colcon_core.shell:create_environment_hook('pro450_moveit2', 'cmake_prefix_path')
[8.423s] INFO:colcon.colcon_core.shell:Creating environment hook '/home/amin/cobot/cobot_ws/install/pro450_moveit2/share/pro450_moveit2/hook/cmake_prefix_path.ps1'
[8.423s] INFO:colcon.colcon_core.shell:Creating environment descriptor '/home/amin/cobot/cobot_ws/install/pro450_moveit2/share/pro450_moveit2/hook/cmake_prefix_path.dsv'
[8.423s] INFO:colcon.colcon_core.shell:Creating environment hook '/home/amin/cobot/cobot_ws/install/pro450_moveit2/share/pro450_moveit2/hook/cmake_prefix_path.sh'
[8.424s] Level 1:colcon.colcon_core.environment:checking '/home/amin/cobot/cobot_ws/install/pro450_moveit2/bin'
[8.424s] Level 1:colcon.colcon_core.environment:checking '/home/amin/cobot/cobot_ws/install/pro450_moveit2/lib/pkgconfig/pro450_moveit2.pc'
[8.424s] Level 1:colcon.colcon_core.environment:checking '/home/amin/cobot/cobot_ws/install/pro450_moveit2/lib/python3.12/site-packages'
[8.425s] Level 1:colcon.colcon_core.environment:checking '/home/amin/cobot/cobot_ws/install/pro450_moveit2/bin'
[8.425s] INFO:colcon.colcon_core.shell:Creating package script '/home/amin/cobot/cobot_ws/install/pro450_moveit2/share/pro450_moveit2/package.ps1'
[8.425s] INFO:colcon.colcon_core.shell:Creating package descriptor '/home/amin/cobot/cobot_ws/install/pro450_moveit2/share/pro450_moveit2/package.dsv'
[8.426s] INFO:colcon.colcon_core.shell:Creating package script '/home/amin/cobot/cobot_ws/install/pro450_moveit2/share/pro450_moveit2/package.sh'
[8.426s] INFO:colcon.colcon_core.shell:Creating package script '/home/amin/cobot/cobot_ws/install/pro450_moveit2/share/pro450_moveit2/package.bash'
[8.426s] INFO:colcon.colcon_core.shell:Creating package script '/home/amin/cobot/cobot_ws/install/pro450_moveit2/share/pro450_moveit2/package.zsh'
[8.427s] Level 1:colcon.colcon_core.environment:create_file_with_runtime_dependencies(/home/amin/cobot/cobot_ws/install/pro450_moveit2/share/colcon-core/packages/pro450_moveit2)
[8.427s] Level 1:colcon.colcon_core.environment:create_environment_scripts_only(pro450_moveit2)
[8.427s] Level 1:colcon.colcon_core.environment:checking '/home/amin/cobot/cobot_ws/install/pro450_moveit2' for CMake module files
[8.428s] Level 1:colcon.colcon_core.environment:checking '/home/amin/cobot/cobot_ws/install/pro450_moveit2' for CMake config files
[8.428s] Level 1:colcon.colcon_core.shell:create_environment_hook('pro450_moveit2', 'cmake_prefix_path')
[8.428s] INFO:colcon.colcon_core.shell:Creating environment hook '/home/amin/cobot/cobot_ws/install/pro450_moveit2/share/pro450_moveit2/hook/cmake_prefix_path.ps1'
[8.429s] INFO:colcon.colcon_core.shell:Creating environment descriptor '/home/amin/cobot/cobot_ws/install/pro450_moveit2/share/pro450_moveit2/hook/cmake_prefix_path.dsv'
[8.429s] INFO:colcon.colcon_core.shell:Creating environment hook '/home/amin/cobot/cobot_ws/install/pro450_moveit2/share/pro450_moveit2/hook/cmake_prefix_path.sh'
[8.429s] Level 1:colcon.colcon_core.environment:checking '/home/amin/cobot/cobot_ws/install/pro450_moveit2/bin'
[8.429s] Level 1:colcon.colcon_core.environment:checking '/home/amin/cobot/cobot_ws/install/pro450_moveit2/lib/pkgconfig/pro450_moveit2.pc'
[8.429s] Level 1:colcon.colcon_core.environment:checking '/home/amin/cobot/cobot_ws/install/pro450_moveit2/lib/python3.12/site-packages'
[8.430s] Level 1:colcon.colcon_core.environment:checking '/home/amin/cobot/cobot_ws/install/pro450_moveit2/bin'
[8.430s] INFO:colcon.colcon_core.shell:Creating package script '/home/amin/cobot/cobot_ws/install/pro450_moveit2/share/pro450_moveit2/package.ps1'
[8.430s] INFO:colcon.colcon_core.shell:Creating package descriptor '/home/amin/cobot/cobot_ws/install/pro450_moveit2/share/pro450_moveit2/package.dsv'
[8.430s] INFO:colcon.colcon_core.shell:Creating package script '/home/amin/cobot/cobot_ws/install/pro450_moveit2/share/pro450_moveit2/package.sh'
[8.430s] INFO:colcon.colcon_core.shell:Creating package script '/home/amin/cobot/cobot_ws/install/pro450_moveit2/share/pro450_moveit2/package.bash'
[8.431s] INFO:colcon.colcon_core.shell:Creating package script '/home/amin/cobot/cobot_ws/install/pro450_moveit2/share/pro450_moveit2/package.zsh'
[8.431s] Level 1:colcon.colcon_core.environment:create_file_with_runtime_dependencies(/home/amin/cobot/cobot_ws/install/pro450_moveit2/share/colcon-core/packages/pro450_moveit2)
[8.607s] INFO:colcon.colcon_core.task.python.build:Building Python package in '/home/amin/cobot/cobot_ws/src/mycobot_ros2/myArm/myarm_c650'
[8.608s] INFO:colcon.colcon_core.shell:Skip shell extension 'powershell' for command environment: Not usable outside of PowerShell
[8.608s] DEBUG:colcon.colcon_core.shell:Skip shell extension 'dsv' for command environment
[8.613s] INFO:colcon.colcon_ros.task.ament_python.build:Building ROS package in '/home/amin/cobot/cobot_ws/src/mycobot_ros2/myArm/myarm_m750' with build type 'ament_python'
[8.613s] Level 1:colcon.colcon_core.shell:create_environment_hook('myarm_m750', 'ament_prefix_path')
[8.613s] INFO:colcon.colcon_core.shell:Creating environment hook '/home/amin/cobot/cobot_ws/install/myarm_m750/share/myarm_m750/hook/ament_prefix_path.ps1'
[8.613s] DEBUG:colcon.colcon_core.event_handler.log_command:Invoking command in '/home/amin/cobot/cobot_ws/src/mycobot_ros2/mycobot_pro/mycobot_pro_450': AMENT_PREFIX_PATH=/home/amin/cobot/cobot_ws/install/mycobot_description:/home/amin/cobot/cobot_ws/install/ultraarm:/home/amin/cobot/cobot_ws/install/pro450_moveit2_control:/home/amin/cobot/cobot_ws/install/pro450_moveit2:/home/amin/cobot/cobot_ws/install/mypalletizer_communication:/home/amin/cobot/cobot_ws/install/mypalletizer_interfaces:/home/amin/cobot/cobot_ws/install/mypalletizer_260_pi:/home/amin/cobot/cobot_ws/install/mypalletizer_260:/home/amin/cobot/cobot_ws/install/mycobot_pro_450:/home/amin/cobot/cobot_ws/install/mycobot_pro450_interfaces:/home/amin/cobot/cobot_ws/install/myarm_m750:/home/amin/cobot/cobot_ws/install/myarm_c650:/home/amin/cobot/cobot_ws/install/mycobot_communication:/home/amin/cobot/cobot_ws/install/mecharm_communication:/home/amin/cobot/cobot_ws/install/mycobot_interfaces:/home/amin/cobot/cobot_ws/install/mycobot_630:/home/amin/cobot/cobot_ws/install/mycobot_600:/home/amin/cobot/cobot_ws/install/mycobot_320pi:/home/amin/cobot/cobot_ws/install/mycobot_320_riscv:/home/amin/cobot/cobot_ws/install/mycobot_320:/home/amin/cobot/cobot_ws/install/mycobot_280rdkx5_moveit2:/home/amin/cobot/cobot_ws/install/mycobot_280pi:/home/amin/cobot/cobot_ws/install/mycobot_280jn:/home/amin/cobot/cobot_ws/install/mycobot_280arduino_moveit2:/home/amin/cobot/cobot_ws/install/mycobot_280_x3pi:/home/amin/cobot/cobot_ws/install/mycobot_280_riscv:/home/amin/cobot/cobot_ws/install/mycobot_280_rdkx5:/home/amin/cobot/cobot_ws/install/mycobot_280_moveit2_control:/home/amin/cobot/cobot_ws/install/mycobot_280_moveit2:/home/amin/cobot/cobot_ws/install/mycobot_280_gazebo_jazzy:/home/amin/cobot/cobot_ws/install/mycobot_280_gazebo:/home/amin/cobot/cobot_ws/install/mycobot_280_arduino:/home/amin/cobot/cobot_ws/install/mycobot_280:/home/amin/cobot/cobot_ws/install/mybuddy:/home/amin/cobot/cobot_ws/install/myarm_300:/home/amin/cobot/cobot_ws/install/mecharm_pi:/home/amin/cobot/cobot_ws/install/mecharm:/home/amin/cobot/cobot_ws/install/mecharm_interfaces:/opt/ros/jazzy DEBUGINFOD_URLS=https://debuginfod.ubuntu.com PYTHONPATH=/home/amin/cobot/cobot_ws/build/mycobot_pro_450/prefix_override:/usr/lib/python3/dist-packages/colcon_core/task/python/colcon_distutils_commands:/home/amin/cobot/cobot_ws/install/mycobot_pro_450/lib/python3.12/site-packages:/home/amin/cobot/cobot_ws/install/mycobot_description/lib/python3.12/site-packages:/home/amin/cobot/cobot_ws/install/ultraarm/lib/python3.12/site-packages:/home/amin/cobot/cobot_ws/install/pro450_moveit2_control/lib/python3.12/site-packages:/home/amin/cobot/cobot_ws/install/mypalletizer_communication/lib/python3.12/site-packages:/home/amin/cobot/cobot_ws/install/mypalletizer_interfaces/lib/python3.12/site-packages:/home/amin/cobot/cobot_ws/install/mypalletizer_260_pi/lib/python3.12/site-packages:/home/amin/cobot/cobot_ws/install/mypalletizer_260/lib/python3.12/site-packages:/home/amin/cobot/cobot_ws/install/mycobot_pro_450/lib/python3.12/site-packages:/home/amin/cobot/cobot_ws/install/mycobot_pro450_interfaces/lib/python3.12/site-packages:/home/amin/cobot/cobot_ws/install/myarm_m750/lib/python3.12/site-packages:/home/amin/cobot/cobot_ws/install/myarm_c650/lib/python3.12/site-packages:/home/amin/cobot/cobot_ws/install/mycobot_communication/lib/python3.12/site-packages:/home/amin/cobot/cobot_ws/install/mecharm_communication/lib/python3.12/site-packages:/home/amin/cobot/cobot_ws/install/mycobot_interfaces/lib/python3.12/site-packages:/home/amin/cobot/cobot_ws/install/mycobot_630/lib/python3.12/site-packages:/home/amin/cobot/cobot_ws/install/mycobot_600/lib/python3.12/site-packages:/home/amin/cobot/cobot_ws/install/mycobot_320pi/lib/python3.12/site-packages:/home/amin/cobot/cobot_ws/install/mycobot_320_riscv/lib/python3.12/site-packages:/home/amin/cobot/cobot_ws/install/mycobot_320/lib/python3.12/site-packages:/home/amin/cobot/cobot_ws/install/mycobot_280pi/lib/python3.12/site-packages:/home/amin/cobot/cobot_ws/install/mycobot_280jn/lib/python3.12/site-packages:/home/amin/cobot/cobot_ws/install/mycobot_280_x3pi/lib/python3.12/site-packages:/home/amin/cobot/cobot_ws/install/mycobot_280_riscv/lib/python3.12/site-packages:/home/amin/cobot/cobot_ws/install/mycobot_280_rdkx5/lib/python3.12/site-packages:/home/amin/cobot/cobot_ws/install/mycobot_280_moveit2_control/lib/python3.12/site-packages:/home/amin/cobot/cobot_ws/install/mycobot_280_arduino/lib/python3.12/site-packages:/home/amin/cobot/cobot_ws/install/mycobot_280/lib/python3.12/site-packages:/home/amin/cobot/cobot_ws/install/mybuddy/lib/python3.12/site-packages:/home/amin/cobot/cobot_ws/install/myarm_300/lib/python3.12/site-packages:/home/amin/cobot/cobot_ws/install/mecharm_pi/lib/python3.12/site-packages:/home/amin/cobot/cobot_ws/install/mecharm/lib/python3.12/site-packages:/home/amin/cobot/cobot_ws/install/mecharm_interfaces/lib/python3.12/site-packages:/opt/ros/jazzy/lib/python3.12/site-packages /usr/bin/python3 -W ignore:setup.py install is deprecated -W ignore:easy_install command is deprecated setup.py egg_info --egg-base ../../../../build/mycobot_pro_450 build --build-base /home/amin/cobot/cobot_ws/build/mycobot_pro_450/build install --record /home/amin/cobot/cobot_ws/build/mycobot_pro_450/install.log --single-version-externally-managed install_data
[8.614s] INFO:colcon.colcon_core.shell:Creating environment descriptor '/home/amin/cobot/cobot_ws/install/myarm_m750/share/myarm_m750/hook/ament_prefix_path.dsv'
[8.614s] INFO:colcon.colcon_core.shell:Creating environment hook '/home/amin/cobot/cobot_ws/install/myarm_m750/share/myarm_m750/hook/ament_prefix_path.sh'
[8.614s] INFO:colcon.colcon_core.shell:Skip shell extension 'powershell' for command environment: Not usable outside of PowerShell
[8.614s] DEBUG:colcon.colcon_core.shell:Skip shell extension 'dsv' for command environment
[8.623s] DEBUG:colcon.colcon_core.event_handler.log_command:Invoking command in '/home/amin/cobot/cobot_ws/src/mycobot_ros2/mypalletizer_260/mypalletizer_260': AMENT_PREFIX_PATH=/home/amin/cobot/cobot_ws/install/mycobot_description:/home/amin/cobot/cobot_ws/install/ultraarm:/home/amin/cobot/cobot_ws/install/pro450_moveit2_control:/home/amin/cobot/cobot_ws/install/pro450_moveit2:/home/amin/cobot/cobot_ws/install/mypalletizer_communication:/home/amin/cobot/cobot_ws/install/mypalletizer_interfaces:/home/amin/cobot/cobot_ws/install/mypalletizer_260_pi:/home/amin/cobot/cobot_ws/install/mypalletizer_260:/home/amin/cobot/cobot_ws/install/mycobot_pro_450:/home/amin/cobot/cobot_ws/install/mycobot_pro450_interfaces:/home/amin/cobot/cobot_ws/install/myarm_m750:/home/amin/cobot/cobot_ws/install/myarm_c650:/home/amin/cobot/cobot_ws/install/mycobot_communication:/home/amin/cobot/cobot_ws/install/mecharm_communication:/home/amin/cobot/cobot_ws/install/mycobot_interfaces:/home/amin/cobot/cobot_ws/install/mycobot_630:/home/amin/cobot/cobot_ws/install/mycobot_600:/home/amin/cobot/cobot_ws/install/mycobot_320pi:/home/amin/cobot/cobot_ws/install/mycobot_320_riscv:/home/amin/cobot/cobot_ws/install/mycobot_320:/home/amin/cobot/cobot_ws/install/mycobot_280rdkx5_moveit2:/home/amin/cobot/cobot_ws/install/mycobot_280pi:/home/amin/cobot/cobot_ws/install/mycobot_280jn:/home/amin/cobot/cobot_ws/install/mycobot_280arduino_moveit2:/home/amin/cobot/cobot_ws/install/mycobot_280_x3pi:/home/amin/cobot/cobot_ws/install/mycobot_280_riscv:/home/amin/cobot/cobot_ws/install/mycobot_280_rdkx5:/home/amin/cobot/cobot_ws/install/mycobot_280_moveit2_control:/home/amin/cobot/cobot_ws/install/mycobot_280_moveit2:/home/amin/cobot/cobot_ws/install/mycobot_280_gazebo_jazzy:/home/amin/cobot/cobot_ws/install/mycobot_280_gazebo:/home/amin/cobot/cobot_ws/install/mycobot_280_arduino:/home/amin/cobot/cobot_ws/install/mycobot_280:/home/amin/cobot/cobot_ws/install/mybuddy:/home/amin/cobot/cobot_ws/install/myarm_300:/home/amin/cobot/cobot_ws/install/mecharm_pi:/home/amin/cobot/cobot_ws/install/mecharm:/home/amin/cobot/cobot_ws/install/mecharm_interfaces:/opt/ros/jazzy DEBUGINFOD_URLS=https://debuginfod.ubuntu.com PYTHONPATH=/home/amin/cobot/cobot_ws/build/mypalletizer_260/prefix_override:/usr/lib/python3/dist-packages/colcon_core/task/python/colcon_distutils_commands:/home/amin/cobot/cobot_ws/install/mypalletizer_260/lib/python3.12/site-packages:/home/amin/cobot/cobot_ws/install/mycobot_description/lib/python3.12/site-packages:/home/amin/cobot/cobot_ws/install/ultraarm/lib/python3.12/site-packages:/home/amin/cobot/cobot_ws/install/pro450_moveit2_control/lib/python3.12/site-packages:/home/amin/cobot/cobot_ws/install/mypalletizer_communication/lib/python3.12/site-packages:/home/amin/cobot/cobot_ws/install/mypalletizer_interfaces/lib/python3.12/site-packages:/home/amin/cobot/cobot_ws/install/mypalletizer_260_pi/lib/python3.12/site-packages:/home/amin/cobot/cobot_ws/install/mypalletizer_260/lib/python3.12/site-packages:/home/amin/cobot/cobot_ws/install/mycobot_pro_450/lib/python3.12/site-packages:/home/amin/cobot/cobot_ws/install/mycobot_pro450_interfaces/lib/python3.12/site-packages:/home/amin/cobot/cobot_ws/install/myarm_m750/lib/python3.12/site-packages:/home/amin/cobot/cobot_ws/install/myarm_c650/lib/python3.12/site-packages:/home/amin/cobot/cobot_ws/install/mycobot_communication/lib/python3.12/site-packages:/home/amin/cobot/cobot_ws/install/mecharm_communication/lib/python3.12/site-packages:/home/amin/cobot/cobot_ws/install/mycobot_interfaces/lib/python3.12/site-packages:/home/amin/cobot/cobot_ws/install/mycobot_630/lib/python3.12/site-packages:/home/amin/cobot/cobot_ws/install/mycobot_600/lib/python3.12/site-packages:/home/amin/cobot/cobot_ws/install/mycobot_320pi/lib/python3.12/site-packages:/home/amin/cobot/cobot_ws/install/mycobot_320_riscv/lib/python3.12/site-packages:/home/amin/cobot/cobot_ws/install/mycobot_320/lib/python3.12/site-packages:/home/amin/cobot/cobot_ws/install/mycobot_280pi/lib/python3.12/site-packages:/home/amin/cobot/cobot_ws/install/mycobot_280jn/lib/python3.12/site-packages:/home/amin/cobot/cobot_ws/install/mycobot_280_x3pi/lib/python3.12/site-packages:/home/amin/cobot/cobot_ws/install/mycobot_280_riscv/lib/python3.12/site-packages:/home/amin/cobot/cobot_ws/install/mycobot_280_rdkx5/lib/python3.12/site-packages:/home/amin/cobot/cobot_ws/install/mycobot_280_moveit2_control/lib/python3.12/site-packages:/home/amin/cobot/cobot_ws/install/mycobot_280_arduino/lib/python3.12/site-packages:/home/amin/cobot/cobot_ws/install/mycobot_280/lib/python3.12/site-packages:/home/amin/cobot/cobot_ws/install/mybuddy/lib/python3.12/site-packages:/home/amin/cobot/cobot_ws/install/myarm_300/lib/python3.12/site-packages:/home/amin/cobot/cobot_ws/install/mecharm_pi/lib/python3.12/site-packages:/home/amin/cobot/cobot_ws/install/mecharm/lib/python3.12/site-packages:/home/amin/cobot/cobot_ws/install/mecharm_interfaces/lib/python3.12/site-packages:/opt/ros/jazzy/lib/python3.12/site-packages /usr/bin/python3 -W ignore:setup.py install is deprecated -W ignore:easy_install command is deprecated setup.py egg_info --egg-base ../../../../build/mypalletizer_260 build --build-base /home/amin/cobot/cobot_ws/build/mypalletizer_260/build install --record /home/amin/cobot/cobot_ws/build/mypalletizer_260/install.log --single-version-externally-managed install_data
[8.624s] DEBUG:colcon.colcon_core.event_handler.log_command:Invoking command in '/home/amin/cobot/cobot_ws/src/mycobot_ros2/mypalletizer_260/mypalletizer_260_pi': AMENT_PREFIX_PATH=/home/amin/cobot/cobot_ws/install/mycobot_description:/home/amin/cobot/cobot_ws/install/ultraarm:/home/amin/cobot/cobot_ws/install/pro450_moveit2_control:/home/amin/cobot/cobot_ws/install/pro450_moveit2:/home/amin/cobot/cobot_ws/install/mypalletizer_communication:/home/amin/cobot/cobot_ws/install/mypalletizer_interfaces:/home/amin/cobot/cobot_ws/install/mypalletizer_260_pi:/home/amin/cobot/cobot_ws/install/mypalletizer_260:/home/amin/cobot/cobot_ws/install/mycobot_pro_450:/home/amin/cobot/cobot_ws/install/mycobot_pro450_interfaces:/home/amin/cobot/cobot_ws/install/myarm_m750:/home/amin/cobot/cobot_ws/install/myarm_c650:/home/amin/cobot/cobot_ws/install/mycobot_communication:/home/amin/cobot/cobot_ws/install/mecharm_communication:/home/amin/cobot/cobot_ws/install/mycobot_interfaces:/home/amin/cobot/cobot_ws/install/mycobot_630:/home/amin/cobot/cobot_ws/install/mycobot_600:/home/amin/cobot/cobot_ws/install/mycobot_320pi:/home/amin/cobot/cobot_ws/install/mycobot_320_riscv:/home/amin/cobot/cobot_ws/install/mycobot_320:/home/amin/cobot/cobot_ws/install/mycobot_280rdkx5_moveit2:/home/amin/cobot/cobot_ws/install/mycobot_280pi:/home/amin/cobot/cobot_ws/install/mycobot_280jn:/home/amin/cobot/cobot_ws/install/mycobot_280arduino_moveit2:/home/amin/cobot/cobot_ws/install/mycobot_280_x3pi:/home/amin/cobot/cobot_ws/install/mycobot_280_riscv:/home/amin/cobot/cobot_ws/install/mycobot_280_rdkx5:/home/amin/cobot/cobot_ws/install/mycobot_280_moveit2_control:/home/amin/cobot/cobot_ws/install/mycobot_280_moveit2:/home/amin/cobot/cobot_ws/install/mycobot_280_gazebo_jazzy:/home/amin/cobot/cobot_ws/install/mycobot_280_gazebo:/home/amin/cobot/cobot_ws/install/mycobot_280_arduino:/home/amin/cobot/cobot_ws/install/mycobot_280:/home/amin/cobot/cobot_ws/install/mybuddy:/home/amin/cobot/cobot_ws/install/myarm_300:/home/amin/cobot/cobot_ws/install/mecharm_pi:/home/amin/cobot/cobot_ws/install/mecharm:/home/amin/cobot/cobot_ws/install/mecharm_interfaces:/opt/ros/jazzy DEBUGINFOD_URLS=https://debuginfod.ubuntu.com PYTHONPATH=/home/amin/cobot/cobot_ws/build/mypalletizer_260_pi/prefix_override:/usr/lib/python3/dist-packages/colcon_core/task/python/colcon_distutils_commands:/home/amin/cobot/cobot_ws/install/mypalletizer_260_pi/lib/python3.12/site-packages:/home/amin/cobot/cobot_ws/install/mycobot_description/lib/python3.12/site-packages:/home/amin/cobot/cobot_ws/install/ultraarm/lib/python3.12/site-packages:/home/amin/cobot/cobot_ws/install/pro450_moveit2_control/lib/python3.12/site-packages:/home/amin/cobot/cobot_ws/install/mypalletizer_communication/lib/python3.12/site-packages:/home/amin/cobot/cobot_ws/install/mypalletizer_interfaces/lib/python3.12/site-packages:/home/amin/cobot/cobot_ws/install/mypalletizer_260_pi/lib/python3.12/site-packages:/home/amin/cobot/cobot_ws/install/mypalletizer_260/lib/python3.12/site-packages:/home/amin/cobot/cobot_ws/install/mycobot_pro_450/lib/python3.12/site-packages:/home/amin/cobot/cobot_ws/install/mycobot_pro450_interfaces/lib/python3.12/site-packages:/home/amin/cobot/cobot_ws/install/myarm_m750/lib/python3.12/site-packages:/home/amin/cobot/cobot_ws/install/myarm_c650/lib/python3.12/site-packages:/home/amin/cobot/cobot_ws/install/mycobot_communication/lib/python3.12/site-packages:/home/amin/cobot/cobot_ws/install/mecharm_communication/lib/python3.12/site-packages:/home/amin/cobot/cobot_ws/install/mycobot_interfaces/lib/python3.12/site-packages:/home/amin/cobot/cobot_ws/install/mycobot_630/lib/python3.12/site-packages:/home/amin/cobot/cobot_ws/install/mycobot_600/lib/python3.12/site-packages:/home/amin/cobot/cobot_ws/install/mycobot_320pi/lib/python3.12/site-packages:/home/amin/cobot/cobot_ws/install/mycobot_320_riscv/lib/python3.12/site-packages:/home/amin/cobot/cobot_ws/install/mycobot_320/lib/python3.12/site-packages:/home/amin/cobot/cobot_ws/install/mycobot_280pi/lib/python3.12/site-packages:/home/amin/cobot/cobot_ws/install/mycobot_280jn/lib/python3.12/site-packages:/home/amin/cobot/cobot_ws/install/mycobot_280_x3pi/lib/python3.12/site-packages:/home/amin/cobot/cobot_ws/install/mycobot_280_riscv/lib/python3.12/site-packages:/home/amin/cobot/cobot_ws/install/mycobot_280_rdkx5/lib/python3.12/site-packages:/home/amin/cobot/cobot_ws/install/mycobot_280_moveit2_control/lib/python3.12/site-packages:/home/amin/cobot/cobot_ws/install/mycobot_280_arduino/lib/python3.12/site-packages:/home/amin/cobot/cobot_ws/install/mycobot_280/lib/python3.12/site-packages:/home/amin/cobot/cobot_ws/install/mybuddy/lib/python3.12/site-packages:/home/amin/cobot/cobot_ws/install/myarm_300/lib/python3.12/site-packages:/home/amin/cobot/cobot_ws/install/mecharm_pi/lib/python3.12/site-packages:/home/amin/cobot/cobot_ws/install/mecharm/lib/python3.12/site-packages:/home/amin/cobot/cobot_ws/install/mecharm_interfaces/lib/python3.12/site-packages:/opt/ros/jazzy/lib/python3.12/site-packages /usr/bin/python3 -W ignore:setup.py install is deprecated -W ignore:easy_install command is deprecated setup.py egg_info --egg-base ../../../../build/mypalletizer_260_pi build --build-base /home/amin/cobot/cobot_ws/build/mypalletizer_260_pi/build install --record /home/amin/cobot/cobot_ws/build/mypalletizer_260_pi/install.log --single-version-externally-managed install_data
[8.626s] Level 1:colcon.colcon_core.environment:checking '/home/amin/cobot/cobot_ws/install/mycobot_630' for CMake module files
[8.627s] Level 1:colcon.colcon_core.environment:checking '/home/amin/cobot/cobot_ws/install/mycobot_630' for CMake config files
[8.628s] Level 1:colcon.colcon_core.environment:checking '/home/amin/cobot/cobot_ws/install/mycobot_630/lib'
[8.628s] Level 1:colcon.colcon_core.environment:checking '/home/amin/cobot/cobot_ws/install/mycobot_630/bin'
[8.628s] Level 1:colcon.colcon_core.environment:checking '/home/amin/cobot/cobot_ws/install/mycobot_630/lib/pkgconfig/mycobot_630.pc'
[8.628s] Level 1:colcon.colcon_core.environment:checking '/home/amin/cobot/cobot_ws/install/mycobot_630/lib/python3.12/site-packages'
[8.629s] Level 1:colcon.colcon_core.shell:create_environment_hook('mycobot_630', 'pythonpath')
[8.629s] INFO:colcon.colcon_core.shell:Creating environment hook '/home/amin/cobot/cobot_ws/install/mycobot_630/share/mycobot_630/hook/pythonpath.ps1'
[8.629s] INFO:colcon.colcon_core.shell:Creating environment descriptor '/home/amin/cobot/cobot_ws/install/mycobot_630/share/mycobot_630/hook/pythonpath.dsv'
[8.630s] INFO:colcon.colcon_core.shell:Creating environment hook '/home/amin/cobot/cobot_ws/install/mycobot_630/share/mycobot_630/hook/pythonpath.sh'
[8.631s] Level 1:colcon.colcon_core.environment:checking '/home/amin/cobot/cobot_ws/install/mycobot_630/bin'
[8.631s] DEBUG:colcon.colcon_core.event_handler.log_command:Invoked command in '/home/amin/cobot/cobot_ws/src/mycobot_ros2/mycobot_pro/mycobot_630' returned '0': AMENT_PREFIX_PATH=/home/amin/cobot/cobot_ws/install/mycobot_description:/home/amin/cobot/cobot_ws/install/ultraarm:/home/amin/cobot/cobot_ws/install/pro450_moveit2_control:/home/amin/cobot/cobot_ws/install/pro450_moveit2:/home/amin/cobot/cobot_ws/install/mypalletizer_communication:/home/amin/cobot/cobot_ws/install/mypalletizer_interfaces:/home/amin/cobot/cobot_ws/install/mypalletizer_260_pi:/home/amin/cobot/cobot_ws/install/mypalletizer_260:/home/amin/cobot/cobot_ws/install/mycobot_pro_450:/home/amin/cobot/cobot_ws/install/mycobot_pro450_interfaces:/home/amin/cobot/cobot_ws/install/myarm_m750:/home/amin/cobot/cobot_ws/install/myarm_c650:/home/amin/cobot/cobot_ws/install/mycobot_communication:/home/amin/cobot/cobot_ws/install/mecharm_communication:/home/amin/cobot/cobot_ws/install/mycobot_interfaces:/home/amin/cobot/cobot_ws/install/mycobot_630:/home/amin/cobot/cobot_ws/install/mycobot_600:/home/amin/cobot/cobot_ws/install/mycobot_320pi:/home/amin/cobot/cobot_ws/install/mycobot_320_riscv:/home/amin/cobot/cobot_ws/install/mycobot_320:/home/amin/cobot/cobot_ws/install/mycobot_280rdkx5_moveit2:/home/amin/cobot/cobot_ws/install/mycobot_280pi:/home/amin/cobot/cobot_ws/install/mycobot_280jn:/home/amin/cobot/cobot_ws/install/mycobot_280arduino_moveit2:/home/amin/cobot/cobot_ws/install/mycobot_280_x3pi:/home/amin/cobot/cobot_ws/install/mycobot_280_riscv:/home/amin/cobot/cobot_ws/install/mycobot_280_rdkx5:/home/amin/cobot/cobot_ws/install/mycobot_280_moveit2_control:/home/amin/cobot/cobot_ws/install/mycobot_280_moveit2:/home/amin/cobot/cobot_ws/install/mycobot_280_gazebo_jazzy:/home/amin/cobot/cobot_ws/install/mycobot_280_gazebo:/home/amin/cobot/cobot_ws/install/mycobot_280_arduino:/home/amin/cobot/cobot_ws/install/mycobot_280:/home/amin/cobot/cobot_ws/install/mybuddy:/home/amin/cobot/cobot_ws/install/myarm_300:/home/amin/cobot/cobot_ws/install/mecharm_pi:/home/amin/cobot/cobot_ws/install/mecharm:/home/amin/cobot/cobot_ws/install/mecharm_interfaces:/opt/ros/jazzy DEBUGINFOD_URLS=https://debuginfod.ubuntu.com PYTHONPATH=/home/amin/cobot/cobot_ws/build/mycobot_630/prefix_override:/usr/lib/python3/dist-packages/colcon_core/task/python/colcon_distutils_commands:/home/amin/cobot/cobot_ws/install/mycobot_630/lib/python3.12/site-packages:/home/amin/cobot/cobot_ws/install/mycobot_description/lib/python3.12/site-packages:/home/amin/cobot/cobot_ws/install/ultraarm/lib/python3.12/site-packages:/home/amin/cobot/cobot_ws/install/pro450_moveit2_control/lib/python3.12/site-packages:/home/amin/cobot/cobot_ws/install/mypalletizer_communication/lib/python3.12/site-packages:/home/amin/cobot/cobot_ws/install/mypalletizer_interfaces/lib/python3.12/site-packages:/home/amin/cobot/cobot_ws/install/mypalletizer_260_pi/lib/python3.12/site-packages:/home/amin/cobot/cobot_ws/install/mypalletizer_260/lib/python3.12/site-packages:/home/amin/cobot/cobot_ws/install/mycobot_pro_450/lib/python3.12/site-packages:/home/amin/cobot/cobot_ws/install/mycobot_pro450_interfaces/lib/python3.12/site-packages:/home/amin/cobot/cobot_ws/install/myarm_m750/lib/python3.12/site-packages:/home/amin/cobot/cobot_ws/install/myarm_c650/lib/python3.12/site-packages:/home/amin/cobot/cobot_ws/install/mycobot_communication/lib/python3.12/site-packages:/home/amin/cobot/cobot_ws/install/mecharm_communication/lib/python3.12/site-packages:/home/amin/cobot/cobot_ws/install/mycobot_interfaces/lib/python3.12/site-packages:/home/amin/cobot/cobot_ws/install/mycobot_630/lib/python3.12/site-packages:/home/amin/cobot/cobot_ws/install/mycobot_600/lib/python3.12/site-packages:/home/amin/cobot/cobot_ws/install/mycobot_320pi/lib/python3.12/site-packages:/home/amin/cobot/cobot_ws/install/mycobot_320_riscv/lib/python3.12/site-packages:/home/amin/cobot/cobot_ws/install/mycobot_320/lib/python3.12/site-packages:/home/amin/cobot/cobot_ws/install/mycobot_280pi/lib/python3.12/site-packages:/home/amin/cobot/cobot_ws/install/mycobot_280jn/lib/python3.12/site-packages:/home/amin/cobot/cobot_ws/install/mycobot_280_x3pi/lib/python3.12/site-packages:/home/amin/cobot/cobot_ws/install/mycobot_280_riscv/lib/python3.12/site-packages:/home/amin/cobot/cobot_ws/install/mycobot_280_rdkx5/lib/python3.12/site-packages:/home/amin/cobot/cobot_ws/install/mycobot_280_moveit2_control/lib/python3.12/site-packages:/home/amin/cobot/cobot_ws/install/mycobot_280_arduino/lib/python3.12/site-packages:/home/amin/cobot/cobot_ws/install/mycobot_280/lib/python3.12/site-packages:/home/amin/cobot/cobot_ws/install/mybuddy/lib/python3.12/site-packages:/home/amin/cobot/cobot_ws/install/myarm_300/lib/python3.12/site-packages:/home/amin/cobot/cobot_ws/install/mecharm_pi/lib/python3.12/site-packages:/home/amin/cobot/cobot_ws/install/mecharm/lib/python3.12/site-packages:/home/amin/cobot/cobot_ws/install/mecharm_interfaces/lib/python3.12/site-packages:/opt/ros/jazzy/lib/python3.12/site-packages /usr/bin/python3 -W ignore:setup.py install is deprecated -W ignore:easy_install command is deprecated setup.py egg_info --egg-base ../../../../build/mycobot_630 build --build-base /home/amin/cobot/cobot_ws/build/mycobot_630/build install --record /home/amin/cobot/cobot_ws/build/mycobot_630/install.log --single-version-externally-managed install_data
[8.631s] Level 1:colcon.colcon_core.environment:create_environment_scripts_only(mycobot_630)
[8.631s] INFO:colcon.colcon_core.shell:Creating package script '/home/amin/cobot/cobot_ws/install/mycobot_630/share/mycobot_630/package.ps1'
[8.632s] INFO:colcon.colcon_core.shell:Creating package descriptor '/home/amin/cobot/cobot_ws/install/mycobot_630/share/mycobot_630/package.dsv'
[8.632s] INFO:colcon.colcon_core.shell:Creating package script '/home/amin/cobot/cobot_ws/install/mycobot_630/share/mycobot_630/package.sh'
[8.633s] INFO:colcon.colcon_core.shell:Creating package script '/home/amin/cobot/cobot_ws/install/mycobot_630/share/mycobot_630/package.bash'
[8.633s] INFO:colcon.colcon_core.shell:Creating package script '/home/amin/cobot/cobot_ws/install/mycobot_630/share/mycobot_630/package.zsh'
[8.634s] Level 1:colcon.colcon_core.environment:create_file_with_runtime_dependencies(/home/amin/cobot/cobot_ws/install/mycobot_630/share/colcon-core/packages/mycobot_630)
[8.635s] INFO:colcon.colcon_ros.task.ament_python.build:Building ROS package in '/home/amin/cobot/cobot_ws/src/mycobot_ros2/mycobot_280/mycobot_280_rdkx5' with build type 'ament_python'
[8.635s] Level 1:colcon.colcon_core.shell:create_environment_hook('mycobot_280_rdkx5', 'ament_prefix_path')
[8.636s] INFO:colcon.colcon_core.shell:Creating environment hook '/home/amin/cobot/cobot_ws/install/mycobot_280_rdkx5/share/mycobot_280_rdkx5/hook/ament_prefix_path.ps1'
[8.637s] INFO:colcon.colcon_core.shell:Creating environment descriptor '/home/amin/cobot/cobot_ws/install/mycobot_280_rdkx5/share/mycobot_280_rdkx5/hook/ament_prefix_path.dsv'
[8.637s] INFO:colcon.colcon_core.shell:Creating environment hook '/home/amin/cobot/cobot_ws/install/mycobot_280_rdkx5/share/mycobot_280_rdkx5/hook/ament_prefix_path.sh'
[8.638s] INFO:colcon.colcon_core.shell:Skip shell extension 'powershell' for command environment: Not usable outside of PowerShell
[8.638s] DEBUG:colcon.colcon_core.shell:Skip shell extension 'dsv' for command environment
[8.944s] INFO:colcon.colcon_core.task.python.build:Building Python package in '/home/amin/cobot/cobot_ws/src/mycobot_ros2/myArm/myarm_m750'
[8.944s] INFO:colcon.colcon_core.shell:Skip shell extension 'powershell' for command environment: Not usable outside of PowerShell
[8.944s] DEBUG:colcon.colcon_core.shell:Skip shell extension 'dsv' for command environment
[9.234s] INFO:colcon.colcon_core.task.python.build:Building Python package in '/home/amin/cobot/cobot_ws/src/mycobot_ros2/mycobot_280/mycobot_280_rdkx5'
[9.235s] INFO:colcon.colcon_core.shell:Skip shell extension 'powershell' for command environment: Not usable outside of PowerShell
[9.235s] DEBUG:colcon.colcon_core.shell:Skip shell extension 'dsv' for command environment
[9.244s] DEBUG:colcon.colcon_core.event_handler.log_command:Invoking command in '/home/amin/cobot/cobot_ws/src/mycobot_ros2/myArm/myarm_c650': AMENT_PREFIX_PATH=/home/amin/cobot/cobot_ws/install/mycobot_communication:/home/amin/cobot/cobot_ws/install/mycobot_description:/home/amin/cobot/cobot_ws/install/ultraarm:/home/amin/cobot/cobot_ws/install/pro450_moveit2_control:/home/amin/cobot/cobot_ws/install/pro450_moveit2:/home/amin/cobot/cobot_ws/install/mypalletizer_communication:/home/amin/cobot/cobot_ws/install/mypalletizer_interfaces:/home/amin/cobot/cobot_ws/install/mypalletizer_260_pi:/home/amin/cobot/cobot_ws/install/mypalletizer_260:/home/amin/cobot/cobot_ws/install/mycobot_pro_450:/home/amin/cobot/cobot_ws/install/mycobot_pro450_interfaces:/home/amin/cobot/cobot_ws/install/myarm_m750:/home/amin/cobot/cobot_ws/install/myarm_c650:/home/amin/cobot/cobot_ws/install/mecharm_communication:/home/amin/cobot/cobot_ws/install/mycobot_interfaces:/home/amin/cobot/cobot_ws/install/mycobot_630:/home/amin/cobot/cobot_ws/install/mycobot_600:/home/amin/cobot/cobot_ws/install/mycobot_320pi:/home/amin/cobot/cobot_ws/install/mycobot_320_riscv:/home/amin/cobot/cobot_ws/install/mycobot_320:/home/amin/cobot/cobot_ws/install/mycobot_280rdkx5_moveit2:/home/amin/cobot/cobot_ws/install/mycobot_280pi:/home/amin/cobot/cobot_ws/install/mycobot_280jn:/home/amin/cobot/cobot_ws/install/mycobot_280arduino_moveit2:/home/amin/cobot/cobot_ws/install/mycobot_280_x3pi:/home/amin/cobot/cobot_ws/install/mycobot_280_riscv:/home/amin/cobot/cobot_ws/install/mycobot_280_rdkx5:/home/amin/cobot/cobot_ws/install/mycobot_280_moveit2_control:/home/amin/cobot/cobot_ws/install/mycobot_280_moveit2:/home/amin/cobot/cobot_ws/install/mycobot_280_gazebo_jazzy:/home/amin/cobot/cobot_ws/install/mycobot_280_gazebo:/home/amin/cobot/cobot_ws/install/mycobot_280_arduino:/home/amin/cobot/cobot_ws/install/mycobot_280:/home/amin/cobot/cobot_ws/install/mybuddy:/home/amin/cobot/cobot_ws/install/myarm_300:/home/amin/cobot/cobot_ws/install/mecharm_pi:/home/amin/cobot/cobot_ws/install/mecharm:/home/amin/cobot/cobot_ws/install/mecharm_interfaces:/opt/ros/jazzy CMAKE_PREFIX_PATH=/home/amin/cobot/cobot_ws/install/mycobot_interfaces:/home/amin/cobot/cobot_ws/install/pro450_moveit2:/home/amin/cobot/cobot_ws/install/mypalletizer_interfaces:/home/amin/cobot/cobot_ws/install/mycobot_pro450_interfaces:/home/amin/cobot/cobot_ws/install/mycobot_280rdkx5_moveit2:/home/amin/cobot/cobot_ws/install/mycobot_280arduino_moveit2:/home/amin/cobot/cobot_ws/install/mycobot_280_moveit2:/home/amin/cobot/cobot_ws/install/mycobot_280_gazebo_jazzy:/home/amin/cobot/cobot_ws/install/mycobot_280_gazebo:/home/amin/cobot/cobot_ws/install/mecharm_interfaces:/opt/ros/jazzy/opt/gz_sim_vendor:/opt/ros/jazzy/opt/gz_sensors_vendor:/opt/ros/jazzy/opt/gz_physics_vendor:/opt/ros/jazzy/opt/sdformat_vendor:/opt/ros/jazzy/opt/gz_gui_vendor:/opt/ros/jazzy/opt/gz_transport_vendor:/opt/ros/jazzy/opt/gz_rendering_vendor:/opt/ros/jazzy/opt/gz_plugin_vendor:/opt/ros/jazzy/opt/gz_fuel_tools_vendor:/opt/ros/jazzy/opt/gz_msgs_vendor:/opt/ros/jazzy/opt/gz_common_vendor:/opt/ros/jazzy/opt/gz_math_vendor:/opt/ros/jazzy/opt/gz_utils_vendor:/opt/ros/jazzy/opt/gz_tools_vendor:/opt/ros/jazzy/opt/gz_ogre_next_vendor:/opt/ros/jazzy/opt/gz_dartsim_vendor:/opt/ros/jazzy/opt/gz_cmake_vendor DEBUGINFOD_URLS=https://debuginfod.ubuntu.com LD_LIBRARY_PATH=/home/amin/cobot/cobot_ws/install/mycobot_interfaces/lib:/home/amin/cobot/cobot_ws/install/mypalletizer_interfaces/lib:/home/amin/cobot/cobot_ws/install/mycobot_pro450_interfaces/lib:/home/amin/cobot/cobot_ws/install/mecharm_interfaces/lib:/opt/ros/jazzy/opt/gz_sim_vendor/lib:/opt/ros/jazzy/opt/gz_sensors_vendor/lib:/opt/ros/jazzy/opt/gz_physics_vendor/lib:/opt/ros/jazzy/opt/sdformat_vendor/lib:/opt/ros/jazzy/opt/rviz_ogre_vendor/lib:/opt/ros/jazzy/lib/x86_64-linux-gnu:/opt/ros/jazzy/opt/gz_gui_vendor/lib:/opt/ros/jazzy/opt/gz_transport_vendor/lib:/opt/ros/jazzy/opt/gz_rendering_vendor/lib:/opt/ros/jazzy/opt/gz_plugin_vendor/lib:/opt/ros/jazzy/opt/gz_fuel_tools_vendor/lib:/opt/ros/jazzy/opt/gz_msgs_vendor/lib:/opt/ros/jazzy/opt/gz_common_vendor/lib:/opt/ros/jazzy/opt/gz_math_vendor/lib:/opt/ros/jazzy/opt/gz_utils_vendor/lib:/opt/ros/jazzy/opt/gz_tools_vendor/lib:/opt/ros/jazzy/opt/gz_ogre_next_vendor/lib:/opt/ros/jazzy/opt/gz_dartsim_vendor/lib:/opt/ros/jazzy/opt/gz_cmake_vendor/lib:/opt/ros/jazzy/lib PYTHONPATH=/home/amin/cobot/cobot_ws/build/myarm_c650/prefix_override:/usr/lib/python3/dist-packages/colcon_core/task/python/colcon_distutils_commands:/home/amin/cobot/cobot_ws/install/myarm_c650/lib/python3.12/site-packages:/home/amin/cobot/cobot_ws/install/mycobot_communication/lib/python3.12/site-packages:/home/amin/cobot/cobot_ws/install/mycobot_interfaces/lib/python3.12/site-packages:/home/amin/cobot/cobot_ws/install/mycobot_description/lib/python3.12/site-packages:/home/amin/cobot/cobot_ws/install/ultraarm/lib/python3.12/site-packages:/home/amin/cobot/cobot_ws/install/pro450_moveit2_control/lib/python3.12/site-packages:/home/amin/cobot/cobot_ws/install/mypalletizer_communication/lib/python3.12/site-packages:/home/amin/cobot/cobot_ws/install/mypalletizer_interfaces/lib/python3.12/site-packages:/home/amin/cobot/cobot_ws/install/mypalletizer_260_pi/lib/python3.12/site-packages:/home/amin/cobot/cobot_ws/install/mypalletizer_260/lib/python3.12/site-packages:/home/amin/cobot/cobot_ws/install/mycobot_pro_450/lib/python3.12/site-packages:/home/amin/cobot/cobot_ws/install/mycobot_pro450_interfaces/lib/python3.12/site-packages:/home/amin/cobot/cobot_ws/install/myarm_m750/lib/python3.12/site-packages:/home/amin/cobot/cobot_ws/install/myarm_c650/lib/python3.12/site-packages:/home/amin/cobot/cobot_ws/install/mecharm_communication/lib/python3.12/site-packages:/home/amin/cobot/cobot_ws/install/mycobot_630/lib/python3.12/site-packages:/home/amin/cobot/cobot_ws/install/mycobot_600/lib/python3.12/site-packages:/home/amin/cobot/cobot_ws/install/mycobot_320pi/lib/python3.12/site-packages:/home/amin/cobot/cobot_ws/install/mycobot_320_riscv/lib/python3.12/site-packages:/home/amin/cobot/cobot_ws/install/mycobot_320/lib/python3.12/site-packages:/home/amin/cobot/cobot_ws/install/mycobot_280pi/lib/python3.12/site-packages:/home/amin/cobot/cobot_ws/install/mycobot_280jn/lib/python3.12/site-packages:/home/amin/cobot/cobot_ws/install/mycobot_280_x3pi/lib/python3.12/site-packages:/home/amin/cobot/cobot_ws/install/mycobot_280_riscv/lib/python3.12/site-packages:/home/amin/cobot/cobot_ws/install/mycobot_280_rdkx5/lib/python3.12/site-packages:/home/amin/cobot/cobot_ws/install/mycobot_280_moveit2_control/lib/python3.12/site-packages:/home/amin/cobot/cobot_ws/install/mycobot_280_arduino/lib/python3.12/site-packages:/home/amin/cobot/cobot_ws/install/mycobot_280/lib/python3.12/site-packages:/home/amin/cobot/cobot_ws/install/mybuddy/lib/python3.12/site-packages:/home/amin/cobot/cobot_ws/install/myarm_300/lib/python3.12/site-packages:/home/amin/cobot/cobot_ws/install/mecharm_pi/lib/python3.12/site-packages:/home/amin/cobot/cobot_ws/install/mecharm/lib/python3.12/site-packages:/home/amin/cobot/cobot_ws/install/mecharm_interfaces/lib/python3.12/site-packages:/opt/ros/jazzy/lib/python3.12/site-packages /usr/bin/python3 -W ignore:setup.py install is deprecated -W ignore:easy_install command is deprecated setup.py egg_info --egg-base ../../../../build/myarm_c650 build --build-base /home/amin/cobot/cobot_ws/build/myarm_c650/build install --record /home/amin/cobot/cobot_ws/build/myarm_c650/install.log --single-version-externally-managed install_data
[9.411s] Level 1:colcon.colcon_core.environment:checking '/home/amin/cobot/cobot_ws/install/mypalletizer_260_pi' for CMake module files
[9.411s] DEBUG:colcon.colcon_core.event_handler.log_command:Invoked command in '/home/amin/cobot/cobot_ws/src/mycobot_ros2/mypalletizer_260/mypalletizer_260_pi' returned '0': AMENT_PREFIX_PATH=/home/amin/cobot/cobot_ws/install/mycobot_description:/home/amin/cobot/cobot_ws/install/ultraarm:/home/amin/cobot/cobot_ws/install/pro450_moveit2_control:/home/amin/cobot/cobot_ws/install/pro450_moveit2:/home/amin/cobot/cobot_ws/install/mypalletizer_communication:/home/amin/cobot/cobot_ws/install/mypalletizer_interfaces:/home/amin/cobot/cobot_ws/install/mypalletizer_260_pi:/home/amin/cobot/cobot_ws/install/mypalletizer_260:/home/amin/cobot/cobot_ws/install/mycobot_pro_450:/home/amin/cobot/cobot_ws/install/mycobot_pro450_interfaces:/home/amin/cobot/cobot_ws/install/myarm_m750:/home/amin/cobot/cobot_ws/install/myarm_c650:/home/amin/cobot/cobot_ws/install/mycobot_communication:/home/amin/cobot/cobot_ws/install/mecharm_communication:/home/amin/cobot/cobot_ws/install/mycobot_interfaces:/home/amin/cobot/cobot_ws/install/mycobot_630:/home/amin/cobot/cobot_ws/install/mycobot_600:/home/amin/cobot/cobot_ws/install/mycobot_320pi:/home/amin/cobot/cobot_ws/install/mycobot_320_riscv:/home/amin/cobot/cobot_ws/install/mycobot_320:/home/amin/cobot/cobot_ws/install/mycobot_280rdkx5_moveit2:/home/amin/cobot/cobot_ws/install/mycobot_280pi:/home/amin/cobot/cobot_ws/install/mycobot_280jn:/home/amin/cobot/cobot_ws/install/mycobot_280arduino_moveit2:/home/amin/cobot/cobot_ws/install/mycobot_280_x3pi:/home/amin/cobot/cobot_ws/install/mycobot_280_riscv:/home/amin/cobot/cobot_ws/install/mycobot_280_rdkx5:/home/amin/cobot/cobot_ws/install/mycobot_280_moveit2_control:/home/amin/cobot/cobot_ws/install/mycobot_280_moveit2:/home/amin/cobot/cobot_ws/install/mycobot_280_gazebo_jazzy:/home/amin/cobot/cobot_ws/install/mycobot_280_gazebo:/home/amin/cobot/cobot_ws/install/mycobot_280_arduino:/home/amin/cobot/cobot_ws/install/mycobot_280:/home/amin/cobot/cobot_ws/install/mybuddy:/home/amin/cobot/cobot_ws/install/myarm_300:/home/amin/cobot/cobot_ws/install/mecharm_pi:/home/amin/cobot/cobot_ws/install/mecharm:/home/amin/cobot/cobot_ws/install/mecharm_interfaces:/opt/ros/jazzy DEBUGINFOD_URLS=https://debuginfod.ubuntu.com PYTHONPATH=/home/amin/cobot/cobot_ws/build/mypalletizer_260_pi/prefix_override:/usr/lib/python3/dist-packages/colcon_core/task/python/colcon_distutils_commands:/home/amin/cobot/cobot_ws/install/mypalletizer_260_pi/lib/python3.12/site-packages:/home/amin/cobot/cobot_ws/install/mycobot_description/lib/python3.12/site-packages:/home/amin/cobot/cobot_ws/install/ultraarm/lib/python3.12/site-packages:/home/amin/cobot/cobot_ws/install/pro450_moveit2_control/lib/python3.12/site-packages:/home/amin/cobot/cobot_ws/install/mypalletizer_communication/lib/python3.12/site-packages:/home/amin/cobot/cobot_ws/install/mypalletizer_interfaces/lib/python3.12/site-packages:/home/amin/cobot/cobot_ws/install/mypalletizer_260_pi/lib/python3.12/site-packages:/home/amin/cobot/cobot_ws/install/mypalletizer_260/lib/python3.12/site-packages:/home/amin/cobot/cobot_ws/install/mycobot_pro_450/lib/python3.12/site-packages:/home/amin/cobot/cobot_ws/install/mycobot_pro450_interfaces/lib/python3.12/site-packages:/home/amin/cobot/cobot_ws/install/myarm_m750/lib/python3.12/site-packages:/home/amin/cobot/cobot_ws/install/myarm_c650/lib/python3.12/site-packages:/home/amin/cobot/cobot_ws/install/mycobot_communication/lib/python3.12/site-packages:/home/amin/cobot/cobot_ws/install/mecharm_communication/lib/python3.12/site-packages:/home/amin/cobot/cobot_ws/install/mycobot_interfaces/lib/python3.12/site-packages:/home/amin/cobot/cobot_ws/install/mycobot_630/lib/python3.12/site-packages:/home/amin/cobot/cobot_ws/install/mycobot_600/lib/python3.12/site-packages:/home/amin/cobot/cobot_ws/install/mycobot_320pi/lib/python3.12/site-packages:/home/amin/cobot/cobot_ws/install/mycobot_320_riscv/lib/python3.12/site-packages:/home/amin/cobot/cobot_ws/install/mycobot_320/lib/python3.12/site-packages:/home/amin/cobot/cobot_ws/install/mycobot_280pi/lib/python3.12/site-packages:/home/amin/cobot/cobot_ws/install/mycobot_280jn/lib/python3.12/site-packages:/home/amin/cobot/cobot_ws/install/mycobot_280_x3pi/lib/python3.12/site-packages:/home/amin/cobot/cobot_ws/install/mycobot_280_riscv/lib/python3.12/site-packages:/home/amin/cobot/cobot_ws/install/mycobot_280_rdkx5/lib/python3.12/site-packages:/home/amin/cobot/cobot_ws/install/mycobot_280_moveit2_control/lib/python3.12/site-packages:/home/amin/cobot/cobot_ws/install/mycobot_280_arduino/lib/python3.12/site-packages:/home/amin/cobot/cobot_ws/install/mycobot_280/lib/python3.12/site-packages:/home/amin/cobot/cobot_ws/install/mybuddy/lib/python3.12/site-packages:/home/amin/cobot/cobot_ws/install/myarm_300/lib/python3.12/site-packages:/home/amin/cobot/cobot_ws/install/mecharm_pi/lib/python3.12/site-packages:/home/amin/cobot/cobot_ws/install/mecharm/lib/python3.12/site-packages:/home/amin/cobot/cobot_ws/install/mecharm_interfaces/lib/python3.12/site-packages:/opt/ros/jazzy/lib/python3.12/site-packages /usr/bin/python3 -W ignore:setup.py install is deprecated -W ignore:easy_install command is deprecated setup.py egg_info --egg-base ../../../../build/mypalletizer_260_pi build --build-base /home/amin/cobot/cobot_ws/build/mypalletizer_260_pi/build install --record /home/amin/cobot/cobot_ws/build/mypalletizer_260_pi/install.log --single-version-externally-managed install_data
[9.413s] Level 1:colcon.colcon_core.environment:checking '/home/amin/cobot/cobot_ws/install/mypalletizer_260_pi' for CMake config files
[9.413s] Level 1:colcon.colcon_core.environment:checking '/home/amin/cobot/cobot_ws/install/mypalletizer_260_pi/lib'
[9.414s] Level 1:colcon.colcon_core.environment:checking '/home/amin/cobot/cobot_ws/install/mypalletizer_260_pi/bin'
[9.414s] Level 1:colcon.colcon_core.environment:checking '/home/amin/cobot/cobot_ws/install/mypalletizer_260_pi/lib/pkgconfig/mypalletizer_260_pi.pc'
[9.414s] Level 1:colcon.colcon_core.environment:checking '/home/amin/cobot/cobot_ws/install/mypalletizer_260_pi/lib/python3.12/site-packages'
[9.414s] Level 1:colcon.colcon_core.shell:create_environment_hook('mypalletizer_260_pi', 'pythonpath')
[9.415s] INFO:colcon.colcon_core.shell:Creating environment hook '/home/amin/cobot/cobot_ws/install/mypalletizer_260_pi/share/mypalletizer_260_pi/hook/pythonpath.ps1'
[9.416s] INFO:colcon.colcon_core.shell:Creating environment descriptor '/home/amin/cobot/cobot_ws/install/mypalletizer_260_pi/share/mypalletizer_260_pi/hook/pythonpath.dsv'
[9.417s] INFO:colcon.colcon_core.shell:Creating environment hook '/home/amin/cobot/cobot_ws/install/mypalletizer_260_pi/share/mypalletizer_260_pi/hook/pythonpath.sh'
[9.417s] Level 1:colcon.colcon_core.environment:checking '/home/amin/cobot/cobot_ws/install/mypalletizer_260_pi/bin'
[9.418s] Level 1:colcon.colcon_core.environment:create_environment_scripts_only(mypalletizer_260_pi)
[9.418s] INFO:colcon.colcon_core.shell:Creating package script '/home/amin/cobot/cobot_ws/install/mypalletizer_260_pi/share/mypalletizer_260_pi/package.ps1'
[9.419s] INFO:colcon.colcon_core.shell:Creating package descriptor '/home/amin/cobot/cobot_ws/install/mypalletizer_260_pi/share/mypalletizer_260_pi/package.dsv'
[9.420s] INFO:colcon.colcon_core.shell:Creating package script '/home/amin/cobot/cobot_ws/install/mypalletizer_260_pi/share/mypalletizer_260_pi/package.sh'
[9.421s] INFO:colcon.colcon_core.shell:Creating package script '/home/amin/cobot/cobot_ws/install/mypalletizer_260_pi/share/mypalletizer_260_pi/package.bash'
[9.422s] INFO:colcon.colcon_core.shell:Creating package script '/home/amin/cobot/cobot_ws/install/mypalletizer_260_pi/share/mypalletizer_260_pi/package.zsh'
[9.422s] Level 1:colcon.colcon_core.environment:create_file_with_runtime_dependencies(/home/amin/cobot/cobot_ws/install/mypalletizer_260_pi/share/colcon-core/packages/mypalletizer_260_pi)
[9.425s] Level 1:colcon.colcon_core.environment:checking '/home/amin/cobot/cobot_ws/install/mypalletizer_260' for CMake module files
[9.426s] DEBUG:colcon.colcon_core.event_handler.log_command:Invoked command in '/home/amin/cobot/cobot_ws/src/mycobot_ros2/mypalletizer_260/mypalletizer_260' returned '0': AMENT_PREFIX_PATH=/home/amin/cobot/cobot_ws/install/mycobot_description:/home/amin/cobot/cobot_ws/install/ultraarm:/home/amin/cobot/cobot_ws/install/pro450_moveit2_control:/home/amin/cobot/cobot_ws/install/pro450_moveit2:/home/amin/cobot/cobot_ws/install/mypalletizer_communication:/home/amin/cobot/cobot_ws/install/mypalletizer_interfaces:/home/amin/cobot/cobot_ws/install/mypalletizer_260_pi:/home/amin/cobot/cobot_ws/install/mypalletizer_260:/home/amin/cobot/cobot_ws/install/mycobot_pro_450:/home/amin/cobot/cobot_ws/install/mycobot_pro450_interfaces:/home/amin/cobot/cobot_ws/install/myarm_m750:/home/amin/cobot/cobot_ws/install/myarm_c650:/home/amin/cobot/cobot_ws/install/mycobot_communication:/home/amin/cobot/cobot_ws/install/mecharm_communication:/home/amin/cobot/cobot_ws/install/mycobot_interfaces:/home/amin/cobot/cobot_ws/install/mycobot_630:/home/amin/cobot/cobot_ws/install/mycobot_600:/home/amin/cobot/cobot_ws/install/mycobot_320pi:/home/amin/cobot/cobot_ws/install/mycobot_320_riscv:/home/amin/cobot/cobot_ws/install/mycobot_320:/home/amin/cobot/cobot_ws/install/mycobot_280rdkx5_moveit2:/home/amin/cobot/cobot_ws/install/mycobot_280pi:/home/amin/cobot/cobot_ws/install/mycobot_280jn:/home/amin/cobot/cobot_ws/install/mycobot_280arduino_moveit2:/home/amin/cobot/cobot_ws/install/mycobot_280_x3pi:/home/amin/cobot/cobot_ws/install/mycobot_280_riscv:/home/amin/cobot/cobot_ws/install/mycobot_280_rdkx5:/home/amin/cobot/cobot_ws/install/mycobot_280_moveit2_control:/home/amin/cobot/cobot_ws/install/mycobot_280_moveit2:/home/amin/cobot/cobot_ws/install/mycobot_280_gazebo_jazzy:/home/amin/cobot/cobot_ws/install/mycobot_280_gazebo:/home/amin/cobot/cobot_ws/install/mycobot_280_arduino:/home/amin/cobot/cobot_ws/install/mycobot_280:/home/amin/cobot/cobot_ws/install/mybuddy:/home/amin/cobot/cobot_ws/install/myarm_300:/home/amin/cobot/cobot_ws/install/mecharm_pi:/home/amin/cobot/cobot_ws/install/mecharm:/home/amin/cobot/cobot_ws/install/mecharm_interfaces:/opt/ros/jazzy DEBUGINFOD_URLS=https://debuginfod.ubuntu.com PYTHONPATH=/home/amin/cobot/cobot_ws/build/mypalletizer_260/prefix_override:/usr/lib/python3/dist-packages/colcon_core/task/python/colcon_distutils_commands:/home/amin/cobot/cobot_ws/install/mypalletizer_260/lib/python3.12/site-packages:/home/amin/cobot/cobot_ws/install/mycobot_description/lib/python3.12/site-packages:/home/amin/cobot/cobot_ws/install/ultraarm/lib/python3.12/site-packages:/home/amin/cobot/cobot_ws/install/pro450_moveit2_control/lib/python3.12/site-packages:/home/amin/cobot/cobot_ws/install/mypalletizer_communication/lib/python3.12/site-packages:/home/amin/cobot/cobot_ws/install/mypalletizer_interfaces/lib/python3.12/site-packages:/home/amin/cobot/cobot_ws/install/mypalletizer_260_pi/lib/python3.12/site-packages:/home/amin/cobot/cobot_ws/install/mypalletizer_260/lib/python3.12/site-packages:/home/amin/cobot/cobot_ws/install/mycobot_pro_450/lib/python3.12/site-packages:/home/amin/cobot/cobot_ws/install/mycobot_pro450_interfaces/lib/python3.12/site-packages:/home/amin/cobot/cobot_ws/install/myarm_m750/lib/python3.12/site-packages:/home/amin/cobot/cobot_ws/install/myarm_c650/lib/python3.12/site-packages:/home/amin/cobot/cobot_ws/install/mycobot_communication/lib/python3.12/site-packages:/home/amin/cobot/cobot_ws/install/mecharm_communication/lib/python3.12/site-packages:/home/amin/cobot/cobot_ws/install/mycobot_interfaces/lib/python3.12/site-packages:/home/amin/cobot/cobot_ws/install/mycobot_630/lib/python3.12/site-packages:/home/amin/cobot/cobot_ws/install/mycobot_600/lib/python3.12/site-packages:/home/amin/cobot/cobot_ws/install/mycobot_320pi/lib/python3.12/site-packages:/home/amin/cobot/cobot_ws/install/mycobot_320_riscv/lib/python3.12/site-packages:/home/amin/cobot/cobot_ws/install/mycobot_320/lib/python3.12/site-packages:/home/amin/cobot/cobot_ws/install/mycobot_280pi/lib/python3.12/site-packages:/home/amin/cobot/cobot_ws/install/mycobot_280jn/lib/python3.12/site-packages:/home/amin/cobot/cobot_ws/install/mycobot_280_x3pi/lib/python3.12/site-packages:/home/amin/cobot/cobot_ws/install/mycobot_280_riscv/lib/python3.12/site-packages:/home/amin/cobot/cobot_ws/install/mycobot_280_rdkx5/lib/python3.12/site-packages:/home/amin/cobot/cobot_ws/install/mycobot_280_moveit2_control/lib/python3.12/site-packages:/home/amin/cobot/cobot_ws/install/mycobot_280_arduino/lib/python3.12/site-packages:/home/amin/cobot/cobot_ws/install/mycobot_280/lib/python3.12/site-packages:/home/amin/cobot/cobot_ws/install/mybuddy/lib/python3.12/site-packages:/home/amin/cobot/cobot_ws/install/myarm_300/lib/python3.12/site-packages:/home/amin/cobot/cobot_ws/install/mecharm_pi/lib/python3.12/site-packages:/home/amin/cobot/cobot_ws/install/mecharm/lib/python3.12/site-packages:/home/amin/cobot/cobot_ws/install/mecharm_interfaces/lib/python3.12/site-packages:/opt/ros/jazzy/lib/python3.12/site-packages /usr/bin/python3 -W ignore:setup.py install is deprecated -W ignore:easy_install command is deprecated setup.py egg_info --egg-base ../../../../build/mypalletizer_260 build --build-base /home/amin/cobot/cobot_ws/build/mypalletizer_260/build install --record /home/amin/cobot/cobot_ws/build/mypalletizer_260/install.log --single-version-externally-managed install_data
[9.426s] Level 1:colcon.colcon_core.environment:checking '/home/amin/cobot/cobot_ws/install/mypalletizer_260' for CMake config files
[9.427s] Level 1:colcon.colcon_core.environment:checking '/home/amin/cobot/cobot_ws/install/mypalletizer_260/lib'
[9.427s] Level 1:colcon.colcon_core.environment:checking '/home/amin/cobot/cobot_ws/install/mypalletizer_260/bin'
[9.427s] Level 1:colcon.colcon_core.environment:checking '/home/amin/cobot/cobot_ws/install/mypalletizer_260/lib/pkgconfig/mypalletizer_260.pc'
[9.427s] Level 1:colcon.colcon_core.environment:checking '/home/amin/cobot/cobot_ws/install/mypalletizer_260/lib/python3.12/site-packages'
[9.427s] Level 1:colcon.colcon_core.shell:create_environment_hook('mypalletizer_260', 'pythonpath')
[9.427s] INFO:colcon.colcon_core.shell:Creating environment hook '/home/amin/cobot/cobot_ws/install/mypalletizer_260/share/mypalletizer_260/hook/pythonpath.ps1'
[9.428s] INFO:colcon.colcon_core.shell:Creating environment descriptor '/home/amin/cobot/cobot_ws/install/mypalletizer_260/share/mypalletizer_260/hook/pythonpath.dsv'
[9.428s] INFO:colcon.colcon_core.shell:Creating environment hook '/home/amin/cobot/cobot_ws/install/mypalletizer_260/share/mypalletizer_260/hook/pythonpath.sh'
[9.429s] Level 1:colcon.colcon_core.environment:checking '/home/amin/cobot/cobot_ws/install/mypalletizer_260/bin'
[9.429s] Level 1:colcon.colcon_core.environment:create_environment_scripts_only(mypalletizer_260)
[9.429s] INFO:colcon.colcon_core.shell:Creating package script '/home/amin/cobot/cobot_ws/install/mypalletizer_260/share/mypalletizer_260/package.ps1'
[9.429s] INFO:colcon.colcon_core.shell:Creating package descriptor '/home/amin/cobot/cobot_ws/install/mypalletizer_260/share/mypalletizer_260/package.dsv'
[9.430s] INFO:colcon.colcon_core.shell:Creating package script '/home/amin/cobot/cobot_ws/install/mypalletizer_260/share/mypalletizer_260/package.sh'
[9.430s] INFO:colcon.colcon_core.shell:Creating package script '/home/amin/cobot/cobot_ws/install/mypalletizer_260/share/mypalletizer_260/package.bash'
[9.430s] INFO:colcon.colcon_core.shell:Creating package script '/home/amin/cobot/cobot_ws/install/mypalletizer_260/share/mypalletizer_260/package.zsh'
[9.431s] Level 1:colcon.colcon_core.environment:create_file_with_runtime_dependencies(/home/amin/cobot/cobot_ws/install/mypalletizer_260/share/colcon-core/packages/mypalletizer_260)
[9.431s] Level 1:colcon.colcon_core.environment:checking '/home/amin/cobot/cobot_ws/install/mycobot_pro_450' for CMake module files
[9.432s] DEBUG:colcon.colcon_core.event_handler.log_command:Invoked command in '/home/amin/cobot/cobot_ws/src/mycobot_ros2/mycobot_pro/mycobot_pro_450' returned '0': AMENT_PREFIX_PATH=/home/amin/cobot/cobot_ws/install/mycobot_description:/home/amin/cobot/cobot_ws/install/ultraarm:/home/amin/cobot/cobot_ws/install/pro450_moveit2_control:/home/amin/cobot/cobot_ws/install/pro450_moveit2:/home/amin/cobot/cobot_ws/install/mypalletizer_communication:/home/amin/cobot/cobot_ws/install/mypalletizer_interfaces:/home/amin/cobot/cobot_ws/install/mypalletizer_260_pi:/home/amin/cobot/cobot_ws/install/mypalletizer_260:/home/amin/cobot/cobot_ws/install/mycobot_pro_450:/home/amin/cobot/cobot_ws/install/mycobot_pro450_interfaces:/home/amin/cobot/cobot_ws/install/myarm_m750:/home/amin/cobot/cobot_ws/install/myarm_c650:/home/amin/cobot/cobot_ws/install/mycobot_communication:/home/amin/cobot/cobot_ws/install/mecharm_communication:/home/amin/cobot/cobot_ws/install/mycobot_interfaces:/home/amin/cobot/cobot_ws/install/mycobot_630:/home/amin/cobot/cobot_ws/install/mycobot_600:/home/amin/cobot/cobot_ws/install/mycobot_320pi:/home/amin/cobot/cobot_ws/install/mycobot_320_riscv:/home/amin/cobot/cobot_ws/install/mycobot_320:/home/amin/cobot/cobot_ws/install/mycobot_280rdkx5_moveit2:/home/amin/cobot/cobot_ws/install/mycobot_280pi:/home/amin/cobot/cobot_ws/install/mycobot_280jn:/home/amin/cobot/cobot_ws/install/mycobot_280arduino_moveit2:/home/amin/cobot/cobot_ws/install/mycobot_280_x3pi:/home/amin/cobot/cobot_ws/install/mycobot_280_riscv:/home/amin/cobot/cobot_ws/install/mycobot_280_rdkx5:/home/amin/cobot/cobot_ws/install/mycobot_280_moveit2_control:/home/amin/cobot/cobot_ws/install/mycobot_280_moveit2:/home/amin/cobot/cobot_ws/install/mycobot_280_gazebo_jazzy:/home/amin/cobot/cobot_ws/install/mycobot_280_gazebo:/home/amin/cobot/cobot_ws/install/mycobot_280_arduino:/home/amin/cobot/cobot_ws/install/mycobot_280:/home/amin/cobot/cobot_ws/install/mybuddy:/home/amin/cobot/cobot_ws/install/myarm_300:/home/amin/cobot/cobot_ws/install/mecharm_pi:/home/amin/cobot/cobot_ws/install/mecharm:/home/amin/cobot/cobot_ws/install/mecharm_interfaces:/opt/ros/jazzy DEBUGINFOD_URLS=https://debuginfod.ubuntu.com PYTHONPATH=/home/amin/cobot/cobot_ws/build/mycobot_pro_450/prefix_override:/usr/lib/python3/dist-packages/colcon_core/task/python/colcon_distutils_commands:/home/amin/cobot/cobot_ws/install/mycobot_pro_450/lib/python3.12/site-packages:/home/amin/cobot/cobot_ws/install/mycobot_description/lib/python3.12/site-packages:/home/amin/cobot/cobot_ws/install/ultraarm/lib/python3.12/site-packages:/home/amin/cobot/cobot_ws/install/pro450_moveit2_control/lib/python3.12/site-packages:/home/amin/cobot/cobot_ws/install/mypalletizer_communication/lib/python3.12/site-packages:/home/amin/cobot/cobot_ws/install/mypalletizer_interfaces/lib/python3.12/site-packages:/home/amin/cobot/cobot_ws/install/mypalletizer_260_pi/lib/python3.12/site-packages:/home/amin/cobot/cobot_ws/install/mypalletizer_260/lib/python3.12/site-packages:/home/amin/cobot/cobot_ws/install/mycobot_pro_450/lib/python3.12/site-packages:/home/amin/cobot/cobot_ws/install/mycobot_pro450_interfaces/lib/python3.12/site-packages:/home/amin/cobot/cobot_ws/install/myarm_m750/lib/python3.12/site-packages:/home/amin/cobot/cobot_ws/install/myarm_c650/lib/python3.12/site-packages:/home/amin/cobot/cobot_ws/install/mycobot_communication/lib/python3.12/site-packages:/home/amin/cobot/cobot_ws/install/mecharm_communication/lib/python3.12/site-packages:/home/amin/cobot/cobot_ws/install/mycobot_interfaces/lib/python3.12/site-packages:/home/amin/cobot/cobot_ws/install/mycobot_630/lib/python3.12/site-packages:/home/amin/cobot/cobot_ws/install/mycobot_600/lib/python3.12/site-packages:/home/amin/cobot/cobot_ws/install/mycobot_320pi/lib/python3.12/site-packages:/home/amin/cobot/cobot_ws/install/mycobot_320_riscv/lib/python3.12/site-packages:/home/amin/cobot/cobot_ws/install/mycobot_320/lib/python3.12/site-packages:/home/amin/cobot/cobot_ws/install/mycobot_280pi/lib/python3.12/site-packages:/home/amin/cobot/cobot_ws/install/mycobot_280jn/lib/python3.12/site-packages:/home/amin/cobot/cobot_ws/install/mycobot_280_x3pi/lib/python3.12/site-packages:/home/amin/cobot/cobot_ws/install/mycobot_280_riscv/lib/python3.12/site-packages:/home/amin/cobot/cobot_ws/install/mycobot_280_rdkx5/lib/python3.12/site-packages:/home/amin/cobot/cobot_ws/install/mycobot_280_moveit2_control/lib/python3.12/site-packages:/home/amin/cobot/cobot_ws/install/mycobot_280_arduino/lib/python3.12/site-packages:/home/amin/cobot/cobot_ws/install/mycobot_280/lib/python3.12/site-packages:/home/amin/cobot/cobot_ws/install/mybuddy/lib/python3.12/site-packages:/home/amin/cobot/cobot_ws/install/myarm_300/lib/python3.12/site-packages:/home/amin/cobot/cobot_ws/install/mecharm_pi/lib/python3.12/site-packages:/home/amin/cobot/cobot_ws/install/mecharm/lib/python3.12/site-packages:/home/amin/cobot/cobot_ws/install/mecharm_interfaces/lib/python3.12/site-packages:/opt/ros/jazzy/lib/python3.12/site-packages /usr/bin/python3 -W ignore:setup.py install is deprecated -W ignore:easy_install command is deprecated setup.py egg_info --egg-base ../../../../build/mycobot_pro_450 build --build-base /home/amin/cobot/cobot_ws/build/mycobot_pro_450/build install --record /home/amin/cobot/cobot_ws/build/mycobot_pro_450/install.log --single-version-externally-managed install_data
[9.432s] Level 1:colcon.colcon_core.environment:checking '/home/amin/cobot/cobot_ws/install/mycobot_pro_450' for CMake config files
[9.433s] Level 1:colcon.colcon_core.environment:checking '/home/amin/cobot/cobot_ws/install/mycobot_pro_450/lib'
[9.433s] Level 1:colcon.colcon_core.environment:checking '/home/amin/cobot/cobot_ws/install/mycobot_pro_450/bin'
[9.433s] Level 1:colcon.colcon_core.environment:checking '/home/amin/cobot/cobot_ws/install/mycobot_pro_450/lib/pkgconfig/mycobot_pro_450.pc'
[9.433s] Level 1:colcon.colcon_core.environment:checking '/home/amin/cobot/cobot_ws/install/mycobot_pro_450/lib/python3.12/site-packages'
[9.433s] Level 1:colcon.colcon_core.shell:create_environment_hook('mycobot_pro_450', 'pythonpath')
[9.433s] INFO:colcon.colcon_core.shell:Creating environment hook '/home/amin/cobot/cobot_ws/install/mycobot_pro_450/share/mycobot_pro_450/hook/pythonpath.ps1'
[9.434s] INFO:colcon.colcon_core.shell:Creating environment descriptor '/home/amin/cobot/cobot_ws/install/mycobot_pro_450/share/mycobot_pro_450/hook/pythonpath.dsv'
[9.434s] INFO:colcon.colcon_core.shell:Creating environment hook '/home/amin/cobot/cobot_ws/install/mycobot_pro_450/share/mycobot_pro_450/hook/pythonpath.sh'
[9.435s] Level 1:colcon.colcon_core.environment:checking '/home/amin/cobot/cobot_ws/install/mycobot_pro_450/bin'
[9.435s] Level 1:colcon.colcon_core.environment:create_environment_scripts_only(mycobot_pro_450)
[9.435s] INFO:colcon.colcon_core.shell:Creating package script '/home/amin/cobot/cobot_ws/install/mycobot_pro_450/share/mycobot_pro_450/package.ps1'
[9.435s] INFO:colcon.colcon_core.shell:Creating package descriptor '/home/amin/cobot/cobot_ws/install/mycobot_pro_450/share/mycobot_pro_450/package.dsv'
[9.436s] INFO:colcon.colcon_core.shell:Creating package script '/home/amin/cobot/cobot_ws/install/mycobot_pro_450/share/mycobot_pro_450/package.sh'
[9.436s] INFO:colcon.colcon_core.shell:Creating package script '/home/amin/cobot/cobot_ws/install/mycobot_pro_450/share/mycobot_pro_450/package.bash'
[9.436s] INFO:colcon.colcon_core.shell:Creating package script '/home/amin/cobot/cobot_ws/install/mycobot_pro_450/share/mycobot_pro_450/package.zsh'
[9.437s] Level 1:colcon.colcon_core.environment:create_file_with_runtime_dependencies(/home/amin/cobot/cobot_ws/install/mycobot_pro_450/share/colcon-core/packages/mycobot_pro_450)
[9.439s] DEBUG:colcon.colcon_core.event_handler.log_command:Invoking command in '/home/amin/cobot/cobot_ws/src/mycobot_ros2/mycobot_pro/pro450_moveit2_control': AMENT_PREFIX_PATH=/home/amin/cobot/cobot_ws/install/mycobot_description:/home/amin/cobot/cobot_ws/install/ultraarm:/home/amin/cobot/cobot_ws/install/pro450_moveit2_control:/home/amin/cobot/cobot_ws/install/pro450_moveit2:/home/amin/cobot/cobot_ws/install/mypalletizer_communication:/home/amin/cobot/cobot_ws/install/mypalletizer_interfaces:/home/amin/cobot/cobot_ws/install/mypalletizer_260_pi:/home/amin/cobot/cobot_ws/install/mypalletizer_260:/home/amin/cobot/cobot_ws/install/mycobot_pro_450:/home/amin/cobot/cobot_ws/install/mycobot_pro450_interfaces:/home/amin/cobot/cobot_ws/install/myarm_m750:/home/amin/cobot/cobot_ws/install/myarm_c650:/home/amin/cobot/cobot_ws/install/mycobot_communication:/home/amin/cobot/cobot_ws/install/mecharm_communication:/home/amin/cobot/cobot_ws/install/mycobot_interfaces:/home/amin/cobot/cobot_ws/install/mycobot_630:/home/amin/cobot/cobot_ws/install/mycobot_600:/home/amin/cobot/cobot_ws/install/mycobot_320pi:/home/amin/cobot/cobot_ws/install/mycobot_320_riscv:/home/amin/cobot/cobot_ws/install/mycobot_320:/home/amin/cobot/cobot_ws/install/mycobot_280rdkx5_moveit2:/home/amin/cobot/cobot_ws/install/mycobot_280pi:/home/amin/cobot/cobot_ws/install/mycobot_280jn:/home/amin/cobot/cobot_ws/install/mycobot_280arduino_moveit2:/home/amin/cobot/cobot_ws/install/mycobot_280_x3pi:/home/amin/cobot/cobot_ws/install/mycobot_280_riscv:/home/amin/cobot/cobot_ws/install/mycobot_280_rdkx5:/home/amin/cobot/cobot_ws/install/mycobot_280_moveit2_control:/home/amin/cobot/cobot_ws/install/mycobot_280_moveit2:/home/amin/cobot/cobot_ws/install/mycobot_280_gazebo_jazzy:/home/amin/cobot/cobot_ws/install/mycobot_280_gazebo:/home/amin/cobot/cobot_ws/install/mycobot_280_arduino:/home/amin/cobot/cobot_ws/install/mycobot_280:/home/amin/cobot/cobot_ws/install/mybuddy:/home/amin/cobot/cobot_ws/install/myarm_300:/home/amin/cobot/cobot_ws/install/mecharm_pi:/home/amin/cobot/cobot_ws/install/mecharm:/home/amin/cobot/cobot_ws/install/mecharm_interfaces:/opt/ros/jazzy DEBUGINFOD_URLS=https://debuginfod.ubuntu.com PYTHONPATH=/home/amin/cobot/cobot_ws/build/pro450_moveit2_control/prefix_override:/usr/lib/python3/dist-packages/colcon_core/task/python/colcon_distutils_commands:/home/amin/cobot/cobot_ws/install/pro450_moveit2_control/lib/python3.12/site-packages:/home/amin/cobot/cobot_ws/install/mycobot_description/lib/python3.12/site-packages:/home/amin/cobot/cobot_ws/install/ultraarm/lib/python3.12/site-packages:/home/amin/cobot/cobot_ws/install/pro450_moveit2_control/lib/python3.12/site-packages:/home/amin/cobot/cobot_ws/install/mypalletizer_communication/lib/python3.12/site-packages:/home/amin/cobot/cobot_ws/install/mypalletizer_interfaces/lib/python3.12/site-packages:/home/amin/cobot/cobot_ws/install/mypalletizer_260_pi/lib/python3.12/site-packages:/home/amin/cobot/cobot_ws/install/mypalletizer_260/lib/python3.12/site-packages:/home/amin/cobot/cobot_ws/install/mycobot_pro_450/lib/python3.12/site-packages:/home/amin/cobot/cobot_ws/install/mycobot_pro450_interfaces/lib/python3.12/site-packages:/home/amin/cobot/cobot_ws/install/myarm_m750/lib/python3.12/site-packages:/home/amin/cobot/cobot_ws/install/myarm_c650/lib/python3.12/site-packages:/home/amin/cobot/cobot_ws/install/mycobot_communication/lib/python3.12/site-packages:/home/amin/cobot/cobot_ws/install/mecharm_communication/lib/python3.12/site-packages:/home/amin/cobot/cobot_ws/install/mycobot_interfaces/lib/python3.12/site-packages:/home/amin/cobot/cobot_ws/install/mycobot_630/lib/python3.12/site-packages:/home/amin/cobot/cobot_ws/install/mycobot_600/lib/python3.12/site-packages:/home/amin/cobot/cobot_ws/install/mycobot_320pi/lib/python3.12/site-packages:/home/amin/cobot/cobot_ws/install/mycobot_320_riscv/lib/python3.12/site-packages:/home/amin/cobot/cobot_ws/install/mycobot_320/lib/python3.12/site-packages:/home/amin/cobot/cobot_ws/install/mycobot_280pi/lib/python3.12/site-packages:/home/amin/cobot/cobot_ws/install/mycobot_280jn/lib/python3.12/site-packages:/home/amin/cobot/cobot_ws/install/mycobot_280_x3pi/lib/python3.12/site-packages:/home/amin/cobot/cobot_ws/install/mycobot_280_riscv/lib/python3.12/site-packages:/home/amin/cobot/cobot_ws/install/mycobot_280_rdkx5/lib/python3.12/site-packages:/home/amin/cobot/cobot_ws/install/mycobot_280_moveit2_control/lib/python3.12/site-packages:/home/amin/cobot/cobot_ws/install/mycobot_280_arduino/lib/python3.12/site-packages:/home/amin/cobot/cobot_ws/install/mycobot_280/lib/python3.12/site-packages:/home/amin/cobot/cobot_ws/install/mybuddy/lib/python3.12/site-packages:/home/amin/cobot/cobot_ws/install/myarm_300/lib/python3.12/site-packages:/home/amin/cobot/cobot_ws/install/mecharm_pi/lib/python3.12/site-packages:/home/amin/cobot/cobot_ws/install/mecharm/lib/python3.12/site-packages:/home/amin/cobot/cobot_ws/install/mecharm_interfaces/lib/python3.12/site-packages:/opt/ros/jazzy/lib/python3.12/site-packages /usr/bin/python3 -W ignore:setup.py install is deprecated -W ignore:easy_install command is deprecated setup.py egg_info --egg-base ../../../../build/pro450_moveit2_control build --build-base /home/amin/cobot/cobot_ws/build/pro450_moveit2_control/build install --record /home/amin/cobot/cobot_ws/build/pro450_moveit2_control/install.log --single-version-externally-managed install_data
[9.443s] DEBUG:colcon.colcon_core.event_handler.log_command:Invoking command in '/home/amin/cobot/cobot_ws/src/mycobot_ros2/ultraArm/ultraarm': AMENT_PREFIX_PATH=/home/amin/cobot/cobot_ws/install/mycobot_description:/home/amin/cobot/cobot_ws/install/ultraarm:/home/amin/cobot/cobot_ws/install/pro450_moveit2_control:/home/amin/cobot/cobot_ws/install/pro450_moveit2:/home/amin/cobot/cobot_ws/install/mypalletizer_communication:/home/amin/cobot/cobot_ws/install/mypalletizer_interfaces:/home/amin/cobot/cobot_ws/install/mypalletizer_260_pi:/home/amin/cobot/cobot_ws/install/mypalletizer_260:/home/amin/cobot/cobot_ws/install/mycobot_pro_450:/home/amin/cobot/cobot_ws/install/mycobot_pro450_interfaces:/home/amin/cobot/cobot_ws/install/myarm_m750:/home/amin/cobot/cobot_ws/install/myarm_c650:/home/amin/cobot/cobot_ws/install/mycobot_communication:/home/amin/cobot/cobot_ws/install/mecharm_communication:/home/amin/cobot/cobot_ws/install/mycobot_interfaces:/home/amin/cobot/cobot_ws/install/mycobot_630:/home/amin/cobot/cobot_ws/install/mycobot_600:/home/amin/cobot/cobot_ws/install/mycobot_320pi:/home/amin/cobot/cobot_ws/install/mycobot_320_riscv:/home/amin/cobot/cobot_ws/install/mycobot_320:/home/amin/cobot/cobot_ws/install/mycobot_280rdkx5_moveit2:/home/amin/cobot/cobot_ws/install/mycobot_280pi:/home/amin/cobot/cobot_ws/install/mycobot_280jn:/home/amin/cobot/cobot_ws/install/mycobot_280arduino_moveit2:/home/amin/cobot/cobot_ws/install/mycobot_280_x3pi:/home/amin/cobot/cobot_ws/install/mycobot_280_riscv:/home/amin/cobot/cobot_ws/install/mycobot_280_rdkx5:/home/amin/cobot/cobot_ws/install/mycobot_280_moveit2_control:/home/amin/cobot/cobot_ws/install/mycobot_280_moveit2:/home/amin/cobot/cobot_ws/install/mycobot_280_gazebo_jazzy:/home/amin/cobot/cobot_ws/install/mycobot_280_gazebo:/home/amin/cobot/cobot_ws/install/mycobot_280_arduino:/home/amin/cobot/cobot_ws/install/mycobot_280:/home/amin/cobot/cobot_ws/install/mybuddy:/home/amin/cobot/cobot_ws/install/myarm_300:/home/amin/cobot/cobot_ws/install/mecharm_pi:/home/amin/cobot/cobot_ws/install/mecharm:/home/amin/cobot/cobot_ws/install/mecharm_interfaces:/opt/ros/jazzy DEBUGINFOD_URLS=https://debuginfod.ubuntu.com PYTHONPATH=/home/amin/cobot/cobot_ws/build/ultraarm/prefix_override:/usr/lib/python3/dist-packages/colcon_core/task/python/colcon_distutils_commands:/home/amin/cobot/cobot_ws/install/ultraarm/lib/python3.12/site-packages:/home/amin/cobot/cobot_ws/install/mycobot_description/lib/python3.12/site-packages:/home/amin/cobot/cobot_ws/install/ultraarm/lib/python3.12/site-packages:/home/amin/cobot/cobot_ws/install/pro450_moveit2_control/lib/python3.12/site-packages:/home/amin/cobot/cobot_ws/install/mypalletizer_communication/lib/python3.12/site-packages:/home/amin/cobot/cobot_ws/install/mypalletizer_interfaces/lib/python3.12/site-packages:/home/amin/cobot/cobot_ws/install/mypalletizer_260_pi/lib/python3.12/site-packages:/home/amin/cobot/cobot_ws/install/mypalletizer_260/lib/python3.12/site-packages:/home/amin/cobot/cobot_ws/install/mycobot_pro_450/lib/python3.12/site-packages:/home/amin/cobot/cobot_ws/install/mycobot_pro450_interfaces/lib/python3.12/site-packages:/home/amin/cobot/cobot_ws/install/myarm_m750/lib/python3.12/site-packages:/home/amin/cobot/cobot_ws/install/myarm_c650/lib/python3.12/site-packages:/home/amin/cobot/cobot_ws/install/mycobot_communication/lib/python3.12/site-packages:/home/amin/cobot/cobot_ws/install/mecharm_communication/lib/python3.12/site-packages:/home/amin/cobot/cobot_ws/install/mycobot_interfaces/lib/python3.12/site-packages:/home/amin/cobot/cobot_ws/install/mycobot_630/lib/python3.12/site-packages:/home/amin/cobot/cobot_ws/install/mycobot_600/lib/python3.12/site-packages:/home/amin/cobot/cobot_ws/install/mycobot_320pi/lib/python3.12/site-packages:/home/amin/cobot/cobot_ws/install/mycobot_320_riscv/lib/python3.12/site-packages:/home/amin/cobot/cobot_ws/install/mycobot_320/lib/python3.12/site-packages:/home/amin/cobot/cobot_ws/install/mycobot_280pi/lib/python3.12/site-packages:/home/amin/cobot/cobot_ws/install/mycobot_280jn/lib/python3.12/site-packages:/home/amin/cobot/cobot_ws/install/mycobot_280_x3pi/lib/python3.12/site-packages:/home/amin/cobot/cobot_ws/install/mycobot_280_riscv/lib/python3.12/site-packages:/home/amin/cobot/cobot_ws/install/mycobot_280_rdkx5/lib/python3.12/site-packages:/home/amin/cobot/cobot_ws/install/mycobot_280_moveit2_control/lib/python3.12/site-packages:/home/amin/cobot/cobot_ws/install/mycobot_280_arduino/lib/python3.12/site-packages:/home/amin/cobot/cobot_ws/install/mycobot_280/lib/python3.12/site-packages:/home/amin/cobot/cobot_ws/install/mybuddy/lib/python3.12/site-packages:/home/amin/cobot/cobot_ws/install/myarm_300/lib/python3.12/site-packages:/home/amin/cobot/cobot_ws/install/mecharm_pi/lib/python3.12/site-packages:/home/amin/cobot/cobot_ws/install/mecharm/lib/python3.12/site-packages:/home/amin/cobot/cobot_ws/install/mecharm_interfaces/lib/python3.12/site-packages:/opt/ros/jazzy/lib/python3.12/site-packages /usr/bin/python3 -W ignore:setup.py install is deprecated -W ignore:easy_install command is deprecated setup.py egg_info --egg-base ../../../../build/ultraarm build --build-base /home/amin/cobot/cobot_ws/build/ultraarm/build install --record /home/amin/cobot/cobot_ws/build/ultraarm/install.log --single-version-externally-managed install_data
[9.808s] DEBUG:colcon.colcon_core.event_handler.log_command:Invoking command in '/home/amin/cobot/cobot_ws/src/mycobot_ros2/myArm/myarm_m750': AMENT_PREFIX_PATH=/home/amin/cobot/cobot_ws/install/mycobot_communication:/home/amin/cobot/cobot_ws/install/mycobot_description:/home/amin/cobot/cobot_ws/install/ultraarm:/home/amin/cobot/cobot_ws/install/pro450_moveit2_control:/home/amin/cobot/cobot_ws/install/pro450_moveit2:/home/amin/cobot/cobot_ws/install/mypalletizer_communication:/home/amin/cobot/cobot_ws/install/mypalletizer_interfaces:/home/amin/cobot/cobot_ws/install/mypalletizer_260_pi:/home/amin/cobot/cobot_ws/install/mypalletizer_260:/home/amin/cobot/cobot_ws/install/mycobot_pro_450:/home/amin/cobot/cobot_ws/install/mycobot_pro450_interfaces:/home/amin/cobot/cobot_ws/install/myarm_m750:/home/amin/cobot/cobot_ws/install/myarm_c650:/home/amin/cobot/cobot_ws/install/mecharm_communication:/home/amin/cobot/cobot_ws/install/mycobot_interfaces:/home/amin/cobot/cobot_ws/install/mycobot_630:/home/amin/cobot/cobot_ws/install/mycobot_600:/home/amin/cobot/cobot_ws/install/mycobot_320pi:/home/amin/cobot/cobot_ws/install/mycobot_320_riscv:/home/amin/cobot/cobot_ws/install/mycobot_320:/home/amin/cobot/cobot_ws/install/mycobot_280rdkx5_moveit2:/home/amin/cobot/cobot_ws/install/mycobot_280pi:/home/amin/cobot/cobot_ws/install/mycobot_280jn:/home/amin/cobot/cobot_ws/install/mycobot_280arduino_moveit2:/home/amin/cobot/cobot_ws/install/mycobot_280_x3pi:/home/amin/cobot/cobot_ws/install/mycobot_280_riscv:/home/amin/cobot/cobot_ws/install/mycobot_280_rdkx5:/home/amin/cobot/cobot_ws/install/mycobot_280_moveit2_control:/home/amin/cobot/cobot_ws/install/mycobot_280_moveit2:/home/amin/cobot/cobot_ws/install/mycobot_280_gazebo_jazzy:/home/amin/cobot/cobot_ws/install/mycobot_280_gazebo:/home/amin/cobot/cobot_ws/install/mycobot_280_arduino:/home/amin/cobot/cobot_ws/install/mycobot_280:/home/amin/cobot/cobot_ws/install/mybuddy:/home/amin/cobot/cobot_ws/install/myarm_300:/home/amin/cobot/cobot_ws/install/mecharm_pi:/home/amin/cobot/cobot_ws/install/mecharm:/home/amin/cobot/cobot_ws/install/mecharm_interfaces:/opt/ros/jazzy CMAKE_PREFIX_PATH=/home/amin/cobot/cobot_ws/install/mycobot_interfaces:/home/amin/cobot/cobot_ws/install/pro450_moveit2:/home/amin/cobot/cobot_ws/install/mypalletizer_interfaces:/home/amin/cobot/cobot_ws/install/mycobot_pro450_interfaces:/home/amin/cobot/cobot_ws/install/mycobot_280rdkx5_moveit2:/home/amin/cobot/cobot_ws/install/mycobot_280arduino_moveit2:/home/amin/cobot/cobot_ws/install/mycobot_280_moveit2:/home/amin/cobot/cobot_ws/install/mycobot_280_gazebo_jazzy:/home/amin/cobot/cobot_ws/install/mycobot_280_gazebo:/home/amin/cobot/cobot_ws/install/mecharm_interfaces:/opt/ros/jazzy/opt/gz_sim_vendor:/opt/ros/jazzy/opt/gz_sensors_vendor:/opt/ros/jazzy/opt/gz_physics_vendor:/opt/ros/jazzy/opt/sdformat_vendor:/opt/ros/jazzy/opt/gz_gui_vendor:/opt/ros/jazzy/opt/gz_transport_vendor:/opt/ros/jazzy/opt/gz_rendering_vendor:/opt/ros/jazzy/opt/gz_plugin_vendor:/opt/ros/jazzy/opt/gz_fuel_tools_vendor:/opt/ros/jazzy/opt/gz_msgs_vendor:/opt/ros/jazzy/opt/gz_common_vendor:/opt/ros/jazzy/opt/gz_math_vendor:/opt/ros/jazzy/opt/gz_utils_vendor:/opt/ros/jazzy/opt/gz_tools_vendor:/opt/ros/jazzy/opt/gz_ogre_next_vendor:/opt/ros/jazzy/opt/gz_dartsim_vendor:/opt/ros/jazzy/opt/gz_cmake_vendor DEBUGINFOD_URLS=https://debuginfod.ubuntu.com LD_LIBRARY_PATH=/home/amin/cobot/cobot_ws/install/mycobot_interfaces/lib:/home/amin/cobot/cobot_ws/install/mypalletizer_interfaces/lib:/home/amin/cobot/cobot_ws/install/mycobot_pro450_interfaces/lib:/home/amin/cobot/cobot_ws/install/mecharm_interfaces/lib:/opt/ros/jazzy/opt/gz_sim_vendor/lib:/opt/ros/jazzy/opt/gz_sensors_vendor/lib:/opt/ros/jazzy/opt/gz_physics_vendor/lib:/opt/ros/jazzy/opt/sdformat_vendor/lib:/opt/ros/jazzy/opt/rviz_ogre_vendor/lib:/opt/ros/jazzy/lib/x86_64-linux-gnu:/opt/ros/jazzy/opt/gz_gui_vendor/lib:/opt/ros/jazzy/opt/gz_transport_vendor/lib:/opt/ros/jazzy/opt/gz_rendering_vendor/lib:/opt/ros/jazzy/opt/gz_plugin_vendor/lib:/opt/ros/jazzy/opt/gz_fuel_tools_vendor/lib:/opt/ros/jazzy/opt/gz_msgs_vendor/lib:/opt/ros/jazzy/opt/gz_common_vendor/lib:/opt/ros/jazzy/opt/gz_math_vendor/lib:/opt/ros/jazzy/opt/gz_utils_vendor/lib:/opt/ros/jazzy/opt/gz_tools_vendor/lib:/opt/ros/jazzy/opt/gz_ogre_next_vendor/lib:/opt/ros/jazzy/opt/gz_dartsim_vendor/lib:/opt/ros/jazzy/opt/gz_cmake_vendor/lib:/opt/ros/jazzy/lib PYTHONPATH=/home/amin/cobot/cobot_ws/build/myarm_m750/prefix_override:/usr/lib/python3/dist-packages/colcon_core/task/python/colcon_distutils_commands:/home/amin/cobot/cobot_ws/install/myarm_m750/lib/python3.12/site-packages:/home/amin/cobot/cobot_ws/install/mycobot_communication/lib/python3.12/site-packages:/home/amin/cobot/cobot_ws/install/mycobot_interfaces/lib/python3.12/site-packages:/home/amin/cobot/cobot_ws/install/mycobot_description/lib/python3.12/site-packages:/home/amin/cobot/cobot_ws/install/ultraarm/lib/python3.12/site-packages:/home/amin/cobot/cobot_ws/install/pro450_moveit2_control/lib/python3.12/site-packages:/home/amin/cobot/cobot_ws/install/mypalletizer_communication/lib/python3.12/site-packages:/home/amin/cobot/cobot_ws/install/mypalletizer_interfaces/lib/python3.12/site-packages:/home/amin/cobot/cobot_ws/install/mypalletizer_260_pi/lib/python3.12/site-packages:/home/amin/cobot/cobot_ws/install/mypalletizer_260/lib/python3.12/site-packages:/home/amin/cobot/cobot_ws/install/mycobot_pro_450/lib/python3.12/site-packages:/home/amin/cobot/cobot_ws/install/mycobot_pro450_interfaces/lib/python3.12/site-packages:/home/amin/cobot/cobot_ws/install/myarm_m750/lib/python3.12/site-packages:/home/amin/cobot/cobot_ws/install/myarm_c650/lib/python3.12/site-packages:/home/amin/cobot/cobot_ws/install/mecharm_communication/lib/python3.12/site-packages:/home/amin/cobot/cobot_ws/install/mycobot_630/lib/python3.12/site-packages:/home/amin/cobot/cobot_ws/install/mycobot_600/lib/python3.12/site-packages:/home/amin/cobot/cobot_ws/install/mycobot_320pi/lib/python3.12/site-packages:/home/amin/cobot/cobot_ws/install/mycobot_320_riscv/lib/python3.12/site-packages:/home/amin/cobot/cobot_ws/install/mycobot_320/lib/python3.12/site-packages:/home/amin/cobot/cobot_ws/install/mycobot_280pi/lib/python3.12/site-packages:/home/amin/cobot/cobot_ws/install/mycobot_280jn/lib/python3.12/site-packages:/home/amin/cobot/cobot_ws/install/mycobot_280_x3pi/lib/python3.12/site-packages:/home/amin/cobot/cobot_ws/install/mycobot_280_riscv/lib/python3.12/site-packages:/home/amin/cobot/cobot_ws/install/mycobot_280_rdkx5/lib/python3.12/site-packages:/home/amin/cobot/cobot_ws/install/mycobot_280_moveit2_control/lib/python3.12/site-packages:/home/amin/cobot/cobot_ws/install/mycobot_280_arduino/lib/python3.12/site-packages:/home/amin/cobot/cobot_ws/install/mycobot_280/lib/python3.12/site-packages:/home/amin/cobot/cobot_ws/install/mybuddy/lib/python3.12/site-packages:/home/amin/cobot/cobot_ws/install/myarm_300/lib/python3.12/site-packages:/home/amin/cobot/cobot_ws/install/mecharm_pi/lib/python3.12/site-packages:/home/amin/cobot/cobot_ws/install/mecharm/lib/python3.12/site-packages:/home/amin/cobot/cobot_ws/install/mecharm_interfaces/lib/python3.12/site-packages:/opt/ros/jazzy/lib/python3.12/site-packages /usr/bin/python3 -W ignore:setup.py install is deprecated -W ignore:easy_install command is deprecated setup.py egg_info --egg-base ../../../../build/myarm_m750 build --build-base /home/amin/cobot/cobot_ws/build/myarm_m750/build install --record /home/amin/cobot/cobot_ws/build/myarm_m750/install.log --single-version-externally-managed install_data
[9.900s] Level 1:colcon.colcon_core.environment:checking '/home/amin/cobot/cobot_ws/install/pro450_moveit2_control' for CMake module files
[9.901s] DEBUG:colcon.colcon_core.event_handler.log_command:Invoked command in '/home/amin/cobot/cobot_ws/src/mycobot_ros2/mycobot_pro/pro450_moveit2_control' returned '0': AMENT_PREFIX_PATH=/home/amin/cobot/cobot_ws/install/mycobot_description:/home/amin/cobot/cobot_ws/install/ultraarm:/home/amin/cobot/cobot_ws/install/pro450_moveit2_control:/home/amin/cobot/cobot_ws/install/pro450_moveit2:/home/amin/cobot/cobot_ws/install/mypalletizer_communication:/home/amin/cobot/cobot_ws/install/mypalletizer_interfaces:/home/amin/cobot/cobot_ws/install/mypalletizer_260_pi:/home/amin/cobot/cobot_ws/install/mypalletizer_260:/home/amin/cobot/cobot_ws/install/mycobot_pro_450:/home/amin/cobot/cobot_ws/install/mycobot_pro450_interfaces:/home/amin/cobot/cobot_ws/install/myarm_m750:/home/amin/cobot/cobot_ws/install/myarm_c650:/home/amin/cobot/cobot_ws/install/mycobot_communication:/home/amin/cobot/cobot_ws/install/mecharm_communication:/home/amin/cobot/cobot_ws/install/mycobot_interfaces:/home/amin/cobot/cobot_ws/install/mycobot_630:/home/amin/cobot/cobot_ws/install/mycobot_600:/home/amin/cobot/cobot_ws/install/mycobot_320pi:/home/amin/cobot/cobot_ws/install/mycobot_320_riscv:/home/amin/cobot/cobot_ws/install/mycobot_320:/home/amin/cobot/cobot_ws/install/mycobot_280rdkx5_moveit2:/home/amin/cobot/cobot_ws/install/mycobot_280pi:/home/amin/cobot/cobot_ws/install/mycobot_280jn:/home/amin/cobot/cobot_ws/install/mycobot_280arduino_moveit2:/home/amin/cobot/cobot_ws/install/mycobot_280_x3pi:/home/amin/cobot/cobot_ws/install/mycobot_280_riscv:/home/amin/cobot/cobot_ws/install/mycobot_280_rdkx5:/home/amin/cobot/cobot_ws/install/mycobot_280_moveit2_control:/home/amin/cobot/cobot_ws/install/mycobot_280_moveit2:/home/amin/cobot/cobot_ws/install/mycobot_280_gazebo_jazzy:/home/amin/cobot/cobot_ws/install/mycobot_280_gazebo:/home/amin/cobot/cobot_ws/install/mycobot_280_arduino:/home/amin/cobot/cobot_ws/install/mycobot_280:/home/amin/cobot/cobot_ws/install/mybuddy:/home/amin/cobot/cobot_ws/install/myarm_300:/home/amin/cobot/cobot_ws/install/mecharm_pi:/home/amin/cobot/cobot_ws/install/mecharm:/home/amin/cobot/cobot_ws/install/mecharm_interfaces:/opt/ros/jazzy DEBUGINFOD_URLS=https://debuginfod.ubuntu.com PYTHONPATH=/home/amin/cobot/cobot_ws/build/pro450_moveit2_control/prefix_override:/usr/lib/python3/dist-packages/colcon_core/task/python/colcon_distutils_commands:/home/amin/cobot/cobot_ws/install/pro450_moveit2_control/lib/python3.12/site-packages:/home/amin/cobot/cobot_ws/install/mycobot_description/lib/python3.12/site-packages:/home/amin/cobot/cobot_ws/install/ultraarm/lib/python3.12/site-packages:/home/amin/cobot/cobot_ws/install/pro450_moveit2_control/lib/python3.12/site-packages:/home/amin/cobot/cobot_ws/install/mypalletizer_communication/lib/python3.12/site-packages:/home/amin/cobot/cobot_ws/install/mypalletizer_interfaces/lib/python3.12/site-packages:/home/amin/cobot/cobot_ws/install/mypalletizer_260_pi/lib/python3.12/site-packages:/home/amin/cobot/cobot_ws/install/mypalletizer_260/lib/python3.12/site-packages:/home/amin/cobot/cobot_ws/install/mycobot_pro_450/lib/python3.12/site-packages:/home/amin/cobot/cobot_ws/install/mycobot_pro450_interfaces/lib/python3.12/site-packages:/home/amin/cobot/cobot_ws/install/myarm_m750/lib/python3.12/site-packages:/home/amin/cobot/cobot_ws/install/myarm_c650/lib/python3.12/site-packages:/home/amin/cobot/cobot_ws/install/mycobot_communication/lib/python3.12/site-packages:/home/amin/cobot/cobot_ws/install/mecharm_communication/lib/python3.12/site-packages:/home/amin/cobot/cobot_ws/install/mycobot_interfaces/lib/python3.12/site-packages:/home/amin/cobot/cobot_ws/install/mycobot_630/lib/python3.12/site-packages:/home/amin/cobot/cobot_ws/install/mycobot_600/lib/python3.12/site-packages:/home/amin/cobot/cobot_ws/install/mycobot_320pi/lib/python3.12/site-packages:/home/amin/cobot/cobot_ws/install/mycobot_320_riscv/lib/python3.12/site-packages:/home/amin/cobot/cobot_ws/install/mycobot_320/lib/python3.12/site-packages:/home/amin/cobot/cobot_ws/install/mycobot_280pi/lib/python3.12/site-packages:/home/amin/cobot/cobot_ws/install/mycobot_280jn/lib/python3.12/site-packages:/home/amin/cobot/cobot_ws/install/mycobot_280_x3pi/lib/python3.12/site-packages:/home/amin/cobot/cobot_ws/install/mycobot_280_riscv/lib/python3.12/site-packages:/home/amin/cobot/cobot_ws/install/mycobot_280_rdkx5/lib/python3.12/site-packages:/home/amin/cobot/cobot_ws/install/mycobot_280_moveit2_control/lib/python3.12/site-packages:/home/amin/cobot/cobot_ws/install/mycobot_280_arduino/lib/python3.12/site-packages:/home/amin/cobot/cobot_ws/install/mycobot_280/lib/python3.12/site-packages:/home/amin/cobot/cobot_ws/install/mybuddy/lib/python3.12/site-packages:/home/amin/cobot/cobot_ws/install/myarm_300/lib/python3.12/site-packages:/home/amin/cobot/cobot_ws/install/mecharm_pi/lib/python3.12/site-packages:/home/amin/cobot/cobot_ws/install/mecharm/lib/python3.12/site-packages:/home/amin/cobot/cobot_ws/install/mecharm_interfaces/lib/python3.12/site-packages:/opt/ros/jazzy/lib/python3.12/site-packages /usr/bin/python3 -W ignore:setup.py install is deprecated -W ignore:easy_install command is deprecated setup.py egg_info --egg-base ../../../../build/pro450_moveit2_control build --build-base /home/amin/cobot/cobot_ws/build/pro450_moveit2_control/build install --record /home/amin/cobot/cobot_ws/build/pro450_moveit2_control/install.log --single-version-externally-managed install_data
[9.901s] Level 1:colcon.colcon_core.environment:checking '/home/amin/cobot/cobot_ws/install/pro450_moveit2_control' for CMake config files
[9.901s] Level 1:colcon.colcon_core.environment:checking '/home/amin/cobot/cobot_ws/install/pro450_moveit2_control/lib'
[9.901s] Level 1:colcon.colcon_core.environment:checking '/home/amin/cobot/cobot_ws/install/pro450_moveit2_control/bin'
[9.901s] Level 1:colcon.colcon_core.environment:checking '/home/amin/cobot/cobot_ws/install/pro450_moveit2_control/lib/pkgconfig/pro450_moveit2_control.pc'
[9.901s] Level 1:colcon.colcon_core.environment:checking '/home/amin/cobot/cobot_ws/install/pro450_moveit2_control/lib/python3.12/site-packages'
[9.902s] Level 1:colcon.colcon_core.shell:create_environment_hook('pro450_moveit2_control', 'pythonpath')
[9.902s] INFO:colcon.colcon_core.shell:Creating environment hook '/home/amin/cobot/cobot_ws/install/pro450_moveit2_control/share/pro450_moveit2_control/hook/pythonpath.ps1'
[9.902s] INFO:colcon.colcon_core.shell:Creating environment descriptor '/home/amin/cobot/cobot_ws/install/pro450_moveit2_control/share/pro450_moveit2_control/hook/pythonpath.dsv'
[9.902s] INFO:colcon.colcon_core.shell:Creating environment hook '/home/amin/cobot/cobot_ws/install/pro450_moveit2_control/share/pro450_moveit2_control/hook/pythonpath.sh'
[9.903s] Level 1:colcon.colcon_core.environment:checking '/home/amin/cobot/cobot_ws/install/pro450_moveit2_control/bin'
[9.903s] Level 1:colcon.colcon_core.environment:create_environment_scripts_only(pro450_moveit2_control)
[9.903s] INFO:colcon.colcon_core.shell:Creating package script '/home/amin/cobot/cobot_ws/install/pro450_moveit2_control/share/pro450_moveit2_control/package.ps1'
[9.903s] INFO:colcon.colcon_core.shell:Creating package descriptor '/home/amin/cobot/cobot_ws/install/pro450_moveit2_control/share/pro450_moveit2_control/package.dsv'
[9.904s] INFO:colcon.colcon_core.shell:Creating package script '/home/amin/cobot/cobot_ws/install/pro450_moveit2_control/share/pro450_moveit2_control/package.sh'
[9.904s] INFO:colcon.colcon_core.shell:Creating package script '/home/amin/cobot/cobot_ws/install/pro450_moveit2_control/share/pro450_moveit2_control/package.bash'
[9.904s] INFO:colcon.colcon_core.shell:Creating package script '/home/amin/cobot/cobot_ws/install/pro450_moveit2_control/share/pro450_moveit2_control/package.zsh'
[9.905s] Level 1:colcon.colcon_core.environment:create_file_with_runtime_dependencies(/home/amin/cobot/cobot_ws/install/pro450_moveit2_control/share/colcon-core/packages/pro450_moveit2_control)
[9.945s] Level 1:colcon.colcon_core.environment:checking '/home/amin/cobot/cobot_ws/install/ultraarm' for CMake module files
[9.946s] DEBUG:colcon.colcon_core.event_handler.log_command:Invoked command in '/home/amin/cobot/cobot_ws/src/mycobot_ros2/ultraArm/ultraarm' returned '0': AMENT_PREFIX_PATH=/home/amin/cobot/cobot_ws/install/mycobot_description:/home/amin/cobot/cobot_ws/install/ultraarm:/home/amin/cobot/cobot_ws/install/pro450_moveit2_control:/home/amin/cobot/cobot_ws/install/pro450_moveit2:/home/amin/cobot/cobot_ws/install/mypalletizer_communication:/home/amin/cobot/cobot_ws/install/mypalletizer_interfaces:/home/amin/cobot/cobot_ws/install/mypalletizer_260_pi:/home/amin/cobot/cobot_ws/install/mypalletizer_260:/home/amin/cobot/cobot_ws/install/mycobot_pro_450:/home/amin/cobot/cobot_ws/install/mycobot_pro450_interfaces:/home/amin/cobot/cobot_ws/install/myarm_m750:/home/amin/cobot/cobot_ws/install/myarm_c650:/home/amin/cobot/cobot_ws/install/mycobot_communication:/home/amin/cobot/cobot_ws/install/mecharm_communication:/home/amin/cobot/cobot_ws/install/mycobot_interfaces:/home/amin/cobot/cobot_ws/install/mycobot_630:/home/amin/cobot/cobot_ws/install/mycobot_600:/home/amin/cobot/cobot_ws/install/mycobot_320pi:/home/amin/cobot/cobot_ws/install/mycobot_320_riscv:/home/amin/cobot/cobot_ws/install/mycobot_320:/home/amin/cobot/cobot_ws/install/mycobot_280rdkx5_moveit2:/home/amin/cobot/cobot_ws/install/mycobot_280pi:/home/amin/cobot/cobot_ws/install/mycobot_280jn:/home/amin/cobot/cobot_ws/install/mycobot_280arduino_moveit2:/home/amin/cobot/cobot_ws/install/mycobot_280_x3pi:/home/amin/cobot/cobot_ws/install/mycobot_280_riscv:/home/amin/cobot/cobot_ws/install/mycobot_280_rdkx5:/home/amin/cobot/cobot_ws/install/mycobot_280_moveit2_control:/home/amin/cobot/cobot_ws/install/mycobot_280_moveit2:/home/amin/cobot/cobot_ws/install/mycobot_280_gazebo_jazzy:/home/amin/cobot/cobot_ws/install/mycobot_280_gazebo:/home/amin/cobot/cobot_ws/install/mycobot_280_arduino:/home/amin/cobot/cobot_ws/install/mycobot_280:/home/amin/cobot/cobot_ws/install/mybuddy:/home/amin/cobot/cobot_ws/install/myarm_300:/home/amin/cobot/cobot_ws/install/mecharm_pi:/home/amin/cobot/cobot_ws/install/mecharm:/home/amin/cobot/cobot_ws/install/mecharm_interfaces:/opt/ros/jazzy DEBUGINFOD_URLS=https://debuginfod.ubuntu.com PYTHONPATH=/home/amin/cobot/cobot_ws/build/ultraarm/prefix_override:/usr/lib/python3/dist-packages/colcon_core/task/python/colcon_distutils_commands:/home/amin/cobot/cobot_ws/install/ultraarm/lib/python3.12/site-packages:/home/amin/cobot/cobot_ws/install/mycobot_description/lib/python3.12/site-packages:/home/amin/cobot/cobot_ws/install/ultraarm/lib/python3.12/site-packages:/home/amin/cobot/cobot_ws/install/pro450_moveit2_control/lib/python3.12/site-packages:/home/amin/cobot/cobot_ws/install/mypalletizer_communication/lib/python3.12/site-packages:/home/amin/cobot/cobot_ws/install/mypalletizer_interfaces/lib/python3.12/site-packages:/home/amin/cobot/cobot_ws/install/mypalletizer_260_pi/lib/python3.12/site-packages:/home/amin/cobot/cobot_ws/install/mypalletizer_260/lib/python3.12/site-packages:/home/amin/cobot/cobot_ws/install/mycobot_pro_450/lib/python3.12/site-packages:/home/amin/cobot/cobot_ws/install/mycobot_pro450_interfaces/lib/python3.12/site-packages:/home/amin/cobot/cobot_ws/install/myarm_m750/lib/python3.12/site-packages:/home/amin/cobot/cobot_ws/install/myarm_c650/lib/python3.12/site-packages:/home/amin/cobot/cobot_ws/install/mycobot_communication/lib/python3.12/site-packages:/home/amin/cobot/cobot_ws/install/mecharm_communication/lib/python3.12/site-packages:/home/amin/cobot/cobot_ws/install/mycobot_interfaces/lib/python3.12/site-packages:/home/amin/cobot/cobot_ws/install/mycobot_630/lib/python3.12/site-packages:/home/amin/cobot/cobot_ws/install/mycobot_600/lib/python3.12/site-packages:/home/amin/cobot/cobot_ws/install/mycobot_320pi/lib/python3.12/site-packages:/home/amin/cobot/cobot_ws/install/mycobot_320_riscv/lib/python3.12/site-packages:/home/amin/cobot/cobot_ws/install/mycobot_320/lib/python3.12/site-packages:/home/amin/cobot/cobot_ws/install/mycobot_280pi/lib/python3.12/site-packages:/home/amin/cobot/cobot_ws/install/mycobot_280jn/lib/python3.12/site-packages:/home/amin/cobot/cobot_ws/install/mycobot_280_x3pi/lib/python3.12/site-packages:/home/amin/cobot/cobot_ws/install/mycobot_280_riscv/lib/python3.12/site-packages:/home/amin/cobot/cobot_ws/install/mycobot_280_rdkx5/lib/python3.12/site-packages:/home/amin/cobot/cobot_ws/install/mycobot_280_moveit2_control/lib/python3.12/site-packages:/home/amin/cobot/cobot_ws/install/mycobot_280_arduino/lib/python3.12/site-packages:/home/amin/cobot/cobot_ws/install/mycobot_280/lib/python3.12/site-packages:/home/amin/cobot/cobot_ws/install/mybuddy/lib/python3.12/site-packages:/home/amin/cobot/cobot_ws/install/myarm_300/lib/python3.12/site-packages:/home/amin/cobot/cobot_ws/install/mecharm_pi/lib/python3.12/site-packages:/home/amin/cobot/cobot_ws/install/mecharm/lib/python3.12/site-packages:/home/amin/cobot/cobot_ws/install/mecharm_interfaces/lib/python3.12/site-packages:/opt/ros/jazzy/lib/python3.12/site-packages /usr/bin/python3 -W ignore:setup.py install is deprecated -W ignore:easy_install command is deprecated setup.py egg_info --egg-base ../../../../build/ultraarm build --build-base /home/amin/cobot/cobot_ws/build/ultraarm/build install --record /home/amin/cobot/cobot_ws/build/ultraarm/install.log --single-version-externally-managed install_data
[9.946s] Level 1:colcon.colcon_core.environment:checking '/home/amin/cobot/cobot_ws/install/ultraarm' for CMake config files
[9.946s] Level 1:colcon.colcon_core.environment:checking '/home/amin/cobot/cobot_ws/install/ultraarm/lib'
[9.946s] Level 1:colcon.colcon_core.environment:checking '/home/amin/cobot/cobot_ws/install/ultraarm/bin'
[9.946s] Level 1:colcon.colcon_core.environment:checking '/home/amin/cobot/cobot_ws/install/ultraarm/lib/pkgconfig/ultraarm.pc'
[9.947s] Level 1:colcon.colcon_core.environment:checking '/home/amin/cobot/cobot_ws/install/ultraarm/lib/python3.12/site-packages'
[9.947s] Level 1:colcon.colcon_core.shell:create_environment_hook('ultraarm', 'pythonpath')
[9.947s] INFO:colcon.colcon_core.shell:Creating environment hook '/home/amin/cobot/cobot_ws/install/ultraarm/share/ultraarm/hook/pythonpath.ps1'
[9.947s] INFO:colcon.colcon_core.shell:Creating environment descriptor '/home/amin/cobot/cobot_ws/install/ultraarm/share/ultraarm/hook/pythonpath.dsv'
[9.948s] INFO:colcon.colcon_core.shell:Creating environment hook '/home/amin/cobot/cobot_ws/install/ultraarm/share/ultraarm/hook/pythonpath.sh'
[9.948s] Level 1:colcon.colcon_core.environment:checking '/home/amin/cobot/cobot_ws/install/ultraarm/bin'
[9.948s] Level 1:colcon.colcon_core.environment:create_environment_scripts_only(ultraarm)
[9.948s] INFO:colcon.colcon_core.shell:Creating package script '/home/amin/cobot/cobot_ws/install/ultraarm/share/ultraarm/package.ps1'
[9.949s] INFO:colcon.colcon_core.shell:Creating package descriptor '/home/amin/cobot/cobot_ws/install/ultraarm/share/ultraarm/package.dsv'
[9.949s] INFO:colcon.colcon_core.shell:Creating package script '/home/amin/cobot/cobot_ws/install/ultraarm/share/ultraarm/package.sh'
[9.949s] INFO:colcon.colcon_core.shell:Creating package script '/home/amin/cobot/cobot_ws/install/ultraarm/share/ultraarm/package.bash'
[9.949s] INFO:colcon.colcon_core.shell:Creating package script '/home/amin/cobot/cobot_ws/install/ultraarm/share/ultraarm/package.zsh'
[9.950s] Level 1:colcon.colcon_core.environment:create_file_with_runtime_dependencies(/home/amin/cobot/cobot_ws/install/ultraarm/share/colcon-core/packages/ultraarm)
[9.974s] Level 1:colcon.colcon_core.environment:checking '/home/amin/cobot/cobot_ws/install/myarm_c650' for CMake module files
[9.975s] DEBUG:colcon.colcon_core.event_handler.log_command:Invoked command in '/home/amin/cobot/cobot_ws/src/mycobot_ros2/myArm/myarm_c650' returned '0': AMENT_PREFIX_PATH=/home/amin/cobot/cobot_ws/install/mycobot_communication:/home/amin/cobot/cobot_ws/install/mycobot_description:/home/amin/cobot/cobot_ws/install/ultraarm:/home/amin/cobot/cobot_ws/install/pro450_moveit2_control:/home/amin/cobot/cobot_ws/install/pro450_moveit2:/home/amin/cobot/cobot_ws/install/mypalletizer_communication:/home/amin/cobot/cobot_ws/install/mypalletizer_interfaces:/home/amin/cobot/cobot_ws/install/mypalletizer_260_pi:/home/amin/cobot/cobot_ws/install/mypalletizer_260:/home/amin/cobot/cobot_ws/install/mycobot_pro_450:/home/amin/cobot/cobot_ws/install/mycobot_pro450_interfaces:/home/amin/cobot/cobot_ws/install/myarm_m750:/home/amin/cobot/cobot_ws/install/myarm_c650:/home/amin/cobot/cobot_ws/install/mecharm_communication:/home/amin/cobot/cobot_ws/install/mycobot_interfaces:/home/amin/cobot/cobot_ws/install/mycobot_630:/home/amin/cobot/cobot_ws/install/mycobot_600:/home/amin/cobot/cobot_ws/install/mycobot_320pi:/home/amin/cobot/cobot_ws/install/mycobot_320_riscv:/home/amin/cobot/cobot_ws/install/mycobot_320:/home/amin/cobot/cobot_ws/install/mycobot_280rdkx5_moveit2:/home/amin/cobot/cobot_ws/install/mycobot_280pi:/home/amin/cobot/cobot_ws/install/mycobot_280jn:/home/amin/cobot/cobot_ws/install/mycobot_280arduino_moveit2:/home/amin/cobot/cobot_ws/install/mycobot_280_x3pi:/home/amin/cobot/cobot_ws/install/mycobot_280_riscv:/home/amin/cobot/cobot_ws/install/mycobot_280_rdkx5:/home/amin/cobot/cobot_ws/install/mycobot_280_moveit2_control:/home/amin/cobot/cobot_ws/install/mycobot_280_moveit2:/home/amin/cobot/cobot_ws/install/mycobot_280_gazebo_jazzy:/home/amin/cobot/cobot_ws/install/mycobot_280_gazebo:/home/amin/cobot/cobot_ws/install/mycobot_280_arduino:/home/amin/cobot/cobot_ws/install/mycobot_280:/home/amin/cobot/cobot_ws/install/mybuddy:/home/amin/cobot/cobot_ws/install/myarm_300:/home/amin/cobot/cobot_ws/install/mecharm_pi:/home/amin/cobot/cobot_ws/install/mecharm:/home/amin/cobot/cobot_ws/install/mecharm_interfaces:/opt/ros/jazzy CMAKE_PREFIX_PATH=/home/amin/cobot/cobot_ws/install/mycobot_interfaces:/home/amin/cobot/cobot_ws/install/pro450_moveit2:/home/amin/cobot/cobot_ws/install/mypalletizer_interfaces:/home/amin/cobot/cobot_ws/install/mycobot_pro450_interfaces:/home/amin/cobot/cobot_ws/install/mycobot_280rdkx5_moveit2:/home/amin/cobot/cobot_ws/install/mycobot_280arduino_moveit2:/home/amin/cobot/cobot_ws/install/mycobot_280_moveit2:/home/amin/cobot/cobot_ws/install/mycobot_280_gazebo_jazzy:/home/amin/cobot/cobot_ws/install/mycobot_280_gazebo:/home/amin/cobot/cobot_ws/install/mecharm_interfaces:/opt/ros/jazzy/opt/gz_sim_vendor:/opt/ros/jazzy/opt/gz_sensors_vendor:/opt/ros/jazzy/opt/gz_physics_vendor:/opt/ros/jazzy/opt/sdformat_vendor:/opt/ros/jazzy/opt/gz_gui_vendor:/opt/ros/jazzy/opt/gz_transport_vendor:/opt/ros/jazzy/opt/gz_rendering_vendor:/opt/ros/jazzy/opt/gz_plugin_vendor:/opt/ros/jazzy/opt/gz_fuel_tools_vendor:/opt/ros/jazzy/opt/gz_msgs_vendor:/opt/ros/jazzy/opt/gz_common_vendor:/opt/ros/jazzy/opt/gz_math_vendor:/opt/ros/jazzy/opt/gz_utils_vendor:/opt/ros/jazzy/opt/gz_tools_vendor:/opt/ros/jazzy/opt/gz_ogre_next_vendor:/opt/ros/jazzy/opt/gz_dartsim_vendor:/opt/ros/jazzy/opt/gz_cmake_vendor DEBUGINFOD_URLS=https://debuginfod.ubuntu.com LD_LIBRARY_PATH=/home/amin/cobot/cobot_ws/install/mycobot_interfaces/lib:/home/amin/cobot/cobot_ws/install/mypalletizer_interfaces/lib:/home/amin/cobot/cobot_ws/install/mycobot_pro450_interfaces/lib:/home/amin/cobot/cobot_ws/install/mecharm_interfaces/lib:/opt/ros/jazzy/opt/gz_sim_vendor/lib:/opt/ros/jazzy/opt/gz_sensors_vendor/lib:/opt/ros/jazzy/opt/gz_physics_vendor/lib:/opt/ros/jazzy/opt/sdformat_vendor/lib:/opt/ros/jazzy/opt/rviz_ogre_vendor/lib:/opt/ros/jazzy/lib/x86_64-linux-gnu:/opt/ros/jazzy/opt/gz_gui_vendor/lib:/opt/ros/jazzy/opt/gz_transport_vendor/lib:/opt/ros/jazzy/opt/gz_rendering_vendor/lib:/opt/ros/jazzy/opt/gz_plugin_vendor/lib:/opt/ros/jazzy/opt/gz_fuel_tools_vendor/lib:/opt/ros/jazzy/opt/gz_msgs_vendor/lib:/opt/ros/jazzy/opt/gz_common_vendor/lib:/opt/ros/jazzy/opt/gz_math_vendor/lib:/opt/ros/jazzy/opt/gz_utils_vendor/lib:/opt/ros/jazzy/opt/gz_tools_vendor/lib:/opt/ros/jazzy/opt/gz_ogre_next_vendor/lib:/opt/ros/jazzy/opt/gz_dartsim_vendor/lib:/opt/ros/jazzy/opt/gz_cmake_vendor/lib:/opt/ros/jazzy/lib PYTHONPATH=/home/amin/cobot/cobot_ws/build/myarm_c650/prefix_override:/usr/lib/python3/dist-packages/colcon_core/task/python/colcon_distutils_commands:/home/amin/cobot/cobot_ws/install/myarm_c650/lib/python3.12/site-packages:/home/amin/cobot/cobot_ws/install/mycobot_communication/lib/python3.12/site-packages:/home/amin/cobot/cobot_ws/install/mycobot_interfaces/lib/python3.12/site-packages:/home/amin/cobot/cobot_ws/install/mycobot_description/lib/python3.12/site-packages:/home/amin/cobot/cobot_ws/install/ultraarm/lib/python3.12/site-packages:/home/amin/cobot/cobot_ws/install/pro450_moveit2_control/lib/python3.12/site-packages:/home/amin/cobot/cobot_ws/install/mypalletizer_communication/lib/python3.12/site-packages:/home/amin/cobot/cobot_ws/install/mypalletizer_interfaces/lib/python3.12/site-packages:/home/amin/cobot/cobot_ws/install/mypalletizer_260_pi/lib/python3.12/site-packages:/home/amin/cobot/cobot_ws/install/mypalletizer_260/lib/python3.12/site-packages:/home/amin/cobot/cobot_ws/install/mycobot_pro_450/lib/python3.12/site-packages:/home/amin/cobot/cobot_ws/install/mycobot_pro450_interfaces/lib/python3.12/site-packages:/home/amin/cobot/cobot_ws/install/myarm_m750/lib/python3.12/site-packages:/home/amin/cobot/cobot_ws/install/myarm_c650/lib/python3.12/site-packages:/home/amin/cobot/cobot_ws/install/mecharm_communication/lib/python3.12/site-packages:/home/amin/cobot/cobot_ws/install/mycobot_630/lib/python3.12/site-packages:/home/amin/cobot/cobot_ws/install/mycobot_600/lib/python3.12/site-packages:/home/amin/cobot/cobot_ws/install/mycobot_320pi/lib/python3.12/site-packages:/home/amin/cobot/cobot_ws/install/mycobot_320_riscv/lib/python3.12/site-packages:/home/amin/cobot/cobot_ws/install/mycobot_320/lib/python3.12/site-packages:/home/amin/cobot/cobot_ws/install/mycobot_280pi/lib/python3.12/site-packages:/home/amin/cobot/cobot_ws/install/mycobot_280jn/lib/python3.12/site-packages:/home/amin/cobot/cobot_ws/install/mycobot_280_x3pi/lib/python3.12/site-packages:/home/amin/cobot/cobot_ws/install/mycobot_280_riscv/lib/python3.12/site-packages:/home/amin/cobot/cobot_ws/install/mycobot_280_rdkx5/lib/python3.12/site-packages:/home/amin/cobot/cobot_ws/install/mycobot_280_moveit2_control/lib/python3.12/site-packages:/home/amin/cobot/cobot_ws/install/mycobot_280_arduino/lib/python3.12/site-packages:/home/amin/cobot/cobot_ws/install/mycobot_280/lib/python3.12/site-packages:/home/amin/cobot/cobot_ws/install/mybuddy/lib/python3.12/site-packages:/home/amin/cobot/cobot_ws/install/myarm_300/lib/python3.12/site-packages:/home/amin/cobot/cobot_ws/install/mecharm_pi/lib/python3.12/site-packages:/home/amin/cobot/cobot_ws/install/mecharm/lib/python3.12/site-packages:/home/amin/cobot/cobot_ws/install/mecharm_interfaces/lib/python3.12/site-packages:/opt/ros/jazzy/lib/python3.12/site-packages /usr/bin/python3 -W ignore:setup.py install is deprecated -W ignore:easy_install command is deprecated setup.py egg_info --egg-base ../../../../build/myarm_c650 build --build-base /home/amin/cobot/cobot_ws/build/myarm_c650/build install --record /home/amin/cobot/cobot_ws/build/myarm_c650/install.log --single-version-externally-managed install_data
[9.975s] Level 1:colcon.colcon_core.environment:checking '/home/amin/cobot/cobot_ws/install/myarm_c650' for CMake config files
[9.975s] Level 1:colcon.colcon_core.environment:checking '/home/amin/cobot/cobot_ws/install/myarm_c650/lib'
[9.975s] Level 1:colcon.colcon_core.environment:checking '/home/amin/cobot/cobot_ws/install/myarm_c650/bin'
[9.975s] Level 1:colcon.colcon_core.environment:checking '/home/amin/cobot/cobot_ws/install/myarm_c650/lib/pkgconfig/myarm_c650.pc'
[9.976s] Level 1:colcon.colcon_core.environment:checking '/home/amin/cobot/cobot_ws/install/myarm_c650/lib/python3.12/site-packages'
[9.976s] Level 1:colcon.colcon_core.shell:create_environment_hook('myarm_c650', 'pythonpath')
[9.976s] INFO:colcon.colcon_core.shell:Creating environment hook '/home/amin/cobot/cobot_ws/install/myarm_c650/share/myarm_c650/hook/pythonpath.ps1'
[9.976s] INFO:colcon.colcon_core.shell:Creating environment descriptor '/home/amin/cobot/cobot_ws/install/myarm_c650/share/myarm_c650/hook/pythonpath.dsv'
[9.976s] INFO:colcon.colcon_core.shell:Creating environment hook '/home/amin/cobot/cobot_ws/install/myarm_c650/share/myarm_c650/hook/pythonpath.sh'
[9.977s] Level 1:colcon.colcon_core.environment:checking '/home/amin/cobot/cobot_ws/install/myarm_c650/bin'
[9.977s] Level 1:colcon.colcon_core.environment:create_environment_scripts_only(myarm_c650)
[9.977s] INFO:colcon.colcon_core.shell:Creating package script '/home/amin/cobot/cobot_ws/install/myarm_c650/share/myarm_c650/package.ps1'
[9.977s] INFO:colcon.colcon_core.shell:Creating package descriptor '/home/amin/cobot/cobot_ws/install/myarm_c650/share/myarm_c650/package.dsv'
[9.978s] INFO:colcon.colcon_core.shell:Creating package script '/home/amin/cobot/cobot_ws/install/myarm_c650/share/myarm_c650/package.sh'
[9.978s] INFO:colcon.colcon_core.shell:Creating package script '/home/amin/cobot/cobot_ws/install/myarm_c650/share/myarm_c650/package.bash'
[9.978s] INFO:colcon.colcon_core.shell:Creating package script '/home/amin/cobot/cobot_ws/install/myarm_c650/share/myarm_c650/package.zsh'
[9.978s] Level 1:colcon.colcon_core.environment:create_file_with_runtime_dependencies(/home/amin/cobot/cobot_ws/install/myarm_c650/share/colcon-core/packages/myarm_c650)
[9.980s] DEBUG:colcon.colcon_core.event_handler.log_command:Invoking command in '/home/amin/cobot/cobot_ws/src/mycobot_ros2/mycobot_280/mycobot_280_rdkx5': AMENT_PREFIX_PATH=/home/amin/cobot/cobot_ws/install/mycobot_communication:/home/amin/cobot/cobot_ws/install/mycobot_description:/home/amin/cobot/cobot_ws/install/ultraarm:/home/amin/cobot/cobot_ws/install/pro450_moveit2_control:/home/amin/cobot/cobot_ws/install/pro450_moveit2:/home/amin/cobot/cobot_ws/install/mypalletizer_communication:/home/amin/cobot/cobot_ws/install/mypalletizer_interfaces:/home/amin/cobot/cobot_ws/install/mypalletizer_260_pi:/home/amin/cobot/cobot_ws/install/mypalletizer_260:/home/amin/cobot/cobot_ws/install/mycobot_pro_450:/home/amin/cobot/cobot_ws/install/mycobot_pro450_interfaces:/home/amin/cobot/cobot_ws/install/myarm_m750:/home/amin/cobot/cobot_ws/install/myarm_c650:/home/amin/cobot/cobot_ws/install/mecharm_communication:/home/amin/cobot/cobot_ws/install/mycobot_interfaces:/home/amin/cobot/cobot_ws/install/mycobot_630:/home/amin/cobot/cobot_ws/install/mycobot_600:/home/amin/cobot/cobot_ws/install/mycobot_320pi:/home/amin/cobot/cobot_ws/install/mycobot_320_riscv:/home/amin/cobot/cobot_ws/install/mycobot_320:/home/amin/cobot/cobot_ws/install/mycobot_280rdkx5_moveit2:/home/amin/cobot/cobot_ws/install/mycobot_280pi:/home/amin/cobot/cobot_ws/install/mycobot_280jn:/home/amin/cobot/cobot_ws/install/mycobot_280arduino_moveit2:/home/amin/cobot/cobot_ws/install/mycobot_280_x3pi:/home/amin/cobot/cobot_ws/install/mycobot_280_riscv:/home/amin/cobot/cobot_ws/install/mycobot_280_rdkx5:/home/amin/cobot/cobot_ws/install/mycobot_280_moveit2_control:/home/amin/cobot/cobot_ws/install/mycobot_280_moveit2:/home/amin/cobot/cobot_ws/install/mycobot_280_gazebo_jazzy:/home/amin/cobot/cobot_ws/install/mycobot_280_gazebo:/home/amin/cobot/cobot_ws/install/mycobot_280_arduino:/home/amin/cobot/cobot_ws/install/mycobot_280:/home/amin/cobot/cobot_ws/install/mybuddy:/home/amin/cobot/cobot_ws/install/myarm_300:/home/amin/cobot/cobot_ws/install/mecharm_pi:/home/amin/cobot/cobot_ws/install/mecharm:/home/amin/cobot/cobot_ws/install/mecharm_interfaces:/opt/ros/jazzy CMAKE_PREFIX_PATH=/home/amin/cobot/cobot_ws/install/mycobot_interfaces:/home/amin/cobot/cobot_ws/install/pro450_moveit2:/home/amin/cobot/cobot_ws/install/mypalletizer_interfaces:/home/amin/cobot/cobot_ws/install/mycobot_pro450_interfaces:/home/amin/cobot/cobot_ws/install/mycobot_280rdkx5_moveit2:/home/amin/cobot/cobot_ws/install/mycobot_280arduino_moveit2:/home/amin/cobot/cobot_ws/install/mycobot_280_moveit2:/home/amin/cobot/cobot_ws/install/mycobot_280_gazebo_jazzy:/home/amin/cobot/cobot_ws/install/mycobot_280_gazebo:/home/amin/cobot/cobot_ws/install/mecharm_interfaces:/opt/ros/jazzy/opt/gz_sim_vendor:/opt/ros/jazzy/opt/gz_sensors_vendor:/opt/ros/jazzy/opt/gz_physics_vendor:/opt/ros/jazzy/opt/sdformat_vendor:/opt/ros/jazzy/opt/gz_gui_vendor:/opt/ros/jazzy/opt/gz_transport_vendor:/opt/ros/jazzy/opt/gz_rendering_vendor:/opt/ros/jazzy/opt/gz_plugin_vendor:/opt/ros/jazzy/opt/gz_fuel_tools_vendor:/opt/ros/jazzy/opt/gz_msgs_vendor:/opt/ros/jazzy/opt/gz_common_vendor:/opt/ros/jazzy/opt/gz_math_vendor:/opt/ros/jazzy/opt/gz_utils_vendor:/opt/ros/jazzy/opt/gz_tools_vendor:/opt/ros/jazzy/opt/gz_ogre_next_vendor:/opt/ros/jazzy/opt/gz_dartsim_vendor:/opt/ros/jazzy/opt/gz_cmake_vendor DEBUGINFOD_URLS=https://debuginfod.ubuntu.com LD_LIBRARY_PATH=/home/amin/cobot/cobot_ws/install/mycobot_interfaces/lib:/home/amin/cobot/cobot_ws/install/mypalletizer_interfaces/lib:/home/amin/cobot/cobot_ws/install/mycobot_pro450_interfaces/lib:/home/amin/cobot/cobot_ws/install/mecharm_interfaces/lib:/opt/ros/jazzy/opt/gz_sim_vendor/lib:/opt/ros/jazzy/opt/gz_sensors_vendor/lib:/opt/ros/jazzy/opt/gz_physics_vendor/lib:/opt/ros/jazzy/opt/sdformat_vendor/lib:/opt/ros/jazzy/opt/rviz_ogre_vendor/lib:/opt/ros/jazzy/lib/x86_64-linux-gnu:/opt/ros/jazzy/opt/gz_gui_vendor/lib:/opt/ros/jazzy/opt/gz_transport_vendor/lib:/opt/ros/jazzy/opt/gz_rendering_vendor/lib:/opt/ros/jazzy/opt/gz_plugin_vendor/lib:/opt/ros/jazzy/opt/gz_fuel_tools_vendor/lib:/opt/ros/jazzy/opt/gz_msgs_vendor/lib:/opt/ros/jazzy/opt/gz_common_vendor/lib:/opt/ros/jazzy/opt/gz_math_vendor/lib:/opt/ros/jazzy/opt/gz_utils_vendor/lib:/opt/ros/jazzy/opt/gz_tools_vendor/lib:/opt/ros/jazzy/opt/gz_ogre_next_vendor/lib:/opt/ros/jazzy/opt/gz_dartsim_vendor/lib:/opt/ros/jazzy/opt/gz_cmake_vendor/lib:/opt/ros/jazzy/lib PYTHONPATH=/home/amin/cobot/cobot_ws/build/mycobot_280_rdkx5/prefix_override:/usr/lib/python3/dist-packages/colcon_core/task/python/colcon_distutils_commands:/home/amin/cobot/cobot_ws/install/mycobot_280_rdkx5/lib/python3.12/site-packages:/home/amin/cobot/cobot_ws/install/mycobot_communication/lib/python3.12/site-packages:/home/amin/cobot/cobot_ws/install/mycobot_interfaces/lib/python3.12/site-packages:/home/amin/cobot/cobot_ws/install/mycobot_description/lib/python3.12/site-packages:/home/amin/cobot/cobot_ws/install/ultraarm/lib/python3.12/site-packages:/home/amin/cobot/cobot_ws/install/pro450_moveit2_control/lib/python3.12/site-packages:/home/amin/cobot/cobot_ws/install/mypalletizer_communication/lib/python3.12/site-packages:/home/amin/cobot/cobot_ws/install/mypalletizer_interfaces/lib/python3.12/site-packages:/home/amin/cobot/cobot_ws/install/mypalletizer_260_pi/lib/python3.12/site-packages:/home/amin/cobot/cobot_ws/install/mypalletizer_260/lib/python3.12/site-packages:/home/amin/cobot/cobot_ws/install/mycobot_pro_450/lib/python3.12/site-packages:/home/amin/cobot/cobot_ws/install/mycobot_pro450_interfaces/lib/python3.12/site-packages:/home/amin/cobot/cobot_ws/install/myarm_m750/lib/python3.12/site-packages:/home/amin/cobot/cobot_ws/install/myarm_c650/lib/python3.12/site-packages:/home/amin/cobot/cobot_ws/install/mecharm_communication/lib/python3.12/site-packages:/home/amin/cobot/cobot_ws/install/mycobot_630/lib/python3.12/site-packages:/home/amin/cobot/cobot_ws/install/mycobot_600/lib/python3.12/site-packages:/home/amin/cobot/cobot_ws/install/mycobot_320pi/lib/python3.12/site-packages:/home/amin/cobot/cobot_ws/install/mycobot_320_riscv/lib/python3.12/site-packages:/home/amin/cobot/cobot_ws/install/mycobot_320/lib/python3.12/site-packages:/home/amin/cobot/cobot_ws/install/mycobot_280pi/lib/python3.12/site-packages:/home/amin/cobot/cobot_ws/install/mycobot_280jn/lib/python3.12/site-packages:/home/amin/cobot/cobot_ws/install/mycobot_280_x3pi/lib/python3.12/site-packages:/home/amin/cobot/cobot_ws/install/mycobot_280_riscv/lib/python3.12/site-packages:/home/amin/cobot/cobot_ws/install/mycobot_280_rdkx5/lib/python3.12/site-packages:/home/amin/cobot/cobot_ws/install/mycobot_280_moveit2_control/lib/python3.12/site-packages:/home/amin/cobot/cobot_ws/install/mycobot_280_arduino/lib/python3.12/site-packages:/home/amin/cobot/cobot_ws/install/mycobot_280/lib/python3.12/site-packages:/home/amin/cobot/cobot_ws/install/mybuddy/lib/python3.12/site-packages:/home/amin/cobot/cobot_ws/install/myarm_300/lib/python3.12/site-packages:/home/amin/cobot/cobot_ws/install/mecharm_pi/lib/python3.12/site-packages:/home/amin/cobot/cobot_ws/install/mecharm/lib/python3.12/site-packages:/home/amin/cobot/cobot_ws/install/mecharm_interfaces/lib/python3.12/site-packages:/opt/ros/jazzy/lib/python3.12/site-packages /usr/bin/python3 -W ignore:setup.py install is deprecated -W ignore:easy_install command is deprecated setup.py egg_info --egg-base ../../../../build/mycobot_280_rdkx5 build --build-base /home/amin/cobot/cobot_ws/build/mycobot_280_rdkx5/build install --record /home/amin/cobot/cobot_ws/build/mycobot_280_rdkx5/install.log --single-version-externally-managed install_data
[10.299s] Level 1:colcon.colcon_core.environment:checking '/home/amin/cobot/cobot_ws/install/myarm_m750' for CMake module files
[10.299s] DEBUG:colcon.colcon_core.event_handler.log_command:Invoked command in '/home/amin/cobot/cobot_ws/src/mycobot_ros2/myArm/myarm_m750' returned '0': AMENT_PREFIX_PATH=/home/amin/cobot/cobot_ws/install/mycobot_communication:/home/amin/cobot/cobot_ws/install/mycobot_description:/home/amin/cobot/cobot_ws/install/ultraarm:/home/amin/cobot/cobot_ws/install/pro450_moveit2_control:/home/amin/cobot/cobot_ws/install/pro450_moveit2:/home/amin/cobot/cobot_ws/install/mypalletizer_communication:/home/amin/cobot/cobot_ws/install/mypalletizer_interfaces:/home/amin/cobot/cobot_ws/install/mypalletizer_260_pi:/home/amin/cobot/cobot_ws/install/mypalletizer_260:/home/amin/cobot/cobot_ws/install/mycobot_pro_450:/home/amin/cobot/cobot_ws/install/mycobot_pro450_interfaces:/home/amin/cobot/cobot_ws/install/myarm_m750:/home/amin/cobot/cobot_ws/install/myarm_c650:/home/amin/cobot/cobot_ws/install/mecharm_communication:/home/amin/cobot/cobot_ws/install/mycobot_interfaces:/home/amin/cobot/cobot_ws/install/mycobot_630:/home/amin/cobot/cobot_ws/install/mycobot_600:/home/amin/cobot/cobot_ws/install/mycobot_320pi:/home/amin/cobot/cobot_ws/install/mycobot_320_riscv:/home/amin/cobot/cobot_ws/install/mycobot_320:/home/amin/cobot/cobot_ws/install/mycobot_280rdkx5_moveit2:/home/amin/cobot/cobot_ws/install/mycobot_280pi:/home/amin/cobot/cobot_ws/install/mycobot_280jn:/home/amin/cobot/cobot_ws/install/mycobot_280arduino_moveit2:/home/amin/cobot/cobot_ws/install/mycobot_280_x3pi:/home/amin/cobot/cobot_ws/install/mycobot_280_riscv:/home/amin/cobot/cobot_ws/install/mycobot_280_rdkx5:/home/amin/cobot/cobot_ws/install/mycobot_280_moveit2_control:/home/amin/cobot/cobot_ws/install/mycobot_280_moveit2:/home/amin/cobot/cobot_ws/install/mycobot_280_gazebo_jazzy:/home/amin/cobot/cobot_ws/install/mycobot_280_gazebo:/home/amin/cobot/cobot_ws/install/mycobot_280_arduino:/home/amin/cobot/cobot_ws/install/mycobot_280:/home/amin/cobot/cobot_ws/install/mybuddy:/home/amin/cobot/cobot_ws/install/myarm_300:/home/amin/cobot/cobot_ws/install/mecharm_pi:/home/amin/cobot/cobot_ws/install/mecharm:/home/amin/cobot/cobot_ws/install/mecharm_interfaces:/opt/ros/jazzy CMAKE_PREFIX_PATH=/home/amin/cobot/cobot_ws/install/mycobot_interfaces:/home/amin/cobot/cobot_ws/install/pro450_moveit2:/home/amin/cobot/cobot_ws/install/mypalletizer_interfaces:/home/amin/cobot/cobot_ws/install/mycobot_pro450_interfaces:/home/amin/cobot/cobot_ws/install/mycobot_280rdkx5_moveit2:/home/amin/cobot/cobot_ws/install/mycobot_280arduino_moveit2:/home/amin/cobot/cobot_ws/install/mycobot_280_moveit2:/home/amin/cobot/cobot_ws/install/mycobot_280_gazebo_jazzy:/home/amin/cobot/cobot_ws/install/mycobot_280_gazebo:/home/amin/cobot/cobot_ws/install/mecharm_interfaces:/opt/ros/jazzy/opt/gz_sim_vendor:/opt/ros/jazzy/opt/gz_sensors_vendor:/opt/ros/jazzy/opt/gz_physics_vendor:/opt/ros/jazzy/opt/sdformat_vendor:/opt/ros/jazzy/opt/gz_gui_vendor:/opt/ros/jazzy/opt/gz_transport_vendor:/opt/ros/jazzy/opt/gz_rendering_vendor:/opt/ros/jazzy/opt/gz_plugin_vendor:/opt/ros/jazzy/opt/gz_fuel_tools_vendor:/opt/ros/jazzy/opt/gz_msgs_vendor:/opt/ros/jazzy/opt/gz_common_vendor:/opt/ros/jazzy/opt/gz_math_vendor:/opt/ros/jazzy/opt/gz_utils_vendor:/opt/ros/jazzy/opt/gz_tools_vendor:/opt/ros/jazzy/opt/gz_ogre_next_vendor:/opt/ros/jazzy/opt/gz_dartsim_vendor:/opt/ros/jazzy/opt/gz_cmake_vendor DEBUGINFOD_URLS=https://debuginfod.ubuntu.com LD_LIBRARY_PATH=/home/amin/cobot/cobot_ws/install/mycobot_interfaces/lib:/home/amin/cobot/cobot_ws/install/mypalletizer_interfaces/lib:/home/amin/cobot/cobot_ws/install/mycobot_pro450_interfaces/lib:/home/amin/cobot/cobot_ws/install/mecharm_interfaces/lib:/opt/ros/jazzy/opt/gz_sim_vendor/lib:/opt/ros/jazzy/opt/gz_sensors_vendor/lib:/opt/ros/jazzy/opt/gz_physics_vendor/lib:/opt/ros/jazzy/opt/sdformat_vendor/lib:/opt/ros/jazzy/opt/rviz_ogre_vendor/lib:/opt/ros/jazzy/lib/x86_64-linux-gnu:/opt/ros/jazzy/opt/gz_gui_vendor/lib:/opt/ros/jazzy/opt/gz_transport_vendor/lib:/opt/ros/jazzy/opt/gz_rendering_vendor/lib:/opt/ros/jazzy/opt/gz_plugin_vendor/lib:/opt/ros/jazzy/opt/gz_fuel_tools_vendor/lib:/opt/ros/jazzy/opt/gz_msgs_vendor/lib:/opt/ros/jazzy/opt/gz_common_vendor/lib:/opt/ros/jazzy/opt/gz_math_vendor/lib:/opt/ros/jazzy/opt/gz_utils_vendor/lib:/opt/ros/jazzy/opt/gz_tools_vendor/lib:/opt/ros/jazzy/opt/gz_ogre_next_vendor/lib:/opt/ros/jazzy/opt/gz_dartsim_vendor/lib:/opt/ros/jazzy/opt/gz_cmake_vendor/lib:/opt/ros/jazzy/lib PYTHONPATH=/home/amin/cobot/cobot_ws/build/myarm_m750/prefix_override:/usr/lib/python3/dist-packages/colcon_core/task/python/colcon_distutils_commands:/home/amin/cobot/cobot_ws/install/myarm_m750/lib/python3.12/site-packages:/home/amin/cobot/cobot_ws/install/mycobot_communication/lib/python3.12/site-packages:/home/amin/cobot/cobot_ws/install/mycobot_interfaces/lib/python3.12/site-packages:/home/amin/cobot/cobot_ws/install/mycobot_description/lib/python3.12/site-packages:/home/amin/cobot/cobot_ws/install/ultraarm/lib/python3.12/site-packages:/home/amin/cobot/cobot_ws/install/pro450_moveit2_control/lib/python3.12/site-packages:/home/amin/cobot/cobot_ws/install/mypalletizer_communication/lib/python3.12/site-packages:/home/amin/cobot/cobot_ws/install/mypalletizer_interfaces/lib/python3.12/site-packages:/home/amin/cobot/cobot_ws/install/mypalletizer_260_pi/lib/python3.12/site-packages:/home/amin/cobot/cobot_ws/install/mypalletizer_260/lib/python3.12/site-packages:/home/amin/cobot/cobot_ws/install/mycobot_pro_450/lib/python3.12/site-packages:/home/amin/cobot/cobot_ws/install/mycobot_pro450_interfaces/lib/python3.12/site-packages:/home/amin/cobot/cobot_ws/install/myarm_m750/lib/python3.12/site-packages:/home/amin/cobot/cobot_ws/install/myarm_c650/lib/python3.12/site-packages:/home/amin/cobot/cobot_ws/install/mecharm_communication/lib/python3.12/site-packages:/home/amin/cobot/cobot_ws/install/mycobot_630/lib/python3.12/site-packages:/home/amin/cobot/cobot_ws/install/mycobot_600/lib/python3.12/site-packages:/home/amin/cobot/cobot_ws/install/mycobot_320pi/lib/python3.12/site-packages:/home/amin/cobot/cobot_ws/install/mycobot_320_riscv/lib/python3.12/site-packages:/home/amin/cobot/cobot_ws/install/mycobot_320/lib/python3.12/site-packages:/home/amin/cobot/cobot_ws/install/mycobot_280pi/lib/python3.12/site-packages:/home/amin/cobot/cobot_ws/install/mycobot_280jn/lib/python3.12/site-packages:/home/amin/cobot/cobot_ws/install/mycobot_280_x3pi/lib/python3.12/site-packages:/home/amin/cobot/cobot_ws/install/mycobot_280_riscv/lib/python3.12/site-packages:/home/amin/cobot/cobot_ws/install/mycobot_280_rdkx5/lib/python3.12/site-packages:/home/amin/cobot/cobot_ws/install/mycobot_280_moveit2_control/lib/python3.12/site-packages:/home/amin/cobot/cobot_ws/install/mycobot_280_arduino/lib/python3.12/site-packages:/home/amin/cobot/cobot_ws/install/mycobot_280/lib/python3.12/site-packages:/home/amin/cobot/cobot_ws/install/mybuddy/lib/python3.12/site-packages:/home/amin/cobot/cobot_ws/install/myarm_300/lib/python3.12/site-packages:/home/amin/cobot/cobot_ws/install/mecharm_pi/lib/python3.12/site-packages:/home/amin/cobot/cobot_ws/install/mecharm/lib/python3.12/site-packages:/home/amin/cobot/cobot_ws/install/mecharm_interfaces/lib/python3.12/site-packages:/opt/ros/jazzy/lib/python3.12/site-packages /usr/bin/python3 -W ignore:setup.py install is deprecated -W ignore:easy_install command is deprecated setup.py egg_info --egg-base ../../../../build/myarm_m750 build --build-base /home/amin/cobot/cobot_ws/build/myarm_m750/build install --record /home/amin/cobot/cobot_ws/build/myarm_m750/install.log --single-version-externally-managed install_data
[10.300s] Level 1:colcon.colcon_core.environment:checking '/home/amin/cobot/cobot_ws/install/myarm_m750' for CMake config files
[10.300s] Level 1:colcon.colcon_core.environment:checking '/home/amin/cobot/cobot_ws/install/myarm_m750/lib'
[10.300s] Level 1:colcon.colcon_core.environment:checking '/home/amin/cobot/cobot_ws/install/myarm_m750/bin'
[10.300s] Level 1:colcon.colcon_core.environment:checking '/home/amin/cobot/cobot_ws/install/myarm_m750/lib/pkgconfig/myarm_m750.pc'
[10.300s] Level 1:colcon.colcon_core.environment:checking '/home/amin/cobot/cobot_ws/install/myarm_m750/lib/python3.12/site-packages'
[10.300s] Level 1:colcon.colcon_core.shell:create_environment_hook('myarm_m750', 'pythonpath')
[10.300s] INFO:colcon.colcon_core.shell:Creating environment hook '/home/amin/cobot/cobot_ws/install/myarm_m750/share/myarm_m750/hook/pythonpath.ps1'
[10.301s] INFO:colcon.colcon_core.shell:Creating environment descriptor '/home/amin/cobot/cobot_ws/install/myarm_m750/share/myarm_m750/hook/pythonpath.dsv'
[10.301s] INFO:colcon.colcon_core.shell:Creating environment hook '/home/amin/cobot/cobot_ws/install/myarm_m750/share/myarm_m750/hook/pythonpath.sh'
[10.301s] Level 1:colcon.colcon_core.environment:checking '/home/amin/cobot/cobot_ws/install/myarm_m750/bin'
[10.301s] Level 1:colcon.colcon_core.environment:create_environment_scripts_only(myarm_m750)
[10.302s] INFO:colcon.colcon_core.shell:Creating package script '/home/amin/cobot/cobot_ws/install/myarm_m750/share/myarm_m750/package.ps1'
[10.302s] INFO:colcon.colcon_core.shell:Creating package descriptor '/home/amin/cobot/cobot_ws/install/myarm_m750/share/myarm_m750/package.dsv'
[10.302s] INFO:colcon.colcon_core.shell:Creating package script '/home/amin/cobot/cobot_ws/install/myarm_m750/share/myarm_m750/package.sh'
[10.302s] INFO:colcon.colcon_core.shell:Creating package script '/home/amin/cobot/cobot_ws/install/myarm_m750/share/myarm_m750/package.bash'
[10.303s] INFO:colcon.colcon_core.shell:Creating package script '/home/amin/cobot/cobot_ws/install/myarm_m750/share/myarm_m750/package.zsh'
[10.303s] Level 1:colcon.colcon_core.environment:create_file_with_runtime_dependencies(/home/amin/cobot/cobot_ws/install/myarm_m750/share/colcon-core/packages/myarm_m750)
[10.406s] Level 1:colcon.colcon_core.environment:checking '/home/amin/cobot/cobot_ws/install/mycobot_280_rdkx5' for CMake module files
[10.406s] DEBUG:colcon.colcon_core.event_handler.log_command:Invoked command in '/home/amin/cobot/cobot_ws/src/mycobot_ros2/mycobot_280/mycobot_280_rdkx5' returned '0': AMENT_PREFIX_PATH=/home/amin/cobot/cobot_ws/install/mycobot_communication:/home/amin/cobot/cobot_ws/install/mycobot_description:/home/amin/cobot/cobot_ws/install/ultraarm:/home/amin/cobot/cobot_ws/install/pro450_moveit2_control:/home/amin/cobot/cobot_ws/install/pro450_moveit2:/home/amin/cobot/cobot_ws/install/mypalletizer_communication:/home/amin/cobot/cobot_ws/install/mypalletizer_interfaces:/home/amin/cobot/cobot_ws/install/mypalletizer_260_pi:/home/amin/cobot/cobot_ws/install/mypalletizer_260:/home/amin/cobot/cobot_ws/install/mycobot_pro_450:/home/amin/cobot/cobot_ws/install/mycobot_pro450_interfaces:/home/amin/cobot/cobot_ws/install/myarm_m750:/home/amin/cobot/cobot_ws/install/myarm_c650:/home/amin/cobot/cobot_ws/install/mecharm_communication:/home/amin/cobot/cobot_ws/install/mycobot_interfaces:/home/amin/cobot/cobot_ws/install/mycobot_630:/home/amin/cobot/cobot_ws/install/mycobot_600:/home/amin/cobot/cobot_ws/install/mycobot_320pi:/home/amin/cobot/cobot_ws/install/mycobot_320_riscv:/home/amin/cobot/cobot_ws/install/mycobot_320:/home/amin/cobot/cobot_ws/install/mycobot_280rdkx5_moveit2:/home/amin/cobot/cobot_ws/install/mycobot_280pi:/home/amin/cobot/cobot_ws/install/mycobot_280jn:/home/amin/cobot/cobot_ws/install/mycobot_280arduino_moveit2:/home/amin/cobot/cobot_ws/install/mycobot_280_x3pi:/home/amin/cobot/cobot_ws/install/mycobot_280_riscv:/home/amin/cobot/cobot_ws/install/mycobot_280_rdkx5:/home/amin/cobot/cobot_ws/install/mycobot_280_moveit2_control:/home/amin/cobot/cobot_ws/install/mycobot_280_moveit2:/home/amin/cobot/cobot_ws/install/mycobot_280_gazebo_jazzy:/home/amin/cobot/cobot_ws/install/mycobot_280_gazebo:/home/amin/cobot/cobot_ws/install/mycobot_280_arduino:/home/amin/cobot/cobot_ws/install/mycobot_280:/home/amin/cobot/cobot_ws/install/mybuddy:/home/amin/cobot/cobot_ws/install/myarm_300:/home/amin/cobot/cobot_ws/install/mecharm_pi:/home/amin/cobot/cobot_ws/install/mecharm:/home/amin/cobot/cobot_ws/install/mecharm_interfaces:/opt/ros/jazzy CMAKE_PREFIX_PATH=/home/amin/cobot/cobot_ws/install/mycobot_interfaces:/home/amin/cobot/cobot_ws/install/pro450_moveit2:/home/amin/cobot/cobot_ws/install/mypalletizer_interfaces:/home/amin/cobot/cobot_ws/install/mycobot_pro450_interfaces:/home/amin/cobot/cobot_ws/install/mycobot_280rdkx5_moveit2:/home/amin/cobot/cobot_ws/install/mycobot_280arduino_moveit2:/home/amin/cobot/cobot_ws/install/mycobot_280_moveit2:/home/amin/cobot/cobot_ws/install/mycobot_280_gazebo_jazzy:/home/amin/cobot/cobot_ws/install/mycobot_280_gazebo:/home/amin/cobot/cobot_ws/install/mecharm_interfaces:/opt/ros/jazzy/opt/gz_sim_vendor:/opt/ros/jazzy/opt/gz_sensors_vendor:/opt/ros/jazzy/opt/gz_physics_vendor:/opt/ros/jazzy/opt/sdformat_vendor:/opt/ros/jazzy/opt/gz_gui_vendor:/opt/ros/jazzy/opt/gz_transport_vendor:/opt/ros/jazzy/opt/gz_rendering_vendor:/opt/ros/jazzy/opt/gz_plugin_vendor:/opt/ros/jazzy/opt/gz_fuel_tools_vendor:/opt/ros/jazzy/opt/gz_msgs_vendor:/opt/ros/jazzy/opt/gz_common_vendor:/opt/ros/jazzy/opt/gz_math_vendor:/opt/ros/jazzy/opt/gz_utils_vendor:/opt/ros/jazzy/opt/gz_tools_vendor:/opt/ros/jazzy/opt/gz_ogre_next_vendor:/opt/ros/jazzy/opt/gz_dartsim_vendor:/opt/ros/jazzy/opt/gz_cmake_vendor DEBUGINFOD_URLS=https://debuginfod.ubuntu.com LD_LIBRARY_PATH=/home/amin/cobot/cobot_ws/install/mycobot_interfaces/lib:/home/amin/cobot/cobot_ws/install/mypalletizer_interfaces/lib:/home/amin/cobot/cobot_ws/install/mycobot_pro450_interfaces/lib:/home/amin/cobot/cobot_ws/install/mecharm_interfaces/lib:/opt/ros/jazzy/opt/gz_sim_vendor/lib:/opt/ros/jazzy/opt/gz_sensors_vendor/lib:/opt/ros/jazzy/opt/gz_physics_vendor/lib:/opt/ros/jazzy/opt/sdformat_vendor/lib:/opt/ros/jazzy/opt/rviz_ogre_vendor/lib:/opt/ros/jazzy/lib/x86_64-linux-gnu:/opt/ros/jazzy/opt/gz_gui_vendor/lib:/opt/ros/jazzy/opt/gz_transport_vendor/lib:/opt/ros/jazzy/opt/gz_rendering_vendor/lib:/opt/ros/jazzy/opt/gz_plugin_vendor/lib:/opt/ros/jazzy/opt/gz_fuel_tools_vendor/lib:/opt/ros/jazzy/opt/gz_msgs_vendor/lib:/opt/ros/jazzy/opt/gz_common_vendor/lib:/opt/ros/jazzy/opt/gz_math_vendor/lib:/opt/ros/jazzy/opt/gz_utils_vendor/lib:/opt/ros/jazzy/opt/gz_tools_vendor/lib:/opt/ros/jazzy/opt/gz_ogre_next_vendor/lib:/opt/ros/jazzy/opt/gz_dartsim_vendor/lib:/opt/ros/jazzy/opt/gz_cmake_vendor/lib:/opt/ros/jazzy/lib PYTHONPATH=/home/amin/cobot/cobot_ws/build/mycobot_280_rdkx5/prefix_override:/usr/lib/python3/dist-packages/colcon_core/task/python/colcon_distutils_commands:/home/amin/cobot/cobot_ws/install/mycobot_280_rdkx5/lib/python3.12/site-packages:/home/amin/cobot/cobot_ws/install/mycobot_communication/lib/python3.12/site-packages:/home/amin/cobot/cobot_ws/install/mycobot_interfaces/lib/python3.12/site-packages:/home/amin/cobot/cobot_ws/install/mycobot_description/lib/python3.12/site-packages:/home/amin/cobot/cobot_ws/install/ultraarm/lib/python3.12/site-packages:/home/amin/cobot/cobot_ws/install/pro450_moveit2_control/lib/python3.12/site-packages:/home/amin/cobot/cobot_ws/install/mypalletizer_communication/lib/python3.12/site-packages:/home/amin/cobot/cobot_ws/install/mypalletizer_interfaces/lib/python3.12/site-packages:/home/amin/cobot/cobot_ws/install/mypalletizer_260_pi/lib/python3.12/site-packages:/home/amin/cobot/cobot_ws/install/mypalletizer_260/lib/python3.12/site-packages:/home/amin/cobot/cobot_ws/install/mycobot_pro_450/lib/python3.12/site-packages:/home/amin/cobot/cobot_ws/install/mycobot_pro450_interfaces/lib/python3.12/site-packages:/home/amin/cobot/cobot_ws/install/myarm_m750/lib/python3.12/site-packages:/home/amin/cobot/cobot_ws/install/myarm_c650/lib/python3.12/site-packages:/home/amin/cobot/cobot_ws/install/mecharm_communication/lib/python3.12/site-packages:/home/amin/cobot/cobot_ws/install/mycobot_630/lib/python3.12/site-packages:/home/amin/cobot/cobot_ws/install/mycobot_600/lib/python3.12/site-packages:/home/amin/cobot/cobot_ws/install/mycobot_320pi/lib/python3.12/site-packages:/home/amin/cobot/cobot_ws/install/mycobot_320_riscv/lib/python3.12/site-packages:/home/amin/cobot/cobot_ws/install/mycobot_320/lib/python3.12/site-packages:/home/amin/cobot/cobot_ws/install/mycobot_280pi/lib/python3.12/site-packages:/home/amin/cobot/cobot_ws/install/mycobot_280jn/lib/python3.12/site-packages:/home/amin/cobot/cobot_ws/install/mycobot_280_x3pi/lib/python3.12/site-packages:/home/amin/cobot/cobot_ws/install/mycobot_280_riscv/lib/python3.12/site-packages:/home/amin/cobot/cobot_ws/install/mycobot_280_rdkx5/lib/python3.12/site-packages:/home/amin/cobot/cobot_ws/install/mycobot_280_moveit2_control/lib/python3.12/site-packages:/home/amin/cobot/cobot_ws/install/mycobot_280_arduino/lib/python3.12/site-packages:/home/amin/cobot/cobot_ws/install/mycobot_280/lib/python3.12/site-packages:/home/amin/cobot/cobot_ws/install/mybuddy/lib/python3.12/site-packages:/home/amin/cobot/cobot_ws/install/myarm_300/lib/python3.12/site-packages:/home/amin/cobot/cobot_ws/install/mecharm_pi/lib/python3.12/site-packages:/home/amin/cobot/cobot_ws/install/mecharm/lib/python3.12/site-packages:/home/amin/cobot/cobot_ws/install/mecharm_interfaces/lib/python3.12/site-packages:/opt/ros/jazzy/lib/python3.12/site-packages /usr/bin/python3 -W ignore:setup.py install is deprecated -W ignore:easy_install command is deprecated setup.py egg_info --egg-base ../../../../build/mycobot_280_rdkx5 build --build-base /home/amin/cobot/cobot_ws/build/mycobot_280_rdkx5/build install --record /home/amin/cobot/cobot_ws/build/mycobot_280_rdkx5/install.log --single-version-externally-managed install_data
[10.407s] Level 1:colcon.colcon_core.environment:checking '/home/amin/cobot/cobot_ws/install/mycobot_280_rdkx5' for CMake config files
[10.407s] Level 1:colcon.colcon_core.environment:checking '/home/amin/cobot/cobot_ws/install/mycobot_280_rdkx5/lib'
[10.407s] Level 1:colcon.colcon_core.environment:checking '/home/amin/cobot/cobot_ws/install/mycobot_280_rdkx5/bin'
[10.407s] Level 1:colcon.colcon_core.environment:checking '/home/amin/cobot/cobot_ws/install/mycobot_280_rdkx5/lib/pkgconfig/mycobot_280_rdkx5.pc'
[10.407s] Level 1:colcon.colcon_core.environment:checking '/home/amin/cobot/cobot_ws/install/mycobot_280_rdkx5/lib/python3.12/site-packages'
[10.407s] Level 1:colcon.colcon_core.shell:create_environment_hook('mycobot_280_rdkx5', 'pythonpath')
[10.408s] INFO:colcon.colcon_core.shell:Creating environment hook '/home/amin/cobot/cobot_ws/install/mycobot_280_rdkx5/share/mycobot_280_rdkx5/hook/pythonpath.ps1'
[10.408s] INFO:colcon.colcon_core.shell:Creating environment descriptor '/home/amin/cobot/cobot_ws/install/mycobot_280_rdkx5/share/mycobot_280_rdkx5/hook/pythonpath.dsv'
[10.408s] INFO:colcon.colcon_core.shell:Creating environment hook '/home/amin/cobot/cobot_ws/install/mycobot_280_rdkx5/share/mycobot_280_rdkx5/hook/pythonpath.sh'
[10.409s] Level 1:colcon.colcon_core.environment:checking '/home/amin/cobot/cobot_ws/install/mycobot_280_rdkx5/bin'
[10.409s] Level 1:colcon.colcon_core.environment:create_environment_scripts_only(mycobot_280_rdkx5)
[10.409s] INFO:colcon.colcon_core.shell:Creating package script '/home/amin/cobot/cobot_ws/install/mycobot_280_rdkx5/share/mycobot_280_rdkx5/package.ps1'
[10.409s] INFO:colcon.colcon_core.shell:Creating package descriptor '/home/amin/cobot/cobot_ws/install/mycobot_280_rdkx5/share/mycobot_280_rdkx5/package.dsv'
[10.409s] INFO:colcon.colcon_core.shell:Creating package script '/home/amin/cobot/cobot_ws/install/mycobot_280_rdkx5/share/mycobot_280_rdkx5/package.sh'
[10.410s] INFO:colcon.colcon_core.shell:Creating package script '/home/amin/cobot/cobot_ws/install/mycobot_280_rdkx5/share/mycobot_280_rdkx5/package.bash'
[10.410s] INFO:colcon.colcon_core.shell:Creating package script '/home/amin/cobot/cobot_ws/install/mycobot_280_rdkx5/share/mycobot_280_rdkx5/package.zsh'
[10.410s] Level 1:colcon.colcon_core.environment:create_file_with_runtime_dependencies(/home/amin/cobot/cobot_ws/install/mycobot_280_rdkx5/share/colcon-core/packages/mycobot_280_rdkx5)
[10.410s] DEBUG:colcon.colcon_parallel_executor.executor.parallel:closing loop
[10.410s] DEBUG:colcon.colcon_parallel_executor.executor.parallel:loop closed
[10.410s] DEBUG:colcon.colcon_parallel_executor.executor.parallel:run_until_complete finished with '0'
[10.411s] DEBUG:colcon.colcon_core.event_reactor:joining thread
[10.417s] INFO:colcon.colcon_core.plugin_system:Skipping extension 'colcon_notification.desktop_notification.terminal_notifier': Not used on non-Darwin systems
[10.417s] INFO:colcon.colcon_core.plugin_system:Skipping extension 'colcon_notification.desktop_notification.win32': Not used on non-Windows systems
[10.417s] INFO:colcon.colcon_notification.desktop_notification:Sending desktop notification using 'notify2'
[10.427s] DEBUG:colcon.colcon_core.event_reactor:joined thread
[10.427s] INFO:colcon.colcon_core.shell:Creating prefix script '/home/amin/cobot/cobot_ws/install/local_setup.ps1'
[10.428s] INFO:colcon.colcon_core.shell:Creating prefix util module '/home/amin/cobot/cobot_ws/install/_local_setup_util_ps1.py'
[10.429s] INFO:colcon.colcon_core.shell:Creating prefix chain script '/home/amin/cobot/cobot_ws/install/setup.ps1'
[10.432s] INFO:colcon.colcon_core.shell:Creating prefix script '/home/amin/cobot/cobot_ws/install/local_setup.sh'
[10.432s] INFO:colcon.colcon_core.shell:Creating prefix util module '/home/amin/cobot/cobot_ws/install/_local_setup_util_sh.py'
[10.432s] INFO:colcon.colcon_core.shell:Creating prefix chain script '/home/amin/cobot/cobot_ws/install/setup.sh'
[10.434s] INFO:colcon.colcon_core.shell:Creating prefix script '/home/amin/cobot/cobot_ws/install/local_setup.bash'
[10.434s] INFO:colcon.colcon_core.shell:Creating prefix chain script '/home/amin/cobot/cobot_ws/install/setup.bash'
[10.436s] INFO:colcon.colcon_core.shell:Creating prefix script '/home/amin/cobot/cobot_ws/install/local_setup.zsh'
[10.436s] INFO:colcon.colcon_core.shell:Creating prefix chain script '/home/amin/cobot/cobot_ws/install/setup.zsh'
