[0.164s] DEBUG:colcon:Command line arguments: ['/usr/bin/colcon', 'build']
[0.164s] DEBUG:colcon:Parsed command line arguments: Namespace(log_base=None, log_level=None, verb_name='build', build_base='build', install_base='install', merge_install=False, symlink_install=False, test_result_base=None, continue_on_error=False, executor='parallel', parallel_workers=8, event_handlers=None, ignore_user_meta=False, metas=['./colcon.meta'], base_paths=['.'], packages_ignore=None, packages_ignore_regex=None, paths=None, packages_up_to=None, packages_up_to_regex=None, packages_above=None, packages_above_and_dependencies=None, packages_above_depth=None, packages_select_by_dep=None, packages_skip_by_dep=None, packages_skip_up_to=None, packages_select_build_failed=False, packages_skip_build_finished=False, packages_select_test_failures=False, packages_skip_test_passed=False, packages_select=None, packages_skip=None, packages_select_regex=None, packages_skip_regex=None, packages_start=None, packages_end=None, allow_overriding=[], cmake_args=None, cmake_target=None, cmake_target_skip_unavailable=False, cmake_clean_cache=False, cmake_clean_first=False, cmake_force_configure=False, ament_cmake_args=None, catkin_cmake_args=None, catkin_skip_building_tests=False, mixin_files=None, mixin=None, verb_parser=<colcon_mixin.mixin.mixin_argument.MixinArgumentDecorator object at 0x73beb54d1d00>, verb_extension=<colcon_core.verb.build.BuildVerb object at 0x73beb54b4650>, main=<bound method BuildVerb.main of <colcon_core.verb.build.BuildVerb object at 0x73beb54b4650>>, mixin_verb=('build',))
[0.220s] Level 1:colcon.colcon_core.package_discovery:discover_packages(colcon_meta) check parameters
[0.221s] Level 1:colcon.colcon_core.package_discovery:discover_packages(recursive) check parameters
[0.221s] Level 1:colcon.colcon_core.package_discovery:discover_packages(ignore) check parameters
[0.221s] Level 1:colcon.colcon_core.package_discovery:discover_packages(path) check parameters
[0.221s] Level 1:colcon.colcon_core.package_discovery:discover_packages(colcon_meta) discover
[0.221s] Level 1:colcon.colcon_core.package_discovery:discover_packages(recursive) discover
[0.221s] INFO:colcon.colcon_core.package_discovery:Crawling recursively for packages in '/home/amin/cobot/cobot_ws'
[0.221s] Level 1:colcon.colcon_core.package_identification:_identify(.) by extensions ['ignore', 'ignore_ament_install']
[0.222s] Level 1:colcon.colcon_core.package_identification:_identify(.) by extension 'ignore'
[0.222s] Level 1:colcon.colcon_core.package_identification:_identify(.) by extension 'ignore_ament_install'
[0.222s] Level 1:colcon.colcon_core.package_identification:_identify(.) by extensions ['colcon_pkg']
[0.222s] Level 1:colcon.colcon_core.package_identification:_identify(.) by extension 'colcon_pkg'
[0.222s] Level 1:colcon.colcon_core.package_identification:_identify(.) by extensions ['colcon_meta']
[0.222s] Level 1:colcon.colcon_core.package_identification:_identify(.) by extension 'colcon_meta'
[0.222s] Level 1:colcon.colcon_core.package_identification:_identify(.) by extensions ['ros']
[0.222s] Level 1:colcon.colcon_core.package_identification:_identify(.) by extension 'ros'
[0.263s] Level 1:colcon.colcon_core.package_identification:_identify(.) by extensions ['cmake', 'python']
[0.263s] Level 1:colcon.colcon_core.package_identification:_identify(.) by extension 'cmake'
[0.263s] Level 1:colcon.colcon_core.package_identification:_identify(.) by extension 'python'
[0.263s] Level 1:colcon.colcon_core.package_identification:_identify(.) by extensions ['python_setup_py']
[0.263s] Level 1:colcon.colcon_core.package_identification:_identify(.) by extension 'python_setup_py'
[0.263s] Level 1:colcon.colcon_core.package_identification:_identify(build) by extensions ['ignore', 'ignore_ament_install']
[0.263s] Level 1:colcon.colcon_core.package_identification:_identify(build) by extension 'ignore'
[0.264s] Level 1:colcon.colcon_core.package_identification:_identify(build) ignored
[0.264s] Level 1:colcon.colcon_core.package_identification:_identify(install) by extensions ['ignore', 'ignore_ament_install']
[0.264s] Level 1:colcon.colcon_core.package_identification:_identify(install) by extension 'ignore'
[0.264s] Level 1:colcon.colcon_core.package_identification:_identify(install) ignored
[0.264s] Level 1:colcon.colcon_core.package_identification:_identify(log) by extensions ['ignore', 'ignore_ament_install']
[0.264s] Level 1:colcon.colcon_core.package_identification:_identify(log) by extension 'ignore'
[0.264s] Level 1:colcon.colcon_core.package_identification:_identify(log) ignored
[0.264s] Level 1:colcon.colcon_core.package_identification:_identify(src) by extensions ['ignore', 'ignore_ament_install']
[0.264s] Level 1:colcon.colcon_core.package_identification:_identify(src) by extension 'ignore'
[0.264s] Level 1:colcon.colcon_core.package_identification:_identify(src) by extension 'ignore_ament_install'
[0.264s] Level 1:colcon.colcon_core.package_identification:_identify(src) by extensions ['colcon_pkg']
[0.264s] Level 1:colcon.colcon_core.package_identification:_identify(src) by extension 'colcon_pkg'
[0.264s] Level 1:colcon.colcon_core.package_identification:_identify(src) by extensions ['colcon_meta']
[0.264s] Level 1:colcon.colcon_core.package_identification:_identify(src) by extension 'colcon_meta'
[0.264s] Level 1:colcon.colcon_core.package_identification:_identify(src) by extensions ['ros']
[0.264s] Level 1:colcon.colcon_core.package_identification:_identify(src) by extension 'ros'
[0.264s] Level 1:colcon.colcon_core.package_identification:_identify(src) by extensions ['cmake', 'python']
[0.264s] Level 1:colcon.colcon_core.package_identification:_identify(src) by extension 'cmake'
[0.264s] Level 1:colcon.colcon_core.package_identification:_identify(src) by extension 'python'
[0.264s] Level 1:colcon.colcon_core.package_identification:_identify(src) by extensions ['python_setup_py']
[0.265s] Level 1:colcon.colcon_core.package_identification:_identify(src) by extension 'python_setup_py'
[0.265s] Level 1:colcon.colcon_core.package_identification:_identify(src/mycobot_ros2) by extensions ['ignore', 'ignore_ament_install']
[0.265s] Level 1:colcon.colcon_core.package_identification:_identify(src/mycobot_ros2) by extension 'ignore'
[0.265s] Level 1:colcon.colcon_core.package_identification:_identify(src/mycobot_ros2) by extension 'ignore_ament_install'
[0.265s] Level 1:colcon.colcon_core.package_identification:_identify(src/mycobot_ros2) by extensions ['colcon_pkg']
[0.265s] Level 1:colcon.colcon_core.package_identification:_identify(src/mycobot_ros2) by extension 'colcon_pkg'
[0.265s] Level 1:colcon.colcon_core.package_identification:_identify(src/mycobot_ros2) by extensions ['colcon_meta']
[0.265s] Level 1:colcon.colcon_core.package_identification:_identify(src/mycobot_ros2) by extension 'colcon_meta'
[0.265s] Level 1:colcon.colcon_core.package_identification:_identify(src/mycobot_ros2) by extensions ['ros']
[0.265s] Level 1:colcon.colcon_core.package_identification:_identify(src/mycobot_ros2) by extension 'ros'
[0.265s] Level 1:colcon.colcon_core.package_identification:_identify(src/mycobot_ros2) by extensions ['cmake', 'python']
[0.265s] Level 1:colcon.colcon_core.package_identification:_identify(src/mycobot_ros2) by extension 'cmake'
[0.265s] Level 1:colcon.colcon_core.package_identification:_identify(src/mycobot_ros2) by extension 'python'
[0.265s] Level 1:colcon.colcon_core.package_identification:_identify(src/mycobot_ros2) by extensions ['python_setup_py']
[0.265s] Level 1:colcon.colcon_core.package_identification:_identify(src/mycobot_ros2) by extension 'python_setup_py'
[0.265s] Level 1:colcon.colcon_core.package_identification:_identify(src/mycobot_ros2/Mybuddy) by extensions ['ignore', 'ignore_ament_install']
[0.265s] Level 1:colcon.colcon_core.package_identification:_identify(src/mycobot_ros2/Mybuddy) by extension 'ignore'
[0.265s] Level 1:colcon.colcon_core.package_identification:_identify(src/mycobot_ros2/Mybuddy) by extension 'ignore_ament_install'
[0.265s] Level 1:colcon.colcon_core.package_identification:_identify(src/mycobot_ros2/Mybuddy) by extensions ['colcon_pkg']
[0.265s] Level 1:colcon.colcon_core.package_identification:_identify(src/mycobot_ros2/Mybuddy) by extension 'colcon_pkg'
[0.265s] Level 1:colcon.colcon_core.package_identification:_identify(src/mycobot_ros2/Mybuddy) by extensions ['colcon_meta']
[0.266s] Level 1:colcon.colcon_core.package_identification:_identify(src/mycobot_ros2/Mybuddy) by extension 'colcon_meta'
[0.266s] Level 1:colcon.colcon_core.package_identification:_identify(src/mycobot_ros2/Mybuddy) by extensions ['ros']
[0.266s] Level 1:colcon.colcon_core.package_identification:_identify(src/mycobot_ros2/Mybuddy) by extension 'ros'
[0.266s] Level 1:colcon.colcon_core.package_identification:_identify(src/mycobot_ros2/Mybuddy) by extensions ['cmake', 'python']
[0.266s] Level 1:colcon.colcon_core.package_identification:_identify(src/mycobot_ros2/Mybuddy) by extension 'cmake'
[0.266s] Level 1:colcon.colcon_core.package_identification:_identify(src/mycobot_ros2/Mybuddy) by extension 'python'
[0.266s] Level 1:colcon.colcon_core.package_identification:_identify(src/mycobot_ros2/Mybuddy) by extensions ['python_setup_py']
[0.266s] Level 1:colcon.colcon_core.package_identification:_identify(src/mycobot_ros2/Mybuddy) by extension 'python_setup_py'
[0.266s] Level 1:colcon.colcon_core.package_identification:_identify(src/mycobot_ros2/Mybuddy/mybuddy) by extensions ['ignore', 'ignore_ament_install']
[0.266s] Level 1:colcon.colcon_core.package_identification:_identify(src/mycobot_ros2/Mybuddy/mybuddy) by extension 'ignore'
[0.266s] Level 1:colcon.colcon_core.package_identification:_identify(src/mycobot_ros2/Mybuddy/mybuddy) by extension 'ignore_ament_install'
[0.266s] Level 1:colcon.colcon_core.package_identification:_identify(src/mycobot_ros2/Mybuddy/mybuddy) by extensions ['colcon_pkg']
[0.266s] Level 1:colcon.colcon_core.package_identification:_identify(src/mycobot_ros2/Mybuddy/mybuddy) by extension 'colcon_pkg'
[0.266s] Level 1:colcon.colcon_core.package_identification:_identify(src/mycobot_ros2/Mybuddy/mybuddy) by extensions ['colcon_meta']
[0.266s] Level 1:colcon.colcon_core.package_identification:_identify(src/mycobot_ros2/Mybuddy/mybuddy) by extension 'colcon_meta'
[0.266s] Level 1:colcon.colcon_core.package_identification:_identify(src/mycobot_ros2/Mybuddy/mybuddy) by extensions ['ros']
[0.266s] Level 1:colcon.colcon_core.package_identification:_identify(src/mycobot_ros2/Mybuddy/mybuddy) by extension 'ros'
[0.271s] DEBUG:colcon.colcon_core.package_identification:Package 'src/mycobot_ros2/Mybuddy/mybuddy' with type 'ros.ament_python' and name 'mybuddy'
[0.271s] Level 1:colcon.colcon_core.package_identification:_identify(src/mycobot_ros2/demo_img) by extensions ['ignore', 'ignore_ament_install']
[0.272s] Level 1:colcon.colcon_core.package_identification:_identify(src/mycobot_ros2/demo_img) by extension 'ignore'
[0.272s] Level 1:colcon.colcon_core.package_identification:_identify(src/mycobot_ros2/demo_img) by extension 'ignore_ament_install'
[0.272s] Level 1:colcon.colcon_core.package_identification:_identify(src/mycobot_ros2/demo_img) by extensions ['colcon_pkg']
[0.272s] Level 1:colcon.colcon_core.package_identification:_identify(src/mycobot_ros2/demo_img) by extension 'colcon_pkg'
[0.272s] Level 1:colcon.colcon_core.package_identification:_identify(src/mycobot_ros2/demo_img) by extensions ['colcon_meta']
[0.272s] Level 1:colcon.colcon_core.package_identification:_identify(src/mycobot_ros2/demo_img) by extension 'colcon_meta'
[0.272s] Level 1:colcon.colcon_core.package_identification:_identify(src/mycobot_ros2/demo_img) by extensions ['ros']
[0.272s] Level 1:colcon.colcon_core.package_identification:_identify(src/mycobot_ros2/demo_img) by extension 'ros'
[0.272s] Level 1:colcon.colcon_core.package_identification:_identify(src/mycobot_ros2/demo_img) by extensions ['cmake', 'python']
[0.272s] Level 1:colcon.colcon_core.package_identification:_identify(src/mycobot_ros2/demo_img) by extension 'cmake'
[0.272s] Level 1:colcon.colcon_core.package_identification:_identify(src/mycobot_ros2/demo_img) by extension 'python'
[0.272s] Level 1:colcon.colcon_core.package_identification:_identify(src/mycobot_ros2/demo_img) by extensions ['python_setup_py']
[0.272s] Level 1:colcon.colcon_core.package_identification:_identify(src/mycobot_ros2/demo_img) by extension 'python_setup_py'
[0.272s] Level 1:colcon.colcon_core.package_identification:_identify(src/mycobot_ros2/demo_img/260m5) by extensions ['ignore', 'ignore_ament_install']
[0.272s] Level 1:colcon.colcon_core.package_identification:_identify(src/mycobot_ros2/demo_img/260m5) by extension 'ignore'
[0.272s] Level 1:colcon.colcon_core.package_identification:_identify(src/mycobot_ros2/demo_img/260m5) by extension 'ignore_ament_install'
[0.273s] Level 1:colcon.colcon_core.package_identification:_identify(src/mycobot_ros2/demo_img/260m5) by extensions ['colcon_pkg']
[0.273s] Level 1:colcon.colcon_core.package_identification:_identify(src/mycobot_ros2/demo_img/260m5) by extension 'colcon_pkg'
[0.273s] Level 1:colcon.colcon_core.package_identification:_identify(src/mycobot_ros2/demo_img/260m5) by extensions ['colcon_meta']
[0.273s] Level 1:colcon.colcon_core.package_identification:_identify(src/mycobot_ros2/demo_img/260m5) by extension 'colcon_meta'
[0.273s] Level 1:colcon.colcon_core.package_identification:_identify(src/mycobot_ros2/demo_img/260m5) by extensions ['ros']
[0.273s] Level 1:colcon.colcon_core.package_identification:_identify(src/mycobot_ros2/demo_img/260m5) by extension 'ros'
[0.273s] Level 1:colcon.colcon_core.package_identification:_identify(src/mycobot_ros2/demo_img/260m5) by extensions ['cmake', 'python']
[0.273s] Level 1:colcon.colcon_core.package_identification:_identify(src/mycobot_ros2/demo_img/260m5) by extension 'cmake'
[0.273s] Level 1:colcon.colcon_core.package_identification:_identify(src/mycobot_ros2/demo_img/260m5) by extension 'python'
[0.273s] Level 1:colcon.colcon_core.package_identification:_identify(src/mycobot_ros2/demo_img/260m5) by extensions ['python_setup_py']
[0.273s] Level 1:colcon.colcon_core.package_identification:_identify(src/mycobot_ros2/demo_img/260m5) by extension 'python_setup_py'
[0.273s] Level 1:colcon.colcon_core.package_identification:_identify(src/mycobot_ros2/demo_img/260pi) by extensions ['ignore', 'ignore_ament_install']
[0.273s] Level 1:colcon.colcon_core.package_identification:_identify(src/mycobot_ros2/demo_img/260pi) by extension 'ignore'
[0.273s] Level 1:colcon.colcon_core.package_identification:_identify(src/mycobot_ros2/demo_img/260pi) by extension 'ignore_ament_install'
[0.273s] Level 1:colcon.colcon_core.package_identification:_identify(src/mycobot_ros2/demo_img/260pi) by extensions ['colcon_pkg']
[0.273s] Level 1:colcon.colcon_core.package_identification:_identify(src/mycobot_ros2/demo_img/260pi) by extension 'colcon_pkg'
[0.273s] Level 1:colcon.colcon_core.package_identification:_identify(src/mycobot_ros2/demo_img/260pi) by extensions ['colcon_meta']
[0.273s] Level 1:colcon.colcon_core.package_identification:_identify(src/mycobot_ros2/demo_img/260pi) by extension 'colcon_meta'
[0.273s] Level 1:colcon.colcon_core.package_identification:_identify(src/mycobot_ros2/demo_img/260pi) by extensions ['ros']
[0.273s] Level 1:colcon.colcon_core.package_identification:_identify(src/mycobot_ros2/demo_img/260pi) by extension 'ros'
[0.273s] Level 1:colcon.colcon_core.package_identification:_identify(src/mycobot_ros2/demo_img/260pi) by extensions ['cmake', 'python']
[0.273s] Level 1:colcon.colcon_core.package_identification:_identify(src/mycobot_ros2/demo_img/260pi) by extension 'cmake'
[0.273s] Level 1:colcon.colcon_core.package_identification:_identify(src/mycobot_ros2/demo_img/260pi) by extension 'python'
[0.273s] Level 1:colcon.colcon_core.package_identification:_identify(src/mycobot_ros2/demo_img/260pi) by extensions ['python_setup_py']
[0.273s] Level 1:colcon.colcon_core.package_identification:_identify(src/mycobot_ros2/demo_img/260pi) by extension 'python_setup_py'
[0.274s] Level 1:colcon.colcon_core.package_identification:_identify(src/mycobot_ros2/demo_img/270m5) by extensions ['ignore', 'ignore_ament_install']
[0.274s] Level 1:colcon.colcon_core.package_identification:_identify(src/mycobot_ros2/demo_img/270m5) by extension 'ignore'
[0.274s] Level 1:colcon.colcon_core.package_identification:_identify(src/mycobot_ros2/demo_img/270m5) by extension 'ignore_ament_install'
[0.274s] Level 1:colcon.colcon_core.package_identification:_identify(src/mycobot_ros2/demo_img/270m5) by extensions ['colcon_pkg']
[0.274s] Level 1:colcon.colcon_core.package_identification:_identify(src/mycobot_ros2/demo_img/270m5) by extension 'colcon_pkg'
[0.274s] Level 1:colcon.colcon_core.package_identification:_identify(src/mycobot_ros2/demo_img/270m5) by extensions ['colcon_meta']
[0.274s] Level 1:colcon.colcon_core.package_identification:_identify(src/mycobot_ros2/demo_img/270m5) by extension 'colcon_meta'
[0.274s] Level 1:colcon.colcon_core.package_identification:_identify(src/mycobot_ros2/demo_img/270m5) by extensions ['ros']
[0.274s] Level 1:colcon.colcon_core.package_identification:_identify(src/mycobot_ros2/demo_img/270m5) by extension 'ros'
[0.274s] Level 1:colcon.colcon_core.package_identification:_identify(src/mycobot_ros2/demo_img/270m5) by extensions ['cmake', 'python']
[0.274s] Level 1:colcon.colcon_core.package_identification:_identify(src/mycobot_ros2/demo_img/270m5) by extension 'cmake'
[0.274s] Level 1:colcon.colcon_core.package_identification:_identify(src/mycobot_ros2/demo_img/270m5) by extension 'python'
[0.274s] Level 1:colcon.colcon_core.package_identification:_identify(src/mycobot_ros2/demo_img/270m5) by extensions ['python_setup_py']
[0.274s] Level 1:colcon.colcon_core.package_identification:_identify(src/mycobot_ros2/demo_img/270m5) by extension 'python_setup_py'
[0.274s] Level 1:colcon.colcon_core.package_identification:_identify(src/mycobot_ros2/demo_img/270pi) by extensions ['ignore', 'ignore_ament_install']
[0.274s] Level 1:colcon.colcon_core.package_identification:_identify(src/mycobot_ros2/demo_img/270pi) by extension 'ignore'
[0.274s] Level 1:colcon.colcon_core.package_identification:_identify(src/mycobot_ros2/demo_img/270pi) by extension 'ignore_ament_install'
[0.274s] Level 1:colcon.colcon_core.package_identification:_identify(src/mycobot_ros2/demo_img/270pi) by extensions ['colcon_pkg']
[0.274s] Level 1:colcon.colcon_core.package_identification:_identify(src/mycobot_ros2/demo_img/270pi) by extension 'colcon_pkg'
[0.274s] Level 1:colcon.colcon_core.package_identification:_identify(src/mycobot_ros2/demo_img/270pi) by extensions ['colcon_meta']
[0.274s] Level 1:colcon.colcon_core.package_identification:_identify(src/mycobot_ros2/demo_img/270pi) by extension 'colcon_meta'
[0.274s] Level 1:colcon.colcon_core.package_identification:_identify(src/mycobot_ros2/demo_img/270pi) by extensions ['ros']
[0.274s] Level 1:colcon.colcon_core.package_identification:_identify(src/mycobot_ros2/demo_img/270pi) by extension 'ros'
[0.275s] Level 1:colcon.colcon_core.package_identification:_identify(src/mycobot_ros2/demo_img/270pi) by extensions ['cmake', 'python']
[0.275s] Level 1:colcon.colcon_core.package_identification:_identify(src/mycobot_ros2/demo_img/270pi) by extension 'cmake'
[0.275s] Level 1:colcon.colcon_core.package_identification:_identify(src/mycobot_ros2/demo_img/270pi) by extension 'python'
[0.275s] Level 1:colcon.colcon_core.package_identification:_identify(src/mycobot_ros2/demo_img/270pi) by extensions ['python_setup_py']
[0.275s] Level 1:colcon.colcon_core.package_identification:_identify(src/mycobot_ros2/demo_img/270pi) by extension 'python_setup_py'
[0.275s] Level 1:colcon.colcon_core.package_identification:_identify(src/mycobot_ros2/demo_img/280ar) by extensions ['ignore', 'ignore_ament_install']
[0.275s] Level 1:colcon.colcon_core.package_identification:_identify(src/mycobot_ros2/demo_img/280ar) by extension 'ignore'
[0.275s] Level 1:colcon.colcon_core.package_identification:_identify(src/mycobot_ros2/demo_img/280ar) by extension 'ignore_ament_install'
[0.275s] Level 1:colcon.colcon_core.package_identification:_identify(src/mycobot_ros2/demo_img/280ar) by extensions ['colcon_pkg']
[0.275s] Level 1:colcon.colcon_core.package_identification:_identify(src/mycobot_ros2/demo_img/280ar) by extension 'colcon_pkg'
[0.275s] Level 1:colcon.colcon_core.package_identification:_identify(src/mycobot_ros2/demo_img/280ar) by extensions ['colcon_meta']
[0.275s] Level 1:colcon.colcon_core.package_identification:_identify(src/mycobot_ros2/demo_img/280ar) by extension 'colcon_meta'
[0.275s] Level 1:colcon.colcon_core.package_identification:_identify(src/mycobot_ros2/demo_img/280ar) by extensions ['ros']
[0.275s] Level 1:colcon.colcon_core.package_identification:_identify(src/mycobot_ros2/demo_img/280ar) by extension 'ros'
[0.275s] Level 1:colcon.colcon_core.package_identification:_identify(src/mycobot_ros2/demo_img/280ar) by extensions ['cmake', 'python']
[0.275s] Level 1:colcon.colcon_core.package_identification:_identify(src/mycobot_ros2/demo_img/280ar) by extension 'cmake'
[0.275s] Level 1:colcon.colcon_core.package_identification:_identify(src/mycobot_ros2/demo_img/280ar) by extension 'python'
[0.275s] Level 1:colcon.colcon_core.package_identification:_identify(src/mycobot_ros2/demo_img/280ar) by extensions ['python_setup_py']
[0.275s] Level 1:colcon.colcon_core.package_identification:_identify(src/mycobot_ros2/demo_img/280ar) by extension 'python_setup_py'
[0.276s] Level 1:colcon.colcon_core.package_identification:_identify(src/mycobot_ros2/demo_img/280jn) by extensions ['ignore', 'ignore_ament_install']
[0.276s] Level 1:colcon.colcon_core.package_identification:_identify(src/mycobot_ros2/demo_img/280jn) by extension 'ignore'
[0.276s] Level 1:colcon.colcon_core.package_identification:_identify(src/mycobot_ros2/demo_img/280jn) by extension 'ignore_ament_install'
[0.276s] Level 1:colcon.colcon_core.package_identification:_identify(src/mycobot_ros2/demo_img/280jn) by extensions ['colcon_pkg']
[0.276s] Level 1:colcon.colcon_core.package_identification:_identify(src/mycobot_ros2/demo_img/280jn) by extension 'colcon_pkg'
[0.276s] Level 1:colcon.colcon_core.package_identification:_identify(src/mycobot_ros2/demo_img/280jn) by extensions ['colcon_meta']
[0.276s] Level 1:colcon.colcon_core.package_identification:_identify(src/mycobot_ros2/demo_img/280jn) by extension 'colcon_meta'
[0.276s] Level 1:colcon.colcon_core.package_identification:_identify(src/mycobot_ros2/demo_img/280jn) by extensions ['ros']
[0.276s] Level 1:colcon.colcon_core.package_identification:_identify(src/mycobot_ros2/demo_img/280jn) by extension 'ros'
[0.276s] Level 1:colcon.colcon_core.package_identification:_identify(src/mycobot_ros2/demo_img/280jn) by extensions ['cmake', 'python']
[0.276s] Level 1:colcon.colcon_core.package_identification:_identify(src/mycobot_ros2/demo_img/280jn) by extension 'cmake'
[0.276s] Level 1:colcon.colcon_core.package_identification:_identify(src/mycobot_ros2/demo_img/280jn) by extension 'python'
[0.276s] Level 1:colcon.colcon_core.package_identification:_identify(src/mycobot_ros2/demo_img/280jn) by extensions ['python_setup_py']
[0.276s] Level 1:colcon.colcon_core.package_identification:_identify(src/mycobot_ros2/demo_img/280jn) by extension 'python_setup_py'
[0.276s] Level 1:colcon.colcon_core.package_identification:_identify(src/mycobot_ros2/demo_img/280m5) by extensions ['ignore', 'ignore_ament_install']
[0.276s] Level 1:colcon.colcon_core.package_identification:_identify(src/mycobot_ros2/demo_img/280m5) by extension 'ignore'
[0.276s] Level 1:colcon.colcon_core.package_identification:_identify(src/mycobot_ros2/demo_img/280m5) by extension 'ignore_ament_install'
[0.276s] Level 1:colcon.colcon_core.package_identification:_identify(src/mycobot_ros2/demo_img/280m5) by extensions ['colcon_pkg']
[0.276s] Level 1:colcon.colcon_core.package_identification:_identify(src/mycobot_ros2/demo_img/280m5) by extension 'colcon_pkg'
[0.277s] Level 1:colcon.colcon_core.package_identification:_identify(src/mycobot_ros2/demo_img/280m5) by extensions ['colcon_meta']
[0.277s] Level 1:colcon.colcon_core.package_identification:_identify(src/mycobot_ros2/demo_img/280m5) by extension 'colcon_meta'
[0.277s] Level 1:colcon.colcon_core.package_identification:_identify(src/mycobot_ros2/demo_img/280m5) by extensions ['ros']
[0.277s] Level 1:colcon.colcon_core.package_identification:_identify(src/mycobot_ros2/demo_img/280m5) by extension 'ros'
[0.277s] Level 1:colcon.colcon_core.package_identification:_identify(src/mycobot_ros2/demo_img/280m5) by extensions ['cmake', 'python']
[0.277s] Level 1:colcon.colcon_core.package_identification:_identify(src/mycobot_ros2/demo_img/280m5) by extension 'cmake'
[0.277s] Level 1:colcon.colcon_core.package_identification:_identify(src/mycobot_ros2/demo_img/280m5) by extension 'python'
[0.277s] Level 1:colcon.colcon_core.package_identification:_identify(src/mycobot_ros2/demo_img/280m5) by extensions ['python_setup_py']
[0.277s] Level 1:colcon.colcon_core.package_identification:_identify(src/mycobot_ros2/demo_img/280m5) by extension 'python_setup_py'
[0.277s] Level 1:colcon.colcon_core.package_identification:_identify(src/mycobot_ros2/demo_img/280pi) by extensions ['ignore', 'ignore_ament_install']
[0.277s] Level 1:colcon.colcon_core.package_identification:_identify(src/mycobot_ros2/demo_img/280pi) by extension 'ignore'
[0.277s] Level 1:colcon.colcon_core.package_identification:_identify(src/mycobot_ros2/demo_img/280pi) by extension 'ignore_ament_install'
[0.277s] Level 1:colcon.colcon_core.package_identification:_identify(src/mycobot_ros2/demo_img/280pi) by extensions ['colcon_pkg']
[0.277s] Level 1:colcon.colcon_core.package_identification:_identify(src/mycobot_ros2/demo_img/280pi) by extension 'colcon_pkg'
[0.277s] Level 1:colcon.colcon_core.package_identification:_identify(src/mycobot_ros2/demo_img/280pi) by extensions ['colcon_meta']
[0.277s] Level 1:colcon.colcon_core.package_identification:_identify(src/mycobot_ros2/demo_img/280pi) by extension 'colcon_meta'
[0.277s] Level 1:colcon.colcon_core.package_identification:_identify(src/mycobot_ros2/demo_img/280pi) by extensions ['ros']
[0.277s] Level 1:colcon.colcon_core.package_identification:_identify(src/mycobot_ros2/demo_img/280pi) by extension 'ros'
[0.277s] Level 1:colcon.colcon_core.package_identification:_identify(src/mycobot_ros2/demo_img/280pi) by extensions ['cmake', 'python']
[0.278s] Level 1:colcon.colcon_core.package_identification:_identify(src/mycobot_ros2/demo_img/280pi) by extension 'cmake'
[0.278s] Level 1:colcon.colcon_core.package_identification:_identify(src/mycobot_ros2/demo_img/280pi) by extension 'python'
[0.278s] Level 1:colcon.colcon_core.package_identification:_identify(src/mycobot_ros2/demo_img/280pi) by extensions ['python_setup_py']
[0.278s] Level 1:colcon.colcon_core.package_identification:_identify(src/mycobot_ros2/demo_img/280pi) by extension 'python_setup_py'
[0.278s] Level 1:colcon.colcon_core.package_identification:_identify(src/mycobot_ros2/demo_img/280rdkx5) by extensions ['ignore', 'ignore_ament_install']
[0.278s] Level 1:colcon.colcon_core.package_identification:_identify(src/mycobot_ros2/demo_img/280rdkx5) by extension 'ignore'
[0.278s] Level 1:colcon.colcon_core.package_identification:_identify(src/mycobot_ros2/demo_img/280rdkx5) by extension 'ignore_ament_install'
[0.278s] Level 1:colcon.colcon_core.package_identification:_identify(src/mycobot_ros2/demo_img/280rdkx5) by extensions ['colcon_pkg']
[0.278s] Level 1:colcon.colcon_core.package_identification:_identify(src/mycobot_ros2/demo_img/280rdkx5) by extension 'colcon_pkg'
[0.278s] Level 1:colcon.colcon_core.package_identification:_identify(src/mycobot_ros2/demo_img/280rdkx5) by extensions ['colcon_meta']
[0.278s] Level 1:colcon.colcon_core.package_identification:_identify(src/mycobot_ros2/demo_img/280rdkx5) by extension 'colcon_meta'
[0.278s] Level 1:colcon.colcon_core.package_identification:_identify(src/mycobot_ros2/demo_img/280rdkx5) by extensions ['ros']
[0.278s] Level 1:colcon.colcon_core.package_identification:_identify(src/mycobot_ros2/demo_img/280rdkx5) by extension 'ros'
[0.278s] Level 1:colcon.colcon_core.package_identification:_identify(src/mycobot_ros2/demo_img/280rdkx5) by extensions ['cmake', 'python']
[0.278s] Level 1:colcon.colcon_core.package_identification:_identify(src/mycobot_ros2/demo_img/280rdkx5) by extension 'cmake'
[0.278s] Level 1:colcon.colcon_core.package_identification:_identify(src/mycobot_ros2/demo_img/280rdkx5) by extension 'python'
[0.278s] Level 1:colcon.colcon_core.package_identification:_identify(src/mycobot_ros2/demo_img/280rdkx5) by extensions ['python_setup_py']
[0.278s] Level 1:colcon.colcon_core.package_identification:_identify(src/mycobot_ros2/demo_img/280rdkx5) by extension 'python_setup_py'
[0.278s] Level 1:colcon.colcon_core.package_identification:_identify(src/mycobot_ros2/demo_img/320m5_2022) by extensions ['ignore', 'ignore_ament_install']
[0.278s] Level 1:colcon.colcon_core.package_identification:_identify(src/mycobot_ros2/demo_img/320m5_2022) by extension 'ignore'
[0.278s] Level 1:colcon.colcon_core.package_identification:_identify(src/mycobot_ros2/demo_img/320m5_2022) by extension 'ignore_ament_install'
[0.278s] Level 1:colcon.colcon_core.package_identification:_identify(src/mycobot_ros2/demo_img/320m5_2022) by extensions ['colcon_pkg']
[0.278s] Level 1:colcon.colcon_core.package_identification:_identify(src/mycobot_ros2/demo_img/320m5_2022) by extension 'colcon_pkg'
[0.278s] Level 1:colcon.colcon_core.package_identification:_identify(src/mycobot_ros2/demo_img/320m5_2022) by extensions ['colcon_meta']
[0.278s] Level 1:colcon.colcon_core.package_identification:_identify(src/mycobot_ros2/demo_img/320m5_2022) by extension 'colcon_meta'
[0.278s] Level 1:colcon.colcon_core.package_identification:_identify(src/mycobot_ros2/demo_img/320m5_2022) by extensions ['ros']
[0.278s] Level 1:colcon.colcon_core.package_identification:_identify(src/mycobot_ros2/demo_img/320m5_2022) by extension 'ros'
[0.279s] Level 1:colcon.colcon_core.package_identification:_identify(src/mycobot_ros2/demo_img/320m5_2022) by extensions ['cmake', 'python']
[0.279s] Level 1:colcon.colcon_core.package_identification:_identify(src/mycobot_ros2/demo_img/320m5_2022) by extension 'cmake'
[0.279s] Level 1:colcon.colcon_core.package_identification:_identify(src/mycobot_ros2/demo_img/320m5_2022) by extension 'python'
[0.279s] Level 1:colcon.colcon_core.package_identification:_identify(src/mycobot_ros2/demo_img/320m5_2022) by extensions ['python_setup_py']
[0.279s] Level 1:colcon.colcon_core.package_identification:_identify(src/mycobot_ros2/demo_img/320m5_2022) by extension 'python_setup_py'
[0.279s] Level 1:colcon.colcon_core.package_identification:_identify(src/mycobot_ros2/demo_img/320pi_2022) by extensions ['ignore', 'ignore_ament_install']
[0.279s] Level 1:colcon.colcon_core.package_identification:_identify(src/mycobot_ros2/demo_img/320pi_2022) by extension 'ignore'
[0.279s] Level 1:colcon.colcon_core.package_identification:_identify(src/mycobot_ros2/demo_img/320pi_2022) by extension 'ignore_ament_install'
[0.279s] Level 1:colcon.colcon_core.package_identification:_identify(src/mycobot_ros2/demo_img/320pi_2022) by extensions ['colcon_pkg']
[0.279s] Level 1:colcon.colcon_core.package_identification:_identify(src/mycobot_ros2/demo_img/320pi_2022) by extension 'colcon_pkg'
[0.279s] Level 1:colcon.colcon_core.package_identification:_identify(src/mycobot_ros2/demo_img/320pi_2022) by extensions ['colcon_meta']
[0.279s] Level 1:colcon.colcon_core.package_identification:_identify(src/mycobot_ros2/demo_img/320pi_2022) by extension 'colcon_meta'
[0.279s] Level 1:colcon.colcon_core.package_identification:_identify(src/mycobot_ros2/demo_img/320pi_2022) by extensions ['ros']
[0.279s] Level 1:colcon.colcon_core.package_identification:_identify(src/mycobot_ros2/demo_img/320pi_2022) by extension 'ros'
[0.279s] Level 1:colcon.colcon_core.package_identification:_identify(src/mycobot_ros2/demo_img/320pi_2022) by extensions ['cmake', 'python']
[0.279s] Level 1:colcon.colcon_core.package_identification:_identify(src/mycobot_ros2/demo_img/320pi_2022) by extension 'cmake'
[0.279s] Level 1:colcon.colcon_core.package_identification:_identify(src/mycobot_ros2/demo_img/320pi_2022) by extension 'python'
[0.279s] Level 1:colcon.colcon_core.package_identification:_identify(src/mycobot_ros2/demo_img/320pi_2022) by extensions ['python_setup_py']
[0.279s] Level 1:colcon.colcon_core.package_identification:_identify(src/mycobot_ros2/demo_img/320pi_2022) by extension 'python_setup_py'
[0.279s] Level 1:colcon.colcon_core.package_identification:_identify(src/mycobot_ros2/demo_img/myarm300) by extensions ['ignore', 'ignore_ament_install']
[0.279s] Level 1:colcon.colcon_core.package_identification:_identify(src/mycobot_ros2/demo_img/myarm300) by extension 'ignore'
[0.279s] Level 1:colcon.colcon_core.package_identification:_identify(src/mycobot_ros2/demo_img/myarm300) by extension 'ignore_ament_install'
[0.279s] Level 1:colcon.colcon_core.package_identification:_identify(src/mycobot_ros2/demo_img/myarm300) by extensions ['colcon_pkg']
[0.279s] Level 1:colcon.colcon_core.package_identification:_identify(src/mycobot_ros2/demo_img/myarm300) by extension 'colcon_pkg'
[0.279s] Level 1:colcon.colcon_core.package_identification:_identify(src/mycobot_ros2/demo_img/myarm300) by extensions ['colcon_meta']
[0.279s] Level 1:colcon.colcon_core.package_identification:_identify(src/mycobot_ros2/demo_img/myarm300) by extension 'colcon_meta'
[0.280s] Level 1:colcon.colcon_core.package_identification:_identify(src/mycobot_ros2/demo_img/myarm300) by extensions ['ros']
[0.280s] Level 1:colcon.colcon_core.package_identification:_identify(src/mycobot_ros2/demo_img/myarm300) by extension 'ros'
[0.280s] Level 1:colcon.colcon_core.package_identification:_identify(src/mycobot_ros2/demo_img/myarm300) by extensions ['cmake', 'python']
[0.280s] Level 1:colcon.colcon_core.package_identification:_identify(src/mycobot_ros2/demo_img/myarm300) by extension 'cmake'
[0.280s] Level 1:colcon.colcon_core.package_identification:_identify(src/mycobot_ros2/demo_img/myarm300) by extension 'python'
[0.280s] Level 1:colcon.colcon_core.package_identification:_identify(src/mycobot_ros2/demo_img/myarm300) by extensions ['python_setup_py']
[0.280s] Level 1:colcon.colcon_core.package_identification:_identify(src/mycobot_ros2/demo_img/myarm300) by extension 'python_setup_py'
[0.280s] Level 1:colcon.colcon_core.package_identification:_identify(src/mycobot_ros2/demo_img/mybuddy) by extensions ['ignore', 'ignore_ament_install']
[0.280s] Level 1:colcon.colcon_core.package_identification:_identify(src/mycobot_ros2/demo_img/mybuddy) by extension 'ignore'
[0.280s] Level 1:colcon.colcon_core.package_identification:_identify(src/mycobot_ros2/demo_img/mybuddy) by extension 'ignore_ament_install'
[0.280s] Level 1:colcon.colcon_core.package_identification:_identify(src/mycobot_ros2/demo_img/mybuddy) by extensions ['colcon_pkg']
[0.280s] Level 1:colcon.colcon_core.package_identification:_identify(src/mycobot_ros2/demo_img/mybuddy) by extension 'colcon_pkg'
[0.280s] Level 1:colcon.colcon_core.package_identification:_identify(src/mycobot_ros2/demo_img/mybuddy) by extensions ['colcon_meta']
[0.280s] Level 1:colcon.colcon_core.package_identification:_identify(src/mycobot_ros2/demo_img/mybuddy) by extension 'colcon_meta'
[0.280s] Level 1:colcon.colcon_core.package_identification:_identify(src/mycobot_ros2/demo_img/mybuddy) by extensions ['ros']
[0.280s] Level 1:colcon.colcon_core.package_identification:_identify(src/mycobot_ros2/demo_img/mybuddy) by extension 'ros'
[0.280s] Level 1:colcon.colcon_core.package_identification:_identify(src/mycobot_ros2/demo_img/mybuddy) by extensions ['cmake', 'python']
[0.280s] Level 1:colcon.colcon_core.package_identification:_identify(src/mycobot_ros2/demo_img/mybuddy) by extension 'cmake'
[0.280s] Level 1:colcon.colcon_core.package_identification:_identify(src/mycobot_ros2/demo_img/mybuddy) by extension 'python'
[0.280s] Level 1:colcon.colcon_core.package_identification:_identify(src/mycobot_ros2/demo_img/mybuddy) by extensions ['python_setup_py']
[0.280s] Level 1:colcon.colcon_core.package_identification:_identify(src/mycobot_ros2/demo_img/mybuddy) by extension 'python_setup_py'
[0.280s] Level 1:colcon.colcon_core.package_identification:_identify(src/mycobot_ros2/demo_img/pro450) by extensions ['ignore', 'ignore_ament_install']
[0.280s] Level 1:colcon.colcon_core.package_identification:_identify(src/mycobot_ros2/demo_img/pro450) by extension 'ignore'
[0.280s] Level 1:colcon.colcon_core.package_identification:_identify(src/mycobot_ros2/demo_img/pro450) by extension 'ignore_ament_install'
[0.281s] Level 1:colcon.colcon_core.package_identification:_identify(src/mycobot_ros2/demo_img/pro450) by extensions ['colcon_pkg']
[0.281s] Level 1:colcon.colcon_core.package_identification:_identify(src/mycobot_ros2/demo_img/pro450) by extension 'colcon_pkg'
[0.281s] Level 1:colcon.colcon_core.package_identification:_identify(src/mycobot_ros2/demo_img/pro450) by extensions ['colcon_meta']
[0.281s] Level 1:colcon.colcon_core.package_identification:_identify(src/mycobot_ros2/demo_img/pro450) by extension 'colcon_meta'
[0.281s] Level 1:colcon.colcon_core.package_identification:_identify(src/mycobot_ros2/demo_img/pro450) by extensions ['ros']
[0.281s] Level 1:colcon.colcon_core.package_identification:_identify(src/mycobot_ros2/demo_img/pro450) by extension 'ros'
[0.281s] Level 1:colcon.colcon_core.package_identification:_identify(src/mycobot_ros2/demo_img/pro450) by extensions ['cmake', 'python']
[0.281s] Level 1:colcon.colcon_core.package_identification:_identify(src/mycobot_ros2/demo_img/pro450) by extension 'cmake'
[0.281s] Level 1:colcon.colcon_core.package_identification:_identify(src/mycobot_ros2/demo_img/pro450) by extension 'python'
[0.281s] Level 1:colcon.colcon_core.package_identification:_identify(src/mycobot_ros2/demo_img/pro450) by extensions ['python_setup_py']
[0.281s] Level 1:colcon.colcon_core.package_identification:_identify(src/mycobot_ros2/demo_img/pro450) by extension 'python_setup_py'
[0.281s] Level 1:colcon.colcon_core.package_identification:_identify(src/mycobot_ros2/demo_img/pro600) by extensions ['ignore', 'ignore_ament_install']
[0.281s] Level 1:colcon.colcon_core.package_identification:_identify(src/mycobot_ros2/demo_img/pro600) by extension 'ignore'
[0.281s] Level 1:colcon.colcon_core.package_identification:_identify(src/mycobot_ros2/demo_img/pro600) by extension 'ignore_ament_install'
[0.281s] Level 1:colcon.colcon_core.package_identification:_identify(src/mycobot_ros2/demo_img/pro600) by extensions ['colcon_pkg']
[0.281s] Level 1:colcon.colcon_core.package_identification:_identify(src/mycobot_ros2/demo_img/pro600) by extension 'colcon_pkg'
[0.281s] Level 1:colcon.colcon_core.package_identification:_identify(src/mycobot_ros2/demo_img/pro600) by extensions ['colcon_meta']
[0.281s] Level 1:colcon.colcon_core.package_identification:_identify(src/mycobot_ros2/demo_img/pro600) by extension 'colcon_meta'
[0.281s] Level 1:colcon.colcon_core.package_identification:_identify(src/mycobot_ros2/demo_img/pro600) by extensions ['ros']
[0.281s] Level 1:colcon.colcon_core.package_identification:_identify(src/mycobot_ros2/demo_img/pro600) by extension 'ros'
[0.281s] Level 1:colcon.colcon_core.package_identification:_identify(src/mycobot_ros2/demo_img/pro600) by extensions ['cmake', 'python']
[0.281s] Level 1:colcon.colcon_core.package_identification:_identify(src/mycobot_ros2/demo_img/pro600) by extension 'cmake'
[0.281s] Level 1:colcon.colcon_core.package_identification:_identify(src/mycobot_ros2/demo_img/pro600) by extension 'python'
[0.281s] Level 1:colcon.colcon_core.package_identification:_identify(src/mycobot_ros2/demo_img/pro600) by extensions ['python_setup_py']
[0.281s] Level 1:colcon.colcon_core.package_identification:_identify(src/mycobot_ros2/demo_img/pro600) by extension 'python_setup_py'
[0.282s] Level 1:colcon.colcon_core.package_identification:_identify(src/mycobot_ros2/demo_img/pro630) by extensions ['ignore', 'ignore_ament_install']
[0.282s] Level 1:colcon.colcon_core.package_identification:_identify(src/mycobot_ros2/demo_img/pro630) by extension 'ignore'
[0.282s] Level 1:colcon.colcon_core.package_identification:_identify(src/mycobot_ros2/demo_img/pro630) by extension 'ignore_ament_install'
[0.282s] Level 1:colcon.colcon_core.package_identification:_identify(src/mycobot_ros2/demo_img/pro630) by extensions ['colcon_pkg']
[0.282s] Level 1:colcon.colcon_core.package_identification:_identify(src/mycobot_ros2/demo_img/pro630) by extension 'colcon_pkg'
[0.282s] Level 1:colcon.colcon_core.package_identification:_identify(src/mycobot_ros2/demo_img/pro630) by extensions ['colcon_meta']
[0.282s] Level 1:colcon.colcon_core.package_identification:_identify(src/mycobot_ros2/demo_img/pro630) by extension 'colcon_meta'
[0.282s] Level 1:colcon.colcon_core.package_identification:_identify(src/mycobot_ros2/demo_img/pro630) by extensions ['ros']
[0.282s] Level 1:colcon.colcon_core.package_identification:_identify(src/mycobot_ros2/demo_img/pro630) by extension 'ros'
[0.282s] Level 1:colcon.colcon_core.package_identification:_identify(src/mycobot_ros2/demo_img/pro630) by extensions ['cmake', 'python']
[0.282s] Level 1:colcon.colcon_core.package_identification:_identify(src/mycobot_ros2/demo_img/pro630) by extension 'cmake'
[0.282s] Level 1:colcon.colcon_core.package_identification:_identify(src/mycobot_ros2/demo_img/pro630) by extension 'python'
[0.282s] Level 1:colcon.colcon_core.package_identification:_identify(src/mycobot_ros2/demo_img/pro630) by extensions ['python_setup_py']
[0.282s] Level 1:colcon.colcon_core.package_identification:_identify(src/mycobot_ros2/demo_img/pro630) by extension 'python_setup_py'
[0.282s] Level 1:colcon.colcon_core.package_identification:_identify(src/mycobot_ros2/demo_img/ultraArm_p340) by extensions ['ignore', 'ignore_ament_install']
[0.282s] Level 1:colcon.colcon_core.package_identification:_identify(src/mycobot_ros2/demo_img/ultraArm_p340) by extension 'ignore'
[0.282s] Level 1:colcon.colcon_core.package_identification:_identify(src/mycobot_ros2/demo_img/ultraArm_p340) by extension 'ignore_ament_install'
[0.282s] Level 1:colcon.colcon_core.package_identification:_identify(src/mycobot_ros2/demo_img/ultraArm_p340) by extensions ['colcon_pkg']
[0.282s] Level 1:colcon.colcon_core.package_identification:_identify(src/mycobot_ros2/demo_img/ultraArm_p340) by extension 'colcon_pkg'
[0.282s] Level 1:colcon.colcon_core.package_identification:_identify(src/mycobot_ros2/demo_img/ultraArm_p340) by extensions ['colcon_meta']
[0.282s] Level 1:colcon.colcon_core.package_identification:_identify(src/mycobot_ros2/demo_img/ultraArm_p340) by extension 'colcon_meta'
[0.282s] Level 1:colcon.colcon_core.package_identification:_identify(src/mycobot_ros2/demo_img/ultraArm_p340) by extensions ['ros']
[0.282s] Level 1:colcon.colcon_core.package_identification:_identify(src/mycobot_ros2/demo_img/ultraArm_p340) by extension 'ros'
[0.282s] Level 1:colcon.colcon_core.package_identification:_identify(src/mycobot_ros2/demo_img/ultraArm_p340) by extensions ['cmake', 'python']
[0.282s] Level 1:colcon.colcon_core.package_identification:_identify(src/mycobot_ros2/demo_img/ultraArm_p340) by extension 'cmake'
[0.283s] Level 1:colcon.colcon_core.package_identification:_identify(src/mycobot_ros2/demo_img/ultraArm_p340) by extension 'python'
[0.283s] Level 1:colcon.colcon_core.package_identification:_identify(src/mycobot_ros2/demo_img/ultraArm_p340) by extensions ['python_setup_py']
[0.283s] Level 1:colcon.colcon_core.package_identification:_identify(src/mycobot_ros2/demo_img/ultraArm_p340) by extension 'python_setup_py'
[0.283s] Level 1:colcon.colcon_core.package_identification:_identify(src/mycobot_ros2/mecharm) by extensions ['ignore', 'ignore_ament_install']
[0.283s] Level 1:colcon.colcon_core.package_identification:_identify(src/mycobot_ros2/mecharm) by extension 'ignore'
[0.283s] Level 1:colcon.colcon_core.package_identification:_identify(src/mycobot_ros2/mecharm) by extension 'ignore_ament_install'
[0.283s] Level 1:colcon.colcon_core.package_identification:_identify(src/mycobot_ros2/mecharm) by extensions ['colcon_pkg']
[0.283s] Level 1:colcon.colcon_core.package_identification:_identify(src/mycobot_ros2/mecharm) by extension 'colcon_pkg'
[0.283s] Level 1:colcon.colcon_core.package_identification:_identify(src/mycobot_ros2/mecharm) by extensions ['colcon_meta']
[0.283s] Level 1:colcon.colcon_core.package_identification:_identify(src/mycobot_ros2/mecharm) by extension 'colcon_meta'
[0.283s] Level 1:colcon.colcon_core.package_identification:_identify(src/mycobot_ros2/mecharm) by extensions ['ros']
[0.283s] Level 1:colcon.colcon_core.package_identification:_identify(src/mycobot_ros2/mecharm) by extension 'ros'
[0.283s] Level 1:colcon.colcon_core.package_identification:_identify(src/mycobot_ros2/mecharm) by extensions ['cmake', 'python']
[0.283s] Level 1:colcon.colcon_core.package_identification:_identify(src/mycobot_ros2/mecharm) by extension 'cmake'
[0.283s] Level 1:colcon.colcon_core.package_identification:_identify(src/mycobot_ros2/mecharm) by extension 'python'
[0.283s] Level 1:colcon.colcon_core.package_identification:_identify(src/mycobot_ros2/mecharm) by extensions ['python_setup_py']
[0.283s] Level 1:colcon.colcon_core.package_identification:_identify(src/mycobot_ros2/mecharm) by extension 'python_setup_py'
[0.283s] Level 1:colcon.colcon_core.package_identification:_identify(src/mycobot_ros2/mecharm/mecharm) by extensions ['ignore', 'ignore_ament_install']
[0.283s] Level 1:colcon.colcon_core.package_identification:_identify(src/mycobot_ros2/mecharm/mecharm) by extension 'ignore'
[0.283s] Level 1:colcon.colcon_core.package_identification:_identify(src/mycobot_ros2/mecharm/mecharm) by extension 'ignore_ament_install'
[0.283s] Level 1:colcon.colcon_core.package_identification:_identify(src/mycobot_ros2/mecharm/mecharm) by extensions ['colcon_pkg']
[0.283s] Level 1:colcon.colcon_core.package_identification:_identify(src/mycobot_ros2/mecharm/mecharm) by extension 'colcon_pkg'
[0.283s] Level 1:colcon.colcon_core.package_identification:_identify(src/mycobot_ros2/mecharm/mecharm) by extensions ['colcon_meta']
[0.283s] Level 1:colcon.colcon_core.package_identification:_identify(src/mycobot_ros2/mecharm/mecharm) by extension 'colcon_meta'
[0.283s] Level 1:colcon.colcon_core.package_identification:_identify(src/mycobot_ros2/mecharm/mecharm) by extensions ['ros']
[0.283s] Level 1:colcon.colcon_core.package_identification:_identify(src/mycobot_ros2/mecharm/mecharm) by extension 'ros'
[0.285s] DEBUG:colcon.colcon_core.package_identification:Package 'src/mycobot_ros2/mecharm/mecharm' with type 'ros.ament_python' and name 'mecharm'
[0.285s] Level 1:colcon.colcon_core.package_identification:_identify(src/mycobot_ros2/mecharm/mecharm_communication) by extensions ['ignore', 'ignore_ament_install']
[0.285s] Level 1:colcon.colcon_core.package_identification:_identify(src/mycobot_ros2/mecharm/mecharm_communication) by extension 'ignore'
[0.285s] Level 1:colcon.colcon_core.package_identification:_identify(src/mycobot_ros2/mecharm/mecharm_communication) by extension 'ignore_ament_install'
[0.285s] Level 1:colcon.colcon_core.package_identification:_identify(src/mycobot_ros2/mecharm/mecharm_communication) by extensions ['colcon_pkg']
[0.285s] Level 1:colcon.colcon_core.package_identification:_identify(src/mycobot_ros2/mecharm/mecharm_communication) by extension 'colcon_pkg'
[0.285s] Level 1:colcon.colcon_core.package_identification:_identify(src/mycobot_ros2/mecharm/mecharm_communication) by extensions ['colcon_meta']
[0.285s] Level 1:colcon.colcon_core.package_identification:_identify(src/mycobot_ros2/mecharm/mecharm_communication) by extension 'colcon_meta'
[0.285s] Level 1:colcon.colcon_core.package_identification:_identify(src/mycobot_ros2/mecharm/mecharm_communication) by extensions ['ros']
[0.285s] Level 1:colcon.colcon_core.package_identification:_identify(src/mycobot_ros2/mecharm/mecharm_communication) by extension 'ros'
[0.286s] DEBUG:colcon.colcon_core.package_identification:Package 'src/mycobot_ros2/mecharm/mecharm_communication' with type 'ros.ament_python' and name 'mecharm_communication'
[0.287s] Level 1:colcon.colcon_core.package_identification:_identify(src/mycobot_ros2/mecharm/mecharm_interfaces) by extensions ['ignore', 'ignore_ament_install']
[0.287s] Level 1:colcon.colcon_core.package_identification:_identify(src/mycobot_ros2/mecharm/mecharm_interfaces) by extension 'ignore'
[0.287s] Level 1:colcon.colcon_core.package_identification:_identify(src/mycobot_ros2/mecharm/mecharm_interfaces) by extension 'ignore_ament_install'
[0.287s] Level 1:colcon.colcon_core.package_identification:_identify(src/mycobot_ros2/mecharm/mecharm_interfaces) by extensions ['colcon_pkg']
[0.287s] Level 1:colcon.colcon_core.package_identification:_identify(src/mycobot_ros2/mecharm/mecharm_interfaces) by extension 'colcon_pkg'
[0.287s] Level 1:colcon.colcon_core.package_identification:_identify(src/mycobot_ros2/mecharm/mecharm_interfaces) by extensions ['colcon_meta']
[0.287s] Level 1:colcon.colcon_core.package_identification:_identify(src/mycobot_ros2/mecharm/mecharm_interfaces) by extension 'colcon_meta'
[0.287s] Level 1:colcon.colcon_core.package_identification:_identify(src/mycobot_ros2/mecharm/mecharm_interfaces) by extensions ['ros']
[0.287s] Level 1:colcon.colcon_core.package_identification:_identify(src/mycobot_ros2/mecharm/mecharm_interfaces) by extension 'ros'
[0.288s] DEBUG:colcon.colcon_core.package_identification:Package 'src/mycobot_ros2/mecharm/mecharm_interfaces' with type 'ros.ament_cmake' and name 'mecharm_interfaces'
[0.288s] Level 1:colcon.colcon_core.package_identification:_identify(src/mycobot_ros2/mecharm/mecharm_pi) by extensions ['ignore', 'ignore_ament_install']
[0.289s] Level 1:colcon.colcon_core.package_identification:_identify(src/mycobot_ros2/mecharm/mecharm_pi) by extension 'ignore'
[0.289s] Level 1:colcon.colcon_core.package_identification:_identify(src/mycobot_ros2/mecharm/mecharm_pi) by extension 'ignore_ament_install'
[0.289s] Level 1:colcon.colcon_core.package_identification:_identify(src/mycobot_ros2/mecharm/mecharm_pi) by extensions ['colcon_pkg']
[0.289s] Level 1:colcon.colcon_core.package_identification:_identify(src/mycobot_ros2/mecharm/mecharm_pi) by extension 'colcon_pkg'
[0.289s] Level 1:colcon.colcon_core.package_identification:_identify(src/mycobot_ros2/mecharm/mecharm_pi) by extensions ['colcon_meta']
[0.289s] Level 1:colcon.colcon_core.package_identification:_identify(src/mycobot_ros2/mecharm/mecharm_pi) by extension 'colcon_meta'
[0.289s] Level 1:colcon.colcon_core.package_identification:_identify(src/mycobot_ros2/mecharm/mecharm_pi) by extensions ['ros']
[0.289s] Level 1:colcon.colcon_core.package_identification:_identify(src/mycobot_ros2/mecharm/mecharm_pi) by extension 'ros'
[0.290s] DEBUG:colcon.colcon_core.package_identification:Package 'src/mycobot_ros2/mecharm/mecharm_pi' with type 'ros.ament_python' and name 'mecharm_pi'
[0.290s] Level 1:colcon.colcon_core.package_identification:_identify(src/mycobot_ros2/myArm) by extensions ['ignore', 'ignore_ament_install']
[0.290s] Level 1:colcon.colcon_core.package_identification:_identify(src/mycobot_ros2/myArm) by extension 'ignore'
[0.290s] Level 1:colcon.colcon_core.package_identification:_identify(src/mycobot_ros2/myArm) by extension 'ignore_ament_install'
[0.290s] Level 1:colcon.colcon_core.package_identification:_identify(src/mycobot_ros2/myArm) by extensions ['colcon_pkg']
[0.290s] Level 1:colcon.colcon_core.package_identification:_identify(src/mycobot_ros2/myArm) by extension 'colcon_pkg'
[0.290s] Level 1:colcon.colcon_core.package_identification:_identify(src/mycobot_ros2/myArm) by extensions ['colcon_meta']
[0.290s] Level 1:colcon.colcon_core.package_identification:_identify(src/mycobot_ros2/myArm) by extension 'colcon_meta'
[0.290s] Level 1:colcon.colcon_core.package_identification:_identify(src/mycobot_ros2/myArm) by extensions ['ros']
[0.290s] Level 1:colcon.colcon_core.package_identification:_identify(src/mycobot_ros2/myArm) by extension 'ros'
[0.291s] Level 1:colcon.colcon_core.package_identification:_identify(src/mycobot_ros2/myArm) by extensions ['cmake', 'python']
[0.291s] Level 1:colcon.colcon_core.package_identification:_identify(src/mycobot_ros2/myArm) by extension 'cmake'
[0.291s] Level 1:colcon.colcon_core.package_identification:_identify(src/mycobot_ros2/myArm) by extension 'python'
[0.291s] Level 1:colcon.colcon_core.package_identification:_identify(src/mycobot_ros2/myArm) by extensions ['python_setup_py']
[0.291s] Level 1:colcon.colcon_core.package_identification:_identify(src/mycobot_ros2/myArm) by extension 'python_setup_py'
[0.291s] Level 1:colcon.colcon_core.package_identification:_identify(src/mycobot_ros2/myArm/myarm_300) by extensions ['ignore', 'ignore_ament_install']
[0.291s] Level 1:colcon.colcon_core.package_identification:_identify(src/mycobot_ros2/myArm/myarm_300) by extension 'ignore'
[0.291s] Level 1:colcon.colcon_core.package_identification:_identify(src/mycobot_ros2/myArm/myarm_300) by extension 'ignore_ament_install'
[0.291s] Level 1:colcon.colcon_core.package_identification:_identify(src/mycobot_ros2/myArm/myarm_300) by extensions ['colcon_pkg']
[0.291s] Level 1:colcon.colcon_core.package_identification:_identify(src/mycobot_ros2/myArm/myarm_300) by extension 'colcon_pkg'
[0.291s] Level 1:colcon.colcon_core.package_identification:_identify(src/mycobot_ros2/myArm/myarm_300) by extensions ['colcon_meta']
[0.291s] Level 1:colcon.colcon_core.package_identification:_identify(src/mycobot_ros2/myArm/myarm_300) by extension 'colcon_meta'
[0.291s] Level 1:colcon.colcon_core.package_identification:_identify(src/mycobot_ros2/myArm/myarm_300) by extensions ['ros']
[0.291s] Level 1:colcon.colcon_core.package_identification:_identify(src/mycobot_ros2/myArm/myarm_300) by extension 'ros'
[0.292s] DEBUG:colcon.colcon_core.package_identification:Package 'src/mycobot_ros2/myArm/myarm_300' with type 'ros.ament_python' and name 'myarm_300'
[0.292s] Level 1:colcon.colcon_core.package_identification:_identify(src/mycobot_ros2/myArm/myarm_c650) by extensions ['ignore', 'ignore_ament_install']
[0.292s] Level 1:colcon.colcon_core.package_identification:_identify(src/mycobot_ros2/myArm/myarm_c650) by extension 'ignore'
[0.292s] Level 1:colcon.colcon_core.package_identification:_identify(src/mycobot_ros2/myArm/myarm_c650) by extension 'ignore_ament_install'
[0.292s] Level 1:colcon.colcon_core.package_identification:_identify(src/mycobot_ros2/myArm/myarm_c650) by extensions ['colcon_pkg']
[0.292s] Level 1:colcon.colcon_core.package_identification:_identify(src/mycobot_ros2/myArm/myarm_c650) by extension 'colcon_pkg'
[0.292s] Level 1:colcon.colcon_core.package_identification:_identify(src/mycobot_ros2/myArm/myarm_c650) by extensions ['colcon_meta']
[0.292s] Level 1:colcon.colcon_core.package_identification:_identify(src/mycobot_ros2/myArm/myarm_c650) by extension 'colcon_meta'
[0.292s] Level 1:colcon.colcon_core.package_identification:_identify(src/mycobot_ros2/myArm/myarm_c650) by extensions ['ros']
[0.292s] Level 1:colcon.colcon_core.package_identification:_identify(src/mycobot_ros2/myArm/myarm_c650) by extension 'ros'
[0.293s] DEBUG:colcon.colcon_core.package_identification:Package 'src/mycobot_ros2/myArm/myarm_c650' with type 'ros.ament_python' and name 'myarm_c650'
[0.293s] Level 1:colcon.colcon_core.package_identification:_identify(src/mycobot_ros2/myArm/myarm_m750) by extensions ['ignore', 'ignore_ament_install']
[0.293s] Level 1:colcon.colcon_core.package_identification:_identify(src/mycobot_ros2/myArm/myarm_m750) by extension 'ignore'
[0.294s] Level 1:colcon.colcon_core.package_identification:_identify(src/mycobot_ros2/myArm/myarm_m750) by extension 'ignore_ament_install'
[0.294s] Level 1:colcon.colcon_core.package_identification:_identify(src/mycobot_ros2/myArm/myarm_m750) by extensions ['colcon_pkg']
[0.294s] Level 1:colcon.colcon_core.package_identification:_identify(src/mycobot_ros2/myArm/myarm_m750) by extension 'colcon_pkg'
[0.294s] Level 1:colcon.colcon_core.package_identification:_identify(src/mycobot_ros2/myArm/myarm_m750) by extensions ['colcon_meta']
[0.294s] Level 1:colcon.colcon_core.package_identification:_identify(src/mycobot_ros2/myArm/myarm_m750) by extension 'colcon_meta'
[0.294s] Level 1:colcon.colcon_core.package_identification:_identify(src/mycobot_ros2/myArm/myarm_m750) by extensions ['ros']
[0.294s] Level 1:colcon.colcon_core.package_identification:_identify(src/mycobot_ros2/myArm/myarm_m750) by extension 'ros'
[0.294s] DEBUG:colcon.colcon_core.package_identification:Package 'src/mycobot_ros2/myArm/myarm_m750' with type 'ros.ament_python' and name 'myarm_m750'
[0.295s] Level 1:colcon.colcon_core.package_identification:_identify(src/mycobot_ros2/mycobot_280) by extensions ['ignore', 'ignore_ament_install']
[0.295s] Level 1:colcon.colcon_core.package_identification:_identify(src/mycobot_ros2/mycobot_280) by extension 'ignore'
[0.295s] Level 1:colcon.colcon_core.package_identification:_identify(src/mycobot_ros2/mycobot_280) by extension 'ignore_ament_install'
[0.295s] Level 1:colcon.colcon_core.package_identification:_identify(src/mycobot_ros2/mycobot_280) by extensions ['colcon_pkg']
[0.295s] Level 1:colcon.colcon_core.package_identification:_identify(src/mycobot_ros2/mycobot_280) by extension 'colcon_pkg'
[0.295s] Level 1:colcon.colcon_core.package_identification:_identify(src/mycobot_ros2/mycobot_280) by extensions ['colcon_meta']
[0.295s] Level 1:colcon.colcon_core.package_identification:_identify(src/mycobot_ros2/mycobot_280) by extension 'colcon_meta'
[0.295s] Level 1:colcon.colcon_core.package_identification:_identify(src/mycobot_ros2/mycobot_280) by extensions ['ros']
[0.295s] Level 1:colcon.colcon_core.package_identification:_identify(src/mycobot_ros2/mycobot_280) by extension 'ros'
[0.295s] Level 1:colcon.colcon_core.package_identification:_identify(src/mycobot_ros2/mycobot_280) by extensions ['cmake', 'python']
[0.295s] Level 1:colcon.colcon_core.package_identification:_identify(src/mycobot_ros2/mycobot_280) by extension 'cmake'
[0.295s] Level 1:colcon.colcon_core.package_identification:_identify(src/mycobot_ros2/mycobot_280) by extension 'python'
[0.295s] Level 1:colcon.colcon_core.package_identification:_identify(src/mycobot_ros2/mycobot_280) by extensions ['python_setup_py']
[0.296s] Level 1:colcon.colcon_core.package_identification:_identify(src/mycobot_ros2/mycobot_280) by extension 'python_setup_py'
[0.296s] Level 1:colcon.colcon_core.package_identification:_identify(src/mycobot_ros2/mycobot_280/mycobot_280) by extensions ['ignore', 'ignore_ament_install']
[0.296s] Level 1:colcon.colcon_core.package_identification:_identify(src/mycobot_ros2/mycobot_280/mycobot_280) by extension 'ignore'
[0.296s] Level 1:colcon.colcon_core.package_identification:_identify(src/mycobot_ros2/mycobot_280/mycobot_280) by extension 'ignore_ament_install'
[0.296s] Level 1:colcon.colcon_core.package_identification:_identify(src/mycobot_ros2/mycobot_280/mycobot_280) by extensions ['colcon_pkg']
[0.296s] Level 1:colcon.colcon_core.package_identification:_identify(src/mycobot_ros2/mycobot_280/mycobot_280) by extension 'colcon_pkg'
[0.296s] Level 1:colcon.colcon_core.package_identification:_identify(src/mycobot_ros2/mycobot_280/mycobot_280) by extensions ['colcon_meta']
[0.296s] Level 1:colcon.colcon_core.package_identification:_identify(src/mycobot_ros2/mycobot_280/mycobot_280) by extension 'colcon_meta'
[0.296s] Level 1:colcon.colcon_core.package_identification:_identify(src/mycobot_ros2/mycobot_280/mycobot_280) by extensions ['ros']
[0.296s] Level 1:colcon.colcon_core.package_identification:_identify(src/mycobot_ros2/mycobot_280/mycobot_280) by extension 'ros'
[0.297s] DEBUG:colcon.colcon_core.package_identification:Package 'src/mycobot_ros2/mycobot_280/mycobot_280' with type 'ros.ament_python' and name 'mycobot_280'
[0.297s] Level 1:colcon.colcon_core.package_identification:_identify(src/mycobot_ros2/mycobot_280/mycobot_280_arduino) by extensions ['ignore', 'ignore_ament_install']
[0.297s] Level 1:colcon.colcon_core.package_identification:_identify(src/mycobot_ros2/mycobot_280/mycobot_280_arduino) by extension 'ignore'
[0.297s] Level 1:colcon.colcon_core.package_identification:_identify(src/mycobot_ros2/mycobot_280/mycobot_280_arduino) by extension 'ignore_ament_install'
[0.297s] Level 1:colcon.colcon_core.package_identification:_identify(src/mycobot_ros2/mycobot_280/mycobot_280_arduino) by extensions ['colcon_pkg']
[0.297s] Level 1:colcon.colcon_core.package_identification:_identify(src/mycobot_ros2/mycobot_280/mycobot_280_arduino) by extension 'colcon_pkg'
[0.298s] Level 1:colcon.colcon_core.package_identification:_identify(src/mycobot_ros2/mycobot_280/mycobot_280_arduino) by extensions ['colcon_meta']
[0.298s] Level 1:colcon.colcon_core.package_identification:_identify(src/mycobot_ros2/mycobot_280/mycobot_280_arduino) by extension 'colcon_meta'
[0.298s] Level 1:colcon.colcon_core.package_identification:_identify(src/mycobot_ros2/mycobot_280/mycobot_280_arduino) by extensions ['ros']
[0.298s] Level 1:colcon.colcon_core.package_identification:_identify(src/mycobot_ros2/mycobot_280/mycobot_280_arduino) by extension 'ros'
[0.299s] DEBUG:colcon.colcon_core.package_identification:Package 'src/mycobot_ros2/mycobot_280/mycobot_280_arduino' with type 'ros.ament_python' and name 'mycobot_280_arduino'
[0.299s] Level 1:colcon.colcon_core.package_identification:_identify(src/mycobot_ros2/mycobot_280/mycobot_280_moveit2) by extensions ['ignore', 'ignore_ament_install']
[0.299s] Level 1:colcon.colcon_core.package_identification:_identify(src/mycobot_ros2/mycobot_280/mycobot_280_moveit2) by extension 'ignore'
[0.299s] Level 1:colcon.colcon_core.package_identification:_identify(src/mycobot_ros2/mycobot_280/mycobot_280_moveit2) by extension 'ignore_ament_install'
[0.299s] Level 1:colcon.colcon_core.package_identification:_identify(src/mycobot_ros2/mycobot_280/mycobot_280_moveit2) by extensions ['colcon_pkg']
[0.299s] Level 1:colcon.colcon_core.package_identification:_identify(src/mycobot_ros2/mycobot_280/mycobot_280_moveit2) by extension 'colcon_pkg'
[0.299s] Level 1:colcon.colcon_core.package_identification:_identify(src/mycobot_ros2/mycobot_280/mycobot_280_moveit2) by extensions ['colcon_meta']
[0.299s] Level 1:colcon.colcon_core.package_identification:_identify(src/mycobot_ros2/mycobot_280/mycobot_280_moveit2) by extension 'colcon_meta'
[0.299s] Level 1:colcon.colcon_core.package_identification:_identify(src/mycobot_ros2/mycobot_280/mycobot_280_moveit2) by extensions ['ros']
[0.299s] Level 1:colcon.colcon_core.package_identification:_identify(src/mycobot_ros2/mycobot_280/mycobot_280_moveit2) by extension 'ros'
[0.300s] DEBUG:colcon.colcon_core.package_identification:Package 'src/mycobot_ros2/mycobot_280/mycobot_280_moveit2' with type 'ros.ament_cmake' and name 'mycobot_280_moveit2'
[0.300s] Level 1:colcon.colcon_core.package_identification:_identify(src/mycobot_ros2/mycobot_280/mycobot_280_moveit2_control) by extensions ['ignore', 'ignore_ament_install']
[0.300s] Level 1:colcon.colcon_core.package_identification:_identify(src/mycobot_ros2/mycobot_280/mycobot_280_moveit2_control) by extension 'ignore'
[0.300s] Level 1:colcon.colcon_core.package_identification:_identify(src/mycobot_ros2/mycobot_280/mycobot_280_moveit2_control) by extension 'ignore_ament_install'
[0.300s] Level 1:colcon.colcon_core.package_identification:_identify(src/mycobot_ros2/mycobot_280/mycobot_280_moveit2_control) by extensions ['colcon_pkg']
[0.300s] Level 1:colcon.colcon_core.package_identification:_identify(src/mycobot_ros2/mycobot_280/mycobot_280_moveit2_control) by extension 'colcon_pkg'
[0.300s] Level 1:colcon.colcon_core.package_identification:_identify(src/mycobot_ros2/mycobot_280/mycobot_280_moveit2_control) by extensions ['colcon_meta']
[0.300s] Level 1:colcon.colcon_core.package_identification:_identify(src/mycobot_ros2/mycobot_280/mycobot_280_moveit2_control) by extension 'colcon_meta'
[0.300s] Level 1:colcon.colcon_core.package_identification:_identify(src/mycobot_ros2/mycobot_280/mycobot_280_moveit2_control) by extensions ['ros']
[0.300s] Level 1:colcon.colcon_core.package_identification:_identify(src/mycobot_ros2/mycobot_280/mycobot_280_moveit2_control) by extension 'ros'
[0.301s] DEBUG:colcon.colcon_core.package_identification:Package 'src/mycobot_ros2/mycobot_280/mycobot_280_moveit2_control' with type 'ros.ament_python' and name 'mycobot_280_moveit2_control'
[0.301s] Level 1:colcon.colcon_core.package_identification:_identify(src/mycobot_ros2/mycobot_280/mycobot_280_rdkx5) by extensions ['ignore', 'ignore_ament_install']
[0.301s] Level 1:colcon.colcon_core.package_identification:_identify(src/mycobot_ros2/mycobot_280/mycobot_280_rdkx5) by extension 'ignore'
[0.301s] Level 1:colcon.colcon_core.package_identification:_identify(src/mycobot_ros2/mycobot_280/mycobot_280_rdkx5) by extension 'ignore_ament_install'
[0.301s] Level 1:colcon.colcon_core.package_identification:_identify(src/mycobot_ros2/mycobot_280/mycobot_280_rdkx5) by extensions ['colcon_pkg']
[0.301s] Level 1:colcon.colcon_core.package_identification:_identify(src/mycobot_ros2/mycobot_280/mycobot_280_rdkx5) by extension 'colcon_pkg'
[0.301s] Level 1:colcon.colcon_core.package_identification:_identify(src/mycobot_ros2/mycobot_280/mycobot_280_rdkx5) by extensions ['colcon_meta']
[0.301s] Level 1:colcon.colcon_core.package_identification:_identify(src/mycobot_ros2/mycobot_280/mycobot_280_rdkx5) by extension 'colcon_meta'
[0.301s] Level 1:colcon.colcon_core.package_identification:_identify(src/mycobot_ros2/mycobot_280/mycobot_280_rdkx5) by extensions ['ros']
[0.301s] Level 1:colcon.colcon_core.package_identification:_identify(src/mycobot_ros2/mycobot_280/mycobot_280_rdkx5) by extension 'ros'
[0.302s] DEBUG:colcon.colcon_core.package_identification:Package 'src/mycobot_ros2/mycobot_280/mycobot_280_rdkx5' with type 'ros.ament_python' and name 'mycobot_280_rdkx5'
[0.302s] Level 1:colcon.colcon_core.package_identification:_identify(src/mycobot_ros2/mycobot_280/mycobot_280_riscv) by extensions ['ignore', 'ignore_ament_install']
[0.302s] Level 1:colcon.colcon_core.package_identification:_identify(src/mycobot_ros2/mycobot_280/mycobot_280_riscv) by extension 'ignore'
[0.302s] Level 1:colcon.colcon_core.package_identification:_identify(src/mycobot_ros2/mycobot_280/mycobot_280_riscv) by extension 'ignore_ament_install'
[0.302s] Level 1:colcon.colcon_core.package_identification:_identify(src/mycobot_ros2/mycobot_280/mycobot_280_riscv) by extensions ['colcon_pkg']
[0.302s] Level 1:colcon.colcon_core.package_identification:_identify(src/mycobot_ros2/mycobot_280/mycobot_280_riscv) by extension 'colcon_pkg'
[0.303s] Level 1:colcon.colcon_core.package_identification:_identify(src/mycobot_ros2/mycobot_280/mycobot_280_riscv) by extensions ['colcon_meta']
[0.303s] Level 1:colcon.colcon_core.package_identification:_identify(src/mycobot_ros2/mycobot_280/mycobot_280_riscv) by extension 'colcon_meta'
[0.303s] Level 1:colcon.colcon_core.package_identification:_identify(src/mycobot_ros2/mycobot_280/mycobot_280_riscv) by extensions ['ros']
[0.303s] Level 1:colcon.colcon_core.package_identification:_identify(src/mycobot_ros2/mycobot_280/mycobot_280_riscv) by extension 'ros'
[0.303s] DEBUG:colcon.colcon_core.package_identification:Package 'src/mycobot_ros2/mycobot_280/mycobot_280_riscv' with type 'ros.ament_python' and name 'mycobot_280_riscv'
[0.303s] Level 1:colcon.colcon_core.package_identification:_identify(src/mycobot_ros2/mycobot_280/mycobot_280_x3pi) by extensions ['ignore', 'ignore_ament_install']
[0.304s] Level 1:colcon.colcon_core.package_identification:_identify(src/mycobot_ros2/mycobot_280/mycobot_280_x3pi) by extension 'ignore'
[0.304s] Level 1:colcon.colcon_core.package_identification:_identify(src/mycobot_ros2/mycobot_280/mycobot_280_x3pi) by extension 'ignore_ament_install'
[0.304s] Level 1:colcon.colcon_core.package_identification:_identify(src/mycobot_ros2/mycobot_280/mycobot_280_x3pi) by extensions ['colcon_pkg']
[0.304s] Level 1:colcon.colcon_core.package_identification:_identify(src/mycobot_ros2/mycobot_280/mycobot_280_x3pi) by extension 'colcon_pkg'
[0.304s] Level 1:colcon.colcon_core.package_identification:_identify(src/mycobot_ros2/mycobot_280/mycobot_280_x3pi) by extensions ['colcon_meta']
[0.304s] Level 1:colcon.colcon_core.package_identification:_identify(src/mycobot_ros2/mycobot_280/mycobot_280_x3pi) by extension 'colcon_meta'
[0.304s] Level 1:colcon.colcon_core.package_identification:_identify(src/mycobot_ros2/mycobot_280/mycobot_280_x3pi) by extensions ['ros']
[0.304s] Level 1:colcon.colcon_core.package_identification:_identify(src/mycobot_ros2/mycobot_280/mycobot_280_x3pi) by extension 'ros'
[0.305s] DEBUG:colcon.colcon_core.package_identification:Package 'src/mycobot_ros2/mycobot_280/mycobot_280_x3pi' with type 'ros.ament_python' and name 'mycobot_280_x3pi'
[0.305s] Level 1:colcon.colcon_core.package_identification:_identify(src/mycobot_ros2/mycobot_280/mycobot_280arduino_moveit2) by extensions ['ignore', 'ignore_ament_install']
[0.305s] Level 1:colcon.colcon_core.package_identification:_identify(src/mycobot_ros2/mycobot_280/mycobot_280arduino_moveit2) by extension 'ignore'
[0.305s] Level 1:colcon.colcon_core.package_identification:_identify(src/mycobot_ros2/mycobot_280/mycobot_280arduino_moveit2) by extension 'ignore_ament_install'
[0.305s] Level 1:colcon.colcon_core.package_identification:_identify(src/mycobot_ros2/mycobot_280/mycobot_280arduino_moveit2) by extensions ['colcon_pkg']
[0.305s] Level 1:colcon.colcon_core.package_identification:_identify(src/mycobot_ros2/mycobot_280/mycobot_280arduino_moveit2) by extension 'colcon_pkg'
[0.306s] Level 1:colcon.colcon_core.package_identification:_identify(src/mycobot_ros2/mycobot_280/mycobot_280arduino_moveit2) by extensions ['colcon_meta']
[0.306s] Level 1:colcon.colcon_core.package_identification:_identify(src/mycobot_ros2/mycobot_280/mycobot_280arduino_moveit2) by extension 'colcon_meta'
[0.306s] Level 1:colcon.colcon_core.package_identification:_identify(src/mycobot_ros2/mycobot_280/mycobot_280arduino_moveit2) by extensions ['ros']
[0.306s] Level 1:colcon.colcon_core.package_identification:_identify(src/mycobot_ros2/mycobot_280/mycobot_280arduino_moveit2) by extension 'ros'
[0.306s] DEBUG:colcon.colcon_core.package_identification:Package 'src/mycobot_ros2/mycobot_280/mycobot_280arduino_moveit2' with type 'ros.ament_cmake' and name 'mycobot_280arduino_moveit2'
[0.307s] Level 1:colcon.colcon_core.package_identification:_identify(src/mycobot_ros2/mycobot_280/mycobot_280jn) by extensions ['ignore', 'ignore_ament_install']
[0.307s] Level 1:colcon.colcon_core.package_identification:_identify(src/mycobot_ros2/mycobot_280/mycobot_280jn) by extension 'ignore'
[0.307s] Level 1:colcon.colcon_core.package_identification:_identify(src/mycobot_ros2/mycobot_280/mycobot_280jn) by extension 'ignore_ament_install'
[0.307s] Level 1:colcon.colcon_core.package_identification:_identify(src/mycobot_ros2/mycobot_280/mycobot_280jn) by extensions ['colcon_pkg']
[0.307s] Level 1:colcon.colcon_core.package_identification:_identify(src/mycobot_ros2/mycobot_280/mycobot_280jn) by extension 'colcon_pkg'
[0.307s] Level 1:colcon.colcon_core.package_identification:_identify(src/mycobot_ros2/mycobot_280/mycobot_280jn) by extensions ['colcon_meta']
[0.307s] Level 1:colcon.colcon_core.package_identification:_identify(src/mycobot_ros2/mycobot_280/mycobot_280jn) by extension 'colcon_meta'
[0.307s] Level 1:colcon.colcon_core.package_identification:_identify(src/mycobot_ros2/mycobot_280/mycobot_280jn) by extensions ['ros']
[0.307s] Level 1:colcon.colcon_core.package_identification:_identify(src/mycobot_ros2/mycobot_280/mycobot_280jn) by extension 'ros'
[0.308s] DEBUG:colcon.colcon_core.package_identification:Package 'src/mycobot_ros2/mycobot_280/mycobot_280jn' with type 'ros.ament_python' and name 'mycobot_280jn'
[0.308s] Level 1:colcon.colcon_core.package_identification:_identify(src/mycobot_ros2/mycobot_280/mycobot_280pi) by extensions ['ignore', 'ignore_ament_install']
[0.308s] Level 1:colcon.colcon_core.package_identification:_identify(src/mycobot_ros2/mycobot_280/mycobot_280pi) by extension 'ignore'
[0.309s] Level 1:colcon.colcon_core.package_identification:_identify(src/mycobot_ros2/mycobot_280/mycobot_280pi) by extension 'ignore_ament_install'
[0.309s] Level 1:colcon.colcon_core.package_identification:_identify(src/mycobot_ros2/mycobot_280/mycobot_280pi) by extensions ['colcon_pkg']
[0.309s] Level 1:colcon.colcon_core.package_identification:_identify(src/mycobot_ros2/mycobot_280/mycobot_280pi) by extension 'colcon_pkg'
[0.309s] Level 1:colcon.colcon_core.package_identification:_identify(src/mycobot_ros2/mycobot_280/mycobot_280pi) by extensions ['colcon_meta']
[0.309s] Level 1:colcon.colcon_core.package_identification:_identify(src/mycobot_ros2/mycobot_280/mycobot_280pi) by extension 'colcon_meta'
[0.309s] Level 1:colcon.colcon_core.package_identification:_identify(src/mycobot_ros2/mycobot_280/mycobot_280pi) by extensions ['ros']
[0.309s] Level 1:colcon.colcon_core.package_identification:_identify(src/mycobot_ros2/mycobot_280/mycobot_280pi) by extension 'ros'
[0.310s] DEBUG:colcon.colcon_core.package_identification:Package 'src/mycobot_ros2/mycobot_280/mycobot_280pi' with type 'ros.ament_python' and name 'mycobot_280pi'
[0.310s] Level 1:colcon.colcon_core.package_identification:_identify(src/mycobot_ros2/mycobot_280/mycobot_280rdkx5_moveit2) by extensions ['ignore', 'ignore_ament_install']
[0.310s] Level 1:colcon.colcon_core.package_identification:_identify(src/mycobot_ros2/mycobot_280/mycobot_280rdkx5_moveit2) by extension 'ignore'
[0.310s] Level 1:colcon.colcon_core.package_identification:_identify(src/mycobot_ros2/mycobot_280/mycobot_280rdkx5_moveit2) by extension 'ignore_ament_install'
[0.310s] Level 1:colcon.colcon_core.package_identification:_identify(src/mycobot_ros2/mycobot_280/mycobot_280rdkx5_moveit2) by extensions ['colcon_pkg']
[0.310s] Level 1:colcon.colcon_core.package_identification:_identify(src/mycobot_ros2/mycobot_280/mycobot_280rdkx5_moveit2) by extension 'colcon_pkg'
[0.310s] Level 1:colcon.colcon_core.package_identification:_identify(src/mycobot_ros2/mycobot_280/mycobot_280rdkx5_moveit2) by extensions ['colcon_meta']
[0.310s] Level 1:colcon.colcon_core.package_identification:_identify(src/mycobot_ros2/mycobot_280/mycobot_280rdkx5_moveit2) by extension 'colcon_meta'
[0.310s] Level 1:colcon.colcon_core.package_identification:_identify(src/mycobot_ros2/mycobot_280/mycobot_280rdkx5_moveit2) by extensions ['ros']
[0.310s] Level 1:colcon.colcon_core.package_identification:_identify(src/mycobot_ros2/mycobot_280/mycobot_280rdkx5_moveit2) by extension 'ros'
[0.310s] DEBUG:colcon.colcon_core.package_identification:Package 'src/mycobot_ros2/mycobot_280/mycobot_280rdkx5_moveit2' with type 'ros.ament_cmake' and name 'mycobot_280rdkx5_moveit2'
[0.311s] Level 1:colcon.colcon_core.package_identification:_identify(src/mycobot_ros2/mycobot_280/mycobot_interfaces) by extensions ['ignore', 'ignore_ament_install']
[0.311s] Level 1:colcon.colcon_core.package_identification:_identify(src/mycobot_ros2/mycobot_280/mycobot_interfaces) by extension 'ignore'
[0.311s] Level 1:colcon.colcon_core.package_identification:_identify(src/mycobot_ros2/mycobot_280/mycobot_interfaces) by extension 'ignore_ament_install'
[0.311s] Level 1:colcon.colcon_core.package_identification:_identify(src/mycobot_ros2/mycobot_280/mycobot_interfaces) by extensions ['colcon_pkg']
[0.311s] Level 1:colcon.colcon_core.package_identification:_identify(src/mycobot_ros2/mycobot_280/mycobot_interfaces) by extension 'colcon_pkg'
[0.311s] Level 1:colcon.colcon_core.package_identification:_identify(src/mycobot_ros2/mycobot_280/mycobot_interfaces) by extensions ['colcon_meta']
[0.311s] Level 1:colcon.colcon_core.package_identification:_identify(src/mycobot_ros2/mycobot_280/mycobot_interfaces) by extension 'colcon_meta'
[0.311s] Level 1:colcon.colcon_core.package_identification:_identify(src/mycobot_ros2/mycobot_280/mycobot_interfaces) by extensions ['ros']
[0.311s] Level 1:colcon.colcon_core.package_identification:_identify(src/mycobot_ros2/mycobot_280/mycobot_interfaces) by extension 'ros'
[0.312s] DEBUG:colcon.colcon_core.package_identification:Package 'src/mycobot_ros2/mycobot_280/mycobot_interfaces' with type 'ros.ament_cmake' and name 'mycobot_interfaces'
[0.312s] Level 1:colcon.colcon_core.package_identification:_identify(src/mycobot_ros2/mycobot_280_gazebo) by extensions ['ignore', 'ignore_ament_install']
[0.312s] Level 1:colcon.colcon_core.package_identification:_identify(src/mycobot_ros2/mycobot_280_gazebo) by extension 'ignore'
[0.312s] Level 1:colcon.colcon_core.package_identification:_identify(src/mycobot_ros2/mycobot_280_gazebo) by extension 'ignore_ament_install'
[0.312s] Level 1:colcon.colcon_core.package_identification:_identify(src/mycobot_ros2/mycobot_280_gazebo) by extensions ['colcon_pkg']
[0.312s] Level 1:colcon.colcon_core.package_identification:_identify(src/mycobot_ros2/mycobot_280_gazebo) by extension 'colcon_pkg'
[0.312s] Level 1:colcon.colcon_core.package_identification:_identify(src/mycobot_ros2/mycobot_280_gazebo) by extensions ['colcon_meta']
[0.312s] Level 1:colcon.colcon_core.package_identification:_identify(src/mycobot_ros2/mycobot_280_gazebo) by extension 'colcon_meta'
[0.312s] Level 1:colcon.colcon_core.package_identification:_identify(src/mycobot_ros2/mycobot_280_gazebo) by extensions ['ros']
[0.312s] Level 1:colcon.colcon_core.package_identification:_identify(src/mycobot_ros2/mycobot_280_gazebo) by extension 'ros'
[0.313s] DEBUG:colcon.colcon_core.package_identification:Package 'src/mycobot_ros2/mycobot_280_gazebo' with type 'ros.ament_cmake' and name 'mycobot_280_gazebo'
[0.313s] Level 1:colcon.colcon_core.package_identification:_identify(src/mycobot_ros2/mycobot_280_gazebo_jazzy) by extensions ['ignore', 'ignore_ament_install']
[0.313s] Level 1:colcon.colcon_core.package_identification:_identify(src/mycobot_ros2/mycobot_280_gazebo_jazzy) by extension 'ignore'
[0.313s] Level 1:colcon.colcon_core.package_identification:_identify(src/mycobot_ros2/mycobot_280_gazebo_jazzy) by extension 'ignore_ament_install'
[0.313s] Level 1:colcon.colcon_core.package_identification:_identify(src/mycobot_ros2/mycobot_280_gazebo_jazzy) by extensions ['colcon_pkg']
[0.313s] Level 1:colcon.colcon_core.package_identification:_identify(src/mycobot_ros2/mycobot_280_gazebo_jazzy) by extension 'colcon_pkg'
[0.313s] Level 1:colcon.colcon_core.package_identification:_identify(src/mycobot_ros2/mycobot_280_gazebo_jazzy) by extensions ['colcon_meta']
[0.313s] Level 1:colcon.colcon_core.package_identification:_identify(src/mycobot_ros2/mycobot_280_gazebo_jazzy) by extension 'colcon_meta'
[0.313s] Level 1:colcon.colcon_core.package_identification:_identify(src/mycobot_ros2/mycobot_280_gazebo_jazzy) by extensions ['ros']
[0.313s] Level 1:colcon.colcon_core.package_identification:_identify(src/mycobot_ros2/mycobot_280_gazebo_jazzy) by extension 'ros'
[0.314s] DEBUG:colcon.colcon_core.package_identification:Package 'src/mycobot_ros2/mycobot_280_gazebo_jazzy' with type 'ros.ament_cmake' and name 'mycobot_280_gazebo_jazzy'
[0.314s] Level 1:colcon.colcon_core.package_identification:_identify(src/mycobot_ros2/mycobot_320) by extensions ['ignore', 'ignore_ament_install']
[0.314s] Level 1:colcon.colcon_core.package_identification:_identify(src/mycobot_ros2/mycobot_320) by extension 'ignore'
[0.314s] Level 1:colcon.colcon_core.package_identification:_identify(src/mycobot_ros2/mycobot_320) by extension 'ignore_ament_install'
[0.315s] Level 1:colcon.colcon_core.package_identification:_identify(src/mycobot_ros2/mycobot_320) by extensions ['colcon_pkg']
[0.315s] Level 1:colcon.colcon_core.package_identification:_identify(src/mycobot_ros2/mycobot_320) by extension 'colcon_pkg'
[0.315s] Level 1:colcon.colcon_core.package_identification:_identify(src/mycobot_ros2/mycobot_320) by extensions ['colcon_meta']
[0.315s] Level 1:colcon.colcon_core.package_identification:_identify(src/mycobot_ros2/mycobot_320) by extension 'colcon_meta'
[0.315s] Level 1:colcon.colcon_core.package_identification:_identify(src/mycobot_ros2/mycobot_320) by extensions ['ros']
[0.315s] Level 1:colcon.colcon_core.package_identification:_identify(src/mycobot_ros2/mycobot_320) by extension 'ros'
[0.315s] Level 1:colcon.colcon_core.package_identification:_identify(src/mycobot_ros2/mycobot_320) by extensions ['cmake', 'python']
[0.315s] Level 1:colcon.colcon_core.package_identification:_identify(src/mycobot_ros2/mycobot_320) by extension 'cmake'
[0.315s] Level 1:colcon.colcon_core.package_identification:_identify(src/mycobot_ros2/mycobot_320) by extension 'python'
[0.315s] Level 1:colcon.colcon_core.package_identification:_identify(src/mycobot_ros2/mycobot_320) by extensions ['python_setup_py']
[0.315s] Level 1:colcon.colcon_core.package_identification:_identify(src/mycobot_ros2/mycobot_320) by extension 'python_setup_py'
[0.315s] Level 1:colcon.colcon_core.package_identification:_identify(src/mycobot_ros2/mycobot_320/mycobot_320) by extensions ['ignore', 'ignore_ament_install']
[0.315s] Level 1:colcon.colcon_core.package_identification:_identify(src/mycobot_ros2/mycobot_320/mycobot_320) by extension 'ignore'
[0.315s] Level 1:colcon.colcon_core.package_identification:_identify(src/mycobot_ros2/mycobot_320/mycobot_320) by extension 'ignore_ament_install'
[0.315s] Level 1:colcon.colcon_core.package_identification:_identify(src/mycobot_ros2/mycobot_320/mycobot_320) by extensions ['colcon_pkg']
[0.315s] Level 1:colcon.colcon_core.package_identification:_identify(src/mycobot_ros2/mycobot_320/mycobot_320) by extension 'colcon_pkg'
[0.315s] Level 1:colcon.colcon_core.package_identification:_identify(src/mycobot_ros2/mycobot_320/mycobot_320) by extensions ['colcon_meta']
[0.315s] Level 1:colcon.colcon_core.package_identification:_identify(src/mycobot_ros2/mycobot_320/mycobot_320) by extension 'colcon_meta'
[0.315s] Level 1:colcon.colcon_core.package_identification:_identify(src/mycobot_ros2/mycobot_320/mycobot_320) by extensions ['ros']
[0.315s] Level 1:colcon.colcon_core.package_identification:_identify(src/mycobot_ros2/mycobot_320/mycobot_320) by extension 'ros'
[0.316s] DEBUG:colcon.colcon_core.package_identification:Package 'src/mycobot_ros2/mycobot_320/mycobot_320' with type 'ros.ament_python' and name 'mycobot_320'
[0.316s] Level 1:colcon.colcon_core.package_identification:_identify(src/mycobot_ros2/mycobot_320/mycobot_320_riscv) by extensions ['ignore', 'ignore_ament_install']
[0.317s] Level 1:colcon.colcon_core.package_identification:_identify(src/mycobot_ros2/mycobot_320/mycobot_320_riscv) by extension 'ignore'
[0.317s] Level 1:colcon.colcon_core.package_identification:_identify(src/mycobot_ros2/mycobot_320/mycobot_320_riscv) by extension 'ignore_ament_install'
[0.317s] Level 1:colcon.colcon_core.package_identification:_identify(src/mycobot_ros2/mycobot_320/mycobot_320_riscv) by extensions ['colcon_pkg']
[0.317s] Level 1:colcon.colcon_core.package_identification:_identify(src/mycobot_ros2/mycobot_320/mycobot_320_riscv) by extension 'colcon_pkg'
[0.317s] Level 1:colcon.colcon_core.package_identification:_identify(src/mycobot_ros2/mycobot_320/mycobot_320_riscv) by extensions ['colcon_meta']
[0.317s] Level 1:colcon.colcon_core.package_identification:_identify(src/mycobot_ros2/mycobot_320/mycobot_320_riscv) by extension 'colcon_meta'
[0.317s] Level 1:colcon.colcon_core.package_identification:_identify(src/mycobot_ros2/mycobot_320/mycobot_320_riscv) by extensions ['ros']
[0.317s] Level 1:colcon.colcon_core.package_identification:_identify(src/mycobot_ros2/mycobot_320/mycobot_320_riscv) by extension 'ros'
[0.318s] DEBUG:colcon.colcon_core.package_identification:Package 'src/mycobot_ros2/mycobot_320/mycobot_320_riscv' with type 'ros.ament_python' and name 'mycobot_320_riscv'
[0.318s] Level 1:colcon.colcon_core.package_identification:_identify(src/mycobot_ros2/mycobot_320/mycobot_320pi) by extensions ['ignore', 'ignore_ament_install']
[0.318s] Level 1:colcon.colcon_core.package_identification:_identify(src/mycobot_ros2/mycobot_320/mycobot_320pi) by extension 'ignore'
[0.318s] Level 1:colcon.colcon_core.package_identification:_identify(src/mycobot_ros2/mycobot_320/mycobot_320pi) by extension 'ignore_ament_install'
[0.318s] Level 1:colcon.colcon_core.package_identification:_identify(src/mycobot_ros2/mycobot_320/mycobot_320pi) by extensions ['colcon_pkg']
[0.318s] Level 1:colcon.colcon_core.package_identification:_identify(src/mycobot_ros2/mycobot_320/mycobot_320pi) by extension 'colcon_pkg'
[0.318s] Level 1:colcon.colcon_core.package_identification:_identify(src/mycobot_ros2/mycobot_320/mycobot_320pi) by extensions ['colcon_meta']
[0.318s] Level 1:colcon.colcon_core.package_identification:_identify(src/mycobot_ros2/mycobot_320/mycobot_320pi) by extension 'colcon_meta'
[0.318s] Level 1:colcon.colcon_core.package_identification:_identify(src/mycobot_ros2/mycobot_320/mycobot_320pi) by extensions ['ros']
[0.318s] Level 1:colcon.colcon_core.package_identification:_identify(src/mycobot_ros2/mycobot_320/mycobot_320pi) by extension 'ros'
[0.318s] DEBUG:colcon.colcon_core.package_identification:Package 'src/mycobot_ros2/mycobot_320/mycobot_320pi' with type 'ros.ament_python' and name 'mycobot_320pi'
[0.319s] Level 1:colcon.colcon_core.package_identification:_identify(src/mycobot_ros2/mycobot_communication) by extensions ['ignore', 'ignore_ament_install']
[0.319s] Level 1:colcon.colcon_core.package_identification:_identify(src/mycobot_ros2/mycobot_communication) by extension 'ignore'
[0.319s] Level 1:colcon.colcon_core.package_identification:_identify(src/mycobot_ros2/mycobot_communication) by extension 'ignore_ament_install'
[0.319s] Level 1:colcon.colcon_core.package_identification:_identify(src/mycobot_ros2/mycobot_communication) by extensions ['colcon_pkg']
[0.319s] Level 1:colcon.colcon_core.package_identification:_identify(src/mycobot_ros2/mycobot_communication) by extension 'colcon_pkg'
[0.319s] Level 1:colcon.colcon_core.package_identification:_identify(src/mycobot_ros2/mycobot_communication) by extensions ['colcon_meta']
[0.319s] Level 1:colcon.colcon_core.package_identification:_identify(src/mycobot_ros2/mycobot_communication) by extension 'colcon_meta'
[0.319s] Level 1:colcon.colcon_core.package_identification:_identify(src/mycobot_ros2/mycobot_communication) by extensions ['ros']
[0.319s] Level 1:colcon.colcon_core.package_identification:_identify(src/mycobot_ros2/mycobot_communication) by extension 'ros'
[0.319s] DEBUG:colcon.colcon_core.package_identification:Package 'src/mycobot_ros2/mycobot_communication' with type 'ros.ament_python' and name 'mycobot_communication'
[0.319s] Level 1:colcon.colcon_core.package_identification:_identify(src/mycobot_ros2/mycobot_description) by extensions ['ignore', 'ignore_ament_install']
[0.319s] Level 1:colcon.colcon_core.package_identification:_identify(src/mycobot_ros2/mycobot_description) by extension 'ignore'
[0.320s] Level 1:colcon.colcon_core.package_identification:_identify(src/mycobot_ros2/mycobot_description) by extension 'ignore_ament_install'
[0.320s] Level 1:colcon.colcon_core.package_identification:_identify(src/mycobot_ros2/mycobot_description) by extensions ['colcon_pkg']
[0.320s] Level 1:colcon.colcon_core.package_identification:_identify(src/mycobot_ros2/mycobot_description) by extension 'colcon_pkg'
[0.320s] Level 1:colcon.colcon_core.package_identification:_identify(src/mycobot_ros2/mycobot_description) by extensions ['colcon_meta']
[0.320s] Level 1:colcon.colcon_core.package_identification:_identify(src/mycobot_ros2/mycobot_description) by extension 'colcon_meta'
[0.320s] Level 1:colcon.colcon_core.package_identification:_identify(src/mycobot_ros2/mycobot_description) by extensions ['ros']
[0.320s] Level 1:colcon.colcon_core.package_identification:_identify(src/mycobot_ros2/mycobot_description) by extension 'ros'
[0.320s] DEBUG:colcon.colcon_core.package_identification:Package 'src/mycobot_ros2/mycobot_description' with type 'ros.ament_python' and name 'mycobot_description'
[0.320s] Level 1:colcon.colcon_core.package_identification:_identify(src/mycobot_ros2/mycobot_pro) by extensions ['ignore', 'ignore_ament_install']
[0.320s] Level 1:colcon.colcon_core.package_identification:_identify(src/mycobot_ros2/mycobot_pro) by extension 'ignore'
[0.320s] Level 1:colcon.colcon_core.package_identification:_identify(src/mycobot_ros2/mycobot_pro) by extension 'ignore_ament_install'
[0.321s] Level 1:colcon.colcon_core.package_identification:_identify(src/mycobot_ros2/mycobot_pro) by extensions ['colcon_pkg']
[0.321s] Level 1:colcon.colcon_core.package_identification:_identify(src/mycobot_ros2/mycobot_pro) by extension 'colcon_pkg'
[0.321s] Level 1:colcon.colcon_core.package_identification:_identify(src/mycobot_ros2/mycobot_pro) by extensions ['colcon_meta']
[0.321s] Level 1:colcon.colcon_core.package_identification:_identify(src/mycobot_ros2/mycobot_pro) by extension 'colcon_meta'
[0.321s] Level 1:colcon.colcon_core.package_identification:_identify(src/mycobot_ros2/mycobot_pro) by extensions ['ros']
[0.321s] Level 1:colcon.colcon_core.package_identification:_identify(src/mycobot_ros2/mycobot_pro) by extension 'ros'
[0.321s] Level 1:colcon.colcon_core.package_identification:_identify(src/mycobot_ros2/mycobot_pro) by extensions ['cmake', 'python']
[0.321s] Level 1:colcon.colcon_core.package_identification:_identify(src/mycobot_ros2/mycobot_pro) by extension 'cmake'
[0.321s] Level 1:colcon.colcon_core.package_identification:_identify(src/mycobot_ros2/mycobot_pro) by extension 'python'
[0.321s] Level 1:colcon.colcon_core.package_identification:_identify(src/mycobot_ros2/mycobot_pro) by extensions ['python_setup_py']
[0.321s] Level 1:colcon.colcon_core.package_identification:_identify(src/mycobot_ros2/mycobot_pro) by extension 'python_setup_py'
[0.321s] Level 1:colcon.colcon_core.package_identification:_identify(src/mycobot_ros2/mycobot_pro/mycobot_600) by extensions ['ignore', 'ignore_ament_install']
[0.321s] Level 1:colcon.colcon_core.package_identification:_identify(src/mycobot_ros2/mycobot_pro/mycobot_600) by extension 'ignore'
[0.321s] Level 1:colcon.colcon_core.package_identification:_identify(src/mycobot_ros2/mycobot_pro/mycobot_600) by extension 'ignore_ament_install'
[0.321s] Level 1:colcon.colcon_core.package_identification:_identify(src/mycobot_ros2/mycobot_pro/mycobot_600) by extensions ['colcon_pkg']
[0.321s] Level 1:colcon.colcon_core.package_identification:_identify(src/mycobot_ros2/mycobot_pro/mycobot_600) by extension 'colcon_pkg'
[0.321s] Level 1:colcon.colcon_core.package_identification:_identify(src/mycobot_ros2/mycobot_pro/mycobot_600) by extensions ['colcon_meta']
[0.321s] Level 1:colcon.colcon_core.package_identification:_identify(src/mycobot_ros2/mycobot_pro/mycobot_600) by extension 'colcon_meta'
[0.321s] Level 1:colcon.colcon_core.package_identification:_identify(src/mycobot_ros2/mycobot_pro/mycobot_600) by extensions ['ros']
[0.321s] Level 1:colcon.colcon_core.package_identification:_identify(src/mycobot_ros2/mycobot_pro/mycobot_600) by extension 'ros'
[0.322s] DEBUG:colcon.colcon_core.package_identification:Package 'src/mycobot_ros2/mycobot_pro/mycobot_600' with type 'ros.ament_python' and name 'mycobot_600'
[0.322s] Level 1:colcon.colcon_core.package_identification:_identify(src/mycobot_ros2/mycobot_pro/mycobot_630) by extensions ['ignore', 'ignore_ament_install']
[0.322s] Level 1:colcon.colcon_core.package_identification:_identify(src/mycobot_ros2/mycobot_pro/mycobot_630) by extension 'ignore'
[0.322s] Level 1:colcon.colcon_core.package_identification:_identify(src/mycobot_ros2/mycobot_pro/mycobot_630) by extension 'ignore_ament_install'
[0.323s] Level 1:colcon.colcon_core.package_identification:_identify(src/mycobot_ros2/mycobot_pro/mycobot_630) by extensions ['colcon_pkg']
[0.323s] Level 1:colcon.colcon_core.package_identification:_identify(src/mycobot_ros2/mycobot_pro/mycobot_630) by extension 'colcon_pkg'
[0.323s] Level 1:colcon.colcon_core.package_identification:_identify(src/mycobot_ros2/mycobot_pro/mycobot_630) by extensions ['colcon_meta']
[0.323s] Level 1:colcon.colcon_core.package_identification:_identify(src/mycobot_ros2/mycobot_pro/mycobot_630) by extension 'colcon_meta'
[0.323s] Level 1:colcon.colcon_core.package_identification:_identify(src/mycobot_ros2/mycobot_pro/mycobot_630) by extensions ['ros']
[0.323s] Level 1:colcon.colcon_core.package_identification:_identify(src/mycobot_ros2/mycobot_pro/mycobot_630) by extension 'ros'
[0.324s] DEBUG:colcon.colcon_core.package_identification:Package 'src/mycobot_ros2/mycobot_pro/mycobot_630' with type 'ros.ament_python' and name 'mycobot_630'
[0.324s] Level 1:colcon.colcon_core.package_identification:_identify(src/mycobot_ros2/mycobot_pro/mycobot_pro450_interfaces) by extensions ['ignore', 'ignore_ament_install']
[0.326s] Level 1:colcon.colcon_core.package_identification:_identify(src/mycobot_ros2/mycobot_pro/mycobot_pro450_interfaces) by extension 'ignore'
[0.326s] Level 1:colcon.colcon_core.package_identification:_identify(src/mycobot_ros2/mycobot_pro/mycobot_pro450_interfaces) by extension 'ignore_ament_install'
[0.326s] Level 1:colcon.colcon_core.package_identification:_identify(src/mycobot_ros2/mycobot_pro/mycobot_pro450_interfaces) by extensions ['colcon_pkg']
[0.326s] Level 1:colcon.colcon_core.package_identification:_identify(src/mycobot_ros2/mycobot_pro/mycobot_pro450_interfaces) by extension 'colcon_pkg'
[0.326s] Level 1:colcon.colcon_core.package_identification:_identify(src/mycobot_ros2/mycobot_pro/mycobot_pro450_interfaces) by extensions ['colcon_meta']
[0.326s] Level 1:colcon.colcon_core.package_identification:_identify(src/mycobot_ros2/mycobot_pro/mycobot_pro450_interfaces) by extension 'colcon_meta'
[0.326s] Level 1:colcon.colcon_core.package_identification:_identify(src/mycobot_ros2/mycobot_pro/mycobot_pro450_interfaces) by extensions ['ros']
[0.326s] Level 1:colcon.colcon_core.package_identification:_identify(src/mycobot_ros2/mycobot_pro/mycobot_pro450_interfaces) by extension 'ros'
[0.327s] DEBUG:colcon.colcon_core.package_identification:Package 'src/mycobot_ros2/mycobot_pro/mycobot_pro450_interfaces' with type 'ros.ament_cmake' and name 'mycobot_pro450_interfaces'
[0.327s] Level 1:colcon.colcon_core.package_identification:_identify(src/mycobot_ros2/mycobot_pro/mycobot_pro_450) by extensions ['ignore', 'ignore_ament_install']
[0.327s] Level 1:colcon.colcon_core.package_identification:_identify(src/mycobot_ros2/mycobot_pro/mycobot_pro_450) by extension 'ignore'
[0.327s] Level 1:colcon.colcon_core.package_identification:_identify(src/mycobot_ros2/mycobot_pro/mycobot_pro_450) by extension 'ignore_ament_install'
[0.327s] Level 1:colcon.colcon_core.package_identification:_identify(src/mycobot_ros2/mycobot_pro/mycobot_pro_450) by extensions ['colcon_pkg']
[0.327s] Level 1:colcon.colcon_core.package_identification:_identify(src/mycobot_ros2/mycobot_pro/mycobot_pro_450) by extension 'colcon_pkg'
[0.327s] Level 1:colcon.colcon_core.package_identification:_identify(src/mycobot_ros2/mycobot_pro/mycobot_pro_450) by extensions ['colcon_meta']
[0.327s] Level 1:colcon.colcon_core.package_identification:_identify(src/mycobot_ros2/mycobot_pro/mycobot_pro_450) by extension 'colcon_meta'
[0.327s] Level 1:colcon.colcon_core.package_identification:_identify(src/mycobot_ros2/mycobot_pro/mycobot_pro_450) by extensions ['ros']
[0.327s] Level 1:colcon.colcon_core.package_identification:_identify(src/mycobot_ros2/mycobot_pro/mycobot_pro_450) by extension 'ros'
[0.328s] DEBUG:colcon.colcon_core.package_identification:Package 'src/mycobot_ros2/mycobot_pro/mycobot_pro_450' with type 'ros.ament_python' and name 'mycobot_pro_450'
[0.328s] Level 1:colcon.colcon_core.package_identification:_identify(src/mycobot_ros2/mycobot_pro/pro450_moveit2) by extensions ['ignore', 'ignore_ament_install']
[0.328s] Level 1:colcon.colcon_core.package_identification:_identify(src/mycobot_ros2/mycobot_pro/pro450_moveit2) by extension 'ignore'
[0.328s] Level 1:colcon.colcon_core.package_identification:_identify(src/mycobot_ros2/mycobot_pro/pro450_moveit2) by extension 'ignore_ament_install'
[0.328s] Level 1:colcon.colcon_core.package_identification:_identify(src/mycobot_ros2/mycobot_pro/pro450_moveit2) by extensions ['colcon_pkg']
[0.328s] Level 1:colcon.colcon_core.package_identification:_identify(src/mycobot_ros2/mycobot_pro/pro450_moveit2) by extension 'colcon_pkg'
[0.328s] Level 1:colcon.colcon_core.package_identification:_identify(src/mycobot_ros2/mycobot_pro/pro450_moveit2) by extensions ['colcon_meta']
[0.328s] Level 1:colcon.colcon_core.package_identification:_identify(src/mycobot_ros2/mycobot_pro/pro450_moveit2) by extension 'colcon_meta'
[0.328s] Level 1:colcon.colcon_core.package_identification:_identify(src/mycobot_ros2/mycobot_pro/pro450_moveit2) by extensions ['ros']
[0.328s] Level 1:colcon.colcon_core.package_identification:_identify(src/mycobot_ros2/mycobot_pro/pro450_moveit2) by extension 'ros'
[0.328s] DEBUG:colcon.colcon_core.package_identification:Package 'src/mycobot_ros2/mycobot_pro/pro450_moveit2' with type 'ros.ament_cmake' and name 'pro450_moveit2'
[0.329s] Level 1:colcon.colcon_core.package_identification:_identify(src/mycobot_ros2/mycobot_pro/pro450_moveit2_control) by extensions ['ignore', 'ignore_ament_install']
[0.329s] Level 1:colcon.colcon_core.package_identification:_identify(src/mycobot_ros2/mycobot_pro/pro450_moveit2_control) by extension 'ignore'
[0.329s] Level 1:colcon.colcon_core.package_identification:_identify(src/mycobot_ros2/mycobot_pro/pro450_moveit2_control) by extension 'ignore_ament_install'
[0.329s] Level 1:colcon.colcon_core.package_identification:_identify(src/mycobot_ros2/mycobot_pro/pro450_moveit2_control) by extensions ['colcon_pkg']
[0.329s] Level 1:colcon.colcon_core.package_identification:_identify(src/mycobot_ros2/mycobot_pro/pro450_moveit2_control) by extension 'colcon_pkg'
[0.329s] Level 1:colcon.colcon_core.package_identification:_identify(src/mycobot_ros2/mycobot_pro/pro450_moveit2_control) by extensions ['colcon_meta']
[0.329s] Level 1:colcon.colcon_core.package_identification:_identify(src/mycobot_ros2/mycobot_pro/pro450_moveit2_control) by extension 'colcon_meta'
[0.329s] Level 1:colcon.colcon_core.package_identification:_identify(src/mycobot_ros2/mycobot_pro/pro450_moveit2_control) by extensions ['ros']
[0.329s] Level 1:colcon.colcon_core.package_identification:_identify(src/mycobot_ros2/mycobot_pro/pro450_moveit2_control) by extension 'ros'
[0.330s] DEBUG:colcon.colcon_core.package_identification:Package 'src/mycobot_ros2/mycobot_pro/pro450_moveit2_control' with type 'ros.ament_python' and name 'pro450_moveit2_control'
[0.330s] Level 1:colcon.colcon_core.package_identification:_identify(src/mycobot_ros2/mypalletizer_260) by extensions ['ignore', 'ignore_ament_install']
[0.330s] Level 1:colcon.colcon_core.package_identification:_identify(src/mycobot_ros2/mypalletizer_260) by extension 'ignore'
[0.330s] Level 1:colcon.colcon_core.package_identification:_identify(src/mycobot_ros2/mypalletizer_260) by extension 'ignore_ament_install'
[0.330s] Level 1:colcon.colcon_core.package_identification:_identify(src/mycobot_ros2/mypalletizer_260) by extensions ['colcon_pkg']
[0.330s] Level 1:colcon.colcon_core.package_identification:_identify(src/mycobot_ros2/mypalletizer_260) by extension 'colcon_pkg'
[0.330s] Level 1:colcon.colcon_core.package_identification:_identify(src/mycobot_ros2/mypalletizer_260) by extensions ['colcon_meta']
[0.330s] Level 1:colcon.colcon_core.package_identification:_identify(src/mycobot_ros2/mypalletizer_260) by extension 'colcon_meta'
[0.330s] Level 1:colcon.colcon_core.package_identification:_identify(src/mycobot_ros2/mypalletizer_260) by extensions ['ros']
[0.330s] Level 1:colcon.colcon_core.package_identification:_identify(src/mycobot_ros2/mypalletizer_260) by extension 'ros'
[0.331s] Level 1:colcon.colcon_core.package_identification:_identify(src/mycobot_ros2/mypalletizer_260) by extensions ['cmake', 'python']
[0.331s] Level 1:colcon.colcon_core.package_identification:_identify(src/mycobot_ros2/mypalletizer_260) by extension 'cmake'
[0.331s] Level 1:colcon.colcon_core.package_identification:_identify(src/mycobot_ros2/mypalletizer_260) by extension 'python'
[0.331s] Level 1:colcon.colcon_core.package_identification:_identify(src/mycobot_ros2/mypalletizer_260) by extensions ['python_setup_py']
[0.331s] Level 1:colcon.colcon_core.package_identification:_identify(src/mycobot_ros2/mypalletizer_260) by extension 'python_setup_py'
[0.331s] Level 1:colcon.colcon_core.package_identification:_identify(src/mycobot_ros2/mypalletizer_260/mypalletizer_260) by extensions ['ignore', 'ignore_ament_install']
[0.331s] Level 1:colcon.colcon_core.package_identification:_identify(src/mycobot_ros2/mypalletizer_260/mypalletizer_260) by extension 'ignore'
[0.331s] Level 1:colcon.colcon_core.package_identification:_identify(src/mycobot_ros2/mypalletizer_260/mypalletizer_260) by extension 'ignore_ament_install'
[0.331s] Level 1:colcon.colcon_core.package_identification:_identify(src/mycobot_ros2/mypalletizer_260/mypalletizer_260) by extensions ['colcon_pkg']
[0.331s] Level 1:colcon.colcon_core.package_identification:_identify(src/mycobot_ros2/mypalletizer_260/mypalletizer_260) by extension 'colcon_pkg'
[0.331s] Level 1:colcon.colcon_core.package_identification:_identify(src/mycobot_ros2/mypalletizer_260/mypalletizer_260) by extensions ['colcon_meta']
[0.331s] Level 1:colcon.colcon_core.package_identification:_identify(src/mycobot_ros2/mypalletizer_260/mypalletizer_260) by extension 'colcon_meta'
[0.331s] Level 1:colcon.colcon_core.package_identification:_identify(src/mycobot_ros2/mypalletizer_260/mypalletizer_260) by extensions ['ros']
[0.331s] Level 1:colcon.colcon_core.package_identification:_identify(src/mycobot_ros2/mypalletizer_260/mypalletizer_260) by extension 'ros'
[0.332s] DEBUG:colcon.colcon_core.package_identification:Package 'src/mycobot_ros2/mypalletizer_260/mypalletizer_260' with type 'ros.ament_python' and name 'mypalletizer_260'
[0.332s] Level 1:colcon.colcon_core.package_identification:_identify(src/mycobot_ros2/mypalletizer_260/mypalletizer_260_pi) by extensions ['ignore', 'ignore_ament_install']
[0.333s] Level 1:colcon.colcon_core.package_identification:_identify(src/mycobot_ros2/mypalletizer_260/mypalletizer_260_pi) by extension 'ignore'
[0.333s] Level 1:colcon.colcon_core.package_identification:_identify(src/mycobot_ros2/mypalletizer_260/mypalletizer_260_pi) by extension 'ignore_ament_install'
[0.333s] Level 1:colcon.colcon_core.package_identification:_identify(src/mycobot_ros2/mypalletizer_260/mypalletizer_260_pi) by extensions ['colcon_pkg']
[0.333s] Level 1:colcon.colcon_core.package_identification:_identify(src/mycobot_ros2/mypalletizer_260/mypalletizer_260_pi) by extension 'colcon_pkg'
[0.333s] Level 1:colcon.colcon_core.package_identification:_identify(src/mycobot_ros2/mypalletizer_260/mypalletizer_260_pi) by extensions ['colcon_meta']
[0.333s] Level 1:colcon.colcon_core.package_identification:_identify(src/mycobot_ros2/mypalletizer_260/mypalletizer_260_pi) by extension 'colcon_meta'
[0.333s] Level 1:colcon.colcon_core.package_identification:_identify(src/mycobot_ros2/mypalletizer_260/mypalletizer_260_pi) by extensions ['ros']
[0.333s] Level 1:colcon.colcon_core.package_identification:_identify(src/mycobot_ros2/mypalletizer_260/mypalletizer_260_pi) by extension 'ros'
[0.334s] DEBUG:colcon.colcon_core.package_identification:Package 'src/mycobot_ros2/mypalletizer_260/mypalletizer_260_pi' with type 'ros.ament_python' and name 'mypalletizer_260_pi'
[0.334s] Level 1:colcon.colcon_core.package_identification:_identify(src/mycobot_ros2/mypalletizer_260/mypalletizer_communication) by extensions ['ignore', 'ignore_ament_install']
[0.334s] Level 1:colcon.colcon_core.package_identification:_identify(src/mycobot_ros2/mypalletizer_260/mypalletizer_communication) by extension 'ignore'
[0.334s] Level 1:colcon.colcon_core.package_identification:_identify(src/mycobot_ros2/mypalletizer_260/mypalletizer_communication) by extension 'ignore_ament_install'
[0.334s] Level 1:colcon.colcon_core.package_identification:_identify(src/mycobot_ros2/mypalletizer_260/mypalletizer_communication) by extensions ['colcon_pkg']
[0.334s] Level 1:colcon.colcon_core.package_identification:_identify(src/mycobot_ros2/mypalletizer_260/mypalletizer_communication) by extension 'colcon_pkg'
[0.334s] Level 1:colcon.colcon_core.package_identification:_identify(src/mycobot_ros2/mypalletizer_260/mypalletizer_communication) by extensions ['colcon_meta']
[0.334s] Level 1:colcon.colcon_core.package_identification:_identify(src/mycobot_ros2/mypalletizer_260/mypalletizer_communication) by extension 'colcon_meta'
[0.334s] Level 1:colcon.colcon_core.package_identification:_identify(src/mycobot_ros2/mypalletizer_260/mypalletizer_communication) by extensions ['ros']
[0.334s] Level 1:colcon.colcon_core.package_identification:_identify(src/mycobot_ros2/mypalletizer_260/mypalletizer_communication) by extension 'ros'
[0.335s] DEBUG:colcon.colcon_core.package_identification:Package 'src/mycobot_ros2/mypalletizer_260/mypalletizer_communication' with type 'ros.ament_python' and name 'mypalletizer_communication'
[0.335s] Level 1:colcon.colcon_core.package_identification:_identify(src/mycobot_ros2/mypalletizer_260/mypalletizer_interfaces) by extensions ['ignore', 'ignore_ament_install']
[0.335s] Level 1:colcon.colcon_core.package_identification:_identify(src/mycobot_ros2/mypalletizer_260/mypalletizer_interfaces) by extension 'ignore'
[0.335s] Level 1:colcon.colcon_core.package_identification:_identify(src/mycobot_ros2/mypalletizer_260/mypalletizer_interfaces) by extension 'ignore_ament_install'
[0.335s] Level 1:colcon.colcon_core.package_identification:_identify(src/mycobot_ros2/mypalletizer_260/mypalletizer_interfaces) by extensions ['colcon_pkg']
[0.335s] Level 1:colcon.colcon_core.package_identification:_identify(src/mycobot_ros2/mypalletizer_260/mypalletizer_interfaces) by extension 'colcon_pkg'
[0.335s] Level 1:colcon.colcon_core.package_identification:_identify(src/mycobot_ros2/mypalletizer_260/mypalletizer_interfaces) by extensions ['colcon_meta']
[0.335s] Level 1:colcon.colcon_core.package_identification:_identify(src/mycobot_ros2/mypalletizer_260/mypalletizer_interfaces) by extension 'colcon_meta'
[0.335s] Level 1:colcon.colcon_core.package_identification:_identify(src/mycobot_ros2/mypalletizer_260/mypalletizer_interfaces) by extensions ['ros']
[0.335s] Level 1:colcon.colcon_core.package_identification:_identify(src/mycobot_ros2/mypalletizer_260/mypalletizer_interfaces) by extension 'ros'
[0.336s] DEBUG:colcon.colcon_core.package_identification:Package 'src/mycobot_ros2/mypalletizer_260/mypalletizer_interfaces' with type 'ros.ament_cmake' and name 'mypalletizer_interfaces'
[0.336s] Level 1:colcon.colcon_core.package_identification:_identify(src/mycobot_ros2/ultraArm) by extensions ['ignore', 'ignore_ament_install']
[0.336s] Level 1:colcon.colcon_core.package_identification:_identify(src/mycobot_ros2/ultraArm) by extension 'ignore'
[0.336s] Level 1:colcon.colcon_core.package_identification:_identify(src/mycobot_ros2/ultraArm) by extension 'ignore_ament_install'
[0.336s] Level 1:colcon.colcon_core.package_identification:_identify(src/mycobot_ros2/ultraArm) by extensions ['colcon_pkg']
[0.336s] Level 1:colcon.colcon_core.package_identification:_identify(src/mycobot_ros2/ultraArm) by extension 'colcon_pkg'
[0.336s] Level 1:colcon.colcon_core.package_identification:_identify(src/mycobot_ros2/ultraArm) by extensions ['colcon_meta']
[0.336s] Level 1:colcon.colcon_core.package_identification:_identify(src/mycobot_ros2/ultraArm) by extension 'colcon_meta'
[0.336s] Level 1:colcon.colcon_core.package_identification:_identify(src/mycobot_ros2/ultraArm) by extensions ['ros']
[0.336s] Level 1:colcon.colcon_core.package_identification:_identify(src/mycobot_ros2/ultraArm) by extension 'ros'
[0.336s] Level 1:colcon.colcon_core.package_identification:_identify(src/mycobot_ros2/ultraArm) by extensions ['cmake', 'python']
[0.336s] Level 1:colcon.colcon_core.package_identification:_identify(src/mycobot_ros2/ultraArm) by extension 'cmake'
[0.336s] Level 1:colcon.colcon_core.package_identification:_identify(src/mycobot_ros2/ultraArm) by extension 'python'
[0.336s] Level 1:colcon.colcon_core.package_identification:_identify(src/mycobot_ros2/ultraArm) by extensions ['python_setup_py']
[0.336s] Level 1:colcon.colcon_core.package_identification:_identify(src/mycobot_ros2/ultraArm) by extension 'python_setup_py'
[0.336s] Level 1:colcon.colcon_core.package_identification:_identify(src/mycobot_ros2/ultraArm/ultraArm_Testtool) by extensions ['ignore', 'ignore_ament_install']
[0.336s] Level 1:colcon.colcon_core.package_identification:_identify(src/mycobot_ros2/ultraArm/ultraArm_Testtool) by extension 'ignore'
[0.337s] Level 1:colcon.colcon_core.package_identification:_identify(src/mycobot_ros2/ultraArm/ultraArm_Testtool) by extension 'ignore_ament_install'
[0.337s] Level 1:colcon.colcon_core.package_identification:_identify(src/mycobot_ros2/ultraArm/ultraArm_Testtool) by extensions ['colcon_pkg']
[0.337s] Level 1:colcon.colcon_core.package_identification:_identify(src/mycobot_ros2/ultraArm/ultraArm_Testtool) by extension 'colcon_pkg'
[0.337s] Level 1:colcon.colcon_core.package_identification:_identify(src/mycobot_ros2/ultraArm/ultraArm_Testtool) by extensions ['colcon_meta']
[0.337s] Level 1:colcon.colcon_core.package_identification:_identify(src/mycobot_ros2/ultraArm/ultraArm_Testtool) by extension 'colcon_meta'
[0.337s] Level 1:colcon.colcon_core.package_identification:_identify(src/mycobot_ros2/ultraArm/ultraArm_Testtool) by extensions ['ros']
[0.337s] Level 1:colcon.colcon_core.package_identification:_identify(src/mycobot_ros2/ultraArm/ultraArm_Testtool) by extension 'ros'
[0.337s] Level 1:colcon.colcon_core.package_identification:_identify(src/mycobot_ros2/ultraArm/ultraArm_Testtool) by extensions ['cmake', 'python']
[0.337s] Level 1:colcon.colcon_core.package_identification:_identify(src/mycobot_ros2/ultraArm/ultraArm_Testtool) by extension 'cmake'
[0.337s] Level 1:colcon.colcon_core.package_identification:_identify(src/mycobot_ros2/ultraArm/ultraArm_Testtool) by extension 'python'
[0.337s] Level 1:colcon.colcon_core.package_identification:_identify(src/mycobot_ros2/ultraArm/ultraArm_Testtool) by extensions ['python_setup_py']
[0.337s] Level 1:colcon.colcon_core.package_identification:_identify(src/mycobot_ros2/ultraArm/ultraArm_Testtool) by extension 'python_setup_py'
[0.337s] Level 1:colcon.colcon_core.package_identification:_identify(src/mycobot_ros2/ultraArm/ultraArm_Testtool/__pycache__) by extensions ['ignore', 'ignore_ament_install']
[0.337s] Level 1:colcon.colcon_core.package_identification:_identify(src/mycobot_ros2/ultraArm/ultraArm_Testtool/__pycache__) by extension 'ignore'
[0.337s] Level 1:colcon.colcon_core.package_identification:_identify(src/mycobot_ros2/ultraArm/ultraArm_Testtool/__pycache__) by extension 'ignore_ament_install'
[0.337s] Level 1:colcon.colcon_core.package_identification:_identify(src/mycobot_ros2/ultraArm/ultraArm_Testtool/__pycache__) by extensions ['colcon_pkg']
[0.337s] Level 1:colcon.colcon_core.package_identification:_identify(src/mycobot_ros2/ultraArm/ultraArm_Testtool/__pycache__) by extension 'colcon_pkg'
[0.337s] Level 1:colcon.colcon_core.package_identification:_identify(src/mycobot_ros2/ultraArm/ultraArm_Testtool/__pycache__) by extensions ['colcon_meta']
[0.337s] Level 1:colcon.colcon_core.package_identification:_identify(src/mycobot_ros2/ultraArm/ultraArm_Testtool/__pycache__) by extension 'colcon_meta'
[0.337s] Level 1:colcon.colcon_core.package_identification:_identify(src/mycobot_ros2/ultraArm/ultraArm_Testtool/__pycache__) by extensions ['ros']
[0.337s] Level 1:colcon.colcon_core.package_identification:_identify(src/mycobot_ros2/ultraArm/ultraArm_Testtool/__pycache__) by extension 'ros'
[0.338s] Level 1:colcon.colcon_core.package_identification:_identify(src/mycobot_ros2/ultraArm/ultraArm_Testtool/__pycache__) by extensions ['cmake', 'python']
[0.338s] Level 1:colcon.colcon_core.package_identification:_identify(src/mycobot_ros2/ultraArm/ultraArm_Testtool/__pycache__) by extension 'cmake'
[0.338s] Level 1:colcon.colcon_core.package_identification:_identify(src/mycobot_ros2/ultraArm/ultraArm_Testtool/__pycache__) by extension 'python'
[0.338s] Level 1:colcon.colcon_core.package_identification:_identify(src/mycobot_ros2/ultraArm/ultraArm_Testtool/__pycache__) by extensions ['python_setup_py']
[0.338s] Level 1:colcon.colcon_core.package_identification:_identify(src/mycobot_ros2/ultraArm/ultraArm_Testtool/__pycache__) by extension 'python_setup_py'
[0.338s] Level 1:colcon.colcon_core.package_identification:_identify(src/mycobot_ros2/ultraArm/ultraarm) by extensions ['ignore', 'ignore_ament_install']
[0.338s] Level 1:colcon.colcon_core.package_identification:_identify(src/mycobot_ros2/ultraArm/ultraarm) by extension 'ignore'
[0.338s] Level 1:colcon.colcon_core.package_identification:_identify(src/mycobot_ros2/ultraArm/ultraarm) by extension 'ignore_ament_install'
[0.338s] Level 1:colcon.colcon_core.package_identification:_identify(src/mycobot_ros2/ultraArm/ultraarm) by extensions ['colcon_pkg']
[0.338s] Level 1:colcon.colcon_core.package_identification:_identify(src/mycobot_ros2/ultraArm/ultraarm) by extension 'colcon_pkg'
[0.338s] Level 1:colcon.colcon_core.package_identification:_identify(src/mycobot_ros2/ultraArm/ultraarm) by extensions ['colcon_meta']
[0.338s] Level 1:colcon.colcon_core.package_identification:_identify(src/mycobot_ros2/ultraArm/ultraarm) by extension 'colcon_meta'
[0.338s] Level 1:colcon.colcon_core.package_identification:_identify(src/mycobot_ros2/ultraArm/ultraarm) by extensions ['ros']
[0.338s] Level 1:colcon.colcon_core.package_identification:_identify(src/mycobot_ros2/ultraArm/ultraarm) by extension 'ros'
[0.339s] DEBUG:colcon.colcon_core.package_identification:Package 'src/mycobot_ros2/ultraArm/ultraarm' with type 'ros.ament_python' and name 'ultraarm'
[0.339s] Level 1:colcon.colcon_core.package_discovery:discover_packages(recursive) using defaults
[0.339s] Level 1:colcon.colcon_core.package_discovery:discover_packages(ignore) discover
[0.339s] Level 1:colcon.colcon_core.package_discovery:discover_packages(ignore) using defaults
[0.339s] Level 1:colcon.colcon_core.package_discovery:discover_packages(path) discover
[0.339s] Level 1:colcon.colcon_core.package_discovery:discover_packages(path) using defaults
[0.384s] Level 1:colcon.colcon_core.package_discovery:discover_packages(prefix_path) check parameters
[0.384s] Level 1:colcon.colcon_core.package_discovery:discover_packages(prefix_path) discover
[0.390s] DEBUG:colcon.colcon_installed_package_information.package_discovery:Found 38 installed packages in /home/amin/cobot/cobot_ws/install
[0.392s] DEBUG:colcon.colcon_installed_package_information.package_discovery:Found 416 installed packages in /opt/ros/jazzy
[0.393s] Level 1:colcon.colcon_core.package_discovery:discover_packages(prefix_path) using defaults
[0.492s] Level 5:colcon.colcon_core.verb:set package 'mecharm_interfaces' build argument 'cmake_args' from command line to 'None'
[0.492s] Level 5:colcon.colcon_core.verb:set package 'mecharm_interfaces' build argument 'cmake_target' from command line to 'None'
[0.492s] Level 5:colcon.colcon_core.verb:set package 'mecharm_interfaces' build argument 'cmake_target_skip_unavailable' from command line to 'False'
[0.492s] Level 5:colcon.colcon_core.verb:set package 'mecharm_interfaces' build argument 'cmake_clean_cache' from command line to 'False'
[0.492s] Level 5:colcon.colcon_core.verb:set package 'mecharm_interfaces' build argument 'cmake_clean_first' from command line to 'False'
[0.492s] Level 5:colcon.colcon_core.verb:set package 'mecharm_interfaces' build argument 'cmake_force_configure' from command line to 'False'
[0.492s] Level 5:colcon.colcon_core.verb:set package 'mecharm_interfaces' build argument 'ament_cmake_args' from command line to 'None'
[0.492s] Level 5:colcon.colcon_core.verb:set package 'mecharm_interfaces' build argument 'catkin_cmake_args' from command line to 'None'
[0.492s] Level 5:colcon.colcon_core.verb:set package 'mecharm_interfaces' build argument 'catkin_skip_building_tests' from command line to 'False'
[0.492s] DEBUG:colcon.colcon_core.verb:Building package 'mecharm_interfaces' with the following arguments: {'ament_cmake_args': None, 'build_base': '/home/amin/cobot/cobot_ws/build/mecharm_interfaces', 'catkin_cmake_args': None, 'catkin_skip_building_tests': False, 'cmake_args': None, 'cmake_clean_cache': False, 'cmake_clean_first': False, 'cmake_force_configure': False, 'cmake_target': None, 'cmake_target_skip_unavailable': False, 'install_base': '/home/amin/cobot/cobot_ws/install/mecharm_interfaces', 'merge_install': False, 'path': '/home/amin/cobot/cobot_ws/src/mycobot_ros2/mecharm/mecharm_interfaces', 'symlink_install': False, 'test_result_base': None}
[0.493s] Level 5:colcon.colcon_core.verb:set package 'mycobot_description' build argument 'cmake_args' from command line to 'None'
[0.493s] Level 5:colcon.colcon_core.verb:set package 'mycobot_description' build argument 'cmake_target' from command line to 'None'
[0.493s] Level 5:colcon.colcon_core.verb:set package 'mycobot_description' build argument 'cmake_target_skip_unavailable' from command line to 'False'
[0.493s] Level 5:colcon.colcon_core.verb:set package 'mycobot_description' build argument 'cmake_clean_cache' from command line to 'False'
[0.493s] Level 5:colcon.colcon_core.verb:set package 'mycobot_description' build argument 'cmake_clean_first' from command line to 'False'
[0.493s] Level 5:colcon.colcon_core.verb:set package 'mycobot_description' build argument 'cmake_force_configure' from command line to 'False'
[0.493s] Level 5:colcon.colcon_core.verb:set package 'mycobot_description' build argument 'ament_cmake_args' from command line to 'None'
[0.493s] Level 5:colcon.colcon_core.verb:set package 'mycobot_description' build argument 'catkin_cmake_args' from command line to 'None'
[0.493s] Level 5:colcon.colcon_core.verb:set package 'mycobot_description' build argument 'catkin_skip_building_tests' from command line to 'False'
[0.493s] DEBUG:colcon.colcon_core.verb:Building package 'mycobot_description' with the following arguments: {'ament_cmake_args': None, 'build_base': '/home/amin/cobot/cobot_ws/build/mycobot_description', 'catkin_cmake_args': None, 'catkin_skip_building_tests': False, 'cmake_args': None, 'cmake_clean_cache': False, 'cmake_clean_first': False, 'cmake_force_configure': False, 'cmake_target': None, 'cmake_target_skip_unavailable': False, 'install_base': '/home/amin/cobot/cobot_ws/install/mycobot_description', 'merge_install': False, 'path': '/home/amin/cobot/cobot_ws/src/mycobot_ros2/mycobot_description', 'symlink_install': False, 'test_result_base': None}
[0.494s] Level 5:colcon.colcon_core.verb:set package 'mycobot_interfaces' build argument 'cmake_args' from command line to 'None'
[0.494s] Level 5:colcon.colcon_core.verb:set package 'mycobot_interfaces' build argument 'cmake_target' from command line to 'None'
[0.494s] Level 5:colcon.colcon_core.verb:set package 'mycobot_interfaces' build argument 'cmake_target_skip_unavailable' from command line to 'False'
[0.494s] Level 5:colcon.colcon_core.verb:set package 'mycobot_interfaces' build argument 'cmake_clean_cache' from command line to 'False'
[0.494s] Level 5:colcon.colcon_core.verb:set package 'mycobot_interfaces' build argument 'cmake_clean_first' from command line to 'False'
[0.494s] Level 5:colcon.colcon_core.verb:set package 'mycobot_interfaces' build argument 'cmake_force_configure' from command line to 'False'
[0.494s] Level 5:colcon.colcon_core.verb:set package 'mycobot_interfaces' build argument 'ament_cmake_args' from command line to 'None'
[0.494s] Level 5:colcon.colcon_core.verb:set package 'mycobot_interfaces' build argument 'catkin_cmake_args' from command line to 'None'
[0.494s] Level 5:colcon.colcon_core.verb:set package 'mycobot_interfaces' build argument 'catkin_skip_building_tests' from command line to 'False'
[0.494s] DEBUG:colcon.colcon_core.verb:Building package 'mycobot_interfaces' with the following arguments: {'ament_cmake_args': None, 'build_base': '/home/amin/cobot/cobot_ws/build/mycobot_interfaces', 'catkin_cmake_args': None, 'catkin_skip_building_tests': False, 'cmake_args': None, 'cmake_clean_cache': False, 'cmake_clean_first': False, 'cmake_force_configure': False, 'cmake_target': None, 'cmake_target_skip_unavailable': False, 'install_base': '/home/amin/cobot/cobot_ws/install/mycobot_interfaces', 'merge_install': False, 'path': '/home/amin/cobot/cobot_ws/src/mycobot_ros2/mycobot_280/mycobot_interfaces', 'symlink_install': False, 'test_result_base': None}
[0.494s] Level 5:colcon.colcon_core.verb:set package 'mycobot_pro450_interfaces' build argument 'cmake_args' from command line to 'None'
[0.494s] Level 5:colcon.colcon_core.verb:set package 'mycobot_pro450_interfaces' build argument 'cmake_target' from command line to 'None'
[0.494s] Level 5:colcon.colcon_core.verb:set package 'mycobot_pro450_interfaces' build argument 'cmake_target_skip_unavailable' from command line to 'False'
[0.494s] Level 5:colcon.colcon_core.verb:set package 'mycobot_pro450_interfaces' build argument 'cmake_clean_cache' from command line to 'False'
[0.494s] Level 5:colcon.colcon_core.verb:set package 'mycobot_pro450_interfaces' build argument 'cmake_clean_first' from command line to 'False'
[0.494s] Level 5:colcon.colcon_core.verb:set package 'mycobot_pro450_interfaces' build argument 'cmake_force_configure' from command line to 'False'
[0.494s] Level 5:colcon.colcon_core.verb:set package 'mycobot_pro450_interfaces' build argument 'ament_cmake_args' from command line to 'None'
[0.494s] Level 5:colcon.colcon_core.verb:set package 'mycobot_pro450_interfaces' build argument 'catkin_cmake_args' from command line to 'None'
[0.494s] Level 5:colcon.colcon_core.verb:set package 'mycobot_pro450_interfaces' build argument 'catkin_skip_building_tests' from command line to 'False'
[0.494s] DEBUG:colcon.colcon_core.verb:Building package 'mycobot_pro450_interfaces' with the following arguments: {'ament_cmake_args': None, 'build_base': '/home/amin/cobot/cobot_ws/build/mycobot_pro450_interfaces', 'catkin_cmake_args': None, 'catkin_skip_building_tests': False, 'cmake_args': None, 'cmake_clean_cache': False, 'cmake_clean_first': False, 'cmake_force_configure': False, 'cmake_target': None, 'cmake_target_skip_unavailable': False, 'install_base': '/home/amin/cobot/cobot_ws/install/mycobot_pro450_interfaces', 'merge_install': False, 'path': '/home/amin/cobot/cobot_ws/src/mycobot_ros2/mycobot_pro/mycobot_pro450_interfaces', 'symlink_install': False, 'test_result_base': None}
[0.494s] Level 5:colcon.colcon_core.verb:set package 'mypalletizer_interfaces' build argument 'cmake_args' from command line to 'None'
[0.494s] Level 5:colcon.colcon_core.verb:set package 'mypalletizer_interfaces' build argument 'cmake_target' from command line to 'None'
[0.494s] Level 5:colcon.colcon_core.verb:set package 'mypalletizer_interfaces' build argument 'cmake_target_skip_unavailable' from command line to 'False'
[0.494s] Level 5:colcon.colcon_core.verb:set package 'mypalletizer_interfaces' build argument 'cmake_clean_cache' from command line to 'False'
[0.494s] Level 5:colcon.colcon_core.verb:set package 'mypalletizer_interfaces' build argument 'cmake_clean_first' from command line to 'False'
[0.495s] Level 5:colcon.colcon_core.verb:set package 'mypalletizer_interfaces' build argument 'cmake_force_configure' from command line to 'False'
[0.495s] Level 5:colcon.colcon_core.verb:set package 'mypalletizer_interfaces' build argument 'ament_cmake_args' from command line to 'None'
[0.495s] Level 5:colcon.colcon_core.verb:set package 'mypalletizer_interfaces' build argument 'catkin_cmake_args' from command line to 'None'
[0.495s] Level 5:colcon.colcon_core.verb:set package 'mypalletizer_interfaces' build argument 'catkin_skip_building_tests' from command line to 'False'
[0.495s] DEBUG:colcon.colcon_core.verb:Building package 'mypalletizer_interfaces' with the following arguments: {'ament_cmake_args': None, 'build_base': '/home/amin/cobot/cobot_ws/build/mypalletizer_interfaces', 'catkin_cmake_args': None, 'catkin_skip_building_tests': False, 'cmake_args': None, 'cmake_clean_cache': False, 'cmake_clean_first': False, 'cmake_force_configure': False, 'cmake_target': None, 'cmake_target_skip_unavailable': False, 'install_base': '/home/amin/cobot/cobot_ws/install/mypalletizer_interfaces', 'merge_install': False, 'path': '/home/amin/cobot/cobot_ws/src/mycobot_ros2/mypalletizer_260/mypalletizer_interfaces', 'symlink_install': False, 'test_result_base': None}
[0.495s] Level 5:colcon.colcon_core.verb:set package 'mecharm' build argument 'cmake_args' from command line to 'None'
[0.495s] Level 5:colcon.colcon_core.verb:set package 'mecharm' build argument 'cmake_target' from command line to 'None'
[0.495s] Level 5:colcon.colcon_core.verb:set package 'mecharm' build argument 'cmake_target_skip_unavailable' from command line to 'False'
[0.495s] Level 5:colcon.colcon_core.verb:set package 'mecharm' build argument 'cmake_clean_cache' from command line to 'False'
[0.495s] Level 5:colcon.colcon_core.verb:set package 'mecharm' build argument 'cmake_clean_first' from command line to 'False'
[0.495s] Level 5:colcon.colcon_core.verb:set package 'mecharm' build argument 'cmake_force_configure' from command line to 'False'
[0.495s] Level 5:colcon.colcon_core.verb:set package 'mecharm' build argument 'ament_cmake_args' from command line to 'None'
[0.495s] Level 5:colcon.colcon_core.verb:set package 'mecharm' build argument 'catkin_cmake_args' from command line to 'None'
[0.495s] Level 5:colcon.colcon_core.verb:set package 'mecharm' build argument 'catkin_skip_building_tests' from command line to 'False'
[0.495s] DEBUG:colcon.colcon_core.verb:Building package 'mecharm' with the following arguments: {'ament_cmake_args': None, 'build_base': '/home/amin/cobot/cobot_ws/build/mecharm', 'catkin_cmake_args': None, 'catkin_skip_building_tests': False, 'cmake_args': None, 'cmake_clean_cache': False, 'cmake_clean_first': False, 'cmake_force_configure': False, 'cmake_target': None, 'cmake_target_skip_unavailable': False, 'install_base': '/home/amin/cobot/cobot_ws/install/mecharm', 'merge_install': False, 'path': '/home/amin/cobot/cobot_ws/src/mycobot_ros2/mecharm/mecharm', 'symlink_install': False, 'test_result_base': None}
[0.495s] Level 5:colcon.colcon_core.verb:set package 'mecharm_communication' build argument 'cmake_args' from command line to 'None'
[0.495s] Level 5:colcon.colcon_core.verb:set package 'mecharm_communication' build argument 'cmake_target' from command line to 'None'
[0.495s] Level 5:colcon.colcon_core.verb:set package 'mecharm_communication' build argument 'cmake_target_skip_unavailable' from command line to 'False'
[0.495s] Level 5:colcon.colcon_core.verb:set package 'mecharm_communication' build argument 'cmake_clean_cache' from command line to 'False'
[0.495s] Level 5:colcon.colcon_core.verb:set package 'mecharm_communication' build argument 'cmake_clean_first' from command line to 'False'
[0.495s] Level 5:colcon.colcon_core.verb:set package 'mecharm_communication' build argument 'cmake_force_configure' from command line to 'False'
[0.495s] Level 5:colcon.colcon_core.verb:set package 'mecharm_communication' build argument 'ament_cmake_args' from command line to 'None'
[0.495s] Level 5:colcon.colcon_core.verb:set package 'mecharm_communication' build argument 'catkin_cmake_args' from command line to 'None'
[0.495s] Level 5:colcon.colcon_core.verb:set package 'mecharm_communication' build argument 'catkin_skip_building_tests' from command line to 'False'
[0.495s] DEBUG:colcon.colcon_core.verb:Building package 'mecharm_communication' with the following arguments: {'ament_cmake_args': None, 'build_base': '/home/amin/cobot/cobot_ws/build/mecharm_communication', 'catkin_cmake_args': None, 'catkin_skip_building_tests': False, 'cmake_args': None, 'cmake_clean_cache': False, 'cmake_clean_first': False, 'cmake_force_configure': False, 'cmake_target': None, 'cmake_target_skip_unavailable': False, 'install_base': '/home/amin/cobot/cobot_ws/install/mecharm_communication', 'merge_install': False, 'path': '/home/amin/cobot/cobot_ws/src/mycobot_ros2/mecharm/mecharm_communication', 'symlink_install': False, 'test_result_base': None}
[0.496s] Level 5:colcon.colcon_core.verb:set package 'mecharm_pi' build argument 'cmake_args' from command line to 'None'
[0.496s] Level 5:colcon.colcon_core.verb:set package 'mecharm_pi' build argument 'cmake_target' from command line to 'None'
[0.496s] Level 5:colcon.colcon_core.verb:set package 'mecharm_pi' build argument 'cmake_target_skip_unavailable' from command line to 'False'
[0.496s] Level 5:colcon.colcon_core.verb:set package 'mecharm_pi' build argument 'cmake_clean_cache' from command line to 'False'
[0.496s] Level 5:colcon.colcon_core.verb:set package 'mecharm_pi' build argument 'cmake_clean_first' from command line to 'False'
[0.496s] Level 5:colcon.colcon_core.verb:set package 'mecharm_pi' build argument 'cmake_force_configure' from command line to 'False'
[0.496s] Level 5:colcon.colcon_core.verb:set package 'mecharm_pi' build argument 'ament_cmake_args' from command line to 'None'
[0.496s] Level 5:colcon.colcon_core.verb:set package 'mecharm_pi' build argument 'catkin_cmake_args' from command line to 'None'
[0.496s] Level 5:colcon.colcon_core.verb:set package 'mecharm_pi' build argument 'catkin_skip_building_tests' from command line to 'False'
[0.496s] DEBUG:colcon.colcon_core.verb:Building package 'mecharm_pi' with the following arguments: {'ament_cmake_args': None, 'build_base': '/home/amin/cobot/cobot_ws/build/mecharm_pi', 'catkin_cmake_args': None, 'catkin_skip_building_tests': False, 'cmake_args': None, 'cmake_clean_cache': False, 'cmake_clean_first': False, 'cmake_force_configure': False, 'cmake_target': None, 'cmake_target_skip_unavailable': False, 'install_base': '/home/amin/cobot/cobot_ws/install/mecharm_pi', 'merge_install': False, 'path': '/home/amin/cobot/cobot_ws/src/mycobot_ros2/mecharm/mecharm_pi', 'symlink_install': False, 'test_result_base': None}
[0.496s] Level 5:colcon.colcon_core.verb:set package 'myarm_300' build argument 'cmake_args' from command line to 'None'
[0.496s] Level 5:colcon.colcon_core.verb:set package 'myarm_300' build argument 'cmake_target' from command line to 'None'
[0.496s] Level 5:colcon.colcon_core.verb:set package 'myarm_300' build argument 'cmake_target_skip_unavailable' from command line to 'False'
[0.496s] Level 5:colcon.colcon_core.verb:set package 'myarm_300' build argument 'cmake_clean_cache' from command line to 'False'
[0.496s] Level 5:colcon.colcon_core.verb:set package 'myarm_300' build argument 'cmake_clean_first' from command line to 'False'
[0.496s] Level 5:colcon.colcon_core.verb:set package 'myarm_300' build argument 'cmake_force_configure' from command line to 'False'
[0.496s] Level 5:colcon.colcon_core.verb:set package 'myarm_300' build argument 'ament_cmake_args' from command line to 'None'
[0.496s] Level 5:colcon.colcon_core.verb:set package 'myarm_300' build argument 'catkin_cmake_args' from command line to 'None'
[0.496s] Level 5:colcon.colcon_core.verb:set package 'myarm_300' build argument 'catkin_skip_building_tests' from command line to 'False'
[0.496s] DEBUG:colcon.colcon_core.verb:Building package 'myarm_300' with the following arguments: {'ament_cmake_args': None, 'build_base': '/home/amin/cobot/cobot_ws/build/myarm_300', 'catkin_cmake_args': None, 'catkin_skip_building_tests': False, 'cmake_args': None, 'cmake_clean_cache': False, 'cmake_clean_first': False, 'cmake_force_configure': False, 'cmake_target': None, 'cmake_target_skip_unavailable': False, 'install_base': '/home/amin/cobot/cobot_ws/install/myarm_300', 'merge_install': False, 'path': '/home/amin/cobot/cobot_ws/src/mycobot_ros2/myArm/myarm_300', 'symlink_install': False, 'test_result_base': None}
[0.496s] Level 5:colcon.colcon_core.verb:set package 'mybuddy' build argument 'cmake_args' from command line to 'None'
[0.496s] Level 5:colcon.colcon_core.verb:set package 'mybuddy' build argument 'cmake_target' from command line to 'None'
[0.496s] Level 5:colcon.colcon_core.verb:set package 'mybuddy' build argument 'cmake_target_skip_unavailable' from command line to 'False'
[0.497s] Level 5:colcon.colcon_core.verb:set package 'mybuddy' build argument 'cmake_clean_cache' from command line to 'False'
[0.497s] Level 5:colcon.colcon_core.verb:set package 'mybuddy' build argument 'cmake_clean_first' from command line to 'False'
[0.497s] Level 5:colcon.colcon_core.verb:set package 'mybuddy' build argument 'cmake_force_configure' from command line to 'False'
[0.497s] Level 5:colcon.colcon_core.verb:set package 'mybuddy' build argument 'ament_cmake_args' from command line to 'None'
[0.497s] Level 5:colcon.colcon_core.verb:set package 'mybuddy' build argument 'catkin_cmake_args' from command line to 'None'
[0.497s] Level 5:colcon.colcon_core.verb:set package 'mybuddy' build argument 'catkin_skip_building_tests' from command line to 'False'
[0.497s] DEBUG:colcon.colcon_core.verb:Building package 'mybuddy' with the following arguments: {'ament_cmake_args': None, 'build_base': '/home/amin/cobot/cobot_ws/build/mybuddy', 'catkin_cmake_args': None, 'catkin_skip_building_tests': False, 'cmake_args': None, 'cmake_clean_cache': False, 'cmake_clean_first': False, 'cmake_force_configure': False, 'cmake_target': None, 'cmake_target_skip_unavailable': False, 'install_base': '/home/amin/cobot/cobot_ws/install/mybuddy', 'merge_install': False, 'path': '/home/amin/cobot/cobot_ws/src/mycobot_ros2/Mybuddy/mybuddy', 'symlink_install': False, 'test_result_base': None}
[0.497s] Level 5:colcon.colcon_core.verb:set package 'mycobot_280' build argument 'cmake_args' from command line to 'None'
[0.497s] Level 5:colcon.colcon_core.verb:set package 'mycobot_280' build argument 'cmake_target' from command line to 'None'
[0.497s] Level 5:colcon.colcon_core.verb:set package 'mycobot_280' build argument 'cmake_target_skip_unavailable' from command line to 'False'
[0.497s] Level 5:colcon.colcon_core.verb:set package 'mycobot_280' build argument 'cmake_clean_cache' from command line to 'False'
[0.497s] Level 5:colcon.colcon_core.verb:set package 'mycobot_280' build argument 'cmake_clean_first' from command line to 'False'
[0.497s] Level 5:colcon.colcon_core.verb:set package 'mycobot_280' build argument 'cmake_force_configure' from command line to 'False'
[0.497s] Level 5:colcon.colcon_core.verb:set package 'mycobot_280' build argument 'ament_cmake_args' from command line to 'None'
[0.497s] Level 5:colcon.colcon_core.verb:set package 'mycobot_280' build argument 'catkin_cmake_args' from command line to 'None'
[0.497s] Level 5:colcon.colcon_core.verb:set package 'mycobot_280' build argument 'catkin_skip_building_tests' from command line to 'False'
[0.497s] DEBUG:colcon.colcon_core.verb:Building package 'mycobot_280' with the following arguments: {'ament_cmake_args': None, 'build_base': '/home/amin/cobot/cobot_ws/build/mycobot_280', 'catkin_cmake_args': None, 'catkin_skip_building_tests': False, 'cmake_args': None, 'cmake_clean_cache': False, 'cmake_clean_first': False, 'cmake_force_configure': False, 'cmake_target': None, 'cmake_target_skip_unavailable': False, 'install_base': '/home/amin/cobot/cobot_ws/install/mycobot_280', 'merge_install': False, 'path': '/home/amin/cobot/cobot_ws/src/mycobot_ros2/mycobot_280/mycobot_280', 'symlink_install': False, 'test_result_base': None}
[0.497s] Level 5:colcon.colcon_core.verb:set package 'mycobot_280_arduino' build argument 'cmake_args' from command line to 'None'
[0.497s] Level 5:colcon.colcon_core.verb:set package 'mycobot_280_arduino' build argument 'cmake_target' from command line to 'None'
[0.497s] Level 5:colcon.colcon_core.verb:set package 'mycobot_280_arduino' build argument 'cmake_target_skip_unavailable' from command line to 'False'
[0.497s] Level 5:colcon.colcon_core.verb:set package 'mycobot_280_arduino' build argument 'cmake_clean_cache' from command line to 'False'
[0.497s] Level 5:colcon.colcon_core.verb:set package 'mycobot_280_arduino' build argument 'cmake_clean_first' from command line to 'False'
[0.497s] Level 5:colcon.colcon_core.verb:set package 'mycobot_280_arduino' build argument 'cmake_force_configure' from command line to 'False'
[0.497s] Level 5:colcon.colcon_core.verb:set package 'mycobot_280_arduino' build argument 'ament_cmake_args' from command line to 'None'
[0.497s] Level 5:colcon.colcon_core.verb:set package 'mycobot_280_arduino' build argument 'catkin_cmake_args' from command line to 'None'
[0.497s] Level 5:colcon.colcon_core.verb:set package 'mycobot_280_arduino' build argument 'catkin_skip_building_tests' from command line to 'False'
[0.497s] DEBUG:colcon.colcon_core.verb:Building package 'mycobot_280_arduino' with the following arguments: {'ament_cmake_args': None, 'build_base': '/home/amin/cobot/cobot_ws/build/mycobot_280_arduino', 'catkin_cmake_args': None, 'catkin_skip_building_tests': False, 'cmake_args': None, 'cmake_clean_cache': False, 'cmake_clean_first': False, 'cmake_force_configure': False, 'cmake_target': None, 'cmake_target_skip_unavailable': False, 'install_base': '/home/amin/cobot/cobot_ws/install/mycobot_280_arduino', 'merge_install': False, 'path': '/home/amin/cobot/cobot_ws/src/mycobot_ros2/mycobot_280/mycobot_280_arduino', 'symlink_install': False, 'test_result_base': None}
[0.498s] Level 5:colcon.colcon_core.verb:set package 'mycobot_280_gazebo' build argument 'cmake_args' from command line to 'None'
[0.498s] Level 5:colcon.colcon_core.verb:set package 'mycobot_280_gazebo' build argument 'cmake_target' from command line to 'None'
[0.498s] Level 5:colcon.colcon_core.verb:set package 'mycobot_280_gazebo' build argument 'cmake_target_skip_unavailable' from command line to 'False'
[0.498s] Level 5:colcon.colcon_core.verb:set package 'mycobot_280_gazebo' build argument 'cmake_clean_cache' from command line to 'False'
[0.498s] Level 5:colcon.colcon_core.verb:set package 'mycobot_280_gazebo' build argument 'cmake_clean_first' from command line to 'False'
[0.498s] Level 5:colcon.colcon_core.verb:set package 'mycobot_280_gazebo' build argument 'cmake_force_configure' from command line to 'False'
[0.498s] Level 5:colcon.colcon_core.verb:set package 'mycobot_280_gazebo' build argument 'ament_cmake_args' from command line to 'None'
[0.498s] Level 5:colcon.colcon_core.verb:set package 'mycobot_280_gazebo' build argument 'catkin_cmake_args' from command line to 'None'
[0.498s] Level 5:colcon.colcon_core.verb:set package 'mycobot_280_gazebo' build argument 'catkin_skip_building_tests' from command line to 'False'
[0.498s] DEBUG:colcon.colcon_core.verb:Building package 'mycobot_280_gazebo' with the following arguments: {'ament_cmake_args': None, 'build_base': '/home/amin/cobot/cobot_ws/build/mycobot_280_gazebo', 'catkin_cmake_args': None, 'catkin_skip_building_tests': False, 'cmake_args': None, 'cmake_clean_cache': False, 'cmake_clean_first': False, 'cmake_force_configure': False, 'cmake_target': None, 'cmake_target_skip_unavailable': False, 'install_base': '/home/amin/cobot/cobot_ws/install/mycobot_280_gazebo', 'merge_install': False, 'path': '/home/amin/cobot/cobot_ws/src/mycobot_ros2/mycobot_280_gazebo', 'symlink_install': False, 'test_result_base': None}
[0.498s] Level 5:colcon.colcon_core.verb:set package 'mycobot_280_gazebo_jazzy' build argument 'cmake_args' from command line to 'None'
[0.498s] Level 5:colcon.colcon_core.verb:set package 'mycobot_280_gazebo_jazzy' build argument 'cmake_target' from command line to 'None'
[0.498s] Level 5:colcon.colcon_core.verb:set package 'mycobot_280_gazebo_jazzy' build argument 'cmake_target_skip_unavailable' from command line to 'False'
[0.498s] Level 5:colcon.colcon_core.verb:set package 'mycobot_280_gazebo_jazzy' build argument 'cmake_clean_cache' from command line to 'False'
[0.498s] Level 5:colcon.colcon_core.verb:set package 'mycobot_280_gazebo_jazzy' build argument 'cmake_clean_first' from command line to 'False'
[0.498s] Level 5:colcon.colcon_core.verb:set package 'mycobot_280_gazebo_jazzy' build argument 'cmake_force_configure' from command line to 'False'
[0.498s] Level 5:colcon.colcon_core.verb:set package 'mycobot_280_gazebo_jazzy' build argument 'ament_cmake_args' from command line to 'None'
[0.498s] Level 5:colcon.colcon_core.verb:set package 'mycobot_280_gazebo_jazzy' build argument 'catkin_cmake_args' from command line to 'None'
[0.498s] Level 5:colcon.colcon_core.verb:set package 'mycobot_280_gazebo_jazzy' build argument 'catkin_skip_building_tests' from command line to 'False'
[0.498s] DEBUG:colcon.colcon_core.verb:Building package 'mycobot_280_gazebo_jazzy' with the following arguments: {'ament_cmake_args': None, 'build_base': '/home/amin/cobot/cobot_ws/build/mycobot_280_gazebo_jazzy', 'catkin_cmake_args': None, 'catkin_skip_building_tests': False, 'cmake_args': None, 'cmake_clean_cache': False, 'cmake_clean_first': False, 'cmake_force_configure': False, 'cmake_target': None, 'cmake_target_skip_unavailable': False, 'install_base': '/home/amin/cobot/cobot_ws/install/mycobot_280_gazebo_jazzy', 'merge_install': False, 'path': '/home/amin/cobot/cobot_ws/src/mycobot_ros2/mycobot_280_gazebo_jazzy', 'symlink_install': False, 'test_result_base': None}
[0.499s] Level 5:colcon.colcon_core.verb:set package 'mycobot_280_moveit2' build argument 'cmake_args' from command line to 'None'
[0.499s] Level 5:colcon.colcon_core.verb:set package 'mycobot_280_moveit2' build argument 'cmake_target' from command line to 'None'
[0.499s] Level 5:colcon.colcon_core.verb:set package 'mycobot_280_moveit2' build argument 'cmake_target_skip_unavailable' from command line to 'False'
[0.499s] Level 5:colcon.colcon_core.verb:set package 'mycobot_280_moveit2' build argument 'cmake_clean_cache' from command line to 'False'
[0.499s] Level 5:colcon.colcon_core.verb:set package 'mycobot_280_moveit2' build argument 'cmake_clean_first' from command line to 'False'
[0.499s] Level 5:colcon.colcon_core.verb:set package 'mycobot_280_moveit2' build argument 'cmake_force_configure' from command line to 'False'
[0.499s] Level 5:colcon.colcon_core.verb:set package 'mycobot_280_moveit2' build argument 'ament_cmake_args' from command line to 'None'
[0.499s] Level 5:colcon.colcon_core.verb:set package 'mycobot_280_moveit2' build argument 'catkin_cmake_args' from command line to 'None'
[0.499s] Level 5:colcon.colcon_core.verb:set package 'mycobot_280_moveit2' build argument 'catkin_skip_building_tests' from command line to 'False'
[0.499s] DEBUG:colcon.colcon_core.verb:Building package 'mycobot_280_moveit2' with the following arguments: {'ament_cmake_args': None, 'build_base': '/home/amin/cobot/cobot_ws/build/mycobot_280_moveit2', 'catkin_cmake_args': None, 'catkin_skip_building_tests': False, 'cmake_args': None, 'cmake_clean_cache': False, 'cmake_clean_first': False, 'cmake_force_configure': False, 'cmake_target': None, 'cmake_target_skip_unavailable': False, 'install_base': '/home/amin/cobot/cobot_ws/install/mycobot_280_moveit2', 'merge_install': False, 'path': '/home/amin/cobot/cobot_ws/src/mycobot_ros2/mycobot_280/mycobot_280_moveit2', 'symlink_install': False, 'test_result_base': None}
[0.499s] Level 5:colcon.colcon_core.verb:set package 'mycobot_280_moveit2_control' build argument 'cmake_args' from command line to 'None'
[0.499s] Level 5:colcon.colcon_core.verb:set package 'mycobot_280_moveit2_control' build argument 'cmake_target' from command line to 'None'
[0.499s] Level 5:colcon.colcon_core.verb:set package 'mycobot_280_moveit2_control' build argument 'cmake_target_skip_unavailable' from command line to 'False'
[0.499s] Level 5:colcon.colcon_core.verb:set package 'mycobot_280_moveit2_control' build argument 'cmake_clean_cache' from command line to 'False'
[0.499s] Level 5:colcon.colcon_core.verb:set package 'mycobot_280_moveit2_control' build argument 'cmake_clean_first' from command line to 'False'
[0.499s] Level 5:colcon.colcon_core.verb:set package 'mycobot_280_moveit2_control' build argument 'cmake_force_configure' from command line to 'False'
[0.500s] Level 5:colcon.colcon_core.verb:set package 'mycobot_280_moveit2_control' build argument 'ament_cmake_args' from command line to 'None'
[0.500s] Level 5:colcon.colcon_core.verb:set package 'mycobot_280_moveit2_control' build argument 'catkin_cmake_args' from command line to 'None'
[0.500s] Level 5:colcon.colcon_core.verb:set package 'mycobot_280_moveit2_control' build argument 'catkin_skip_building_tests' from command line to 'False'
[0.500s] DEBUG:colcon.colcon_core.verb:Building package 'mycobot_280_moveit2_control' with the following arguments: {'ament_cmake_args': None, 'build_base': '/home/amin/cobot/cobot_ws/build/mycobot_280_moveit2_control', 'catkin_cmake_args': None, 'catkin_skip_building_tests': False, 'cmake_args': None, 'cmake_clean_cache': False, 'cmake_clean_first': False, 'cmake_force_configure': False, 'cmake_target': None, 'cmake_target_skip_unavailable': False, 'install_base': '/home/amin/cobot/cobot_ws/install/mycobot_280_moveit2_control', 'merge_install': False, 'path': '/home/amin/cobot/cobot_ws/src/mycobot_ros2/mycobot_280/mycobot_280_moveit2_control', 'symlink_install': False, 'test_result_base': None}
[0.500s] Level 5:colcon.colcon_core.verb:set package 'mycobot_280_riscv' build argument 'cmake_args' from command line to 'None'
[0.500s] Level 5:colcon.colcon_core.verb:set package 'mycobot_280_riscv' build argument 'cmake_target' from command line to 'None'
[0.500s] Level 5:colcon.colcon_core.verb:set package 'mycobot_280_riscv' build argument 'cmake_target_skip_unavailable' from command line to 'False'
[0.500s] Level 5:colcon.colcon_core.verb:set package 'mycobot_280_riscv' build argument 'cmake_clean_cache' from command line to 'False'
[0.500s] Level 5:colcon.colcon_core.verb:set package 'mycobot_280_riscv' build argument 'cmake_clean_first' from command line to 'False'
[0.500s] Level 5:colcon.colcon_core.verb:set package 'mycobot_280_riscv' build argument 'cmake_force_configure' from command line to 'False'
[0.500s] Level 5:colcon.colcon_core.verb:set package 'mycobot_280_riscv' build argument 'ament_cmake_args' from command line to 'None'
[0.500s] Level 5:colcon.colcon_core.verb:set package 'mycobot_280_riscv' build argument 'catkin_cmake_args' from command line to 'None'
[0.500s] Level 5:colcon.colcon_core.verb:set package 'mycobot_280_riscv' build argument 'catkin_skip_building_tests' from command line to 'False'
[0.500s] DEBUG:colcon.colcon_core.verb:Building package 'mycobot_280_riscv' with the following arguments: {'ament_cmake_args': None, 'build_base': '/home/amin/cobot/cobot_ws/build/mycobot_280_riscv', 'catkin_cmake_args': None, 'catkin_skip_building_tests': False, 'cmake_args': None, 'cmake_clean_cache': False, 'cmake_clean_first': False, 'cmake_force_configure': False, 'cmake_target': None, 'cmake_target_skip_unavailable': False, 'install_base': '/home/amin/cobot/cobot_ws/install/mycobot_280_riscv', 'merge_install': False, 'path': '/home/amin/cobot/cobot_ws/src/mycobot_ros2/mycobot_280/mycobot_280_riscv', 'symlink_install': False, 'test_result_base': None}
[0.500s] Level 5:colcon.colcon_core.verb:set package 'mycobot_280_x3pi' build argument 'cmake_args' from command line to 'None'
[0.500s] Level 5:colcon.colcon_core.verb:set package 'mycobot_280_x3pi' build argument 'cmake_target' from command line to 'None'
[0.500s] Level 5:colcon.colcon_core.verb:set package 'mycobot_280_x3pi' build argument 'cmake_target_skip_unavailable' from command line to 'False'
[0.500s] Level 5:colcon.colcon_core.verb:set package 'mycobot_280_x3pi' build argument 'cmake_clean_cache' from command line to 'False'
[0.500s] Level 5:colcon.colcon_core.verb:set package 'mycobot_280_x3pi' build argument 'cmake_clean_first' from command line to 'False'
[0.500s] Level 5:colcon.colcon_core.verb:set package 'mycobot_280_x3pi' build argument 'cmake_force_configure' from command line to 'False'
[0.500s] Level 5:colcon.colcon_core.verb:set package 'mycobot_280_x3pi' build argument 'ament_cmake_args' from command line to 'None'
[0.500s] Level 5:colcon.colcon_core.verb:set package 'mycobot_280_x3pi' build argument 'catkin_cmake_args' from command line to 'None'
[0.500s] Level 5:colcon.colcon_core.verb:set package 'mycobot_280_x3pi' build argument 'catkin_skip_building_tests' from command line to 'False'
[0.500s] DEBUG:colcon.colcon_core.verb:Building package 'mycobot_280_x3pi' with the following arguments: {'ament_cmake_args': None, 'build_base': '/home/amin/cobot/cobot_ws/build/mycobot_280_x3pi', 'catkin_cmake_args': None, 'catkin_skip_building_tests': False, 'cmake_args': None, 'cmake_clean_cache': False, 'cmake_clean_first': False, 'cmake_force_configure': False, 'cmake_target': None, 'cmake_target_skip_unavailable': False, 'install_base': '/home/amin/cobot/cobot_ws/install/mycobot_280_x3pi', 'merge_install': False, 'path': '/home/amin/cobot/cobot_ws/src/mycobot_ros2/mycobot_280/mycobot_280_x3pi', 'symlink_install': False, 'test_result_base': None}
[0.501s] Level 5:colcon.colcon_core.verb:set package 'mycobot_280arduino_moveit2' build argument 'cmake_args' from command line to 'None'
[0.501s] Level 5:colcon.colcon_core.verb:set package 'mycobot_280arduino_moveit2' build argument 'cmake_target' from command line to 'None'
[0.501s] Level 5:colcon.colcon_core.verb:set package 'mycobot_280arduino_moveit2' build argument 'cmake_target_skip_unavailable' from command line to 'False'
[0.501s] Level 5:colcon.colcon_core.verb:set package 'mycobot_280arduino_moveit2' build argument 'cmake_clean_cache' from command line to 'False'
[0.501s] Level 5:colcon.colcon_core.verb:set package 'mycobot_280arduino_moveit2' build argument 'cmake_clean_first' from command line to 'False'
[0.501s] Level 5:colcon.colcon_core.verb:set package 'mycobot_280arduino_moveit2' build argument 'cmake_force_configure' from command line to 'False'
[0.501s] Level 5:colcon.colcon_core.verb:set package 'mycobot_280arduino_moveit2' build argument 'ament_cmake_args' from command line to 'None'
[0.501s] Level 5:colcon.colcon_core.verb:set package 'mycobot_280arduino_moveit2' build argument 'catkin_cmake_args' from command line to 'None'
[0.501s] Level 5:colcon.colcon_core.verb:set package 'mycobot_280arduino_moveit2' build argument 'catkin_skip_building_tests' from command line to 'False'
[0.501s] DEBUG:colcon.colcon_core.verb:Building package 'mycobot_280arduino_moveit2' with the following arguments: {'ament_cmake_args': None, 'build_base': '/home/amin/cobot/cobot_ws/build/mycobot_280arduino_moveit2', 'catkin_cmake_args': None, 'catkin_skip_building_tests': False, 'cmake_args': None, 'cmake_clean_cache': False, 'cmake_clean_first': False, 'cmake_force_configure': False, 'cmake_target': None, 'cmake_target_skip_unavailable': False, 'install_base': '/home/amin/cobot/cobot_ws/install/mycobot_280arduino_moveit2', 'merge_install': False, 'path': '/home/amin/cobot/cobot_ws/src/mycobot_ros2/mycobot_280/mycobot_280arduino_moveit2', 'symlink_install': False, 'test_result_base': None}
[0.501s] Level 5:colcon.colcon_core.verb:set package 'mycobot_280jn' build argument 'cmake_args' from command line to 'None'
[0.501s] Level 5:colcon.colcon_core.verb:set package 'mycobot_280jn' build argument 'cmake_target' from command line to 'None'
[0.501s] Level 5:colcon.colcon_core.verb:set package 'mycobot_280jn' build argument 'cmake_target_skip_unavailable' from command line to 'False'
[0.501s] Level 5:colcon.colcon_core.verb:set package 'mycobot_280jn' build argument 'cmake_clean_cache' from command line to 'False'
[0.501s] Level 5:colcon.colcon_core.verb:set package 'mycobot_280jn' build argument 'cmake_clean_first' from command line to 'False'
[0.501s] Level 5:colcon.colcon_core.verb:set package 'mycobot_280jn' build argument 'cmake_force_configure' from command line to 'False'
[0.501s] Level 5:colcon.colcon_core.verb:set package 'mycobot_280jn' build argument 'ament_cmake_args' from command line to 'None'
[0.501s] Level 5:colcon.colcon_core.verb:set package 'mycobot_280jn' build argument 'catkin_cmake_args' from command line to 'None'
[0.501s] Level 5:colcon.colcon_core.verb:set package 'mycobot_280jn' build argument 'catkin_skip_building_tests' from command line to 'False'
[0.501s] DEBUG:colcon.colcon_core.verb:Building package 'mycobot_280jn' with the following arguments: {'ament_cmake_args': None, 'build_base': '/home/amin/cobot/cobot_ws/build/mycobot_280jn', 'catkin_cmake_args': None, 'catkin_skip_building_tests': False, 'cmake_args': None, 'cmake_clean_cache': False, 'cmake_clean_first': False, 'cmake_force_configure': False, 'cmake_target': None, 'cmake_target_skip_unavailable': False, 'install_base': '/home/amin/cobot/cobot_ws/install/mycobot_280jn', 'merge_install': False, 'path': '/home/amin/cobot/cobot_ws/src/mycobot_ros2/mycobot_280/mycobot_280jn', 'symlink_install': False, 'test_result_base': None}
[0.501s] Level 5:colcon.colcon_core.verb:set package 'mycobot_280pi' build argument 'cmake_args' from command line to 'None'
[0.501s] Level 5:colcon.colcon_core.verb:set package 'mycobot_280pi' build argument 'cmake_target' from command line to 'None'
[0.501s] Level 5:colcon.colcon_core.verb:set package 'mycobot_280pi' build argument 'cmake_target_skip_unavailable' from command line to 'False'
[0.501s] Level 5:colcon.colcon_core.verb:set package 'mycobot_280pi' build argument 'cmake_clean_cache' from command line to 'False'
[0.501s] Level 5:colcon.colcon_core.verb:set package 'mycobot_280pi' build argument 'cmake_clean_first' from command line to 'False'
[0.501s] Level 5:colcon.colcon_core.verb:set package 'mycobot_280pi' build argument 'cmake_force_configure' from command line to 'False'
[0.502s] Level 5:colcon.colcon_core.verb:set package 'mycobot_280pi' build argument 'ament_cmake_args' from command line to 'None'
[0.502s] Level 5:colcon.colcon_core.verb:set package 'mycobot_280pi' build argument 'catkin_cmake_args' from command line to 'None'
[0.502s] Level 5:colcon.colcon_core.verb:set package 'mycobot_280pi' build argument 'catkin_skip_building_tests' from command line to 'False'
[0.502s] DEBUG:colcon.colcon_core.verb:Building package 'mycobot_280pi' with the following arguments: {'ament_cmake_args': None, 'build_base': '/home/amin/cobot/cobot_ws/build/mycobot_280pi', 'catkin_cmake_args': None, 'catkin_skip_building_tests': False, 'cmake_args': None, 'cmake_clean_cache': False, 'cmake_clean_first': False, 'cmake_force_configure': False, 'cmake_target': None, 'cmake_target_skip_unavailable': False, 'install_base': '/home/amin/cobot/cobot_ws/install/mycobot_280pi', 'merge_install': False, 'path': '/home/amin/cobot/cobot_ws/src/mycobot_ros2/mycobot_280/mycobot_280pi', 'symlink_install': False, 'test_result_base': None}
[0.502s] Level 5:colcon.colcon_core.verb:set package 'mycobot_280rdkx5_moveit2' build argument 'cmake_args' from command line to 'None'
[0.502s] Level 5:colcon.colcon_core.verb:set package 'mycobot_280rdkx5_moveit2' build argument 'cmake_target' from command line to 'None'
[0.502s] Level 5:colcon.colcon_core.verb:set package 'mycobot_280rdkx5_moveit2' build argument 'cmake_target_skip_unavailable' from command line to 'False'
[0.502s] Level 5:colcon.colcon_core.verb:set package 'mycobot_280rdkx5_moveit2' build argument 'cmake_clean_cache' from command line to 'False'
[0.502s] Level 5:colcon.colcon_core.verb:set package 'mycobot_280rdkx5_moveit2' build argument 'cmake_clean_first' from command line to 'False'
[0.502s] Level 5:colcon.colcon_core.verb:set package 'mycobot_280rdkx5_moveit2' build argument 'cmake_force_configure' from command line to 'False'
[0.502s] Level 5:colcon.colcon_core.verb:set package 'mycobot_280rdkx5_moveit2' build argument 'ament_cmake_args' from command line to 'None'
[0.502s] Level 5:colcon.colcon_core.verb:set package 'mycobot_280rdkx5_moveit2' build argument 'catkin_cmake_args' from command line to 'None'
[0.502s] Level 5:colcon.colcon_core.verb:set package 'mycobot_280rdkx5_moveit2' build argument 'catkin_skip_building_tests' from command line to 'False'
[0.502s] DEBUG:colcon.colcon_core.verb:Building package 'mycobot_280rdkx5_moveit2' with the following arguments: {'ament_cmake_args': None, 'build_base': '/home/amin/cobot/cobot_ws/build/mycobot_280rdkx5_moveit2', 'catkin_cmake_args': None, 'catkin_skip_building_tests': False, 'cmake_args': None, 'cmake_clean_cache': False, 'cmake_clean_first': False, 'cmake_force_configure': False, 'cmake_target': None, 'cmake_target_skip_unavailable': False, 'install_base': '/home/amin/cobot/cobot_ws/install/mycobot_280rdkx5_moveit2', 'merge_install': False, 'path': '/home/amin/cobot/cobot_ws/src/mycobot_ros2/mycobot_280/mycobot_280rdkx5_moveit2', 'symlink_install': False, 'test_result_base': None}
[0.502s] Level 5:colcon.colcon_core.verb:set package 'mycobot_320' build argument 'cmake_args' from command line to 'None'
[0.502s] Level 5:colcon.colcon_core.verb:set package 'mycobot_320' build argument 'cmake_target' from command line to 'None'
[0.502s] Level 5:colcon.colcon_core.verb:set package 'mycobot_320' build argument 'cmake_target_skip_unavailable' from command line to 'False'
[0.502s] Level 5:colcon.colcon_core.verb:set package 'mycobot_320' build argument 'cmake_clean_cache' from command line to 'False'
[0.502s] Level 5:colcon.colcon_core.verb:set package 'mycobot_320' build argument 'cmake_clean_first' from command line to 'False'
[0.502s] Level 5:colcon.colcon_core.verb:set package 'mycobot_320' build argument 'cmake_force_configure' from command line to 'False'
[0.502s] Level 5:colcon.colcon_core.verb:set package 'mycobot_320' build argument 'ament_cmake_args' from command line to 'None'
[0.502s] Level 5:colcon.colcon_core.verb:set package 'mycobot_320' build argument 'catkin_cmake_args' from command line to 'None'
[0.502s] Level 5:colcon.colcon_core.verb:set package 'mycobot_320' build argument 'catkin_skip_building_tests' from command line to 'False'
[0.502s] DEBUG:colcon.colcon_core.verb:Building package 'mycobot_320' with the following arguments: {'ament_cmake_args': None, 'build_base': '/home/amin/cobot/cobot_ws/build/mycobot_320', 'catkin_cmake_args': None, 'catkin_skip_building_tests': False, 'cmake_args': None, 'cmake_clean_cache': False, 'cmake_clean_first': False, 'cmake_force_configure': False, 'cmake_target': None, 'cmake_target_skip_unavailable': False, 'install_base': '/home/amin/cobot/cobot_ws/install/mycobot_320', 'merge_install': False, 'path': '/home/amin/cobot/cobot_ws/src/mycobot_ros2/mycobot_320/mycobot_320', 'symlink_install': False, 'test_result_base': None}
[0.502s] Level 5:colcon.colcon_core.verb:set package 'mycobot_320_riscv' build argument 'cmake_args' from command line to 'None'
[0.503s] Level 5:colcon.colcon_core.verb:set package 'mycobot_320_riscv' build argument 'cmake_target' from command line to 'None'
[0.503s] Level 5:colcon.colcon_core.verb:set package 'mycobot_320_riscv' build argument 'cmake_target_skip_unavailable' from command line to 'False'
[0.503s] Level 5:colcon.colcon_core.verb:set package 'mycobot_320_riscv' build argument 'cmake_clean_cache' from command line to 'False'
[0.503s] Level 5:colcon.colcon_core.verb:set package 'mycobot_320_riscv' build argument 'cmake_clean_first' from command line to 'False'
[0.503s] Level 5:colcon.colcon_core.verb:set package 'mycobot_320_riscv' build argument 'cmake_force_configure' from command line to 'False'
[0.503s] Level 5:colcon.colcon_core.verb:set package 'mycobot_320_riscv' build argument 'ament_cmake_args' from command line to 'None'
[0.503s] Level 5:colcon.colcon_core.verb:set package 'mycobot_320_riscv' build argument 'catkin_cmake_args' from command line to 'None'
[0.503s] Level 5:colcon.colcon_core.verb:set package 'mycobot_320_riscv' build argument 'catkin_skip_building_tests' from command line to 'False'
[0.503s] DEBUG:colcon.colcon_core.verb:Building package 'mycobot_320_riscv' with the following arguments: {'ament_cmake_args': None, 'build_base': '/home/amin/cobot/cobot_ws/build/mycobot_320_riscv', 'catkin_cmake_args': None, 'catkin_skip_building_tests': False, 'cmake_args': None, 'cmake_clean_cache': False, 'cmake_clean_first': False, 'cmake_force_configure': False, 'cmake_target': None, 'cmake_target_skip_unavailable': False, 'install_base': '/home/amin/cobot/cobot_ws/install/mycobot_320_riscv', 'merge_install': False, 'path': '/home/amin/cobot/cobot_ws/src/mycobot_ros2/mycobot_320/mycobot_320_riscv', 'symlink_install': False, 'test_result_base': None}
[0.503s] Level 5:colcon.colcon_core.verb:set package 'mycobot_320pi' build argument 'cmake_args' from command line to 'None'
[0.503s] Level 5:colcon.colcon_core.verb:set package 'mycobot_320pi' build argument 'cmake_target' from command line to 'None'
[0.503s] Level 5:colcon.colcon_core.verb:set package 'mycobot_320pi' build argument 'cmake_target_skip_unavailable' from command line to 'False'
[0.503s] Level 5:colcon.colcon_core.verb:set package 'mycobot_320pi' build argument 'cmake_clean_cache' from command line to 'False'
[0.503s] Level 5:colcon.colcon_core.verb:set package 'mycobot_320pi' build argument 'cmake_clean_first' from command line to 'False'
[0.503s] Level 5:colcon.colcon_core.verb:set package 'mycobot_320pi' build argument 'cmake_force_configure' from command line to 'False'
[0.503s] Level 5:colcon.colcon_core.verb:set package 'mycobot_320pi' build argument 'ament_cmake_args' from command line to 'None'
[0.503s] Level 5:colcon.colcon_core.verb:set package 'mycobot_320pi' build argument 'catkin_cmake_args' from command line to 'None'
[0.503s] Level 5:colcon.colcon_core.verb:set package 'mycobot_320pi' build argument 'catkin_skip_building_tests' from command line to 'False'
[0.503s] DEBUG:colcon.colcon_core.verb:Building package 'mycobot_320pi' with the following arguments: {'ament_cmake_args': None, 'build_base': '/home/amin/cobot/cobot_ws/build/mycobot_320pi', 'catkin_cmake_args': None, 'catkin_skip_building_tests': False, 'cmake_args': None, 'cmake_clean_cache': False, 'cmake_clean_first': False, 'cmake_force_configure': False, 'cmake_target': None, 'cmake_target_skip_unavailable': False, 'install_base': '/home/amin/cobot/cobot_ws/install/mycobot_320pi', 'merge_install': False, 'path': '/home/amin/cobot/cobot_ws/src/mycobot_ros2/mycobot_320/mycobot_320pi', 'symlink_install': False, 'test_result_base': None}
[0.503s] Level 5:colcon.colcon_core.verb:set package 'mycobot_600' build argument 'cmake_args' from command line to 'None'
[0.503s] Level 5:colcon.colcon_core.verb:set package 'mycobot_600' build argument 'cmake_target' from command line to 'None'
[0.503s] Level 5:colcon.colcon_core.verb:set package 'mycobot_600' build argument 'cmake_target_skip_unavailable' from command line to 'False'
[0.503s] Level 5:colcon.colcon_core.verb:set package 'mycobot_600' build argument 'cmake_clean_cache' from command line to 'False'
[0.503s] Level 5:colcon.colcon_core.verb:set package 'mycobot_600' build argument 'cmake_clean_first' from command line to 'False'
[0.503s] Level 5:colcon.colcon_core.verb:set package 'mycobot_600' build argument 'cmake_force_configure' from command line to 'False'
[0.503s] Level 5:colcon.colcon_core.verb:set package 'mycobot_600' build argument 'ament_cmake_args' from command line to 'None'
[0.503s] Level 5:colcon.colcon_core.verb:set package 'mycobot_600' build argument 'catkin_cmake_args' from command line to 'None'
[0.504s] Level 5:colcon.colcon_core.verb:set package 'mycobot_600' build argument 'catkin_skip_building_tests' from command line to 'False'
[0.504s] DEBUG:colcon.colcon_core.verb:Building package 'mycobot_600' with the following arguments: {'ament_cmake_args': None, 'build_base': '/home/amin/cobot/cobot_ws/build/mycobot_600', 'catkin_cmake_args': None, 'catkin_skip_building_tests': False, 'cmake_args': None, 'cmake_clean_cache': False, 'cmake_clean_first': False, 'cmake_force_configure': False, 'cmake_target': None, 'cmake_target_skip_unavailable': False, 'install_base': '/home/amin/cobot/cobot_ws/install/mycobot_600', 'merge_install': False, 'path': '/home/amin/cobot/cobot_ws/src/mycobot_ros2/mycobot_pro/mycobot_600', 'symlink_install': False, 'test_result_base': None}
[0.504s] Level 5:colcon.colcon_core.verb:set package 'mycobot_630' build argument 'cmake_args' from command line to 'None'
[0.504s] Level 5:colcon.colcon_core.verb:set package 'mycobot_630' build argument 'cmake_target' from command line to 'None'
[0.504s] Level 5:colcon.colcon_core.verb:set package 'mycobot_630' build argument 'cmake_target_skip_unavailable' from command line to 'False'
[0.504s] Level 5:colcon.colcon_core.verb:set package 'mycobot_630' build argument 'cmake_clean_cache' from command line to 'False'
[0.504s] Level 5:colcon.colcon_core.verb:set package 'mycobot_630' build argument 'cmake_clean_first' from command line to 'False'
[0.504s] Level 5:colcon.colcon_core.verb:set package 'mycobot_630' build argument 'cmake_force_configure' from command line to 'False'
[0.504s] Level 5:colcon.colcon_core.verb:set package 'mycobot_630' build argument 'ament_cmake_args' from command line to 'None'
[0.504s] Level 5:colcon.colcon_core.verb:set package 'mycobot_630' build argument 'catkin_cmake_args' from command line to 'None'
[0.504s] Level 5:colcon.colcon_core.verb:set package 'mycobot_630' build argument 'catkin_skip_building_tests' from command line to 'False'
[0.504s] DEBUG:colcon.colcon_core.verb:Building package 'mycobot_630' with the following arguments: {'ament_cmake_args': None, 'build_base': '/home/amin/cobot/cobot_ws/build/mycobot_630', 'catkin_cmake_args': None, 'catkin_skip_building_tests': False, 'cmake_args': None, 'cmake_clean_cache': False, 'cmake_clean_first': False, 'cmake_force_configure': False, 'cmake_target': None, 'cmake_target_skip_unavailable': False, 'install_base': '/home/amin/cobot/cobot_ws/install/mycobot_630', 'merge_install': False, 'path': '/home/amin/cobot/cobot_ws/src/mycobot_ros2/mycobot_pro/mycobot_630', 'symlink_install': False, 'test_result_base': None}
[0.504s] Level 5:colcon.colcon_core.verb:set package 'mycobot_communication' build argument 'cmake_args' from command line to 'None'
[0.504s] Level 5:colcon.colcon_core.verb:set package 'mycobot_communication' build argument 'cmake_target' from command line to 'None'
[0.504s] Level 5:colcon.colcon_core.verb:set package 'mycobot_communication' build argument 'cmake_target_skip_unavailable' from command line to 'False'
[0.504s] Level 5:colcon.colcon_core.verb:set package 'mycobot_communication' build argument 'cmake_clean_cache' from command line to 'False'
[0.504s] Level 5:colcon.colcon_core.verb:set package 'mycobot_communication' build argument 'cmake_clean_first' from command line to 'False'
[0.504s] Level 5:colcon.colcon_core.verb:set package 'mycobot_communication' build argument 'cmake_force_configure' from command line to 'False'
[0.504s] Level 5:colcon.colcon_core.verb:set package 'mycobot_communication' build argument 'ament_cmake_args' from command line to 'None'
[0.504s] Level 5:colcon.colcon_core.verb:set package 'mycobot_communication' build argument 'catkin_cmake_args' from command line to 'None'
[0.504s] Level 5:colcon.colcon_core.verb:set package 'mycobot_communication' build argument 'catkin_skip_building_tests' from command line to 'False'
[0.504s] DEBUG:colcon.colcon_core.verb:Building package 'mycobot_communication' with the following arguments: {'ament_cmake_args': None, 'build_base': '/home/amin/cobot/cobot_ws/build/mycobot_communication', 'catkin_cmake_args': None, 'catkin_skip_building_tests': False, 'cmake_args': None, 'cmake_clean_cache': False, 'cmake_clean_first': False, 'cmake_force_configure': False, 'cmake_target': None, 'cmake_target_skip_unavailable': False, 'install_base': '/home/amin/cobot/cobot_ws/install/mycobot_communication', 'merge_install': False, 'path': '/home/amin/cobot/cobot_ws/src/mycobot_ros2/mycobot_communication', 'symlink_install': False, 'test_result_base': None}
[0.505s] Level 5:colcon.colcon_core.verb:set package 'mycobot_pro_450' build argument 'cmake_args' from command line to 'None'
[0.505s] Level 5:colcon.colcon_core.verb:set package 'mycobot_pro_450' build argument 'cmake_target' from command line to 'None'
[0.505s] Level 5:colcon.colcon_core.verb:set package 'mycobot_pro_450' build argument 'cmake_target_skip_unavailable' from command line to 'False'
[0.505s] Level 5:colcon.colcon_core.verb:set package 'mycobot_pro_450' build argument 'cmake_clean_cache' from command line to 'False'
[0.505s] Level 5:colcon.colcon_core.verb:set package 'mycobot_pro_450' build argument 'cmake_clean_first' from command line to 'False'
[0.505s] Level 5:colcon.colcon_core.verb:set package 'mycobot_pro_450' build argument 'cmake_force_configure' from command line to 'False'
[0.505s] Level 5:colcon.colcon_core.verb:set package 'mycobot_pro_450' build argument 'ament_cmake_args' from command line to 'None'
[0.505s] Level 5:colcon.colcon_core.verb:set package 'mycobot_pro_450' build argument 'catkin_cmake_args' from command line to 'None'
[0.505s] Level 5:colcon.colcon_core.verb:set package 'mycobot_pro_450' build argument 'catkin_skip_building_tests' from command line to 'False'
[0.505s] DEBUG:colcon.colcon_core.verb:Building package 'mycobot_pro_450' with the following arguments: {'ament_cmake_args': None, 'build_base': '/home/amin/cobot/cobot_ws/build/mycobot_pro_450', 'catkin_cmake_args': None, 'catkin_skip_building_tests': False, 'cmake_args': None, 'cmake_clean_cache': False, 'cmake_clean_first': False, 'cmake_force_configure': False, 'cmake_target': None, 'cmake_target_skip_unavailable': False, 'install_base': '/home/amin/cobot/cobot_ws/install/mycobot_pro_450', 'merge_install': False, 'path': '/home/amin/cobot/cobot_ws/src/mycobot_ros2/mycobot_pro/mycobot_pro_450', 'symlink_install': False, 'test_result_base': None}
[0.505s] Level 5:colcon.colcon_core.verb:set package 'mypalletizer_260' build argument 'cmake_args' from command line to 'None'
[0.505s] Level 5:colcon.colcon_core.verb:set package 'mypalletizer_260' build argument 'cmake_target' from command line to 'None'
[0.505s] Level 5:colcon.colcon_core.verb:set package 'mypalletizer_260' build argument 'cmake_target_skip_unavailable' from command line to 'False'
[0.505s] Level 5:colcon.colcon_core.verb:set package 'mypalletizer_260' build argument 'cmake_clean_cache' from command line to 'False'
[0.505s] Level 5:colcon.colcon_core.verb:set package 'mypalletizer_260' build argument 'cmake_clean_first' from command line to 'False'
[0.505s] Level 5:colcon.colcon_core.verb:set package 'mypalletizer_260' build argument 'cmake_force_configure' from command line to 'False'
[0.505s] Level 5:colcon.colcon_core.verb:set package 'mypalletizer_260' build argument 'ament_cmake_args' from command line to 'None'
[0.505s] Level 5:colcon.colcon_core.verb:set package 'mypalletizer_260' build argument 'catkin_cmake_args' from command line to 'None'
[0.505s] Level 5:colcon.colcon_core.verb:set package 'mypalletizer_260' build argument 'catkin_skip_building_tests' from command line to 'False'
[0.505s] DEBUG:colcon.colcon_core.verb:Building package 'mypalletizer_260' with the following arguments: {'ament_cmake_args': None, 'build_base': '/home/amin/cobot/cobot_ws/build/mypalletizer_260', 'catkin_cmake_args': None, 'catkin_skip_building_tests': False, 'cmake_args': None, 'cmake_clean_cache': False, 'cmake_clean_first': False, 'cmake_force_configure': False, 'cmake_target': None, 'cmake_target_skip_unavailable': False, 'install_base': '/home/amin/cobot/cobot_ws/install/mypalletizer_260', 'merge_install': False, 'path': '/home/amin/cobot/cobot_ws/src/mycobot_ros2/mypalletizer_260/mypalletizer_260', 'symlink_install': False, 'test_result_base': None}
[0.505s] Level 5:colcon.colcon_core.verb:set package 'mypalletizer_260_pi' build argument 'cmake_args' from command line to 'None'
[0.505s] Level 5:colcon.colcon_core.verb:set package 'mypalletizer_260_pi' build argument 'cmake_target' from command line to 'None'
[0.505s] Level 5:colcon.colcon_core.verb:set package 'mypalletizer_260_pi' build argument 'cmake_target_skip_unavailable' from command line to 'False'
[0.505s] Level 5:colcon.colcon_core.verb:set package 'mypalletizer_260_pi' build argument 'cmake_clean_cache' from command line to 'False'
[0.505s] Level 5:colcon.colcon_core.verb:set package 'mypalletizer_260_pi' build argument 'cmake_clean_first' from command line to 'False'
[0.505s] Level 5:colcon.colcon_core.verb:set package 'mypalletizer_260_pi' build argument 'cmake_force_configure' from command line to 'False'
[0.505s] Level 5:colcon.colcon_core.verb:set package 'mypalletizer_260_pi' build argument 'ament_cmake_args' from command line to 'None'
[0.505s] Level 5:colcon.colcon_core.verb:set package 'mypalletizer_260_pi' build argument 'catkin_cmake_args' from command line to 'None'
[0.505s] Level 5:colcon.colcon_core.verb:set package 'mypalletizer_260_pi' build argument 'catkin_skip_building_tests' from command line to 'False'
[0.505s] DEBUG:colcon.colcon_core.verb:Building package 'mypalletizer_260_pi' with the following arguments: {'ament_cmake_args': None, 'build_base': '/home/amin/cobot/cobot_ws/build/mypalletizer_260_pi', 'catkin_cmake_args': None, 'catkin_skip_building_tests': False, 'cmake_args': None, 'cmake_clean_cache': False, 'cmake_clean_first': False, 'cmake_force_configure': False, 'cmake_target': None, 'cmake_target_skip_unavailable': False, 'install_base': '/home/amin/cobot/cobot_ws/install/mypalletizer_260_pi', 'merge_install': False, 'path': '/home/amin/cobot/cobot_ws/src/mycobot_ros2/mypalletizer_260/mypalletizer_260_pi', 'symlink_install': False, 'test_result_base': None}
[0.506s] Level 5:colcon.colcon_core.verb:set package 'mypalletizer_communication' build argument 'cmake_args' from command line to 'None'
[0.506s] Level 5:colcon.colcon_core.verb:set package 'mypalletizer_communication' build argument 'cmake_target' from command line to 'None'
[0.506s] Level 5:colcon.colcon_core.verb:set package 'mypalletizer_communication' build argument 'cmake_target_skip_unavailable' from command line to 'False'
[0.506s] Level 5:colcon.colcon_core.verb:set package 'mypalletizer_communication' build argument 'cmake_clean_cache' from command line to 'False'
[0.506s] Level 5:colcon.colcon_core.verb:set package 'mypalletizer_communication' build argument 'cmake_clean_first' from command line to 'False'
[0.506s] Level 5:colcon.colcon_core.verb:set package 'mypalletizer_communication' build argument 'cmake_force_configure' from command line to 'False'
[0.506s] Level 5:colcon.colcon_core.verb:set package 'mypalletizer_communication' build argument 'ament_cmake_args' from command line to 'None'
[0.506s] Level 5:colcon.colcon_core.verb:set package 'mypalletizer_communication' build argument 'catkin_cmake_args' from command line to 'None'
[0.506s] Level 5:colcon.colcon_core.verb:set package 'mypalletizer_communication' build argument 'catkin_skip_building_tests' from command line to 'False'
[0.506s] DEBUG:colcon.colcon_core.verb:Building package 'mypalletizer_communication' with the following arguments: {'ament_cmake_args': None, 'build_base': '/home/amin/cobot/cobot_ws/build/mypalletizer_communication', 'catkin_cmake_args': None, 'catkin_skip_building_tests': False, 'cmake_args': None, 'cmake_clean_cache': False, 'cmake_clean_first': False, 'cmake_force_configure': False, 'cmake_target': None, 'cmake_target_skip_unavailable': False, 'install_base': '/home/amin/cobot/cobot_ws/install/mypalletizer_communication', 'merge_install': False, 'path': '/home/amin/cobot/cobot_ws/src/mycobot_ros2/mypalletizer_260/mypalletizer_communication', 'symlink_install': False, 'test_result_base': None}
[0.506s] Level 5:colcon.colcon_core.verb:set package 'pro450_moveit2' build argument 'cmake_args' from command line to 'None'
[0.506s] Level 5:colcon.colcon_core.verb:set package 'pro450_moveit2' build argument 'cmake_target' from command line to 'None'
[0.506s] Level 5:colcon.colcon_core.verb:set package 'pro450_moveit2' build argument 'cmake_target_skip_unavailable' from command line to 'False'
[0.506s] Level 5:colcon.colcon_core.verb:set package 'pro450_moveit2' build argument 'cmake_clean_cache' from command line to 'False'
[0.506s] Level 5:colcon.colcon_core.verb:set package 'pro450_moveit2' build argument 'cmake_clean_first' from command line to 'False'
[0.506s] Level 5:colcon.colcon_core.verb:set package 'pro450_moveit2' build argument 'cmake_force_configure' from command line to 'False'
[0.506s] Level 5:colcon.colcon_core.verb:set package 'pro450_moveit2' build argument 'ament_cmake_args' from command line to 'None'
[0.506s] Level 5:colcon.colcon_core.verb:set package 'pro450_moveit2' build argument 'catkin_cmake_args' from command line to 'None'
[0.506s] Level 5:colcon.colcon_core.verb:set package 'pro450_moveit2' build argument 'catkin_skip_building_tests' from command line to 'False'
[0.506s] DEBUG:colcon.colcon_core.verb:Building package 'pro450_moveit2' with the following arguments: {'ament_cmake_args': None, 'build_base': '/home/amin/cobot/cobot_ws/build/pro450_moveit2', 'catkin_cmake_args': None, 'catkin_skip_building_tests': False, 'cmake_args': None, 'cmake_clean_cache': False, 'cmake_clean_first': False, 'cmake_force_configure': False, 'cmake_target': None, 'cmake_target_skip_unavailable': False, 'install_base': '/home/amin/cobot/cobot_ws/install/pro450_moveit2', 'merge_install': False, 'path': '/home/amin/cobot/cobot_ws/src/mycobot_ros2/mycobot_pro/pro450_moveit2', 'symlink_install': False, 'test_result_base': None}
[0.506s] Level 5:colcon.colcon_core.verb:set package 'pro450_moveit2_control' build argument 'cmake_args' from command line to 'None'
[0.506s] Level 5:colcon.colcon_core.verb:set package 'pro450_moveit2_control' build argument 'cmake_target' from command line to 'None'
[0.506s] Level 5:colcon.colcon_core.verb:set package 'pro450_moveit2_control' build argument 'cmake_target_skip_unavailable' from command line to 'False'
[0.506s] Level 5:colcon.colcon_core.verb:set package 'pro450_moveit2_control' build argument 'cmake_clean_cache' from command line to 'False'
[0.506s] Level 5:colcon.colcon_core.verb:set package 'pro450_moveit2_control' build argument 'cmake_clean_first' from command line to 'False'
[0.507s] Level 5:colcon.colcon_core.verb:set package 'pro450_moveit2_control' build argument 'cmake_force_configure' from command line to 'False'
[0.507s] Level 5:colcon.colcon_core.verb:set package 'pro450_moveit2_control' build argument 'ament_cmake_args' from command line to 'None'
[0.507s] Level 5:colcon.colcon_core.verb:set package 'pro450_moveit2_control' build argument 'catkin_cmake_args' from command line to 'None'
[0.507s] Level 5:colcon.colcon_core.verb:set package 'pro450_moveit2_control' build argument 'catkin_skip_building_tests' from command line to 'False'
[0.507s] DEBUG:colcon.colcon_core.verb:Building package 'pro450_moveit2_control' with the following arguments: {'ament_cmake_args': None, 'build_base': '/home/amin/cobot/cobot_ws/build/pro450_moveit2_control', 'catkin_cmake_args': None, 'catkin_skip_building_tests': False, 'cmake_args': None, 'cmake_clean_cache': False, 'cmake_clean_first': False, 'cmake_force_configure': False, 'cmake_target': None, 'cmake_target_skip_unavailable': False, 'install_base': '/home/amin/cobot/cobot_ws/install/pro450_moveit2_control', 'merge_install': False, 'path': '/home/amin/cobot/cobot_ws/src/mycobot_ros2/mycobot_pro/pro450_moveit2_control', 'symlink_install': False, 'test_result_base': None}
[0.507s] Level 5:colcon.colcon_core.verb:set package 'ultraarm' build argument 'cmake_args' from command line to 'None'
[0.507s] Level 5:colcon.colcon_core.verb:set package 'ultraarm' build argument 'cmake_target' from command line to 'None'
[0.507s] Level 5:colcon.colcon_core.verb:set package 'ultraarm' build argument 'cmake_target_skip_unavailable' from command line to 'False'
[0.507s] Level 5:colcon.colcon_core.verb:set package 'ultraarm' build argument 'cmake_clean_cache' from command line to 'False'
[0.507s] Level 5:colcon.colcon_core.verb:set package 'ultraarm' build argument 'cmake_clean_first' from command line to 'False'
[0.507s] Level 5:colcon.colcon_core.verb:set package 'ultraarm' build argument 'cmake_force_configure' from command line to 'False'
[0.507s] Level 5:colcon.colcon_core.verb:set package 'ultraarm' build argument 'ament_cmake_args' from command line to 'None'
[0.507s] Level 5:colcon.colcon_core.verb:set package 'ultraarm' build argument 'catkin_cmake_args' from command line to 'None'
[0.507s] Level 5:colcon.colcon_core.verb:set package 'ultraarm' build argument 'catkin_skip_building_tests' from command line to 'False'
[0.507s] DEBUG:colcon.colcon_core.verb:Building package 'ultraarm' with the following arguments: {'ament_cmake_args': None, 'build_base': '/home/amin/cobot/cobot_ws/build/ultraarm', 'catkin_cmake_args': None, 'catkin_skip_building_tests': False, 'cmake_args': None, 'cmake_clean_cache': False, 'cmake_clean_first': False, 'cmake_force_configure': False, 'cmake_target': None, 'cmake_target_skip_unavailable': False, 'install_base': '/home/amin/cobot/cobot_ws/install/ultraarm', 'merge_install': False, 'path': '/home/amin/cobot/cobot_ws/src/mycobot_ros2/ultraArm/ultraarm', 'symlink_install': False, 'test_result_base': None}
[0.507s] Level 5:colcon.colcon_core.verb:set package 'myarm_c650' build argument 'cmake_args' from command line to 'None'
[0.508s] Level 5:colcon.colcon_core.verb:set package 'myarm_c650' build argument 'cmake_target' from command line to 'None'
[0.508s] Level 5:colcon.colcon_core.verb:set package 'myarm_c650' build argument 'cmake_target_skip_unavailable' from command line to 'False'
[0.508s] Level 5:colcon.colcon_core.verb:set package 'myarm_c650' build argument 'cmake_clean_cache' from command line to 'False'
[0.508s] Level 5:colcon.colcon_core.verb:set package 'myarm_c650' build argument 'cmake_clean_first' from command line to 'False'
[0.508s] Level 5:colcon.colcon_core.verb:set package 'myarm_c650' build argument 'cmake_force_configure' from command line to 'False'
[0.508s] Level 5:colcon.colcon_core.verb:set package 'myarm_c650' build argument 'ament_cmake_args' from command line to 'None'
[0.508s] Level 5:colcon.colcon_core.verb:set package 'myarm_c650' build argument 'catkin_cmake_args' from command line to 'None'
[0.508s] Level 5:colcon.colcon_core.verb:set package 'myarm_c650' build argument 'catkin_skip_building_tests' from command line to 'False'
[0.508s] DEBUG:colcon.colcon_core.verb:Building package 'myarm_c650' with the following arguments: {'ament_cmake_args': None, 'build_base': '/home/amin/cobot/cobot_ws/build/myarm_c650', 'catkin_cmake_args': None, 'catkin_skip_building_tests': False, 'cmake_args': None, 'cmake_clean_cache': False, 'cmake_clean_first': False, 'cmake_force_configure': False, 'cmake_target': None, 'cmake_target_skip_unavailable': False, 'install_base': '/home/amin/cobot/cobot_ws/install/myarm_c650', 'merge_install': False, 'path': '/home/amin/cobot/cobot_ws/src/mycobot_ros2/myArm/myarm_c650', 'symlink_install': False, 'test_result_base': None}
[0.508s] Level 5:colcon.colcon_core.verb:set package 'myarm_m750' build argument 'cmake_args' from command line to 'None'
[0.508s] Level 5:colcon.colcon_core.verb:set package 'myarm_m750' build argument 'cmake_target' from command line to 'None'
[0.508s] Level 5:colcon.colcon_core.verb:set package 'myarm_m750' build argument 'cmake_target_skip_unavailable' from command line to 'False'
[0.508s] Level 5:colcon.colcon_core.verb:set package 'myarm_m750' build argument 'cmake_clean_cache' from command line to 'False'
[0.508s] Level 5:colcon.colcon_core.verb:set package 'myarm_m750' build argument 'cmake_clean_first' from command line to 'False'
[0.508s] Level 5:colcon.colcon_core.verb:set package 'myarm_m750' build argument 'cmake_force_configure' from command line to 'False'
[0.508s] Level 5:colcon.colcon_core.verb:set package 'myarm_m750' build argument 'ament_cmake_args' from command line to 'None'
[0.508s] Level 5:colcon.colcon_core.verb:set package 'myarm_m750' build argument 'catkin_cmake_args' from command line to 'None'
[0.508s] Level 5:colcon.colcon_core.verb:set package 'myarm_m750' build argument 'catkin_skip_building_tests' from command line to 'False'
[0.508s] DEBUG:colcon.colcon_core.verb:Building package 'myarm_m750' with the following arguments: {'ament_cmake_args': None, 'build_base': '/home/amin/cobot/cobot_ws/build/myarm_m750', 'catkin_cmake_args': None, 'catkin_skip_building_tests': False, 'cmake_args': None, 'cmake_clean_cache': False, 'cmake_clean_first': False, 'cmake_force_configure': False, 'cmake_target': None, 'cmake_target_skip_unavailable': False, 'install_base': '/home/amin/cobot/cobot_ws/install/myarm_m750', 'merge_install': False, 'path': '/home/amin/cobot/cobot_ws/src/mycobot_ros2/myArm/myarm_m750', 'symlink_install': False, 'test_result_base': None}
[0.508s] Level 5:colcon.colcon_core.verb:set package 'mycobot_280_rdkx5' build argument 'cmake_args' from command line to 'None'
[0.509s] Level 5:colcon.colcon_core.verb:set package 'mycobot_280_rdkx5' build argument 'cmake_target' from command line to 'None'
[0.509s] Level 5:colcon.colcon_core.verb:set package 'mycobot_280_rdkx5' build argument 'cmake_target_skip_unavailable' from command line to 'False'
[0.509s] Level 5:colcon.colcon_core.verb:set package 'mycobot_280_rdkx5' build argument 'cmake_clean_cache' from command line to 'False'
[0.509s] Level 5:colcon.colcon_core.verb:set package 'mycobot_280_rdkx5' build argument 'cmake_clean_first' from command line to 'False'
[0.509s] Level 5:colcon.colcon_core.verb:set package 'mycobot_280_rdkx5' build argument 'cmake_force_configure' from command line to 'False'
[0.509s] Level 5:colcon.colcon_core.verb:set package 'mycobot_280_rdkx5' build argument 'ament_cmake_args' from command line to 'None'
[0.509s] Level 5:colcon.colcon_core.verb:set package 'mycobot_280_rdkx5' build argument 'catkin_cmake_args' from command line to 'None'
[0.509s] Level 5:colcon.colcon_core.verb:set package 'mycobot_280_rdkx5' build argument 'catkin_skip_building_tests' from command line to 'False'
[0.509s] DEBUG:colcon.colcon_core.verb:Building package 'mycobot_280_rdkx5' with the following arguments: {'ament_cmake_args': None, 'build_base': '/home/amin/cobot/cobot_ws/build/mycobot_280_rdkx5', 'catkin_cmake_args': None, 'catkin_skip_building_tests': False, 'cmake_args': None, 'cmake_clean_cache': False, 'cmake_clean_first': False, 'cmake_force_configure': False, 'cmake_target': None, 'cmake_target_skip_unavailable': False, 'install_base': '/home/amin/cobot/cobot_ws/install/mycobot_280_rdkx5', 'merge_install': False, 'path': '/home/amin/cobot/cobot_ws/src/mycobot_ros2/mycobot_280/mycobot_280_rdkx5', 'symlink_install': False, 'test_result_base': None}
[0.509s] INFO:colcon.colcon_core.executor:Executing jobs using 'parallel' executor
[0.510s] DEBUG:colcon.colcon_parallel_executor.executor.parallel:run_until_complete
[0.512s] INFO:colcon.colcon_ros.task.ament_python.build:Building ROS package in '/home/amin/cobot/cobot_ws/src/mycobot_ros2/mycobot_description' with build type 'ament_python'
[0.512s] Level 1:colcon.colcon_core.shell:create_environment_hook('mycobot_description', 'ament_prefix_path')
[0.518s] INFO:colcon.colcon_core.plugin_system:Skipping extension 'colcon_core.shell.bat': Not used on non-Windows systems
[0.519s] INFO:colcon.colcon_core.shell:Creating environment hook '/home/amin/cobot/cobot_ws/install/mycobot_description/share/mycobot_description/hook/ament_prefix_path.ps1'
[0.521s] INFO:colcon.colcon_core.shell:Creating environment descriptor '/home/amin/cobot/cobot_ws/install/mycobot_description/share/mycobot_description/hook/ament_prefix_path.dsv'
[0.522s] INFO:colcon.colcon_core.shell:Creating environment hook '/home/amin/cobot/cobot_ws/install/mycobot_description/share/mycobot_description/hook/ament_prefix_path.sh'
[0.524s] INFO:colcon.colcon_core.shell:Skip shell extension 'powershell' for command environment: Not usable outside of PowerShell
[0.524s] DEBUG:colcon.colcon_core.shell:Skip shell extension 'dsv' for command environment
[0.532s] INFO:colcon.colcon_ros.task.ament_cmake.build:Building ROS package in '/home/amin/cobot/cobot_ws/src/mycobot_ros2/mycobot_280/mycobot_interfaces' with build type 'ament_cmake'
[0.532s] INFO:colcon.colcon_cmake.task.cmake.build:Building CMake package in '/home/amin/cobot/cobot_ws/src/mycobot_ros2/mycobot_280/mycobot_interfaces'
[0.533s] INFO:colcon.colcon_core.shell:Skip shell extension 'powershell' for command environment: Not usable outside of PowerShell
[0.533s] DEBUG:colcon.colcon_core.shell:Skip shell extension 'dsv' for command environment
[0.540s] INFO:colcon.colcon_ros.task.ament_cmake.build:Building ROS package in '/home/amin/cobot/cobot_ws/src/mycobot_ros2/mypalletizer_260/mypalletizer_interfaces' with build type 'ament_cmake'
[0.541s] INFO:colcon.colcon_cmake.task.cmake.build:Building CMake package in '/home/amin/cobot/cobot_ws/src/mycobot_ros2/mypalletizer_260/mypalletizer_interfaces'
[0.541s] INFO:colcon.colcon_core.shell:Skip shell extension 'powershell' for command environment: Not usable outside of PowerShell
[0.541s] DEBUG:colcon.colcon_core.shell:Skip shell extension 'dsv' for command environment
[0.550s] INFO:colcon.colcon_ros.task.ament_cmake.build:Building ROS package in '/home/amin/cobot/cobot_ws/src/mycobot_ros2/mecharm/mecharm_interfaces' with build type 'ament_cmake'
[0.551s] INFO:colcon.colcon_cmake.task.cmake.build:Building CMake package in '/home/amin/cobot/cobot_ws/src/mycobot_ros2/mecharm/mecharm_interfaces'
[0.552s] INFO:colcon.colcon_core.shell:Skip shell extension 'powershell' for command environment: Not usable outside of PowerShell
[0.552s] DEBUG:colcon.colcon_core.shell:Skip shell extension 'dsv' for command environment
[0.562s] INFO:colcon.colcon_ros.task.ament_cmake.build:Building ROS package in '/home/amin/cobot/cobot_ws/src/mycobot_ros2/mycobot_pro/mycobot_pro450_interfaces' with build type 'ament_cmake'
[0.562s] INFO:colcon.colcon_cmake.task.cmake.build:Building CMake package in '/home/amin/cobot/cobot_ws/src/mycobot_ros2/mycobot_pro/mycobot_pro450_interfaces'
[0.563s] INFO:colcon.colcon_core.shell:Skip shell extension 'powershell' for command environment: Not usable outside of PowerShell
[0.563s] DEBUG:colcon.colcon_core.shell:Skip shell extension 'dsv' for command environment
[1.009s] INFO:colcon.colcon_core.task.python.build:Building Python package in '/home/amin/cobot/cobot_ws/src/mycobot_ros2/mycobot_description'
[1.009s] INFO:colcon.colcon_core.shell:Skip shell extension 'powershell' for command environment: Not usable outside of PowerShell
[1.009s] DEBUG:colcon.colcon_core.shell:Skip shell extension 'dsv' for command environment
[1.024s] DEBUG:colcon.colcon_core.event_handler.log_command:Invoking command in '/home/amin/cobot/cobot_ws/build/mycobot_interfaces': CMAKE_PREFIX_PATH=${CMAKE_PREFIX_PATH}:/home/amin/cobot/cobot_ws/install/ultraarm:/home/amin/cobot/cobot_ws/install/pro450_moveit2_control:/home/amin/cobot/cobot_ws/install/mypalletizer_communication:/home/amin/cobot/cobot_ws/install/mypalletizer_260_pi:/home/amin/cobot/cobot_ws/install/mypalletizer_260:/home/amin/cobot/cobot_ws/install/mycobot_pro_450:/home/amin/cobot/cobot_ws/install/myarm_m750:/home/amin/cobot/cobot_ws/install/myarm_c650:/home/amin/cobot/cobot_ws/install/mycobot_communication:/home/amin/cobot/cobot_ws/install/mecharm_communication:/home/amin/cobot/cobot_ws/install/mycobot_630:/home/amin/cobot/cobot_ws/install/mycobot_600:/home/amin/cobot/cobot_ws/install/mycobot_320pi:/home/amin/cobot/cobot_ws/install/mycobot_320_riscv:/home/amin/cobot/cobot_ws/install/mycobot_320:/home/amin/cobot/cobot_ws/install/mycobot_280pi:/home/amin/cobot/cobot_ws/install/mycobot_280jn:/home/amin/cobot/cobot_ws/install/mycobot_280_x3pi:/home/amin/cobot/cobot_ws/install/mycobot_280_riscv:/home/amin/cobot/cobot_ws/install/mycobot_280_rdkx5:/home/amin/cobot/cobot_ws/install/mycobot_280_moveit2_control:/home/amin/cobot/cobot_ws/install/mycobot_280_arduino:/home/amin/cobot/cobot_ws/install/mycobot_280:/home/amin/cobot/cobot_ws/install/mybuddy:/home/amin/cobot/cobot_ws/install/myarm_300:/home/amin/cobot/cobot_ws/install/mecharm_pi:/home/amin/cobot/cobot_ws/install/mecharm:/home/amin/cobot/cobot_ws/install/mycobot_description:/opt/ros/jazzy DEBUGINFOD_URLS=https://debuginfod.ubuntu.com /usr/bin/cmake --build /home/amin/cobot/cobot_ws/build/mycobot_interfaces -- -j8 -l8
[1.031s] DEBUG:colcon.colcon_core.event_handler.log_command:Invoking command in '/home/amin/cobot/cobot_ws/build/mypalletizer_interfaces': CMAKE_PREFIX_PATH=${CMAKE_PREFIX_PATH}:/home/amin/cobot/cobot_ws/install/ultraarm:/home/amin/cobot/cobot_ws/install/pro450_moveit2_control:/home/amin/cobot/cobot_ws/install/mypalletizer_communication:/home/amin/cobot/cobot_ws/install/mypalletizer_260_pi:/home/amin/cobot/cobot_ws/install/mypalletizer_260:/home/amin/cobot/cobot_ws/install/mycobot_pro_450:/home/amin/cobot/cobot_ws/install/myarm_m750:/home/amin/cobot/cobot_ws/install/myarm_c650:/home/amin/cobot/cobot_ws/install/mycobot_communication:/home/amin/cobot/cobot_ws/install/mecharm_communication:/home/amin/cobot/cobot_ws/install/mycobot_630:/home/amin/cobot/cobot_ws/install/mycobot_600:/home/amin/cobot/cobot_ws/install/mycobot_320pi:/home/amin/cobot/cobot_ws/install/mycobot_320_riscv:/home/amin/cobot/cobot_ws/install/mycobot_320:/home/amin/cobot/cobot_ws/install/mycobot_280pi:/home/amin/cobot/cobot_ws/install/mycobot_280jn:/home/amin/cobot/cobot_ws/install/mycobot_280_x3pi:/home/amin/cobot/cobot_ws/install/mycobot_280_riscv:/home/amin/cobot/cobot_ws/install/mycobot_280_rdkx5:/home/amin/cobot/cobot_ws/install/mycobot_280_moveit2_control:/home/amin/cobot/cobot_ws/install/mycobot_280_arduino:/home/amin/cobot/cobot_ws/install/mycobot_280:/home/amin/cobot/cobot_ws/install/mybuddy:/home/amin/cobot/cobot_ws/install/myarm_300:/home/amin/cobot/cobot_ws/install/mecharm_pi:/home/amin/cobot/cobot_ws/install/mecharm:/home/amin/cobot/cobot_ws/install/mycobot_description:/opt/ros/jazzy DEBUGINFOD_URLS=https://debuginfod.ubuntu.com /usr/bin/cmake --build /home/amin/cobot/cobot_ws/build/mypalletizer_interfaces -- -j8 -l8
[1.039s] DEBUG:colcon.colcon_core.event_handler.log_command:Invoking command in '/home/amin/cobot/cobot_ws/build/mecharm_interfaces': CMAKE_PREFIX_PATH=${CMAKE_PREFIX_PATH}:/home/amin/cobot/cobot_ws/install/ultraarm:/home/amin/cobot/cobot_ws/install/pro450_moveit2_control:/home/amin/cobot/cobot_ws/install/mypalletizer_communication:/home/amin/cobot/cobot_ws/install/mypalletizer_260_pi:/home/amin/cobot/cobot_ws/install/mypalletizer_260:/home/amin/cobot/cobot_ws/install/mycobot_pro_450:/home/amin/cobot/cobot_ws/install/myarm_m750:/home/amin/cobot/cobot_ws/install/myarm_c650:/home/amin/cobot/cobot_ws/install/mycobot_communication:/home/amin/cobot/cobot_ws/install/mecharm_communication:/home/amin/cobot/cobot_ws/install/mycobot_630:/home/amin/cobot/cobot_ws/install/mycobot_600:/home/amin/cobot/cobot_ws/install/mycobot_320pi:/home/amin/cobot/cobot_ws/install/mycobot_320_riscv:/home/amin/cobot/cobot_ws/install/mycobot_320:/home/amin/cobot/cobot_ws/install/mycobot_280pi:/home/amin/cobot/cobot_ws/install/mycobot_280jn:/home/amin/cobot/cobot_ws/install/mycobot_280_x3pi:/home/amin/cobot/cobot_ws/install/mycobot_280_riscv:/home/amin/cobot/cobot_ws/install/mycobot_280_rdkx5:/home/amin/cobot/cobot_ws/install/mycobot_280_moveit2_control:/home/amin/cobot/cobot_ws/install/mycobot_280_arduino:/home/amin/cobot/cobot_ws/install/mycobot_280:/home/amin/cobot/cobot_ws/install/mybuddy:/home/amin/cobot/cobot_ws/install/myarm_300:/home/amin/cobot/cobot_ws/install/mecharm_pi:/home/amin/cobot/cobot_ws/install/mecharm:/home/amin/cobot/cobot_ws/install/mycobot_description:/opt/ros/jazzy DEBUGINFOD_URLS=https://debuginfod.ubuntu.com /usr/bin/cmake --build /home/amin/cobot/cobot_ws/build/mecharm_interfaces -- -j8 -l8
[1.048s] DEBUG:colcon.colcon_core.event_handler.log_command:Invoking command in '/home/amin/cobot/cobot_ws/build/mycobot_pro450_interfaces': CMAKE_PREFIX_PATH=${CMAKE_PREFIX_PATH}:/home/amin/cobot/cobot_ws/install/ultraarm:/home/amin/cobot/cobot_ws/install/pro450_moveit2_control:/home/amin/cobot/cobot_ws/install/mypalletizer_communication:/home/amin/cobot/cobot_ws/install/mypalletizer_260_pi:/home/amin/cobot/cobot_ws/install/mypalletizer_260:/home/amin/cobot/cobot_ws/install/mycobot_pro_450:/home/amin/cobot/cobot_ws/install/myarm_m750:/home/amin/cobot/cobot_ws/install/myarm_c650:/home/amin/cobot/cobot_ws/install/mycobot_communication:/home/amin/cobot/cobot_ws/install/mecharm_communication:/home/amin/cobot/cobot_ws/install/mycobot_630:/home/amin/cobot/cobot_ws/install/mycobot_600:/home/amin/cobot/cobot_ws/install/mycobot_320pi:/home/amin/cobot/cobot_ws/install/mycobot_320_riscv:/home/amin/cobot/cobot_ws/install/mycobot_320:/home/amin/cobot/cobot_ws/install/mycobot_280pi:/home/amin/cobot/cobot_ws/install/mycobot_280jn:/home/amin/cobot/cobot_ws/install/mycobot_280_x3pi:/home/amin/cobot/cobot_ws/install/mycobot_280_riscv:/home/amin/cobot/cobot_ws/install/mycobot_280_rdkx5:/home/amin/cobot/cobot_ws/install/mycobot_280_moveit2_control:/home/amin/cobot/cobot_ws/install/mycobot_280_arduino:/home/amin/cobot/cobot_ws/install/mycobot_280:/home/amin/cobot/cobot_ws/install/mybuddy:/home/amin/cobot/cobot_ws/install/myarm_300:/home/amin/cobot/cobot_ws/install/mecharm_pi:/home/amin/cobot/cobot_ws/install/mecharm:/home/amin/cobot/cobot_ws/install/mycobot_description:/opt/ros/jazzy DEBUGINFOD_URLS=https://debuginfod.ubuntu.com /usr/bin/cmake --build /home/amin/cobot/cobot_ws/build/mycobot_pro450_interfaces -- -j8 -l8
[2.119s] DEBUG:colcon.colcon_core.event_handler.log_command:Invoked command in '/home/amin/cobot/cobot_ws/build/mycobot_pro450_interfaces' returned '0': CMAKE_PREFIX_PATH=${CMAKE_PREFIX_PATH}:/home/amin/cobot/cobot_ws/install/ultraarm:/home/amin/cobot/cobot_ws/install/pro450_moveit2_control:/home/amin/cobot/cobot_ws/install/mypalletizer_communication:/home/amin/cobot/cobot_ws/install/mypalletizer_260_pi:/home/amin/cobot/cobot_ws/install/mypalletizer_260:/home/amin/cobot/cobot_ws/install/mycobot_pro_450:/home/amin/cobot/cobot_ws/install/myarm_m750:/home/amin/cobot/cobot_ws/install/myarm_c650:/home/amin/cobot/cobot_ws/install/mycobot_communication:/home/amin/cobot/cobot_ws/install/mecharm_communication:/home/amin/cobot/cobot_ws/install/mycobot_630:/home/amin/cobot/cobot_ws/install/mycobot_600:/home/amin/cobot/cobot_ws/install/mycobot_320pi:/home/amin/cobot/cobot_ws/install/mycobot_320_riscv:/home/amin/cobot/cobot_ws/install/mycobot_320:/home/amin/cobot/cobot_ws/install/mycobot_280pi:/home/amin/cobot/cobot_ws/install/mycobot_280jn:/home/amin/cobot/cobot_ws/install/mycobot_280_x3pi:/home/amin/cobot/cobot_ws/install/mycobot_280_riscv:/home/amin/cobot/cobot_ws/install/mycobot_280_rdkx5:/home/amin/cobot/cobot_ws/install/mycobot_280_moveit2_control:/home/amin/cobot/cobot_ws/install/mycobot_280_arduino:/home/amin/cobot/cobot_ws/install/mycobot_280:/home/amin/cobot/cobot_ws/install/mybuddy:/home/amin/cobot/cobot_ws/install/myarm_300:/home/amin/cobot/cobot_ws/install/mecharm_pi:/home/amin/cobot/cobot_ws/install/mecharm:/home/amin/cobot/cobot_ws/install/mycobot_description:/opt/ros/jazzy DEBUGINFOD_URLS=https://debuginfod.ubuntu.com /usr/bin/cmake --build /home/amin/cobot/cobot_ws/build/mycobot_pro450_interfaces -- -j8 -l8
[2.141s] DEBUG:colcon.colcon_core.event_handler.log_command:Invoking command in '/home/amin/cobot/cobot_ws/build/mycobot_pro450_interfaces': CMAKE_PREFIX_PATH=${CMAKE_PREFIX_PATH}:/home/amin/cobot/cobot_ws/install/ultraarm:/home/amin/cobot/cobot_ws/install/pro450_moveit2_control:/home/amin/cobot/cobot_ws/install/mypalletizer_communication:/home/amin/cobot/cobot_ws/install/mypalletizer_260_pi:/home/amin/cobot/cobot_ws/install/mypalletizer_260:/home/amin/cobot/cobot_ws/install/mycobot_pro_450:/home/amin/cobot/cobot_ws/install/myarm_m750:/home/amin/cobot/cobot_ws/install/myarm_c650:/home/amin/cobot/cobot_ws/install/mycobot_communication:/home/amin/cobot/cobot_ws/install/mecharm_communication:/home/amin/cobot/cobot_ws/install/mycobot_630:/home/amin/cobot/cobot_ws/install/mycobot_600:/home/amin/cobot/cobot_ws/install/mycobot_320pi:/home/amin/cobot/cobot_ws/install/mycobot_320_riscv:/home/amin/cobot/cobot_ws/install/mycobot_320:/home/amin/cobot/cobot_ws/install/mycobot_280pi:/home/amin/cobot/cobot_ws/install/mycobot_280jn:/home/amin/cobot/cobot_ws/install/mycobot_280_x3pi:/home/amin/cobot/cobot_ws/install/mycobot_280_riscv:/home/amin/cobot/cobot_ws/install/mycobot_280_rdkx5:/home/amin/cobot/cobot_ws/install/mycobot_280_moveit2_control:/home/amin/cobot/cobot_ws/install/mycobot_280_arduino:/home/amin/cobot/cobot_ws/install/mycobot_280:/home/amin/cobot/cobot_ws/install/mybuddy:/home/amin/cobot/cobot_ws/install/myarm_300:/home/amin/cobot/cobot_ws/install/mecharm_pi:/home/amin/cobot/cobot_ws/install/mecharm:/home/amin/cobot/cobot_ws/install/mycobot_description:/opt/ros/jazzy DEBUGINFOD_URLS=https://debuginfod.ubuntu.com /usr/bin/cmake --install /home/amin/cobot/cobot_ws/build/mycobot_pro450_interfaces
[2.143s] DEBUG:colcon.colcon_core.event_handler.log_command:Invoked command in '/home/amin/cobot/cobot_ws/build/mycobot_interfaces' returned '0': CMAKE_PREFIX_PATH=${CMAKE_PREFIX_PATH}:/home/amin/cobot/cobot_ws/install/ultraarm:/home/amin/cobot/cobot_ws/install/pro450_moveit2_control:/home/amin/cobot/cobot_ws/install/mypalletizer_communication:/home/amin/cobot/cobot_ws/install/mypalletizer_260_pi:/home/amin/cobot/cobot_ws/install/mypalletizer_260:/home/amin/cobot/cobot_ws/install/mycobot_pro_450:/home/amin/cobot/cobot_ws/install/myarm_m750:/home/amin/cobot/cobot_ws/install/myarm_c650:/home/amin/cobot/cobot_ws/install/mycobot_communication:/home/amin/cobot/cobot_ws/install/mecharm_communication:/home/amin/cobot/cobot_ws/install/mycobot_630:/home/amin/cobot/cobot_ws/install/mycobot_600:/home/amin/cobot/cobot_ws/install/mycobot_320pi:/home/amin/cobot/cobot_ws/install/mycobot_320_riscv:/home/amin/cobot/cobot_ws/install/mycobot_320:/home/amin/cobot/cobot_ws/install/mycobot_280pi:/home/amin/cobot/cobot_ws/install/mycobot_280jn:/home/amin/cobot/cobot_ws/install/mycobot_280_x3pi:/home/amin/cobot/cobot_ws/install/mycobot_280_riscv:/home/amin/cobot/cobot_ws/install/mycobot_280_rdkx5:/home/amin/cobot/cobot_ws/install/mycobot_280_moveit2_control:/home/amin/cobot/cobot_ws/install/mycobot_280_arduino:/home/amin/cobot/cobot_ws/install/mycobot_280:/home/amin/cobot/cobot_ws/install/mybuddy:/home/amin/cobot/cobot_ws/install/myarm_300:/home/amin/cobot/cobot_ws/install/mecharm_pi:/home/amin/cobot/cobot_ws/install/mecharm:/home/amin/cobot/cobot_ws/install/mycobot_description:/opt/ros/jazzy DEBUGINFOD_URLS=https://debuginfod.ubuntu.com /usr/bin/cmake --build /home/amin/cobot/cobot_ws/build/mycobot_interfaces -- -j8 -l8
[2.144s] DEBUG:colcon.colcon_core.event_handler.log_command:Invoking command in '/home/amin/cobot/cobot_ws/build/mycobot_interfaces': CMAKE_PREFIX_PATH=${CMAKE_PREFIX_PATH}:/home/amin/cobot/cobot_ws/install/ultraarm:/home/amin/cobot/cobot_ws/install/pro450_moveit2_control:/home/amin/cobot/cobot_ws/install/mypalletizer_communication:/home/amin/cobot/cobot_ws/install/mypalletizer_260_pi:/home/amin/cobot/cobot_ws/install/mypalletizer_260:/home/amin/cobot/cobot_ws/install/mycobot_pro_450:/home/amin/cobot/cobot_ws/install/myarm_m750:/home/amin/cobot/cobot_ws/install/myarm_c650:/home/amin/cobot/cobot_ws/install/mycobot_communication:/home/amin/cobot/cobot_ws/install/mecharm_communication:/home/amin/cobot/cobot_ws/install/mycobot_630:/home/amin/cobot/cobot_ws/install/mycobot_600:/home/amin/cobot/cobot_ws/install/mycobot_320pi:/home/amin/cobot/cobot_ws/install/mycobot_320_riscv:/home/amin/cobot/cobot_ws/install/mycobot_320:/home/amin/cobot/cobot_ws/install/mycobot_280pi:/home/amin/cobot/cobot_ws/install/mycobot_280jn:/home/amin/cobot/cobot_ws/install/mycobot_280_x3pi:/home/amin/cobot/cobot_ws/install/mycobot_280_riscv:/home/amin/cobot/cobot_ws/install/mycobot_280_rdkx5:/home/amin/cobot/cobot_ws/install/mycobot_280_moveit2_control:/home/amin/cobot/cobot_ws/install/mycobot_280_arduino:/home/amin/cobot/cobot_ws/install/mycobot_280:/home/amin/cobot/cobot_ws/install/mybuddy:/home/amin/cobot/cobot_ws/install/myarm_300:/home/amin/cobot/cobot_ws/install/mecharm_pi:/home/amin/cobot/cobot_ws/install/mecharm:/home/amin/cobot/cobot_ws/install/mycobot_description:/opt/ros/jazzy DEBUGINFOD_URLS=https://debuginfod.ubuntu.com /usr/bin/cmake --install /home/amin/cobot/cobot_ws/build/mycobot_interfaces
[2.156s] DEBUG:colcon.colcon_core.event_handler.log_command:Invoked command in '/home/amin/cobot/cobot_ws/build/mecharm_interfaces' returned '0': CMAKE_PREFIX_PATH=${CMAKE_PREFIX_PATH}:/home/amin/cobot/cobot_ws/install/ultraarm:/home/amin/cobot/cobot_ws/install/pro450_moveit2_control:/home/amin/cobot/cobot_ws/install/mypalletizer_communication:/home/amin/cobot/cobot_ws/install/mypalletizer_260_pi:/home/amin/cobot/cobot_ws/install/mypalletizer_260:/home/amin/cobot/cobot_ws/install/mycobot_pro_450:/home/amin/cobot/cobot_ws/install/myarm_m750:/home/amin/cobot/cobot_ws/install/myarm_c650:/home/amin/cobot/cobot_ws/install/mycobot_communication:/home/amin/cobot/cobot_ws/install/mecharm_communication:/home/amin/cobot/cobot_ws/install/mycobot_630:/home/amin/cobot/cobot_ws/install/mycobot_600:/home/amin/cobot/cobot_ws/install/mycobot_320pi:/home/amin/cobot/cobot_ws/install/mycobot_320_riscv:/home/amin/cobot/cobot_ws/install/mycobot_320:/home/amin/cobot/cobot_ws/install/mycobot_280pi:/home/amin/cobot/cobot_ws/install/mycobot_280jn:/home/amin/cobot/cobot_ws/install/mycobot_280_x3pi:/home/amin/cobot/cobot_ws/install/mycobot_280_riscv:/home/amin/cobot/cobot_ws/install/mycobot_280_rdkx5:/home/amin/cobot/cobot_ws/install/mycobot_280_moveit2_control:/home/amin/cobot/cobot_ws/install/mycobot_280_arduino:/home/amin/cobot/cobot_ws/install/mycobot_280:/home/amin/cobot/cobot_ws/install/mybuddy:/home/amin/cobot/cobot_ws/install/myarm_300:/home/amin/cobot/cobot_ws/install/mecharm_pi:/home/amin/cobot/cobot_ws/install/mecharm:/home/amin/cobot/cobot_ws/install/mycobot_description:/opt/ros/jazzy DEBUGINFOD_URLS=https://debuginfod.ubuntu.com /usr/bin/cmake --build /home/amin/cobot/cobot_ws/build/mecharm_interfaces -- -j8 -l8
[2.157s] DEBUG:colcon.colcon_core.event_handler.log_command:Invoking command in '/home/amin/cobot/cobot_ws/build/mecharm_interfaces': CMAKE_PREFIX_PATH=${CMAKE_PREFIX_PATH}:/home/amin/cobot/cobot_ws/install/ultraarm:/home/amin/cobot/cobot_ws/install/pro450_moveit2_control:/home/amin/cobot/cobot_ws/install/mypalletizer_communication:/home/amin/cobot/cobot_ws/install/mypalletizer_260_pi:/home/amin/cobot/cobot_ws/install/mypalletizer_260:/home/amin/cobot/cobot_ws/install/mycobot_pro_450:/home/amin/cobot/cobot_ws/install/myarm_m750:/home/amin/cobot/cobot_ws/install/myarm_c650:/home/amin/cobot/cobot_ws/install/mycobot_communication:/home/amin/cobot/cobot_ws/install/mecharm_communication:/home/amin/cobot/cobot_ws/install/mycobot_630:/home/amin/cobot/cobot_ws/install/mycobot_600:/home/amin/cobot/cobot_ws/install/mycobot_320pi:/home/amin/cobot/cobot_ws/install/mycobot_320_riscv:/home/amin/cobot/cobot_ws/install/mycobot_320:/home/amin/cobot/cobot_ws/install/mycobot_280pi:/home/amin/cobot/cobot_ws/install/mycobot_280jn:/home/amin/cobot/cobot_ws/install/mycobot_280_x3pi:/home/amin/cobot/cobot_ws/install/mycobot_280_riscv:/home/amin/cobot/cobot_ws/install/mycobot_280_rdkx5:/home/amin/cobot/cobot_ws/install/mycobot_280_moveit2_control:/home/amin/cobot/cobot_ws/install/mycobot_280_arduino:/home/amin/cobot/cobot_ws/install/mycobot_280:/home/amin/cobot/cobot_ws/install/mybuddy:/home/amin/cobot/cobot_ws/install/myarm_300:/home/amin/cobot/cobot_ws/install/mecharm_pi:/home/amin/cobot/cobot_ws/install/mecharm:/home/amin/cobot/cobot_ws/install/mycobot_description:/opt/ros/jazzy DEBUGINFOD_URLS=https://debuginfod.ubuntu.com /usr/bin/cmake --install /home/amin/cobot/cobot_ws/build/mecharm_interfaces
[2.276s] DEBUG:colcon.colcon_core.event_handler.log_command:Invoked command in '/home/amin/cobot/cobot_ws/build/mypalletizer_interfaces' returned '0': CMAKE_PREFIX_PATH=${CMAKE_PREFIX_PATH}:/home/amin/cobot/cobot_ws/install/ultraarm:/home/amin/cobot/cobot_ws/install/pro450_moveit2_control:/home/amin/cobot/cobot_ws/install/mypalletizer_communication:/home/amin/cobot/cobot_ws/install/mypalletizer_260_pi:/home/amin/cobot/cobot_ws/install/mypalletizer_260:/home/amin/cobot/cobot_ws/install/mycobot_pro_450:/home/amin/cobot/cobot_ws/install/myarm_m750:/home/amin/cobot/cobot_ws/install/myarm_c650:/home/amin/cobot/cobot_ws/install/mycobot_communication:/home/amin/cobot/cobot_ws/install/mecharm_communication:/home/amin/cobot/cobot_ws/install/mycobot_630:/home/amin/cobot/cobot_ws/install/mycobot_600:/home/amin/cobot/cobot_ws/install/mycobot_320pi:/home/amin/cobot/cobot_ws/install/mycobot_320_riscv:/home/amin/cobot/cobot_ws/install/mycobot_320:/home/amin/cobot/cobot_ws/install/mycobot_280pi:/home/amin/cobot/cobot_ws/install/mycobot_280jn:/home/amin/cobot/cobot_ws/install/mycobot_280_x3pi:/home/amin/cobot/cobot_ws/install/mycobot_280_riscv:/home/amin/cobot/cobot_ws/install/mycobot_280_rdkx5:/home/amin/cobot/cobot_ws/install/mycobot_280_moveit2_control:/home/amin/cobot/cobot_ws/install/mycobot_280_arduino:/home/amin/cobot/cobot_ws/install/mycobot_280:/home/amin/cobot/cobot_ws/install/mybuddy:/home/amin/cobot/cobot_ws/install/myarm_300:/home/amin/cobot/cobot_ws/install/mecharm_pi:/home/amin/cobot/cobot_ws/install/mecharm:/home/amin/cobot/cobot_ws/install/mycobot_description:/opt/ros/jazzy DEBUGINFOD_URLS=https://debuginfod.ubuntu.com /usr/bin/cmake --build /home/amin/cobot/cobot_ws/build/mypalletizer_interfaces -- -j8 -l8
[2.279s] DEBUG:colcon.colcon_core.event_handler.log_command:Invoking command in '/home/amin/cobot/cobot_ws/build/mypalletizer_interfaces': CMAKE_PREFIX_PATH=${CMAKE_PREFIX_PATH}:/home/amin/cobot/cobot_ws/install/ultraarm:/home/amin/cobot/cobot_ws/install/pro450_moveit2_control:/home/amin/cobot/cobot_ws/install/mypalletizer_communication:/home/amin/cobot/cobot_ws/install/mypalletizer_260_pi:/home/amin/cobot/cobot_ws/install/mypalletizer_260:/home/amin/cobot/cobot_ws/install/mycobot_pro_450:/home/amin/cobot/cobot_ws/install/myarm_m750:/home/amin/cobot/cobot_ws/install/myarm_c650:/home/amin/cobot/cobot_ws/install/mycobot_communication:/home/amin/cobot/cobot_ws/install/mecharm_communication:/home/amin/cobot/cobot_ws/install/mycobot_630:/home/amin/cobot/cobot_ws/install/mycobot_600:/home/amin/cobot/cobot_ws/install/mycobot_320pi:/home/amin/cobot/cobot_ws/install/mycobot_320_riscv:/home/amin/cobot/cobot_ws/install/mycobot_320:/home/amin/cobot/cobot_ws/install/mycobot_280pi:/home/amin/cobot/cobot_ws/install/mycobot_280jn:/home/amin/cobot/cobot_ws/install/mycobot_280_x3pi:/home/amin/cobot/cobot_ws/install/mycobot_280_riscv:/home/amin/cobot/cobot_ws/install/mycobot_280_rdkx5:/home/amin/cobot/cobot_ws/install/mycobot_280_moveit2_control:/home/amin/cobot/cobot_ws/install/mycobot_280_arduino:/home/amin/cobot/cobot_ws/install/mycobot_280:/home/amin/cobot/cobot_ws/install/mybuddy:/home/amin/cobot/cobot_ws/install/myarm_300:/home/amin/cobot/cobot_ws/install/mecharm_pi:/home/amin/cobot/cobot_ws/install/mecharm:/home/amin/cobot/cobot_ws/install/mycobot_description:/opt/ros/jazzy DEBUGINFOD_URLS=https://debuginfod.ubuntu.com /usr/bin/cmake --install /home/amin/cobot/cobot_ws/build/mypalletizer_interfaces
[2.295s] Level 1:colcon.colcon_core.environment:create_environment_scripts_only(mycobot_interfaces)
[2.299s] Level 1:colcon.colcon_core.environment:checking '/home/amin/cobot/cobot_ws/install/mycobot_interfaces' for CMake module files
[2.302s] Level 1:colcon.colcon_core.environment:checking '/home/amin/cobot/cobot_ws/install/mycobot_interfaces' for CMake config files
[2.306s] Level 1:colcon.colcon_core.shell:create_environment_hook('mycobot_interfaces', 'cmake_prefix_path')
[2.306s] INFO:colcon.colcon_core.shell:Creating environment hook '/home/amin/cobot/cobot_ws/install/mycobot_interfaces/share/mycobot_interfaces/hook/cmake_prefix_path.ps1'
[2.306s] INFO:colcon.colcon_core.shell:Creating environment descriptor '/home/amin/cobot/cobot_ws/install/mycobot_interfaces/share/mycobot_interfaces/hook/cmake_prefix_path.dsv'
[2.307s] INFO:colcon.colcon_core.shell:Creating environment hook '/home/amin/cobot/cobot_ws/install/mycobot_interfaces/share/mycobot_interfaces/hook/cmake_prefix_path.sh'
[2.308s] Level 1:colcon.colcon_core.environment:checking '/home/amin/cobot/cobot_ws/install/mycobot_interfaces/lib'
[2.308s] Level 1:colcon.colcon_core.shell:create_environment_hook('mycobot_interfaces', 'ld_library_path_lib')
[2.308s] INFO:colcon.colcon_core.shell:Creating environment hook '/home/amin/cobot/cobot_ws/install/mycobot_interfaces/share/mycobot_interfaces/hook/ld_library_path_lib.ps1'
[2.310s] INFO:colcon.colcon_core.shell:Creating environment descriptor '/home/amin/cobot/cobot_ws/install/mycobot_interfaces/share/mycobot_interfaces/hook/ld_library_path_lib.dsv'
[2.314s] INFO:colcon.colcon_core.shell:Creating environment hook '/home/amin/cobot/cobot_ws/install/mycobot_interfaces/share/mycobot_interfaces/hook/ld_library_path_lib.sh'
[2.319s] Level 1:colcon.colcon_core.environment:checking '/home/amin/cobot/cobot_ws/install/mycobot_interfaces/bin'
[2.320s] Level 1:colcon.colcon_core.environment:checking '/home/amin/cobot/cobot_ws/install/mycobot_interfaces/lib/pkgconfig/mycobot_interfaces.pc'
[2.320s] Level 1:colcon.colcon_core.environment:checking '/home/amin/cobot/cobot_ws/install/mycobot_interfaces/lib/python3.12/site-packages'
[2.320s] Level 1:colcon.colcon_core.shell:create_environment_hook('mycobot_interfaces', 'pythonpath')
[2.325s] INFO:colcon.colcon_core.shell:Creating environment hook '/home/amin/cobot/cobot_ws/install/mycobot_interfaces/share/mycobot_interfaces/hook/pythonpath.ps1'
[2.327s] INFO:colcon.colcon_core.shell:Creating environment descriptor '/home/amin/cobot/cobot_ws/install/mycobot_interfaces/share/mycobot_interfaces/hook/pythonpath.dsv'
[2.327s] INFO:colcon.colcon_core.shell:Creating environment hook '/home/amin/cobot/cobot_ws/install/mycobot_interfaces/share/mycobot_interfaces/hook/pythonpath.sh'
[2.332s] Level 1:colcon.colcon_core.environment:checking '/home/amin/cobot/cobot_ws/install/mycobot_interfaces/bin'
[2.332s] INFO:colcon.colcon_core.shell:Creating package script '/home/amin/cobot/cobot_ws/install/mycobot_interfaces/share/mycobot_interfaces/package.ps1'
[2.334s] INFO:colcon.colcon_core.shell:Creating package descriptor '/home/amin/cobot/cobot_ws/install/mycobot_interfaces/share/mycobot_interfaces/package.dsv'
[2.337s] INFO:colcon.colcon_core.shell:Creating package script '/home/amin/cobot/cobot_ws/install/mycobot_interfaces/share/mycobot_interfaces/package.sh'
[2.342s] INFO:colcon.colcon_core.shell:Creating package script '/home/amin/cobot/cobot_ws/install/mycobot_interfaces/share/mycobot_interfaces/package.bash'
[2.344s] INFO:colcon.colcon_core.shell:Creating package script '/home/amin/cobot/cobot_ws/install/mycobot_interfaces/share/mycobot_interfaces/package.zsh'
[2.345s] Level 1:colcon.colcon_core.environment:create_file_with_runtime_dependencies(/home/amin/cobot/cobot_ws/install/mycobot_interfaces/share/colcon-core/packages/mycobot_interfaces)
[2.348s] Level 1:colcon.colcon_core.environment:create_environment_scripts_only(mycobot_interfaces)
[2.348s] Level 1:colcon.colcon_core.environment:checking '/home/amin/cobot/cobot_ws/install/mycobot_interfaces' for CMake module files
[2.353s] Level 1:colcon.colcon_core.environment:checking '/home/amin/cobot/cobot_ws/install/mycobot_interfaces' for CMake config files
[2.369s] Level 1:colcon.colcon_core.shell:create_environment_hook('mycobot_interfaces', 'cmake_prefix_path')
[2.370s] INFO:colcon.colcon_core.shell:Creating environment hook '/home/amin/cobot/cobot_ws/install/mycobot_interfaces/share/mycobot_interfaces/hook/cmake_prefix_path.ps1'
[2.373s] INFO:colcon.colcon_core.shell:Creating environment descriptor '/home/amin/cobot/cobot_ws/install/mycobot_interfaces/share/mycobot_interfaces/hook/cmake_prefix_path.dsv'
[2.377s] INFO:colcon.colcon_core.shell:Creating environment hook '/home/amin/cobot/cobot_ws/install/mycobot_interfaces/share/mycobot_interfaces/hook/cmake_prefix_path.sh'
[2.380s] Level 1:colcon.colcon_core.environment:checking '/home/amin/cobot/cobot_ws/install/mycobot_interfaces/lib'
[2.380s] Level 1:colcon.colcon_core.shell:create_environment_hook('mycobot_interfaces', 'ld_library_path_lib')
[2.382s] INFO:colcon.colcon_core.shell:Creating environment hook '/home/amin/cobot/cobot_ws/install/mycobot_interfaces/share/mycobot_interfaces/hook/ld_library_path_lib.ps1'
[2.384s] INFO:colcon.colcon_core.shell:Creating environment descriptor '/home/amin/cobot/cobot_ws/install/mycobot_interfaces/share/mycobot_interfaces/hook/ld_library_path_lib.dsv'
[2.385s] INFO:colcon.colcon_core.shell:Creating environment hook '/home/amin/cobot/cobot_ws/install/mycobot_interfaces/share/mycobot_interfaces/hook/ld_library_path_lib.sh'
[2.386s] Level 1:colcon.colcon_core.environment:checking '/home/amin/cobot/cobot_ws/install/mycobot_interfaces/bin'
[2.386s] Level 1:colcon.colcon_core.environment:checking '/home/amin/cobot/cobot_ws/install/mycobot_interfaces/lib/pkgconfig/mycobot_interfaces.pc'
[2.386s] Level 1:colcon.colcon_core.environment:checking '/home/amin/cobot/cobot_ws/install/mycobot_interfaces/lib/python3.12/site-packages'
[2.386s] Level 1:colcon.colcon_core.shell:create_environment_hook('mycobot_interfaces', 'pythonpath')
[2.386s] INFO:colcon.colcon_core.shell:Creating environment hook '/home/amin/cobot/cobot_ws/install/mycobot_interfaces/share/mycobot_interfaces/hook/pythonpath.ps1'
[2.388s] INFO:colcon.colcon_core.shell:Creating environment descriptor '/home/amin/cobot/cobot_ws/install/mycobot_interfaces/share/mycobot_interfaces/hook/pythonpath.dsv'
[2.390s] INFO:colcon.colcon_core.shell:Creating environment hook '/home/amin/cobot/cobot_ws/install/mycobot_interfaces/share/mycobot_interfaces/hook/pythonpath.sh'
[2.394s] Level 1:colcon.colcon_core.environment:checking '/home/amin/cobot/cobot_ws/install/mycobot_interfaces/bin'
[2.395s] INFO:colcon.colcon_core.shell:Creating package script '/home/amin/cobot/cobot_ws/install/mycobot_interfaces/share/mycobot_interfaces/package.ps1'
[2.396s] DEBUG:colcon.colcon_core.event_handler.log_command:Invoked command in '/home/amin/cobot/cobot_ws/build/mycobot_interfaces' returned '0': CMAKE_PREFIX_PATH=${CMAKE_PREFIX_PATH}:/home/amin/cobot/cobot_ws/install/ultraarm:/home/amin/cobot/cobot_ws/install/pro450_moveit2_control:/home/amin/cobot/cobot_ws/install/mypalletizer_communication:/home/amin/cobot/cobot_ws/install/mypalletizer_260_pi:/home/amin/cobot/cobot_ws/install/mypalletizer_260:/home/amin/cobot/cobot_ws/install/mycobot_pro_450:/home/amin/cobot/cobot_ws/install/myarm_m750:/home/amin/cobot/cobot_ws/install/myarm_c650:/home/amin/cobot/cobot_ws/install/mycobot_communication:/home/amin/cobot/cobot_ws/install/mecharm_communication:/home/amin/cobot/cobot_ws/install/mycobot_630:/home/amin/cobot/cobot_ws/install/mycobot_600:/home/amin/cobot/cobot_ws/install/mycobot_320pi:/home/amin/cobot/cobot_ws/install/mycobot_320_riscv:/home/amin/cobot/cobot_ws/install/mycobot_320:/home/amin/cobot/cobot_ws/install/mycobot_280pi:/home/amin/cobot/cobot_ws/install/mycobot_280jn:/home/amin/cobot/cobot_ws/install/mycobot_280_x3pi:/home/amin/cobot/cobot_ws/install/mycobot_280_riscv:/home/amin/cobot/cobot_ws/install/mycobot_280_rdkx5:/home/amin/cobot/cobot_ws/install/mycobot_280_moveit2_control:/home/amin/cobot/cobot_ws/install/mycobot_280_arduino:/home/amin/cobot/cobot_ws/install/mycobot_280:/home/amin/cobot/cobot_ws/install/mybuddy:/home/amin/cobot/cobot_ws/install/myarm_300:/home/amin/cobot/cobot_ws/install/mecharm_pi:/home/amin/cobot/cobot_ws/install/mecharm:/home/amin/cobot/cobot_ws/install/mycobot_description:/opt/ros/jazzy DEBUGINFOD_URLS=https://debuginfod.ubuntu.com /usr/bin/cmake --install /home/amin/cobot/cobot_ws/build/mycobot_interfaces
[2.400s] INFO:colcon.colcon_core.shell:Creating package descriptor '/home/amin/cobot/cobot_ws/install/mycobot_interfaces/share/mycobot_interfaces/package.dsv'
[2.402s] INFO:colcon.colcon_core.shell:Creating package script '/home/amin/cobot/cobot_ws/install/mycobot_interfaces/share/mycobot_interfaces/package.sh'
[2.404s] INFO:colcon.colcon_core.shell:Creating package script '/home/amin/cobot/cobot_ws/install/mycobot_interfaces/share/mycobot_interfaces/package.bash'
[2.407s] INFO:colcon.colcon_core.shell:Creating package script '/home/amin/cobot/cobot_ws/install/mycobot_interfaces/share/mycobot_interfaces/package.zsh'
[2.412s] Level 1:colcon.colcon_core.environment:create_file_with_runtime_dependencies(/home/amin/cobot/cobot_ws/install/mycobot_interfaces/share/colcon-core/packages/mycobot_interfaces)
[2.418s] INFO:colcon.colcon_ros.task.ament_python.build:Building ROS package in '/home/amin/cobot/cobot_ws/src/mycobot_ros2/mycobot_communication' with build type 'ament_python'
[2.419s] Level 1:colcon.colcon_core.shell:create_environment_hook('mycobot_communication', 'ament_prefix_path')
[2.420s] INFO:colcon.colcon_core.shell:Creating environment hook '/home/amin/cobot/cobot_ws/install/mycobot_communication/share/mycobot_communication/hook/ament_prefix_path.ps1'
[2.423s] INFO:colcon.colcon_core.shell:Creating environment descriptor '/home/amin/cobot/cobot_ws/install/mycobot_communication/share/mycobot_communication/hook/ament_prefix_path.dsv'
[2.426s] INFO:colcon.colcon_core.shell:Creating environment hook '/home/amin/cobot/cobot_ws/install/mycobot_communication/share/mycobot_communication/hook/ament_prefix_path.sh'
[2.428s] INFO:colcon.colcon_core.shell:Skip shell extension 'powershell' for command environment: Not usable outside of PowerShell
[2.429s] DEBUG:colcon.colcon_core.shell:Skip shell extension 'dsv' for command environment
[2.443s] INFO:colcon.colcon_ros.task.ament_python.build:Building ROS package in '/home/amin/cobot/cobot_ws/src/mycobot_ros2/mecharm/mecharm_communication' with build type 'ament_python'
[2.443s] Level 1:colcon.colcon_core.shell:create_environment_hook('mecharm_communication', 'ament_prefix_path')
[2.444s] INFO:colcon.colcon_core.shell:Creating environment hook '/home/amin/cobot/cobot_ws/install/mecharm_communication/share/mecharm_communication/hook/ament_prefix_path.ps1'
[2.446s] INFO:colcon.colcon_core.shell:Creating environment descriptor '/home/amin/cobot/cobot_ws/install/mecharm_communication/share/mecharm_communication/hook/ament_prefix_path.dsv'
[2.447s] INFO:colcon.colcon_core.shell:Creating environment hook '/home/amin/cobot/cobot_ws/install/mecharm_communication/share/mecharm_communication/hook/ament_prefix_path.sh'
[2.449s] INFO:colcon.colcon_core.shell:Skip shell extension 'powershell' for command environment: Not usable outside of PowerShell
[2.450s] DEBUG:colcon.colcon_core.shell:Skip shell extension 'dsv' for command environment
[2.461s] Level 1:colcon.colcon_core.environment:create_environment_scripts_only(mecharm_interfaces)
[2.462s] Level 1:colcon.colcon_core.environment:checking '/home/amin/cobot/cobot_ws/install/mecharm_interfaces' for CMake module files
[2.464s] DEBUG:colcon.colcon_core.event_handler.log_command:Invoked command in '/home/amin/cobot/cobot_ws/build/mecharm_interfaces' returned '0': CMAKE_PREFIX_PATH=${CMAKE_PREFIX_PATH}:/home/amin/cobot/cobot_ws/install/ultraarm:/home/amin/cobot/cobot_ws/install/pro450_moveit2_control:/home/amin/cobot/cobot_ws/install/mypalletizer_communication:/home/amin/cobot/cobot_ws/install/mypalletizer_260_pi:/home/amin/cobot/cobot_ws/install/mypalletizer_260:/home/amin/cobot/cobot_ws/install/mycobot_pro_450:/home/amin/cobot/cobot_ws/install/myarm_m750:/home/amin/cobot/cobot_ws/install/myarm_c650:/home/amin/cobot/cobot_ws/install/mycobot_communication:/home/amin/cobot/cobot_ws/install/mecharm_communication:/home/amin/cobot/cobot_ws/install/mycobot_630:/home/amin/cobot/cobot_ws/install/mycobot_600:/home/amin/cobot/cobot_ws/install/mycobot_320pi:/home/amin/cobot/cobot_ws/install/mycobot_320_riscv:/home/amin/cobot/cobot_ws/install/mycobot_320:/home/amin/cobot/cobot_ws/install/mycobot_280pi:/home/amin/cobot/cobot_ws/install/mycobot_280jn:/home/amin/cobot/cobot_ws/install/mycobot_280_x3pi:/home/amin/cobot/cobot_ws/install/mycobot_280_riscv:/home/amin/cobot/cobot_ws/install/mycobot_280_rdkx5:/home/amin/cobot/cobot_ws/install/mycobot_280_moveit2_control:/home/amin/cobot/cobot_ws/install/mycobot_280_arduino:/home/amin/cobot/cobot_ws/install/mycobot_280:/home/amin/cobot/cobot_ws/install/mybuddy:/home/amin/cobot/cobot_ws/install/myarm_300:/home/amin/cobot/cobot_ws/install/mecharm_pi:/home/amin/cobot/cobot_ws/install/mecharm:/home/amin/cobot/cobot_ws/install/mycobot_description:/opt/ros/jazzy DEBUGINFOD_URLS=https://debuginfod.ubuntu.com /usr/bin/cmake --install /home/amin/cobot/cobot_ws/build/mecharm_interfaces
[2.465s] Level 1:colcon.colcon_core.environment:checking '/home/amin/cobot/cobot_ws/install/mecharm_interfaces' for CMake config files
[2.466s] Level 1:colcon.colcon_core.shell:create_environment_hook('mecharm_interfaces', 'cmake_prefix_path')
[2.466s] INFO:colcon.colcon_core.shell:Creating environment hook '/home/amin/cobot/cobot_ws/install/mecharm_interfaces/share/mecharm_interfaces/hook/cmake_prefix_path.ps1'
[2.467s] INFO:colcon.colcon_core.shell:Creating environment descriptor '/home/amin/cobot/cobot_ws/install/mecharm_interfaces/share/mecharm_interfaces/hook/cmake_prefix_path.dsv'
[2.467s] INFO:colcon.colcon_core.shell:Creating environment hook '/home/amin/cobot/cobot_ws/install/mecharm_interfaces/share/mecharm_interfaces/hook/cmake_prefix_path.sh'
[2.468s] Level 1:colcon.colcon_core.environment:checking '/home/amin/cobot/cobot_ws/install/mecharm_interfaces/lib'
[2.468s] Level 1:colcon.colcon_core.shell:create_environment_hook('mecharm_interfaces', 'ld_library_path_lib')
[2.468s] INFO:colcon.colcon_core.shell:Creating environment hook '/home/amin/cobot/cobot_ws/install/mecharm_interfaces/share/mecharm_interfaces/hook/ld_library_path_lib.ps1'
[2.468s] INFO:colcon.colcon_core.shell:Creating environment descriptor '/home/amin/cobot/cobot_ws/install/mecharm_interfaces/share/mecharm_interfaces/hook/ld_library_path_lib.dsv'
[2.469s] INFO:colcon.colcon_core.shell:Creating environment hook '/home/amin/cobot/cobot_ws/install/mecharm_interfaces/share/mecharm_interfaces/hook/ld_library_path_lib.sh'
[2.469s] Level 1:colcon.colcon_core.environment:checking '/home/amin/cobot/cobot_ws/install/mecharm_interfaces/bin'
[2.469s] Level 1:colcon.colcon_core.environment:checking '/home/amin/cobot/cobot_ws/install/mecharm_interfaces/lib/pkgconfig/mecharm_interfaces.pc'
[2.469s] Level 1:colcon.colcon_core.environment:checking '/home/amin/cobot/cobot_ws/install/mecharm_interfaces/lib/python3.12/site-packages'
[2.469s] Level 1:colcon.colcon_core.shell:create_environment_hook('mecharm_interfaces', 'pythonpath')
[2.470s] INFO:colcon.colcon_core.shell:Creating environment hook '/home/amin/cobot/cobot_ws/install/mecharm_interfaces/share/mecharm_interfaces/hook/pythonpath.ps1'
[2.471s] INFO:colcon.colcon_core.shell:Creating environment descriptor '/home/amin/cobot/cobot_ws/install/mecharm_interfaces/share/mecharm_interfaces/hook/pythonpath.dsv'
[2.472s] INFO:colcon.colcon_core.shell:Creating environment hook '/home/amin/cobot/cobot_ws/install/mecharm_interfaces/share/mecharm_interfaces/hook/pythonpath.sh'
[2.473s] Level 1:colcon.colcon_core.environment:checking '/home/amin/cobot/cobot_ws/install/mecharm_interfaces/bin'
[2.475s] INFO:colcon.colcon_core.shell:Creating package script '/home/amin/cobot/cobot_ws/install/mecharm_interfaces/share/mecharm_interfaces/package.ps1'
[2.476s] INFO:colcon.colcon_core.shell:Creating package descriptor '/home/amin/cobot/cobot_ws/install/mecharm_interfaces/share/mecharm_interfaces/package.dsv'
[2.477s] INFO:colcon.colcon_core.shell:Creating package script '/home/amin/cobot/cobot_ws/install/mecharm_interfaces/share/mecharm_interfaces/package.sh'
[2.478s] INFO:colcon.colcon_core.shell:Creating package script '/home/amin/cobot/cobot_ws/install/mecharm_interfaces/share/mecharm_interfaces/package.bash'
[2.478s] INFO:colcon.colcon_core.shell:Creating package script '/home/amin/cobot/cobot_ws/install/mecharm_interfaces/share/mecharm_interfaces/package.zsh'
[2.478s] Level 1:colcon.colcon_core.environment:create_file_with_runtime_dependencies(/home/amin/cobot/cobot_ws/install/mecharm_interfaces/share/colcon-core/packages/mecharm_interfaces)
[2.479s] Level 1:colcon.colcon_core.environment:create_environment_scripts_only(mecharm_interfaces)
[2.479s] Level 1:colcon.colcon_core.environment:checking '/home/amin/cobot/cobot_ws/install/mecharm_interfaces' for CMake module files
[2.480s] Level 1:colcon.colcon_core.environment:checking '/home/amin/cobot/cobot_ws/install/mecharm_interfaces' for CMake config files
[2.481s] Level 1:colcon.colcon_core.shell:create_environment_hook('mecharm_interfaces', 'cmake_prefix_path')
[2.482s] INFO:colcon.colcon_core.shell:Creating environment hook '/home/amin/cobot/cobot_ws/install/mecharm_interfaces/share/mecharm_interfaces/hook/cmake_prefix_path.ps1'
[2.483s] INFO:colcon.colcon_core.shell:Creating environment descriptor '/home/amin/cobot/cobot_ws/install/mecharm_interfaces/share/mecharm_interfaces/hook/cmake_prefix_path.dsv'
[2.485s] INFO:colcon.colcon_core.shell:Creating environment hook '/home/amin/cobot/cobot_ws/install/mecharm_interfaces/share/mecharm_interfaces/hook/cmake_prefix_path.sh'
[2.486s] Level 1:colcon.colcon_core.environment:checking '/home/amin/cobot/cobot_ws/install/mecharm_interfaces/lib'
[2.487s] Level 1:colcon.colcon_core.shell:create_environment_hook('mecharm_interfaces', 'ld_library_path_lib')
[2.487s] INFO:colcon.colcon_core.shell:Creating environment hook '/home/amin/cobot/cobot_ws/install/mecharm_interfaces/share/mecharm_interfaces/hook/ld_library_path_lib.ps1'
[2.488s] INFO:colcon.colcon_core.shell:Creating environment descriptor '/home/amin/cobot/cobot_ws/install/mecharm_interfaces/share/mecharm_interfaces/hook/ld_library_path_lib.dsv'
[2.488s] INFO:colcon.colcon_core.shell:Creating environment hook '/home/amin/cobot/cobot_ws/install/mecharm_interfaces/share/mecharm_interfaces/hook/ld_library_path_lib.sh'
[2.488s] Level 1:colcon.colcon_core.environment:checking '/home/amin/cobot/cobot_ws/install/mecharm_interfaces/bin'
[2.488s] Level 1:colcon.colcon_core.environment:checking '/home/amin/cobot/cobot_ws/install/mecharm_interfaces/lib/pkgconfig/mecharm_interfaces.pc'
[2.489s] Level 1:colcon.colcon_core.environment:checking '/home/amin/cobot/cobot_ws/install/mecharm_interfaces/lib/python3.12/site-packages'
[2.489s] Level 1:colcon.colcon_core.shell:create_environment_hook('mecharm_interfaces', 'pythonpath')
[2.489s] INFO:colcon.colcon_core.shell:Creating environment hook '/home/amin/cobot/cobot_ws/install/mecharm_interfaces/share/mecharm_interfaces/hook/pythonpath.ps1'
[2.491s] INFO:colcon.colcon_core.shell:Creating environment descriptor '/home/amin/cobot/cobot_ws/install/mecharm_interfaces/share/mecharm_interfaces/hook/pythonpath.dsv'
[2.491s] INFO:colcon.colcon_core.shell:Creating environment hook '/home/amin/cobot/cobot_ws/install/mecharm_interfaces/share/mecharm_interfaces/hook/pythonpath.sh'
[2.493s] Level 1:colcon.colcon_core.environment:checking '/home/amin/cobot/cobot_ws/install/mecharm_interfaces/bin'
[2.494s] INFO:colcon.colcon_core.shell:Creating package script '/home/amin/cobot/cobot_ws/install/mecharm_interfaces/share/mecharm_interfaces/package.ps1'
[2.495s] INFO:colcon.colcon_core.shell:Creating package descriptor '/home/amin/cobot/cobot_ws/install/mecharm_interfaces/share/mecharm_interfaces/package.dsv'
[2.496s] INFO:colcon.colcon_core.shell:Creating package script '/home/amin/cobot/cobot_ws/install/mecharm_interfaces/share/mecharm_interfaces/package.sh'
[2.496s] INFO:colcon.colcon_core.shell:Creating package script '/home/amin/cobot/cobot_ws/install/mecharm_interfaces/share/mecharm_interfaces/package.bash'
[2.497s] INFO:colcon.colcon_core.shell:Creating package script '/home/amin/cobot/cobot_ws/install/mecharm_interfaces/share/mecharm_interfaces/package.zsh'
[2.497s] Level 1:colcon.colcon_core.environment:create_file_with_runtime_dependencies(/home/amin/cobot/cobot_ws/install/mecharm_interfaces/share/colcon-core/packages/mecharm_interfaces)
[2.497s] Level 1:colcon.colcon_core.environment:create_environment_scripts_only(mycobot_pro450_interfaces)
[2.498s] Level 1:colcon.colcon_core.environment:checking '/home/amin/cobot/cobot_ws/install/mycobot_pro450_interfaces' for CMake module files
[2.500s] Level 1:colcon.colcon_core.environment:checking '/home/amin/cobot/cobot_ws/install/mycobot_pro450_interfaces' for CMake config files
[2.501s] DEBUG:colcon.colcon_core.event_handler.log_command:Invoked command in '/home/amin/cobot/cobot_ws/build/mycobot_pro450_interfaces' returned '0': CMAKE_PREFIX_PATH=${CMAKE_PREFIX_PATH}:/home/amin/cobot/cobot_ws/install/ultraarm:/home/amin/cobot/cobot_ws/install/pro450_moveit2_control:/home/amin/cobot/cobot_ws/install/mypalletizer_communication:/home/amin/cobot/cobot_ws/install/mypalletizer_260_pi:/home/amin/cobot/cobot_ws/install/mypalletizer_260:/home/amin/cobot/cobot_ws/install/mycobot_pro_450:/home/amin/cobot/cobot_ws/install/myarm_m750:/home/amin/cobot/cobot_ws/install/myarm_c650:/home/amin/cobot/cobot_ws/install/mycobot_communication:/home/amin/cobot/cobot_ws/install/mecharm_communication:/home/amin/cobot/cobot_ws/install/mycobot_630:/home/amin/cobot/cobot_ws/install/mycobot_600:/home/amin/cobot/cobot_ws/install/mycobot_320pi:/home/amin/cobot/cobot_ws/install/mycobot_320_riscv:/home/amin/cobot/cobot_ws/install/mycobot_320:/home/amin/cobot/cobot_ws/install/mycobot_280pi:/home/amin/cobot/cobot_ws/install/mycobot_280jn:/home/amin/cobot/cobot_ws/install/mycobot_280_x3pi:/home/amin/cobot/cobot_ws/install/mycobot_280_riscv:/home/amin/cobot/cobot_ws/install/mycobot_280_rdkx5:/home/amin/cobot/cobot_ws/install/mycobot_280_moveit2_control:/home/amin/cobot/cobot_ws/install/mycobot_280_arduino:/home/amin/cobot/cobot_ws/install/mycobot_280:/home/amin/cobot/cobot_ws/install/mybuddy:/home/amin/cobot/cobot_ws/install/myarm_300:/home/amin/cobot/cobot_ws/install/mecharm_pi:/home/amin/cobot/cobot_ws/install/mecharm:/home/amin/cobot/cobot_ws/install/mycobot_description:/opt/ros/jazzy DEBUGINFOD_URLS=https://debuginfod.ubuntu.com /usr/bin/cmake --install /home/amin/cobot/cobot_ws/build/mycobot_pro450_interfaces
[2.503s] Level 1:colcon.colcon_core.shell:create_environment_hook('mycobot_pro450_interfaces', 'cmake_prefix_path')
[2.504s] INFO:colcon.colcon_core.shell:Creating environment hook '/home/amin/cobot/cobot_ws/install/mycobot_pro450_interfaces/share/mycobot_pro450_interfaces/hook/cmake_prefix_path.ps1'
[2.505s] INFO:colcon.colcon_core.shell:Creating environment descriptor '/home/amin/cobot/cobot_ws/install/mycobot_pro450_interfaces/share/mycobot_pro450_interfaces/hook/cmake_prefix_path.dsv'
[2.506s] INFO:colcon.colcon_core.shell:Creating environment hook '/home/amin/cobot/cobot_ws/install/mycobot_pro450_interfaces/share/mycobot_pro450_interfaces/hook/cmake_prefix_path.sh'
[2.507s] Level 1:colcon.colcon_core.environment:checking '/home/amin/cobot/cobot_ws/install/mycobot_pro450_interfaces/lib'
[2.507s] Level 1:colcon.colcon_core.shell:create_environment_hook('mycobot_pro450_interfaces', 'ld_library_path_lib')
[2.507s] INFO:colcon.colcon_core.shell:Creating environment hook '/home/amin/cobot/cobot_ws/install/mycobot_pro450_interfaces/share/mycobot_pro450_interfaces/hook/ld_library_path_lib.ps1'
[2.508s] INFO:colcon.colcon_core.shell:Creating environment descriptor '/home/amin/cobot/cobot_ws/install/mycobot_pro450_interfaces/share/mycobot_pro450_interfaces/hook/ld_library_path_lib.dsv'
[2.508s] INFO:colcon.colcon_core.shell:Creating environment hook '/home/amin/cobot/cobot_ws/install/mycobot_pro450_interfaces/share/mycobot_pro450_interfaces/hook/ld_library_path_lib.sh'
[2.509s] Level 1:colcon.colcon_core.environment:checking '/home/amin/cobot/cobot_ws/install/mycobot_pro450_interfaces/bin'
[2.509s] Level 1:colcon.colcon_core.environment:checking '/home/amin/cobot/cobot_ws/install/mycobot_pro450_interfaces/lib/pkgconfig/mycobot_pro450_interfaces.pc'
[2.509s] Level 1:colcon.colcon_core.environment:checking '/home/amin/cobot/cobot_ws/install/mycobot_pro450_interfaces/lib/python3.12/site-packages'
[2.509s] Level 1:colcon.colcon_core.shell:create_environment_hook('mycobot_pro450_interfaces', 'pythonpath')
[2.510s] INFO:colcon.colcon_core.shell:Creating environment hook '/home/amin/cobot/cobot_ws/install/mycobot_pro450_interfaces/share/mycobot_pro450_interfaces/hook/pythonpath.ps1'
[2.511s] INFO:colcon.colcon_core.shell:Creating environment descriptor '/home/amin/cobot/cobot_ws/install/mycobot_pro450_interfaces/share/mycobot_pro450_interfaces/hook/pythonpath.dsv'
[2.511s] INFO:colcon.colcon_core.shell:Creating environment hook '/home/amin/cobot/cobot_ws/install/mycobot_pro450_interfaces/share/mycobot_pro450_interfaces/hook/pythonpath.sh'
[2.512s] Level 1:colcon.colcon_core.environment:checking '/home/amin/cobot/cobot_ws/install/mycobot_pro450_interfaces/bin'
[2.513s] INFO:colcon.colcon_core.shell:Creating package script '/home/amin/cobot/cobot_ws/install/mycobot_pro450_interfaces/share/mycobot_pro450_interfaces/package.ps1'
[2.515s] INFO:colcon.colcon_core.shell:Creating package descriptor '/home/amin/cobot/cobot_ws/install/mycobot_pro450_interfaces/share/mycobot_pro450_interfaces/package.dsv'
[2.516s] INFO:colcon.colcon_core.shell:Creating package script '/home/amin/cobot/cobot_ws/install/mycobot_pro450_interfaces/share/mycobot_pro450_interfaces/package.sh'
[2.517s] INFO:colcon.colcon_core.shell:Creating package script '/home/amin/cobot/cobot_ws/install/mycobot_pro450_interfaces/share/mycobot_pro450_interfaces/package.bash'
[2.517s] INFO:colcon.colcon_core.shell:Creating package script '/home/amin/cobot/cobot_ws/install/mycobot_pro450_interfaces/share/mycobot_pro450_interfaces/package.zsh'
[2.518s] Level 1:colcon.colcon_core.environment:create_file_with_runtime_dependencies(/home/amin/cobot/cobot_ws/install/mycobot_pro450_interfaces/share/colcon-core/packages/mycobot_pro450_interfaces)
[2.519s] Level 1:colcon.colcon_core.environment:create_environment_scripts_only(mycobot_pro450_interfaces)
[2.520s] Level 1:colcon.colcon_core.environment:checking '/home/amin/cobot/cobot_ws/install/mycobot_pro450_interfaces' for CMake module files
[2.521s] Level 1:colcon.colcon_core.environment:checking '/home/amin/cobot/cobot_ws/install/mycobot_pro450_interfaces' for CMake config files
[2.523s] Level 1:colcon.colcon_core.shell:create_environment_hook('mycobot_pro450_interfaces', 'cmake_prefix_path')
[2.523s] INFO:colcon.colcon_core.shell:Creating environment hook '/home/amin/cobot/cobot_ws/install/mycobot_pro450_interfaces/share/mycobot_pro450_interfaces/hook/cmake_prefix_path.ps1'
[2.524s] INFO:colcon.colcon_core.shell:Creating environment descriptor '/home/amin/cobot/cobot_ws/install/mycobot_pro450_interfaces/share/mycobot_pro450_interfaces/hook/cmake_prefix_path.dsv'
[2.525s] INFO:colcon.colcon_core.shell:Creating environment hook '/home/amin/cobot/cobot_ws/install/mycobot_pro450_interfaces/share/mycobot_pro450_interfaces/hook/cmake_prefix_path.sh'
[2.526s] Level 1:colcon.colcon_core.environment:checking '/home/amin/cobot/cobot_ws/install/mycobot_pro450_interfaces/lib'
[2.526s] Level 1:colcon.colcon_core.shell:create_environment_hook('mycobot_pro450_interfaces', 'ld_library_path_lib')
[2.527s] INFO:colcon.colcon_core.shell:Creating environment hook '/home/amin/cobot/cobot_ws/install/mycobot_pro450_interfaces/share/mycobot_pro450_interfaces/hook/ld_library_path_lib.ps1'
[2.528s] INFO:colcon.colcon_core.shell:Creating environment descriptor '/home/amin/cobot/cobot_ws/install/mycobot_pro450_interfaces/share/mycobot_pro450_interfaces/hook/ld_library_path_lib.dsv'
[2.529s] INFO:colcon.colcon_core.shell:Creating environment hook '/home/amin/cobot/cobot_ws/install/mycobot_pro450_interfaces/share/mycobot_pro450_interfaces/hook/ld_library_path_lib.sh'
[2.529s] Level 1:colcon.colcon_core.environment:checking '/home/amin/cobot/cobot_ws/install/mycobot_pro450_interfaces/bin'
[2.529s] Level 1:colcon.colcon_core.environment:checking '/home/amin/cobot/cobot_ws/install/mycobot_pro450_interfaces/lib/pkgconfig/mycobot_pro450_interfaces.pc'
[2.529s] Level 1:colcon.colcon_core.environment:checking '/home/amin/cobot/cobot_ws/install/mycobot_pro450_interfaces/lib/python3.12/site-packages'
[2.530s] Level 1:colcon.colcon_core.shell:create_environment_hook('mycobot_pro450_interfaces', 'pythonpath')
[2.530s] INFO:colcon.colcon_core.shell:Creating environment hook '/home/amin/cobot/cobot_ws/install/mycobot_pro450_interfaces/share/mycobot_pro450_interfaces/hook/pythonpath.ps1'
[2.531s] INFO:colcon.colcon_core.shell:Creating environment descriptor '/home/amin/cobot/cobot_ws/install/mycobot_pro450_interfaces/share/mycobot_pro450_interfaces/hook/pythonpath.dsv'
[2.532s] INFO:colcon.colcon_core.shell:Creating environment hook '/home/amin/cobot/cobot_ws/install/mycobot_pro450_interfaces/share/mycobot_pro450_interfaces/hook/pythonpath.sh'
[2.533s] Level 1:colcon.colcon_core.environment:checking '/home/amin/cobot/cobot_ws/install/mycobot_pro450_interfaces/bin'
[2.534s] INFO:colcon.colcon_core.shell:Creating package script '/home/amin/cobot/cobot_ws/install/mycobot_pro450_interfaces/share/mycobot_pro450_interfaces/package.ps1'
[2.535s] INFO:colcon.colcon_core.shell:Creating package descriptor '/home/amin/cobot/cobot_ws/install/mycobot_pro450_interfaces/share/mycobot_pro450_interfaces/package.dsv'
[2.536s] INFO:colcon.colcon_core.shell:Creating package script '/home/amin/cobot/cobot_ws/install/mycobot_pro450_interfaces/share/mycobot_pro450_interfaces/package.sh'
[2.537s] INFO:colcon.colcon_core.shell:Creating package script '/home/amin/cobot/cobot_ws/install/mycobot_pro450_interfaces/share/mycobot_pro450_interfaces/package.bash'
[2.537s] INFO:colcon.colcon_core.shell:Creating package script '/home/amin/cobot/cobot_ws/install/mycobot_pro450_interfaces/share/mycobot_pro450_interfaces/package.zsh'
[2.538s] Level 1:colcon.colcon_core.environment:create_file_with_runtime_dependencies(/home/amin/cobot/cobot_ws/install/mycobot_pro450_interfaces/share/colcon-core/packages/mycobot_pro450_interfaces)
[2.538s] Level 1:colcon.colcon_core.environment:create_environment_scripts_only(mypalletizer_interfaces)
[2.538s] Level 1:colcon.colcon_core.environment:checking '/home/amin/cobot/cobot_ws/install/mypalletizer_interfaces' for CMake module files
[2.541s] DEBUG:colcon.colcon_core.event_handler.log_command:Invoked command in '/home/amin/cobot/cobot_ws/build/mypalletizer_interfaces' returned '0': CMAKE_PREFIX_PATH=${CMAKE_PREFIX_PATH}:/home/amin/cobot/cobot_ws/install/ultraarm:/home/amin/cobot/cobot_ws/install/pro450_moveit2_control:/home/amin/cobot/cobot_ws/install/mypalletizer_communication:/home/amin/cobot/cobot_ws/install/mypalletizer_260_pi:/home/amin/cobot/cobot_ws/install/mypalletizer_260:/home/amin/cobot/cobot_ws/install/mycobot_pro_450:/home/amin/cobot/cobot_ws/install/myarm_m750:/home/amin/cobot/cobot_ws/install/myarm_c650:/home/amin/cobot/cobot_ws/install/mycobot_communication:/home/amin/cobot/cobot_ws/install/mecharm_communication:/home/amin/cobot/cobot_ws/install/mycobot_630:/home/amin/cobot/cobot_ws/install/mycobot_600:/home/amin/cobot/cobot_ws/install/mycobot_320pi:/home/amin/cobot/cobot_ws/install/mycobot_320_riscv:/home/amin/cobot/cobot_ws/install/mycobot_320:/home/amin/cobot/cobot_ws/install/mycobot_280pi:/home/amin/cobot/cobot_ws/install/mycobot_280jn:/home/amin/cobot/cobot_ws/install/mycobot_280_x3pi:/home/amin/cobot/cobot_ws/install/mycobot_280_riscv:/home/amin/cobot/cobot_ws/install/mycobot_280_rdkx5:/home/amin/cobot/cobot_ws/install/mycobot_280_moveit2_control:/home/amin/cobot/cobot_ws/install/mycobot_280_arduino:/home/amin/cobot/cobot_ws/install/mycobot_280:/home/amin/cobot/cobot_ws/install/mybuddy:/home/amin/cobot/cobot_ws/install/myarm_300:/home/amin/cobot/cobot_ws/install/mecharm_pi:/home/amin/cobot/cobot_ws/install/mecharm:/home/amin/cobot/cobot_ws/install/mycobot_description:/opt/ros/jazzy DEBUGINFOD_URLS=https://debuginfod.ubuntu.com /usr/bin/cmake --install /home/amin/cobot/cobot_ws/build/mypalletizer_interfaces
[2.541s] Level 1:colcon.colcon_core.environment:checking '/home/amin/cobot/cobot_ws/install/mypalletizer_interfaces' for CMake config files
[2.543s] Level 1:colcon.colcon_core.shell:create_environment_hook('mypalletizer_interfaces', 'cmake_prefix_path')
[2.544s] INFO:colcon.colcon_core.shell:Creating environment hook '/home/amin/cobot/cobot_ws/install/mypalletizer_interfaces/share/mypalletizer_interfaces/hook/cmake_prefix_path.ps1'
[2.546s] INFO:colcon.colcon_core.shell:Creating environment descriptor '/home/amin/cobot/cobot_ws/install/mypalletizer_interfaces/share/mypalletizer_interfaces/hook/cmake_prefix_path.dsv'
[2.546s] INFO:colcon.colcon_core.shell:Creating environment hook '/home/amin/cobot/cobot_ws/install/mypalletizer_interfaces/share/mypalletizer_interfaces/hook/cmake_prefix_path.sh'
[2.548s] Level 1:colcon.colcon_core.environment:checking '/home/amin/cobot/cobot_ws/install/mypalletizer_interfaces/lib'
[2.548s] Level 1:colcon.colcon_core.shell:create_environment_hook('mypalletizer_interfaces', 'ld_library_path_lib')
[2.548s] INFO:colcon.colcon_core.shell:Creating environment hook '/home/amin/cobot/cobot_ws/install/mypalletizer_interfaces/share/mypalletizer_interfaces/hook/ld_library_path_lib.ps1'
[2.549s] INFO:colcon.colcon_core.shell:Creating environment descriptor '/home/amin/cobot/cobot_ws/install/mypalletizer_interfaces/share/mypalletizer_interfaces/hook/ld_library_path_lib.dsv'
[2.549s] INFO:colcon.colcon_core.shell:Creating environment hook '/home/amin/cobot/cobot_ws/install/mypalletizer_interfaces/share/mypalletizer_interfaces/hook/ld_library_path_lib.sh'
[2.550s] Level 1:colcon.colcon_core.environment:checking '/home/amin/cobot/cobot_ws/install/mypalletizer_interfaces/bin'
[2.550s] Level 1:colcon.colcon_core.environment:checking '/home/amin/cobot/cobot_ws/install/mypalletizer_interfaces/lib/pkgconfig/mypalletizer_interfaces.pc'
[2.550s] Level 1:colcon.colcon_core.environment:checking '/home/amin/cobot/cobot_ws/install/mypalletizer_interfaces/lib/python3.12/site-packages'
[2.551s] Level 1:colcon.colcon_core.shell:create_environment_hook('mypalletizer_interfaces', 'pythonpath')
[2.551s] INFO:colcon.colcon_core.shell:Creating environment hook '/home/amin/cobot/cobot_ws/install/mypalletizer_interfaces/share/mypalletizer_interfaces/hook/pythonpath.ps1'
[2.552s] INFO:colcon.colcon_core.shell:Creating environment descriptor '/home/amin/cobot/cobot_ws/install/mypalletizer_interfaces/share/mypalletizer_interfaces/hook/pythonpath.dsv'
[2.553s] INFO:colcon.colcon_core.shell:Creating environment hook '/home/amin/cobot/cobot_ws/install/mypalletizer_interfaces/share/mypalletizer_interfaces/hook/pythonpath.sh'
[2.554s] Level 1:colcon.colcon_core.environment:checking '/home/amin/cobot/cobot_ws/install/mypalletizer_interfaces/bin'
[2.555s] INFO:colcon.colcon_core.shell:Creating package script '/home/amin/cobot/cobot_ws/install/mypalletizer_interfaces/share/mypalletizer_interfaces/package.ps1'
[2.556s] INFO:colcon.colcon_core.shell:Creating package descriptor '/home/amin/cobot/cobot_ws/install/mypalletizer_interfaces/share/mypalletizer_interfaces/package.dsv'
[2.556s] INFO:colcon.colcon_core.shell:Creating package script '/home/amin/cobot/cobot_ws/install/mypalletizer_interfaces/share/mypalletizer_interfaces/package.sh'
[2.557s] INFO:colcon.colcon_core.shell:Creating package script '/home/amin/cobot/cobot_ws/install/mypalletizer_interfaces/share/mypalletizer_interfaces/package.bash'
[2.558s] INFO:colcon.colcon_core.shell:Creating package script '/home/amin/cobot/cobot_ws/install/mypalletizer_interfaces/share/mypalletizer_interfaces/package.zsh'
[2.559s] Level 1:colcon.colcon_core.environment:create_file_with_runtime_dependencies(/home/amin/cobot/cobot_ws/install/mypalletizer_interfaces/share/colcon-core/packages/mypalletizer_interfaces)
[2.560s] Level 1:colcon.colcon_core.environment:create_environment_scripts_only(mypalletizer_interfaces)
[2.561s] Level 1:colcon.colcon_core.environment:checking '/home/amin/cobot/cobot_ws/install/mypalletizer_interfaces' for CMake module files
[2.561s] Level 1:colcon.colcon_core.environment:checking '/home/amin/cobot/cobot_ws/install/mypalletizer_interfaces' for CMake config files
[2.563s] Level 1:colcon.colcon_core.shell:create_environment_hook('mypalletizer_interfaces', 'cmake_prefix_path')
[2.563s] INFO:colcon.colcon_core.shell:Creating environment hook '/home/amin/cobot/cobot_ws/install/mypalletizer_interfaces/share/mypalletizer_interfaces/hook/cmake_prefix_path.ps1'
[2.564s] INFO:colcon.colcon_core.shell:Creating environment descriptor '/home/amin/cobot/cobot_ws/install/mypalletizer_interfaces/share/mypalletizer_interfaces/hook/cmake_prefix_path.dsv'
[2.565s] INFO:colcon.colcon_core.shell:Creating environment hook '/home/amin/cobot/cobot_ws/install/mypalletizer_interfaces/share/mypalletizer_interfaces/hook/cmake_prefix_path.sh'
[2.566s] Level 1:colcon.colcon_core.environment:checking '/home/amin/cobot/cobot_ws/install/mypalletizer_interfaces/lib'
[2.566s] Level 1:colcon.colcon_core.shell:create_environment_hook('mypalletizer_interfaces', 'ld_library_path_lib')
[2.567s] INFO:colcon.colcon_core.shell:Creating environment hook '/home/amin/cobot/cobot_ws/install/mypalletizer_interfaces/share/mypalletizer_interfaces/hook/ld_library_path_lib.ps1'
[2.568s] INFO:colcon.colcon_core.shell:Creating environment descriptor '/home/amin/cobot/cobot_ws/install/mypalletizer_interfaces/share/mypalletizer_interfaces/hook/ld_library_path_lib.dsv'
[2.568s] INFO:colcon.colcon_core.shell:Creating environment hook '/home/amin/cobot/cobot_ws/install/mypalletizer_interfaces/share/mypalletizer_interfaces/hook/ld_library_path_lib.sh'
[2.569s] Level 1:colcon.colcon_core.environment:checking '/home/amin/cobot/cobot_ws/install/mypalletizer_interfaces/bin'
[2.569s] Level 1:colcon.colcon_core.environment:checking '/home/amin/cobot/cobot_ws/install/mypalletizer_interfaces/lib/pkgconfig/mypalletizer_interfaces.pc'
[2.570s] Level 1:colcon.colcon_core.environment:checking '/home/amin/cobot/cobot_ws/install/mypalletizer_interfaces/lib/python3.12/site-packages'
[2.570s] Level 1:colcon.colcon_core.shell:create_environment_hook('mypalletizer_interfaces', 'pythonpath')
[2.571s] INFO:colcon.colcon_core.shell:Creating environment hook '/home/amin/cobot/cobot_ws/install/mypalletizer_interfaces/share/mypalletizer_interfaces/hook/pythonpath.ps1'
[2.572s] INFO:colcon.colcon_core.shell:Creating environment descriptor '/home/amin/cobot/cobot_ws/install/mypalletizer_interfaces/share/mypalletizer_interfaces/hook/pythonpath.dsv'
[2.573s] INFO:colcon.colcon_core.shell:Creating environment hook '/home/amin/cobot/cobot_ws/install/mypalletizer_interfaces/share/mypalletizer_interfaces/hook/pythonpath.sh'
[2.574s] Level 1:colcon.colcon_core.environment:checking '/home/amin/cobot/cobot_ws/install/mypalletizer_interfaces/bin'
[2.575s] INFO:colcon.colcon_core.shell:Creating package script '/home/amin/cobot/cobot_ws/install/mypalletizer_interfaces/share/mypalletizer_interfaces/package.ps1'
[2.576s] INFO:colcon.colcon_core.shell:Creating package descriptor '/home/amin/cobot/cobot_ws/install/mypalletizer_interfaces/share/mypalletizer_interfaces/package.dsv'
[2.577s] INFO:colcon.colcon_core.shell:Creating package script '/home/amin/cobot/cobot_ws/install/mypalletizer_interfaces/share/mypalletizer_interfaces/package.sh'
[2.578s] INFO:colcon.colcon_core.shell:Creating package script '/home/amin/cobot/cobot_ws/install/mypalletizer_interfaces/share/mypalletizer_interfaces/package.bash'
[2.578s] INFO:colcon.colcon_core.shell:Creating package script '/home/amin/cobot/cobot_ws/install/mypalletizer_interfaces/share/mypalletizer_interfaces/package.zsh'
[2.579s] Level 1:colcon.colcon_core.environment:create_file_with_runtime_dependencies(/home/amin/cobot/cobot_ws/install/mypalletizer_interfaces/share/colcon-core/packages/mypalletizer_interfaces)
[2.582s] INFO:colcon.colcon_ros.task.ament_python.build:Building ROS package in '/home/amin/cobot/cobot_ws/src/mycobot_ros2/mypalletizer_260/mypalletizer_communication' with build type 'ament_python'
[2.582s] Level 1:colcon.colcon_core.shell:create_environment_hook('mypalletizer_communication', 'ament_prefix_path')
[2.583s] INFO:colcon.colcon_core.shell:Creating environment hook '/home/amin/cobot/cobot_ws/install/mypalletizer_communication/share/mypalletizer_communication/hook/ament_prefix_path.ps1'
[2.584s] INFO:colcon.colcon_core.shell:Creating environment descriptor '/home/amin/cobot/cobot_ws/install/mypalletizer_communication/share/mypalletizer_communication/hook/ament_prefix_path.dsv'
[2.587s] INFO:colcon.colcon_core.shell:Creating environment hook '/home/amin/cobot/cobot_ws/install/mypalletizer_communication/share/mypalletizer_communication/hook/ament_prefix_path.sh'
[2.588s] INFO:colcon.colcon_core.shell:Skip shell extension 'powershell' for command environment: Not usable outside of PowerShell
[2.588s] DEBUG:colcon.colcon_core.shell:Skip shell extension 'dsv' for command environment
[3.072s] INFO:colcon.colcon_core.task.python.build:Building Python package in '/home/amin/cobot/cobot_ws/src/mycobot_ros2/mycobot_communication'
[3.073s] INFO:colcon.colcon_core.shell:Skip shell extension 'powershell' for command environment: Not usable outside of PowerShell
[3.073s] DEBUG:colcon.colcon_core.shell:Skip shell extension 'dsv' for command environment
[3.480s] INFO:colcon.colcon_core.task.python.build:Building Python package in '/home/amin/cobot/cobot_ws/src/mycobot_ros2/mecharm/mecharm_communication'
[3.481s] INFO:colcon.colcon_core.shell:Skip shell extension 'powershell' for command environment: Not usable outside of PowerShell
[3.481s] DEBUG:colcon.colcon_core.shell:Skip shell extension 'dsv' for command environment
[3.490s] DEBUG:colcon.colcon_core.event_handler.log_command:Invoking command in '/home/amin/cobot/cobot_ws/src/mycobot_ros2/mycobot_description': DEBUGINFOD_URLS=https://debuginfod.ubuntu.com PYTHONPATH=/home/amin/cobot/cobot_ws/build/mycobot_description/prefix_override:/usr/lib/python3/dist-packages/colcon_core/task/python/colcon_distutils_commands:/home/amin/cobot/cobot_ws/install/mycobot_description/lib/python3.12/site-packages:${PYTHONPATH} /usr/bin/python3 -W ignore:setup.py install is deprecated -W ignore:easy_install command is deprecated setup.py egg_info --egg-base ../../../build/mycobot_description build --build-base /home/amin/cobot/cobot_ws/build/mycobot_description/build install --record /home/amin/cobot/cobot_ws/build/mycobot_description/install.log --single-version-externally-managed install_data
[3.906s] INFO:colcon.colcon_core.task.python.build:Building Python package in '/home/amin/cobot/cobot_ws/src/mycobot_ros2/mypalletizer_260/mypalletizer_communication'
[3.906s] INFO:colcon.colcon_core.shell:Skip shell extension 'powershell' for command environment: Not usable outside of PowerShell
[3.906s] DEBUG:colcon.colcon_core.shell:Skip shell extension 'dsv' for command environment
[4.473s] Level 1:colcon.colcon_core.environment:checking '/home/amin/cobot/cobot_ws/install/mycobot_description' for CMake module files
[4.475s] Level 1:colcon.colcon_core.environment:checking '/home/amin/cobot/cobot_ws/install/mycobot_description' for CMake config files
[4.476s] DEBUG:colcon.colcon_core.event_handler.log_command:Invoked command in '/home/amin/cobot/cobot_ws/src/mycobot_ros2/mycobot_description' returned '0': DEBUGINFOD_URLS=https://debuginfod.ubuntu.com PYTHONPATH=/home/amin/cobot/cobot_ws/build/mycobot_description/prefix_override:/usr/lib/python3/dist-packages/colcon_core/task/python/colcon_distutils_commands:/home/amin/cobot/cobot_ws/install/mycobot_description/lib/python3.12/site-packages:${PYTHONPATH} /usr/bin/python3 -W ignore:setup.py install is deprecated -W ignore:easy_install command is deprecated setup.py egg_info --egg-base ../../../build/mycobot_description build --build-base /home/amin/cobot/cobot_ws/build/mycobot_description/build install --record /home/amin/cobot/cobot_ws/build/mycobot_description/install.log --single-version-externally-managed install_data
[4.478s] Level 1:colcon.colcon_core.environment:checking '/home/amin/cobot/cobot_ws/install/mycobot_description/lib'
[4.478s] Level 1:colcon.colcon_core.environment:checking '/home/amin/cobot/cobot_ws/install/mycobot_description/bin'
[4.478s] Level 1:colcon.colcon_core.environment:checking '/home/amin/cobot/cobot_ws/install/mycobot_description/lib/pkgconfig/mycobot_description.pc'
[4.479s] Level 1:colcon.colcon_core.environment:checking '/home/amin/cobot/cobot_ws/install/mycobot_description/lib/python3.12/site-packages'
[4.479s] Level 1:colcon.colcon_core.shell:create_environment_hook('mycobot_description', 'pythonpath')
[4.479s] INFO:colcon.colcon_core.shell:Creating environment hook '/home/amin/cobot/cobot_ws/install/mycobot_description/share/mycobot_description/hook/pythonpath.ps1'
[4.480s] INFO:colcon.colcon_core.shell:Creating environment descriptor '/home/amin/cobot/cobot_ws/install/mycobot_description/share/mycobot_description/hook/pythonpath.dsv'
[4.480s] INFO:colcon.colcon_core.shell:Creating environment hook '/home/amin/cobot/cobot_ws/install/mycobot_description/share/mycobot_description/hook/pythonpath.sh'
[4.481s] Level 1:colcon.colcon_core.environment:checking '/home/amin/cobot/cobot_ws/install/mycobot_description/bin'
[4.481s] Level 1:colcon.colcon_core.environment:create_environment_scripts_only(mycobot_description)
[4.481s] INFO:colcon.colcon_core.shell:Creating package script '/home/amin/cobot/cobot_ws/install/mycobot_description/share/mycobot_description/package.ps1'
[4.481s] INFO:colcon.colcon_core.shell:Creating package descriptor '/home/amin/cobot/cobot_ws/install/mycobot_description/share/mycobot_description/package.dsv'
[4.482s] INFO:colcon.colcon_core.shell:Creating package script '/home/amin/cobot/cobot_ws/install/mycobot_description/share/mycobot_description/package.sh'
[4.483s] INFO:colcon.colcon_core.shell:Creating package script '/home/amin/cobot/cobot_ws/install/mycobot_description/share/mycobot_description/package.bash'
[4.483s] INFO:colcon.colcon_core.shell:Creating package script '/home/amin/cobot/cobot_ws/install/mycobot_description/share/mycobot_description/package.zsh'
[4.484s] Level 1:colcon.colcon_core.environment:create_file_with_runtime_dependencies(/home/amin/cobot/cobot_ws/install/mycobot_description/share/colcon-core/packages/mycobot_description)
[4.485s] INFO:colcon.colcon_ros.task.ament_python.build:Building ROS package in '/home/amin/cobot/cobot_ws/src/mycobot_ros2/mecharm/mecharm' with build type 'ament_python'
[4.485s] Level 1:colcon.colcon_core.shell:create_environment_hook('mecharm', 'ament_prefix_path')
[4.486s] INFO:colcon.colcon_core.shell:Creating environment hook '/home/amin/cobot/cobot_ws/install/mecharm/share/mecharm/hook/ament_prefix_path.ps1'
[4.488s] INFO:colcon.colcon_core.shell:Creating environment descriptor '/home/amin/cobot/cobot_ws/install/mecharm/share/mecharm/hook/ament_prefix_path.dsv'
[4.489s] INFO:colcon.colcon_core.shell:Creating environment hook '/home/amin/cobot/cobot_ws/install/mecharm/share/mecharm/hook/ament_prefix_path.sh'
[4.490s] INFO:colcon.colcon_core.shell:Skip shell extension 'powershell' for command environment: Not usable outside of PowerShell
[4.490s] DEBUG:colcon.colcon_core.shell:Skip shell extension 'dsv' for command environment
[4.500s] INFO:colcon.colcon_ros.task.ament_python.build:Building ROS package in '/home/amin/cobot/cobot_ws/src/mycobot_ros2/mecharm/mecharm_pi' with build type 'ament_python'
[4.500s] Level 1:colcon.colcon_core.shell:create_environment_hook('mecharm_pi', 'ament_prefix_path')
[4.502s] INFO:colcon.colcon_core.shell:Creating environment hook '/home/amin/cobot/cobot_ws/install/mecharm_pi/share/mecharm_pi/hook/ament_prefix_path.ps1'
[4.504s] INFO:colcon.colcon_core.shell:Creating environment descriptor '/home/amin/cobot/cobot_ws/install/mecharm_pi/share/mecharm_pi/hook/ament_prefix_path.dsv'
[4.505s] INFO:colcon.colcon_core.shell:Creating environment hook '/home/amin/cobot/cobot_ws/install/mecharm_pi/share/mecharm_pi/hook/ament_prefix_path.sh'
[4.506s] INFO:colcon.colcon_core.shell:Skip shell extension 'powershell' for command environment: Not usable outside of PowerShell
[4.506s] DEBUG:colcon.colcon_core.shell:Skip shell extension 'dsv' for command environment
[4.516s] INFO:colcon.colcon_ros.task.ament_python.build:Building ROS package in '/home/amin/cobot/cobot_ws/src/mycobot_ros2/myArm/myarm_300' with build type 'ament_python'
[4.518s] Level 1:colcon.colcon_core.shell:create_environment_hook('myarm_300', 'ament_prefix_path')
[4.519s] INFO:colcon.colcon_core.shell:Creating environment hook '/home/amin/cobot/cobot_ws/install/myarm_300/share/myarm_300/hook/ament_prefix_path.ps1'
[4.521s] INFO:colcon.colcon_core.shell:Creating environment descriptor '/home/amin/cobot/cobot_ws/install/myarm_300/share/myarm_300/hook/ament_prefix_path.dsv'
[4.522s] INFO:colcon.colcon_core.shell:Creating environment hook '/home/amin/cobot/cobot_ws/install/myarm_300/share/myarm_300/hook/ament_prefix_path.sh'
[4.523s] INFO:colcon.colcon_core.shell:Skip shell extension 'powershell' for command environment: Not usable outside of PowerShell
[4.523s] DEBUG:colcon.colcon_core.shell:Skip shell extension 'dsv' for command environment
[4.538s] INFO:colcon.colcon_ros.task.ament_python.build:Building ROS package in '/home/amin/cobot/cobot_ws/src/mycobot_ros2/Mybuddy/mybuddy' with build type 'ament_python'
[4.538s] Level 1:colcon.colcon_core.shell:create_environment_hook('mybuddy', 'ament_prefix_path')
[4.539s] INFO:colcon.colcon_core.shell:Creating environment hook '/home/amin/cobot/cobot_ws/install/mybuddy/share/mybuddy/hook/ament_prefix_path.ps1'
[4.541s] INFO:colcon.colcon_core.shell:Creating environment descriptor '/home/amin/cobot/cobot_ws/install/mybuddy/share/mybuddy/hook/ament_prefix_path.dsv'
[4.541s] INFO:colcon.colcon_core.shell:Creating environment hook '/home/amin/cobot/cobot_ws/install/mybuddy/share/mybuddy/hook/ament_prefix_path.sh'
[4.542s] INFO:colcon.colcon_core.shell:Skip shell extension 'powershell' for command environment: Not usable outside of PowerShell
[4.542s] DEBUG:colcon.colcon_core.shell:Skip shell extension 'dsv' for command environment
[4.554s] INFO:colcon.colcon_ros.task.ament_python.build:Building ROS package in '/home/amin/cobot/cobot_ws/src/mycobot_ros2/mycobot_280/mycobot_280' with build type 'ament_python'
[4.554s] Level 1:colcon.colcon_core.shell:create_environment_hook('mycobot_280', 'ament_prefix_path')
[4.555s] INFO:colcon.colcon_core.shell:Creating environment hook '/home/amin/cobot/cobot_ws/install/mycobot_280/share/mycobot_280/hook/ament_prefix_path.ps1'
[4.556s] INFO:colcon.colcon_core.shell:Creating environment descriptor '/home/amin/cobot/cobot_ws/install/mycobot_280/share/mycobot_280/hook/ament_prefix_path.dsv'
[4.556s] INFO:colcon.colcon_core.shell:Creating environment hook '/home/amin/cobot/cobot_ws/install/mycobot_280/share/mycobot_280/hook/ament_prefix_path.sh'
[4.558s] INFO:colcon.colcon_core.shell:Skip shell extension 'powershell' for command environment: Not usable outside of PowerShell
[4.558s] DEBUG:colcon.colcon_core.shell:Skip shell extension 'dsv' for command environment
[4.998s] INFO:colcon.colcon_core.task.python.build:Building Python package in '/home/amin/cobot/cobot_ws/src/mycobot_ros2/mecharm/mecharm'
[4.999s] INFO:colcon.colcon_core.shell:Skip shell extension 'powershell' for command environment: Not usable outside of PowerShell
[4.999s] DEBUG:colcon.colcon_core.shell:Skip shell extension 'dsv' for command environment
[5.380s] INFO:colcon.colcon_core.task.python.build:Building Python package in '/home/amin/cobot/cobot_ws/src/mycobot_ros2/mecharm/mecharm_pi'
[5.381s] INFO:colcon.colcon_core.shell:Skip shell extension 'powershell' for command environment: Not usable outside of PowerShell
[5.381s] DEBUG:colcon.colcon_core.shell:Skip shell extension 'dsv' for command environment
[5.765s] INFO:colcon.colcon_core.task.python.build:Building Python package in '/home/amin/cobot/cobot_ws/src/mycobot_ros2/myArm/myarm_300'
[5.765s] INFO:colcon.colcon_core.shell:Skip shell extension 'powershell' for command environment: Not usable outside of PowerShell
[5.765s] DEBUG:colcon.colcon_core.shell:Skip shell extension 'dsv' for command environment
[6.146s] INFO:colcon.colcon_core.task.python.build:Building Python package in '/home/amin/cobot/cobot_ws/src/mycobot_ros2/Mybuddy/mybuddy'
[6.147s] INFO:colcon.colcon_core.shell:Skip shell extension 'powershell' for command environment: Not usable outside of PowerShell
[6.147s] DEBUG:colcon.colcon_core.shell:Skip shell extension 'dsv' for command environment
[6.533s] INFO:colcon.colcon_core.task.python.build:Building Python package in '/home/amin/cobot/cobot_ws/src/mycobot_ros2/mycobot_280/mycobot_280'
[6.534s] INFO:colcon.colcon_core.shell:Skip shell extension 'powershell' for command environment: Not usable outside of PowerShell
[6.534s] DEBUG:colcon.colcon_core.shell:Skip shell extension 'dsv' for command environment
[6.544s] DEBUG:colcon.colcon_core.event_handler.log_command:Invoking command in '/home/amin/cobot/cobot_ws/src/mycobot_ros2/mecharm/mecharm_communication': CMAKE_PREFIX_PATH=/home/amin/cobot/cobot_ws/install/mycobot_interfaces:/home/amin/cobot/cobot_ws/install/pro450_moveit2:/home/amin/cobot/cobot_ws/install/mypalletizer_interfaces:/home/amin/cobot/cobot_ws/install/mycobot_pro450_interfaces:/home/amin/cobot/cobot_ws/install/mycobot_280rdkx5_moveit2:/home/amin/cobot/cobot_ws/install/mycobot_280arduino_moveit2:/home/amin/cobot/cobot_ws/install/mycobot_280_moveit2:/home/amin/cobot/cobot_ws/install/mycobot_280_gazebo_jazzy:/home/amin/cobot/cobot_ws/install/mycobot_280_gazebo:/home/amin/cobot/cobot_ws/install/mecharm_interfaces:/opt/ros/jazzy/opt/gz_sim_vendor:/opt/ros/jazzy/opt/gz_sensors_vendor:/opt/ros/jazzy/opt/gz_physics_vendor:/opt/ros/jazzy/opt/sdformat_vendor:/opt/ros/jazzy/opt/gz_gui_vendor:/opt/ros/jazzy/opt/gz_transport_vendor:/opt/ros/jazzy/opt/gz_rendering_vendor:/opt/ros/jazzy/opt/gz_plugin_vendor:/opt/ros/jazzy/opt/gz_fuel_tools_vendor:/opt/ros/jazzy/opt/gz_msgs_vendor:/opt/ros/jazzy/opt/gz_common_vendor:/opt/ros/jazzy/opt/gz_math_vendor:/opt/ros/jazzy/opt/gz_utils_vendor:/opt/ros/jazzy/opt/gz_tools_vendor:/opt/ros/jazzy/opt/gz_ogre_next_vendor:/opt/ros/jazzy/opt/gz_dartsim_vendor:/opt/ros/jazzy/opt/gz_cmake_vendor DEBUGINFOD_URLS=https://debuginfod.ubuntu.com LD_LIBRARY_PATH=/home/amin/cobot/cobot_ws/install/mycobot_interfaces/lib:/home/amin/cobot/cobot_ws/install/mypalletizer_interfaces/lib:/home/amin/cobot/cobot_ws/install/mycobot_pro450_interfaces/lib:/home/amin/cobot/cobot_ws/install/mecharm_interfaces/lib:/opt/ros/jazzy/opt/gz_sim_vendor/lib:/opt/ros/jazzy/opt/gz_sensors_vendor/lib:/opt/ros/jazzy/opt/gz_physics_vendor/lib:/opt/ros/jazzy/opt/sdformat_vendor/lib:/opt/ros/jazzy/opt/rviz_ogre_vendor/lib:/opt/ros/jazzy/lib/x86_64-linux-gnu:/opt/ros/jazzy/opt/gz_gui_vendor/lib:/opt/ros/jazzy/opt/gz_transport_vendor/lib:/opt/ros/jazzy/opt/gz_rendering_vendor/lib:/opt/ros/jazzy/opt/gz_plugin_vendor/lib:/opt/ros/jazzy/opt/gz_fuel_tools_vendor/lib:/opt/ros/jazzy/opt/gz_msgs_vendor/lib:/opt/ros/jazzy/opt/gz_common_vendor/lib:/opt/ros/jazzy/opt/gz_math_vendor/lib:/opt/ros/jazzy/opt/gz_utils_vendor/lib:/opt/ros/jazzy/opt/gz_tools_vendor/lib:/opt/ros/jazzy/opt/gz_ogre_next_vendor/lib:/opt/ros/jazzy/opt/gz_dartsim_vendor/lib:/opt/ros/jazzy/opt/gz_cmake_vendor/lib:/opt/ros/jazzy/lib PYTHONPATH=/home/amin/cobot/cobot_ws/build/mecharm_communication/prefix_override:/usr/lib/python3/dist-packages/colcon_core/task/python/colcon_distutils_commands:/home/amin/cobot/cobot_ws/install/mecharm_communication/lib/python3.12/site-packages:/home/amin/cobot/cobot_ws/install/mycobot_interfaces/lib/python3.12/site-packages:/home/amin/cobot/cobot_ws/install/ultraarm/lib/python3.12/site-packages:/home/amin/cobot/cobot_ws/install/pro450_moveit2_control/lib/python3.12/site-packages:/home/amin/cobot/cobot_ws/install/mypalletizer_communication/lib/python3.12/site-packages:/home/amin/cobot/cobot_ws/install/mypalletizer_interfaces/lib/python3.12/site-packages:/home/amin/cobot/cobot_ws/install/mypalletizer_260_pi/lib/python3.12/site-packages:/home/amin/cobot/cobot_ws/install/mypalletizer_260/lib/python3.12/site-packages:/home/amin/cobot/cobot_ws/install/mycobot_pro_450/lib/python3.12/site-packages:/home/amin/cobot/cobot_ws/install/mycobot_pro450_interfaces/lib/python3.12/site-packages:/home/amin/cobot/cobot_ws/install/myarm_m750/lib/python3.12/site-packages:/home/amin/cobot/cobot_ws/install/myarm_c650/lib/python3.12/site-packages:/home/amin/cobot/cobot_ws/install/mycobot_communication/lib/python3.12/site-packages:/home/amin/cobot/cobot_ws/install/mecharm_communication/lib/python3.12/site-packages:/home/amin/cobot/cobot_ws/install/mycobot_630/lib/python3.12/site-packages:/home/amin/cobot/cobot_ws/install/mycobot_600/lib/python3.12/site-packages:/home/amin/cobot/cobot_ws/install/mycobot_320pi/lib/python3.12/site-packages:/home/amin/cobot/cobot_ws/install/mycobot_320_riscv/lib/python3.12/site-packages:/home/amin/cobot/cobot_ws/install/mycobot_320/lib/python3.12/site-packages:/home/amin/cobot/cobot_ws/install/mycobot_280pi/lib/python3.12/site-packages:/home/amin/cobot/cobot_ws/install/mycobot_280jn/lib/python3.12/site-packages:/home/amin/cobot/cobot_ws/install/mycobot_280_x3pi/lib/python3.12/site-packages:/home/amin/cobot/cobot_ws/install/mycobot_280_riscv/lib/python3.12/site-packages:/home/amin/cobot/cobot_ws/install/mycobot_280_rdkx5/lib/python3.12/site-packages:/home/amin/cobot/cobot_ws/install/mycobot_280_moveit2_control/lib/python3.12/site-packages:/home/amin/cobot/cobot_ws/install/mycobot_280_arduino/lib/python3.12/site-packages:/home/amin/cobot/cobot_ws/install/mycobot_280/lib/python3.12/site-packages:/home/amin/cobot/cobot_ws/install/mybuddy/lib/python3.12/site-packages:/home/amin/cobot/cobot_ws/install/myarm_300/lib/python3.12/site-packages:/home/amin/cobot/cobot_ws/install/mecharm_pi/lib/python3.12/site-packages:/home/amin/cobot/cobot_ws/install/mecharm/lib/python3.12/site-packages:/home/amin/cobot/cobot_ws/install/mycobot_description/lib/python3.12/site-packages:/home/amin/cobot/cobot_ws/install/mecharm_interfaces/lib/python3.12/site-packages:/opt/ros/jazzy/lib/python3.12/site-packages /usr/bin/python3 -W ignore:setup.py install is deprecated -W ignore:easy_install command is deprecated setup.py egg_info --egg-base ../../../../build/mecharm_communication build --build-base /home/amin/cobot/cobot_ws/build/mecharm_communication/build install --record /home/amin/cobot/cobot_ws/build/mecharm_communication/install.log --single-version-externally-managed install_data
[6.548s] DEBUG:colcon.colcon_core.event_handler.log_command:Invoking command in '/home/amin/cobot/cobot_ws/src/mycobot_ros2/mypalletizer_260/mypalletizer_communication': CMAKE_PREFIX_PATH=/home/amin/cobot/cobot_ws/install/mypalletizer_interfaces:/home/amin/cobot/cobot_ws/install/pro450_moveit2:/home/amin/cobot/cobot_ws/install/mycobot_pro450_interfaces:/home/amin/cobot/cobot_ws/install/mycobot_interfaces:/home/amin/cobot/cobot_ws/install/mycobot_280rdkx5_moveit2:/home/amin/cobot/cobot_ws/install/mycobot_280arduino_moveit2:/home/amin/cobot/cobot_ws/install/mycobot_280_moveit2:/home/amin/cobot/cobot_ws/install/mycobot_280_gazebo_jazzy:/home/amin/cobot/cobot_ws/install/mycobot_280_gazebo:/home/amin/cobot/cobot_ws/install/mecharm_interfaces:/opt/ros/jazzy/opt/gz_sim_vendor:/opt/ros/jazzy/opt/gz_sensors_vendor:/opt/ros/jazzy/opt/gz_physics_vendor:/opt/ros/jazzy/opt/sdformat_vendor:/opt/ros/jazzy/opt/gz_gui_vendor:/opt/ros/jazzy/opt/gz_transport_vendor:/opt/ros/jazzy/opt/gz_rendering_vendor:/opt/ros/jazzy/opt/gz_plugin_vendor:/opt/ros/jazzy/opt/gz_fuel_tools_vendor:/opt/ros/jazzy/opt/gz_msgs_vendor:/opt/ros/jazzy/opt/gz_common_vendor:/opt/ros/jazzy/opt/gz_math_vendor:/opt/ros/jazzy/opt/gz_utils_vendor:/opt/ros/jazzy/opt/gz_tools_vendor:/opt/ros/jazzy/opt/gz_ogre_next_vendor:/opt/ros/jazzy/opt/gz_dartsim_vendor:/opt/ros/jazzy/opt/gz_cmake_vendor DEBUGINFOD_URLS=https://debuginfod.ubuntu.com PYTHONPATH=/home/amin/cobot/cobot_ws/build/mypalletizer_communication/prefix_override:/usr/lib/python3/dist-packages/colcon_core/task/python/colcon_distutils_commands:/home/amin/cobot/cobot_ws/install/mypalletizer_communication/lib/python3.12/site-packages:/home/amin/cobot/cobot_ws/install/mypalletizer_interfaces/lib/python3.12/site-packages:/home/amin/cobot/cobot_ws/install/ultraarm/lib/python3.12/site-packages:/home/amin/cobot/cobot_ws/install/pro450_moveit2_control/lib/python3.12/site-packages:/home/amin/cobot/cobot_ws/install/mypalletizer_communication/lib/python3.12/site-packages:/home/amin/cobot/cobot_ws/install/mypalletizer_260_pi/lib/python3.12/site-packages:/home/amin/cobot/cobot_ws/install/mypalletizer_260/lib/python3.12/site-packages:/home/amin/cobot/cobot_ws/install/mycobot_pro_450/lib/python3.12/site-packages:/home/amin/cobot/cobot_ws/install/mycobot_pro450_interfaces/lib/python3.12/site-packages:/home/amin/cobot/cobot_ws/install/myarm_m750/lib/python3.12/site-packages:/home/amin/cobot/cobot_ws/install/myarm_c650/lib/python3.12/site-packages:/home/amin/cobot/cobot_ws/install/mycobot_communication/lib/python3.12/site-packages:/home/amin/cobot/cobot_ws/install/mecharm_communication/lib/python3.12/site-packages:/home/amin/cobot/cobot_ws/install/mycobot_interfaces/lib/python3.12/site-packages:/home/amin/cobot/cobot_ws/install/mycobot_630/lib/python3.12/site-packages:/home/amin/cobot/cobot_ws/install/mycobot_600/lib/python3.12/site-packages:/home/amin/cobot/cobot_ws/install/mycobot_320pi/lib/python3.12/site-packages:/home/amin/cobot/cobot_ws/install/mycobot_320_riscv/lib/python3.12/site-packages:/home/amin/cobot/cobot_ws/install/mycobot_320/lib/python3.12/site-packages:/home/amin/cobot/cobot_ws/install/mycobot_280pi/lib/python3.12/site-packages:/home/amin/cobot/cobot_ws/install/mycobot_280jn/lib/python3.12/site-packages:/home/amin/cobot/cobot_ws/install/mycobot_280_x3pi/lib/python3.12/site-packages:/home/amin/cobot/cobot_ws/install/mycobot_280_riscv/lib/python3.12/site-packages:/home/amin/cobot/cobot_ws/install/mycobot_280_rdkx5/lib/python3.12/site-packages:/home/amin/cobot/cobot_ws/install/mycobot_280_moveit2_control/lib/python3.12/site-packages:/home/amin/cobot/cobot_ws/install/mycobot_280_arduino/lib/python3.12/site-packages:/home/amin/cobot/cobot_ws/install/mycobot_280/lib/python3.12/site-packages:/home/amin/cobot/cobot_ws/install/mybuddy/lib/python3.12/site-packages:/home/amin/cobot/cobot_ws/install/myarm_300/lib/python3.12/site-packages:/home/amin/cobot/cobot_ws/install/mecharm_pi/lib/python3.12/site-packages:/home/amin/cobot/cobot_ws/install/mecharm/lib/python3.12/site-packages:/home/amin/cobot/cobot_ws/install/mycobot_description/lib/python3.12/site-packages:/home/amin/cobot/cobot_ws/install/mecharm_interfaces/lib/python3.12/site-packages:/opt/ros/jazzy/lib/python3.12/site-packages /usr/bin/python3 -W ignore:setup.py install is deprecated -W ignore:easy_install command is deprecated setup.py egg_info --egg-base ../../../../build/mypalletizer_communication build --build-base /home/amin/cobot/cobot_ws/build/mypalletizer_communication/build install --record /home/amin/cobot/cobot_ws/build/mypalletizer_communication/install.log --single-version-externally-managed install_data
[6.554s] DEBUG:colcon.colcon_core.event_handler.log_command:Invoking command in '/home/amin/cobot/cobot_ws/src/mycobot_ros2/mycobot_communication': CMAKE_PREFIX_PATH=/home/amin/cobot/cobot_ws/install/mycobot_interfaces:/home/amin/cobot/cobot_ws/install/pro450_moveit2:/home/amin/cobot/cobot_ws/install/mypalletizer_interfaces:/home/amin/cobot/cobot_ws/install/mycobot_pro450_interfaces:/home/amin/cobot/cobot_ws/install/mycobot_280rdkx5_moveit2:/home/amin/cobot/cobot_ws/install/mycobot_280arduino_moveit2:/home/amin/cobot/cobot_ws/install/mycobot_280_moveit2:/home/amin/cobot/cobot_ws/install/mycobot_280_gazebo_jazzy:/home/amin/cobot/cobot_ws/install/mycobot_280_gazebo:/home/amin/cobot/cobot_ws/install/mecharm_interfaces:/opt/ros/jazzy/opt/gz_sim_vendor:/opt/ros/jazzy/opt/gz_sensors_vendor:/opt/ros/jazzy/opt/gz_physics_vendor:/opt/ros/jazzy/opt/sdformat_vendor:/opt/ros/jazzy/opt/gz_gui_vendor:/opt/ros/jazzy/opt/gz_transport_vendor:/opt/ros/jazzy/opt/gz_rendering_vendor:/opt/ros/jazzy/opt/gz_plugin_vendor:/opt/ros/jazzy/opt/gz_fuel_tools_vendor:/opt/ros/jazzy/opt/gz_msgs_vendor:/opt/ros/jazzy/opt/gz_common_vendor:/opt/ros/jazzy/opt/gz_math_vendor:/opt/ros/jazzy/opt/gz_utils_vendor:/opt/ros/jazzy/opt/gz_tools_vendor:/opt/ros/jazzy/opt/gz_ogre_next_vendor:/opt/ros/jazzy/opt/gz_dartsim_vendor:/opt/ros/jazzy/opt/gz_cmake_vendor DEBUGINFOD_URLS=https://debuginfod.ubuntu.com LD_LIBRARY_PATH=/home/amin/cobot/cobot_ws/install/mycobot_interfaces/lib:/home/amin/cobot/cobot_ws/install/mypalletizer_interfaces/lib:/home/amin/cobot/cobot_ws/install/mycobot_pro450_interfaces/lib:/home/amin/cobot/cobot_ws/install/mecharm_interfaces/lib:/opt/ros/jazzy/opt/gz_sim_vendor/lib:/opt/ros/jazzy/opt/gz_sensors_vendor/lib:/opt/ros/jazzy/opt/gz_physics_vendor/lib:/opt/ros/jazzy/opt/sdformat_vendor/lib:/opt/ros/jazzy/opt/rviz_ogre_vendor/lib:/opt/ros/jazzy/lib/x86_64-linux-gnu:/opt/ros/jazzy/opt/gz_gui_vendor/lib:/opt/ros/jazzy/opt/gz_transport_vendor/lib:/opt/ros/jazzy/opt/gz_rendering_vendor/lib:/opt/ros/jazzy/opt/gz_plugin_vendor/lib:/opt/ros/jazzy/opt/gz_fuel_tools_vendor/lib:/opt/ros/jazzy/opt/gz_msgs_vendor/lib:/opt/ros/jazzy/opt/gz_common_vendor/lib:/opt/ros/jazzy/opt/gz_math_vendor/lib:/opt/ros/jazzy/opt/gz_utils_vendor/lib:/opt/ros/jazzy/opt/gz_tools_vendor/lib:/opt/ros/jazzy/opt/gz_ogre_next_vendor/lib:/opt/ros/jazzy/opt/gz_dartsim_vendor/lib:/opt/ros/jazzy/opt/gz_cmake_vendor/lib:/opt/ros/jazzy/lib PYTHONPATH=/home/amin/cobot/cobot_ws/build/mycobot_communication/prefix_override:/usr/lib/python3/dist-packages/colcon_core/task/python/colcon_distutils_commands:/home/amin/cobot/cobot_ws/install/mycobot_communication/lib/python3.12/site-packages:/home/amin/cobot/cobot_ws/install/mycobot_interfaces/lib/python3.12/site-packages:/home/amin/cobot/cobot_ws/install/ultraarm/lib/python3.12/site-packages:/home/amin/cobot/cobot_ws/install/pro450_moveit2_control/lib/python3.12/site-packages:/home/amin/cobot/cobot_ws/install/mypalletizer_communication/lib/python3.12/site-packages:/home/amin/cobot/cobot_ws/install/mypalletizer_interfaces/lib/python3.12/site-packages:/home/amin/cobot/cobot_ws/install/mypalletizer_260_pi/lib/python3.12/site-packages:/home/amin/cobot/cobot_ws/install/mypalletizer_260/lib/python3.12/site-packages:/home/amin/cobot/cobot_ws/install/mycobot_pro_450/lib/python3.12/site-packages:/home/amin/cobot/cobot_ws/install/mycobot_pro450_interfaces/lib/python3.12/site-packages:/home/amin/cobot/cobot_ws/install/myarm_m750/lib/python3.12/site-packages:/home/amin/cobot/cobot_ws/install/myarm_c650/lib/python3.12/site-packages:/home/amin/cobot/cobot_ws/install/mycobot_communication/lib/python3.12/site-packages:/home/amin/cobot/cobot_ws/install/mecharm_communication/lib/python3.12/site-packages:/home/amin/cobot/cobot_ws/install/mycobot_630/lib/python3.12/site-packages:/home/amin/cobot/cobot_ws/install/mycobot_600/lib/python3.12/site-packages:/home/amin/cobot/cobot_ws/install/mycobot_320pi/lib/python3.12/site-packages:/home/amin/cobot/cobot_ws/install/mycobot_320_riscv/lib/python3.12/site-packages:/home/amin/cobot/cobot_ws/install/mycobot_320/lib/python3.12/site-packages:/home/amin/cobot/cobot_ws/install/mycobot_280pi/lib/python3.12/site-packages:/home/amin/cobot/cobot_ws/install/mycobot_280jn/lib/python3.12/site-packages:/home/amin/cobot/cobot_ws/install/mycobot_280_x3pi/lib/python3.12/site-packages:/home/amin/cobot/cobot_ws/install/mycobot_280_riscv/lib/python3.12/site-packages:/home/amin/cobot/cobot_ws/install/mycobot_280_rdkx5/lib/python3.12/site-packages:/home/amin/cobot/cobot_ws/install/mycobot_280_moveit2_control/lib/python3.12/site-packages:/home/amin/cobot/cobot_ws/install/mycobot_280_arduino/lib/python3.12/site-packages:/home/amin/cobot/cobot_ws/install/mycobot_280/lib/python3.12/site-packages:/home/amin/cobot/cobot_ws/install/mybuddy/lib/python3.12/site-packages:/home/amin/cobot/cobot_ws/install/myarm_300/lib/python3.12/site-packages:/home/amin/cobot/cobot_ws/install/mecharm_pi/lib/python3.12/site-packages:/home/amin/cobot/cobot_ws/install/mecharm/lib/python3.12/site-packages:/home/amin/cobot/cobot_ws/install/mycobot_description/lib/python3.12/site-packages:/home/amin/cobot/cobot_ws/install/mecharm_interfaces/lib/python3.12/site-packages:/opt/ros/jazzy/lib/python3.12/site-packages /usr/bin/python3 -W ignore:setup.py install is deprecated -W ignore:easy_install command is deprecated setup.py egg_info --egg-base ../../../build/mycobot_communication build --build-base /home/amin/cobot/cobot_ws/build/mycobot_communication/build install --record /home/amin/cobot/cobot_ws/build/mycobot_communication/install.log --single-version-externally-managed install_data
[7.704s] Level 1:colcon.colcon_core.environment:checking '/home/amin/cobot/cobot_ws/install/mecharm_communication' for CMake module files
[7.705s] Level 1:colcon.colcon_core.environment:checking '/home/amin/cobot/cobot_ws/install/mecharm_communication' for CMake config files
[7.706s] Level 1:colcon.colcon_core.environment:checking '/home/amin/cobot/cobot_ws/install/mecharm_communication/lib'
[7.706s] Level 1:colcon.colcon_core.environment:checking '/home/amin/cobot/cobot_ws/install/mecharm_communication/bin'
[7.706s] Level 1:colcon.colcon_core.environment:checking '/home/amin/cobot/cobot_ws/install/mecharm_communication/lib/pkgconfig/mecharm_communication.pc'
[7.706s] Level 1:colcon.colcon_core.environment:checking '/home/amin/cobot/cobot_ws/install/mecharm_communication/lib/python3.12/site-packages'
[7.707s] Level 1:colcon.colcon_core.shell:create_environment_hook('mecharm_communication', 'pythonpath')
[7.707s] INFO:colcon.colcon_core.shell:Creating environment hook '/home/amin/cobot/cobot_ws/install/mecharm_communication/share/mecharm_communication/hook/pythonpath.ps1'
[7.708s] DEBUG:colcon.colcon_core.event_handler.log_command:Invoked command in '/home/amin/cobot/cobot_ws/src/mycobot_ros2/mecharm/mecharm_communication' returned '0': CMAKE_PREFIX_PATH=/home/amin/cobot/cobot_ws/install/mycobot_interfaces:/home/amin/cobot/cobot_ws/install/pro450_moveit2:/home/amin/cobot/cobot_ws/install/mypalletizer_interfaces:/home/amin/cobot/cobot_ws/install/mycobot_pro450_interfaces:/home/amin/cobot/cobot_ws/install/mycobot_280rdkx5_moveit2:/home/amin/cobot/cobot_ws/install/mycobot_280arduino_moveit2:/home/amin/cobot/cobot_ws/install/mycobot_280_moveit2:/home/amin/cobot/cobot_ws/install/mycobot_280_gazebo_jazzy:/home/amin/cobot/cobot_ws/install/mycobot_280_gazebo:/home/amin/cobot/cobot_ws/install/mecharm_interfaces:/opt/ros/jazzy/opt/gz_sim_vendor:/opt/ros/jazzy/opt/gz_sensors_vendor:/opt/ros/jazzy/opt/gz_physics_vendor:/opt/ros/jazzy/opt/sdformat_vendor:/opt/ros/jazzy/opt/gz_gui_vendor:/opt/ros/jazzy/opt/gz_transport_vendor:/opt/ros/jazzy/opt/gz_rendering_vendor:/opt/ros/jazzy/opt/gz_plugin_vendor:/opt/ros/jazzy/opt/gz_fuel_tools_vendor:/opt/ros/jazzy/opt/gz_msgs_vendor:/opt/ros/jazzy/opt/gz_common_vendor:/opt/ros/jazzy/opt/gz_math_vendor:/opt/ros/jazzy/opt/gz_utils_vendor:/opt/ros/jazzy/opt/gz_tools_vendor:/opt/ros/jazzy/opt/gz_ogre_next_vendor:/opt/ros/jazzy/opt/gz_dartsim_vendor:/opt/ros/jazzy/opt/gz_cmake_vendor DEBUGINFOD_URLS=https://debuginfod.ubuntu.com LD_LIBRARY_PATH=/home/amin/cobot/cobot_ws/install/mycobot_interfaces/lib:/home/amin/cobot/cobot_ws/install/mypalletizer_interfaces/lib:/home/amin/cobot/cobot_ws/install/mycobot_pro450_interfaces/lib:/home/amin/cobot/cobot_ws/install/mecharm_interfaces/lib:/opt/ros/jazzy/opt/gz_sim_vendor/lib:/opt/ros/jazzy/opt/gz_sensors_vendor/lib:/opt/ros/jazzy/opt/gz_physics_vendor/lib:/opt/ros/jazzy/opt/sdformat_vendor/lib:/opt/ros/jazzy/opt/rviz_ogre_vendor/lib:/opt/ros/jazzy/lib/x86_64-linux-gnu:/opt/ros/jazzy/opt/gz_gui_vendor/lib:/opt/ros/jazzy/opt/gz_transport_vendor/lib:/opt/ros/jazzy/opt/gz_rendering_vendor/lib:/opt/ros/jazzy/opt/gz_plugin_vendor/lib:/opt/ros/jazzy/opt/gz_fuel_tools_vendor/lib:/opt/ros/jazzy/opt/gz_msgs_vendor/lib:/opt/ros/jazzy/opt/gz_common_vendor/lib:/opt/ros/jazzy/opt/gz_math_vendor/lib:/opt/ros/jazzy/opt/gz_utils_vendor/lib:/opt/ros/jazzy/opt/gz_tools_vendor/lib:/opt/ros/jazzy/opt/gz_ogre_next_vendor/lib:/opt/ros/jazzy/opt/gz_dartsim_vendor/lib:/opt/ros/jazzy/opt/gz_cmake_vendor/lib:/opt/ros/jazzy/lib PYTHONPATH=/home/amin/cobot/cobot_ws/build/mecharm_communication/prefix_override:/usr/lib/python3/dist-packages/colcon_core/task/python/colcon_distutils_commands:/home/amin/cobot/cobot_ws/install/mecharm_communication/lib/python3.12/site-packages:/home/amin/cobot/cobot_ws/install/mycobot_interfaces/lib/python3.12/site-packages:/home/amin/cobot/cobot_ws/install/ultraarm/lib/python3.12/site-packages:/home/amin/cobot/cobot_ws/install/pro450_moveit2_control/lib/python3.12/site-packages:/home/amin/cobot/cobot_ws/install/mypalletizer_communication/lib/python3.12/site-packages:/home/amin/cobot/cobot_ws/install/mypalletizer_interfaces/lib/python3.12/site-packages:/home/amin/cobot/cobot_ws/install/mypalletizer_260_pi/lib/python3.12/site-packages:/home/amin/cobot/cobot_ws/install/mypalletizer_260/lib/python3.12/site-packages:/home/amin/cobot/cobot_ws/install/mycobot_pro_450/lib/python3.12/site-packages:/home/amin/cobot/cobot_ws/install/mycobot_pro450_interfaces/lib/python3.12/site-packages:/home/amin/cobot/cobot_ws/install/myarm_m750/lib/python3.12/site-packages:/home/amin/cobot/cobot_ws/install/myarm_c650/lib/python3.12/site-packages:/home/amin/cobot/cobot_ws/install/mycobot_communication/lib/python3.12/site-packages:/home/amin/cobot/cobot_ws/install/mecharm_communication/lib/python3.12/site-packages:/home/amin/cobot/cobot_ws/install/mycobot_630/lib/python3.12/site-packages:/home/amin/cobot/cobot_ws/install/mycobot_600/lib/python3.12/site-packages:/home/amin/cobot/cobot_ws/install/mycobot_320pi/lib/python3.12/site-packages:/home/amin/cobot/cobot_ws/install/mycobot_320_riscv/lib/python3.12/site-packages:/home/amin/cobot/cobot_ws/install/mycobot_320/lib/python3.12/site-packages:/home/amin/cobot/cobot_ws/install/mycobot_280pi/lib/python3.12/site-packages:/home/amin/cobot/cobot_ws/install/mycobot_280jn/lib/python3.12/site-packages:/home/amin/cobot/cobot_ws/install/mycobot_280_x3pi/lib/python3.12/site-packages:/home/amin/cobot/cobot_ws/install/mycobot_280_riscv/lib/python3.12/site-packages:/home/amin/cobot/cobot_ws/install/mycobot_280_rdkx5/lib/python3.12/site-packages:/home/amin/cobot/cobot_ws/install/mycobot_280_moveit2_control/lib/python3.12/site-packages:/home/amin/cobot/cobot_ws/install/mycobot_280_arduino/lib/python3.12/site-packages:/home/amin/cobot/cobot_ws/install/mycobot_280/lib/python3.12/site-packages:/home/amin/cobot/cobot_ws/install/mybuddy/lib/python3.12/site-packages:/home/amin/cobot/cobot_ws/install/myarm_300/lib/python3.12/site-packages:/home/amin/cobot/cobot_ws/install/mecharm_pi/lib/python3.12/site-packages:/home/amin/cobot/cobot_ws/install/mecharm/lib/python3.12/site-packages:/home/amin/cobot/cobot_ws/install/mycobot_description/lib/python3.12/site-packages:/home/amin/cobot/cobot_ws/install/mecharm_interfaces/lib/python3.12/site-packages:/opt/ros/jazzy/lib/python3.12/site-packages /usr/bin/python3 -W ignore:setup.py install is deprecated -W ignore:easy_install command is deprecated setup.py egg_info --egg-base ../../../../build/mecharm_communication build --build-base /home/amin/cobot/cobot_ws/build/mecharm_communication/build install --record /home/amin/cobot/cobot_ws/build/mecharm_communication/install.log --single-version-externally-managed install_data
[7.708s] INFO:colcon.colcon_core.shell:Creating environment descriptor '/home/amin/cobot/cobot_ws/install/mecharm_communication/share/mecharm_communication/hook/pythonpath.dsv'
[7.709s] INFO:colcon.colcon_core.shell:Creating environment hook '/home/amin/cobot/cobot_ws/install/mecharm_communication/share/mecharm_communication/hook/pythonpath.sh'
[7.712s] Level 1:colcon.colcon_core.environment:checking '/home/amin/cobot/cobot_ws/install/mecharm_communication/bin'
[7.713s] Level 1:colcon.colcon_core.environment:create_environment_scripts_only(mecharm_communication)
[7.714s] INFO:colcon.colcon_core.shell:Creating package script '/home/amin/cobot/cobot_ws/install/mecharm_communication/share/mecharm_communication/package.ps1'
[7.718s] INFO:colcon.colcon_core.shell:Creating package descriptor '/home/amin/cobot/cobot_ws/install/mecharm_communication/share/mecharm_communication/package.dsv'
[7.720s] INFO:colcon.colcon_core.shell:Creating package script '/home/amin/cobot/cobot_ws/install/mecharm_communication/share/mecharm_communication/package.sh'
[7.721s] INFO:colcon.colcon_core.shell:Creating package script '/home/amin/cobot/cobot_ws/install/mecharm_communication/share/mecharm_communication/package.bash'
[7.721s] INFO:colcon.colcon_core.shell:Creating package script '/home/amin/cobot/cobot_ws/install/mecharm_communication/share/mecharm_communication/package.zsh'
[7.721s] Level 1:colcon.colcon_core.environment:create_file_with_runtime_dependencies(/home/amin/cobot/cobot_ws/install/mecharm_communication/share/colcon-core/packages/mecharm_communication)
[7.723s] INFO:colcon.colcon_ros.task.ament_python.build:Building ROS package in '/home/amin/cobot/cobot_ws/src/mycobot_ros2/mycobot_280/mycobot_280_arduino' with build type 'ament_python'
[7.723s] Level 1:colcon.colcon_core.shell:create_environment_hook('mycobot_280_arduino', 'ament_prefix_path')
[7.724s] INFO:colcon.colcon_core.shell:Creating environment hook '/home/amin/cobot/cobot_ws/install/mycobot_280_arduino/share/mycobot_280_arduino/hook/ament_prefix_path.ps1'
[7.737s] INFO:colcon.colcon_core.shell:Creating environment descriptor '/home/amin/cobot/cobot_ws/install/mycobot_280_arduino/share/mycobot_280_arduino/hook/ament_prefix_path.dsv'
[7.738s] INFO:colcon.colcon_core.shell:Creating environment hook '/home/amin/cobot/cobot_ws/install/mycobot_280_arduino/share/mycobot_280_arduino/hook/ament_prefix_path.sh'
[7.740s] INFO:colcon.colcon_core.shell:Skip shell extension 'powershell' for command environment: Not usable outside of PowerShell
[7.740s] DEBUG:colcon.colcon_core.shell:Skip shell extension 'dsv' for command environment
[7.755s] Level 1:colcon.colcon_core.environment:checking '/home/amin/cobot/cobot_ws/install/mypalletizer_communication' for CMake module files
[7.757s] Level 1:colcon.colcon_core.environment:checking '/home/amin/cobot/cobot_ws/install/mypalletizer_communication' for CMake config files
[7.758s] Level 1:colcon.colcon_core.environment:checking '/home/amin/cobot/cobot_ws/install/mypalletizer_communication/lib'
[7.758s] Level 1:colcon.colcon_core.environment:checking '/home/amin/cobot/cobot_ws/install/mypalletizer_communication/bin'
[7.758s] Level 1:colcon.colcon_core.environment:checking '/home/amin/cobot/cobot_ws/install/mypalletizer_communication/lib/pkgconfig/mypalletizer_communication.pc'
[7.759s] Level 1:colcon.colcon_core.environment:checking '/home/amin/cobot/cobot_ws/install/mypalletizer_communication/lib/python3.12/site-packages'
[7.759s] Level 1:colcon.colcon_core.shell:create_environment_hook('mypalletizer_communication', 'pythonpath')
[7.759s] INFO:colcon.colcon_core.shell:Creating environment hook '/home/amin/cobot/cobot_ws/install/mypalletizer_communication/share/mypalletizer_communication/hook/pythonpath.ps1'
[7.759s] DEBUG:colcon.colcon_core.event_handler.log_command:Invoked command in '/home/amin/cobot/cobot_ws/src/mycobot_ros2/mypalletizer_260/mypalletizer_communication' returned '0': CMAKE_PREFIX_PATH=/home/amin/cobot/cobot_ws/install/mypalletizer_interfaces:/home/amin/cobot/cobot_ws/install/pro450_moveit2:/home/amin/cobot/cobot_ws/install/mycobot_pro450_interfaces:/home/amin/cobot/cobot_ws/install/mycobot_interfaces:/home/amin/cobot/cobot_ws/install/mycobot_280rdkx5_moveit2:/home/amin/cobot/cobot_ws/install/mycobot_280arduino_moveit2:/home/amin/cobot/cobot_ws/install/mycobot_280_moveit2:/home/amin/cobot/cobot_ws/install/mycobot_280_gazebo_jazzy:/home/amin/cobot/cobot_ws/install/mycobot_280_gazebo:/home/amin/cobot/cobot_ws/install/mecharm_interfaces:/opt/ros/jazzy/opt/gz_sim_vendor:/opt/ros/jazzy/opt/gz_sensors_vendor:/opt/ros/jazzy/opt/gz_physics_vendor:/opt/ros/jazzy/opt/sdformat_vendor:/opt/ros/jazzy/opt/gz_gui_vendor:/opt/ros/jazzy/opt/gz_transport_vendor:/opt/ros/jazzy/opt/gz_rendering_vendor:/opt/ros/jazzy/opt/gz_plugin_vendor:/opt/ros/jazzy/opt/gz_fuel_tools_vendor:/opt/ros/jazzy/opt/gz_msgs_vendor:/opt/ros/jazzy/opt/gz_common_vendor:/opt/ros/jazzy/opt/gz_math_vendor:/opt/ros/jazzy/opt/gz_utils_vendor:/opt/ros/jazzy/opt/gz_tools_vendor:/opt/ros/jazzy/opt/gz_ogre_next_vendor:/opt/ros/jazzy/opt/gz_dartsim_vendor:/opt/ros/jazzy/opt/gz_cmake_vendor DEBUGINFOD_URLS=https://debuginfod.ubuntu.com PYTHONPATH=/home/amin/cobot/cobot_ws/build/mypalletizer_communication/prefix_override:/usr/lib/python3/dist-packages/colcon_core/task/python/colcon_distutils_commands:/home/amin/cobot/cobot_ws/install/mypalletizer_communication/lib/python3.12/site-packages:/home/amin/cobot/cobot_ws/install/mypalletizer_interfaces/lib/python3.12/site-packages:/home/amin/cobot/cobot_ws/install/ultraarm/lib/python3.12/site-packages:/home/amin/cobot/cobot_ws/install/pro450_moveit2_control/lib/python3.12/site-packages:/home/amin/cobot/cobot_ws/install/mypalletizer_communication/lib/python3.12/site-packages:/home/amin/cobot/cobot_ws/install/mypalletizer_260_pi/lib/python3.12/site-packages:/home/amin/cobot/cobot_ws/install/mypalletizer_260/lib/python3.12/site-packages:/home/amin/cobot/cobot_ws/install/mycobot_pro_450/lib/python3.12/site-packages:/home/amin/cobot/cobot_ws/install/mycobot_pro450_interfaces/lib/python3.12/site-packages:/home/amin/cobot/cobot_ws/install/myarm_m750/lib/python3.12/site-packages:/home/amin/cobot/cobot_ws/install/myarm_c650/lib/python3.12/site-packages:/home/amin/cobot/cobot_ws/install/mycobot_communication/lib/python3.12/site-packages:/home/amin/cobot/cobot_ws/install/mecharm_communication/lib/python3.12/site-packages:/home/amin/cobot/cobot_ws/install/mycobot_interfaces/lib/python3.12/site-packages:/home/amin/cobot/cobot_ws/install/mycobot_630/lib/python3.12/site-packages:/home/amin/cobot/cobot_ws/install/mycobot_600/lib/python3.12/site-packages:/home/amin/cobot/cobot_ws/install/mycobot_320pi/lib/python3.12/site-packages:/home/amin/cobot/cobot_ws/install/mycobot_320_riscv/lib/python3.12/site-packages:/home/amin/cobot/cobot_ws/install/mycobot_320/lib/python3.12/site-packages:/home/amin/cobot/cobot_ws/install/mycobot_280pi/lib/python3.12/site-packages:/home/amin/cobot/cobot_ws/install/mycobot_280jn/lib/python3.12/site-packages:/home/amin/cobot/cobot_ws/install/mycobot_280_x3pi/lib/python3.12/site-packages:/home/amin/cobot/cobot_ws/install/mycobot_280_riscv/lib/python3.12/site-packages:/home/amin/cobot/cobot_ws/install/mycobot_280_rdkx5/lib/python3.12/site-packages:/home/amin/cobot/cobot_ws/install/mycobot_280_moveit2_control/lib/python3.12/site-packages:/home/amin/cobot/cobot_ws/install/mycobot_280_arduino/lib/python3.12/site-packages:/home/amin/cobot/cobot_ws/install/mycobot_280/lib/python3.12/site-packages:/home/amin/cobot/cobot_ws/install/mybuddy/lib/python3.12/site-packages:/home/amin/cobot/cobot_ws/install/myarm_300/lib/python3.12/site-packages:/home/amin/cobot/cobot_ws/install/mecharm_pi/lib/python3.12/site-packages:/home/amin/cobot/cobot_ws/install/mecharm/lib/python3.12/site-packages:/home/amin/cobot/cobot_ws/install/mycobot_description/lib/python3.12/site-packages:/home/amin/cobot/cobot_ws/install/mecharm_interfaces/lib/python3.12/site-packages:/opt/ros/jazzy/lib/python3.12/site-packages /usr/bin/python3 -W ignore:setup.py install is deprecated -W ignore:easy_install command is deprecated setup.py egg_info --egg-base ../../../../build/mypalletizer_communication build --build-base /home/amin/cobot/cobot_ws/build/mypalletizer_communication/build install --record /home/amin/cobot/cobot_ws/build/mypalletizer_communication/install.log --single-version-externally-managed install_data
[7.760s] INFO:colcon.colcon_core.shell:Creating environment descriptor '/home/amin/cobot/cobot_ws/install/mypalletizer_communication/share/mypalletizer_communication/hook/pythonpath.dsv'
[7.760s] INFO:colcon.colcon_core.shell:Creating environment hook '/home/amin/cobot/cobot_ws/install/mypalletizer_communication/share/mypalletizer_communication/hook/pythonpath.sh'
[7.761s] Level 1:colcon.colcon_core.environment:checking '/home/amin/cobot/cobot_ws/install/mypalletizer_communication/bin'
[7.761s] Level 1:colcon.colcon_core.environment:create_environment_scripts_only(mypalletizer_communication)
[7.761s] INFO:colcon.colcon_core.shell:Creating package script '/home/amin/cobot/cobot_ws/install/mypalletizer_communication/share/mypalletizer_communication/package.ps1'
[7.762s] INFO:colcon.colcon_core.shell:Creating package descriptor '/home/amin/cobot/cobot_ws/install/mypalletizer_communication/share/mypalletizer_communication/package.dsv'
[7.762s] INFO:colcon.colcon_core.shell:Creating package script '/home/amin/cobot/cobot_ws/install/mypalletizer_communication/share/mypalletizer_communication/package.sh'
[7.763s] INFO:colcon.colcon_core.shell:Creating package script '/home/amin/cobot/cobot_ws/install/mypalletizer_communication/share/mypalletizer_communication/package.bash'
[7.763s] INFO:colcon.colcon_core.shell:Creating package script '/home/amin/cobot/cobot_ws/install/mypalletizer_communication/share/mypalletizer_communication/package.zsh'
[7.763s] Level 1:colcon.colcon_core.environment:create_file_with_runtime_dependencies(/home/amin/cobot/cobot_ws/install/mypalletizer_communication/share/colcon-core/packages/mypalletizer_communication)
[7.765s] INFO:colcon.colcon_ros.task.ament_cmake.build:Building ROS package in '/home/amin/cobot/cobot_ws/src/mycobot_ros2/mycobot_280_gazebo' with build type 'ament_cmake'
[7.765s] INFO:colcon.colcon_cmake.task.cmake.build:Building CMake package in '/home/amin/cobot/cobot_ws/src/mycobot_ros2/mycobot_280_gazebo'
[7.766s] INFO:colcon.colcon_core.shell:Skip shell extension 'powershell' for command environment: Not usable outside of PowerShell
[7.766s] DEBUG:colcon.colcon_core.shell:Skip shell extension 'dsv' for command environment
[7.789s] DEBUG:colcon.colcon_core.event_handler.log_command:Invoking command in '/home/amin/cobot/cobot_ws/src/mycobot_ros2/mecharm/mecharm_pi': AMENT_PREFIX_PATH=/home/amin/cobot/cobot_ws/install/mycobot_description:/home/amin/cobot/cobot_ws/install/ultraarm:/home/amin/cobot/cobot_ws/install/pro450_moveit2_control:/home/amin/cobot/cobot_ws/install/pro450_moveit2:/home/amin/cobot/cobot_ws/install/mypalletizer_communication:/home/amin/cobot/cobot_ws/install/mypalletizer_interfaces:/home/amin/cobot/cobot_ws/install/mypalletizer_260_pi:/home/amin/cobot/cobot_ws/install/mypalletizer_260:/home/amin/cobot/cobot_ws/install/mycobot_pro_450:/home/amin/cobot/cobot_ws/install/mycobot_pro450_interfaces:/home/amin/cobot/cobot_ws/install/myarm_m750:/home/amin/cobot/cobot_ws/install/myarm_c650:/home/amin/cobot/cobot_ws/install/mycobot_communication:/home/amin/cobot/cobot_ws/install/mecharm_communication:/home/amin/cobot/cobot_ws/install/mycobot_interfaces:/home/amin/cobot/cobot_ws/install/mycobot_630:/home/amin/cobot/cobot_ws/install/mycobot_600:/home/amin/cobot/cobot_ws/install/mycobot_320pi:/home/amin/cobot/cobot_ws/install/mycobot_320_riscv:/home/amin/cobot/cobot_ws/install/mycobot_320:/home/amin/cobot/cobot_ws/install/mycobot_280rdkx5_moveit2:/home/amin/cobot/cobot_ws/install/mycobot_280pi:/home/amin/cobot/cobot_ws/install/mycobot_280jn:/home/amin/cobot/cobot_ws/install/mycobot_280arduino_moveit2:/home/amin/cobot/cobot_ws/install/mycobot_280_x3pi:/home/amin/cobot/cobot_ws/install/mycobot_280_riscv:/home/amin/cobot/cobot_ws/install/mycobot_280_rdkx5:/home/amin/cobot/cobot_ws/install/mycobot_280_moveit2_control:/home/amin/cobot/cobot_ws/install/mycobot_280_moveit2:/home/amin/cobot/cobot_ws/install/mycobot_280_gazebo_jazzy:/home/amin/cobot/cobot_ws/install/mycobot_280_gazebo:/home/amin/cobot/cobot_ws/install/mycobot_280_arduino:/home/amin/cobot/cobot_ws/install/mycobot_280:/home/amin/cobot/cobot_ws/install/mybuddy:/home/amin/cobot/cobot_ws/install/myarm_300:/home/amin/cobot/cobot_ws/install/mecharm_pi:/home/amin/cobot/cobot_ws/install/mecharm:/home/amin/cobot/cobot_ws/install/mecharm_interfaces:/opt/ros/jazzy DEBUGINFOD_URLS=https://debuginfod.ubuntu.com PYTHONPATH=/home/amin/cobot/cobot_ws/build/mecharm_pi/prefix_override:/usr/lib/python3/dist-packages/colcon_core/task/python/colcon_distutils_commands:/home/amin/cobot/cobot_ws/install/mecharm_pi/lib/python3.12/site-packages:/home/amin/cobot/cobot_ws/install/mycobot_description/lib/python3.12/site-packages:/home/amin/cobot/cobot_ws/install/ultraarm/lib/python3.12/site-packages:/home/amin/cobot/cobot_ws/install/pro450_moveit2_control/lib/python3.12/site-packages:/home/amin/cobot/cobot_ws/install/mypalletizer_communication/lib/python3.12/site-packages:/home/amin/cobot/cobot_ws/install/mypalletizer_interfaces/lib/python3.12/site-packages:/home/amin/cobot/cobot_ws/install/mypalletizer_260_pi/lib/python3.12/site-packages:/home/amin/cobot/cobot_ws/install/mypalletizer_260/lib/python3.12/site-packages:/home/amin/cobot/cobot_ws/install/mycobot_pro_450/lib/python3.12/site-packages:/home/amin/cobot/cobot_ws/install/mycobot_pro450_interfaces/lib/python3.12/site-packages:/home/amin/cobot/cobot_ws/install/myarm_m750/lib/python3.12/site-packages:/home/amin/cobot/cobot_ws/install/myarm_c650/lib/python3.12/site-packages:/home/amin/cobot/cobot_ws/install/mycobot_communication/lib/python3.12/site-packages:/home/amin/cobot/cobot_ws/install/mecharm_communication/lib/python3.12/site-packages:/home/amin/cobot/cobot_ws/install/mycobot_interfaces/lib/python3.12/site-packages:/home/amin/cobot/cobot_ws/install/mycobot_630/lib/python3.12/site-packages:/home/amin/cobot/cobot_ws/install/mycobot_600/lib/python3.12/site-packages:/home/amin/cobot/cobot_ws/install/mycobot_320pi/lib/python3.12/site-packages:/home/amin/cobot/cobot_ws/install/mycobot_320_riscv/lib/python3.12/site-packages:/home/amin/cobot/cobot_ws/install/mycobot_320/lib/python3.12/site-packages:/home/amin/cobot/cobot_ws/install/mycobot_280pi/lib/python3.12/site-packages:/home/amin/cobot/cobot_ws/install/mycobot_280jn/lib/python3.12/site-packages:/home/amin/cobot/cobot_ws/install/mycobot_280_x3pi/lib/python3.12/site-packages:/home/amin/cobot/cobot_ws/install/mycobot_280_riscv/lib/python3.12/site-packages:/home/amin/cobot/cobot_ws/install/mycobot_280_rdkx5/lib/python3.12/site-packages:/home/amin/cobot/cobot_ws/install/mycobot_280_moveit2_control/lib/python3.12/site-packages:/home/amin/cobot/cobot_ws/install/mycobot_280_arduino/lib/python3.12/site-packages:/home/amin/cobot/cobot_ws/install/mycobot_280/lib/python3.12/site-packages:/home/amin/cobot/cobot_ws/install/mybuddy/lib/python3.12/site-packages:/home/amin/cobot/cobot_ws/install/myarm_300/lib/python3.12/site-packages:/home/amin/cobot/cobot_ws/install/mecharm_pi/lib/python3.12/site-packages:/home/amin/cobot/cobot_ws/install/mecharm/lib/python3.12/site-packages:/home/amin/cobot/cobot_ws/install/mecharm_interfaces/lib/python3.12/site-packages:/opt/ros/jazzy/lib/python3.12/site-packages /usr/bin/python3 -W ignore:setup.py install is deprecated -W ignore:easy_install command is deprecated setup.py egg_info --egg-base ../../../../build/mecharm_pi build --build-base /home/amin/cobot/cobot_ws/build/mecharm_pi/build install --record /home/amin/cobot/cobot_ws/build/mecharm_pi/install.log --single-version-externally-managed install_data
[8.341s] INFO:colcon.colcon_core.task.python.build:Building Python package in '/home/amin/cobot/cobot_ws/src/mycobot_ros2/mycobot_280/mycobot_280_arduino'
[8.344s] INFO:colcon.colcon_core.shell:Skip shell extension 'powershell' for command environment: Not usable outside of PowerShell
[8.344s] DEBUG:colcon.colcon_core.shell:Skip shell extension 'dsv' for command environment
[8.365s] DEBUG:colcon.colcon_core.event_handler.log_command:Invoking command in '/home/amin/cobot/cobot_ws/build/mycobot_280_gazebo': AMENT_PREFIX_PATH=/home/amin/cobot/cobot_ws/install/mycobot_description:/home/amin/cobot/cobot_ws/install/ultraarm:/home/amin/cobot/cobot_ws/install/pro450_moveit2_control:/home/amin/cobot/cobot_ws/install/pro450_moveit2:/home/amin/cobot/cobot_ws/install/mypalletizer_communication:/home/amin/cobot/cobot_ws/install/mypalletizer_interfaces:/home/amin/cobot/cobot_ws/install/mypalletizer_260_pi:/home/amin/cobot/cobot_ws/install/mypalletizer_260:/home/amin/cobot/cobot_ws/install/mycobot_pro_450:/home/amin/cobot/cobot_ws/install/mycobot_pro450_interfaces:/home/amin/cobot/cobot_ws/install/myarm_m750:/home/amin/cobot/cobot_ws/install/myarm_c650:/home/amin/cobot/cobot_ws/install/mycobot_communication:/home/amin/cobot/cobot_ws/install/mecharm_communication:/home/amin/cobot/cobot_ws/install/mycobot_interfaces:/home/amin/cobot/cobot_ws/install/mycobot_630:/home/amin/cobot/cobot_ws/install/mycobot_600:/home/amin/cobot/cobot_ws/install/mycobot_320pi:/home/amin/cobot/cobot_ws/install/mycobot_320_riscv:/home/amin/cobot/cobot_ws/install/mycobot_320:/home/amin/cobot/cobot_ws/install/mycobot_280rdkx5_moveit2:/home/amin/cobot/cobot_ws/install/mycobot_280pi:/home/amin/cobot/cobot_ws/install/mycobot_280jn:/home/amin/cobot/cobot_ws/install/mycobot_280arduino_moveit2:/home/amin/cobot/cobot_ws/install/mycobot_280_x3pi:/home/amin/cobot/cobot_ws/install/mycobot_280_riscv:/home/amin/cobot/cobot_ws/install/mycobot_280_rdkx5:/home/amin/cobot/cobot_ws/install/mycobot_280_moveit2_control:/home/amin/cobot/cobot_ws/install/mycobot_280_moveit2:/home/amin/cobot/cobot_ws/install/mycobot_280_gazebo_jazzy:/home/amin/cobot/cobot_ws/install/mycobot_280_gazebo:/home/amin/cobot/cobot_ws/install/mycobot_280_arduino:/home/amin/cobot/cobot_ws/install/mycobot_280:/home/amin/cobot/cobot_ws/install/mybuddy:/home/amin/cobot/cobot_ws/install/myarm_300:/home/amin/cobot/cobot_ws/install/mecharm_pi:/home/amin/cobot/cobot_ws/install/mecharm:/home/amin/cobot/cobot_ws/install/mecharm_interfaces:/opt/ros/jazzy CMAKE_PREFIX_PATH=${CMAKE_PREFIX_PATH}:/home/amin/cobot/cobot_ws/install/ultraarm:/home/amin/cobot/cobot_ws/install/pro450_moveit2_control:/home/amin/cobot/cobot_ws/install/mypalletizer_communication:/home/amin/cobot/cobot_ws/install/mypalletizer_260_pi:/home/amin/cobot/cobot_ws/install/mypalletizer_260:/home/amin/cobot/cobot_ws/install/mycobot_pro_450:/home/amin/cobot/cobot_ws/install/myarm_m750:/home/amin/cobot/cobot_ws/install/myarm_c650:/home/amin/cobot/cobot_ws/install/mycobot_communication:/home/amin/cobot/cobot_ws/install/mecharm_communication:/home/amin/cobot/cobot_ws/install/mycobot_630:/home/amin/cobot/cobot_ws/install/mycobot_600:/home/amin/cobot/cobot_ws/install/mycobot_320pi:/home/amin/cobot/cobot_ws/install/mycobot_320_riscv:/home/amin/cobot/cobot_ws/install/mycobot_320:/home/amin/cobot/cobot_ws/install/mycobot_280pi:/home/amin/cobot/cobot_ws/install/mycobot_280jn:/home/amin/cobot/cobot_ws/install/mycobot_280_x3pi:/home/amin/cobot/cobot_ws/install/mycobot_280_riscv:/home/amin/cobot/cobot_ws/install/mycobot_280_rdkx5:/home/amin/cobot/cobot_ws/install/mycobot_280_moveit2_control:/home/amin/cobot/cobot_ws/install/mycobot_280_arduino:/home/amin/cobot/cobot_ws/install/mycobot_280:/home/amin/cobot/cobot_ws/install/mybuddy:/home/amin/cobot/cobot_ws/install/myarm_300:/home/amin/cobot/cobot_ws/install/mecharm_pi:/home/amin/cobot/cobot_ws/install/mecharm:/home/amin/cobot/cobot_ws/install/mycobot_description:/opt/ros/jazzy DEBUGINFOD_URLS=https://debuginfod.ubuntu.com PYTHONPATH=/home/amin/cobot/cobot_ws/install/mycobot_description/lib/python3.12/site-packages:/home/amin/cobot/cobot_ws/install/ultraarm/lib/python3.12/site-packages:/home/amin/cobot/cobot_ws/install/pro450_moveit2_control/lib/python3.12/site-packages:/home/amin/cobot/cobot_ws/install/mypalletizer_communication/lib/python3.12/site-packages:/home/amin/cobot/cobot_ws/install/mypalletizer_interfaces/lib/python3.12/site-packages:/home/amin/cobot/cobot_ws/install/mypalletizer_260_pi/lib/python3.12/site-packages:/home/amin/cobot/cobot_ws/install/mypalletizer_260/lib/python3.12/site-packages:/home/amin/cobot/cobot_ws/install/mycobot_pro_450/lib/python3.12/site-packages:/home/amin/cobot/cobot_ws/install/mycobot_pro450_interfaces/lib/python3.12/site-packages:/home/amin/cobot/cobot_ws/install/myarm_m750/lib/python3.12/site-packages:/home/amin/cobot/cobot_ws/install/myarm_c650/lib/python3.12/site-packages:/home/amin/cobot/cobot_ws/install/mycobot_communication/lib/python3.12/site-packages:/home/amin/cobot/cobot_ws/install/mecharm_communication/lib/python3.12/site-packages:/home/amin/cobot/cobot_ws/install/mycobot_interfaces/lib/python3.12/site-packages:/home/amin/cobot/cobot_ws/install/mycobot_630/lib/python3.12/site-packages:/home/amin/cobot/cobot_ws/install/mycobot_600/lib/python3.12/site-packages:/home/amin/cobot/cobot_ws/install/mycobot_320pi/lib/python3.12/site-packages:/home/amin/cobot/cobot_ws/install/mycobot_320_riscv/lib/python3.12/site-packages:/home/amin/cobot/cobot_ws/install/mycobot_320/lib/python3.12/site-packages:/home/amin/cobot/cobot_ws/install/mycobot_280pi/lib/python3.12/site-packages:/home/amin/cobot/cobot_ws/install/mycobot_280jn/lib/python3.12/site-packages:/home/amin/cobot/cobot_ws/install/mycobot_280_x3pi/lib/python3.12/site-packages:/home/amin/cobot/cobot_ws/install/mycobot_280_riscv/lib/python3.12/site-packages:/home/amin/cobot/cobot_ws/install/mycobot_280_rdkx5/lib/python3.12/site-packages:/home/amin/cobot/cobot_ws/install/mycobot_280_moveit2_control/lib/python3.12/site-packages:/home/amin/cobot/cobot_ws/install/mycobot_280_arduino/lib/python3.12/site-packages:/home/amin/cobot/cobot_ws/install/mycobot_280/lib/python3.12/site-packages:/home/amin/cobot/cobot_ws/install/mybuddy/lib/python3.12/site-packages:/home/amin/cobot/cobot_ws/install/myarm_300/lib/python3.12/site-packages:/home/amin/cobot/cobot_ws/install/mecharm_pi/lib/python3.12/site-packages:/home/amin/cobot/cobot_ws/install/mecharm/lib/python3.12/site-packages:/home/amin/cobot/cobot_ws/install/mecharm_interfaces/lib/python3.12/site-packages:/opt/ros/jazzy/lib/python3.12/site-packages /usr/bin/cmake --build /home/amin/cobot/cobot_ws/build/mycobot_280_gazebo -- -j8 -l8
[8.372s] DEBUG:colcon.colcon_core.event_handler.log_command:Invoking command in '/home/amin/cobot/cobot_ws/src/mycobot_ros2/Mybuddy/mybuddy': AMENT_PREFIX_PATH=/home/amin/cobot/cobot_ws/install/mycobot_description:/home/amin/cobot/cobot_ws/install/ultraarm:/home/amin/cobot/cobot_ws/install/pro450_moveit2_control:/home/amin/cobot/cobot_ws/install/pro450_moveit2:/home/amin/cobot/cobot_ws/install/mypalletizer_communication:/home/amin/cobot/cobot_ws/install/mypalletizer_interfaces:/home/amin/cobot/cobot_ws/install/mypalletizer_260_pi:/home/amin/cobot/cobot_ws/install/mypalletizer_260:/home/amin/cobot/cobot_ws/install/mycobot_pro_450:/home/amin/cobot/cobot_ws/install/mycobot_pro450_interfaces:/home/amin/cobot/cobot_ws/install/myarm_m750:/home/amin/cobot/cobot_ws/install/myarm_c650:/home/amin/cobot/cobot_ws/install/mycobot_communication:/home/amin/cobot/cobot_ws/install/mecharm_communication:/home/amin/cobot/cobot_ws/install/mycobot_interfaces:/home/amin/cobot/cobot_ws/install/mycobot_630:/home/amin/cobot/cobot_ws/install/mycobot_600:/home/amin/cobot/cobot_ws/install/mycobot_320pi:/home/amin/cobot/cobot_ws/install/mycobot_320_riscv:/home/amin/cobot/cobot_ws/install/mycobot_320:/home/amin/cobot/cobot_ws/install/mycobot_280rdkx5_moveit2:/home/amin/cobot/cobot_ws/install/mycobot_280pi:/home/amin/cobot/cobot_ws/install/mycobot_280jn:/home/amin/cobot/cobot_ws/install/mycobot_280arduino_moveit2:/home/amin/cobot/cobot_ws/install/mycobot_280_x3pi:/home/amin/cobot/cobot_ws/install/mycobot_280_riscv:/home/amin/cobot/cobot_ws/install/mycobot_280_rdkx5:/home/amin/cobot/cobot_ws/install/mycobot_280_moveit2_control:/home/amin/cobot/cobot_ws/install/mycobot_280_moveit2:/home/amin/cobot/cobot_ws/install/mycobot_280_gazebo_jazzy:/home/amin/cobot/cobot_ws/install/mycobot_280_gazebo:/home/amin/cobot/cobot_ws/install/mycobot_280_arduino:/home/amin/cobot/cobot_ws/install/mycobot_280:/home/amin/cobot/cobot_ws/install/mybuddy:/home/amin/cobot/cobot_ws/install/myarm_300:/home/amin/cobot/cobot_ws/install/mecharm_pi:/home/amin/cobot/cobot_ws/install/mecharm:/home/amin/cobot/cobot_ws/install/mecharm_interfaces:/opt/ros/jazzy DEBUGINFOD_URLS=https://debuginfod.ubuntu.com PYTHONPATH=/home/amin/cobot/cobot_ws/build/mybuddy/prefix_override:/usr/lib/python3/dist-packages/colcon_core/task/python/colcon_distutils_commands:/home/amin/cobot/cobot_ws/install/mybuddy/lib/python3.12/site-packages:/home/amin/cobot/cobot_ws/install/mycobot_description/lib/python3.12/site-packages:/home/amin/cobot/cobot_ws/install/ultraarm/lib/python3.12/site-packages:/home/amin/cobot/cobot_ws/install/pro450_moveit2_control/lib/python3.12/site-packages:/home/amin/cobot/cobot_ws/install/mypalletizer_communication/lib/python3.12/site-packages:/home/amin/cobot/cobot_ws/install/mypalletizer_interfaces/lib/python3.12/site-packages:/home/amin/cobot/cobot_ws/install/mypalletizer_260_pi/lib/python3.12/site-packages:/home/amin/cobot/cobot_ws/install/mypalletizer_260/lib/python3.12/site-packages:/home/amin/cobot/cobot_ws/install/mycobot_pro_450/lib/python3.12/site-packages:/home/amin/cobot/cobot_ws/install/mycobot_pro450_interfaces/lib/python3.12/site-packages:/home/amin/cobot/cobot_ws/install/myarm_m750/lib/python3.12/site-packages:/home/amin/cobot/cobot_ws/install/myarm_c650/lib/python3.12/site-packages:/home/amin/cobot/cobot_ws/install/mycobot_communication/lib/python3.12/site-packages:/home/amin/cobot/cobot_ws/install/mecharm_communication/lib/python3.12/site-packages:/home/amin/cobot/cobot_ws/install/mycobot_interfaces/lib/python3.12/site-packages:/home/amin/cobot/cobot_ws/install/mycobot_630/lib/python3.12/site-packages:/home/amin/cobot/cobot_ws/install/mycobot_600/lib/python3.12/site-packages:/home/amin/cobot/cobot_ws/install/mycobot_320pi/lib/python3.12/site-packages:/home/amin/cobot/cobot_ws/install/mycobot_320_riscv/lib/python3.12/site-packages:/home/amin/cobot/cobot_ws/install/mycobot_320/lib/python3.12/site-packages:/home/amin/cobot/cobot_ws/install/mycobot_280pi/lib/python3.12/site-packages:/home/amin/cobot/cobot_ws/install/mycobot_280jn/lib/python3.12/site-packages:/home/amin/cobot/cobot_ws/install/mycobot_280_x3pi/lib/python3.12/site-packages:/home/amin/cobot/cobot_ws/install/mycobot_280_riscv/lib/python3.12/site-packages:/home/amin/cobot/cobot_ws/install/mycobot_280_rdkx5/lib/python3.12/site-packages:/home/amin/cobot/cobot_ws/install/mycobot_280_moveit2_control/lib/python3.12/site-packages:/home/amin/cobot/cobot_ws/install/mycobot_280_arduino/lib/python3.12/site-packages:/home/amin/cobot/cobot_ws/install/mycobot_280/lib/python3.12/site-packages:/home/amin/cobot/cobot_ws/install/mybuddy/lib/python3.12/site-packages:/home/amin/cobot/cobot_ws/install/myarm_300/lib/python3.12/site-packages:/home/amin/cobot/cobot_ws/install/mecharm_pi/lib/python3.12/site-packages:/home/amin/cobot/cobot_ws/install/mecharm/lib/python3.12/site-packages:/home/amin/cobot/cobot_ws/install/mecharm_interfaces/lib/python3.12/site-packages:/opt/ros/jazzy/lib/python3.12/site-packages /usr/bin/python3 -W ignore:setup.py install is deprecated -W ignore:easy_install command is deprecated setup.py egg_info --egg-base ../../../../build/mybuddy build --build-base /home/amin/cobot/cobot_ws/build/mybuddy/build install --record /home/amin/cobot/cobot_ws/build/mybuddy/install.log --single-version-externally-managed install_data
[8.376s] DEBUG:colcon.colcon_core.event_handler.log_command:Invoking command in '/home/amin/cobot/cobot_ws/src/mycobot_ros2/mycobot_280/mycobot_280': AMENT_PREFIX_PATH=/home/amin/cobot/cobot_ws/install/mycobot_description:/home/amin/cobot/cobot_ws/install/ultraarm:/home/amin/cobot/cobot_ws/install/pro450_moveit2_control:/home/amin/cobot/cobot_ws/install/pro450_moveit2:/home/amin/cobot/cobot_ws/install/mypalletizer_communication:/home/amin/cobot/cobot_ws/install/mypalletizer_interfaces:/home/amin/cobot/cobot_ws/install/mypalletizer_260_pi:/home/amin/cobot/cobot_ws/install/mypalletizer_260:/home/amin/cobot/cobot_ws/install/mycobot_pro_450:/home/amin/cobot/cobot_ws/install/mycobot_pro450_interfaces:/home/amin/cobot/cobot_ws/install/myarm_m750:/home/amin/cobot/cobot_ws/install/myarm_c650:/home/amin/cobot/cobot_ws/install/mycobot_communication:/home/amin/cobot/cobot_ws/install/mecharm_communication:/home/amin/cobot/cobot_ws/install/mycobot_interfaces:/home/amin/cobot/cobot_ws/install/mycobot_630:/home/amin/cobot/cobot_ws/install/mycobot_600:/home/amin/cobot/cobot_ws/install/mycobot_320pi:/home/amin/cobot/cobot_ws/install/mycobot_320_riscv:/home/amin/cobot/cobot_ws/install/mycobot_320:/home/amin/cobot/cobot_ws/install/mycobot_280rdkx5_moveit2:/home/amin/cobot/cobot_ws/install/mycobot_280pi:/home/amin/cobot/cobot_ws/install/mycobot_280jn:/home/amin/cobot/cobot_ws/install/mycobot_280arduino_moveit2:/home/amin/cobot/cobot_ws/install/mycobot_280_x3pi:/home/amin/cobot/cobot_ws/install/mycobot_280_riscv:/home/amin/cobot/cobot_ws/install/mycobot_280_rdkx5:/home/amin/cobot/cobot_ws/install/mycobot_280_moveit2_control:/home/amin/cobot/cobot_ws/install/mycobot_280_moveit2:/home/amin/cobot/cobot_ws/install/mycobot_280_gazebo_jazzy:/home/amin/cobot/cobot_ws/install/mycobot_280_gazebo:/home/amin/cobot/cobot_ws/install/mycobot_280_arduino:/home/amin/cobot/cobot_ws/install/mycobot_280:/home/amin/cobot/cobot_ws/install/mybuddy:/home/amin/cobot/cobot_ws/install/myarm_300:/home/amin/cobot/cobot_ws/install/mecharm_pi:/home/amin/cobot/cobot_ws/install/mecharm:/home/amin/cobot/cobot_ws/install/mecharm_interfaces:/opt/ros/jazzy DEBUGINFOD_URLS=https://debuginfod.ubuntu.com PYTHONPATH=/home/amin/cobot/cobot_ws/build/mycobot_280/prefix_override:/usr/lib/python3/dist-packages/colcon_core/task/python/colcon_distutils_commands:/home/amin/cobot/cobot_ws/install/mycobot_280/lib/python3.12/site-packages:/home/amin/cobot/cobot_ws/install/mycobot_description/lib/python3.12/site-packages:/home/amin/cobot/cobot_ws/install/ultraarm/lib/python3.12/site-packages:/home/amin/cobot/cobot_ws/install/pro450_moveit2_control/lib/python3.12/site-packages:/home/amin/cobot/cobot_ws/install/mypalletizer_communication/lib/python3.12/site-packages:/home/amin/cobot/cobot_ws/install/mypalletizer_interfaces/lib/python3.12/site-packages:/home/amin/cobot/cobot_ws/install/mypalletizer_260_pi/lib/python3.12/site-packages:/home/amin/cobot/cobot_ws/install/mypalletizer_260/lib/python3.12/site-packages:/home/amin/cobot/cobot_ws/install/mycobot_pro_450/lib/python3.12/site-packages:/home/amin/cobot/cobot_ws/install/mycobot_pro450_interfaces/lib/python3.12/site-packages:/home/amin/cobot/cobot_ws/install/myarm_m750/lib/python3.12/site-packages:/home/amin/cobot/cobot_ws/install/myarm_c650/lib/python3.12/site-packages:/home/amin/cobot/cobot_ws/install/mycobot_communication/lib/python3.12/site-packages:/home/amin/cobot/cobot_ws/install/mecharm_communication/lib/python3.12/site-packages:/home/amin/cobot/cobot_ws/install/mycobot_interfaces/lib/python3.12/site-packages:/home/amin/cobot/cobot_ws/install/mycobot_630/lib/python3.12/site-packages:/home/amin/cobot/cobot_ws/install/mycobot_600/lib/python3.12/site-packages:/home/amin/cobot/cobot_ws/install/mycobot_320pi/lib/python3.12/site-packages:/home/amin/cobot/cobot_ws/install/mycobot_320_riscv/lib/python3.12/site-packages:/home/amin/cobot/cobot_ws/install/mycobot_320/lib/python3.12/site-packages:/home/amin/cobot/cobot_ws/install/mycobot_280pi/lib/python3.12/site-packages:/home/amin/cobot/cobot_ws/install/mycobot_280jn/lib/python3.12/site-packages:/home/amin/cobot/cobot_ws/install/mycobot_280_x3pi/lib/python3.12/site-packages:/home/amin/cobot/cobot_ws/install/mycobot_280_riscv/lib/python3.12/site-packages:/home/amin/cobot/cobot_ws/install/mycobot_280_rdkx5/lib/python3.12/site-packages:/home/amin/cobot/cobot_ws/install/mycobot_280_moveit2_control/lib/python3.12/site-packages:/home/amin/cobot/cobot_ws/install/mycobot_280_arduino/lib/python3.12/site-packages:/home/amin/cobot/cobot_ws/install/mycobot_280/lib/python3.12/site-packages:/home/amin/cobot/cobot_ws/install/mybuddy/lib/python3.12/site-packages:/home/amin/cobot/cobot_ws/install/myarm_300/lib/python3.12/site-packages:/home/amin/cobot/cobot_ws/install/mecharm_pi/lib/python3.12/site-packages:/home/amin/cobot/cobot_ws/install/mecharm/lib/python3.12/site-packages:/home/amin/cobot/cobot_ws/install/mecharm_interfaces/lib/python3.12/site-packages:/opt/ros/jazzy/lib/python3.12/site-packages /usr/bin/python3 -W ignore:setup.py install is deprecated -W ignore:easy_install command is deprecated setup.py egg_info --egg-base ../../../../build/mycobot_280 build --build-base /home/amin/cobot/cobot_ws/build/mycobot_280/build install --record /home/amin/cobot/cobot_ws/build/mycobot_280/install.log --single-version-externally-managed install_data
[8.381s] DEBUG:colcon.colcon_core.event_handler.log_command:Invoking command in '/home/amin/cobot/cobot_ws/src/mycobot_ros2/mecharm/mecharm': AMENT_PREFIX_PATH=/home/amin/cobot/cobot_ws/install/mycobot_description:/home/amin/cobot/cobot_ws/install/ultraarm:/home/amin/cobot/cobot_ws/install/pro450_moveit2_control:/home/amin/cobot/cobot_ws/install/pro450_moveit2:/home/amin/cobot/cobot_ws/install/mypalletizer_communication:/home/amin/cobot/cobot_ws/install/mypalletizer_interfaces:/home/amin/cobot/cobot_ws/install/mypalletizer_260_pi:/home/amin/cobot/cobot_ws/install/mypalletizer_260:/home/amin/cobot/cobot_ws/install/mycobot_pro_450:/home/amin/cobot/cobot_ws/install/mycobot_pro450_interfaces:/home/amin/cobot/cobot_ws/install/myarm_m750:/home/amin/cobot/cobot_ws/install/myarm_c650:/home/amin/cobot/cobot_ws/install/mycobot_communication:/home/amin/cobot/cobot_ws/install/mecharm_communication:/home/amin/cobot/cobot_ws/install/mycobot_interfaces:/home/amin/cobot/cobot_ws/install/mycobot_630:/home/amin/cobot/cobot_ws/install/mycobot_600:/home/amin/cobot/cobot_ws/install/mycobot_320pi:/home/amin/cobot/cobot_ws/install/mycobot_320_riscv:/home/amin/cobot/cobot_ws/install/mycobot_320:/home/amin/cobot/cobot_ws/install/mycobot_280rdkx5_moveit2:/home/amin/cobot/cobot_ws/install/mycobot_280pi:/home/amin/cobot/cobot_ws/install/mycobot_280jn:/home/amin/cobot/cobot_ws/install/mycobot_280arduino_moveit2:/home/amin/cobot/cobot_ws/install/mycobot_280_x3pi:/home/amin/cobot/cobot_ws/install/mycobot_280_riscv:/home/amin/cobot/cobot_ws/install/mycobot_280_rdkx5:/home/amin/cobot/cobot_ws/install/mycobot_280_moveit2_control:/home/amin/cobot/cobot_ws/install/mycobot_280_moveit2:/home/amin/cobot/cobot_ws/install/mycobot_280_gazebo_jazzy:/home/amin/cobot/cobot_ws/install/mycobot_280_gazebo:/home/amin/cobot/cobot_ws/install/mycobot_280_arduino:/home/amin/cobot/cobot_ws/install/mycobot_280:/home/amin/cobot/cobot_ws/install/mybuddy:/home/amin/cobot/cobot_ws/install/myarm_300:/home/amin/cobot/cobot_ws/install/mecharm_pi:/home/amin/cobot/cobot_ws/install/mecharm:/home/amin/cobot/cobot_ws/install/mecharm_interfaces:/opt/ros/jazzy DEBUGINFOD_URLS=https://debuginfod.ubuntu.com PYTHONPATH=/home/amin/cobot/cobot_ws/build/mecharm/prefix_override:/usr/lib/python3/dist-packages/colcon_core/task/python/colcon_distutils_commands:/home/amin/cobot/cobot_ws/install/mecharm/lib/python3.12/site-packages:/home/amin/cobot/cobot_ws/install/mycobot_description/lib/python3.12/site-packages:/home/amin/cobot/cobot_ws/install/ultraarm/lib/python3.12/site-packages:/home/amin/cobot/cobot_ws/install/pro450_moveit2_control/lib/python3.12/site-packages:/home/amin/cobot/cobot_ws/install/mypalletizer_communication/lib/python3.12/site-packages:/home/amin/cobot/cobot_ws/install/mypalletizer_interfaces/lib/python3.12/site-packages:/home/amin/cobot/cobot_ws/install/mypalletizer_260_pi/lib/python3.12/site-packages:/home/amin/cobot/cobot_ws/install/mypalletizer_260/lib/python3.12/site-packages:/home/amin/cobot/cobot_ws/install/mycobot_pro_450/lib/python3.12/site-packages:/home/amin/cobot/cobot_ws/install/mycobot_pro450_interfaces/lib/python3.12/site-packages:/home/amin/cobot/cobot_ws/install/myarm_m750/lib/python3.12/site-packages:/home/amin/cobot/cobot_ws/install/myarm_c650/lib/python3.12/site-packages:/home/amin/cobot/cobot_ws/install/mycobot_communication/lib/python3.12/site-packages:/home/amin/cobot/cobot_ws/install/mecharm_communication/lib/python3.12/site-packages:/home/amin/cobot/cobot_ws/install/mycobot_interfaces/lib/python3.12/site-packages:/home/amin/cobot/cobot_ws/install/mycobot_630/lib/python3.12/site-packages:/home/amin/cobot/cobot_ws/install/mycobot_600/lib/python3.12/site-packages:/home/amin/cobot/cobot_ws/install/mycobot_320pi/lib/python3.12/site-packages:/home/amin/cobot/cobot_ws/install/mycobot_320_riscv/lib/python3.12/site-packages:/home/amin/cobot/cobot_ws/install/mycobot_320/lib/python3.12/site-packages:/home/amin/cobot/cobot_ws/install/mycobot_280pi/lib/python3.12/site-packages:/home/amin/cobot/cobot_ws/install/mycobot_280jn/lib/python3.12/site-packages:/home/amin/cobot/cobot_ws/install/mycobot_280_x3pi/lib/python3.12/site-packages:/home/amin/cobot/cobot_ws/install/mycobot_280_riscv/lib/python3.12/site-packages:/home/amin/cobot/cobot_ws/install/mycobot_280_rdkx5/lib/python3.12/site-packages:/home/amin/cobot/cobot_ws/install/mycobot_280_moveit2_control/lib/python3.12/site-packages:/home/amin/cobot/cobot_ws/install/mycobot_280_arduino/lib/python3.12/site-packages:/home/amin/cobot/cobot_ws/install/mycobot_280/lib/python3.12/site-packages:/home/amin/cobot/cobot_ws/install/mybuddy/lib/python3.12/site-packages:/home/amin/cobot/cobot_ws/install/myarm_300/lib/python3.12/site-packages:/home/amin/cobot/cobot_ws/install/mecharm_pi/lib/python3.12/site-packages:/home/amin/cobot/cobot_ws/install/mecharm/lib/python3.12/site-packages:/home/amin/cobot/cobot_ws/install/mecharm_interfaces/lib/python3.12/site-packages:/opt/ros/jazzy/lib/python3.12/site-packages /usr/bin/python3 -W ignore:setup.py install is deprecated -W ignore:easy_install command is deprecated setup.py egg_info --egg-base ../../../../build/mecharm build --build-base /home/amin/cobot/cobot_ws/build/mecharm/build install --record /home/amin/cobot/cobot_ws/build/mecharm/install.log --single-version-externally-managed install_data
[8.386s] Level 1:colcon.colcon_core.environment:checking '/home/amin/cobot/cobot_ws/install/mycobot_communication' for CMake module files
[8.387s] Level 1:colcon.colcon_core.environment:checking '/home/amin/cobot/cobot_ws/install/mycobot_communication' for CMake config files
[8.387s] DEBUG:colcon.colcon_core.event_handler.log_command:Invoking command in '/home/amin/cobot/cobot_ws/src/mycobot_ros2/myArm/myarm_300': AMENT_PREFIX_PATH=/home/amin/cobot/cobot_ws/install/mycobot_description:/home/amin/cobot/cobot_ws/install/ultraarm:/home/amin/cobot/cobot_ws/install/pro450_moveit2_control:/home/amin/cobot/cobot_ws/install/pro450_moveit2:/home/amin/cobot/cobot_ws/install/mypalletizer_communication:/home/amin/cobot/cobot_ws/install/mypalletizer_interfaces:/home/amin/cobot/cobot_ws/install/mypalletizer_260_pi:/home/amin/cobot/cobot_ws/install/mypalletizer_260:/home/amin/cobot/cobot_ws/install/mycobot_pro_450:/home/amin/cobot/cobot_ws/install/mycobot_pro450_interfaces:/home/amin/cobot/cobot_ws/install/myarm_m750:/home/amin/cobot/cobot_ws/install/myarm_c650:/home/amin/cobot/cobot_ws/install/mycobot_communication:/home/amin/cobot/cobot_ws/install/mecharm_communication:/home/amin/cobot/cobot_ws/install/mycobot_interfaces:/home/amin/cobot/cobot_ws/install/mycobot_630:/home/amin/cobot/cobot_ws/install/mycobot_600:/home/amin/cobot/cobot_ws/install/mycobot_320pi:/home/amin/cobot/cobot_ws/install/mycobot_320_riscv:/home/amin/cobot/cobot_ws/install/mycobot_320:/home/amin/cobot/cobot_ws/install/mycobot_280rdkx5_moveit2:/home/amin/cobot/cobot_ws/install/mycobot_280pi:/home/amin/cobot/cobot_ws/install/mycobot_280jn:/home/amin/cobot/cobot_ws/install/mycobot_280arduino_moveit2:/home/amin/cobot/cobot_ws/install/mycobot_280_x3pi:/home/amin/cobot/cobot_ws/install/mycobot_280_riscv:/home/amin/cobot/cobot_ws/install/mycobot_280_rdkx5:/home/amin/cobot/cobot_ws/install/mycobot_280_moveit2_control:/home/amin/cobot/cobot_ws/install/mycobot_280_moveit2:/home/amin/cobot/cobot_ws/install/mycobot_280_gazebo_jazzy:/home/amin/cobot/cobot_ws/install/mycobot_280_gazebo:/home/amin/cobot/cobot_ws/install/mycobot_280_arduino:/home/amin/cobot/cobot_ws/install/mycobot_280:/home/amin/cobot/cobot_ws/install/mybuddy:/home/amin/cobot/cobot_ws/install/myarm_300:/home/amin/cobot/cobot_ws/install/mecharm_pi:/home/amin/cobot/cobot_ws/install/mecharm:/home/amin/cobot/cobot_ws/install/mecharm_interfaces:/opt/ros/jazzy DEBUGINFOD_URLS=https://debuginfod.ubuntu.com PYTHONPATH=/home/amin/cobot/cobot_ws/build/myarm_300/prefix_override:/usr/lib/python3/dist-packages/colcon_core/task/python/colcon_distutils_commands:/home/amin/cobot/cobot_ws/install/myarm_300/lib/python3.12/site-packages:/home/amin/cobot/cobot_ws/install/mycobot_description/lib/python3.12/site-packages:/home/amin/cobot/cobot_ws/install/ultraarm/lib/python3.12/site-packages:/home/amin/cobot/cobot_ws/install/pro450_moveit2_control/lib/python3.12/site-packages:/home/amin/cobot/cobot_ws/install/mypalletizer_communication/lib/python3.12/site-packages:/home/amin/cobot/cobot_ws/install/mypalletizer_interfaces/lib/python3.12/site-packages:/home/amin/cobot/cobot_ws/install/mypalletizer_260_pi/lib/python3.12/site-packages:/home/amin/cobot/cobot_ws/install/mypalletizer_260/lib/python3.12/site-packages:/home/amin/cobot/cobot_ws/install/mycobot_pro_450/lib/python3.12/site-packages:/home/amin/cobot/cobot_ws/install/mycobot_pro450_interfaces/lib/python3.12/site-packages:/home/amin/cobot/cobot_ws/install/myarm_m750/lib/python3.12/site-packages:/home/amin/cobot/cobot_ws/install/myarm_c650/lib/python3.12/site-packages:/home/amin/cobot/cobot_ws/install/mycobot_communication/lib/python3.12/site-packages:/home/amin/cobot/cobot_ws/install/mecharm_communication/lib/python3.12/site-packages:/home/amin/cobot/cobot_ws/install/mycobot_interfaces/lib/python3.12/site-packages:/home/amin/cobot/cobot_ws/install/mycobot_630/lib/python3.12/site-packages:/home/amin/cobot/cobot_ws/install/mycobot_600/lib/python3.12/site-packages:/home/amin/cobot/cobot_ws/install/mycobot_320pi/lib/python3.12/site-packages:/home/amin/cobot/cobot_ws/install/mycobot_320_riscv/lib/python3.12/site-packages:/home/amin/cobot/cobot_ws/install/mycobot_320/lib/python3.12/site-packages:/home/amin/cobot/cobot_ws/install/mycobot_280pi/lib/python3.12/site-packages:/home/amin/cobot/cobot_ws/install/mycobot_280jn/lib/python3.12/site-packages:/home/amin/cobot/cobot_ws/install/mycobot_280_x3pi/lib/python3.12/site-packages:/home/amin/cobot/cobot_ws/install/mycobot_280_riscv/lib/python3.12/site-packages:/home/amin/cobot/cobot_ws/install/mycobot_280_rdkx5/lib/python3.12/site-packages:/home/amin/cobot/cobot_ws/install/mycobot_280_moveit2_control/lib/python3.12/site-packages:/home/amin/cobot/cobot_ws/install/mycobot_280_arduino/lib/python3.12/site-packages:/home/amin/cobot/cobot_ws/install/mycobot_280/lib/python3.12/site-packages:/home/amin/cobot/cobot_ws/install/mybuddy/lib/python3.12/site-packages:/home/amin/cobot/cobot_ws/install/myarm_300/lib/python3.12/site-packages:/home/amin/cobot/cobot_ws/install/mecharm_pi/lib/python3.12/site-packages:/home/amin/cobot/cobot_ws/install/mecharm/lib/python3.12/site-packages:/home/amin/cobot/cobot_ws/install/mecharm_interfaces/lib/python3.12/site-packages:/opt/ros/jazzy/lib/python3.12/site-packages /usr/bin/python3 -W ignore:setup.py install is deprecated -W ignore:easy_install command is deprecated setup.py egg_info --egg-base ../../../../build/myarm_300 build --build-base /home/amin/cobot/cobot_ws/build/myarm_300/build install --record /home/amin/cobot/cobot_ws/build/myarm_300/install.log --single-version-externally-managed install_data
[8.389s] DEBUG:colcon.colcon_core.event_handler.log_command:Invoked command in '/home/amin/cobot/cobot_ws/src/mycobot_ros2/mycobot_communication' returned '0': CMAKE_PREFIX_PATH=/home/amin/cobot/cobot_ws/install/mycobot_interfaces:/home/amin/cobot/cobot_ws/install/pro450_moveit2:/home/amin/cobot/cobot_ws/install/mypalletizer_interfaces:/home/amin/cobot/cobot_ws/install/mycobot_pro450_interfaces:/home/amin/cobot/cobot_ws/install/mycobot_280rdkx5_moveit2:/home/amin/cobot/cobot_ws/install/mycobot_280arduino_moveit2:/home/amin/cobot/cobot_ws/install/mycobot_280_moveit2:/home/amin/cobot/cobot_ws/install/mycobot_280_gazebo_jazzy:/home/amin/cobot/cobot_ws/install/mycobot_280_gazebo:/home/amin/cobot/cobot_ws/install/mecharm_interfaces:/opt/ros/jazzy/opt/gz_sim_vendor:/opt/ros/jazzy/opt/gz_sensors_vendor:/opt/ros/jazzy/opt/gz_physics_vendor:/opt/ros/jazzy/opt/sdformat_vendor:/opt/ros/jazzy/opt/gz_gui_vendor:/opt/ros/jazzy/opt/gz_transport_vendor:/opt/ros/jazzy/opt/gz_rendering_vendor:/opt/ros/jazzy/opt/gz_plugin_vendor:/opt/ros/jazzy/opt/gz_fuel_tools_vendor:/opt/ros/jazzy/opt/gz_msgs_vendor:/opt/ros/jazzy/opt/gz_common_vendor:/opt/ros/jazzy/opt/gz_math_vendor:/opt/ros/jazzy/opt/gz_utils_vendor:/opt/ros/jazzy/opt/gz_tools_vendor:/opt/ros/jazzy/opt/gz_ogre_next_vendor:/opt/ros/jazzy/opt/gz_dartsim_vendor:/opt/ros/jazzy/opt/gz_cmake_vendor DEBUGINFOD_URLS=https://debuginfod.ubuntu.com LD_LIBRARY_PATH=/home/amin/cobot/cobot_ws/install/mycobot_interfaces/lib:/home/amin/cobot/cobot_ws/install/mypalletizer_interfaces/lib:/home/amin/cobot/cobot_ws/install/mycobot_pro450_interfaces/lib:/home/amin/cobot/cobot_ws/install/mecharm_interfaces/lib:/opt/ros/jazzy/opt/gz_sim_vendor/lib:/opt/ros/jazzy/opt/gz_sensors_vendor/lib:/opt/ros/jazzy/opt/gz_physics_vendor/lib:/opt/ros/jazzy/opt/sdformat_vendor/lib:/opt/ros/jazzy/opt/rviz_ogre_vendor/lib:/opt/ros/jazzy/lib/x86_64-linux-gnu:/opt/ros/jazzy/opt/gz_gui_vendor/lib:/opt/ros/jazzy/opt/gz_transport_vendor/lib:/opt/ros/jazzy/opt/gz_rendering_vendor/lib:/opt/ros/jazzy/opt/gz_plugin_vendor/lib:/opt/ros/jazzy/opt/gz_fuel_tools_vendor/lib:/opt/ros/jazzy/opt/gz_msgs_vendor/lib:/opt/ros/jazzy/opt/gz_common_vendor/lib:/opt/ros/jazzy/opt/gz_math_vendor/lib:/opt/ros/jazzy/opt/gz_utils_vendor/lib:/opt/ros/jazzy/opt/gz_tools_vendor/lib:/opt/ros/jazzy/opt/gz_ogre_next_vendor/lib:/opt/ros/jazzy/opt/gz_dartsim_vendor/lib:/opt/ros/jazzy/opt/gz_cmake_vendor/lib:/opt/ros/jazzy/lib PYTHONPATH=/home/amin/cobot/cobot_ws/build/mycobot_communication/prefix_override:/usr/lib/python3/dist-packages/colcon_core/task/python/colcon_distutils_commands:/home/amin/cobot/cobot_ws/install/mycobot_communication/lib/python3.12/site-packages:/home/amin/cobot/cobot_ws/install/mycobot_interfaces/lib/python3.12/site-packages:/home/amin/cobot/cobot_ws/install/ultraarm/lib/python3.12/site-packages:/home/amin/cobot/cobot_ws/install/pro450_moveit2_control/lib/python3.12/site-packages:/home/amin/cobot/cobot_ws/install/mypalletizer_communication/lib/python3.12/site-packages:/home/amin/cobot/cobot_ws/install/mypalletizer_interfaces/lib/python3.12/site-packages:/home/amin/cobot/cobot_ws/install/mypalletizer_260_pi/lib/python3.12/site-packages:/home/amin/cobot/cobot_ws/install/mypalletizer_260/lib/python3.12/site-packages:/home/amin/cobot/cobot_ws/install/mycobot_pro_450/lib/python3.12/site-packages:/home/amin/cobot/cobot_ws/install/mycobot_pro450_interfaces/lib/python3.12/site-packages:/home/amin/cobot/cobot_ws/install/myarm_m750/lib/python3.12/site-packages:/home/amin/cobot/cobot_ws/install/myarm_c650/lib/python3.12/site-packages:/home/amin/cobot/cobot_ws/install/mycobot_communication/lib/python3.12/site-packages:/home/amin/cobot/cobot_ws/install/mecharm_communication/lib/python3.12/site-packages:/home/amin/cobot/cobot_ws/install/mycobot_630/lib/python3.12/site-packages:/home/amin/cobot/cobot_ws/install/mycobot_600/lib/python3.12/site-packages:/home/amin/cobot/cobot_ws/install/mycobot_320pi/lib/python3.12/site-packages:/home/amin/cobot/cobot_ws/install/mycobot_320_riscv/lib/python3.12/site-packages:/home/amin/cobot/cobot_ws/install/mycobot_320/lib/python3.12/site-packages:/home/amin/cobot/cobot_ws/install/mycobot_280pi/lib/python3.12/site-packages:/home/amin/cobot/cobot_ws/install/mycobot_280jn/lib/python3.12/site-packages:/home/amin/cobot/cobot_ws/install/mycobot_280_x3pi/lib/python3.12/site-packages:/home/amin/cobot/cobot_ws/install/mycobot_280_riscv/lib/python3.12/site-packages:/home/amin/cobot/cobot_ws/install/mycobot_280_rdkx5/lib/python3.12/site-packages:/home/amin/cobot/cobot_ws/install/mycobot_280_moveit2_control/lib/python3.12/site-packages:/home/amin/cobot/cobot_ws/install/mycobot_280_arduino/lib/python3.12/site-packages:/home/amin/cobot/cobot_ws/install/mycobot_280/lib/python3.12/site-packages:/home/amin/cobot/cobot_ws/install/mybuddy/lib/python3.12/site-packages:/home/amin/cobot/cobot_ws/install/myarm_300/lib/python3.12/site-packages:/home/amin/cobot/cobot_ws/install/mecharm_pi/lib/python3.12/site-packages:/home/amin/cobot/cobot_ws/install/mecharm/lib/python3.12/site-packages:/home/amin/cobot/cobot_ws/install/mycobot_description/lib/python3.12/site-packages:/home/amin/cobot/cobot_ws/install/mecharm_interfaces/lib/python3.12/site-packages:/opt/ros/jazzy/lib/python3.12/site-packages /usr/bin/python3 -W ignore:setup.py install is deprecated -W ignore:easy_install command is deprecated setup.py egg_info --egg-base ../../../build/mycobot_communication build --build-base /home/amin/cobot/cobot_ws/build/mycobot_communication/build install --record /home/amin/cobot/cobot_ws/build/mycobot_communication/install.log --single-version-externally-managed install_data
[8.389s] Level 1:colcon.colcon_core.environment:checking '/home/amin/cobot/cobot_ws/install/mycobot_communication/lib'
[8.389s] Level 1:colcon.colcon_core.environment:checking '/home/amin/cobot/cobot_ws/install/mycobot_communication/bin'
[8.389s] Level 1:colcon.colcon_core.environment:checking '/home/amin/cobot/cobot_ws/install/mycobot_communication/lib/pkgconfig/mycobot_communication.pc'
[8.390s] Level 1:colcon.colcon_core.environment:checking '/home/amin/cobot/cobot_ws/install/mycobot_communication/lib/python3.12/site-packages'
[8.390s] Level 1:colcon.colcon_core.shell:create_environment_hook('mycobot_communication', 'pythonpath')
[8.391s] INFO:colcon.colcon_core.shell:Creating environment hook '/home/amin/cobot/cobot_ws/install/mycobot_communication/share/mycobot_communication/hook/pythonpath.ps1'
[8.392s] INFO:colcon.colcon_core.shell:Creating environment descriptor '/home/amin/cobot/cobot_ws/install/mycobot_communication/share/mycobot_communication/hook/pythonpath.dsv'
[8.393s] INFO:colcon.colcon_core.shell:Creating environment hook '/home/amin/cobot/cobot_ws/install/mycobot_communication/share/mycobot_communication/hook/pythonpath.sh'
[8.397s] Level 1:colcon.colcon_core.environment:checking '/home/amin/cobot/cobot_ws/install/mycobot_communication/bin'
[8.398s] Level 1:colcon.colcon_core.environment:create_environment_scripts_only(mycobot_communication)
[8.398s] INFO:colcon.colcon_core.shell:Creating package script '/home/amin/cobot/cobot_ws/install/mycobot_communication/share/mycobot_communication/package.ps1'
[8.401s] INFO:colcon.colcon_core.shell:Creating package descriptor '/home/amin/cobot/cobot_ws/install/mycobot_communication/share/mycobot_communication/package.dsv'
[8.403s] INFO:colcon.colcon_core.shell:Creating package script '/home/amin/cobot/cobot_ws/install/mycobot_communication/share/mycobot_communication/package.sh'
[8.404s] INFO:colcon.colcon_core.shell:Creating package script '/home/amin/cobot/cobot_ws/install/mycobot_communication/share/mycobot_communication/package.bash'
[8.407s] INFO:colcon.colcon_core.shell:Creating package script '/home/amin/cobot/cobot_ws/install/mycobot_communication/share/mycobot_communication/package.zsh'
[8.408s] Level 1:colcon.colcon_core.environment:create_file_with_runtime_dependencies(/home/amin/cobot/cobot_ws/install/mycobot_communication/share/colcon-core/packages/mycobot_communication)
[8.416s] INFO:colcon.colcon_ros.task.ament_cmake.build:Building ROS package in '/home/amin/cobot/cobot_ws/src/mycobot_ros2/mycobot_280_gazebo_jazzy' with build type 'ament_cmake'
[8.417s] INFO:colcon.colcon_cmake.task.cmake.build:Building CMake package in '/home/amin/cobot/cobot_ws/src/mycobot_ros2/mycobot_280_gazebo_jazzy'
[8.420s] INFO:colcon.colcon_core.shell:Skip shell extension 'powershell' for command environment: Not usable outside of PowerShell
[8.421s] DEBUG:colcon.colcon_core.shell:Skip shell extension 'dsv' for command environment
[8.461s] DEBUG:colcon.colcon_core.event_handler.log_command:Invoking command in '/home/amin/cobot/cobot_ws/build/mycobot_280_gazebo_jazzy': AMENT_PREFIX_PATH=/home/amin/cobot/cobot_ws/install/mycobot_description:/home/amin/cobot/cobot_ws/install/ultraarm:/home/amin/cobot/cobot_ws/install/pro450_moveit2_control:/home/amin/cobot/cobot_ws/install/pro450_moveit2:/home/amin/cobot/cobot_ws/install/mypalletizer_communication:/home/amin/cobot/cobot_ws/install/mypalletizer_interfaces:/home/amin/cobot/cobot_ws/install/mypalletizer_260_pi:/home/amin/cobot/cobot_ws/install/mypalletizer_260:/home/amin/cobot/cobot_ws/install/mycobot_pro_450:/home/amin/cobot/cobot_ws/install/mycobot_pro450_interfaces:/home/amin/cobot/cobot_ws/install/myarm_m750:/home/amin/cobot/cobot_ws/install/myarm_c650:/home/amin/cobot/cobot_ws/install/mycobot_communication:/home/amin/cobot/cobot_ws/install/mecharm_communication:/home/amin/cobot/cobot_ws/install/mycobot_interfaces:/home/amin/cobot/cobot_ws/install/mycobot_630:/home/amin/cobot/cobot_ws/install/mycobot_600:/home/amin/cobot/cobot_ws/install/mycobot_320pi:/home/amin/cobot/cobot_ws/install/mycobot_320_riscv:/home/amin/cobot/cobot_ws/install/mycobot_320:/home/amin/cobot/cobot_ws/install/mycobot_280rdkx5_moveit2:/home/amin/cobot/cobot_ws/install/mycobot_280pi:/home/amin/cobot/cobot_ws/install/mycobot_280jn:/home/amin/cobot/cobot_ws/install/mycobot_280arduino_moveit2:/home/amin/cobot/cobot_ws/install/mycobot_280_x3pi:/home/amin/cobot/cobot_ws/install/mycobot_280_riscv:/home/amin/cobot/cobot_ws/install/mycobot_280_rdkx5:/home/amin/cobot/cobot_ws/install/mycobot_280_moveit2_control:/home/amin/cobot/cobot_ws/install/mycobot_280_moveit2:/home/amin/cobot/cobot_ws/install/mycobot_280_gazebo_jazzy:/home/amin/cobot/cobot_ws/install/mycobot_280_gazebo:/home/amin/cobot/cobot_ws/install/mycobot_280_arduino:/home/amin/cobot/cobot_ws/install/mycobot_280:/home/amin/cobot/cobot_ws/install/mybuddy:/home/amin/cobot/cobot_ws/install/myarm_300:/home/amin/cobot/cobot_ws/install/mecharm_pi:/home/amin/cobot/cobot_ws/install/mecharm:/home/amin/cobot/cobot_ws/install/mecharm_interfaces:/opt/ros/jazzy CMAKE_PREFIX_PATH=${CMAKE_PREFIX_PATH}:/home/amin/cobot/cobot_ws/install/ultraarm:/home/amin/cobot/cobot_ws/install/pro450_moveit2_control:/home/amin/cobot/cobot_ws/install/mypalletizer_communication:/home/amin/cobot/cobot_ws/install/mypalletizer_260_pi:/home/amin/cobot/cobot_ws/install/mypalletizer_260:/home/amin/cobot/cobot_ws/install/mycobot_pro_450:/home/amin/cobot/cobot_ws/install/myarm_m750:/home/amin/cobot/cobot_ws/install/myarm_c650:/home/amin/cobot/cobot_ws/install/mycobot_communication:/home/amin/cobot/cobot_ws/install/mecharm_communication:/home/amin/cobot/cobot_ws/install/mycobot_630:/home/amin/cobot/cobot_ws/install/mycobot_600:/home/amin/cobot/cobot_ws/install/mycobot_320pi:/home/amin/cobot/cobot_ws/install/mycobot_320_riscv:/home/amin/cobot/cobot_ws/install/mycobot_320:/home/amin/cobot/cobot_ws/install/mycobot_280pi:/home/amin/cobot/cobot_ws/install/mycobot_280jn:/home/amin/cobot/cobot_ws/install/mycobot_280_x3pi:/home/amin/cobot/cobot_ws/install/mycobot_280_riscv:/home/amin/cobot/cobot_ws/install/mycobot_280_rdkx5:/home/amin/cobot/cobot_ws/install/mycobot_280_moveit2_control:/home/amin/cobot/cobot_ws/install/mycobot_280_arduino:/home/amin/cobot/cobot_ws/install/mycobot_280:/home/amin/cobot/cobot_ws/install/mybuddy:/home/amin/cobot/cobot_ws/install/myarm_300:/home/amin/cobot/cobot_ws/install/mecharm_pi:/home/amin/cobot/cobot_ws/install/mecharm:/home/amin/cobot/cobot_ws/install/mycobot_description:/opt/ros/jazzy DEBUGINFOD_URLS=https://debuginfod.ubuntu.com PYTHONPATH=/home/amin/cobot/cobot_ws/install/mycobot_description/lib/python3.12/site-packages:/home/amin/cobot/cobot_ws/install/ultraarm/lib/python3.12/site-packages:/home/amin/cobot/cobot_ws/install/pro450_moveit2_control/lib/python3.12/site-packages:/home/amin/cobot/cobot_ws/install/mypalletizer_communication/lib/python3.12/site-packages:/home/amin/cobot/cobot_ws/install/mypalletizer_interfaces/lib/python3.12/site-packages:/home/amin/cobot/cobot_ws/install/mypalletizer_260_pi/lib/python3.12/site-packages:/home/amin/cobot/cobot_ws/install/mypalletizer_260/lib/python3.12/site-packages:/home/amin/cobot/cobot_ws/install/mycobot_pro_450/lib/python3.12/site-packages:/home/amin/cobot/cobot_ws/install/mycobot_pro450_interfaces/lib/python3.12/site-packages:/home/amin/cobot/cobot_ws/install/myarm_m750/lib/python3.12/site-packages:/home/amin/cobot/cobot_ws/install/myarm_c650/lib/python3.12/site-packages:/home/amin/cobot/cobot_ws/install/mycobot_communication/lib/python3.12/site-packages:/home/amin/cobot/cobot_ws/install/mecharm_communication/lib/python3.12/site-packages:/home/amin/cobot/cobot_ws/install/mycobot_interfaces/lib/python3.12/site-packages:/home/amin/cobot/cobot_ws/install/mycobot_630/lib/python3.12/site-packages:/home/amin/cobot/cobot_ws/install/mycobot_600/lib/python3.12/site-packages:/home/amin/cobot/cobot_ws/install/mycobot_320pi/lib/python3.12/site-packages:/home/amin/cobot/cobot_ws/install/mycobot_320_riscv/lib/python3.12/site-packages:/home/amin/cobot/cobot_ws/install/mycobot_320/lib/python3.12/site-packages:/home/amin/cobot/cobot_ws/install/mycobot_280pi/lib/python3.12/site-packages:/home/amin/cobot/cobot_ws/install/mycobot_280jn/lib/python3.12/site-packages:/home/amin/cobot/cobot_ws/install/mycobot_280_x3pi/lib/python3.12/site-packages:/home/amin/cobot/cobot_ws/install/mycobot_280_riscv/lib/python3.12/site-packages:/home/amin/cobot/cobot_ws/install/mycobot_280_rdkx5/lib/python3.12/site-packages:/home/amin/cobot/cobot_ws/install/mycobot_280_moveit2_control/lib/python3.12/site-packages:/home/amin/cobot/cobot_ws/install/mycobot_280_arduino/lib/python3.12/site-packages:/home/amin/cobot/cobot_ws/install/mycobot_280/lib/python3.12/site-packages:/home/amin/cobot/cobot_ws/install/mybuddy/lib/python3.12/site-packages:/home/amin/cobot/cobot_ws/install/myarm_300/lib/python3.12/site-packages:/home/amin/cobot/cobot_ws/install/mecharm_pi/lib/python3.12/site-packages:/home/amin/cobot/cobot_ws/install/mecharm/lib/python3.12/site-packages:/home/amin/cobot/cobot_ws/install/mecharm_interfaces/lib/python3.12/site-packages:/opt/ros/jazzy/lib/python3.12/site-packages /usr/bin/cmake --build /home/amin/cobot/cobot_ws/build/mycobot_280_gazebo_jazzy -- -j8 -l8
[8.517s] DEBUG:colcon.colcon_core.event_handler.log_command:Invoked command in '/home/amin/cobot/cobot_ws/build/mycobot_280_gazebo' returned '0': AMENT_PREFIX_PATH=/home/amin/cobot/cobot_ws/install/mycobot_description:/home/amin/cobot/cobot_ws/install/ultraarm:/home/amin/cobot/cobot_ws/install/pro450_moveit2_control:/home/amin/cobot/cobot_ws/install/pro450_moveit2:/home/amin/cobot/cobot_ws/install/mypalletizer_communication:/home/amin/cobot/cobot_ws/install/mypalletizer_interfaces:/home/amin/cobot/cobot_ws/install/mypalletizer_260_pi:/home/amin/cobot/cobot_ws/install/mypalletizer_260:/home/amin/cobot/cobot_ws/install/mycobot_pro_450:/home/amin/cobot/cobot_ws/install/mycobot_pro450_interfaces:/home/amin/cobot/cobot_ws/install/myarm_m750:/home/amin/cobot/cobot_ws/install/myarm_c650:/home/amin/cobot/cobot_ws/install/mycobot_communication:/home/amin/cobot/cobot_ws/install/mecharm_communication:/home/amin/cobot/cobot_ws/install/mycobot_interfaces:/home/amin/cobot/cobot_ws/install/mycobot_630:/home/amin/cobot/cobot_ws/install/mycobot_600:/home/amin/cobot/cobot_ws/install/mycobot_320pi:/home/amin/cobot/cobot_ws/install/mycobot_320_riscv:/home/amin/cobot/cobot_ws/install/mycobot_320:/home/amin/cobot/cobot_ws/install/mycobot_280rdkx5_moveit2:/home/amin/cobot/cobot_ws/install/mycobot_280pi:/home/amin/cobot/cobot_ws/install/mycobot_280jn:/home/amin/cobot/cobot_ws/install/mycobot_280arduino_moveit2:/home/amin/cobot/cobot_ws/install/mycobot_280_x3pi:/home/amin/cobot/cobot_ws/install/mycobot_280_riscv:/home/amin/cobot/cobot_ws/install/mycobot_280_rdkx5:/home/amin/cobot/cobot_ws/install/mycobot_280_moveit2_control:/home/amin/cobot/cobot_ws/install/mycobot_280_moveit2:/home/amin/cobot/cobot_ws/install/mycobot_280_gazebo_jazzy:/home/amin/cobot/cobot_ws/install/mycobot_280_gazebo:/home/amin/cobot/cobot_ws/install/mycobot_280_arduino:/home/amin/cobot/cobot_ws/install/mycobot_280:/home/amin/cobot/cobot_ws/install/mybuddy:/home/amin/cobot/cobot_ws/install/myarm_300:/home/amin/cobot/cobot_ws/install/mecharm_pi:/home/amin/cobot/cobot_ws/install/mecharm:/home/amin/cobot/cobot_ws/install/mecharm_interfaces:/opt/ros/jazzy CMAKE_PREFIX_PATH=${CMAKE_PREFIX_PATH}:/home/amin/cobot/cobot_ws/install/ultraarm:/home/amin/cobot/cobot_ws/install/pro450_moveit2_control:/home/amin/cobot/cobot_ws/install/mypalletizer_communication:/home/amin/cobot/cobot_ws/install/mypalletizer_260_pi:/home/amin/cobot/cobot_ws/install/mypalletizer_260:/home/amin/cobot/cobot_ws/install/mycobot_pro_450:/home/amin/cobot/cobot_ws/install/myarm_m750:/home/amin/cobot/cobot_ws/install/myarm_c650:/home/amin/cobot/cobot_ws/install/mycobot_communication:/home/amin/cobot/cobot_ws/install/mecharm_communication:/home/amin/cobot/cobot_ws/install/mycobot_630:/home/amin/cobot/cobot_ws/install/mycobot_600:/home/amin/cobot/cobot_ws/install/mycobot_320pi:/home/amin/cobot/cobot_ws/install/mycobot_320_riscv:/home/amin/cobot/cobot_ws/install/mycobot_320:/home/amin/cobot/cobot_ws/install/mycobot_280pi:/home/amin/cobot/cobot_ws/install/mycobot_280jn:/home/amin/cobot/cobot_ws/install/mycobot_280_x3pi:/home/amin/cobot/cobot_ws/install/mycobot_280_riscv:/home/amin/cobot/cobot_ws/install/mycobot_280_rdkx5:/home/amin/cobot/cobot_ws/install/mycobot_280_moveit2_control:/home/amin/cobot/cobot_ws/install/mycobot_280_arduino:/home/amin/cobot/cobot_ws/install/mycobot_280:/home/amin/cobot/cobot_ws/install/mybuddy:/home/amin/cobot/cobot_ws/install/myarm_300:/home/amin/cobot/cobot_ws/install/mecharm_pi:/home/amin/cobot/cobot_ws/install/mecharm:/home/amin/cobot/cobot_ws/install/mycobot_description:/opt/ros/jazzy DEBUGINFOD_URLS=https://debuginfod.ubuntu.com PYTHONPATH=/home/amin/cobot/cobot_ws/install/mycobot_description/lib/python3.12/site-packages:/home/amin/cobot/cobot_ws/install/ultraarm/lib/python3.12/site-packages:/home/amin/cobot/cobot_ws/install/pro450_moveit2_control/lib/python3.12/site-packages:/home/amin/cobot/cobot_ws/install/mypalletizer_communication/lib/python3.12/site-packages:/home/amin/cobot/cobot_ws/install/mypalletizer_interfaces/lib/python3.12/site-packages:/home/amin/cobot/cobot_ws/install/mypalletizer_260_pi/lib/python3.12/site-packages:/home/amin/cobot/cobot_ws/install/mypalletizer_260/lib/python3.12/site-packages:/home/amin/cobot/cobot_ws/install/mycobot_pro_450/lib/python3.12/site-packages:/home/amin/cobot/cobot_ws/install/mycobot_pro450_interfaces/lib/python3.12/site-packages:/home/amin/cobot/cobot_ws/install/myarm_m750/lib/python3.12/site-packages:/home/amin/cobot/cobot_ws/install/myarm_c650/lib/python3.12/site-packages:/home/amin/cobot/cobot_ws/install/mycobot_communication/lib/python3.12/site-packages:/home/amin/cobot/cobot_ws/install/mecharm_communication/lib/python3.12/site-packages:/home/amin/cobot/cobot_ws/install/mycobot_interfaces/lib/python3.12/site-packages:/home/amin/cobot/cobot_ws/install/mycobot_630/lib/python3.12/site-packages:/home/amin/cobot/cobot_ws/install/mycobot_600/lib/python3.12/site-packages:/home/amin/cobot/cobot_ws/install/mycobot_320pi/lib/python3.12/site-packages:/home/amin/cobot/cobot_ws/install/mycobot_320_riscv/lib/python3.12/site-packages:/home/amin/cobot/cobot_ws/install/mycobot_320/lib/python3.12/site-packages:/home/amin/cobot/cobot_ws/install/mycobot_280pi/lib/python3.12/site-packages:/home/amin/cobot/cobot_ws/install/mycobot_280jn/lib/python3.12/site-packages:/home/amin/cobot/cobot_ws/install/mycobot_280_x3pi/lib/python3.12/site-packages:/home/amin/cobot/cobot_ws/install/mycobot_280_riscv/lib/python3.12/site-packages:/home/amin/cobot/cobot_ws/install/mycobot_280_rdkx5/lib/python3.12/site-packages:/home/amin/cobot/cobot_ws/install/mycobot_280_moveit2_control/lib/python3.12/site-packages:/home/amin/cobot/cobot_ws/install/mycobot_280_arduino/lib/python3.12/site-packages:/home/amin/cobot/cobot_ws/install/mycobot_280/lib/python3.12/site-packages:/home/amin/cobot/cobot_ws/install/mybuddy/lib/python3.12/site-packages:/home/amin/cobot/cobot_ws/install/myarm_300/lib/python3.12/site-packages:/home/amin/cobot/cobot_ws/install/mecharm_pi/lib/python3.12/site-packages:/home/amin/cobot/cobot_ws/install/mecharm/lib/python3.12/site-packages:/home/amin/cobot/cobot_ws/install/mecharm_interfaces/lib/python3.12/site-packages:/opt/ros/jazzy/lib/python3.12/site-packages /usr/bin/cmake --build /home/amin/cobot/cobot_ws/build/mycobot_280_gazebo -- -j8 -l8
[8.518s] DEBUG:colcon.colcon_core.event_handler.log_command:Invoking command in '/home/amin/cobot/cobot_ws/build/mycobot_280_gazebo': AMENT_PREFIX_PATH=/home/amin/cobot/cobot_ws/install/mycobot_description:/home/amin/cobot/cobot_ws/install/ultraarm:/home/amin/cobot/cobot_ws/install/pro450_moveit2_control:/home/amin/cobot/cobot_ws/install/pro450_moveit2:/home/amin/cobot/cobot_ws/install/mypalletizer_communication:/home/amin/cobot/cobot_ws/install/mypalletizer_interfaces:/home/amin/cobot/cobot_ws/install/mypalletizer_260_pi:/home/amin/cobot/cobot_ws/install/mypalletizer_260:/home/amin/cobot/cobot_ws/install/mycobot_pro_450:/home/amin/cobot/cobot_ws/install/mycobot_pro450_interfaces:/home/amin/cobot/cobot_ws/install/myarm_m750:/home/amin/cobot/cobot_ws/install/myarm_c650:/home/amin/cobot/cobot_ws/install/mycobot_communication:/home/amin/cobot/cobot_ws/install/mecharm_communication:/home/amin/cobot/cobot_ws/install/mycobot_interfaces:/home/amin/cobot/cobot_ws/install/mycobot_630:/home/amin/cobot/cobot_ws/install/mycobot_600:/home/amin/cobot/cobot_ws/install/mycobot_320pi:/home/amin/cobot/cobot_ws/install/mycobot_320_riscv:/home/amin/cobot/cobot_ws/install/mycobot_320:/home/amin/cobot/cobot_ws/install/mycobot_280rdkx5_moveit2:/home/amin/cobot/cobot_ws/install/mycobot_280pi:/home/amin/cobot/cobot_ws/install/mycobot_280jn:/home/amin/cobot/cobot_ws/install/mycobot_280arduino_moveit2:/home/amin/cobot/cobot_ws/install/mycobot_280_x3pi:/home/amin/cobot/cobot_ws/install/mycobot_280_riscv:/home/amin/cobot/cobot_ws/install/mycobot_280_rdkx5:/home/amin/cobot/cobot_ws/install/mycobot_280_moveit2_control:/home/amin/cobot/cobot_ws/install/mycobot_280_moveit2:/home/amin/cobot/cobot_ws/install/mycobot_280_gazebo_jazzy:/home/amin/cobot/cobot_ws/install/mycobot_280_gazebo:/home/amin/cobot/cobot_ws/install/mycobot_280_arduino:/home/amin/cobot/cobot_ws/install/mycobot_280:/home/amin/cobot/cobot_ws/install/mybuddy:/home/amin/cobot/cobot_ws/install/myarm_300:/home/amin/cobot/cobot_ws/install/mecharm_pi:/home/amin/cobot/cobot_ws/install/mecharm:/home/amin/cobot/cobot_ws/install/mecharm_interfaces:/opt/ros/jazzy CMAKE_PREFIX_PATH=${CMAKE_PREFIX_PATH}:/home/amin/cobot/cobot_ws/install/ultraarm:/home/amin/cobot/cobot_ws/install/pro450_moveit2_control:/home/amin/cobot/cobot_ws/install/mypalletizer_communication:/home/amin/cobot/cobot_ws/install/mypalletizer_260_pi:/home/amin/cobot/cobot_ws/install/mypalletizer_260:/home/amin/cobot/cobot_ws/install/mycobot_pro_450:/home/amin/cobot/cobot_ws/install/myarm_m750:/home/amin/cobot/cobot_ws/install/myarm_c650:/home/amin/cobot/cobot_ws/install/mycobot_communication:/home/amin/cobot/cobot_ws/install/mecharm_communication:/home/amin/cobot/cobot_ws/install/mycobot_630:/home/amin/cobot/cobot_ws/install/mycobot_600:/home/amin/cobot/cobot_ws/install/mycobot_320pi:/home/amin/cobot/cobot_ws/install/mycobot_320_riscv:/home/amin/cobot/cobot_ws/install/mycobot_320:/home/amin/cobot/cobot_ws/install/mycobot_280pi:/home/amin/cobot/cobot_ws/install/mycobot_280jn:/home/amin/cobot/cobot_ws/install/mycobot_280_x3pi:/home/amin/cobot/cobot_ws/install/mycobot_280_riscv:/home/amin/cobot/cobot_ws/install/mycobot_280_rdkx5:/home/amin/cobot/cobot_ws/install/mycobot_280_moveit2_control:/home/amin/cobot/cobot_ws/install/mycobot_280_arduino:/home/amin/cobot/cobot_ws/install/mycobot_280:/home/amin/cobot/cobot_ws/install/mybuddy:/home/amin/cobot/cobot_ws/install/myarm_300:/home/amin/cobot/cobot_ws/install/mecharm_pi:/home/amin/cobot/cobot_ws/install/mecharm:/home/amin/cobot/cobot_ws/install/mycobot_description:/opt/ros/jazzy DEBUGINFOD_URLS=https://debuginfod.ubuntu.com PYTHONPATH=/home/amin/cobot/cobot_ws/install/mycobot_description/lib/python3.12/site-packages:/home/amin/cobot/cobot_ws/install/ultraarm/lib/python3.12/site-packages:/home/amin/cobot/cobot_ws/install/pro450_moveit2_control/lib/python3.12/site-packages:/home/amin/cobot/cobot_ws/install/mypalletizer_communication/lib/python3.12/site-packages:/home/amin/cobot/cobot_ws/install/mypalletizer_interfaces/lib/python3.12/site-packages:/home/amin/cobot/cobot_ws/install/mypalletizer_260_pi/lib/python3.12/site-packages:/home/amin/cobot/cobot_ws/install/mypalletizer_260/lib/python3.12/site-packages:/home/amin/cobot/cobot_ws/install/mycobot_pro_450/lib/python3.12/site-packages:/home/amin/cobot/cobot_ws/install/mycobot_pro450_interfaces/lib/python3.12/site-packages:/home/amin/cobot/cobot_ws/install/myarm_m750/lib/python3.12/site-packages:/home/amin/cobot/cobot_ws/install/myarm_c650/lib/python3.12/site-packages:/home/amin/cobot/cobot_ws/install/mycobot_communication/lib/python3.12/site-packages:/home/amin/cobot/cobot_ws/install/mecharm_communication/lib/python3.12/site-packages:/home/amin/cobot/cobot_ws/install/mycobot_interfaces/lib/python3.12/site-packages:/home/amin/cobot/cobot_ws/install/mycobot_630/lib/python3.12/site-packages:/home/amin/cobot/cobot_ws/install/mycobot_600/lib/python3.12/site-packages:/home/amin/cobot/cobot_ws/install/mycobot_320pi/lib/python3.12/site-packages:/home/amin/cobot/cobot_ws/install/mycobot_320_riscv/lib/python3.12/site-packages:/home/amin/cobot/cobot_ws/install/mycobot_320/lib/python3.12/site-packages:/home/amin/cobot/cobot_ws/install/mycobot_280pi/lib/python3.12/site-packages:/home/amin/cobot/cobot_ws/install/mycobot_280jn/lib/python3.12/site-packages:/home/amin/cobot/cobot_ws/install/mycobot_280_x3pi/lib/python3.12/site-packages:/home/amin/cobot/cobot_ws/install/mycobot_280_riscv/lib/python3.12/site-packages:/home/amin/cobot/cobot_ws/install/mycobot_280_rdkx5/lib/python3.12/site-packages:/home/amin/cobot/cobot_ws/install/mycobot_280_moveit2_control/lib/python3.12/site-packages:/home/amin/cobot/cobot_ws/install/mycobot_280_arduino/lib/python3.12/site-packages:/home/amin/cobot/cobot_ws/install/mycobot_280/lib/python3.12/site-packages:/home/amin/cobot/cobot_ws/install/mybuddy/lib/python3.12/site-packages:/home/amin/cobot/cobot_ws/install/myarm_300/lib/python3.12/site-packages:/home/amin/cobot/cobot_ws/install/mecharm_pi/lib/python3.12/site-packages:/home/amin/cobot/cobot_ws/install/mecharm/lib/python3.12/site-packages:/home/amin/cobot/cobot_ws/install/mecharm_interfaces/lib/python3.12/site-packages:/opt/ros/jazzy/lib/python3.12/site-packages /usr/bin/cmake --install /home/amin/cobot/cobot_ws/build/mycobot_280_gazebo
[8.604s] Level 1:colcon.colcon_core.environment:create_environment_scripts_only(mycobot_280_gazebo)
[8.605s] Level 1:colcon.colcon_core.environment:checking '/home/amin/cobot/cobot_ws/install/mycobot_280_gazebo' for CMake module files
[8.608s] Level 1:colcon.colcon_core.environment:checking '/home/amin/cobot/cobot_ws/install/mycobot_280_gazebo' for CMake config files
[8.608s] Level 1:colcon.colcon_core.shell:create_environment_hook('mycobot_280_gazebo', 'cmake_prefix_path')
[8.608s] INFO:colcon.colcon_core.shell:Creating environment hook '/home/amin/cobot/cobot_ws/install/mycobot_280_gazebo/share/mycobot_280_gazebo/hook/cmake_prefix_path.ps1'
[8.609s] INFO:colcon.colcon_core.shell:Creating environment descriptor '/home/amin/cobot/cobot_ws/install/mycobot_280_gazebo/share/mycobot_280_gazebo/hook/cmake_prefix_path.dsv'
[8.618s] DEBUG:colcon.colcon_core.event_handler.log_command:Invoked command in '/home/amin/cobot/cobot_ws/build/mycobot_280_gazebo_jazzy' returned '0': AMENT_PREFIX_PATH=/home/amin/cobot/cobot_ws/install/mycobot_description:/home/amin/cobot/cobot_ws/install/ultraarm:/home/amin/cobot/cobot_ws/install/pro450_moveit2_control:/home/amin/cobot/cobot_ws/install/pro450_moveit2:/home/amin/cobot/cobot_ws/install/mypalletizer_communication:/home/amin/cobot/cobot_ws/install/mypalletizer_interfaces:/home/amin/cobot/cobot_ws/install/mypalletizer_260_pi:/home/amin/cobot/cobot_ws/install/mypalletizer_260:/home/amin/cobot/cobot_ws/install/mycobot_pro_450:/home/amin/cobot/cobot_ws/install/mycobot_pro450_interfaces:/home/amin/cobot/cobot_ws/install/myarm_m750:/home/amin/cobot/cobot_ws/install/myarm_c650:/home/amin/cobot/cobot_ws/install/mycobot_communication:/home/amin/cobot/cobot_ws/install/mecharm_communication:/home/amin/cobot/cobot_ws/install/mycobot_interfaces:/home/amin/cobot/cobot_ws/install/mycobot_630:/home/amin/cobot/cobot_ws/install/mycobot_600:/home/amin/cobot/cobot_ws/install/mycobot_320pi:/home/amin/cobot/cobot_ws/install/mycobot_320_riscv:/home/amin/cobot/cobot_ws/install/mycobot_320:/home/amin/cobot/cobot_ws/install/mycobot_280rdkx5_moveit2:/home/amin/cobot/cobot_ws/install/mycobot_280pi:/home/amin/cobot/cobot_ws/install/mycobot_280jn:/home/amin/cobot/cobot_ws/install/mycobot_280arduino_moveit2:/home/amin/cobot/cobot_ws/install/mycobot_280_x3pi:/home/amin/cobot/cobot_ws/install/mycobot_280_riscv:/home/amin/cobot/cobot_ws/install/mycobot_280_rdkx5:/home/amin/cobot/cobot_ws/install/mycobot_280_moveit2_control:/home/amin/cobot/cobot_ws/install/mycobot_280_moveit2:/home/amin/cobot/cobot_ws/install/mycobot_280_gazebo_jazzy:/home/amin/cobot/cobot_ws/install/mycobot_280_gazebo:/home/amin/cobot/cobot_ws/install/mycobot_280_arduino:/home/amin/cobot/cobot_ws/install/mycobot_280:/home/amin/cobot/cobot_ws/install/mybuddy:/home/amin/cobot/cobot_ws/install/myarm_300:/home/amin/cobot/cobot_ws/install/mecharm_pi:/home/amin/cobot/cobot_ws/install/mecharm:/home/amin/cobot/cobot_ws/install/mecharm_interfaces:/opt/ros/jazzy CMAKE_PREFIX_PATH=${CMAKE_PREFIX_PATH}:/home/amin/cobot/cobot_ws/install/ultraarm:/home/amin/cobot/cobot_ws/install/pro450_moveit2_control:/home/amin/cobot/cobot_ws/install/mypalletizer_communication:/home/amin/cobot/cobot_ws/install/mypalletizer_260_pi:/home/amin/cobot/cobot_ws/install/mypalletizer_260:/home/amin/cobot/cobot_ws/install/mycobot_pro_450:/home/amin/cobot/cobot_ws/install/myarm_m750:/home/amin/cobot/cobot_ws/install/myarm_c650:/home/amin/cobot/cobot_ws/install/mycobot_communication:/home/amin/cobot/cobot_ws/install/mecharm_communication:/home/amin/cobot/cobot_ws/install/mycobot_630:/home/amin/cobot/cobot_ws/install/mycobot_600:/home/amin/cobot/cobot_ws/install/mycobot_320pi:/home/amin/cobot/cobot_ws/install/mycobot_320_riscv:/home/amin/cobot/cobot_ws/install/mycobot_320:/home/amin/cobot/cobot_ws/install/mycobot_280pi:/home/amin/cobot/cobot_ws/install/mycobot_280jn:/home/amin/cobot/cobot_ws/install/mycobot_280_x3pi:/home/amin/cobot/cobot_ws/install/mycobot_280_riscv:/home/amin/cobot/cobot_ws/install/mycobot_280_rdkx5:/home/amin/cobot/cobot_ws/install/mycobot_280_moveit2_control:/home/amin/cobot/cobot_ws/install/mycobot_280_arduino:/home/amin/cobot/cobot_ws/install/mycobot_280:/home/amin/cobot/cobot_ws/install/mybuddy:/home/amin/cobot/cobot_ws/install/myarm_300:/home/amin/cobot/cobot_ws/install/mecharm_pi:/home/amin/cobot/cobot_ws/install/mecharm:/home/amin/cobot/cobot_ws/install/mycobot_description:/opt/ros/jazzy DEBUGINFOD_URLS=https://debuginfod.ubuntu.com PYTHONPATH=/home/amin/cobot/cobot_ws/install/mycobot_description/lib/python3.12/site-packages:/home/amin/cobot/cobot_ws/install/ultraarm/lib/python3.12/site-packages:/home/amin/cobot/cobot_ws/install/pro450_moveit2_control/lib/python3.12/site-packages:/home/amin/cobot/cobot_ws/install/mypalletizer_communication/lib/python3.12/site-packages:/home/amin/cobot/cobot_ws/install/mypalletizer_interfaces/lib/python3.12/site-packages:/home/amin/cobot/cobot_ws/install/mypalletizer_260_pi/lib/python3.12/site-packages:/home/amin/cobot/cobot_ws/install/mypalletizer_260/lib/python3.12/site-packages:/home/amin/cobot/cobot_ws/install/mycobot_pro_450/lib/python3.12/site-packages:/home/amin/cobot/cobot_ws/install/mycobot_pro450_interfaces/lib/python3.12/site-packages:/home/amin/cobot/cobot_ws/install/myarm_m750/lib/python3.12/site-packages:/home/amin/cobot/cobot_ws/install/myarm_c650/lib/python3.12/site-packages:/home/amin/cobot/cobot_ws/install/mycobot_communication/lib/python3.12/site-packages:/home/amin/cobot/cobot_ws/install/mecharm_communication/lib/python3.12/site-packages:/home/amin/cobot/cobot_ws/install/mycobot_interfaces/lib/python3.12/site-packages:/home/amin/cobot/cobot_ws/install/mycobot_630/lib/python3.12/site-packages:/home/amin/cobot/cobot_ws/install/mycobot_600/lib/python3.12/site-packages:/home/amin/cobot/cobot_ws/install/mycobot_320pi/lib/python3.12/site-packages:/home/amin/cobot/cobot_ws/install/mycobot_320_riscv/lib/python3.12/site-packages:/home/amin/cobot/cobot_ws/install/mycobot_320/lib/python3.12/site-packages:/home/amin/cobot/cobot_ws/install/mycobot_280pi/lib/python3.12/site-packages:/home/amin/cobot/cobot_ws/install/mycobot_280jn/lib/python3.12/site-packages:/home/amin/cobot/cobot_ws/install/mycobot_280_x3pi/lib/python3.12/site-packages:/home/amin/cobot/cobot_ws/install/mycobot_280_riscv/lib/python3.12/site-packages:/home/amin/cobot/cobot_ws/install/mycobot_280_rdkx5/lib/python3.12/site-packages:/home/amin/cobot/cobot_ws/install/mycobot_280_moveit2_control/lib/python3.12/site-packages:/home/amin/cobot/cobot_ws/install/mycobot_280_arduino/lib/python3.12/site-packages:/home/amin/cobot/cobot_ws/install/mycobot_280/lib/python3.12/site-packages:/home/amin/cobot/cobot_ws/install/mybuddy/lib/python3.12/site-packages:/home/amin/cobot/cobot_ws/install/myarm_300/lib/python3.12/site-packages:/home/amin/cobot/cobot_ws/install/mecharm_pi/lib/python3.12/site-packages:/home/amin/cobot/cobot_ws/install/mecharm/lib/python3.12/site-packages:/home/amin/cobot/cobot_ws/install/mecharm_interfaces/lib/python3.12/site-packages:/opt/ros/jazzy/lib/python3.12/site-packages /usr/bin/cmake --build /home/amin/cobot/cobot_ws/build/mycobot_280_gazebo_jazzy -- -j8 -l8
[8.618s] DEBUG:colcon.colcon_core.event_handler.log_command:Invoking command in '/home/amin/cobot/cobot_ws/build/mycobot_280_gazebo_jazzy': AMENT_PREFIX_PATH=/home/amin/cobot/cobot_ws/install/mycobot_description:/home/amin/cobot/cobot_ws/install/ultraarm:/home/amin/cobot/cobot_ws/install/pro450_moveit2_control:/home/amin/cobot/cobot_ws/install/pro450_moveit2:/home/amin/cobot/cobot_ws/install/mypalletizer_communication:/home/amin/cobot/cobot_ws/install/mypalletizer_interfaces:/home/amin/cobot/cobot_ws/install/mypalletizer_260_pi:/home/amin/cobot/cobot_ws/install/mypalletizer_260:/home/amin/cobot/cobot_ws/install/mycobot_pro_450:/home/amin/cobot/cobot_ws/install/mycobot_pro450_interfaces:/home/amin/cobot/cobot_ws/install/myarm_m750:/home/amin/cobot/cobot_ws/install/myarm_c650:/home/amin/cobot/cobot_ws/install/mycobot_communication:/home/amin/cobot/cobot_ws/install/mecharm_communication:/home/amin/cobot/cobot_ws/install/mycobot_interfaces:/home/amin/cobot/cobot_ws/install/mycobot_630:/home/amin/cobot/cobot_ws/install/mycobot_600:/home/amin/cobot/cobot_ws/install/mycobot_320pi:/home/amin/cobot/cobot_ws/install/mycobot_320_riscv:/home/amin/cobot/cobot_ws/install/mycobot_320:/home/amin/cobot/cobot_ws/install/mycobot_280rdkx5_moveit2:/home/amin/cobot/cobot_ws/install/mycobot_280pi:/home/amin/cobot/cobot_ws/install/mycobot_280jn:/home/amin/cobot/cobot_ws/install/mycobot_280arduino_moveit2:/home/amin/cobot/cobot_ws/install/mycobot_280_x3pi:/home/amin/cobot/cobot_ws/install/mycobot_280_riscv:/home/amin/cobot/cobot_ws/install/mycobot_280_rdkx5:/home/amin/cobot/cobot_ws/install/mycobot_280_moveit2_control:/home/amin/cobot/cobot_ws/install/mycobot_280_moveit2:/home/amin/cobot/cobot_ws/install/mycobot_280_gazebo_jazzy:/home/amin/cobot/cobot_ws/install/mycobot_280_gazebo:/home/amin/cobot/cobot_ws/install/mycobot_280_arduino:/home/amin/cobot/cobot_ws/install/mycobot_280:/home/amin/cobot/cobot_ws/install/mybuddy:/home/amin/cobot/cobot_ws/install/myarm_300:/home/amin/cobot/cobot_ws/install/mecharm_pi:/home/amin/cobot/cobot_ws/install/mecharm:/home/amin/cobot/cobot_ws/install/mecharm_interfaces:/opt/ros/jazzy CMAKE_PREFIX_PATH=${CMAKE_PREFIX_PATH}:/home/amin/cobot/cobot_ws/install/ultraarm:/home/amin/cobot/cobot_ws/install/pro450_moveit2_control:/home/amin/cobot/cobot_ws/install/mypalletizer_communication:/home/amin/cobot/cobot_ws/install/mypalletizer_260_pi:/home/amin/cobot/cobot_ws/install/mypalletizer_260:/home/amin/cobot/cobot_ws/install/mycobot_pro_450:/home/amin/cobot/cobot_ws/install/myarm_m750:/home/amin/cobot/cobot_ws/install/myarm_c650:/home/amin/cobot/cobot_ws/install/mycobot_communication:/home/amin/cobot/cobot_ws/install/mecharm_communication:/home/amin/cobot/cobot_ws/install/mycobot_630:/home/amin/cobot/cobot_ws/install/mycobot_600:/home/amin/cobot/cobot_ws/install/mycobot_320pi:/home/amin/cobot/cobot_ws/install/mycobot_320_riscv:/home/amin/cobot/cobot_ws/install/mycobot_320:/home/amin/cobot/cobot_ws/install/mycobot_280pi:/home/amin/cobot/cobot_ws/install/mycobot_280jn:/home/amin/cobot/cobot_ws/install/mycobot_280_x3pi:/home/amin/cobot/cobot_ws/install/mycobot_280_riscv:/home/amin/cobot/cobot_ws/install/mycobot_280_rdkx5:/home/amin/cobot/cobot_ws/install/mycobot_280_moveit2_control:/home/amin/cobot/cobot_ws/install/mycobot_280_arduino:/home/amin/cobot/cobot_ws/install/mycobot_280:/home/amin/cobot/cobot_ws/install/mybuddy:/home/amin/cobot/cobot_ws/install/myarm_300:/home/amin/cobot/cobot_ws/install/mecharm_pi:/home/amin/cobot/cobot_ws/install/mecharm:/home/amin/cobot/cobot_ws/install/mycobot_description:/opt/ros/jazzy DEBUGINFOD_URLS=https://debuginfod.ubuntu.com PYTHONPATH=/home/amin/cobot/cobot_ws/install/mycobot_description/lib/python3.12/site-packages:/home/amin/cobot/cobot_ws/install/ultraarm/lib/python3.12/site-packages:/home/amin/cobot/cobot_ws/install/pro450_moveit2_control/lib/python3.12/site-packages:/home/amin/cobot/cobot_ws/install/mypalletizer_communication/lib/python3.12/site-packages:/home/amin/cobot/cobot_ws/install/mypalletizer_interfaces/lib/python3.12/site-packages:/home/amin/cobot/cobot_ws/install/mypalletizer_260_pi/lib/python3.12/site-packages:/home/amin/cobot/cobot_ws/install/mypalletizer_260/lib/python3.12/site-packages:/home/amin/cobot/cobot_ws/install/mycobot_pro_450/lib/python3.12/site-packages:/home/amin/cobot/cobot_ws/install/mycobot_pro450_interfaces/lib/python3.12/site-packages:/home/amin/cobot/cobot_ws/install/myarm_m750/lib/python3.12/site-packages:/home/amin/cobot/cobot_ws/install/myarm_c650/lib/python3.12/site-packages:/home/amin/cobot/cobot_ws/install/mycobot_communication/lib/python3.12/site-packages:/home/amin/cobot/cobot_ws/install/mecharm_communication/lib/python3.12/site-packages:/home/amin/cobot/cobot_ws/install/mycobot_interfaces/lib/python3.12/site-packages:/home/amin/cobot/cobot_ws/install/mycobot_630/lib/python3.12/site-packages:/home/amin/cobot/cobot_ws/install/mycobot_600/lib/python3.12/site-packages:/home/amin/cobot/cobot_ws/install/mycobot_320pi/lib/python3.12/site-packages:/home/amin/cobot/cobot_ws/install/mycobot_320_riscv/lib/python3.12/site-packages:/home/amin/cobot/cobot_ws/install/mycobot_320/lib/python3.12/site-packages:/home/amin/cobot/cobot_ws/install/mycobot_280pi/lib/python3.12/site-packages:/home/amin/cobot/cobot_ws/install/mycobot_280jn/lib/python3.12/site-packages:/home/amin/cobot/cobot_ws/install/mycobot_280_x3pi/lib/python3.12/site-packages:/home/amin/cobot/cobot_ws/install/mycobot_280_riscv/lib/python3.12/site-packages:/home/amin/cobot/cobot_ws/install/mycobot_280_rdkx5/lib/python3.12/site-packages:/home/amin/cobot/cobot_ws/install/mycobot_280_moveit2_control/lib/python3.12/site-packages:/home/amin/cobot/cobot_ws/install/mycobot_280_arduino/lib/python3.12/site-packages:/home/amin/cobot/cobot_ws/install/mycobot_280/lib/python3.12/site-packages:/home/amin/cobot/cobot_ws/install/mybuddy/lib/python3.12/site-packages:/home/amin/cobot/cobot_ws/install/myarm_300/lib/python3.12/site-packages:/home/amin/cobot/cobot_ws/install/mecharm_pi/lib/python3.12/site-packages:/home/amin/cobot/cobot_ws/install/mecharm/lib/python3.12/site-packages:/home/amin/cobot/cobot_ws/install/mecharm_interfaces/lib/python3.12/site-packages:/opt/ros/jazzy/lib/python3.12/site-packages /usr/bin/cmake --install /home/amin/cobot/cobot_ws/build/mycobot_280_gazebo_jazzy
[8.618s] DEBUG:colcon.colcon_core.event_handler.log_command:Invoked command in '/home/amin/cobot/cobot_ws/build/mycobot_280_gazebo' returned '0': AMENT_PREFIX_PATH=/home/amin/cobot/cobot_ws/install/mycobot_description:/home/amin/cobot/cobot_ws/install/ultraarm:/home/amin/cobot/cobot_ws/install/pro450_moveit2_control:/home/amin/cobot/cobot_ws/install/pro450_moveit2:/home/amin/cobot/cobot_ws/install/mypalletizer_communication:/home/amin/cobot/cobot_ws/install/mypalletizer_interfaces:/home/amin/cobot/cobot_ws/install/mypalletizer_260_pi:/home/amin/cobot/cobot_ws/install/mypalletizer_260:/home/amin/cobot/cobot_ws/install/mycobot_pro_450:/home/amin/cobot/cobot_ws/install/mycobot_pro450_interfaces:/home/amin/cobot/cobot_ws/install/myarm_m750:/home/amin/cobot/cobot_ws/install/myarm_c650:/home/amin/cobot/cobot_ws/install/mycobot_communication:/home/amin/cobot/cobot_ws/install/mecharm_communication:/home/amin/cobot/cobot_ws/install/mycobot_interfaces:/home/amin/cobot/cobot_ws/install/mycobot_630:/home/amin/cobot/cobot_ws/install/mycobot_600:/home/amin/cobot/cobot_ws/install/mycobot_320pi:/home/amin/cobot/cobot_ws/install/mycobot_320_riscv:/home/amin/cobot/cobot_ws/install/mycobot_320:/home/amin/cobot/cobot_ws/install/mycobot_280rdkx5_moveit2:/home/amin/cobot/cobot_ws/install/mycobot_280pi:/home/amin/cobot/cobot_ws/install/mycobot_280jn:/home/amin/cobot/cobot_ws/install/mycobot_280arduino_moveit2:/home/amin/cobot/cobot_ws/install/mycobot_280_x3pi:/home/amin/cobot/cobot_ws/install/mycobot_280_riscv:/home/amin/cobot/cobot_ws/install/mycobot_280_rdkx5:/home/amin/cobot/cobot_ws/install/mycobot_280_moveit2_control:/home/amin/cobot/cobot_ws/install/mycobot_280_moveit2:/home/amin/cobot/cobot_ws/install/mycobot_280_gazebo_jazzy:/home/amin/cobot/cobot_ws/install/mycobot_280_gazebo:/home/amin/cobot/cobot_ws/install/mycobot_280_arduino:/home/amin/cobot/cobot_ws/install/mycobot_280:/home/amin/cobot/cobot_ws/install/mybuddy:/home/amin/cobot/cobot_ws/install/myarm_300:/home/amin/cobot/cobot_ws/install/mecharm_pi:/home/amin/cobot/cobot_ws/install/mecharm:/home/amin/cobot/cobot_ws/install/mecharm_interfaces:/opt/ros/jazzy CMAKE_PREFIX_PATH=${CMAKE_PREFIX_PATH}:/home/amin/cobot/cobot_ws/install/ultraarm:/home/amin/cobot/cobot_ws/install/pro450_moveit2_control:/home/amin/cobot/cobot_ws/install/mypalletizer_communication:/home/amin/cobot/cobot_ws/install/mypalletizer_260_pi:/home/amin/cobot/cobot_ws/install/mypalletizer_260:/home/amin/cobot/cobot_ws/install/mycobot_pro_450:/home/amin/cobot/cobot_ws/install/myarm_m750:/home/amin/cobot/cobot_ws/install/myarm_c650:/home/amin/cobot/cobot_ws/install/mycobot_communication:/home/amin/cobot/cobot_ws/install/mecharm_communication:/home/amin/cobot/cobot_ws/install/mycobot_630:/home/amin/cobot/cobot_ws/install/mycobot_600:/home/amin/cobot/cobot_ws/install/mycobot_320pi:/home/amin/cobot/cobot_ws/install/mycobot_320_riscv:/home/amin/cobot/cobot_ws/install/mycobot_320:/home/amin/cobot/cobot_ws/install/mycobot_280pi:/home/amin/cobot/cobot_ws/install/mycobot_280jn:/home/amin/cobot/cobot_ws/install/mycobot_280_x3pi:/home/amin/cobot/cobot_ws/install/mycobot_280_riscv:/home/amin/cobot/cobot_ws/install/mycobot_280_rdkx5:/home/amin/cobot/cobot_ws/install/mycobot_280_moveit2_control:/home/amin/cobot/cobot_ws/install/mycobot_280_arduino:/home/amin/cobot/cobot_ws/install/mycobot_280:/home/amin/cobot/cobot_ws/install/mybuddy:/home/amin/cobot/cobot_ws/install/myarm_300:/home/amin/cobot/cobot_ws/install/mecharm_pi:/home/amin/cobot/cobot_ws/install/mecharm:/home/amin/cobot/cobot_ws/install/mycobot_description:/opt/ros/jazzy DEBUGINFOD_URLS=https://debuginfod.ubuntu.com PYTHONPATH=/home/amin/cobot/cobot_ws/install/mycobot_description/lib/python3.12/site-packages:/home/amin/cobot/cobot_ws/install/ultraarm/lib/python3.12/site-packages:/home/amin/cobot/cobot_ws/install/pro450_moveit2_control/lib/python3.12/site-packages:/home/amin/cobot/cobot_ws/install/mypalletizer_communication/lib/python3.12/site-packages:/home/amin/cobot/cobot_ws/install/mypalletizer_interfaces/lib/python3.12/site-packages:/home/amin/cobot/cobot_ws/install/mypalletizer_260_pi/lib/python3.12/site-packages:/home/amin/cobot/cobot_ws/install/mypalletizer_260/lib/python3.12/site-packages:/home/amin/cobot/cobot_ws/install/mycobot_pro_450/lib/python3.12/site-packages:/home/amin/cobot/cobot_ws/install/mycobot_pro450_interfaces/lib/python3.12/site-packages:/home/amin/cobot/cobot_ws/install/myarm_m750/lib/python3.12/site-packages:/home/amin/cobot/cobot_ws/install/myarm_c650/lib/python3.12/site-packages:/home/amin/cobot/cobot_ws/install/mycobot_communication/lib/python3.12/site-packages:/home/amin/cobot/cobot_ws/install/mecharm_communication/lib/python3.12/site-packages:/home/amin/cobot/cobot_ws/install/mycobot_interfaces/lib/python3.12/site-packages:/home/amin/cobot/cobot_ws/install/mycobot_630/lib/python3.12/site-packages:/home/amin/cobot/cobot_ws/install/mycobot_600/lib/python3.12/site-packages:/home/amin/cobot/cobot_ws/install/mycobot_320pi/lib/python3.12/site-packages:/home/amin/cobot/cobot_ws/install/mycobot_320_riscv/lib/python3.12/site-packages:/home/amin/cobot/cobot_ws/install/mycobot_320/lib/python3.12/site-packages:/home/amin/cobot/cobot_ws/install/mycobot_280pi/lib/python3.12/site-packages:/home/amin/cobot/cobot_ws/install/mycobot_280jn/lib/python3.12/site-packages:/home/amin/cobot/cobot_ws/install/mycobot_280_x3pi/lib/python3.12/site-packages:/home/amin/cobot/cobot_ws/install/mycobot_280_riscv/lib/python3.12/site-packages:/home/amin/cobot/cobot_ws/install/mycobot_280_rdkx5/lib/python3.12/site-packages:/home/amin/cobot/cobot_ws/install/mycobot_280_moveit2_control/lib/python3.12/site-packages:/home/amin/cobot/cobot_ws/install/mycobot_280_arduino/lib/python3.12/site-packages:/home/amin/cobot/cobot_ws/install/mycobot_280/lib/python3.12/site-packages:/home/amin/cobot/cobot_ws/install/mybuddy/lib/python3.12/site-packages:/home/amin/cobot/cobot_ws/install/myarm_300/lib/python3.12/site-packages:/home/amin/cobot/cobot_ws/install/mecharm_pi/lib/python3.12/site-packages:/home/amin/cobot/cobot_ws/install/mecharm/lib/python3.12/site-packages:/home/amin/cobot/cobot_ws/install/mecharm_interfaces/lib/python3.12/site-packages:/opt/ros/jazzy/lib/python3.12/site-packages /usr/bin/cmake --install /home/amin/cobot/cobot_ws/build/mycobot_280_gazebo
[8.619s] INFO:colcon.colcon_core.shell:Creating environment hook '/home/amin/cobot/cobot_ws/install/mycobot_280_gazebo/share/mycobot_280_gazebo/hook/cmake_prefix_path.sh'
[8.619s] Level 1:colcon.colcon_core.environment:checking '/home/amin/cobot/cobot_ws/install/mycobot_280_gazebo/lib'
[8.620s] Level 1:colcon.colcon_core.environment:checking '/home/amin/cobot/cobot_ws/install/mycobot_280_gazebo/bin'
[8.620s] Level 1:colcon.colcon_core.environment:checking '/home/amin/cobot/cobot_ws/install/mycobot_280_gazebo/lib/pkgconfig/mycobot_280_gazebo.pc'
[8.620s] Level 1:colcon.colcon_core.environment:checking '/home/amin/cobot/cobot_ws/install/mycobot_280_gazebo/lib/python3.12/site-packages'
[8.622s] Level 1:colcon.colcon_core.environment:checking '/home/amin/cobot/cobot_ws/install/mycobot_280_gazebo/bin'
[8.624s] INFO:colcon.colcon_core.shell:Creating package script '/home/amin/cobot/cobot_ws/install/mycobot_280_gazebo/share/mycobot_280_gazebo/package.ps1'
[8.631s] INFO:colcon.colcon_core.shell:Creating package descriptor '/home/amin/cobot/cobot_ws/install/mycobot_280_gazebo/share/mycobot_280_gazebo/package.dsv'
[8.632s] INFO:colcon.colcon_core.shell:Creating package script '/home/amin/cobot/cobot_ws/install/mycobot_280_gazebo/share/mycobot_280_gazebo/package.sh'
[8.632s] INFO:colcon.colcon_core.shell:Creating package script '/home/amin/cobot/cobot_ws/install/mycobot_280_gazebo/share/mycobot_280_gazebo/package.bash'
[8.632s] INFO:colcon.colcon_core.shell:Creating package script '/home/amin/cobot/cobot_ws/install/mycobot_280_gazebo/share/mycobot_280_gazebo/package.zsh'
[8.633s] Level 1:colcon.colcon_core.environment:create_file_with_runtime_dependencies(/home/amin/cobot/cobot_ws/install/mycobot_280_gazebo/share/colcon-core/packages/mycobot_280_gazebo)
[8.637s] Level 1:colcon.colcon_core.environment:create_environment_scripts_only(mycobot_280_gazebo)
[8.637s] Level 1:colcon.colcon_core.environment:checking '/home/amin/cobot/cobot_ws/install/mycobot_280_gazebo' for CMake module files
[8.639s] Level 1:colcon.colcon_core.environment:checking '/home/amin/cobot/cobot_ws/install/mycobot_280_gazebo' for CMake config files
[8.639s] Level 1:colcon.colcon_core.shell:create_environment_hook('mycobot_280_gazebo', 'cmake_prefix_path')
[8.639s] INFO:colcon.colcon_core.shell:Creating environment hook '/home/amin/cobot/cobot_ws/install/mycobot_280_gazebo/share/mycobot_280_gazebo/hook/cmake_prefix_path.ps1'
[8.643s] INFO:colcon.colcon_core.shell:Creating environment descriptor '/home/amin/cobot/cobot_ws/install/mycobot_280_gazebo/share/mycobot_280_gazebo/hook/cmake_prefix_path.dsv'
[8.644s] INFO:colcon.colcon_core.shell:Creating environment hook '/home/amin/cobot/cobot_ws/install/mycobot_280_gazebo/share/mycobot_280_gazebo/hook/cmake_prefix_path.sh'
[8.645s] Level 1:colcon.colcon_core.environment:checking '/home/amin/cobot/cobot_ws/install/mycobot_280_gazebo/lib'
[8.648s] Level 1:colcon.colcon_core.environment:checking '/home/amin/cobot/cobot_ws/install/mycobot_280_gazebo/bin'
[8.648s] Level 1:colcon.colcon_core.environment:checking '/home/amin/cobot/cobot_ws/install/mycobot_280_gazebo/lib/pkgconfig/mycobot_280_gazebo.pc'
[8.648s] Level 1:colcon.colcon_core.environment:checking '/home/amin/cobot/cobot_ws/install/mycobot_280_gazebo/lib/python3.12/site-packages'
[8.649s] Level 1:colcon.colcon_core.environment:checking '/home/amin/cobot/cobot_ws/install/mycobot_280_gazebo/bin'
[8.649s] INFO:colcon.colcon_core.shell:Creating package script '/home/amin/cobot/cobot_ws/install/mycobot_280_gazebo/share/mycobot_280_gazebo/package.ps1'
[8.650s] INFO:colcon.colcon_core.shell:Creating package descriptor '/home/amin/cobot/cobot_ws/install/mycobot_280_gazebo/share/mycobot_280_gazebo/package.dsv'
[8.650s] INFO:colcon.colcon_core.shell:Creating package script '/home/amin/cobot/cobot_ws/install/mycobot_280_gazebo/share/mycobot_280_gazebo/package.sh'
[8.654s] INFO:colcon.colcon_core.shell:Creating package script '/home/amin/cobot/cobot_ws/install/mycobot_280_gazebo/share/mycobot_280_gazebo/package.bash'
[8.654s] INFO:colcon.colcon_core.shell:Creating package script '/home/amin/cobot/cobot_ws/install/mycobot_280_gazebo/share/mycobot_280_gazebo/package.zsh'
[8.657s] Level 1:colcon.colcon_core.environment:create_file_with_runtime_dependencies(/home/amin/cobot/cobot_ws/install/mycobot_280_gazebo/share/colcon-core/packages/mycobot_280_gazebo)
[8.661s] INFO:colcon.colcon_ros.task.ament_cmake.build:Building ROS package in '/home/amin/cobot/cobot_ws/src/mycobot_ros2/mycobot_280/mycobot_280_moveit2' with build type 'ament_cmake'
[8.662s] INFO:colcon.colcon_cmake.task.cmake.build:Building CMake package in '/home/amin/cobot/cobot_ws/src/mycobot_ros2/mycobot_280/mycobot_280_moveit2'
[8.662s] INFO:colcon.colcon_core.shell:Skip shell extension 'powershell' for command environment: Not usable outside of PowerShell
[8.662s] DEBUG:colcon.colcon_core.shell:Skip shell extension 'dsv' for command environment
[8.687s] Level 1:colcon.colcon_core.environment:create_environment_scripts_only(mycobot_280_gazebo_jazzy)
[8.688s] Level 1:colcon.colcon_core.environment:checking '/home/amin/cobot/cobot_ws/install/mycobot_280_gazebo_jazzy' for CMake module files
[8.688s] Level 1:colcon.colcon_core.environment:checking '/home/amin/cobot/cobot_ws/install/mycobot_280_gazebo_jazzy' for CMake config files
[8.689s] Level 1:colcon.colcon_core.shell:create_environment_hook('mycobot_280_gazebo_jazzy', 'cmake_prefix_path')
[8.690s] INFO:colcon.colcon_core.shell:Creating environment hook '/home/amin/cobot/cobot_ws/install/mycobot_280_gazebo_jazzy/share/mycobot_280_gazebo_jazzy/hook/cmake_prefix_path.ps1'
[8.690s] DEBUG:colcon.colcon_core.event_handler.log_command:Invoked command in '/home/amin/cobot/cobot_ws/build/mycobot_280_gazebo_jazzy' returned '0': AMENT_PREFIX_PATH=/home/amin/cobot/cobot_ws/install/mycobot_description:/home/amin/cobot/cobot_ws/install/ultraarm:/home/amin/cobot/cobot_ws/install/pro450_moveit2_control:/home/amin/cobot/cobot_ws/install/pro450_moveit2:/home/amin/cobot/cobot_ws/install/mypalletizer_communication:/home/amin/cobot/cobot_ws/install/mypalletizer_interfaces:/home/amin/cobot/cobot_ws/install/mypalletizer_260_pi:/home/amin/cobot/cobot_ws/install/mypalletizer_260:/home/amin/cobot/cobot_ws/install/mycobot_pro_450:/home/amin/cobot/cobot_ws/install/mycobot_pro450_interfaces:/home/amin/cobot/cobot_ws/install/myarm_m750:/home/amin/cobot/cobot_ws/install/myarm_c650:/home/amin/cobot/cobot_ws/install/mycobot_communication:/home/amin/cobot/cobot_ws/install/mecharm_communication:/home/amin/cobot/cobot_ws/install/mycobot_interfaces:/home/amin/cobot/cobot_ws/install/mycobot_630:/home/amin/cobot/cobot_ws/install/mycobot_600:/home/amin/cobot/cobot_ws/install/mycobot_320pi:/home/amin/cobot/cobot_ws/install/mycobot_320_riscv:/home/amin/cobot/cobot_ws/install/mycobot_320:/home/amin/cobot/cobot_ws/install/mycobot_280rdkx5_moveit2:/home/amin/cobot/cobot_ws/install/mycobot_280pi:/home/amin/cobot/cobot_ws/install/mycobot_280jn:/home/amin/cobot/cobot_ws/install/mycobot_280arduino_moveit2:/home/amin/cobot/cobot_ws/install/mycobot_280_x3pi:/home/amin/cobot/cobot_ws/install/mycobot_280_riscv:/home/amin/cobot/cobot_ws/install/mycobot_280_rdkx5:/home/amin/cobot/cobot_ws/install/mycobot_280_moveit2_control:/home/amin/cobot/cobot_ws/install/mycobot_280_moveit2:/home/amin/cobot/cobot_ws/install/mycobot_280_gazebo_jazzy:/home/amin/cobot/cobot_ws/install/mycobot_280_gazebo:/home/amin/cobot/cobot_ws/install/mycobot_280_arduino:/home/amin/cobot/cobot_ws/install/mycobot_280:/home/amin/cobot/cobot_ws/install/mybuddy:/home/amin/cobot/cobot_ws/install/myarm_300:/home/amin/cobot/cobot_ws/install/mecharm_pi:/home/amin/cobot/cobot_ws/install/mecharm:/home/amin/cobot/cobot_ws/install/mecharm_interfaces:/opt/ros/jazzy CMAKE_PREFIX_PATH=${CMAKE_PREFIX_PATH}:/home/amin/cobot/cobot_ws/install/ultraarm:/home/amin/cobot/cobot_ws/install/pro450_moveit2_control:/home/amin/cobot/cobot_ws/install/mypalletizer_communication:/home/amin/cobot/cobot_ws/install/mypalletizer_260_pi:/home/amin/cobot/cobot_ws/install/mypalletizer_260:/home/amin/cobot/cobot_ws/install/mycobot_pro_450:/home/amin/cobot/cobot_ws/install/myarm_m750:/home/amin/cobot/cobot_ws/install/myarm_c650:/home/amin/cobot/cobot_ws/install/mycobot_communication:/home/amin/cobot/cobot_ws/install/mecharm_communication:/home/amin/cobot/cobot_ws/install/mycobot_630:/home/amin/cobot/cobot_ws/install/mycobot_600:/home/amin/cobot/cobot_ws/install/mycobot_320pi:/home/amin/cobot/cobot_ws/install/mycobot_320_riscv:/home/amin/cobot/cobot_ws/install/mycobot_320:/home/amin/cobot/cobot_ws/install/mycobot_280pi:/home/amin/cobot/cobot_ws/install/mycobot_280jn:/home/amin/cobot/cobot_ws/install/mycobot_280_x3pi:/home/amin/cobot/cobot_ws/install/mycobot_280_riscv:/home/amin/cobot/cobot_ws/install/mycobot_280_rdkx5:/home/amin/cobot/cobot_ws/install/mycobot_280_moveit2_control:/home/amin/cobot/cobot_ws/install/mycobot_280_arduino:/home/amin/cobot/cobot_ws/install/mycobot_280:/home/amin/cobot/cobot_ws/install/mybuddy:/home/amin/cobot/cobot_ws/install/myarm_300:/home/amin/cobot/cobot_ws/install/mecharm_pi:/home/amin/cobot/cobot_ws/install/mecharm:/home/amin/cobot/cobot_ws/install/mycobot_description:/opt/ros/jazzy DEBUGINFOD_URLS=https://debuginfod.ubuntu.com PYTHONPATH=/home/amin/cobot/cobot_ws/install/mycobot_description/lib/python3.12/site-packages:/home/amin/cobot/cobot_ws/install/ultraarm/lib/python3.12/site-packages:/home/amin/cobot/cobot_ws/install/pro450_moveit2_control/lib/python3.12/site-packages:/home/amin/cobot/cobot_ws/install/mypalletizer_communication/lib/python3.12/site-packages:/home/amin/cobot/cobot_ws/install/mypalletizer_interfaces/lib/python3.12/site-packages:/home/amin/cobot/cobot_ws/install/mypalletizer_260_pi/lib/python3.12/site-packages:/home/amin/cobot/cobot_ws/install/mypalletizer_260/lib/python3.12/site-packages:/home/amin/cobot/cobot_ws/install/mycobot_pro_450/lib/python3.12/site-packages:/home/amin/cobot/cobot_ws/install/mycobot_pro450_interfaces/lib/python3.12/site-packages:/home/amin/cobot/cobot_ws/install/myarm_m750/lib/python3.12/site-packages:/home/amin/cobot/cobot_ws/install/myarm_c650/lib/python3.12/site-packages:/home/amin/cobot/cobot_ws/install/mycobot_communication/lib/python3.12/site-packages:/home/amin/cobot/cobot_ws/install/mecharm_communication/lib/python3.12/site-packages:/home/amin/cobot/cobot_ws/install/mycobot_interfaces/lib/python3.12/site-packages:/home/amin/cobot/cobot_ws/install/mycobot_630/lib/python3.12/site-packages:/home/amin/cobot/cobot_ws/install/mycobot_600/lib/python3.12/site-packages:/home/amin/cobot/cobot_ws/install/mycobot_320pi/lib/python3.12/site-packages:/home/amin/cobot/cobot_ws/install/mycobot_320_riscv/lib/python3.12/site-packages:/home/amin/cobot/cobot_ws/install/mycobot_320/lib/python3.12/site-packages:/home/amin/cobot/cobot_ws/install/mycobot_280pi/lib/python3.12/site-packages:/home/amin/cobot/cobot_ws/install/mycobot_280jn/lib/python3.12/site-packages:/home/amin/cobot/cobot_ws/install/mycobot_280_x3pi/lib/python3.12/site-packages:/home/amin/cobot/cobot_ws/install/mycobot_280_riscv/lib/python3.12/site-packages:/home/amin/cobot/cobot_ws/install/mycobot_280_rdkx5/lib/python3.12/site-packages:/home/amin/cobot/cobot_ws/install/mycobot_280_moveit2_control/lib/python3.12/site-packages:/home/amin/cobot/cobot_ws/install/mycobot_280_arduino/lib/python3.12/site-packages:/home/amin/cobot/cobot_ws/install/mycobot_280/lib/python3.12/site-packages:/home/amin/cobot/cobot_ws/install/mybuddy/lib/python3.12/site-packages:/home/amin/cobot/cobot_ws/install/myarm_300/lib/python3.12/site-packages:/home/amin/cobot/cobot_ws/install/mecharm_pi/lib/python3.12/site-packages:/home/amin/cobot/cobot_ws/install/mecharm/lib/python3.12/site-packages:/home/amin/cobot/cobot_ws/install/mecharm_interfaces/lib/python3.12/site-packages:/opt/ros/jazzy/lib/python3.12/site-packages /usr/bin/cmake --install /home/amin/cobot/cobot_ws/build/mycobot_280_gazebo_jazzy
[8.692s] INFO:colcon.colcon_core.shell:Creating environment descriptor '/home/amin/cobot/cobot_ws/install/mycobot_280_gazebo_jazzy/share/mycobot_280_gazebo_jazzy/hook/cmake_prefix_path.dsv'
[8.694s] INFO:colcon.colcon_core.shell:Creating environment hook '/home/amin/cobot/cobot_ws/install/mycobot_280_gazebo_jazzy/share/mycobot_280_gazebo_jazzy/hook/cmake_prefix_path.sh'
[8.695s] Level 1:colcon.colcon_core.environment:checking '/home/amin/cobot/cobot_ws/install/mycobot_280_gazebo_jazzy/bin'
[8.695s] Level 1:colcon.colcon_core.environment:checking '/home/amin/cobot/cobot_ws/install/mycobot_280_gazebo_jazzy/lib/pkgconfig/mycobot_280_gazebo_jazzy.pc'
[8.696s] Level 1:colcon.colcon_core.environment:checking '/home/amin/cobot/cobot_ws/install/mycobot_280_gazebo_jazzy/lib/python3.12/site-packages'
[8.696s] Level 1:colcon.colcon_core.environment:checking '/home/amin/cobot/cobot_ws/install/mycobot_280_gazebo_jazzy/bin'
[8.697s] INFO:colcon.colcon_core.shell:Creating package script '/home/amin/cobot/cobot_ws/install/mycobot_280_gazebo_jazzy/share/mycobot_280_gazebo_jazzy/package.ps1'
[8.698s] INFO:colcon.colcon_core.shell:Creating package descriptor '/home/amin/cobot/cobot_ws/install/mycobot_280_gazebo_jazzy/share/mycobot_280_gazebo_jazzy/package.dsv'
[8.699s] INFO:colcon.colcon_core.shell:Creating package script '/home/amin/cobot/cobot_ws/install/mycobot_280_gazebo_jazzy/share/mycobot_280_gazebo_jazzy/package.sh'
[8.699s] INFO:colcon.colcon_core.shell:Creating package script '/home/amin/cobot/cobot_ws/install/mycobot_280_gazebo_jazzy/share/mycobot_280_gazebo_jazzy/package.bash'
[8.701s] INFO:colcon.colcon_core.shell:Creating package script '/home/amin/cobot/cobot_ws/install/mycobot_280_gazebo_jazzy/share/mycobot_280_gazebo_jazzy/package.zsh'
[8.701s] Level 1:colcon.colcon_core.environment:create_file_with_runtime_dependencies(/home/amin/cobot/cobot_ws/install/mycobot_280_gazebo_jazzy/share/colcon-core/packages/mycobot_280_gazebo_jazzy)
[8.702s] Level 1:colcon.colcon_core.environment:create_environment_scripts_only(mycobot_280_gazebo_jazzy)
[8.702s] Level 1:colcon.colcon_core.environment:checking '/home/amin/cobot/cobot_ws/install/mycobot_280_gazebo_jazzy' for CMake module files
[8.702s] Level 1:colcon.colcon_core.environment:checking '/home/amin/cobot/cobot_ws/install/mycobot_280_gazebo_jazzy' for CMake config files
[8.703s] Level 1:colcon.colcon_core.shell:create_environment_hook('mycobot_280_gazebo_jazzy', 'cmake_prefix_path')
[8.703s] INFO:colcon.colcon_core.shell:Creating environment hook '/home/amin/cobot/cobot_ws/install/mycobot_280_gazebo_jazzy/share/mycobot_280_gazebo_jazzy/hook/cmake_prefix_path.ps1'
[8.704s] INFO:colcon.colcon_core.shell:Creating environment descriptor '/home/amin/cobot/cobot_ws/install/mycobot_280_gazebo_jazzy/share/mycobot_280_gazebo_jazzy/hook/cmake_prefix_path.dsv'
[8.704s] INFO:colcon.colcon_core.shell:Creating environment hook '/home/amin/cobot/cobot_ws/install/mycobot_280_gazebo_jazzy/share/mycobot_280_gazebo_jazzy/hook/cmake_prefix_path.sh'
[8.707s] Level 1:colcon.colcon_core.environment:checking '/home/amin/cobot/cobot_ws/install/mycobot_280_gazebo_jazzy/bin'
[8.708s] Level 1:colcon.colcon_core.environment:checking '/home/amin/cobot/cobot_ws/install/mycobot_280_gazebo_jazzy/lib/pkgconfig/mycobot_280_gazebo_jazzy.pc'
[8.708s] Level 1:colcon.colcon_core.environment:checking '/home/amin/cobot/cobot_ws/install/mycobot_280_gazebo_jazzy/lib/python3.12/site-packages'
[8.708s] Level 1:colcon.colcon_core.environment:checking '/home/amin/cobot/cobot_ws/install/mycobot_280_gazebo_jazzy/bin'
[8.709s] INFO:colcon.colcon_core.shell:Creating package script '/home/amin/cobot/cobot_ws/install/mycobot_280_gazebo_jazzy/share/mycobot_280_gazebo_jazzy/package.ps1'
[8.711s] INFO:colcon.colcon_core.shell:Creating package descriptor '/home/amin/cobot/cobot_ws/install/mycobot_280_gazebo_jazzy/share/mycobot_280_gazebo_jazzy/package.dsv'
[8.712s] INFO:colcon.colcon_core.shell:Creating package script '/home/amin/cobot/cobot_ws/install/mycobot_280_gazebo_jazzy/share/mycobot_280_gazebo_jazzy/package.sh'
[8.719s] INFO:colcon.colcon_core.shell:Creating package script '/home/amin/cobot/cobot_ws/install/mycobot_280_gazebo_jazzy/share/mycobot_280_gazebo_jazzy/package.bash'
[8.722s] INFO:colcon.colcon_core.shell:Creating package script '/home/amin/cobot/cobot_ws/install/mycobot_280_gazebo_jazzy/share/mycobot_280_gazebo_jazzy/package.zsh'
[8.722s] Level 1:colcon.colcon_core.environment:create_file_with_runtime_dependencies(/home/amin/cobot/cobot_ws/install/mycobot_280_gazebo_jazzy/share/colcon-core/packages/mycobot_280_gazebo_jazzy)
[8.725s] INFO:colcon.colcon_ros.task.ament_python.build:Building ROS package in '/home/amin/cobot/cobot_ws/src/mycobot_ros2/mycobot_280/mycobot_280_moveit2_control' with build type 'ament_python'
[8.726s] Level 1:colcon.colcon_core.shell:create_environment_hook('mycobot_280_moveit2_control', 'ament_prefix_path')
[8.726s] INFO:colcon.colcon_core.shell:Creating environment hook '/home/amin/cobot/cobot_ws/install/mycobot_280_moveit2_control/share/mycobot_280_moveit2_control/hook/ament_prefix_path.ps1'
[8.732s] INFO:colcon.colcon_core.shell:Creating environment descriptor '/home/amin/cobot/cobot_ws/install/mycobot_280_moveit2_control/share/mycobot_280_moveit2_control/hook/ament_prefix_path.dsv'
[8.733s] INFO:colcon.colcon_core.shell:Creating environment hook '/home/amin/cobot/cobot_ws/install/mycobot_280_moveit2_control/share/mycobot_280_moveit2_control/hook/ament_prefix_path.sh'
[8.737s] INFO:colcon.colcon_core.shell:Skip shell extension 'powershell' for command environment: Not usable outside of PowerShell
[8.737s] DEBUG:colcon.colcon_core.shell:Skip shell extension 'dsv' for command environment
[8.762s] DEBUG:colcon.colcon_core.event_handler.log_command:Invoking command in '/home/amin/cobot/cobot_ws/build/mycobot_280_moveit2': AMENT_PREFIX_PATH=/home/amin/cobot/cobot_ws/install/mycobot_description:/home/amin/cobot/cobot_ws/install/ultraarm:/home/amin/cobot/cobot_ws/install/pro450_moveit2_control:/home/amin/cobot/cobot_ws/install/pro450_moveit2:/home/amin/cobot/cobot_ws/install/mypalletizer_communication:/home/amin/cobot/cobot_ws/install/mypalletizer_interfaces:/home/amin/cobot/cobot_ws/install/mypalletizer_260_pi:/home/amin/cobot/cobot_ws/install/mypalletizer_260:/home/amin/cobot/cobot_ws/install/mycobot_pro_450:/home/amin/cobot/cobot_ws/install/mycobot_pro450_interfaces:/home/amin/cobot/cobot_ws/install/myarm_m750:/home/amin/cobot/cobot_ws/install/myarm_c650:/home/amin/cobot/cobot_ws/install/mycobot_communication:/home/amin/cobot/cobot_ws/install/mecharm_communication:/home/amin/cobot/cobot_ws/install/mycobot_interfaces:/home/amin/cobot/cobot_ws/install/mycobot_630:/home/amin/cobot/cobot_ws/install/mycobot_600:/home/amin/cobot/cobot_ws/install/mycobot_320pi:/home/amin/cobot/cobot_ws/install/mycobot_320_riscv:/home/amin/cobot/cobot_ws/install/mycobot_320:/home/amin/cobot/cobot_ws/install/mycobot_280rdkx5_moveit2:/home/amin/cobot/cobot_ws/install/mycobot_280pi:/home/amin/cobot/cobot_ws/install/mycobot_280jn:/home/amin/cobot/cobot_ws/install/mycobot_280arduino_moveit2:/home/amin/cobot/cobot_ws/install/mycobot_280_x3pi:/home/amin/cobot/cobot_ws/install/mycobot_280_riscv:/home/amin/cobot/cobot_ws/install/mycobot_280_rdkx5:/home/amin/cobot/cobot_ws/install/mycobot_280_moveit2_control:/home/amin/cobot/cobot_ws/install/mycobot_280_moveit2:/home/amin/cobot/cobot_ws/install/mycobot_280_gazebo_jazzy:/home/amin/cobot/cobot_ws/install/mycobot_280_gazebo:/home/amin/cobot/cobot_ws/install/mycobot_280_arduino:/home/amin/cobot/cobot_ws/install/mycobot_280:/home/amin/cobot/cobot_ws/install/mybuddy:/home/amin/cobot/cobot_ws/install/myarm_300:/home/amin/cobot/cobot_ws/install/mecharm_pi:/home/amin/cobot/cobot_ws/install/mecharm:/home/amin/cobot/cobot_ws/install/mecharm_interfaces:/opt/ros/jazzy CMAKE_PREFIX_PATH=${CMAKE_PREFIX_PATH}:/home/amin/cobot/cobot_ws/install/ultraarm:/home/amin/cobot/cobot_ws/install/pro450_moveit2_control:/home/amin/cobot/cobot_ws/install/mypalletizer_communication:/home/amin/cobot/cobot_ws/install/mypalletizer_260_pi:/home/amin/cobot/cobot_ws/install/mypalletizer_260:/home/amin/cobot/cobot_ws/install/mycobot_pro_450:/home/amin/cobot/cobot_ws/install/myarm_m750:/home/amin/cobot/cobot_ws/install/myarm_c650:/home/amin/cobot/cobot_ws/install/mycobot_communication:/home/amin/cobot/cobot_ws/install/mecharm_communication:/home/amin/cobot/cobot_ws/install/mycobot_630:/home/amin/cobot/cobot_ws/install/mycobot_600:/home/amin/cobot/cobot_ws/install/mycobot_320pi:/home/amin/cobot/cobot_ws/install/mycobot_320_riscv:/home/amin/cobot/cobot_ws/install/mycobot_320:/home/amin/cobot/cobot_ws/install/mycobot_280pi:/home/amin/cobot/cobot_ws/install/mycobot_280jn:/home/amin/cobot/cobot_ws/install/mycobot_280_x3pi:/home/amin/cobot/cobot_ws/install/mycobot_280_riscv:/home/amin/cobot/cobot_ws/install/mycobot_280_rdkx5:/home/amin/cobot/cobot_ws/install/mycobot_280_moveit2_control:/home/amin/cobot/cobot_ws/install/mycobot_280_arduino:/home/amin/cobot/cobot_ws/install/mycobot_280:/home/amin/cobot/cobot_ws/install/mybuddy:/home/amin/cobot/cobot_ws/install/myarm_300:/home/amin/cobot/cobot_ws/install/mecharm_pi:/home/amin/cobot/cobot_ws/install/mecharm:/home/amin/cobot/cobot_ws/install/mycobot_description:/opt/ros/jazzy DEBUGINFOD_URLS=https://debuginfod.ubuntu.com PYTHONPATH=/home/amin/cobot/cobot_ws/install/mycobot_description/lib/python3.12/site-packages:/home/amin/cobot/cobot_ws/install/ultraarm/lib/python3.12/site-packages:/home/amin/cobot/cobot_ws/install/pro450_moveit2_control/lib/python3.12/site-packages:/home/amin/cobot/cobot_ws/install/mypalletizer_communication/lib/python3.12/site-packages:/home/amin/cobot/cobot_ws/install/mypalletizer_interfaces/lib/python3.12/site-packages:/home/amin/cobot/cobot_ws/install/mypalletizer_260_pi/lib/python3.12/site-packages:/home/amin/cobot/cobot_ws/install/mypalletizer_260/lib/python3.12/site-packages:/home/amin/cobot/cobot_ws/install/mycobot_pro_450/lib/python3.12/site-packages:/home/amin/cobot/cobot_ws/install/mycobot_pro450_interfaces/lib/python3.12/site-packages:/home/amin/cobot/cobot_ws/install/myarm_m750/lib/python3.12/site-packages:/home/amin/cobot/cobot_ws/install/myarm_c650/lib/python3.12/site-packages:/home/amin/cobot/cobot_ws/install/mycobot_communication/lib/python3.12/site-packages:/home/amin/cobot/cobot_ws/install/mecharm_communication/lib/python3.12/site-packages:/home/amin/cobot/cobot_ws/install/mycobot_interfaces/lib/python3.12/site-packages:/home/amin/cobot/cobot_ws/install/mycobot_630/lib/python3.12/site-packages:/home/amin/cobot/cobot_ws/install/mycobot_600/lib/python3.12/site-packages:/home/amin/cobot/cobot_ws/install/mycobot_320pi/lib/python3.12/site-packages:/home/amin/cobot/cobot_ws/install/mycobot_320_riscv/lib/python3.12/site-packages:/home/amin/cobot/cobot_ws/install/mycobot_320/lib/python3.12/site-packages:/home/amin/cobot/cobot_ws/install/mycobot_280pi/lib/python3.12/site-packages:/home/amin/cobot/cobot_ws/install/mycobot_280jn/lib/python3.12/site-packages:/home/amin/cobot/cobot_ws/install/mycobot_280_x3pi/lib/python3.12/site-packages:/home/amin/cobot/cobot_ws/install/mycobot_280_riscv/lib/python3.12/site-packages:/home/amin/cobot/cobot_ws/install/mycobot_280_rdkx5/lib/python3.12/site-packages:/home/amin/cobot/cobot_ws/install/mycobot_280_moveit2_control/lib/python3.12/site-packages:/home/amin/cobot/cobot_ws/install/mycobot_280_arduino/lib/python3.12/site-packages:/home/amin/cobot/cobot_ws/install/mycobot_280/lib/python3.12/site-packages:/home/amin/cobot/cobot_ws/install/mybuddy/lib/python3.12/site-packages:/home/amin/cobot/cobot_ws/install/myarm_300/lib/python3.12/site-packages:/home/amin/cobot/cobot_ws/install/mecharm_pi/lib/python3.12/site-packages:/home/amin/cobot/cobot_ws/install/mecharm/lib/python3.12/site-packages:/home/amin/cobot/cobot_ws/install/mecharm_interfaces/lib/python3.12/site-packages:/opt/ros/jazzy/lib/python3.12/site-packages /usr/bin/cmake --build /home/amin/cobot/cobot_ws/build/mycobot_280_moveit2 -- -j8 -l8
[9.260s] INFO:colcon.colcon_core.task.python.build:Building Python package in '/home/amin/cobot/cobot_ws/src/mycobot_ros2/mycobot_280/mycobot_280_moveit2_control'
[9.261s] INFO:colcon.colcon_core.shell:Skip shell extension 'powershell' for command environment: Not usable outside of PowerShell
[9.261s] DEBUG:colcon.colcon_core.shell:Skip shell extension 'dsv' for command environment
[9.279s] DEBUG:colcon.colcon_core.event_handler.log_command:Invoked command in '/home/amin/cobot/cobot_ws/build/mycobot_280_moveit2' returned '0': AMENT_PREFIX_PATH=/home/amin/cobot/cobot_ws/install/mycobot_description:/home/amin/cobot/cobot_ws/install/ultraarm:/home/amin/cobot/cobot_ws/install/pro450_moveit2_control:/home/amin/cobot/cobot_ws/install/pro450_moveit2:/home/amin/cobot/cobot_ws/install/mypalletizer_communication:/home/amin/cobot/cobot_ws/install/mypalletizer_interfaces:/home/amin/cobot/cobot_ws/install/mypalletizer_260_pi:/home/amin/cobot/cobot_ws/install/mypalletizer_260:/home/amin/cobot/cobot_ws/install/mycobot_pro_450:/home/amin/cobot/cobot_ws/install/mycobot_pro450_interfaces:/home/amin/cobot/cobot_ws/install/myarm_m750:/home/amin/cobot/cobot_ws/install/myarm_c650:/home/amin/cobot/cobot_ws/install/mycobot_communication:/home/amin/cobot/cobot_ws/install/mecharm_communication:/home/amin/cobot/cobot_ws/install/mycobot_interfaces:/home/amin/cobot/cobot_ws/install/mycobot_630:/home/amin/cobot/cobot_ws/install/mycobot_600:/home/amin/cobot/cobot_ws/install/mycobot_320pi:/home/amin/cobot/cobot_ws/install/mycobot_320_riscv:/home/amin/cobot/cobot_ws/install/mycobot_320:/home/amin/cobot/cobot_ws/install/mycobot_280rdkx5_moveit2:/home/amin/cobot/cobot_ws/install/mycobot_280pi:/home/amin/cobot/cobot_ws/install/mycobot_280jn:/home/amin/cobot/cobot_ws/install/mycobot_280arduino_moveit2:/home/amin/cobot/cobot_ws/install/mycobot_280_x3pi:/home/amin/cobot/cobot_ws/install/mycobot_280_riscv:/home/amin/cobot/cobot_ws/install/mycobot_280_rdkx5:/home/amin/cobot/cobot_ws/install/mycobot_280_moveit2_control:/home/amin/cobot/cobot_ws/install/mycobot_280_moveit2:/home/amin/cobot/cobot_ws/install/mycobot_280_gazebo_jazzy:/home/amin/cobot/cobot_ws/install/mycobot_280_gazebo:/home/amin/cobot/cobot_ws/install/mycobot_280_arduino:/home/amin/cobot/cobot_ws/install/mycobot_280:/home/amin/cobot/cobot_ws/install/mybuddy:/home/amin/cobot/cobot_ws/install/myarm_300:/home/amin/cobot/cobot_ws/install/mecharm_pi:/home/amin/cobot/cobot_ws/install/mecharm:/home/amin/cobot/cobot_ws/install/mecharm_interfaces:/opt/ros/jazzy CMAKE_PREFIX_PATH=${CMAKE_PREFIX_PATH}:/home/amin/cobot/cobot_ws/install/ultraarm:/home/amin/cobot/cobot_ws/install/pro450_moveit2_control:/home/amin/cobot/cobot_ws/install/mypalletizer_communication:/home/amin/cobot/cobot_ws/install/mypalletizer_260_pi:/home/amin/cobot/cobot_ws/install/mypalletizer_260:/home/amin/cobot/cobot_ws/install/mycobot_pro_450:/home/amin/cobot/cobot_ws/install/myarm_m750:/home/amin/cobot/cobot_ws/install/myarm_c650:/home/amin/cobot/cobot_ws/install/mycobot_communication:/home/amin/cobot/cobot_ws/install/mecharm_communication:/home/amin/cobot/cobot_ws/install/mycobot_630:/home/amin/cobot/cobot_ws/install/mycobot_600:/home/amin/cobot/cobot_ws/install/mycobot_320pi:/home/amin/cobot/cobot_ws/install/mycobot_320_riscv:/home/amin/cobot/cobot_ws/install/mycobot_320:/home/amin/cobot/cobot_ws/install/mycobot_280pi:/home/amin/cobot/cobot_ws/install/mycobot_280jn:/home/amin/cobot/cobot_ws/install/mycobot_280_x3pi:/home/amin/cobot/cobot_ws/install/mycobot_280_riscv:/home/amin/cobot/cobot_ws/install/mycobot_280_rdkx5:/home/amin/cobot/cobot_ws/install/mycobot_280_moveit2_control:/home/amin/cobot/cobot_ws/install/mycobot_280_arduino:/home/amin/cobot/cobot_ws/install/mycobot_280:/home/amin/cobot/cobot_ws/install/mybuddy:/home/amin/cobot/cobot_ws/install/myarm_300:/home/amin/cobot/cobot_ws/install/mecharm_pi:/home/amin/cobot/cobot_ws/install/mecharm:/home/amin/cobot/cobot_ws/install/mycobot_description:/opt/ros/jazzy DEBUGINFOD_URLS=https://debuginfod.ubuntu.com PYTHONPATH=/home/amin/cobot/cobot_ws/install/mycobot_description/lib/python3.12/site-packages:/home/amin/cobot/cobot_ws/install/ultraarm/lib/python3.12/site-packages:/home/amin/cobot/cobot_ws/install/pro450_moveit2_control/lib/python3.12/site-packages:/home/amin/cobot/cobot_ws/install/mypalletizer_communication/lib/python3.12/site-packages:/home/amin/cobot/cobot_ws/install/mypalletizer_interfaces/lib/python3.12/site-packages:/home/amin/cobot/cobot_ws/install/mypalletizer_260_pi/lib/python3.12/site-packages:/home/amin/cobot/cobot_ws/install/mypalletizer_260/lib/python3.12/site-packages:/home/amin/cobot/cobot_ws/install/mycobot_pro_450/lib/python3.12/site-packages:/home/amin/cobot/cobot_ws/install/mycobot_pro450_interfaces/lib/python3.12/site-packages:/home/amin/cobot/cobot_ws/install/myarm_m750/lib/python3.12/site-packages:/home/amin/cobot/cobot_ws/install/myarm_c650/lib/python3.12/site-packages:/home/amin/cobot/cobot_ws/install/mycobot_communication/lib/python3.12/site-packages:/home/amin/cobot/cobot_ws/install/mecharm_communication/lib/python3.12/site-packages:/home/amin/cobot/cobot_ws/install/mycobot_interfaces/lib/python3.12/site-packages:/home/amin/cobot/cobot_ws/install/mycobot_630/lib/python3.12/site-packages:/home/amin/cobot/cobot_ws/install/mycobot_600/lib/python3.12/site-packages:/home/amin/cobot/cobot_ws/install/mycobot_320pi/lib/python3.12/site-packages:/home/amin/cobot/cobot_ws/install/mycobot_320_riscv/lib/python3.12/site-packages:/home/amin/cobot/cobot_ws/install/mycobot_320/lib/python3.12/site-packages:/home/amin/cobot/cobot_ws/install/mycobot_280pi/lib/python3.12/site-packages:/home/amin/cobot/cobot_ws/install/mycobot_280jn/lib/python3.12/site-packages:/home/amin/cobot/cobot_ws/install/mycobot_280_x3pi/lib/python3.12/site-packages:/home/amin/cobot/cobot_ws/install/mycobot_280_riscv/lib/python3.12/site-packages:/home/amin/cobot/cobot_ws/install/mycobot_280_rdkx5/lib/python3.12/site-packages:/home/amin/cobot/cobot_ws/install/mycobot_280_moveit2_control/lib/python3.12/site-packages:/home/amin/cobot/cobot_ws/install/mycobot_280_arduino/lib/python3.12/site-packages:/home/amin/cobot/cobot_ws/install/mycobot_280/lib/python3.12/site-packages:/home/amin/cobot/cobot_ws/install/mybuddy/lib/python3.12/site-packages:/home/amin/cobot/cobot_ws/install/myarm_300/lib/python3.12/site-packages:/home/amin/cobot/cobot_ws/install/mecharm_pi/lib/python3.12/site-packages:/home/amin/cobot/cobot_ws/install/mecharm/lib/python3.12/site-packages:/home/amin/cobot/cobot_ws/install/mecharm_interfaces/lib/python3.12/site-packages:/opt/ros/jazzy/lib/python3.12/site-packages /usr/bin/cmake --build /home/amin/cobot/cobot_ws/build/mycobot_280_moveit2 -- -j8 -l8
[9.280s] DEBUG:colcon.colcon_core.event_handler.log_command:Invoking command in '/home/amin/cobot/cobot_ws/build/mycobot_280_moveit2': AMENT_PREFIX_PATH=/home/amin/cobot/cobot_ws/install/mycobot_description:/home/amin/cobot/cobot_ws/install/ultraarm:/home/amin/cobot/cobot_ws/install/pro450_moveit2_control:/home/amin/cobot/cobot_ws/install/pro450_moveit2:/home/amin/cobot/cobot_ws/install/mypalletizer_communication:/home/amin/cobot/cobot_ws/install/mypalletizer_interfaces:/home/amin/cobot/cobot_ws/install/mypalletizer_260_pi:/home/amin/cobot/cobot_ws/install/mypalletizer_260:/home/amin/cobot/cobot_ws/install/mycobot_pro_450:/home/amin/cobot/cobot_ws/install/mycobot_pro450_interfaces:/home/amin/cobot/cobot_ws/install/myarm_m750:/home/amin/cobot/cobot_ws/install/myarm_c650:/home/amin/cobot/cobot_ws/install/mycobot_communication:/home/amin/cobot/cobot_ws/install/mecharm_communication:/home/amin/cobot/cobot_ws/install/mycobot_interfaces:/home/amin/cobot/cobot_ws/install/mycobot_630:/home/amin/cobot/cobot_ws/install/mycobot_600:/home/amin/cobot/cobot_ws/install/mycobot_320pi:/home/amin/cobot/cobot_ws/install/mycobot_320_riscv:/home/amin/cobot/cobot_ws/install/mycobot_320:/home/amin/cobot/cobot_ws/install/mycobot_280rdkx5_moveit2:/home/amin/cobot/cobot_ws/install/mycobot_280pi:/home/amin/cobot/cobot_ws/install/mycobot_280jn:/home/amin/cobot/cobot_ws/install/mycobot_280arduino_moveit2:/home/amin/cobot/cobot_ws/install/mycobot_280_x3pi:/home/amin/cobot/cobot_ws/install/mycobot_280_riscv:/home/amin/cobot/cobot_ws/install/mycobot_280_rdkx5:/home/amin/cobot/cobot_ws/install/mycobot_280_moveit2_control:/home/amin/cobot/cobot_ws/install/mycobot_280_moveit2:/home/amin/cobot/cobot_ws/install/mycobot_280_gazebo_jazzy:/home/amin/cobot/cobot_ws/install/mycobot_280_gazebo:/home/amin/cobot/cobot_ws/install/mycobot_280_arduino:/home/amin/cobot/cobot_ws/install/mycobot_280:/home/amin/cobot/cobot_ws/install/mybuddy:/home/amin/cobot/cobot_ws/install/myarm_300:/home/amin/cobot/cobot_ws/install/mecharm_pi:/home/amin/cobot/cobot_ws/install/mecharm:/home/amin/cobot/cobot_ws/install/mecharm_interfaces:/opt/ros/jazzy CMAKE_PREFIX_PATH=${CMAKE_PREFIX_PATH}:/home/amin/cobot/cobot_ws/install/ultraarm:/home/amin/cobot/cobot_ws/install/pro450_moveit2_control:/home/amin/cobot/cobot_ws/install/mypalletizer_communication:/home/amin/cobot/cobot_ws/install/mypalletizer_260_pi:/home/amin/cobot/cobot_ws/install/mypalletizer_260:/home/amin/cobot/cobot_ws/install/mycobot_pro_450:/home/amin/cobot/cobot_ws/install/myarm_m750:/home/amin/cobot/cobot_ws/install/myarm_c650:/home/amin/cobot/cobot_ws/install/mycobot_communication:/home/amin/cobot/cobot_ws/install/mecharm_communication:/home/amin/cobot/cobot_ws/install/mycobot_630:/home/amin/cobot/cobot_ws/install/mycobot_600:/home/amin/cobot/cobot_ws/install/mycobot_320pi:/home/amin/cobot/cobot_ws/install/mycobot_320_riscv:/home/amin/cobot/cobot_ws/install/mycobot_320:/home/amin/cobot/cobot_ws/install/mycobot_280pi:/home/amin/cobot/cobot_ws/install/mycobot_280jn:/home/amin/cobot/cobot_ws/install/mycobot_280_x3pi:/home/amin/cobot/cobot_ws/install/mycobot_280_riscv:/home/amin/cobot/cobot_ws/install/mycobot_280_rdkx5:/home/amin/cobot/cobot_ws/install/mycobot_280_moveit2_control:/home/amin/cobot/cobot_ws/install/mycobot_280_arduino:/home/amin/cobot/cobot_ws/install/mycobot_280:/home/amin/cobot/cobot_ws/install/mybuddy:/home/amin/cobot/cobot_ws/install/myarm_300:/home/amin/cobot/cobot_ws/install/mecharm_pi:/home/amin/cobot/cobot_ws/install/mecharm:/home/amin/cobot/cobot_ws/install/mycobot_description:/opt/ros/jazzy DEBUGINFOD_URLS=https://debuginfod.ubuntu.com PYTHONPATH=/home/amin/cobot/cobot_ws/install/mycobot_description/lib/python3.12/site-packages:/home/amin/cobot/cobot_ws/install/ultraarm/lib/python3.12/site-packages:/home/amin/cobot/cobot_ws/install/pro450_moveit2_control/lib/python3.12/site-packages:/home/amin/cobot/cobot_ws/install/mypalletizer_communication/lib/python3.12/site-packages:/home/amin/cobot/cobot_ws/install/mypalletizer_interfaces/lib/python3.12/site-packages:/home/amin/cobot/cobot_ws/install/mypalletizer_260_pi/lib/python3.12/site-packages:/home/amin/cobot/cobot_ws/install/mypalletizer_260/lib/python3.12/site-packages:/home/amin/cobot/cobot_ws/install/mycobot_pro_450/lib/python3.12/site-packages:/home/amin/cobot/cobot_ws/install/mycobot_pro450_interfaces/lib/python3.12/site-packages:/home/amin/cobot/cobot_ws/install/myarm_m750/lib/python3.12/site-packages:/home/amin/cobot/cobot_ws/install/myarm_c650/lib/python3.12/site-packages:/home/amin/cobot/cobot_ws/install/mycobot_communication/lib/python3.12/site-packages:/home/amin/cobot/cobot_ws/install/mecharm_communication/lib/python3.12/site-packages:/home/amin/cobot/cobot_ws/install/mycobot_interfaces/lib/python3.12/site-packages:/home/amin/cobot/cobot_ws/install/mycobot_630/lib/python3.12/site-packages:/home/amin/cobot/cobot_ws/install/mycobot_600/lib/python3.12/site-packages:/home/amin/cobot/cobot_ws/install/mycobot_320pi/lib/python3.12/site-packages:/home/amin/cobot/cobot_ws/install/mycobot_320_riscv/lib/python3.12/site-packages:/home/amin/cobot/cobot_ws/install/mycobot_320/lib/python3.12/site-packages:/home/amin/cobot/cobot_ws/install/mycobot_280pi/lib/python3.12/site-packages:/home/amin/cobot/cobot_ws/install/mycobot_280jn/lib/python3.12/site-packages:/home/amin/cobot/cobot_ws/install/mycobot_280_x3pi/lib/python3.12/site-packages:/home/amin/cobot/cobot_ws/install/mycobot_280_riscv/lib/python3.12/site-packages:/home/amin/cobot/cobot_ws/install/mycobot_280_rdkx5/lib/python3.12/site-packages:/home/amin/cobot/cobot_ws/install/mycobot_280_moveit2_control/lib/python3.12/site-packages:/home/amin/cobot/cobot_ws/install/mycobot_280_arduino/lib/python3.12/site-packages:/home/amin/cobot/cobot_ws/install/mycobot_280/lib/python3.12/site-packages:/home/amin/cobot/cobot_ws/install/mybuddy/lib/python3.12/site-packages:/home/amin/cobot/cobot_ws/install/myarm_300/lib/python3.12/site-packages:/home/amin/cobot/cobot_ws/install/mecharm_pi/lib/python3.12/site-packages:/home/amin/cobot/cobot_ws/install/mecharm/lib/python3.12/site-packages:/home/amin/cobot/cobot_ws/install/mecharm_interfaces/lib/python3.12/site-packages:/opt/ros/jazzy/lib/python3.12/site-packages /usr/bin/cmake --install /home/amin/cobot/cobot_ws/build/mycobot_280_moveit2
[9.283s] Level 1:colcon.colcon_core.environment:checking '/home/amin/cobot/cobot_ws/install/mecharm_pi' for CMake module files
[9.285s] DEBUG:colcon.colcon_core.event_handler.log_command:Invoked command in '/home/amin/cobot/cobot_ws/src/mycobot_ros2/mecharm/mecharm_pi' returned '0': AMENT_PREFIX_PATH=/home/amin/cobot/cobot_ws/install/mycobot_description:/home/amin/cobot/cobot_ws/install/ultraarm:/home/amin/cobot/cobot_ws/install/pro450_moveit2_control:/home/amin/cobot/cobot_ws/install/pro450_moveit2:/home/amin/cobot/cobot_ws/install/mypalletizer_communication:/home/amin/cobot/cobot_ws/install/mypalletizer_interfaces:/home/amin/cobot/cobot_ws/install/mypalletizer_260_pi:/home/amin/cobot/cobot_ws/install/mypalletizer_260:/home/amin/cobot/cobot_ws/install/mycobot_pro_450:/home/amin/cobot/cobot_ws/install/mycobot_pro450_interfaces:/home/amin/cobot/cobot_ws/install/myarm_m750:/home/amin/cobot/cobot_ws/install/myarm_c650:/home/amin/cobot/cobot_ws/install/mycobot_communication:/home/amin/cobot/cobot_ws/install/mecharm_communication:/home/amin/cobot/cobot_ws/install/mycobot_interfaces:/home/amin/cobot/cobot_ws/install/mycobot_630:/home/amin/cobot/cobot_ws/install/mycobot_600:/home/amin/cobot/cobot_ws/install/mycobot_320pi:/home/amin/cobot/cobot_ws/install/mycobot_320_riscv:/home/amin/cobot/cobot_ws/install/mycobot_320:/home/amin/cobot/cobot_ws/install/mycobot_280rdkx5_moveit2:/home/amin/cobot/cobot_ws/install/mycobot_280pi:/home/amin/cobot/cobot_ws/install/mycobot_280jn:/home/amin/cobot/cobot_ws/install/mycobot_280arduino_moveit2:/home/amin/cobot/cobot_ws/install/mycobot_280_x3pi:/home/amin/cobot/cobot_ws/install/mycobot_280_riscv:/home/amin/cobot/cobot_ws/install/mycobot_280_rdkx5:/home/amin/cobot/cobot_ws/install/mycobot_280_moveit2_control:/home/amin/cobot/cobot_ws/install/mycobot_280_moveit2:/home/amin/cobot/cobot_ws/install/mycobot_280_gazebo_jazzy:/home/amin/cobot/cobot_ws/install/mycobot_280_gazebo:/home/amin/cobot/cobot_ws/install/mycobot_280_arduino:/home/amin/cobot/cobot_ws/install/mycobot_280:/home/amin/cobot/cobot_ws/install/mybuddy:/home/amin/cobot/cobot_ws/install/myarm_300:/home/amin/cobot/cobot_ws/install/mecharm_pi:/home/amin/cobot/cobot_ws/install/mecharm:/home/amin/cobot/cobot_ws/install/mecharm_interfaces:/opt/ros/jazzy DEBUGINFOD_URLS=https://debuginfod.ubuntu.com PYTHONPATH=/home/amin/cobot/cobot_ws/build/mecharm_pi/prefix_override:/usr/lib/python3/dist-packages/colcon_core/task/python/colcon_distutils_commands:/home/amin/cobot/cobot_ws/install/mecharm_pi/lib/python3.12/site-packages:/home/amin/cobot/cobot_ws/install/mycobot_description/lib/python3.12/site-packages:/home/amin/cobot/cobot_ws/install/ultraarm/lib/python3.12/site-packages:/home/amin/cobot/cobot_ws/install/pro450_moveit2_control/lib/python3.12/site-packages:/home/amin/cobot/cobot_ws/install/mypalletizer_communication/lib/python3.12/site-packages:/home/amin/cobot/cobot_ws/install/mypalletizer_interfaces/lib/python3.12/site-packages:/home/amin/cobot/cobot_ws/install/mypalletizer_260_pi/lib/python3.12/site-packages:/home/amin/cobot/cobot_ws/install/mypalletizer_260/lib/python3.12/site-packages:/home/amin/cobot/cobot_ws/install/mycobot_pro_450/lib/python3.12/site-packages:/home/amin/cobot/cobot_ws/install/mycobot_pro450_interfaces/lib/python3.12/site-packages:/home/amin/cobot/cobot_ws/install/myarm_m750/lib/python3.12/site-packages:/home/amin/cobot/cobot_ws/install/myarm_c650/lib/python3.12/site-packages:/home/amin/cobot/cobot_ws/install/mycobot_communication/lib/python3.12/site-packages:/home/amin/cobot/cobot_ws/install/mecharm_communication/lib/python3.12/site-packages:/home/amin/cobot/cobot_ws/install/mycobot_interfaces/lib/python3.12/site-packages:/home/amin/cobot/cobot_ws/install/mycobot_630/lib/python3.12/site-packages:/home/amin/cobot/cobot_ws/install/mycobot_600/lib/python3.12/site-packages:/home/amin/cobot/cobot_ws/install/mycobot_320pi/lib/python3.12/site-packages:/home/amin/cobot/cobot_ws/install/mycobot_320_riscv/lib/python3.12/site-packages:/home/amin/cobot/cobot_ws/install/mycobot_320/lib/python3.12/site-packages:/home/amin/cobot/cobot_ws/install/mycobot_280pi/lib/python3.12/site-packages:/home/amin/cobot/cobot_ws/install/mycobot_280jn/lib/python3.12/site-packages:/home/amin/cobot/cobot_ws/install/mycobot_280_x3pi/lib/python3.12/site-packages:/home/amin/cobot/cobot_ws/install/mycobot_280_riscv/lib/python3.12/site-packages:/home/amin/cobot/cobot_ws/install/mycobot_280_rdkx5/lib/python3.12/site-packages:/home/amin/cobot/cobot_ws/install/mycobot_280_moveit2_control/lib/python3.12/site-packages:/home/amin/cobot/cobot_ws/install/mycobot_280_arduino/lib/python3.12/site-packages:/home/amin/cobot/cobot_ws/install/mycobot_280/lib/python3.12/site-packages:/home/amin/cobot/cobot_ws/install/mybuddy/lib/python3.12/site-packages:/home/amin/cobot/cobot_ws/install/myarm_300/lib/python3.12/site-packages:/home/amin/cobot/cobot_ws/install/mecharm_pi/lib/python3.12/site-packages:/home/amin/cobot/cobot_ws/install/mecharm/lib/python3.12/site-packages:/home/amin/cobot/cobot_ws/install/mecharm_interfaces/lib/python3.12/site-packages:/opt/ros/jazzy/lib/python3.12/site-packages /usr/bin/python3 -W ignore:setup.py install is deprecated -W ignore:easy_install command is deprecated setup.py egg_info --egg-base ../../../../build/mecharm_pi build --build-base /home/amin/cobot/cobot_ws/build/mecharm_pi/build install --record /home/amin/cobot/cobot_ws/build/mecharm_pi/install.log --single-version-externally-managed install_data
[9.286s] Level 1:colcon.colcon_core.environment:checking '/home/amin/cobot/cobot_ws/install/mecharm_pi' for CMake config files
[9.287s] Level 1:colcon.colcon_core.environment:checking '/home/amin/cobot/cobot_ws/install/mecharm_pi/lib'
[9.288s] Level 1:colcon.colcon_core.environment:checking '/home/amin/cobot/cobot_ws/install/mecharm_pi/bin'
[9.290s] Level 1:colcon.colcon_core.environment:checking '/home/amin/cobot/cobot_ws/install/mecharm_pi/lib/pkgconfig/mecharm_pi.pc'
[9.292s] Level 1:colcon.colcon_core.environment:checking '/home/amin/cobot/cobot_ws/install/mecharm_pi/lib/python3.12/site-packages'
[9.292s] Level 1:colcon.colcon_core.shell:create_environment_hook('mecharm_pi', 'pythonpath')
[9.293s] INFO:colcon.colcon_core.shell:Creating environment hook '/home/amin/cobot/cobot_ws/install/mecharm_pi/share/mecharm_pi/hook/pythonpath.ps1'
[9.295s] INFO:colcon.colcon_core.shell:Creating environment descriptor '/home/amin/cobot/cobot_ws/install/mecharm_pi/share/mecharm_pi/hook/pythonpath.dsv'
[9.299s] INFO:colcon.colcon_core.shell:Creating environment hook '/home/amin/cobot/cobot_ws/install/mecharm_pi/share/mecharm_pi/hook/pythonpath.sh'
[9.300s] Level 1:colcon.colcon_core.environment:checking '/home/amin/cobot/cobot_ws/install/mecharm_pi/bin'
[9.300s] Level 1:colcon.colcon_core.environment:create_environment_scripts_only(mecharm_pi)
[9.300s] INFO:colcon.colcon_core.shell:Creating package script '/home/amin/cobot/cobot_ws/install/mecharm_pi/share/mecharm_pi/package.ps1'
[9.301s] INFO:colcon.colcon_core.shell:Creating package descriptor '/home/amin/cobot/cobot_ws/install/mecharm_pi/share/mecharm_pi/package.dsv'
[9.302s] INFO:colcon.colcon_core.shell:Creating package script '/home/amin/cobot/cobot_ws/install/mecharm_pi/share/mecharm_pi/package.sh'
[9.302s] INFO:colcon.colcon_core.shell:Creating package script '/home/amin/cobot/cobot_ws/install/mecharm_pi/share/mecharm_pi/package.bash'
[9.303s] INFO:colcon.colcon_core.shell:Creating package script '/home/amin/cobot/cobot_ws/install/mecharm_pi/share/mecharm_pi/package.zsh'
[9.304s] Level 1:colcon.colcon_core.environment:create_file_with_runtime_dependencies(/home/amin/cobot/cobot_ws/install/mecharm_pi/share/colcon-core/packages/mecharm_pi)
[9.306s] INFO:colcon.colcon_ros.task.ament_python.build:Building ROS package in '/home/amin/cobot/cobot_ws/src/mycobot_ros2/mycobot_280/mycobot_280_riscv' with build type 'ament_python'
[9.315s] Level 1:colcon.colcon_core.shell:create_environment_hook('mycobot_280_riscv', 'ament_prefix_path')
[9.316s] INFO:colcon.colcon_core.shell:Creating environment hook '/home/amin/cobot/cobot_ws/install/mycobot_280_riscv/share/mycobot_280_riscv/hook/ament_prefix_path.ps1'
[9.316s] INFO:colcon.colcon_core.shell:Creating environment descriptor '/home/amin/cobot/cobot_ws/install/mycobot_280_riscv/share/mycobot_280_riscv/hook/ament_prefix_path.dsv'
[9.319s] INFO:colcon.colcon_core.shell:Creating environment hook '/home/amin/cobot/cobot_ws/install/mycobot_280_riscv/share/mycobot_280_riscv/hook/ament_prefix_path.sh'
[9.326s] INFO:colcon.colcon_core.shell:Skip shell extension 'powershell' for command environment: Not usable outside of PowerShell
[9.326s] DEBUG:colcon.colcon_core.shell:Skip shell extension 'dsv' for command environment
[9.342s] Level 1:colcon.colcon_core.environment:create_environment_scripts_only(mycobot_280_moveit2)
[9.343s] DEBUG:colcon.colcon_core.event_handler.log_command:Invoked command in '/home/amin/cobot/cobot_ws/build/mycobot_280_moveit2' returned '0': AMENT_PREFIX_PATH=/home/amin/cobot/cobot_ws/install/mycobot_description:/home/amin/cobot/cobot_ws/install/ultraarm:/home/amin/cobot/cobot_ws/install/pro450_moveit2_control:/home/amin/cobot/cobot_ws/install/pro450_moveit2:/home/amin/cobot/cobot_ws/install/mypalletizer_communication:/home/amin/cobot/cobot_ws/install/mypalletizer_interfaces:/home/amin/cobot/cobot_ws/install/mypalletizer_260_pi:/home/amin/cobot/cobot_ws/install/mypalletizer_260:/home/amin/cobot/cobot_ws/install/mycobot_pro_450:/home/amin/cobot/cobot_ws/install/mycobot_pro450_interfaces:/home/amin/cobot/cobot_ws/install/myarm_m750:/home/amin/cobot/cobot_ws/install/myarm_c650:/home/amin/cobot/cobot_ws/install/mycobot_communication:/home/amin/cobot/cobot_ws/install/mecharm_communication:/home/amin/cobot/cobot_ws/install/mycobot_interfaces:/home/amin/cobot/cobot_ws/install/mycobot_630:/home/amin/cobot/cobot_ws/install/mycobot_600:/home/amin/cobot/cobot_ws/install/mycobot_320pi:/home/amin/cobot/cobot_ws/install/mycobot_320_riscv:/home/amin/cobot/cobot_ws/install/mycobot_320:/home/amin/cobot/cobot_ws/install/mycobot_280rdkx5_moveit2:/home/amin/cobot/cobot_ws/install/mycobot_280pi:/home/amin/cobot/cobot_ws/install/mycobot_280jn:/home/amin/cobot/cobot_ws/install/mycobot_280arduino_moveit2:/home/amin/cobot/cobot_ws/install/mycobot_280_x3pi:/home/amin/cobot/cobot_ws/install/mycobot_280_riscv:/home/amin/cobot/cobot_ws/install/mycobot_280_rdkx5:/home/amin/cobot/cobot_ws/install/mycobot_280_moveit2_control:/home/amin/cobot/cobot_ws/install/mycobot_280_moveit2:/home/amin/cobot/cobot_ws/install/mycobot_280_gazebo_jazzy:/home/amin/cobot/cobot_ws/install/mycobot_280_gazebo:/home/amin/cobot/cobot_ws/install/mycobot_280_arduino:/home/amin/cobot/cobot_ws/install/mycobot_280:/home/amin/cobot/cobot_ws/install/mybuddy:/home/amin/cobot/cobot_ws/install/myarm_300:/home/amin/cobot/cobot_ws/install/mecharm_pi:/home/amin/cobot/cobot_ws/install/mecharm:/home/amin/cobot/cobot_ws/install/mecharm_interfaces:/opt/ros/jazzy CMAKE_PREFIX_PATH=${CMAKE_PREFIX_PATH}:/home/amin/cobot/cobot_ws/install/ultraarm:/home/amin/cobot/cobot_ws/install/pro450_moveit2_control:/home/amin/cobot/cobot_ws/install/mypalletizer_communication:/home/amin/cobot/cobot_ws/install/mypalletizer_260_pi:/home/amin/cobot/cobot_ws/install/mypalletizer_260:/home/amin/cobot/cobot_ws/install/mycobot_pro_450:/home/amin/cobot/cobot_ws/install/myarm_m750:/home/amin/cobot/cobot_ws/install/myarm_c650:/home/amin/cobot/cobot_ws/install/mycobot_communication:/home/amin/cobot/cobot_ws/install/mecharm_communication:/home/amin/cobot/cobot_ws/install/mycobot_630:/home/amin/cobot/cobot_ws/install/mycobot_600:/home/amin/cobot/cobot_ws/install/mycobot_320pi:/home/amin/cobot/cobot_ws/install/mycobot_320_riscv:/home/amin/cobot/cobot_ws/install/mycobot_320:/home/amin/cobot/cobot_ws/install/mycobot_280pi:/home/amin/cobot/cobot_ws/install/mycobot_280jn:/home/amin/cobot/cobot_ws/install/mycobot_280_x3pi:/home/amin/cobot/cobot_ws/install/mycobot_280_riscv:/home/amin/cobot/cobot_ws/install/mycobot_280_rdkx5:/home/amin/cobot/cobot_ws/install/mycobot_280_moveit2_control:/home/amin/cobot/cobot_ws/install/mycobot_280_arduino:/home/amin/cobot/cobot_ws/install/mycobot_280:/home/amin/cobot/cobot_ws/install/mybuddy:/home/amin/cobot/cobot_ws/install/myarm_300:/home/amin/cobot/cobot_ws/install/mecharm_pi:/home/amin/cobot/cobot_ws/install/mecharm:/home/amin/cobot/cobot_ws/install/mycobot_description:/opt/ros/jazzy DEBUGINFOD_URLS=https://debuginfod.ubuntu.com PYTHONPATH=/home/amin/cobot/cobot_ws/install/mycobot_description/lib/python3.12/site-packages:/home/amin/cobot/cobot_ws/install/ultraarm/lib/python3.12/site-packages:/home/amin/cobot/cobot_ws/install/pro450_moveit2_control/lib/python3.12/site-packages:/home/amin/cobot/cobot_ws/install/mypalletizer_communication/lib/python3.12/site-packages:/home/amin/cobot/cobot_ws/install/mypalletizer_interfaces/lib/python3.12/site-packages:/home/amin/cobot/cobot_ws/install/mypalletizer_260_pi/lib/python3.12/site-packages:/home/amin/cobot/cobot_ws/install/mypalletizer_260/lib/python3.12/site-packages:/home/amin/cobot/cobot_ws/install/mycobot_pro_450/lib/python3.12/site-packages:/home/amin/cobot/cobot_ws/install/mycobot_pro450_interfaces/lib/python3.12/site-packages:/home/amin/cobot/cobot_ws/install/myarm_m750/lib/python3.12/site-packages:/home/amin/cobot/cobot_ws/install/myarm_c650/lib/python3.12/site-packages:/home/amin/cobot/cobot_ws/install/mycobot_communication/lib/python3.12/site-packages:/home/amin/cobot/cobot_ws/install/mecharm_communication/lib/python3.12/site-packages:/home/amin/cobot/cobot_ws/install/mycobot_interfaces/lib/python3.12/site-packages:/home/amin/cobot/cobot_ws/install/mycobot_630/lib/python3.12/site-packages:/home/amin/cobot/cobot_ws/install/mycobot_600/lib/python3.12/site-packages:/home/amin/cobot/cobot_ws/install/mycobot_320pi/lib/python3.12/site-packages:/home/amin/cobot/cobot_ws/install/mycobot_320_riscv/lib/python3.12/site-packages:/home/amin/cobot/cobot_ws/install/mycobot_320/lib/python3.12/site-packages:/home/amin/cobot/cobot_ws/install/mycobot_280pi/lib/python3.12/site-packages:/home/amin/cobot/cobot_ws/install/mycobot_280jn/lib/python3.12/site-packages:/home/amin/cobot/cobot_ws/install/mycobot_280_x3pi/lib/python3.12/site-packages:/home/amin/cobot/cobot_ws/install/mycobot_280_riscv/lib/python3.12/site-packages:/home/amin/cobot/cobot_ws/install/mycobot_280_rdkx5/lib/python3.12/site-packages:/home/amin/cobot/cobot_ws/install/mycobot_280_moveit2_control/lib/python3.12/site-packages:/home/amin/cobot/cobot_ws/install/mycobot_280_arduino/lib/python3.12/site-packages:/home/amin/cobot/cobot_ws/install/mycobot_280/lib/python3.12/site-packages:/home/amin/cobot/cobot_ws/install/mybuddy/lib/python3.12/site-packages:/home/amin/cobot/cobot_ws/install/myarm_300/lib/python3.12/site-packages:/home/amin/cobot/cobot_ws/install/mecharm_pi/lib/python3.12/site-packages:/home/amin/cobot/cobot_ws/install/mecharm/lib/python3.12/site-packages:/home/amin/cobot/cobot_ws/install/mecharm_interfaces/lib/python3.12/site-packages:/opt/ros/jazzy/lib/python3.12/site-packages /usr/bin/cmake --install /home/amin/cobot/cobot_ws/build/mycobot_280_moveit2
[9.344s] Level 1:colcon.colcon_core.environment:checking '/home/amin/cobot/cobot_ws/install/mycobot_280_moveit2' for CMake module files
[9.345s] Level 1:colcon.colcon_core.environment:checking '/home/amin/cobot/cobot_ws/install/mycobot_280_moveit2' for CMake config files
[9.346s] Level 1:colcon.colcon_core.shell:create_environment_hook('mycobot_280_moveit2', 'cmake_prefix_path')
[9.347s] INFO:colcon.colcon_core.shell:Creating environment hook '/home/amin/cobot/cobot_ws/install/mycobot_280_moveit2/share/mycobot_280_moveit2/hook/cmake_prefix_path.ps1'
[9.353s] INFO:colcon.colcon_core.shell:Creating environment descriptor '/home/amin/cobot/cobot_ws/install/mycobot_280_moveit2/share/mycobot_280_moveit2/hook/cmake_prefix_path.dsv'
[9.354s] INFO:colcon.colcon_core.shell:Creating environment hook '/home/amin/cobot/cobot_ws/install/mycobot_280_moveit2/share/mycobot_280_moveit2/hook/cmake_prefix_path.sh'
[9.355s] Level 1:colcon.colcon_core.environment:checking '/home/amin/cobot/cobot_ws/install/mycobot_280_moveit2/bin'
[9.355s] Level 1:colcon.colcon_core.environment:checking '/home/amin/cobot/cobot_ws/install/mycobot_280_moveit2/lib/pkgconfig/mycobot_280_moveit2.pc'
[9.355s] Level 1:colcon.colcon_core.environment:checking '/home/amin/cobot/cobot_ws/install/mycobot_280_moveit2/lib/python3.12/site-packages'
[9.356s] Level 1:colcon.colcon_core.environment:checking '/home/amin/cobot/cobot_ws/install/mycobot_280_moveit2/bin'
[9.356s] INFO:colcon.colcon_core.shell:Creating package script '/home/amin/cobot/cobot_ws/install/mycobot_280_moveit2/share/mycobot_280_moveit2/package.ps1'
[9.357s] INFO:colcon.colcon_core.shell:Creating package descriptor '/home/amin/cobot/cobot_ws/install/mycobot_280_moveit2/share/mycobot_280_moveit2/package.dsv'
[9.358s] INFO:colcon.colcon_core.shell:Creating package script '/home/amin/cobot/cobot_ws/install/mycobot_280_moveit2/share/mycobot_280_moveit2/package.sh'
[9.359s] INFO:colcon.colcon_core.shell:Creating package script '/home/amin/cobot/cobot_ws/install/mycobot_280_moveit2/share/mycobot_280_moveit2/package.bash'
[9.361s] INFO:colcon.colcon_core.shell:Creating package script '/home/amin/cobot/cobot_ws/install/mycobot_280_moveit2/share/mycobot_280_moveit2/package.zsh'
[9.363s] Level 1:colcon.colcon_core.environment:create_file_with_runtime_dependencies(/home/amin/cobot/cobot_ws/install/mycobot_280_moveit2/share/colcon-core/packages/mycobot_280_moveit2)
[9.364s] Level 1:colcon.colcon_core.environment:create_environment_scripts_only(mycobot_280_moveit2)
[9.364s] Level 1:colcon.colcon_core.environment:checking '/home/amin/cobot/cobot_ws/install/mycobot_280_moveit2' for CMake module files
[9.365s] Level 1:colcon.colcon_core.environment:checking '/home/amin/cobot/cobot_ws/install/mycobot_280_moveit2' for CMake config files
[9.365s] Level 1:colcon.colcon_core.shell:create_environment_hook('mycobot_280_moveit2', 'cmake_prefix_path')
[9.365s] INFO:colcon.colcon_core.shell:Creating environment hook '/home/amin/cobot/cobot_ws/install/mycobot_280_moveit2/share/mycobot_280_moveit2/hook/cmake_prefix_path.ps1'
[9.366s] INFO:colcon.colcon_core.shell:Creating environment descriptor '/home/amin/cobot/cobot_ws/install/mycobot_280_moveit2/share/mycobot_280_moveit2/hook/cmake_prefix_path.dsv'
[9.366s] INFO:colcon.colcon_core.shell:Creating environment hook '/home/amin/cobot/cobot_ws/install/mycobot_280_moveit2/share/mycobot_280_moveit2/hook/cmake_prefix_path.sh'
[9.367s] Level 1:colcon.colcon_core.environment:checking '/home/amin/cobot/cobot_ws/install/mycobot_280_moveit2/bin'
[9.367s] Level 1:colcon.colcon_core.environment:checking '/home/amin/cobot/cobot_ws/install/mycobot_280_moveit2/lib/pkgconfig/mycobot_280_moveit2.pc'
[9.367s] Level 1:colcon.colcon_core.environment:checking '/home/amin/cobot/cobot_ws/install/mycobot_280_moveit2/lib/python3.12/site-packages'
[9.367s] Level 1:colcon.colcon_core.environment:checking '/home/amin/cobot/cobot_ws/install/mycobot_280_moveit2/bin'
[9.368s] INFO:colcon.colcon_core.shell:Creating package script '/home/amin/cobot/cobot_ws/install/mycobot_280_moveit2/share/mycobot_280_moveit2/package.ps1'
[9.369s] INFO:colcon.colcon_core.shell:Creating package descriptor '/home/amin/cobot/cobot_ws/install/mycobot_280_moveit2/share/mycobot_280_moveit2/package.dsv'
[9.374s] INFO:colcon.colcon_core.shell:Creating package script '/home/amin/cobot/cobot_ws/install/mycobot_280_moveit2/share/mycobot_280_moveit2/package.sh'
[9.377s] INFO:colcon.colcon_core.shell:Creating package script '/home/amin/cobot/cobot_ws/install/mycobot_280_moveit2/share/mycobot_280_moveit2/package.bash'
[9.381s] INFO:colcon.colcon_core.shell:Creating package script '/home/amin/cobot/cobot_ws/install/mycobot_280_moveit2/share/mycobot_280_moveit2/package.zsh'
[9.382s] Level 1:colcon.colcon_core.environment:create_file_with_runtime_dependencies(/home/amin/cobot/cobot_ws/install/mycobot_280_moveit2/share/colcon-core/packages/mycobot_280_moveit2)
[9.385s] INFO:colcon.colcon_ros.task.ament_python.build:Building ROS package in '/home/amin/cobot/cobot_ws/src/mycobot_ros2/mycobot_280/mycobot_280_x3pi' with build type 'ament_python'
[9.385s] Level 1:colcon.colcon_core.shell:create_environment_hook('mycobot_280_x3pi', 'ament_prefix_path')
[9.386s] INFO:colcon.colcon_core.shell:Creating environment hook '/home/amin/cobot/cobot_ws/install/mycobot_280_x3pi/share/mycobot_280_x3pi/hook/ament_prefix_path.ps1'
[9.387s] INFO:colcon.colcon_core.shell:Creating environment descriptor '/home/amin/cobot/cobot_ws/install/mycobot_280_x3pi/share/mycobot_280_x3pi/hook/ament_prefix_path.dsv'
[9.392s] INFO:colcon.colcon_core.shell:Creating environment hook '/home/amin/cobot/cobot_ws/install/mycobot_280_x3pi/share/mycobot_280_x3pi/hook/ament_prefix_path.sh'
[9.394s] INFO:colcon.colcon_core.shell:Skip shell extension 'powershell' for command environment: Not usable outside of PowerShell
[9.394s] DEBUG:colcon.colcon_core.shell:Skip shell extension 'dsv' for command environment
[9.935s] INFO:colcon.colcon_core.task.python.build:Building Python package in '/home/amin/cobot/cobot_ws/src/mycobot_ros2/mycobot_280/mycobot_280_riscv'
[9.935s] INFO:colcon.colcon_core.shell:Skip shell extension 'powershell' for command environment: Not usable outside of PowerShell
[9.935s] DEBUG:colcon.colcon_core.shell:Skip shell extension 'dsv' for command environment
[9.949s] Level 1:colcon.colcon_core.environment:checking '/home/amin/cobot/cobot_ws/install/mycobot_280' for CMake module files
[9.950s] DEBUG:colcon.colcon_core.event_handler.log_command:Invoked command in '/home/amin/cobot/cobot_ws/src/mycobot_ros2/mycobot_280/mycobot_280' returned '0': AMENT_PREFIX_PATH=/home/amin/cobot/cobot_ws/install/mycobot_description:/home/amin/cobot/cobot_ws/install/ultraarm:/home/amin/cobot/cobot_ws/install/pro450_moveit2_control:/home/amin/cobot/cobot_ws/install/pro450_moveit2:/home/amin/cobot/cobot_ws/install/mypalletizer_communication:/home/amin/cobot/cobot_ws/install/mypalletizer_interfaces:/home/amin/cobot/cobot_ws/install/mypalletizer_260_pi:/home/amin/cobot/cobot_ws/install/mypalletizer_260:/home/amin/cobot/cobot_ws/install/mycobot_pro_450:/home/amin/cobot/cobot_ws/install/mycobot_pro450_interfaces:/home/amin/cobot/cobot_ws/install/myarm_m750:/home/amin/cobot/cobot_ws/install/myarm_c650:/home/amin/cobot/cobot_ws/install/mycobot_communication:/home/amin/cobot/cobot_ws/install/mecharm_communication:/home/amin/cobot/cobot_ws/install/mycobot_interfaces:/home/amin/cobot/cobot_ws/install/mycobot_630:/home/amin/cobot/cobot_ws/install/mycobot_600:/home/amin/cobot/cobot_ws/install/mycobot_320pi:/home/amin/cobot/cobot_ws/install/mycobot_320_riscv:/home/amin/cobot/cobot_ws/install/mycobot_320:/home/amin/cobot/cobot_ws/install/mycobot_280rdkx5_moveit2:/home/amin/cobot/cobot_ws/install/mycobot_280pi:/home/amin/cobot/cobot_ws/install/mycobot_280jn:/home/amin/cobot/cobot_ws/install/mycobot_280arduino_moveit2:/home/amin/cobot/cobot_ws/install/mycobot_280_x3pi:/home/amin/cobot/cobot_ws/install/mycobot_280_riscv:/home/amin/cobot/cobot_ws/install/mycobot_280_rdkx5:/home/amin/cobot/cobot_ws/install/mycobot_280_moveit2_control:/home/amin/cobot/cobot_ws/install/mycobot_280_moveit2:/home/amin/cobot/cobot_ws/install/mycobot_280_gazebo_jazzy:/home/amin/cobot/cobot_ws/install/mycobot_280_gazebo:/home/amin/cobot/cobot_ws/install/mycobot_280_arduino:/home/amin/cobot/cobot_ws/install/mycobot_280:/home/amin/cobot/cobot_ws/install/mybuddy:/home/amin/cobot/cobot_ws/install/myarm_300:/home/amin/cobot/cobot_ws/install/mecharm_pi:/home/amin/cobot/cobot_ws/install/mecharm:/home/amin/cobot/cobot_ws/install/mecharm_interfaces:/opt/ros/jazzy DEBUGINFOD_URLS=https://debuginfod.ubuntu.com PYTHONPATH=/home/amin/cobot/cobot_ws/build/mycobot_280/prefix_override:/usr/lib/python3/dist-packages/colcon_core/task/python/colcon_distutils_commands:/home/amin/cobot/cobot_ws/install/mycobot_280/lib/python3.12/site-packages:/home/amin/cobot/cobot_ws/install/mycobot_description/lib/python3.12/site-packages:/home/amin/cobot/cobot_ws/install/ultraarm/lib/python3.12/site-packages:/home/amin/cobot/cobot_ws/install/pro450_moveit2_control/lib/python3.12/site-packages:/home/amin/cobot/cobot_ws/install/mypalletizer_communication/lib/python3.12/site-packages:/home/amin/cobot/cobot_ws/install/mypalletizer_interfaces/lib/python3.12/site-packages:/home/amin/cobot/cobot_ws/install/mypalletizer_260_pi/lib/python3.12/site-packages:/home/amin/cobot/cobot_ws/install/mypalletizer_260/lib/python3.12/site-packages:/home/amin/cobot/cobot_ws/install/mycobot_pro_450/lib/python3.12/site-packages:/home/amin/cobot/cobot_ws/install/mycobot_pro450_interfaces/lib/python3.12/site-packages:/home/amin/cobot/cobot_ws/install/myarm_m750/lib/python3.12/site-packages:/home/amin/cobot/cobot_ws/install/myarm_c650/lib/python3.12/site-packages:/home/amin/cobot/cobot_ws/install/mycobot_communication/lib/python3.12/site-packages:/home/amin/cobot/cobot_ws/install/mecharm_communication/lib/python3.12/site-packages:/home/amin/cobot/cobot_ws/install/mycobot_interfaces/lib/python3.12/site-packages:/home/amin/cobot/cobot_ws/install/mycobot_630/lib/python3.12/site-packages:/home/amin/cobot/cobot_ws/install/mycobot_600/lib/python3.12/site-packages:/home/amin/cobot/cobot_ws/install/mycobot_320pi/lib/python3.12/site-packages:/home/amin/cobot/cobot_ws/install/mycobot_320_riscv/lib/python3.12/site-packages:/home/amin/cobot/cobot_ws/install/mycobot_320/lib/python3.12/site-packages:/home/amin/cobot/cobot_ws/install/mycobot_280pi/lib/python3.12/site-packages:/home/amin/cobot/cobot_ws/install/mycobot_280jn/lib/python3.12/site-packages:/home/amin/cobot/cobot_ws/install/mycobot_280_x3pi/lib/python3.12/site-packages:/home/amin/cobot/cobot_ws/install/mycobot_280_riscv/lib/python3.12/site-packages:/home/amin/cobot/cobot_ws/install/mycobot_280_rdkx5/lib/python3.12/site-packages:/home/amin/cobot/cobot_ws/install/mycobot_280_moveit2_control/lib/python3.12/site-packages:/home/amin/cobot/cobot_ws/install/mycobot_280_arduino/lib/python3.12/site-packages:/home/amin/cobot/cobot_ws/install/mycobot_280/lib/python3.12/site-packages:/home/amin/cobot/cobot_ws/install/mybuddy/lib/python3.12/site-packages:/home/amin/cobot/cobot_ws/install/myarm_300/lib/python3.12/site-packages:/home/amin/cobot/cobot_ws/install/mecharm_pi/lib/python3.12/site-packages:/home/amin/cobot/cobot_ws/install/mecharm/lib/python3.12/site-packages:/home/amin/cobot/cobot_ws/install/mecharm_interfaces/lib/python3.12/site-packages:/opt/ros/jazzy/lib/python3.12/site-packages /usr/bin/python3 -W ignore:setup.py install is deprecated -W ignore:easy_install command is deprecated setup.py egg_info --egg-base ../../../../build/mycobot_280 build --build-base /home/amin/cobot/cobot_ws/build/mycobot_280/build install --record /home/amin/cobot/cobot_ws/build/mycobot_280/install.log --single-version-externally-managed install_data
[9.950s] Level 1:colcon.colcon_core.environment:checking '/home/amin/cobot/cobot_ws/install/mycobot_280' for CMake config files
[9.951s] Level 1:colcon.colcon_core.environment:checking '/home/amin/cobot/cobot_ws/install/mycobot_280/lib'
[9.951s] Level 1:colcon.colcon_core.environment:checking '/home/amin/cobot/cobot_ws/install/mycobot_280/bin'
[9.951s] Level 1:colcon.colcon_core.environment:checking '/home/amin/cobot/cobot_ws/install/mycobot_280/lib/pkgconfig/mycobot_280.pc'
[9.951s] Level 1:colcon.colcon_core.environment:checking '/home/amin/cobot/cobot_ws/install/mycobot_280/lib/python3.12/site-packages'
[9.951s] Level 1:colcon.colcon_core.shell:create_environment_hook('mycobot_280', 'pythonpath')
[9.952s] INFO:colcon.colcon_core.shell:Creating environment hook '/home/amin/cobot/cobot_ws/install/mycobot_280/share/mycobot_280/hook/pythonpath.ps1'
[9.952s] INFO:colcon.colcon_core.shell:Creating environment descriptor '/home/amin/cobot/cobot_ws/install/mycobot_280/share/mycobot_280/hook/pythonpath.dsv'
[9.953s] INFO:colcon.colcon_core.shell:Creating environment hook '/home/amin/cobot/cobot_ws/install/mycobot_280/share/mycobot_280/hook/pythonpath.sh'
[9.953s] Level 1:colcon.colcon_core.environment:checking '/home/amin/cobot/cobot_ws/install/mycobot_280/bin'
[9.953s] Level 1:colcon.colcon_core.environment:create_environment_scripts_only(mycobot_280)
[9.954s] INFO:colcon.colcon_core.shell:Creating package script '/home/amin/cobot/cobot_ws/install/mycobot_280/share/mycobot_280/package.ps1'
[9.955s] INFO:colcon.colcon_core.shell:Creating package descriptor '/home/amin/cobot/cobot_ws/install/mycobot_280/share/mycobot_280/package.dsv'
[9.956s] INFO:colcon.colcon_core.shell:Creating package script '/home/amin/cobot/cobot_ws/install/mycobot_280/share/mycobot_280/package.sh'
[9.957s] INFO:colcon.colcon_core.shell:Creating package script '/home/amin/cobot/cobot_ws/install/mycobot_280/share/mycobot_280/package.bash'
[9.957s] INFO:colcon.colcon_core.shell:Creating package script '/home/amin/cobot/cobot_ws/install/mycobot_280/share/mycobot_280/package.zsh'
[9.958s] Level 1:colcon.colcon_core.environment:create_file_with_runtime_dependencies(/home/amin/cobot/cobot_ws/install/mycobot_280/share/colcon-core/packages/mycobot_280)
[9.959s] Level 1:colcon.colcon_core.environment:checking '/home/amin/cobot/cobot_ws/install/mecharm' for CMake module files
[9.960s] Level 1:colcon.colcon_core.environment:checking '/home/amin/cobot/cobot_ws/install/mecharm' for CMake config files
[9.961s] Level 1:colcon.colcon_core.environment:checking '/home/amin/cobot/cobot_ws/install/mecharm/lib'
[9.961s] Level 1:colcon.colcon_core.environment:checking '/home/amin/cobot/cobot_ws/install/mecharm/bin'
[9.961s] Level 1:colcon.colcon_core.environment:checking '/home/amin/cobot/cobot_ws/install/mecharm/lib/pkgconfig/mecharm.pc'
[9.961s] Level 1:colcon.colcon_core.environment:checking '/home/amin/cobot/cobot_ws/install/mecharm/lib/python3.12/site-packages'
[9.961s] Level 1:colcon.colcon_core.shell:create_environment_hook('mecharm', 'pythonpath')
[9.962s] INFO:colcon.colcon_core.shell:Creating environment hook '/home/amin/cobot/cobot_ws/install/mecharm/share/mecharm/hook/pythonpath.ps1'
[9.962s] INFO:colcon.colcon_core.shell:Creating environment descriptor '/home/amin/cobot/cobot_ws/install/mecharm/share/mecharm/hook/pythonpath.dsv'
[9.964s] DEBUG:colcon.colcon_core.event_handler.log_command:Invoked command in '/home/amin/cobot/cobot_ws/src/mycobot_ros2/mecharm/mecharm' returned '0': AMENT_PREFIX_PATH=/home/amin/cobot/cobot_ws/install/mycobot_description:/home/amin/cobot/cobot_ws/install/ultraarm:/home/amin/cobot/cobot_ws/install/pro450_moveit2_control:/home/amin/cobot/cobot_ws/install/pro450_moveit2:/home/amin/cobot/cobot_ws/install/mypalletizer_communication:/home/amin/cobot/cobot_ws/install/mypalletizer_interfaces:/home/amin/cobot/cobot_ws/install/mypalletizer_260_pi:/home/amin/cobot/cobot_ws/install/mypalletizer_260:/home/amin/cobot/cobot_ws/install/mycobot_pro_450:/home/amin/cobot/cobot_ws/install/mycobot_pro450_interfaces:/home/amin/cobot/cobot_ws/install/myarm_m750:/home/amin/cobot/cobot_ws/install/myarm_c650:/home/amin/cobot/cobot_ws/install/mycobot_communication:/home/amin/cobot/cobot_ws/install/mecharm_communication:/home/amin/cobot/cobot_ws/install/mycobot_interfaces:/home/amin/cobot/cobot_ws/install/mycobot_630:/home/amin/cobot/cobot_ws/install/mycobot_600:/home/amin/cobot/cobot_ws/install/mycobot_320pi:/home/amin/cobot/cobot_ws/install/mycobot_320_riscv:/home/amin/cobot/cobot_ws/install/mycobot_320:/home/amin/cobot/cobot_ws/install/mycobot_280rdkx5_moveit2:/home/amin/cobot/cobot_ws/install/mycobot_280pi:/home/amin/cobot/cobot_ws/install/mycobot_280jn:/home/amin/cobot/cobot_ws/install/mycobot_280arduino_moveit2:/home/amin/cobot/cobot_ws/install/mycobot_280_x3pi:/home/amin/cobot/cobot_ws/install/mycobot_280_riscv:/home/amin/cobot/cobot_ws/install/mycobot_280_rdkx5:/home/amin/cobot/cobot_ws/install/mycobot_280_moveit2_control:/home/amin/cobot/cobot_ws/install/mycobot_280_moveit2:/home/amin/cobot/cobot_ws/install/mycobot_280_gazebo_jazzy:/home/amin/cobot/cobot_ws/install/mycobot_280_gazebo:/home/amin/cobot/cobot_ws/install/mycobot_280_arduino:/home/amin/cobot/cobot_ws/install/mycobot_280:/home/amin/cobot/cobot_ws/install/mybuddy:/home/amin/cobot/cobot_ws/install/myarm_300:/home/amin/cobot/cobot_ws/install/mecharm_pi:/home/amin/cobot/cobot_ws/install/mecharm:/home/amin/cobot/cobot_ws/install/mecharm_interfaces:/opt/ros/jazzy DEBUGINFOD_URLS=https://debuginfod.ubuntu.com PYTHONPATH=/home/amin/cobot/cobot_ws/build/mecharm/prefix_override:/usr/lib/python3/dist-packages/colcon_core/task/python/colcon_distutils_commands:/home/amin/cobot/cobot_ws/install/mecharm/lib/python3.12/site-packages:/home/amin/cobot/cobot_ws/install/mycobot_description/lib/python3.12/site-packages:/home/amin/cobot/cobot_ws/install/ultraarm/lib/python3.12/site-packages:/home/amin/cobot/cobot_ws/install/pro450_moveit2_control/lib/python3.12/site-packages:/home/amin/cobot/cobot_ws/install/mypalletizer_communication/lib/python3.12/site-packages:/home/amin/cobot/cobot_ws/install/mypalletizer_interfaces/lib/python3.12/site-packages:/home/amin/cobot/cobot_ws/install/mypalletizer_260_pi/lib/python3.12/site-packages:/home/amin/cobot/cobot_ws/install/mypalletizer_260/lib/python3.12/site-packages:/home/amin/cobot/cobot_ws/install/mycobot_pro_450/lib/python3.12/site-packages:/home/amin/cobot/cobot_ws/install/mycobot_pro450_interfaces/lib/python3.12/site-packages:/home/amin/cobot/cobot_ws/install/myarm_m750/lib/python3.12/site-packages:/home/amin/cobot/cobot_ws/install/myarm_c650/lib/python3.12/site-packages:/home/amin/cobot/cobot_ws/install/mycobot_communication/lib/python3.12/site-packages:/home/amin/cobot/cobot_ws/install/mecharm_communication/lib/python3.12/site-packages:/home/amin/cobot/cobot_ws/install/mycobot_interfaces/lib/python3.12/site-packages:/home/amin/cobot/cobot_ws/install/mycobot_630/lib/python3.12/site-packages:/home/amin/cobot/cobot_ws/install/mycobot_600/lib/python3.12/site-packages:/home/amin/cobot/cobot_ws/install/mycobot_320pi/lib/python3.12/site-packages:/home/amin/cobot/cobot_ws/install/mycobot_320_riscv/lib/python3.12/site-packages:/home/amin/cobot/cobot_ws/install/mycobot_320/lib/python3.12/site-packages:/home/amin/cobot/cobot_ws/install/mycobot_280pi/lib/python3.12/site-packages:/home/amin/cobot/cobot_ws/install/mycobot_280jn/lib/python3.12/site-packages:/home/amin/cobot/cobot_ws/install/mycobot_280_x3pi/lib/python3.12/site-packages:/home/amin/cobot/cobot_ws/install/mycobot_280_riscv/lib/python3.12/site-packages:/home/amin/cobot/cobot_ws/install/mycobot_280_rdkx5/lib/python3.12/site-packages:/home/amin/cobot/cobot_ws/install/mycobot_280_moveit2_control/lib/python3.12/site-packages:/home/amin/cobot/cobot_ws/install/mycobot_280_arduino/lib/python3.12/site-packages:/home/amin/cobot/cobot_ws/install/mycobot_280/lib/python3.12/site-packages:/home/amin/cobot/cobot_ws/install/mybuddy/lib/python3.12/site-packages:/home/amin/cobot/cobot_ws/install/myarm_300/lib/python3.12/site-packages:/home/amin/cobot/cobot_ws/install/mecharm_pi/lib/python3.12/site-packages:/home/amin/cobot/cobot_ws/install/mecharm/lib/python3.12/site-packages:/home/amin/cobot/cobot_ws/install/mecharm_interfaces/lib/python3.12/site-packages:/opt/ros/jazzy/lib/python3.12/site-packages /usr/bin/python3 -W ignore:setup.py install is deprecated -W ignore:easy_install command is deprecated setup.py egg_info --egg-base ../../../../build/mecharm build --build-base /home/amin/cobot/cobot_ws/build/mecharm/build install --record /home/amin/cobot/cobot_ws/build/mecharm/install.log --single-version-externally-managed install_data
[9.964s] INFO:colcon.colcon_core.shell:Creating environment hook '/home/amin/cobot/cobot_ws/install/mecharm/share/mecharm/hook/pythonpath.sh'
[9.966s] Level 1:colcon.colcon_core.environment:checking '/home/amin/cobot/cobot_ws/install/mecharm/bin'
[9.966s] Level 1:colcon.colcon_core.environment:create_environment_scripts_only(mecharm)
[9.967s] INFO:colcon.colcon_core.shell:Creating package script '/home/amin/cobot/cobot_ws/install/mecharm/share/mecharm/package.ps1'
[9.968s] INFO:colcon.colcon_core.shell:Creating package descriptor '/home/amin/cobot/cobot_ws/install/mecharm/share/mecharm/package.dsv'
[9.971s] INFO:colcon.colcon_core.shell:Creating package script '/home/amin/cobot/cobot_ws/install/mecharm/share/mecharm/package.sh'
[9.972s] INFO:colcon.colcon_core.shell:Creating package script '/home/amin/cobot/cobot_ws/install/mecharm/share/mecharm/package.bash'
[9.973s] INFO:colcon.colcon_core.shell:Creating package script '/home/amin/cobot/cobot_ws/install/mecharm/share/mecharm/package.zsh'
[9.974s] Level 1:colcon.colcon_core.environment:create_file_with_runtime_dependencies(/home/amin/cobot/cobot_ws/install/mecharm/share/colcon-core/packages/mecharm)
[9.975s] Level 1:colcon.colcon_core.environment:checking '/home/amin/cobot/cobot_ws/install/mybuddy' for CMake module files
[9.977s] Level 1:colcon.colcon_core.environment:checking '/home/amin/cobot/cobot_ws/install/mybuddy' for CMake config files
[9.977s] Level 1:colcon.colcon_core.environment:checking '/home/amin/cobot/cobot_ws/install/mybuddy/lib'
[9.977s] Level 1:colcon.colcon_core.environment:checking '/home/amin/cobot/cobot_ws/install/mybuddy/bin'
[9.977s] Level 1:colcon.colcon_core.environment:checking '/home/amin/cobot/cobot_ws/install/mybuddy/lib/pkgconfig/mybuddy.pc'
[9.978s] Level 1:colcon.colcon_core.environment:checking '/home/amin/cobot/cobot_ws/install/mybuddy/lib/python3.12/site-packages'
[9.978s] Level 1:colcon.colcon_core.shell:create_environment_hook('mybuddy', 'pythonpath')
[9.978s] INFO:colcon.colcon_core.shell:Creating environment hook '/home/amin/cobot/cobot_ws/install/mybuddy/share/mybuddy/hook/pythonpath.ps1'
[9.980s] INFO:colcon.colcon_core.shell:Creating environment descriptor '/home/amin/cobot/cobot_ws/install/mybuddy/share/mybuddy/hook/pythonpath.dsv'
[9.981s] INFO:colcon.colcon_core.shell:Creating environment hook '/home/amin/cobot/cobot_ws/install/mybuddy/share/mybuddy/hook/pythonpath.sh'
[9.983s] DEBUG:colcon.colcon_core.event_handler.log_command:Invoked command in '/home/amin/cobot/cobot_ws/src/mycobot_ros2/Mybuddy/mybuddy' returned '0': AMENT_PREFIX_PATH=/home/amin/cobot/cobot_ws/install/mycobot_description:/home/amin/cobot/cobot_ws/install/ultraarm:/home/amin/cobot/cobot_ws/install/pro450_moveit2_control:/home/amin/cobot/cobot_ws/install/pro450_moveit2:/home/amin/cobot/cobot_ws/install/mypalletizer_communication:/home/amin/cobot/cobot_ws/install/mypalletizer_interfaces:/home/amin/cobot/cobot_ws/install/mypalletizer_260_pi:/home/amin/cobot/cobot_ws/install/mypalletizer_260:/home/amin/cobot/cobot_ws/install/mycobot_pro_450:/home/amin/cobot/cobot_ws/install/mycobot_pro450_interfaces:/home/amin/cobot/cobot_ws/install/myarm_m750:/home/amin/cobot/cobot_ws/install/myarm_c650:/home/amin/cobot/cobot_ws/install/mycobot_communication:/home/amin/cobot/cobot_ws/install/mecharm_communication:/home/amin/cobot/cobot_ws/install/mycobot_interfaces:/home/amin/cobot/cobot_ws/install/mycobot_630:/home/amin/cobot/cobot_ws/install/mycobot_600:/home/amin/cobot/cobot_ws/install/mycobot_320pi:/home/amin/cobot/cobot_ws/install/mycobot_320_riscv:/home/amin/cobot/cobot_ws/install/mycobot_320:/home/amin/cobot/cobot_ws/install/mycobot_280rdkx5_moveit2:/home/amin/cobot/cobot_ws/install/mycobot_280pi:/home/amin/cobot/cobot_ws/install/mycobot_280jn:/home/amin/cobot/cobot_ws/install/mycobot_280arduino_moveit2:/home/amin/cobot/cobot_ws/install/mycobot_280_x3pi:/home/amin/cobot/cobot_ws/install/mycobot_280_riscv:/home/amin/cobot/cobot_ws/install/mycobot_280_rdkx5:/home/amin/cobot/cobot_ws/install/mycobot_280_moveit2_control:/home/amin/cobot/cobot_ws/install/mycobot_280_moveit2:/home/amin/cobot/cobot_ws/install/mycobot_280_gazebo_jazzy:/home/amin/cobot/cobot_ws/install/mycobot_280_gazebo:/home/amin/cobot/cobot_ws/install/mycobot_280_arduino:/home/amin/cobot/cobot_ws/install/mycobot_280:/home/amin/cobot/cobot_ws/install/mybuddy:/home/amin/cobot/cobot_ws/install/myarm_300:/home/amin/cobot/cobot_ws/install/mecharm_pi:/home/amin/cobot/cobot_ws/install/mecharm:/home/amin/cobot/cobot_ws/install/mecharm_interfaces:/opt/ros/jazzy DEBUGINFOD_URLS=https://debuginfod.ubuntu.com PYTHONPATH=/home/amin/cobot/cobot_ws/build/mybuddy/prefix_override:/usr/lib/python3/dist-packages/colcon_core/task/python/colcon_distutils_commands:/home/amin/cobot/cobot_ws/install/mybuddy/lib/python3.12/site-packages:/home/amin/cobot/cobot_ws/install/mycobot_description/lib/python3.12/site-packages:/home/amin/cobot/cobot_ws/install/ultraarm/lib/python3.12/site-packages:/home/amin/cobot/cobot_ws/install/pro450_moveit2_control/lib/python3.12/site-packages:/home/amin/cobot/cobot_ws/install/mypalletizer_communication/lib/python3.12/site-packages:/home/amin/cobot/cobot_ws/install/mypalletizer_interfaces/lib/python3.12/site-packages:/home/amin/cobot/cobot_ws/install/mypalletizer_260_pi/lib/python3.12/site-packages:/home/amin/cobot/cobot_ws/install/mypalletizer_260/lib/python3.12/site-packages:/home/amin/cobot/cobot_ws/install/mycobot_pro_450/lib/python3.12/site-packages:/home/amin/cobot/cobot_ws/install/mycobot_pro450_interfaces/lib/python3.12/site-packages:/home/amin/cobot/cobot_ws/install/myarm_m750/lib/python3.12/site-packages:/home/amin/cobot/cobot_ws/install/myarm_c650/lib/python3.12/site-packages:/home/amin/cobot/cobot_ws/install/mycobot_communication/lib/python3.12/site-packages:/home/amin/cobot/cobot_ws/install/mecharm_communication/lib/python3.12/site-packages:/home/amin/cobot/cobot_ws/install/mycobot_interfaces/lib/python3.12/site-packages:/home/amin/cobot/cobot_ws/install/mycobot_630/lib/python3.12/site-packages:/home/amin/cobot/cobot_ws/install/mycobot_600/lib/python3.12/site-packages:/home/amin/cobot/cobot_ws/install/mycobot_320pi/lib/python3.12/site-packages:/home/amin/cobot/cobot_ws/install/mycobot_320_riscv/lib/python3.12/site-packages:/home/amin/cobot/cobot_ws/install/mycobot_320/lib/python3.12/site-packages:/home/amin/cobot/cobot_ws/install/mycobot_280pi/lib/python3.12/site-packages:/home/amin/cobot/cobot_ws/install/mycobot_280jn/lib/python3.12/site-packages:/home/amin/cobot/cobot_ws/install/mycobot_280_x3pi/lib/python3.12/site-packages:/home/amin/cobot/cobot_ws/install/mycobot_280_riscv/lib/python3.12/site-packages:/home/amin/cobot/cobot_ws/install/mycobot_280_rdkx5/lib/python3.12/site-packages:/home/amin/cobot/cobot_ws/install/mycobot_280_moveit2_control/lib/python3.12/site-packages:/home/amin/cobot/cobot_ws/install/mycobot_280_arduino/lib/python3.12/site-packages:/home/amin/cobot/cobot_ws/install/mycobot_280/lib/python3.12/site-packages:/home/amin/cobot/cobot_ws/install/mybuddy/lib/python3.12/site-packages:/home/amin/cobot/cobot_ws/install/myarm_300/lib/python3.12/site-packages:/home/amin/cobot/cobot_ws/install/mecharm_pi/lib/python3.12/site-packages:/home/amin/cobot/cobot_ws/install/mecharm/lib/python3.12/site-packages:/home/amin/cobot/cobot_ws/install/mecharm_interfaces/lib/python3.12/site-packages:/opt/ros/jazzy/lib/python3.12/site-packages /usr/bin/python3 -W ignore:setup.py install is deprecated -W ignore:easy_install command is deprecated setup.py egg_info --egg-base ../../../../build/mybuddy build --build-base /home/amin/cobot/cobot_ws/build/mybuddy/build install --record /home/amin/cobot/cobot_ws/build/mybuddy/install.log --single-version-externally-managed install_data
[9.984s] Level 1:colcon.colcon_core.environment:checking '/home/amin/cobot/cobot_ws/install/mybuddy/bin'
[9.984s] Level 1:colcon.colcon_core.environment:create_environment_scripts_only(mybuddy)
[9.985s] INFO:colcon.colcon_core.shell:Creating package script '/home/amin/cobot/cobot_ws/install/mybuddy/share/mybuddy/package.ps1'
[9.987s] INFO:colcon.colcon_core.shell:Creating package descriptor '/home/amin/cobot/cobot_ws/install/mybuddy/share/mybuddy/package.dsv'
[9.987s] INFO:colcon.colcon_core.shell:Creating package script '/home/amin/cobot/cobot_ws/install/mybuddy/share/mybuddy/package.sh'
[9.988s] INFO:colcon.colcon_core.shell:Creating package script '/home/amin/cobot/cobot_ws/install/mybuddy/share/mybuddy/package.bash'
[9.989s] INFO:colcon.colcon_core.shell:Creating package script '/home/amin/cobot/cobot_ws/install/mybuddy/share/mybuddy/package.zsh'
[9.989s] Level 1:colcon.colcon_core.environment:create_file_with_runtime_dependencies(/home/amin/cobot/cobot_ws/install/mybuddy/share/colcon-core/packages/mybuddy)
[10.425s] INFO:colcon.colcon_core.task.python.build:Building Python package in '/home/amin/cobot/cobot_ws/src/mycobot_ros2/mycobot_280/mycobot_280_x3pi'
[10.426s] INFO:colcon.colcon_core.shell:Skip shell extension 'powershell' for command environment: Not usable outside of PowerShell
[10.426s] DEBUG:colcon.colcon_core.shell:Skip shell extension 'dsv' for command environment
[10.441s] Level 1:colcon.colcon_core.environment:checking '/home/amin/cobot/cobot_ws/install/myarm_300' for CMake module files
[10.441s] DEBUG:colcon.colcon_core.event_handler.log_command:Invoking command in '/home/amin/cobot/cobot_ws/src/mycobot_ros2/mycobot_280/mycobot_280_arduino': AMENT_PREFIX_PATH=/home/amin/cobot/cobot_ws/install/mycobot_description:/home/amin/cobot/cobot_ws/install/ultraarm:/home/amin/cobot/cobot_ws/install/pro450_moveit2_control:/home/amin/cobot/cobot_ws/install/pro450_moveit2:/home/amin/cobot/cobot_ws/install/mypalletizer_communication:/home/amin/cobot/cobot_ws/install/mypalletizer_interfaces:/home/amin/cobot/cobot_ws/install/mypalletizer_260_pi:/home/amin/cobot/cobot_ws/install/mypalletizer_260:/home/amin/cobot/cobot_ws/install/mycobot_pro_450:/home/amin/cobot/cobot_ws/install/mycobot_pro450_interfaces:/home/amin/cobot/cobot_ws/install/myarm_m750:/home/amin/cobot/cobot_ws/install/myarm_c650:/home/amin/cobot/cobot_ws/install/mycobot_communication:/home/amin/cobot/cobot_ws/install/mecharm_communication:/home/amin/cobot/cobot_ws/install/mycobot_interfaces:/home/amin/cobot/cobot_ws/install/mycobot_630:/home/amin/cobot/cobot_ws/install/mycobot_600:/home/amin/cobot/cobot_ws/install/mycobot_320pi:/home/amin/cobot/cobot_ws/install/mycobot_320_riscv:/home/amin/cobot/cobot_ws/install/mycobot_320:/home/amin/cobot/cobot_ws/install/mycobot_280rdkx5_moveit2:/home/amin/cobot/cobot_ws/install/mycobot_280pi:/home/amin/cobot/cobot_ws/install/mycobot_280jn:/home/amin/cobot/cobot_ws/install/mycobot_280arduino_moveit2:/home/amin/cobot/cobot_ws/install/mycobot_280_x3pi:/home/amin/cobot/cobot_ws/install/mycobot_280_riscv:/home/amin/cobot/cobot_ws/install/mycobot_280_rdkx5:/home/amin/cobot/cobot_ws/install/mycobot_280_moveit2_control:/home/amin/cobot/cobot_ws/install/mycobot_280_moveit2:/home/amin/cobot/cobot_ws/install/mycobot_280_gazebo_jazzy:/home/amin/cobot/cobot_ws/install/mycobot_280_gazebo:/home/amin/cobot/cobot_ws/install/mycobot_280_arduino:/home/amin/cobot/cobot_ws/install/mycobot_280:/home/amin/cobot/cobot_ws/install/mybuddy:/home/amin/cobot/cobot_ws/install/myarm_300:/home/amin/cobot/cobot_ws/install/mecharm_pi:/home/amin/cobot/cobot_ws/install/mecharm:/home/amin/cobot/cobot_ws/install/mecharm_interfaces:/opt/ros/jazzy DEBUGINFOD_URLS=https://debuginfod.ubuntu.com PYTHONPATH=/home/amin/cobot/cobot_ws/build/mycobot_280_arduino/prefix_override:/usr/lib/python3/dist-packages/colcon_core/task/python/colcon_distutils_commands:/home/amin/cobot/cobot_ws/install/mycobot_280_arduino/lib/python3.12/site-packages:/home/amin/cobot/cobot_ws/install/mycobot_description/lib/python3.12/site-packages:/home/amin/cobot/cobot_ws/install/ultraarm/lib/python3.12/site-packages:/home/amin/cobot/cobot_ws/install/pro450_moveit2_control/lib/python3.12/site-packages:/home/amin/cobot/cobot_ws/install/mypalletizer_communication/lib/python3.12/site-packages:/home/amin/cobot/cobot_ws/install/mypalletizer_interfaces/lib/python3.12/site-packages:/home/amin/cobot/cobot_ws/install/mypalletizer_260_pi/lib/python3.12/site-packages:/home/amin/cobot/cobot_ws/install/mypalletizer_260/lib/python3.12/site-packages:/home/amin/cobot/cobot_ws/install/mycobot_pro_450/lib/python3.12/site-packages:/home/amin/cobot/cobot_ws/install/mycobot_pro450_interfaces/lib/python3.12/site-packages:/home/amin/cobot/cobot_ws/install/myarm_m750/lib/python3.12/site-packages:/home/amin/cobot/cobot_ws/install/myarm_c650/lib/python3.12/site-packages:/home/amin/cobot/cobot_ws/install/mycobot_communication/lib/python3.12/site-packages:/home/amin/cobot/cobot_ws/install/mecharm_communication/lib/python3.12/site-packages:/home/amin/cobot/cobot_ws/install/mycobot_interfaces/lib/python3.12/site-packages:/home/amin/cobot/cobot_ws/install/mycobot_630/lib/python3.12/site-packages:/home/amin/cobot/cobot_ws/install/mycobot_600/lib/python3.12/site-packages:/home/amin/cobot/cobot_ws/install/mycobot_320pi/lib/python3.12/site-packages:/home/amin/cobot/cobot_ws/install/mycobot_320_riscv/lib/python3.12/site-packages:/home/amin/cobot/cobot_ws/install/mycobot_320/lib/python3.12/site-packages:/home/amin/cobot/cobot_ws/install/mycobot_280pi/lib/python3.12/site-packages:/home/amin/cobot/cobot_ws/install/mycobot_280jn/lib/python3.12/site-packages:/home/amin/cobot/cobot_ws/install/mycobot_280_x3pi/lib/python3.12/site-packages:/home/amin/cobot/cobot_ws/install/mycobot_280_riscv/lib/python3.12/site-packages:/home/amin/cobot/cobot_ws/install/mycobot_280_rdkx5/lib/python3.12/site-packages:/home/amin/cobot/cobot_ws/install/mycobot_280_moveit2_control/lib/python3.12/site-packages:/home/amin/cobot/cobot_ws/install/mycobot_280_arduino/lib/python3.12/site-packages:/home/amin/cobot/cobot_ws/install/mycobot_280/lib/python3.12/site-packages:/home/amin/cobot/cobot_ws/install/mybuddy/lib/python3.12/site-packages:/home/amin/cobot/cobot_ws/install/myarm_300/lib/python3.12/site-packages:/home/amin/cobot/cobot_ws/install/mecharm_pi/lib/python3.12/site-packages:/home/amin/cobot/cobot_ws/install/mecharm/lib/python3.12/site-packages:/home/amin/cobot/cobot_ws/install/mecharm_interfaces/lib/python3.12/site-packages:/opt/ros/jazzy/lib/python3.12/site-packages /usr/bin/python3 -W ignore:setup.py install is deprecated -W ignore:easy_install command is deprecated setup.py egg_info --egg-base ../../../../build/mycobot_280_arduino build --build-base /home/amin/cobot/cobot_ws/build/mycobot_280_arduino/build install --record /home/amin/cobot/cobot_ws/build/mycobot_280_arduino/install.log --single-version-externally-managed install_data
[10.442s] DEBUG:colcon.colcon_core.event_handler.log_command:Invoked command in '/home/amin/cobot/cobot_ws/src/mycobot_ros2/myArm/myarm_300' returned '0': AMENT_PREFIX_PATH=/home/amin/cobot/cobot_ws/install/mycobot_description:/home/amin/cobot/cobot_ws/install/ultraarm:/home/amin/cobot/cobot_ws/install/pro450_moveit2_control:/home/amin/cobot/cobot_ws/install/pro450_moveit2:/home/amin/cobot/cobot_ws/install/mypalletizer_communication:/home/amin/cobot/cobot_ws/install/mypalletizer_interfaces:/home/amin/cobot/cobot_ws/install/mypalletizer_260_pi:/home/amin/cobot/cobot_ws/install/mypalletizer_260:/home/amin/cobot/cobot_ws/install/mycobot_pro_450:/home/amin/cobot/cobot_ws/install/mycobot_pro450_interfaces:/home/amin/cobot/cobot_ws/install/myarm_m750:/home/amin/cobot/cobot_ws/install/myarm_c650:/home/amin/cobot/cobot_ws/install/mycobot_communication:/home/amin/cobot/cobot_ws/install/mecharm_communication:/home/amin/cobot/cobot_ws/install/mycobot_interfaces:/home/amin/cobot/cobot_ws/install/mycobot_630:/home/amin/cobot/cobot_ws/install/mycobot_600:/home/amin/cobot/cobot_ws/install/mycobot_320pi:/home/amin/cobot/cobot_ws/install/mycobot_320_riscv:/home/amin/cobot/cobot_ws/install/mycobot_320:/home/amin/cobot/cobot_ws/install/mycobot_280rdkx5_moveit2:/home/amin/cobot/cobot_ws/install/mycobot_280pi:/home/amin/cobot/cobot_ws/install/mycobot_280jn:/home/amin/cobot/cobot_ws/install/mycobot_280arduino_moveit2:/home/amin/cobot/cobot_ws/install/mycobot_280_x3pi:/home/amin/cobot/cobot_ws/install/mycobot_280_riscv:/home/amin/cobot/cobot_ws/install/mycobot_280_rdkx5:/home/amin/cobot/cobot_ws/install/mycobot_280_moveit2_control:/home/amin/cobot/cobot_ws/install/mycobot_280_moveit2:/home/amin/cobot/cobot_ws/install/mycobot_280_gazebo_jazzy:/home/amin/cobot/cobot_ws/install/mycobot_280_gazebo:/home/amin/cobot/cobot_ws/install/mycobot_280_arduino:/home/amin/cobot/cobot_ws/install/mycobot_280:/home/amin/cobot/cobot_ws/install/mybuddy:/home/amin/cobot/cobot_ws/install/myarm_300:/home/amin/cobot/cobot_ws/install/mecharm_pi:/home/amin/cobot/cobot_ws/install/mecharm:/home/amin/cobot/cobot_ws/install/mecharm_interfaces:/opt/ros/jazzy DEBUGINFOD_URLS=https://debuginfod.ubuntu.com PYTHONPATH=/home/amin/cobot/cobot_ws/build/myarm_300/prefix_override:/usr/lib/python3/dist-packages/colcon_core/task/python/colcon_distutils_commands:/home/amin/cobot/cobot_ws/install/myarm_300/lib/python3.12/site-packages:/home/amin/cobot/cobot_ws/install/mycobot_description/lib/python3.12/site-packages:/home/amin/cobot/cobot_ws/install/ultraarm/lib/python3.12/site-packages:/home/amin/cobot/cobot_ws/install/pro450_moveit2_control/lib/python3.12/site-packages:/home/amin/cobot/cobot_ws/install/mypalletizer_communication/lib/python3.12/site-packages:/home/amin/cobot/cobot_ws/install/mypalletizer_interfaces/lib/python3.12/site-packages:/home/amin/cobot/cobot_ws/install/mypalletizer_260_pi/lib/python3.12/site-packages:/home/amin/cobot/cobot_ws/install/mypalletizer_260/lib/python3.12/site-packages:/home/amin/cobot/cobot_ws/install/mycobot_pro_450/lib/python3.12/site-packages:/home/amin/cobot/cobot_ws/install/mycobot_pro450_interfaces/lib/python3.12/site-packages:/home/amin/cobot/cobot_ws/install/myarm_m750/lib/python3.12/site-packages:/home/amin/cobot/cobot_ws/install/myarm_c650/lib/python3.12/site-packages:/home/amin/cobot/cobot_ws/install/mycobot_communication/lib/python3.12/site-packages:/home/amin/cobot/cobot_ws/install/mecharm_communication/lib/python3.12/site-packages:/home/amin/cobot/cobot_ws/install/mycobot_interfaces/lib/python3.12/site-packages:/home/amin/cobot/cobot_ws/install/mycobot_630/lib/python3.12/site-packages:/home/amin/cobot/cobot_ws/install/mycobot_600/lib/python3.12/site-packages:/home/amin/cobot/cobot_ws/install/mycobot_320pi/lib/python3.12/site-packages:/home/amin/cobot/cobot_ws/install/mycobot_320_riscv/lib/python3.12/site-packages:/home/amin/cobot/cobot_ws/install/mycobot_320/lib/python3.12/site-packages:/home/amin/cobot/cobot_ws/install/mycobot_280pi/lib/python3.12/site-packages:/home/amin/cobot/cobot_ws/install/mycobot_280jn/lib/python3.12/site-packages:/home/amin/cobot/cobot_ws/install/mycobot_280_x3pi/lib/python3.12/site-packages:/home/amin/cobot/cobot_ws/install/mycobot_280_riscv/lib/python3.12/site-packages:/home/amin/cobot/cobot_ws/install/mycobot_280_rdkx5/lib/python3.12/site-packages:/home/amin/cobot/cobot_ws/install/mycobot_280_moveit2_control/lib/python3.12/site-packages:/home/amin/cobot/cobot_ws/install/mycobot_280_arduino/lib/python3.12/site-packages:/home/amin/cobot/cobot_ws/install/mycobot_280/lib/python3.12/site-packages:/home/amin/cobot/cobot_ws/install/mybuddy/lib/python3.12/site-packages:/home/amin/cobot/cobot_ws/install/myarm_300/lib/python3.12/site-packages:/home/amin/cobot/cobot_ws/install/mecharm_pi/lib/python3.12/site-packages:/home/amin/cobot/cobot_ws/install/mecharm/lib/python3.12/site-packages:/home/amin/cobot/cobot_ws/install/mecharm_interfaces/lib/python3.12/site-packages:/opt/ros/jazzy/lib/python3.12/site-packages /usr/bin/python3 -W ignore:setup.py install is deprecated -W ignore:easy_install command is deprecated setup.py egg_info --egg-base ../../../../build/myarm_300 build --build-base /home/amin/cobot/cobot_ws/build/myarm_300/build install --record /home/amin/cobot/cobot_ws/build/myarm_300/install.log --single-version-externally-managed install_data
[10.442s] Level 1:colcon.colcon_core.environment:checking '/home/amin/cobot/cobot_ws/install/myarm_300' for CMake config files
[10.444s] Level 1:colcon.colcon_core.environment:checking '/home/amin/cobot/cobot_ws/install/myarm_300/lib'
[10.444s] Level 1:colcon.colcon_core.environment:checking '/home/amin/cobot/cobot_ws/install/myarm_300/bin'
[10.444s] Level 1:colcon.colcon_core.environment:checking '/home/amin/cobot/cobot_ws/install/myarm_300/lib/pkgconfig/myarm_300.pc'
[10.444s] Level 1:colcon.colcon_core.environment:checking '/home/amin/cobot/cobot_ws/install/myarm_300/lib/python3.12/site-packages'
[10.445s] Level 1:colcon.colcon_core.shell:create_environment_hook('myarm_300', 'pythonpath')
[10.445s] INFO:colcon.colcon_core.shell:Creating environment hook '/home/amin/cobot/cobot_ws/install/myarm_300/share/myarm_300/hook/pythonpath.ps1'
[10.446s] INFO:colcon.colcon_core.shell:Creating environment descriptor '/home/amin/cobot/cobot_ws/install/myarm_300/share/myarm_300/hook/pythonpath.dsv'
[10.448s] INFO:colcon.colcon_core.shell:Creating environment hook '/home/amin/cobot/cobot_ws/install/myarm_300/share/myarm_300/hook/pythonpath.sh'
[10.450s] Level 1:colcon.colcon_core.environment:checking '/home/amin/cobot/cobot_ws/install/myarm_300/bin'
[10.450s] Level 1:colcon.colcon_core.environment:create_environment_scripts_only(myarm_300)
[10.451s] INFO:colcon.colcon_core.shell:Creating package script '/home/amin/cobot/cobot_ws/install/myarm_300/share/myarm_300/package.ps1'
[10.451s] INFO:colcon.colcon_core.shell:Creating package descriptor '/home/amin/cobot/cobot_ws/install/myarm_300/share/myarm_300/package.dsv'
[10.452s] INFO:colcon.colcon_core.shell:Creating package script '/home/amin/cobot/cobot_ws/install/myarm_300/share/myarm_300/package.sh'
[10.452s] INFO:colcon.colcon_core.shell:Creating package script '/home/amin/cobot/cobot_ws/install/myarm_300/share/myarm_300/package.bash'
[10.453s] INFO:colcon.colcon_core.shell:Creating package script '/home/amin/cobot/cobot_ws/install/myarm_300/share/myarm_300/package.zsh'
[10.453s] Level 1:colcon.colcon_core.environment:create_file_with_runtime_dependencies(/home/amin/cobot/cobot_ws/install/myarm_300/share/colcon-core/packages/myarm_300)
[10.454s] INFO:colcon.colcon_ros.task.ament_cmake.build:Building ROS package in '/home/amin/cobot/cobot_ws/src/mycobot_ros2/mycobot_280/mycobot_280arduino_moveit2' with build type 'ament_cmake'
[10.455s] INFO:colcon.colcon_cmake.task.cmake.build:Building CMake package in '/home/amin/cobot/cobot_ws/src/mycobot_ros2/mycobot_280/mycobot_280arduino_moveit2'
[10.456s] INFO:colcon.colcon_core.shell:Skip shell extension 'powershell' for command environment: Not usable outside of PowerShell
[10.456s] DEBUG:colcon.colcon_core.shell:Skip shell extension 'dsv' for command environment
[10.470s] INFO:colcon.colcon_ros.task.ament_python.build:Building ROS package in '/home/amin/cobot/cobot_ws/src/mycobot_ros2/mycobot_280/mycobot_280jn' with build type 'ament_python'
[10.471s] Level 1:colcon.colcon_core.shell:create_environment_hook('mycobot_280jn', 'ament_prefix_path')
[10.473s] INFO:colcon.colcon_core.shell:Creating environment hook '/home/amin/cobot/cobot_ws/install/mycobot_280jn/share/mycobot_280jn/hook/ament_prefix_path.ps1'
[10.476s] INFO:colcon.colcon_core.shell:Creating environment descriptor '/home/amin/cobot/cobot_ws/install/mycobot_280jn/share/mycobot_280jn/hook/ament_prefix_path.dsv'
[10.477s] INFO:colcon.colcon_core.shell:Creating environment hook '/home/amin/cobot/cobot_ws/install/mycobot_280jn/share/mycobot_280jn/hook/ament_prefix_path.sh'
[10.480s] INFO:colcon.colcon_core.shell:Skip shell extension 'powershell' for command environment: Not usable outside of PowerShell
[10.480s] DEBUG:colcon.colcon_core.shell:Skip shell extension 'dsv' for command environment
[10.496s] INFO:colcon.colcon_ros.task.ament_python.build:Building ROS package in '/home/amin/cobot/cobot_ws/src/mycobot_ros2/mycobot_280/mycobot_280pi' with build type 'ament_python'
[10.496s] Level 1:colcon.colcon_core.shell:create_environment_hook('mycobot_280pi', 'ament_prefix_path')
[10.497s] INFO:colcon.colcon_core.shell:Creating environment hook '/home/amin/cobot/cobot_ws/install/mycobot_280pi/share/mycobot_280pi/hook/ament_prefix_path.ps1'
[10.499s] INFO:colcon.colcon_core.shell:Creating environment descriptor '/home/amin/cobot/cobot_ws/install/mycobot_280pi/share/mycobot_280pi/hook/ament_prefix_path.dsv'
[10.501s] INFO:colcon.colcon_core.shell:Creating environment hook '/home/amin/cobot/cobot_ws/install/mycobot_280pi/share/mycobot_280pi/hook/ament_prefix_path.sh'
[10.504s] INFO:colcon.colcon_core.shell:Skip shell extension 'powershell' for command environment: Not usable outside of PowerShell
[10.505s] DEBUG:colcon.colcon_core.shell:Skip shell extension 'dsv' for command environment
[10.517s] INFO:colcon.colcon_ros.task.ament_cmake.build:Building ROS package in '/home/amin/cobot/cobot_ws/src/mycobot_ros2/mycobot_280/mycobot_280rdkx5_moveit2' with build type 'ament_cmake'
[10.518s] INFO:colcon.colcon_cmake.task.cmake.build:Building CMake package in '/home/amin/cobot/cobot_ws/src/mycobot_ros2/mycobot_280/mycobot_280rdkx5_moveit2'
[10.519s] INFO:colcon.colcon_core.shell:Skip shell extension 'powershell' for command environment: Not usable outside of PowerShell
[10.519s] DEBUG:colcon.colcon_core.shell:Skip shell extension 'dsv' for command environment
[10.559s] DEBUG:colcon.colcon_core.event_handler.log_command:Invoking command in '/home/amin/cobot/cobot_ws/build/mycobot_280arduino_moveit2': AMENT_PREFIX_PATH=/home/amin/cobot/cobot_ws/install/mycobot_description:/home/amin/cobot/cobot_ws/install/ultraarm:/home/amin/cobot/cobot_ws/install/pro450_moveit2_control:/home/amin/cobot/cobot_ws/install/pro450_moveit2:/home/amin/cobot/cobot_ws/install/mypalletizer_communication:/home/amin/cobot/cobot_ws/install/mypalletizer_interfaces:/home/amin/cobot/cobot_ws/install/mypalletizer_260_pi:/home/amin/cobot/cobot_ws/install/mypalletizer_260:/home/amin/cobot/cobot_ws/install/mycobot_pro_450:/home/amin/cobot/cobot_ws/install/mycobot_pro450_interfaces:/home/amin/cobot/cobot_ws/install/myarm_m750:/home/amin/cobot/cobot_ws/install/myarm_c650:/home/amin/cobot/cobot_ws/install/mycobot_communication:/home/amin/cobot/cobot_ws/install/mecharm_communication:/home/amin/cobot/cobot_ws/install/mycobot_interfaces:/home/amin/cobot/cobot_ws/install/mycobot_630:/home/amin/cobot/cobot_ws/install/mycobot_600:/home/amin/cobot/cobot_ws/install/mycobot_320pi:/home/amin/cobot/cobot_ws/install/mycobot_320_riscv:/home/amin/cobot/cobot_ws/install/mycobot_320:/home/amin/cobot/cobot_ws/install/mycobot_280rdkx5_moveit2:/home/amin/cobot/cobot_ws/install/mycobot_280pi:/home/amin/cobot/cobot_ws/install/mycobot_280jn:/home/amin/cobot/cobot_ws/install/mycobot_280arduino_moveit2:/home/amin/cobot/cobot_ws/install/mycobot_280_x3pi:/home/amin/cobot/cobot_ws/install/mycobot_280_riscv:/home/amin/cobot/cobot_ws/install/mycobot_280_rdkx5:/home/amin/cobot/cobot_ws/install/mycobot_280_moveit2_control:/home/amin/cobot/cobot_ws/install/mycobot_280_moveit2:/home/amin/cobot/cobot_ws/install/mycobot_280_gazebo_jazzy:/home/amin/cobot/cobot_ws/install/mycobot_280_gazebo:/home/amin/cobot/cobot_ws/install/mycobot_280_arduino:/home/amin/cobot/cobot_ws/install/mycobot_280:/home/amin/cobot/cobot_ws/install/mybuddy:/home/amin/cobot/cobot_ws/install/myarm_300:/home/amin/cobot/cobot_ws/install/mecharm_pi:/home/amin/cobot/cobot_ws/install/mecharm:/home/amin/cobot/cobot_ws/install/mecharm_interfaces:/opt/ros/jazzy CMAKE_PREFIX_PATH=${CMAKE_PREFIX_PATH}:/home/amin/cobot/cobot_ws/install/ultraarm:/home/amin/cobot/cobot_ws/install/pro450_moveit2_control:/home/amin/cobot/cobot_ws/install/mypalletizer_communication:/home/amin/cobot/cobot_ws/install/mypalletizer_260_pi:/home/amin/cobot/cobot_ws/install/mypalletizer_260:/home/amin/cobot/cobot_ws/install/mycobot_pro_450:/home/amin/cobot/cobot_ws/install/myarm_m750:/home/amin/cobot/cobot_ws/install/myarm_c650:/home/amin/cobot/cobot_ws/install/mycobot_communication:/home/amin/cobot/cobot_ws/install/mecharm_communication:/home/amin/cobot/cobot_ws/install/mycobot_630:/home/amin/cobot/cobot_ws/install/mycobot_600:/home/amin/cobot/cobot_ws/install/mycobot_320pi:/home/amin/cobot/cobot_ws/install/mycobot_320_riscv:/home/amin/cobot/cobot_ws/install/mycobot_320:/home/amin/cobot/cobot_ws/install/mycobot_280pi:/home/amin/cobot/cobot_ws/install/mycobot_280jn:/home/amin/cobot/cobot_ws/install/mycobot_280_x3pi:/home/amin/cobot/cobot_ws/install/mycobot_280_riscv:/home/amin/cobot/cobot_ws/install/mycobot_280_rdkx5:/home/amin/cobot/cobot_ws/install/mycobot_280_moveit2_control:/home/amin/cobot/cobot_ws/install/mycobot_280_arduino:/home/amin/cobot/cobot_ws/install/mycobot_280:/home/amin/cobot/cobot_ws/install/mybuddy:/home/amin/cobot/cobot_ws/install/myarm_300:/home/amin/cobot/cobot_ws/install/mecharm_pi:/home/amin/cobot/cobot_ws/install/mecharm:/home/amin/cobot/cobot_ws/install/mycobot_description:/opt/ros/jazzy DEBUGINFOD_URLS=https://debuginfod.ubuntu.com PYTHONPATH=/home/amin/cobot/cobot_ws/install/mycobot_description/lib/python3.12/site-packages:/home/amin/cobot/cobot_ws/install/ultraarm/lib/python3.12/site-packages:/home/amin/cobot/cobot_ws/install/pro450_moveit2_control/lib/python3.12/site-packages:/home/amin/cobot/cobot_ws/install/mypalletizer_communication/lib/python3.12/site-packages:/home/amin/cobot/cobot_ws/install/mypalletizer_interfaces/lib/python3.12/site-packages:/home/amin/cobot/cobot_ws/install/mypalletizer_260_pi/lib/python3.12/site-packages:/home/amin/cobot/cobot_ws/install/mypalletizer_260/lib/python3.12/site-packages:/home/amin/cobot/cobot_ws/install/mycobot_pro_450/lib/python3.12/site-packages:/home/amin/cobot/cobot_ws/install/mycobot_pro450_interfaces/lib/python3.12/site-packages:/home/amin/cobot/cobot_ws/install/myarm_m750/lib/python3.12/site-packages:/home/amin/cobot/cobot_ws/install/myarm_c650/lib/python3.12/site-packages:/home/amin/cobot/cobot_ws/install/mycobot_communication/lib/python3.12/site-packages:/home/amin/cobot/cobot_ws/install/mecharm_communication/lib/python3.12/site-packages:/home/amin/cobot/cobot_ws/install/mycobot_interfaces/lib/python3.12/site-packages:/home/amin/cobot/cobot_ws/install/mycobot_630/lib/python3.12/site-packages:/home/amin/cobot/cobot_ws/install/mycobot_600/lib/python3.12/site-packages:/home/amin/cobot/cobot_ws/install/mycobot_320pi/lib/python3.12/site-packages:/home/amin/cobot/cobot_ws/install/mycobot_320_riscv/lib/python3.12/site-packages:/home/amin/cobot/cobot_ws/install/mycobot_320/lib/python3.12/site-packages:/home/amin/cobot/cobot_ws/install/mycobot_280pi/lib/python3.12/site-packages:/home/amin/cobot/cobot_ws/install/mycobot_280jn/lib/python3.12/site-packages:/home/amin/cobot/cobot_ws/install/mycobot_280_x3pi/lib/python3.12/site-packages:/home/amin/cobot/cobot_ws/install/mycobot_280_riscv/lib/python3.12/site-packages:/home/amin/cobot/cobot_ws/install/mycobot_280_rdkx5/lib/python3.12/site-packages:/home/amin/cobot/cobot_ws/install/mycobot_280_moveit2_control/lib/python3.12/site-packages:/home/amin/cobot/cobot_ws/install/mycobot_280_arduino/lib/python3.12/site-packages:/home/amin/cobot/cobot_ws/install/mycobot_280/lib/python3.12/site-packages:/home/amin/cobot/cobot_ws/install/mybuddy/lib/python3.12/site-packages:/home/amin/cobot/cobot_ws/install/myarm_300/lib/python3.12/site-packages:/home/amin/cobot/cobot_ws/install/mecharm_pi/lib/python3.12/site-packages:/home/amin/cobot/cobot_ws/install/mecharm/lib/python3.12/site-packages:/home/amin/cobot/cobot_ws/install/mecharm_interfaces/lib/python3.12/site-packages:/opt/ros/jazzy/lib/python3.12/site-packages /usr/bin/cmake --build /home/amin/cobot/cobot_ws/build/mycobot_280arduino_moveit2 -- -j8 -l8
[11.023s] INFO:colcon.colcon_core.task.python.build:Building Python package in '/home/amin/cobot/cobot_ws/src/mycobot_ros2/mycobot_280/mycobot_280jn'
[11.024s] INFO:colcon.colcon_core.shell:Skip shell extension 'powershell' for command environment: Not usable outside of PowerShell
[11.024s] DEBUG:colcon.colcon_core.shell:Skip shell extension 'dsv' for command environment
[11.481s] INFO:colcon.colcon_core.task.python.build:Building Python package in '/home/amin/cobot/cobot_ws/src/mycobot_ros2/mycobot_280/mycobot_280pi'
[11.482s] INFO:colcon.colcon_core.shell:Skip shell extension 'powershell' for command environment: Not usable outside of PowerShell
[11.482s] DEBUG:colcon.colcon_core.shell:Skip shell extension 'dsv' for command environment
[11.508s] DEBUG:colcon.colcon_core.event_handler.log_command:Invoking command in '/home/amin/cobot/cobot_ws/build/mycobot_280rdkx5_moveit2': AMENT_PREFIX_PATH=/home/amin/cobot/cobot_ws/install/mycobot_description:/home/amin/cobot/cobot_ws/install/ultraarm:/home/amin/cobot/cobot_ws/install/pro450_moveit2_control:/home/amin/cobot/cobot_ws/install/pro450_moveit2:/home/amin/cobot/cobot_ws/install/mypalletizer_communication:/home/amin/cobot/cobot_ws/install/mypalletizer_interfaces:/home/amin/cobot/cobot_ws/install/mypalletizer_260_pi:/home/amin/cobot/cobot_ws/install/mypalletizer_260:/home/amin/cobot/cobot_ws/install/mycobot_pro_450:/home/amin/cobot/cobot_ws/install/mycobot_pro450_interfaces:/home/amin/cobot/cobot_ws/install/myarm_m750:/home/amin/cobot/cobot_ws/install/myarm_c650:/home/amin/cobot/cobot_ws/install/mycobot_communication:/home/amin/cobot/cobot_ws/install/mecharm_communication:/home/amin/cobot/cobot_ws/install/mycobot_interfaces:/home/amin/cobot/cobot_ws/install/mycobot_630:/home/amin/cobot/cobot_ws/install/mycobot_600:/home/amin/cobot/cobot_ws/install/mycobot_320pi:/home/amin/cobot/cobot_ws/install/mycobot_320_riscv:/home/amin/cobot/cobot_ws/install/mycobot_320:/home/amin/cobot/cobot_ws/install/mycobot_280rdkx5_moveit2:/home/amin/cobot/cobot_ws/install/mycobot_280pi:/home/amin/cobot/cobot_ws/install/mycobot_280jn:/home/amin/cobot/cobot_ws/install/mycobot_280arduino_moveit2:/home/amin/cobot/cobot_ws/install/mycobot_280_x3pi:/home/amin/cobot/cobot_ws/install/mycobot_280_riscv:/home/amin/cobot/cobot_ws/install/mycobot_280_rdkx5:/home/amin/cobot/cobot_ws/install/mycobot_280_moveit2_control:/home/amin/cobot/cobot_ws/install/mycobot_280_moveit2:/home/amin/cobot/cobot_ws/install/mycobot_280_gazebo_jazzy:/home/amin/cobot/cobot_ws/install/mycobot_280_gazebo:/home/amin/cobot/cobot_ws/install/mycobot_280_arduino:/home/amin/cobot/cobot_ws/install/mycobot_280:/home/amin/cobot/cobot_ws/install/mybuddy:/home/amin/cobot/cobot_ws/install/myarm_300:/home/amin/cobot/cobot_ws/install/mecharm_pi:/home/amin/cobot/cobot_ws/install/mecharm:/home/amin/cobot/cobot_ws/install/mecharm_interfaces:/opt/ros/jazzy CMAKE_PREFIX_PATH=${CMAKE_PREFIX_PATH}:/home/amin/cobot/cobot_ws/install/ultraarm:/home/amin/cobot/cobot_ws/install/pro450_moveit2_control:/home/amin/cobot/cobot_ws/install/mypalletizer_communication:/home/amin/cobot/cobot_ws/install/mypalletizer_260_pi:/home/amin/cobot/cobot_ws/install/mypalletizer_260:/home/amin/cobot/cobot_ws/install/mycobot_pro_450:/home/amin/cobot/cobot_ws/install/myarm_m750:/home/amin/cobot/cobot_ws/install/myarm_c650:/home/amin/cobot/cobot_ws/install/mycobot_communication:/home/amin/cobot/cobot_ws/install/mecharm_communication:/home/amin/cobot/cobot_ws/install/mycobot_630:/home/amin/cobot/cobot_ws/install/mycobot_600:/home/amin/cobot/cobot_ws/install/mycobot_320pi:/home/amin/cobot/cobot_ws/install/mycobot_320_riscv:/home/amin/cobot/cobot_ws/install/mycobot_320:/home/amin/cobot/cobot_ws/install/mycobot_280pi:/home/amin/cobot/cobot_ws/install/mycobot_280jn:/home/amin/cobot/cobot_ws/install/mycobot_280_x3pi:/home/amin/cobot/cobot_ws/install/mycobot_280_riscv:/home/amin/cobot/cobot_ws/install/mycobot_280_rdkx5:/home/amin/cobot/cobot_ws/install/mycobot_280_moveit2_control:/home/amin/cobot/cobot_ws/install/mycobot_280_arduino:/home/amin/cobot/cobot_ws/install/mycobot_280:/home/amin/cobot/cobot_ws/install/mybuddy:/home/amin/cobot/cobot_ws/install/myarm_300:/home/amin/cobot/cobot_ws/install/mecharm_pi:/home/amin/cobot/cobot_ws/install/mecharm:/home/amin/cobot/cobot_ws/install/mycobot_description:/opt/ros/jazzy DEBUGINFOD_URLS=https://debuginfod.ubuntu.com PYTHONPATH=/home/amin/cobot/cobot_ws/install/mycobot_description/lib/python3.12/site-packages:/home/amin/cobot/cobot_ws/install/ultraarm/lib/python3.12/site-packages:/home/amin/cobot/cobot_ws/install/pro450_moveit2_control/lib/python3.12/site-packages:/home/amin/cobot/cobot_ws/install/mypalletizer_communication/lib/python3.12/site-packages:/home/amin/cobot/cobot_ws/install/mypalletizer_interfaces/lib/python3.12/site-packages:/home/amin/cobot/cobot_ws/install/mypalletizer_260_pi/lib/python3.12/site-packages:/home/amin/cobot/cobot_ws/install/mypalletizer_260/lib/python3.12/site-packages:/home/amin/cobot/cobot_ws/install/mycobot_pro_450/lib/python3.12/site-packages:/home/amin/cobot/cobot_ws/install/mycobot_pro450_interfaces/lib/python3.12/site-packages:/home/amin/cobot/cobot_ws/install/myarm_m750/lib/python3.12/site-packages:/home/amin/cobot/cobot_ws/install/myarm_c650/lib/python3.12/site-packages:/home/amin/cobot/cobot_ws/install/mycobot_communication/lib/python3.12/site-packages:/home/amin/cobot/cobot_ws/install/mecharm_communication/lib/python3.12/site-packages:/home/amin/cobot/cobot_ws/install/mycobot_interfaces/lib/python3.12/site-packages:/home/amin/cobot/cobot_ws/install/mycobot_630/lib/python3.12/site-packages:/home/amin/cobot/cobot_ws/install/mycobot_600/lib/python3.12/site-packages:/home/amin/cobot/cobot_ws/install/mycobot_320pi/lib/python3.12/site-packages:/home/amin/cobot/cobot_ws/install/mycobot_320_riscv/lib/python3.12/site-packages:/home/amin/cobot/cobot_ws/install/mycobot_320/lib/python3.12/site-packages:/home/amin/cobot/cobot_ws/install/mycobot_280pi/lib/python3.12/site-packages:/home/amin/cobot/cobot_ws/install/mycobot_280jn/lib/python3.12/site-packages:/home/amin/cobot/cobot_ws/install/mycobot_280_x3pi/lib/python3.12/site-packages:/home/amin/cobot/cobot_ws/install/mycobot_280_riscv/lib/python3.12/site-packages:/home/amin/cobot/cobot_ws/install/mycobot_280_rdkx5/lib/python3.12/site-packages:/home/amin/cobot/cobot_ws/install/mycobot_280_moveit2_control/lib/python3.12/site-packages:/home/amin/cobot/cobot_ws/install/mycobot_280_arduino/lib/python3.12/site-packages:/home/amin/cobot/cobot_ws/install/mycobot_280/lib/python3.12/site-packages:/home/amin/cobot/cobot_ws/install/mybuddy/lib/python3.12/site-packages:/home/amin/cobot/cobot_ws/install/myarm_300/lib/python3.12/site-packages:/home/amin/cobot/cobot_ws/install/mecharm_pi/lib/python3.12/site-packages:/home/amin/cobot/cobot_ws/install/mecharm/lib/python3.12/site-packages:/home/amin/cobot/cobot_ws/install/mecharm_interfaces/lib/python3.12/site-packages:/opt/ros/jazzy/lib/python3.12/site-packages /usr/bin/cmake --build /home/amin/cobot/cobot_ws/build/mycobot_280rdkx5_moveit2 -- -j8 -l8
[11.509s] DEBUG:colcon.colcon_core.event_handler.log_command:Invoked command in '/home/amin/cobot/cobot_ws/build/mycobot_280arduino_moveit2' returned '0': AMENT_PREFIX_PATH=/home/amin/cobot/cobot_ws/install/mycobot_description:/home/amin/cobot/cobot_ws/install/ultraarm:/home/amin/cobot/cobot_ws/install/pro450_moveit2_control:/home/amin/cobot/cobot_ws/install/pro450_moveit2:/home/amin/cobot/cobot_ws/install/mypalletizer_communication:/home/amin/cobot/cobot_ws/install/mypalletizer_interfaces:/home/amin/cobot/cobot_ws/install/mypalletizer_260_pi:/home/amin/cobot/cobot_ws/install/mypalletizer_260:/home/amin/cobot/cobot_ws/install/mycobot_pro_450:/home/amin/cobot/cobot_ws/install/mycobot_pro450_interfaces:/home/amin/cobot/cobot_ws/install/myarm_m750:/home/amin/cobot/cobot_ws/install/myarm_c650:/home/amin/cobot/cobot_ws/install/mycobot_communication:/home/amin/cobot/cobot_ws/install/mecharm_communication:/home/amin/cobot/cobot_ws/install/mycobot_interfaces:/home/amin/cobot/cobot_ws/install/mycobot_630:/home/amin/cobot/cobot_ws/install/mycobot_600:/home/amin/cobot/cobot_ws/install/mycobot_320pi:/home/amin/cobot/cobot_ws/install/mycobot_320_riscv:/home/amin/cobot/cobot_ws/install/mycobot_320:/home/amin/cobot/cobot_ws/install/mycobot_280rdkx5_moveit2:/home/amin/cobot/cobot_ws/install/mycobot_280pi:/home/amin/cobot/cobot_ws/install/mycobot_280jn:/home/amin/cobot/cobot_ws/install/mycobot_280arduino_moveit2:/home/amin/cobot/cobot_ws/install/mycobot_280_x3pi:/home/amin/cobot/cobot_ws/install/mycobot_280_riscv:/home/amin/cobot/cobot_ws/install/mycobot_280_rdkx5:/home/amin/cobot/cobot_ws/install/mycobot_280_moveit2_control:/home/amin/cobot/cobot_ws/install/mycobot_280_moveit2:/home/amin/cobot/cobot_ws/install/mycobot_280_gazebo_jazzy:/home/amin/cobot/cobot_ws/install/mycobot_280_gazebo:/home/amin/cobot/cobot_ws/install/mycobot_280_arduino:/home/amin/cobot/cobot_ws/install/mycobot_280:/home/amin/cobot/cobot_ws/install/mybuddy:/home/amin/cobot/cobot_ws/install/myarm_300:/home/amin/cobot/cobot_ws/install/mecharm_pi:/home/amin/cobot/cobot_ws/install/mecharm:/home/amin/cobot/cobot_ws/install/mecharm_interfaces:/opt/ros/jazzy CMAKE_PREFIX_PATH=${CMAKE_PREFIX_PATH}:/home/amin/cobot/cobot_ws/install/ultraarm:/home/amin/cobot/cobot_ws/install/pro450_moveit2_control:/home/amin/cobot/cobot_ws/install/mypalletizer_communication:/home/amin/cobot/cobot_ws/install/mypalletizer_260_pi:/home/amin/cobot/cobot_ws/install/mypalletizer_260:/home/amin/cobot/cobot_ws/install/mycobot_pro_450:/home/amin/cobot/cobot_ws/install/myarm_m750:/home/amin/cobot/cobot_ws/install/myarm_c650:/home/amin/cobot/cobot_ws/install/mycobot_communication:/home/amin/cobot/cobot_ws/install/mecharm_communication:/home/amin/cobot/cobot_ws/install/mycobot_630:/home/amin/cobot/cobot_ws/install/mycobot_600:/home/amin/cobot/cobot_ws/install/mycobot_320pi:/home/amin/cobot/cobot_ws/install/mycobot_320_riscv:/home/amin/cobot/cobot_ws/install/mycobot_320:/home/amin/cobot/cobot_ws/install/mycobot_280pi:/home/amin/cobot/cobot_ws/install/mycobot_280jn:/home/amin/cobot/cobot_ws/install/mycobot_280_x3pi:/home/amin/cobot/cobot_ws/install/mycobot_280_riscv:/home/amin/cobot/cobot_ws/install/mycobot_280_rdkx5:/home/amin/cobot/cobot_ws/install/mycobot_280_moveit2_control:/home/amin/cobot/cobot_ws/install/mycobot_280_arduino:/home/amin/cobot/cobot_ws/install/mycobot_280:/home/amin/cobot/cobot_ws/install/mybuddy:/home/amin/cobot/cobot_ws/install/myarm_300:/home/amin/cobot/cobot_ws/install/mecharm_pi:/home/amin/cobot/cobot_ws/install/mecharm:/home/amin/cobot/cobot_ws/install/mycobot_description:/opt/ros/jazzy DEBUGINFOD_URLS=https://debuginfod.ubuntu.com PYTHONPATH=/home/amin/cobot/cobot_ws/install/mycobot_description/lib/python3.12/site-packages:/home/amin/cobot/cobot_ws/install/ultraarm/lib/python3.12/site-packages:/home/amin/cobot/cobot_ws/install/pro450_moveit2_control/lib/python3.12/site-packages:/home/amin/cobot/cobot_ws/install/mypalletizer_communication/lib/python3.12/site-packages:/home/amin/cobot/cobot_ws/install/mypalletizer_interfaces/lib/python3.12/site-packages:/home/amin/cobot/cobot_ws/install/mypalletizer_260_pi/lib/python3.12/site-packages:/home/amin/cobot/cobot_ws/install/mypalletizer_260/lib/python3.12/site-packages:/home/amin/cobot/cobot_ws/install/mycobot_pro_450/lib/python3.12/site-packages:/home/amin/cobot/cobot_ws/install/mycobot_pro450_interfaces/lib/python3.12/site-packages:/home/amin/cobot/cobot_ws/install/myarm_m750/lib/python3.12/site-packages:/home/amin/cobot/cobot_ws/install/myarm_c650/lib/python3.12/site-packages:/home/amin/cobot/cobot_ws/install/mycobot_communication/lib/python3.12/site-packages:/home/amin/cobot/cobot_ws/install/mecharm_communication/lib/python3.12/site-packages:/home/amin/cobot/cobot_ws/install/mycobot_interfaces/lib/python3.12/site-packages:/home/amin/cobot/cobot_ws/install/mycobot_630/lib/python3.12/site-packages:/home/amin/cobot/cobot_ws/install/mycobot_600/lib/python3.12/site-packages:/home/amin/cobot/cobot_ws/install/mycobot_320pi/lib/python3.12/site-packages:/home/amin/cobot/cobot_ws/install/mycobot_320_riscv/lib/python3.12/site-packages:/home/amin/cobot/cobot_ws/install/mycobot_320/lib/python3.12/site-packages:/home/amin/cobot/cobot_ws/install/mycobot_280pi/lib/python3.12/site-packages:/home/amin/cobot/cobot_ws/install/mycobot_280jn/lib/python3.12/site-packages:/home/amin/cobot/cobot_ws/install/mycobot_280_x3pi/lib/python3.12/site-packages:/home/amin/cobot/cobot_ws/install/mycobot_280_riscv/lib/python3.12/site-packages:/home/amin/cobot/cobot_ws/install/mycobot_280_rdkx5/lib/python3.12/site-packages:/home/amin/cobot/cobot_ws/install/mycobot_280_moveit2_control/lib/python3.12/site-packages:/home/amin/cobot/cobot_ws/install/mycobot_280_arduino/lib/python3.12/site-packages:/home/amin/cobot/cobot_ws/install/mycobot_280/lib/python3.12/site-packages:/home/amin/cobot/cobot_ws/install/mybuddy/lib/python3.12/site-packages:/home/amin/cobot/cobot_ws/install/myarm_300/lib/python3.12/site-packages:/home/amin/cobot/cobot_ws/install/mecharm_pi/lib/python3.12/site-packages:/home/amin/cobot/cobot_ws/install/mecharm/lib/python3.12/site-packages:/home/amin/cobot/cobot_ws/install/mecharm_interfaces/lib/python3.12/site-packages:/opt/ros/jazzy/lib/python3.12/site-packages /usr/bin/cmake --build /home/amin/cobot/cobot_ws/build/mycobot_280arduino_moveit2 -- -j8 -l8
[11.510s] DEBUG:colcon.colcon_core.event_handler.log_command:Invoking command in '/home/amin/cobot/cobot_ws/build/mycobot_280arduino_moveit2': AMENT_PREFIX_PATH=/home/amin/cobot/cobot_ws/install/mycobot_description:/home/amin/cobot/cobot_ws/install/ultraarm:/home/amin/cobot/cobot_ws/install/pro450_moveit2_control:/home/amin/cobot/cobot_ws/install/pro450_moveit2:/home/amin/cobot/cobot_ws/install/mypalletizer_communication:/home/amin/cobot/cobot_ws/install/mypalletizer_interfaces:/home/amin/cobot/cobot_ws/install/mypalletizer_260_pi:/home/amin/cobot/cobot_ws/install/mypalletizer_260:/home/amin/cobot/cobot_ws/install/mycobot_pro_450:/home/amin/cobot/cobot_ws/install/mycobot_pro450_interfaces:/home/amin/cobot/cobot_ws/install/myarm_m750:/home/amin/cobot/cobot_ws/install/myarm_c650:/home/amin/cobot/cobot_ws/install/mycobot_communication:/home/amin/cobot/cobot_ws/install/mecharm_communication:/home/amin/cobot/cobot_ws/install/mycobot_interfaces:/home/amin/cobot/cobot_ws/install/mycobot_630:/home/amin/cobot/cobot_ws/install/mycobot_600:/home/amin/cobot/cobot_ws/install/mycobot_320pi:/home/amin/cobot/cobot_ws/install/mycobot_320_riscv:/home/amin/cobot/cobot_ws/install/mycobot_320:/home/amin/cobot/cobot_ws/install/mycobot_280rdkx5_moveit2:/home/amin/cobot/cobot_ws/install/mycobot_280pi:/home/amin/cobot/cobot_ws/install/mycobot_280jn:/home/amin/cobot/cobot_ws/install/mycobot_280arduino_moveit2:/home/amin/cobot/cobot_ws/install/mycobot_280_x3pi:/home/amin/cobot/cobot_ws/install/mycobot_280_riscv:/home/amin/cobot/cobot_ws/install/mycobot_280_rdkx5:/home/amin/cobot/cobot_ws/install/mycobot_280_moveit2_control:/home/amin/cobot/cobot_ws/install/mycobot_280_moveit2:/home/amin/cobot/cobot_ws/install/mycobot_280_gazebo_jazzy:/home/amin/cobot/cobot_ws/install/mycobot_280_gazebo:/home/amin/cobot/cobot_ws/install/mycobot_280_arduino:/home/amin/cobot/cobot_ws/install/mycobot_280:/home/amin/cobot/cobot_ws/install/mybuddy:/home/amin/cobot/cobot_ws/install/myarm_300:/home/amin/cobot/cobot_ws/install/mecharm_pi:/home/amin/cobot/cobot_ws/install/mecharm:/home/amin/cobot/cobot_ws/install/mecharm_interfaces:/opt/ros/jazzy CMAKE_PREFIX_PATH=${CMAKE_PREFIX_PATH}:/home/amin/cobot/cobot_ws/install/ultraarm:/home/amin/cobot/cobot_ws/install/pro450_moveit2_control:/home/amin/cobot/cobot_ws/install/mypalletizer_communication:/home/amin/cobot/cobot_ws/install/mypalletizer_260_pi:/home/amin/cobot/cobot_ws/install/mypalletizer_260:/home/amin/cobot/cobot_ws/install/mycobot_pro_450:/home/amin/cobot/cobot_ws/install/myarm_m750:/home/amin/cobot/cobot_ws/install/myarm_c650:/home/amin/cobot/cobot_ws/install/mycobot_communication:/home/amin/cobot/cobot_ws/install/mecharm_communication:/home/amin/cobot/cobot_ws/install/mycobot_630:/home/amin/cobot/cobot_ws/install/mycobot_600:/home/amin/cobot/cobot_ws/install/mycobot_320pi:/home/amin/cobot/cobot_ws/install/mycobot_320_riscv:/home/amin/cobot/cobot_ws/install/mycobot_320:/home/amin/cobot/cobot_ws/install/mycobot_280pi:/home/amin/cobot/cobot_ws/install/mycobot_280jn:/home/amin/cobot/cobot_ws/install/mycobot_280_x3pi:/home/amin/cobot/cobot_ws/install/mycobot_280_riscv:/home/amin/cobot/cobot_ws/install/mycobot_280_rdkx5:/home/amin/cobot/cobot_ws/install/mycobot_280_moveit2_control:/home/amin/cobot/cobot_ws/install/mycobot_280_arduino:/home/amin/cobot/cobot_ws/install/mycobot_280:/home/amin/cobot/cobot_ws/install/mybuddy:/home/amin/cobot/cobot_ws/install/myarm_300:/home/amin/cobot/cobot_ws/install/mecharm_pi:/home/amin/cobot/cobot_ws/install/mecharm:/home/amin/cobot/cobot_ws/install/mycobot_description:/opt/ros/jazzy DEBUGINFOD_URLS=https://debuginfod.ubuntu.com PYTHONPATH=/home/amin/cobot/cobot_ws/install/mycobot_description/lib/python3.12/site-packages:/home/amin/cobot/cobot_ws/install/ultraarm/lib/python3.12/site-packages:/home/amin/cobot/cobot_ws/install/pro450_moveit2_control/lib/python3.12/site-packages:/home/amin/cobot/cobot_ws/install/mypalletizer_communication/lib/python3.12/site-packages:/home/amin/cobot/cobot_ws/install/mypalletizer_interfaces/lib/python3.12/site-packages:/home/amin/cobot/cobot_ws/install/mypalletizer_260_pi/lib/python3.12/site-packages:/home/amin/cobot/cobot_ws/install/mypalletizer_260/lib/python3.12/site-packages:/home/amin/cobot/cobot_ws/install/mycobot_pro_450/lib/python3.12/site-packages:/home/amin/cobot/cobot_ws/install/mycobot_pro450_interfaces/lib/python3.12/site-packages:/home/amin/cobot/cobot_ws/install/myarm_m750/lib/python3.12/site-packages:/home/amin/cobot/cobot_ws/install/myarm_c650/lib/python3.12/site-packages:/home/amin/cobot/cobot_ws/install/mycobot_communication/lib/python3.12/site-packages:/home/amin/cobot/cobot_ws/install/mecharm_communication/lib/python3.12/site-packages:/home/amin/cobot/cobot_ws/install/mycobot_interfaces/lib/python3.12/site-packages:/home/amin/cobot/cobot_ws/install/mycobot_630/lib/python3.12/site-packages:/home/amin/cobot/cobot_ws/install/mycobot_600/lib/python3.12/site-packages:/home/amin/cobot/cobot_ws/install/mycobot_320pi/lib/python3.12/site-packages:/home/amin/cobot/cobot_ws/install/mycobot_320_riscv/lib/python3.12/site-packages:/home/amin/cobot/cobot_ws/install/mycobot_320/lib/python3.12/site-packages:/home/amin/cobot/cobot_ws/install/mycobot_280pi/lib/python3.12/site-packages:/home/amin/cobot/cobot_ws/install/mycobot_280jn/lib/python3.12/site-packages:/home/amin/cobot/cobot_ws/install/mycobot_280_x3pi/lib/python3.12/site-packages:/home/amin/cobot/cobot_ws/install/mycobot_280_riscv/lib/python3.12/site-packages:/home/amin/cobot/cobot_ws/install/mycobot_280_rdkx5/lib/python3.12/site-packages:/home/amin/cobot/cobot_ws/install/mycobot_280_moveit2_control/lib/python3.12/site-packages:/home/amin/cobot/cobot_ws/install/mycobot_280_arduino/lib/python3.12/site-packages:/home/amin/cobot/cobot_ws/install/mycobot_280/lib/python3.12/site-packages:/home/amin/cobot/cobot_ws/install/mybuddy/lib/python3.12/site-packages:/home/amin/cobot/cobot_ws/install/myarm_300/lib/python3.12/site-packages:/home/amin/cobot/cobot_ws/install/mecharm_pi/lib/python3.12/site-packages:/home/amin/cobot/cobot_ws/install/mecharm/lib/python3.12/site-packages:/home/amin/cobot/cobot_ws/install/mecharm_interfaces/lib/python3.12/site-packages:/opt/ros/jazzy/lib/python3.12/site-packages /usr/bin/cmake --install /home/amin/cobot/cobot_ws/build/mycobot_280arduino_moveit2
[11.519s] DEBUG:colcon.colcon_core.event_handler.log_command:Invoking command in '/home/amin/cobot/cobot_ws/src/mycobot_ros2/mycobot_280/mycobot_280_moveit2_control': AMENT_PREFIX_PATH=/home/amin/cobot/cobot_ws/install/mycobot_description:/home/amin/cobot/cobot_ws/install/ultraarm:/home/amin/cobot/cobot_ws/install/pro450_moveit2_control:/home/amin/cobot/cobot_ws/install/pro450_moveit2:/home/amin/cobot/cobot_ws/install/mypalletizer_communication:/home/amin/cobot/cobot_ws/install/mypalletizer_interfaces:/home/amin/cobot/cobot_ws/install/mypalletizer_260_pi:/home/amin/cobot/cobot_ws/install/mypalletizer_260:/home/amin/cobot/cobot_ws/install/mycobot_pro_450:/home/amin/cobot/cobot_ws/install/mycobot_pro450_interfaces:/home/amin/cobot/cobot_ws/install/myarm_m750:/home/amin/cobot/cobot_ws/install/myarm_c650:/home/amin/cobot/cobot_ws/install/mycobot_communication:/home/amin/cobot/cobot_ws/install/mecharm_communication:/home/amin/cobot/cobot_ws/install/mycobot_interfaces:/home/amin/cobot/cobot_ws/install/mycobot_630:/home/amin/cobot/cobot_ws/install/mycobot_600:/home/amin/cobot/cobot_ws/install/mycobot_320pi:/home/amin/cobot/cobot_ws/install/mycobot_320_riscv:/home/amin/cobot/cobot_ws/install/mycobot_320:/home/amin/cobot/cobot_ws/install/mycobot_280rdkx5_moveit2:/home/amin/cobot/cobot_ws/install/mycobot_280pi:/home/amin/cobot/cobot_ws/install/mycobot_280jn:/home/amin/cobot/cobot_ws/install/mycobot_280arduino_moveit2:/home/amin/cobot/cobot_ws/install/mycobot_280_x3pi:/home/amin/cobot/cobot_ws/install/mycobot_280_riscv:/home/amin/cobot/cobot_ws/install/mycobot_280_rdkx5:/home/amin/cobot/cobot_ws/install/mycobot_280_moveit2_control:/home/amin/cobot/cobot_ws/install/mycobot_280_moveit2:/home/amin/cobot/cobot_ws/install/mycobot_280_gazebo_jazzy:/home/amin/cobot/cobot_ws/install/mycobot_280_gazebo:/home/amin/cobot/cobot_ws/install/mycobot_280_arduino:/home/amin/cobot/cobot_ws/install/mycobot_280:/home/amin/cobot/cobot_ws/install/mybuddy:/home/amin/cobot/cobot_ws/install/myarm_300:/home/amin/cobot/cobot_ws/install/mecharm_pi:/home/amin/cobot/cobot_ws/install/mecharm:/home/amin/cobot/cobot_ws/install/mecharm_interfaces:/opt/ros/jazzy DEBUGINFOD_URLS=https://debuginfod.ubuntu.com PYTHONPATH=/home/amin/cobot/cobot_ws/build/mycobot_280_moveit2_control/prefix_override:/usr/lib/python3/dist-packages/colcon_core/task/python/colcon_distutils_commands:/home/amin/cobot/cobot_ws/install/mycobot_280_moveit2_control/lib/python3.12/site-packages:/home/amin/cobot/cobot_ws/install/mycobot_description/lib/python3.12/site-packages:/home/amin/cobot/cobot_ws/install/ultraarm/lib/python3.12/site-packages:/home/amin/cobot/cobot_ws/install/pro450_moveit2_control/lib/python3.12/site-packages:/home/amin/cobot/cobot_ws/install/mypalletizer_communication/lib/python3.12/site-packages:/home/amin/cobot/cobot_ws/install/mypalletizer_interfaces/lib/python3.12/site-packages:/home/amin/cobot/cobot_ws/install/mypalletizer_260_pi/lib/python3.12/site-packages:/home/amin/cobot/cobot_ws/install/mypalletizer_260/lib/python3.12/site-packages:/home/amin/cobot/cobot_ws/install/mycobot_pro_450/lib/python3.12/site-packages:/home/amin/cobot/cobot_ws/install/mycobot_pro450_interfaces/lib/python3.12/site-packages:/home/amin/cobot/cobot_ws/install/myarm_m750/lib/python3.12/site-packages:/home/amin/cobot/cobot_ws/install/myarm_c650/lib/python3.12/site-packages:/home/amin/cobot/cobot_ws/install/mycobot_communication/lib/python3.12/site-packages:/home/amin/cobot/cobot_ws/install/mecharm_communication/lib/python3.12/site-packages:/home/amin/cobot/cobot_ws/install/mycobot_interfaces/lib/python3.12/site-packages:/home/amin/cobot/cobot_ws/install/mycobot_630/lib/python3.12/site-packages:/home/amin/cobot/cobot_ws/install/mycobot_600/lib/python3.12/site-packages:/home/amin/cobot/cobot_ws/install/mycobot_320pi/lib/python3.12/site-packages:/home/amin/cobot/cobot_ws/install/mycobot_320_riscv/lib/python3.12/site-packages:/home/amin/cobot/cobot_ws/install/mycobot_320/lib/python3.12/site-packages:/home/amin/cobot/cobot_ws/install/mycobot_280pi/lib/python3.12/site-packages:/home/amin/cobot/cobot_ws/install/mycobot_280jn/lib/python3.12/site-packages:/home/amin/cobot/cobot_ws/install/mycobot_280_x3pi/lib/python3.12/site-packages:/home/amin/cobot/cobot_ws/install/mycobot_280_riscv/lib/python3.12/site-packages:/home/amin/cobot/cobot_ws/install/mycobot_280_rdkx5/lib/python3.12/site-packages:/home/amin/cobot/cobot_ws/install/mycobot_280_moveit2_control/lib/python3.12/site-packages:/home/amin/cobot/cobot_ws/install/mycobot_280_arduino/lib/python3.12/site-packages:/home/amin/cobot/cobot_ws/install/mycobot_280/lib/python3.12/site-packages:/home/amin/cobot/cobot_ws/install/mybuddy/lib/python3.12/site-packages:/home/amin/cobot/cobot_ws/install/myarm_300/lib/python3.12/site-packages:/home/amin/cobot/cobot_ws/install/mecharm_pi/lib/python3.12/site-packages:/home/amin/cobot/cobot_ws/install/mecharm/lib/python3.12/site-packages:/home/amin/cobot/cobot_ws/install/mecharm_interfaces/lib/python3.12/site-packages:/opt/ros/jazzy/lib/python3.12/site-packages /usr/bin/python3 -W ignore:setup.py install is deprecated -W ignore:easy_install command is deprecated setup.py egg_info --egg-base ../../../../build/mycobot_280_moveit2_control build --build-base /home/amin/cobot/cobot_ws/build/mycobot_280_moveit2_control/build install --record /home/amin/cobot/cobot_ws/build/mycobot_280_moveit2_control/install.log --single-version-externally-managed install_data
[11.535s] Level 1:colcon.colcon_core.environment:create_environment_scripts_only(mycobot_280arduino_moveit2)
[11.535s] Level 1:colcon.colcon_core.environment:checking '/home/amin/cobot/cobot_ws/install/mycobot_280arduino_moveit2' for CMake module files
[11.536s] Level 1:colcon.colcon_core.environment:checking '/home/amin/cobot/cobot_ws/install/mycobot_280arduino_moveit2' for CMake config files
[11.536s] Level 1:colcon.colcon_core.shell:create_environment_hook('mycobot_280arduino_moveit2', 'cmake_prefix_path')
[11.536s] INFO:colcon.colcon_core.shell:Creating environment hook '/home/amin/cobot/cobot_ws/install/mycobot_280arduino_moveit2/share/mycobot_280arduino_moveit2/hook/cmake_prefix_path.ps1'
[11.537s] INFO:colcon.colcon_core.shell:Creating environment descriptor '/home/amin/cobot/cobot_ws/install/mycobot_280arduino_moveit2/share/mycobot_280arduino_moveit2/hook/cmake_prefix_path.dsv'
[11.537s] INFO:colcon.colcon_core.shell:Creating environment hook '/home/amin/cobot/cobot_ws/install/mycobot_280arduino_moveit2/share/mycobot_280arduino_moveit2/hook/cmake_prefix_path.sh'
[11.540s] DEBUG:colcon.colcon_core.event_handler.log_command:Invoked command in '/home/amin/cobot/cobot_ws/build/mycobot_280arduino_moveit2' returned '0': AMENT_PREFIX_PATH=/home/amin/cobot/cobot_ws/install/mycobot_description:/home/amin/cobot/cobot_ws/install/ultraarm:/home/amin/cobot/cobot_ws/install/pro450_moveit2_control:/home/amin/cobot/cobot_ws/install/pro450_moveit2:/home/amin/cobot/cobot_ws/install/mypalletizer_communication:/home/amin/cobot/cobot_ws/install/mypalletizer_interfaces:/home/amin/cobot/cobot_ws/install/mypalletizer_260_pi:/home/amin/cobot/cobot_ws/install/mypalletizer_260:/home/amin/cobot/cobot_ws/install/mycobot_pro_450:/home/amin/cobot/cobot_ws/install/mycobot_pro450_interfaces:/home/amin/cobot/cobot_ws/install/myarm_m750:/home/amin/cobot/cobot_ws/install/myarm_c650:/home/amin/cobot/cobot_ws/install/mycobot_communication:/home/amin/cobot/cobot_ws/install/mecharm_communication:/home/amin/cobot/cobot_ws/install/mycobot_interfaces:/home/amin/cobot/cobot_ws/install/mycobot_630:/home/amin/cobot/cobot_ws/install/mycobot_600:/home/amin/cobot/cobot_ws/install/mycobot_320pi:/home/amin/cobot/cobot_ws/install/mycobot_320_riscv:/home/amin/cobot/cobot_ws/install/mycobot_320:/home/amin/cobot/cobot_ws/install/mycobot_280rdkx5_moveit2:/home/amin/cobot/cobot_ws/install/mycobot_280pi:/home/amin/cobot/cobot_ws/install/mycobot_280jn:/home/amin/cobot/cobot_ws/install/mycobot_280arduino_moveit2:/home/amin/cobot/cobot_ws/install/mycobot_280_x3pi:/home/amin/cobot/cobot_ws/install/mycobot_280_riscv:/home/amin/cobot/cobot_ws/install/mycobot_280_rdkx5:/home/amin/cobot/cobot_ws/install/mycobot_280_moveit2_control:/home/amin/cobot/cobot_ws/install/mycobot_280_moveit2:/home/amin/cobot/cobot_ws/install/mycobot_280_gazebo_jazzy:/home/amin/cobot/cobot_ws/install/mycobot_280_gazebo:/home/amin/cobot/cobot_ws/install/mycobot_280_arduino:/home/amin/cobot/cobot_ws/install/mycobot_280:/home/amin/cobot/cobot_ws/install/mybuddy:/home/amin/cobot/cobot_ws/install/myarm_300:/home/amin/cobot/cobot_ws/install/mecharm_pi:/home/amin/cobot/cobot_ws/install/mecharm:/home/amin/cobot/cobot_ws/install/mecharm_interfaces:/opt/ros/jazzy CMAKE_PREFIX_PATH=${CMAKE_PREFIX_PATH}:/home/amin/cobot/cobot_ws/install/ultraarm:/home/amin/cobot/cobot_ws/install/pro450_moveit2_control:/home/amin/cobot/cobot_ws/install/mypalletizer_communication:/home/amin/cobot/cobot_ws/install/mypalletizer_260_pi:/home/amin/cobot/cobot_ws/install/mypalletizer_260:/home/amin/cobot/cobot_ws/install/mycobot_pro_450:/home/amin/cobot/cobot_ws/install/myarm_m750:/home/amin/cobot/cobot_ws/install/myarm_c650:/home/amin/cobot/cobot_ws/install/mycobot_communication:/home/amin/cobot/cobot_ws/install/mecharm_communication:/home/amin/cobot/cobot_ws/install/mycobot_630:/home/amin/cobot/cobot_ws/install/mycobot_600:/home/amin/cobot/cobot_ws/install/mycobot_320pi:/home/amin/cobot/cobot_ws/install/mycobot_320_riscv:/home/amin/cobot/cobot_ws/install/mycobot_320:/home/amin/cobot/cobot_ws/install/mycobot_280pi:/home/amin/cobot/cobot_ws/install/mycobot_280jn:/home/amin/cobot/cobot_ws/install/mycobot_280_x3pi:/home/amin/cobot/cobot_ws/install/mycobot_280_riscv:/home/amin/cobot/cobot_ws/install/mycobot_280_rdkx5:/home/amin/cobot/cobot_ws/install/mycobot_280_moveit2_control:/home/amin/cobot/cobot_ws/install/mycobot_280_arduino:/home/amin/cobot/cobot_ws/install/mycobot_280:/home/amin/cobot/cobot_ws/install/mybuddy:/home/amin/cobot/cobot_ws/install/myarm_300:/home/amin/cobot/cobot_ws/install/mecharm_pi:/home/amin/cobot/cobot_ws/install/mecharm:/home/amin/cobot/cobot_ws/install/mycobot_description:/opt/ros/jazzy DEBUGINFOD_URLS=https://debuginfod.ubuntu.com PYTHONPATH=/home/amin/cobot/cobot_ws/install/mycobot_description/lib/python3.12/site-packages:/home/amin/cobot/cobot_ws/install/ultraarm/lib/python3.12/site-packages:/home/amin/cobot/cobot_ws/install/pro450_moveit2_control/lib/python3.12/site-packages:/home/amin/cobot/cobot_ws/install/mypalletizer_communication/lib/python3.12/site-packages:/home/amin/cobot/cobot_ws/install/mypalletizer_interfaces/lib/python3.12/site-packages:/home/amin/cobot/cobot_ws/install/mypalletizer_260_pi/lib/python3.12/site-packages:/home/amin/cobot/cobot_ws/install/mypalletizer_260/lib/python3.12/site-packages:/home/amin/cobot/cobot_ws/install/mycobot_pro_450/lib/python3.12/site-packages:/home/amin/cobot/cobot_ws/install/mycobot_pro450_interfaces/lib/python3.12/site-packages:/home/amin/cobot/cobot_ws/install/myarm_m750/lib/python3.12/site-packages:/home/amin/cobot/cobot_ws/install/myarm_c650/lib/python3.12/site-packages:/home/amin/cobot/cobot_ws/install/mycobot_communication/lib/python3.12/site-packages:/home/amin/cobot/cobot_ws/install/mecharm_communication/lib/python3.12/site-packages:/home/amin/cobot/cobot_ws/install/mycobot_interfaces/lib/python3.12/site-packages:/home/amin/cobot/cobot_ws/install/mycobot_630/lib/python3.12/site-packages:/home/amin/cobot/cobot_ws/install/mycobot_600/lib/python3.12/site-packages:/home/amin/cobot/cobot_ws/install/mycobot_320pi/lib/python3.12/site-packages:/home/amin/cobot/cobot_ws/install/mycobot_320_riscv/lib/python3.12/site-packages:/home/amin/cobot/cobot_ws/install/mycobot_320/lib/python3.12/site-packages:/home/amin/cobot/cobot_ws/install/mycobot_280pi/lib/python3.12/site-packages:/home/amin/cobot/cobot_ws/install/mycobot_280jn/lib/python3.12/site-packages:/home/amin/cobot/cobot_ws/install/mycobot_280_x3pi/lib/python3.12/site-packages:/home/amin/cobot/cobot_ws/install/mycobot_280_riscv/lib/python3.12/site-packages:/home/amin/cobot/cobot_ws/install/mycobot_280_rdkx5/lib/python3.12/site-packages:/home/amin/cobot/cobot_ws/install/mycobot_280_moveit2_control/lib/python3.12/site-packages:/home/amin/cobot/cobot_ws/install/mycobot_280_arduino/lib/python3.12/site-packages:/home/amin/cobot/cobot_ws/install/mycobot_280/lib/python3.12/site-packages:/home/amin/cobot/cobot_ws/install/mybuddy/lib/python3.12/site-packages:/home/amin/cobot/cobot_ws/install/myarm_300/lib/python3.12/site-packages:/home/amin/cobot/cobot_ws/install/mecharm_pi/lib/python3.12/site-packages:/home/amin/cobot/cobot_ws/install/mecharm/lib/python3.12/site-packages:/home/amin/cobot/cobot_ws/install/mecharm_interfaces/lib/python3.12/site-packages:/opt/ros/jazzy/lib/python3.12/site-packages /usr/bin/cmake --install /home/amin/cobot/cobot_ws/build/mycobot_280arduino_moveit2
[11.542s] Level 1:colcon.colcon_core.environment:checking '/home/amin/cobot/cobot_ws/install/mycobot_280arduino_moveit2/bin'
[11.543s] Level 1:colcon.colcon_core.environment:checking '/home/amin/cobot/cobot_ws/install/mycobot_280arduino_moveit2/lib/pkgconfig/mycobot_280arduino_moveit2.pc'
[11.544s] Level 1:colcon.colcon_core.environment:checking '/home/amin/cobot/cobot_ws/install/mycobot_280arduino_moveit2/lib/python3.12/site-packages'
[11.545s] Level 1:colcon.colcon_core.environment:checking '/home/amin/cobot/cobot_ws/install/mycobot_280arduino_moveit2/bin'
[11.546s] INFO:colcon.colcon_core.shell:Creating package script '/home/amin/cobot/cobot_ws/install/mycobot_280arduino_moveit2/share/mycobot_280arduino_moveit2/package.ps1'
[11.546s] INFO:colcon.colcon_core.shell:Creating package descriptor '/home/amin/cobot/cobot_ws/install/mycobot_280arduino_moveit2/share/mycobot_280arduino_moveit2/package.dsv'
[11.546s] INFO:colcon.colcon_core.shell:Creating package script '/home/amin/cobot/cobot_ws/install/mycobot_280arduino_moveit2/share/mycobot_280arduino_moveit2/package.sh'
[11.547s] INFO:colcon.colcon_core.shell:Creating package script '/home/amin/cobot/cobot_ws/install/mycobot_280arduino_moveit2/share/mycobot_280arduino_moveit2/package.bash'
[11.547s] INFO:colcon.colcon_core.shell:Creating package script '/home/amin/cobot/cobot_ws/install/mycobot_280arduino_moveit2/share/mycobot_280arduino_moveit2/package.zsh'
[11.547s] Level 1:colcon.colcon_core.environment:create_file_with_runtime_dependencies(/home/amin/cobot/cobot_ws/install/mycobot_280arduino_moveit2/share/colcon-core/packages/mycobot_280arduino_moveit2)
[11.548s] Level 1:colcon.colcon_core.environment:create_environment_scripts_only(mycobot_280arduino_moveit2)
[11.548s] Level 1:colcon.colcon_core.environment:checking '/home/amin/cobot/cobot_ws/install/mycobot_280arduino_moveit2' for CMake module files
[11.549s] Level 1:colcon.colcon_core.environment:checking '/home/amin/cobot/cobot_ws/install/mycobot_280arduino_moveit2' for CMake config files
[11.549s] Level 1:colcon.colcon_core.shell:create_environment_hook('mycobot_280arduino_moveit2', 'cmake_prefix_path')
[11.550s] INFO:colcon.colcon_core.shell:Creating environment hook '/home/amin/cobot/cobot_ws/install/mycobot_280arduino_moveit2/share/mycobot_280arduino_moveit2/hook/cmake_prefix_path.ps1'
[11.550s] INFO:colcon.colcon_core.shell:Creating environment descriptor '/home/amin/cobot/cobot_ws/install/mycobot_280arduino_moveit2/share/mycobot_280arduino_moveit2/hook/cmake_prefix_path.dsv'
[11.550s] INFO:colcon.colcon_core.shell:Creating environment hook '/home/amin/cobot/cobot_ws/install/mycobot_280arduino_moveit2/share/mycobot_280arduino_moveit2/hook/cmake_prefix_path.sh'
[11.551s] Level 1:colcon.colcon_core.environment:checking '/home/amin/cobot/cobot_ws/install/mycobot_280arduino_moveit2/bin'
[11.551s] Level 1:colcon.colcon_core.environment:checking '/home/amin/cobot/cobot_ws/install/mycobot_280arduino_moveit2/lib/pkgconfig/mycobot_280arduino_moveit2.pc'
[11.551s] Level 1:colcon.colcon_core.environment:checking '/home/amin/cobot/cobot_ws/install/mycobot_280arduino_moveit2/lib/python3.12/site-packages'
[11.552s] Level 1:colcon.colcon_core.environment:checking '/home/amin/cobot/cobot_ws/install/mycobot_280arduino_moveit2/bin'
[11.552s] INFO:colcon.colcon_core.shell:Creating package script '/home/amin/cobot/cobot_ws/install/mycobot_280arduino_moveit2/share/mycobot_280arduino_moveit2/package.ps1'
[11.556s] INFO:colcon.colcon_core.shell:Creating package descriptor '/home/amin/cobot/cobot_ws/install/mycobot_280arduino_moveit2/share/mycobot_280arduino_moveit2/package.dsv'
[11.558s] INFO:colcon.colcon_core.shell:Creating package script '/home/amin/cobot/cobot_ws/install/mycobot_280arduino_moveit2/share/mycobot_280arduino_moveit2/package.sh'
[11.559s] INFO:colcon.colcon_core.shell:Creating package script '/home/amin/cobot/cobot_ws/install/mycobot_280arduino_moveit2/share/mycobot_280arduino_moveit2/package.bash'
[11.560s] INFO:colcon.colcon_core.shell:Creating package script '/home/amin/cobot/cobot_ws/install/mycobot_280arduino_moveit2/share/mycobot_280arduino_moveit2/package.zsh'
[11.560s] Level 1:colcon.colcon_core.environment:create_file_with_runtime_dependencies(/home/amin/cobot/cobot_ws/install/mycobot_280arduino_moveit2/share/colcon-core/packages/mycobot_280arduino_moveit2)
[11.562s] INFO:colcon.colcon_ros.task.ament_python.build:Building ROS package in '/home/amin/cobot/cobot_ws/src/mycobot_ros2/mycobot_320/mycobot_320' with build type 'ament_python'
[11.562s] Level 1:colcon.colcon_core.shell:create_environment_hook('mycobot_320', 'ament_prefix_path')
[11.562s] INFO:colcon.colcon_core.shell:Creating environment hook '/home/amin/cobot/cobot_ws/install/mycobot_320/share/mycobot_320/hook/ament_prefix_path.ps1'
[11.562s] INFO:colcon.colcon_core.shell:Creating environment descriptor '/home/amin/cobot/cobot_ws/install/mycobot_320/share/mycobot_320/hook/ament_prefix_path.dsv'
[11.563s] INFO:colcon.colcon_core.shell:Creating environment hook '/home/amin/cobot/cobot_ws/install/mycobot_320/share/mycobot_320/hook/ament_prefix_path.sh'
[11.563s] INFO:colcon.colcon_core.shell:Skip shell extension 'powershell' for command environment: Not usable outside of PowerShell
[11.563s] DEBUG:colcon.colcon_core.shell:Skip shell extension 'dsv' for command environment
[11.585s] Level 1:colcon.colcon_core.environment:checking '/home/amin/cobot/cobot_ws/install/mycobot_280_arduino' for CMake module files
[11.586s] Level 1:colcon.colcon_core.environment:checking '/home/amin/cobot/cobot_ws/install/mycobot_280_arduino' for CMake config files
[11.587s] DEBUG:colcon.colcon_core.event_handler.log_command:Invoked command in '/home/amin/cobot/cobot_ws/src/mycobot_ros2/mycobot_280/mycobot_280_arduino' returned '0': AMENT_PREFIX_PATH=/home/amin/cobot/cobot_ws/install/mycobot_description:/home/amin/cobot/cobot_ws/install/ultraarm:/home/amin/cobot/cobot_ws/install/pro450_moveit2_control:/home/amin/cobot/cobot_ws/install/pro450_moveit2:/home/amin/cobot/cobot_ws/install/mypalletizer_communication:/home/amin/cobot/cobot_ws/install/mypalletizer_interfaces:/home/amin/cobot/cobot_ws/install/mypalletizer_260_pi:/home/amin/cobot/cobot_ws/install/mypalletizer_260:/home/amin/cobot/cobot_ws/install/mycobot_pro_450:/home/amin/cobot/cobot_ws/install/mycobot_pro450_interfaces:/home/amin/cobot/cobot_ws/install/myarm_m750:/home/amin/cobot/cobot_ws/install/myarm_c650:/home/amin/cobot/cobot_ws/install/mycobot_communication:/home/amin/cobot/cobot_ws/install/mecharm_communication:/home/amin/cobot/cobot_ws/install/mycobot_interfaces:/home/amin/cobot/cobot_ws/install/mycobot_630:/home/amin/cobot/cobot_ws/install/mycobot_600:/home/amin/cobot/cobot_ws/install/mycobot_320pi:/home/amin/cobot/cobot_ws/install/mycobot_320_riscv:/home/amin/cobot/cobot_ws/install/mycobot_320:/home/amin/cobot/cobot_ws/install/mycobot_280rdkx5_moveit2:/home/amin/cobot/cobot_ws/install/mycobot_280pi:/home/amin/cobot/cobot_ws/install/mycobot_280jn:/home/amin/cobot/cobot_ws/install/mycobot_280arduino_moveit2:/home/amin/cobot/cobot_ws/install/mycobot_280_x3pi:/home/amin/cobot/cobot_ws/install/mycobot_280_riscv:/home/amin/cobot/cobot_ws/install/mycobot_280_rdkx5:/home/amin/cobot/cobot_ws/install/mycobot_280_moveit2_control:/home/amin/cobot/cobot_ws/install/mycobot_280_moveit2:/home/amin/cobot/cobot_ws/install/mycobot_280_gazebo_jazzy:/home/amin/cobot/cobot_ws/install/mycobot_280_gazebo:/home/amin/cobot/cobot_ws/install/mycobot_280_arduino:/home/amin/cobot/cobot_ws/install/mycobot_280:/home/amin/cobot/cobot_ws/install/mybuddy:/home/amin/cobot/cobot_ws/install/myarm_300:/home/amin/cobot/cobot_ws/install/mecharm_pi:/home/amin/cobot/cobot_ws/install/mecharm:/home/amin/cobot/cobot_ws/install/mecharm_interfaces:/opt/ros/jazzy DEBUGINFOD_URLS=https://debuginfod.ubuntu.com PYTHONPATH=/home/amin/cobot/cobot_ws/build/mycobot_280_arduino/prefix_override:/usr/lib/python3/dist-packages/colcon_core/task/python/colcon_distutils_commands:/home/amin/cobot/cobot_ws/install/mycobot_280_arduino/lib/python3.12/site-packages:/home/amin/cobot/cobot_ws/install/mycobot_description/lib/python3.12/site-packages:/home/amin/cobot/cobot_ws/install/ultraarm/lib/python3.12/site-packages:/home/amin/cobot/cobot_ws/install/pro450_moveit2_control/lib/python3.12/site-packages:/home/amin/cobot/cobot_ws/install/mypalletizer_communication/lib/python3.12/site-packages:/home/amin/cobot/cobot_ws/install/mypalletizer_interfaces/lib/python3.12/site-packages:/home/amin/cobot/cobot_ws/install/mypalletizer_260_pi/lib/python3.12/site-packages:/home/amin/cobot/cobot_ws/install/mypalletizer_260/lib/python3.12/site-packages:/home/amin/cobot/cobot_ws/install/mycobot_pro_450/lib/python3.12/site-packages:/home/amin/cobot/cobot_ws/install/mycobot_pro450_interfaces/lib/python3.12/site-packages:/home/amin/cobot/cobot_ws/install/myarm_m750/lib/python3.12/site-packages:/home/amin/cobot/cobot_ws/install/myarm_c650/lib/python3.12/site-packages:/home/amin/cobot/cobot_ws/install/mycobot_communication/lib/python3.12/site-packages:/home/amin/cobot/cobot_ws/install/mecharm_communication/lib/python3.12/site-packages:/home/amin/cobot/cobot_ws/install/mycobot_interfaces/lib/python3.12/site-packages:/home/amin/cobot/cobot_ws/install/mycobot_630/lib/python3.12/site-packages:/home/amin/cobot/cobot_ws/install/mycobot_600/lib/python3.12/site-packages:/home/amin/cobot/cobot_ws/install/mycobot_320pi/lib/python3.12/site-packages:/home/amin/cobot/cobot_ws/install/mycobot_320_riscv/lib/python3.12/site-packages:/home/amin/cobot/cobot_ws/install/mycobot_320/lib/python3.12/site-packages:/home/amin/cobot/cobot_ws/install/mycobot_280pi/lib/python3.12/site-packages:/home/amin/cobot/cobot_ws/install/mycobot_280jn/lib/python3.12/site-packages:/home/amin/cobot/cobot_ws/install/mycobot_280_x3pi/lib/python3.12/site-packages:/home/amin/cobot/cobot_ws/install/mycobot_280_riscv/lib/python3.12/site-packages:/home/amin/cobot/cobot_ws/install/mycobot_280_rdkx5/lib/python3.12/site-packages:/home/amin/cobot/cobot_ws/install/mycobot_280_moveit2_control/lib/python3.12/site-packages:/home/amin/cobot/cobot_ws/install/mycobot_280_arduino/lib/python3.12/site-packages:/home/amin/cobot/cobot_ws/install/mycobot_280/lib/python3.12/site-packages:/home/amin/cobot/cobot_ws/install/mybuddy/lib/python3.12/site-packages:/home/amin/cobot/cobot_ws/install/myarm_300/lib/python3.12/site-packages:/home/amin/cobot/cobot_ws/install/mecharm_pi/lib/python3.12/site-packages:/home/amin/cobot/cobot_ws/install/mecharm/lib/python3.12/site-packages:/home/amin/cobot/cobot_ws/install/mecharm_interfaces/lib/python3.12/site-packages:/opt/ros/jazzy/lib/python3.12/site-packages /usr/bin/python3 -W ignore:setup.py install is deprecated -W ignore:easy_install command is deprecated setup.py egg_info --egg-base ../../../../build/mycobot_280_arduino build --build-base /home/amin/cobot/cobot_ws/build/mycobot_280_arduino/build install --record /home/amin/cobot/cobot_ws/build/mycobot_280_arduino/install.log --single-version-externally-managed install_data
[11.589s] Level 1:colcon.colcon_core.environment:checking '/home/amin/cobot/cobot_ws/install/mycobot_280_arduino/lib'
[11.589s] Level 1:colcon.colcon_core.environment:checking '/home/amin/cobot/cobot_ws/install/mycobot_280_arduino/bin'
[11.589s] Level 1:colcon.colcon_core.environment:checking '/home/amin/cobot/cobot_ws/install/mycobot_280_arduino/lib/pkgconfig/mycobot_280_arduino.pc'
[11.590s] Level 1:colcon.colcon_core.environment:checking '/home/amin/cobot/cobot_ws/install/mycobot_280_arduino/lib/python3.12/site-packages'
[11.590s] Level 1:colcon.colcon_core.shell:create_environment_hook('mycobot_280_arduino', 'pythonpath')
[11.590s] INFO:colcon.colcon_core.shell:Creating environment hook '/home/amin/cobot/cobot_ws/install/mycobot_280_arduino/share/mycobot_280_arduino/hook/pythonpath.ps1'
[11.595s] INFO:colcon.colcon_core.shell:Creating environment descriptor '/home/amin/cobot/cobot_ws/install/mycobot_280_arduino/share/mycobot_280_arduino/hook/pythonpath.dsv'
[11.602s] INFO:colcon.colcon_core.shell:Creating environment hook '/home/amin/cobot/cobot_ws/install/mycobot_280_arduino/share/mycobot_280_arduino/hook/pythonpath.sh'
[11.605s] Level 1:colcon.colcon_core.environment:checking '/home/amin/cobot/cobot_ws/install/mycobot_280_arduino/bin'
[11.606s] Level 1:colcon.colcon_core.environment:create_environment_scripts_only(mycobot_280_arduino)
[11.607s] INFO:colcon.colcon_core.shell:Creating package script '/home/amin/cobot/cobot_ws/install/mycobot_280_arduino/share/mycobot_280_arduino/package.ps1'
[11.609s] INFO:colcon.colcon_core.shell:Creating package descriptor '/home/amin/cobot/cobot_ws/install/mycobot_280_arduino/share/mycobot_280_arduino/package.dsv'
[11.610s] INFO:colcon.colcon_core.shell:Creating package script '/home/amin/cobot/cobot_ws/install/mycobot_280_arduino/share/mycobot_280_arduino/package.sh'
[11.610s] INFO:colcon.colcon_core.shell:Creating package script '/home/amin/cobot/cobot_ws/install/mycobot_280_arduino/share/mycobot_280_arduino/package.bash'
[11.610s] INFO:colcon.colcon_core.shell:Creating package script '/home/amin/cobot/cobot_ws/install/mycobot_280_arduino/share/mycobot_280_arduino/package.zsh'
[11.611s] Level 1:colcon.colcon_core.environment:create_file_with_runtime_dependencies(/home/amin/cobot/cobot_ws/install/mycobot_280_arduino/share/colcon-core/packages/mycobot_280_arduino)
[11.611s] INFO:colcon.colcon_ros.task.ament_python.build:Building ROS package in '/home/amin/cobot/cobot_ws/src/mycobot_ros2/mycobot_320/mycobot_320_riscv' with build type 'ament_python'
[11.612s] Level 1:colcon.colcon_core.shell:create_environment_hook('mycobot_320_riscv', 'ament_prefix_path')
[11.612s] INFO:colcon.colcon_core.shell:Creating environment hook '/home/amin/cobot/cobot_ws/install/mycobot_320_riscv/share/mycobot_320_riscv/hook/ament_prefix_path.ps1'
[11.613s] INFO:colcon.colcon_core.shell:Creating environment descriptor '/home/amin/cobot/cobot_ws/install/mycobot_320_riscv/share/mycobot_320_riscv/hook/ament_prefix_path.dsv'
[11.614s] INFO:colcon.colcon_core.shell:Creating environment hook '/home/amin/cobot/cobot_ws/install/mycobot_320_riscv/share/mycobot_320_riscv/hook/ament_prefix_path.sh'
[11.614s] INFO:colcon.colcon_core.shell:Skip shell extension 'powershell' for command environment: Not usable outside of PowerShell
[11.614s] DEBUG:colcon.colcon_core.shell:Skip shell extension 'dsv' for command environment
[12.093s] INFO:colcon.colcon_core.task.python.build:Building Python package in '/home/amin/cobot/cobot_ws/src/mycobot_ros2/mycobot_320/mycobot_320'
[12.094s] INFO:colcon.colcon_core.shell:Skip shell extension 'powershell' for command environment: Not usable outside of PowerShell
[12.094s] DEBUG:colcon.colcon_core.shell:Skip shell extension 'dsv' for command environment
[12.106s] DEBUG:colcon.colcon_core.event_handler.log_command:Invoked command in '/home/amin/cobot/cobot_ws/build/mycobot_280rdkx5_moveit2' returned '0': AMENT_PREFIX_PATH=/home/amin/cobot/cobot_ws/install/mycobot_description:/home/amin/cobot/cobot_ws/install/ultraarm:/home/amin/cobot/cobot_ws/install/pro450_moveit2_control:/home/amin/cobot/cobot_ws/install/pro450_moveit2:/home/amin/cobot/cobot_ws/install/mypalletizer_communication:/home/amin/cobot/cobot_ws/install/mypalletizer_interfaces:/home/amin/cobot/cobot_ws/install/mypalletizer_260_pi:/home/amin/cobot/cobot_ws/install/mypalletizer_260:/home/amin/cobot/cobot_ws/install/mycobot_pro_450:/home/amin/cobot/cobot_ws/install/mycobot_pro450_interfaces:/home/amin/cobot/cobot_ws/install/myarm_m750:/home/amin/cobot/cobot_ws/install/myarm_c650:/home/amin/cobot/cobot_ws/install/mycobot_communication:/home/amin/cobot/cobot_ws/install/mecharm_communication:/home/amin/cobot/cobot_ws/install/mycobot_interfaces:/home/amin/cobot/cobot_ws/install/mycobot_630:/home/amin/cobot/cobot_ws/install/mycobot_600:/home/amin/cobot/cobot_ws/install/mycobot_320pi:/home/amin/cobot/cobot_ws/install/mycobot_320_riscv:/home/amin/cobot/cobot_ws/install/mycobot_320:/home/amin/cobot/cobot_ws/install/mycobot_280rdkx5_moveit2:/home/amin/cobot/cobot_ws/install/mycobot_280pi:/home/amin/cobot/cobot_ws/install/mycobot_280jn:/home/amin/cobot/cobot_ws/install/mycobot_280arduino_moveit2:/home/amin/cobot/cobot_ws/install/mycobot_280_x3pi:/home/amin/cobot/cobot_ws/install/mycobot_280_riscv:/home/amin/cobot/cobot_ws/install/mycobot_280_rdkx5:/home/amin/cobot/cobot_ws/install/mycobot_280_moveit2_control:/home/amin/cobot/cobot_ws/install/mycobot_280_moveit2:/home/amin/cobot/cobot_ws/install/mycobot_280_gazebo_jazzy:/home/amin/cobot/cobot_ws/install/mycobot_280_gazebo:/home/amin/cobot/cobot_ws/install/mycobot_280_arduino:/home/amin/cobot/cobot_ws/install/mycobot_280:/home/amin/cobot/cobot_ws/install/mybuddy:/home/amin/cobot/cobot_ws/install/myarm_300:/home/amin/cobot/cobot_ws/install/mecharm_pi:/home/amin/cobot/cobot_ws/install/mecharm:/home/amin/cobot/cobot_ws/install/mecharm_interfaces:/opt/ros/jazzy CMAKE_PREFIX_PATH=${CMAKE_PREFIX_PATH}:/home/amin/cobot/cobot_ws/install/ultraarm:/home/amin/cobot/cobot_ws/install/pro450_moveit2_control:/home/amin/cobot/cobot_ws/install/mypalletizer_communication:/home/amin/cobot/cobot_ws/install/mypalletizer_260_pi:/home/amin/cobot/cobot_ws/install/mypalletizer_260:/home/amin/cobot/cobot_ws/install/mycobot_pro_450:/home/amin/cobot/cobot_ws/install/myarm_m750:/home/amin/cobot/cobot_ws/install/myarm_c650:/home/amin/cobot/cobot_ws/install/mycobot_communication:/home/amin/cobot/cobot_ws/install/mecharm_communication:/home/amin/cobot/cobot_ws/install/mycobot_630:/home/amin/cobot/cobot_ws/install/mycobot_600:/home/amin/cobot/cobot_ws/install/mycobot_320pi:/home/amin/cobot/cobot_ws/install/mycobot_320_riscv:/home/amin/cobot/cobot_ws/install/mycobot_320:/home/amin/cobot/cobot_ws/install/mycobot_280pi:/home/amin/cobot/cobot_ws/install/mycobot_280jn:/home/amin/cobot/cobot_ws/install/mycobot_280_x3pi:/home/amin/cobot/cobot_ws/install/mycobot_280_riscv:/home/amin/cobot/cobot_ws/install/mycobot_280_rdkx5:/home/amin/cobot/cobot_ws/install/mycobot_280_moveit2_control:/home/amin/cobot/cobot_ws/install/mycobot_280_arduino:/home/amin/cobot/cobot_ws/install/mycobot_280:/home/amin/cobot/cobot_ws/install/mybuddy:/home/amin/cobot/cobot_ws/install/myarm_300:/home/amin/cobot/cobot_ws/install/mecharm_pi:/home/amin/cobot/cobot_ws/install/mecharm:/home/amin/cobot/cobot_ws/install/mycobot_description:/opt/ros/jazzy DEBUGINFOD_URLS=https://debuginfod.ubuntu.com PYTHONPATH=/home/amin/cobot/cobot_ws/install/mycobot_description/lib/python3.12/site-packages:/home/amin/cobot/cobot_ws/install/ultraarm/lib/python3.12/site-packages:/home/amin/cobot/cobot_ws/install/pro450_moveit2_control/lib/python3.12/site-packages:/home/amin/cobot/cobot_ws/install/mypalletizer_communication/lib/python3.12/site-packages:/home/amin/cobot/cobot_ws/install/mypalletizer_interfaces/lib/python3.12/site-packages:/home/amin/cobot/cobot_ws/install/mypalletizer_260_pi/lib/python3.12/site-packages:/home/amin/cobot/cobot_ws/install/mypalletizer_260/lib/python3.12/site-packages:/home/amin/cobot/cobot_ws/install/mycobot_pro_450/lib/python3.12/site-packages:/home/amin/cobot/cobot_ws/install/mycobot_pro450_interfaces/lib/python3.12/site-packages:/home/amin/cobot/cobot_ws/install/myarm_m750/lib/python3.12/site-packages:/home/amin/cobot/cobot_ws/install/myarm_c650/lib/python3.12/site-packages:/home/amin/cobot/cobot_ws/install/mycobot_communication/lib/python3.12/site-packages:/home/amin/cobot/cobot_ws/install/mecharm_communication/lib/python3.12/site-packages:/home/amin/cobot/cobot_ws/install/mycobot_interfaces/lib/python3.12/site-packages:/home/amin/cobot/cobot_ws/install/mycobot_630/lib/python3.12/site-packages:/home/amin/cobot/cobot_ws/install/mycobot_600/lib/python3.12/site-packages:/home/amin/cobot/cobot_ws/install/mycobot_320pi/lib/python3.12/site-packages:/home/amin/cobot/cobot_ws/install/mycobot_320_riscv/lib/python3.12/site-packages:/home/amin/cobot/cobot_ws/install/mycobot_320/lib/python3.12/site-packages:/home/amin/cobot/cobot_ws/install/mycobot_280pi/lib/python3.12/site-packages:/home/amin/cobot/cobot_ws/install/mycobot_280jn/lib/python3.12/site-packages:/home/amin/cobot/cobot_ws/install/mycobot_280_x3pi/lib/python3.12/site-packages:/home/amin/cobot/cobot_ws/install/mycobot_280_riscv/lib/python3.12/site-packages:/home/amin/cobot/cobot_ws/install/mycobot_280_rdkx5/lib/python3.12/site-packages:/home/amin/cobot/cobot_ws/install/mycobot_280_moveit2_control/lib/python3.12/site-packages:/home/amin/cobot/cobot_ws/install/mycobot_280_arduino/lib/python3.12/site-packages:/home/amin/cobot/cobot_ws/install/mycobot_280/lib/python3.12/site-packages:/home/amin/cobot/cobot_ws/install/mybuddy/lib/python3.12/site-packages:/home/amin/cobot/cobot_ws/install/myarm_300/lib/python3.12/site-packages:/home/amin/cobot/cobot_ws/install/mecharm_pi/lib/python3.12/site-packages:/home/amin/cobot/cobot_ws/install/mecharm/lib/python3.12/site-packages:/home/amin/cobot/cobot_ws/install/mecharm_interfaces/lib/python3.12/site-packages:/opt/ros/jazzy/lib/python3.12/site-packages /usr/bin/cmake --build /home/amin/cobot/cobot_ws/build/mycobot_280rdkx5_moveit2 -- -j8 -l8
[12.108s] DEBUG:colcon.colcon_core.event_handler.log_command:Invoking command in '/home/amin/cobot/cobot_ws/build/mycobot_280rdkx5_moveit2': AMENT_PREFIX_PATH=/home/amin/cobot/cobot_ws/install/mycobot_description:/home/amin/cobot/cobot_ws/install/ultraarm:/home/amin/cobot/cobot_ws/install/pro450_moveit2_control:/home/amin/cobot/cobot_ws/install/pro450_moveit2:/home/amin/cobot/cobot_ws/install/mypalletizer_communication:/home/amin/cobot/cobot_ws/install/mypalletizer_interfaces:/home/amin/cobot/cobot_ws/install/mypalletizer_260_pi:/home/amin/cobot/cobot_ws/install/mypalletizer_260:/home/amin/cobot/cobot_ws/install/mycobot_pro_450:/home/amin/cobot/cobot_ws/install/mycobot_pro450_interfaces:/home/amin/cobot/cobot_ws/install/myarm_m750:/home/amin/cobot/cobot_ws/install/myarm_c650:/home/amin/cobot/cobot_ws/install/mycobot_communication:/home/amin/cobot/cobot_ws/install/mecharm_communication:/home/amin/cobot/cobot_ws/install/mycobot_interfaces:/home/amin/cobot/cobot_ws/install/mycobot_630:/home/amin/cobot/cobot_ws/install/mycobot_600:/home/amin/cobot/cobot_ws/install/mycobot_320pi:/home/amin/cobot/cobot_ws/install/mycobot_320_riscv:/home/amin/cobot/cobot_ws/install/mycobot_320:/home/amin/cobot/cobot_ws/install/mycobot_280rdkx5_moveit2:/home/amin/cobot/cobot_ws/install/mycobot_280pi:/home/amin/cobot/cobot_ws/install/mycobot_280jn:/home/amin/cobot/cobot_ws/install/mycobot_280arduino_moveit2:/home/amin/cobot/cobot_ws/install/mycobot_280_x3pi:/home/amin/cobot/cobot_ws/install/mycobot_280_riscv:/home/amin/cobot/cobot_ws/install/mycobot_280_rdkx5:/home/amin/cobot/cobot_ws/install/mycobot_280_moveit2_control:/home/amin/cobot/cobot_ws/install/mycobot_280_moveit2:/home/amin/cobot/cobot_ws/install/mycobot_280_gazebo_jazzy:/home/amin/cobot/cobot_ws/install/mycobot_280_gazebo:/home/amin/cobot/cobot_ws/install/mycobot_280_arduino:/home/amin/cobot/cobot_ws/install/mycobot_280:/home/amin/cobot/cobot_ws/install/mybuddy:/home/amin/cobot/cobot_ws/install/myarm_300:/home/amin/cobot/cobot_ws/install/mecharm_pi:/home/amin/cobot/cobot_ws/install/mecharm:/home/amin/cobot/cobot_ws/install/mecharm_interfaces:/opt/ros/jazzy CMAKE_PREFIX_PATH=${CMAKE_PREFIX_PATH}:/home/amin/cobot/cobot_ws/install/ultraarm:/home/amin/cobot/cobot_ws/install/pro450_moveit2_control:/home/amin/cobot/cobot_ws/install/mypalletizer_communication:/home/amin/cobot/cobot_ws/install/mypalletizer_260_pi:/home/amin/cobot/cobot_ws/install/mypalletizer_260:/home/amin/cobot/cobot_ws/install/mycobot_pro_450:/home/amin/cobot/cobot_ws/install/myarm_m750:/home/amin/cobot/cobot_ws/install/myarm_c650:/home/amin/cobot/cobot_ws/install/mycobot_communication:/home/amin/cobot/cobot_ws/install/mecharm_communication:/home/amin/cobot/cobot_ws/install/mycobot_630:/home/amin/cobot/cobot_ws/install/mycobot_600:/home/amin/cobot/cobot_ws/install/mycobot_320pi:/home/amin/cobot/cobot_ws/install/mycobot_320_riscv:/home/amin/cobot/cobot_ws/install/mycobot_320:/home/amin/cobot/cobot_ws/install/mycobot_280pi:/home/amin/cobot/cobot_ws/install/mycobot_280jn:/home/amin/cobot/cobot_ws/install/mycobot_280_x3pi:/home/amin/cobot/cobot_ws/install/mycobot_280_riscv:/home/amin/cobot/cobot_ws/install/mycobot_280_rdkx5:/home/amin/cobot/cobot_ws/install/mycobot_280_moveit2_control:/home/amin/cobot/cobot_ws/install/mycobot_280_arduino:/home/amin/cobot/cobot_ws/install/mycobot_280:/home/amin/cobot/cobot_ws/install/mybuddy:/home/amin/cobot/cobot_ws/install/myarm_300:/home/amin/cobot/cobot_ws/install/mecharm_pi:/home/amin/cobot/cobot_ws/install/mecharm:/home/amin/cobot/cobot_ws/install/mycobot_description:/opt/ros/jazzy DEBUGINFOD_URLS=https://debuginfod.ubuntu.com PYTHONPATH=/home/amin/cobot/cobot_ws/install/mycobot_description/lib/python3.12/site-packages:/home/amin/cobot/cobot_ws/install/ultraarm/lib/python3.12/site-packages:/home/amin/cobot/cobot_ws/install/pro450_moveit2_control/lib/python3.12/site-packages:/home/amin/cobot/cobot_ws/install/mypalletizer_communication/lib/python3.12/site-packages:/home/amin/cobot/cobot_ws/install/mypalletizer_interfaces/lib/python3.12/site-packages:/home/amin/cobot/cobot_ws/install/mypalletizer_260_pi/lib/python3.12/site-packages:/home/amin/cobot/cobot_ws/install/mypalletizer_260/lib/python3.12/site-packages:/home/amin/cobot/cobot_ws/install/mycobot_pro_450/lib/python3.12/site-packages:/home/amin/cobot/cobot_ws/install/mycobot_pro450_interfaces/lib/python3.12/site-packages:/home/amin/cobot/cobot_ws/install/myarm_m750/lib/python3.12/site-packages:/home/amin/cobot/cobot_ws/install/myarm_c650/lib/python3.12/site-packages:/home/amin/cobot/cobot_ws/install/mycobot_communication/lib/python3.12/site-packages:/home/amin/cobot/cobot_ws/install/mecharm_communication/lib/python3.12/site-packages:/home/amin/cobot/cobot_ws/install/mycobot_interfaces/lib/python3.12/site-packages:/home/amin/cobot/cobot_ws/install/mycobot_630/lib/python3.12/site-packages:/home/amin/cobot/cobot_ws/install/mycobot_600/lib/python3.12/site-packages:/home/amin/cobot/cobot_ws/install/mycobot_320pi/lib/python3.12/site-packages:/home/amin/cobot/cobot_ws/install/mycobot_320_riscv/lib/python3.12/site-packages:/home/amin/cobot/cobot_ws/install/mycobot_320/lib/python3.12/site-packages:/home/amin/cobot/cobot_ws/install/mycobot_280pi/lib/python3.12/site-packages:/home/amin/cobot/cobot_ws/install/mycobot_280jn/lib/python3.12/site-packages:/home/amin/cobot/cobot_ws/install/mycobot_280_x3pi/lib/python3.12/site-packages:/home/amin/cobot/cobot_ws/install/mycobot_280_riscv/lib/python3.12/site-packages:/home/amin/cobot/cobot_ws/install/mycobot_280_rdkx5/lib/python3.12/site-packages:/home/amin/cobot/cobot_ws/install/mycobot_280_moveit2_control/lib/python3.12/site-packages:/home/amin/cobot/cobot_ws/install/mycobot_280_arduino/lib/python3.12/site-packages:/home/amin/cobot/cobot_ws/install/mycobot_280/lib/python3.12/site-packages:/home/amin/cobot/cobot_ws/install/mybuddy/lib/python3.12/site-packages:/home/amin/cobot/cobot_ws/install/myarm_300/lib/python3.12/site-packages:/home/amin/cobot/cobot_ws/install/mecharm_pi/lib/python3.12/site-packages:/home/amin/cobot/cobot_ws/install/mecharm/lib/python3.12/site-packages:/home/amin/cobot/cobot_ws/install/mecharm_interfaces/lib/python3.12/site-packages:/opt/ros/jazzy/lib/python3.12/site-packages /usr/bin/cmake --install /home/amin/cobot/cobot_ws/build/mycobot_280rdkx5_moveit2
[12.113s] DEBUG:colcon.colcon_core.event_handler.log_command:Invoking command in '/home/amin/cobot/cobot_ws/src/mycobot_ros2/mycobot_280/mycobot_280_x3pi': AMENT_PREFIX_PATH=/home/amin/cobot/cobot_ws/install/mycobot_description:/home/amin/cobot/cobot_ws/install/ultraarm:/home/amin/cobot/cobot_ws/install/pro450_moveit2_control:/home/amin/cobot/cobot_ws/install/pro450_moveit2:/home/amin/cobot/cobot_ws/install/mypalletizer_communication:/home/amin/cobot/cobot_ws/install/mypalletizer_interfaces:/home/amin/cobot/cobot_ws/install/mypalletizer_260_pi:/home/amin/cobot/cobot_ws/install/mypalletizer_260:/home/amin/cobot/cobot_ws/install/mycobot_pro_450:/home/amin/cobot/cobot_ws/install/mycobot_pro450_interfaces:/home/amin/cobot/cobot_ws/install/myarm_m750:/home/amin/cobot/cobot_ws/install/myarm_c650:/home/amin/cobot/cobot_ws/install/mycobot_communication:/home/amin/cobot/cobot_ws/install/mecharm_communication:/home/amin/cobot/cobot_ws/install/mycobot_interfaces:/home/amin/cobot/cobot_ws/install/mycobot_630:/home/amin/cobot/cobot_ws/install/mycobot_600:/home/amin/cobot/cobot_ws/install/mycobot_320pi:/home/amin/cobot/cobot_ws/install/mycobot_320_riscv:/home/amin/cobot/cobot_ws/install/mycobot_320:/home/amin/cobot/cobot_ws/install/mycobot_280rdkx5_moveit2:/home/amin/cobot/cobot_ws/install/mycobot_280pi:/home/amin/cobot/cobot_ws/install/mycobot_280jn:/home/amin/cobot/cobot_ws/install/mycobot_280arduino_moveit2:/home/amin/cobot/cobot_ws/install/mycobot_280_x3pi:/home/amin/cobot/cobot_ws/install/mycobot_280_riscv:/home/amin/cobot/cobot_ws/install/mycobot_280_rdkx5:/home/amin/cobot/cobot_ws/install/mycobot_280_moveit2_control:/home/amin/cobot/cobot_ws/install/mycobot_280_moveit2:/home/amin/cobot/cobot_ws/install/mycobot_280_gazebo_jazzy:/home/amin/cobot/cobot_ws/install/mycobot_280_gazebo:/home/amin/cobot/cobot_ws/install/mycobot_280_arduino:/home/amin/cobot/cobot_ws/install/mycobot_280:/home/amin/cobot/cobot_ws/install/mybuddy:/home/amin/cobot/cobot_ws/install/myarm_300:/home/amin/cobot/cobot_ws/install/mecharm_pi:/home/amin/cobot/cobot_ws/install/mecharm:/home/amin/cobot/cobot_ws/install/mecharm_interfaces:/opt/ros/jazzy DEBUGINFOD_URLS=https://debuginfod.ubuntu.com PYTHONPATH=/home/amin/cobot/cobot_ws/build/mycobot_280_x3pi/prefix_override:/usr/lib/python3/dist-packages/colcon_core/task/python/colcon_distutils_commands:/home/amin/cobot/cobot_ws/install/mycobot_280_x3pi/lib/python3.12/site-packages:/home/amin/cobot/cobot_ws/install/mycobot_description/lib/python3.12/site-packages:/home/amin/cobot/cobot_ws/install/ultraarm/lib/python3.12/site-packages:/home/amin/cobot/cobot_ws/install/pro450_moveit2_control/lib/python3.12/site-packages:/home/amin/cobot/cobot_ws/install/mypalletizer_communication/lib/python3.12/site-packages:/home/amin/cobot/cobot_ws/install/mypalletizer_interfaces/lib/python3.12/site-packages:/home/amin/cobot/cobot_ws/install/mypalletizer_260_pi/lib/python3.12/site-packages:/home/amin/cobot/cobot_ws/install/mypalletizer_260/lib/python3.12/site-packages:/home/amin/cobot/cobot_ws/install/mycobot_pro_450/lib/python3.12/site-packages:/home/amin/cobot/cobot_ws/install/mycobot_pro450_interfaces/lib/python3.12/site-packages:/home/amin/cobot/cobot_ws/install/myarm_m750/lib/python3.12/site-packages:/home/amin/cobot/cobot_ws/install/myarm_c650/lib/python3.12/site-packages:/home/amin/cobot/cobot_ws/install/mycobot_communication/lib/python3.12/site-packages:/home/amin/cobot/cobot_ws/install/mecharm_communication/lib/python3.12/site-packages:/home/amin/cobot/cobot_ws/install/mycobot_interfaces/lib/python3.12/site-packages:/home/amin/cobot/cobot_ws/install/mycobot_630/lib/python3.12/site-packages:/home/amin/cobot/cobot_ws/install/mycobot_600/lib/python3.12/site-packages:/home/amin/cobot/cobot_ws/install/mycobot_320pi/lib/python3.12/site-packages:/home/amin/cobot/cobot_ws/install/mycobot_320_riscv/lib/python3.12/site-packages:/home/amin/cobot/cobot_ws/install/mycobot_320/lib/python3.12/site-packages:/home/amin/cobot/cobot_ws/install/mycobot_280pi/lib/python3.12/site-packages:/home/amin/cobot/cobot_ws/install/mycobot_280jn/lib/python3.12/site-packages:/home/amin/cobot/cobot_ws/install/mycobot_280_x3pi/lib/python3.12/site-packages:/home/amin/cobot/cobot_ws/install/mycobot_280_riscv/lib/python3.12/site-packages:/home/amin/cobot/cobot_ws/install/mycobot_280_rdkx5/lib/python3.12/site-packages:/home/amin/cobot/cobot_ws/install/mycobot_280_moveit2_control/lib/python3.12/site-packages:/home/amin/cobot/cobot_ws/install/mycobot_280_arduino/lib/python3.12/site-packages:/home/amin/cobot/cobot_ws/install/mycobot_280/lib/python3.12/site-packages:/home/amin/cobot/cobot_ws/install/mybuddy/lib/python3.12/site-packages:/home/amin/cobot/cobot_ws/install/myarm_300/lib/python3.12/site-packages:/home/amin/cobot/cobot_ws/install/mecharm_pi/lib/python3.12/site-packages:/home/amin/cobot/cobot_ws/install/mecharm/lib/python3.12/site-packages:/home/amin/cobot/cobot_ws/install/mecharm_interfaces/lib/python3.12/site-packages:/opt/ros/jazzy/lib/python3.12/site-packages /usr/bin/python3 -W ignore:setup.py install is deprecated -W ignore:easy_install command is deprecated setup.py egg_info --egg-base ../../../../build/mycobot_280_x3pi build --build-base /home/amin/cobot/cobot_ws/build/mycobot_280_x3pi/build install --record /home/amin/cobot/cobot_ws/build/mycobot_280_x3pi/install.log --single-version-externally-managed install_data
[12.118s] DEBUG:colcon.colcon_core.event_handler.log_command:Invoking command in '/home/amin/cobot/cobot_ws/src/mycobot_ros2/mycobot_280/mycobot_280_riscv': AMENT_PREFIX_PATH=/home/amin/cobot/cobot_ws/install/mycobot_description:/home/amin/cobot/cobot_ws/install/ultraarm:/home/amin/cobot/cobot_ws/install/pro450_moveit2_control:/home/amin/cobot/cobot_ws/install/pro450_moveit2:/home/amin/cobot/cobot_ws/install/mypalletizer_communication:/home/amin/cobot/cobot_ws/install/mypalletizer_interfaces:/home/amin/cobot/cobot_ws/install/mypalletizer_260_pi:/home/amin/cobot/cobot_ws/install/mypalletizer_260:/home/amin/cobot/cobot_ws/install/mycobot_pro_450:/home/amin/cobot/cobot_ws/install/mycobot_pro450_interfaces:/home/amin/cobot/cobot_ws/install/myarm_m750:/home/amin/cobot/cobot_ws/install/myarm_c650:/home/amin/cobot/cobot_ws/install/mycobot_communication:/home/amin/cobot/cobot_ws/install/mecharm_communication:/home/amin/cobot/cobot_ws/install/mycobot_interfaces:/home/amin/cobot/cobot_ws/install/mycobot_630:/home/amin/cobot/cobot_ws/install/mycobot_600:/home/amin/cobot/cobot_ws/install/mycobot_320pi:/home/amin/cobot/cobot_ws/install/mycobot_320_riscv:/home/amin/cobot/cobot_ws/install/mycobot_320:/home/amin/cobot/cobot_ws/install/mycobot_280rdkx5_moveit2:/home/amin/cobot/cobot_ws/install/mycobot_280pi:/home/amin/cobot/cobot_ws/install/mycobot_280jn:/home/amin/cobot/cobot_ws/install/mycobot_280arduino_moveit2:/home/amin/cobot/cobot_ws/install/mycobot_280_x3pi:/home/amin/cobot/cobot_ws/install/mycobot_280_riscv:/home/amin/cobot/cobot_ws/install/mycobot_280_rdkx5:/home/amin/cobot/cobot_ws/install/mycobot_280_moveit2_control:/home/amin/cobot/cobot_ws/install/mycobot_280_moveit2:/home/amin/cobot/cobot_ws/install/mycobot_280_gazebo_jazzy:/home/amin/cobot/cobot_ws/install/mycobot_280_gazebo:/home/amin/cobot/cobot_ws/install/mycobot_280_arduino:/home/amin/cobot/cobot_ws/install/mycobot_280:/home/amin/cobot/cobot_ws/install/mybuddy:/home/amin/cobot/cobot_ws/install/myarm_300:/home/amin/cobot/cobot_ws/install/mecharm_pi:/home/amin/cobot/cobot_ws/install/mecharm:/home/amin/cobot/cobot_ws/install/mecharm_interfaces:/opt/ros/jazzy DEBUGINFOD_URLS=https://debuginfod.ubuntu.com PYTHONPATH=/home/amin/cobot/cobot_ws/build/mycobot_280_riscv/prefix_override:/usr/lib/python3/dist-packages/colcon_core/task/python/colcon_distutils_commands:/home/amin/cobot/cobot_ws/install/mycobot_280_riscv/lib/python3.12/site-packages:/home/amin/cobot/cobot_ws/install/mycobot_description/lib/python3.12/site-packages:/home/amin/cobot/cobot_ws/install/ultraarm/lib/python3.12/site-packages:/home/amin/cobot/cobot_ws/install/pro450_moveit2_control/lib/python3.12/site-packages:/home/amin/cobot/cobot_ws/install/mypalletizer_communication/lib/python3.12/site-packages:/home/amin/cobot/cobot_ws/install/mypalletizer_interfaces/lib/python3.12/site-packages:/home/amin/cobot/cobot_ws/install/mypalletizer_260_pi/lib/python3.12/site-packages:/home/amin/cobot/cobot_ws/install/mypalletizer_260/lib/python3.12/site-packages:/home/amin/cobot/cobot_ws/install/mycobot_pro_450/lib/python3.12/site-packages:/home/amin/cobot/cobot_ws/install/mycobot_pro450_interfaces/lib/python3.12/site-packages:/home/amin/cobot/cobot_ws/install/myarm_m750/lib/python3.12/site-packages:/home/amin/cobot/cobot_ws/install/myarm_c650/lib/python3.12/site-packages:/home/amin/cobot/cobot_ws/install/mycobot_communication/lib/python3.12/site-packages:/home/amin/cobot/cobot_ws/install/mecharm_communication/lib/python3.12/site-packages:/home/amin/cobot/cobot_ws/install/mycobot_interfaces/lib/python3.12/site-packages:/home/amin/cobot/cobot_ws/install/mycobot_630/lib/python3.12/site-packages:/home/amin/cobot/cobot_ws/install/mycobot_600/lib/python3.12/site-packages:/home/amin/cobot/cobot_ws/install/mycobot_320pi/lib/python3.12/site-packages:/home/amin/cobot/cobot_ws/install/mycobot_320_riscv/lib/python3.12/site-packages:/home/amin/cobot/cobot_ws/install/mycobot_320/lib/python3.12/site-packages:/home/amin/cobot/cobot_ws/install/mycobot_280pi/lib/python3.12/site-packages:/home/amin/cobot/cobot_ws/install/mycobot_280jn/lib/python3.12/site-packages:/home/amin/cobot/cobot_ws/install/mycobot_280_x3pi/lib/python3.12/site-packages:/home/amin/cobot/cobot_ws/install/mycobot_280_riscv/lib/python3.12/site-packages:/home/amin/cobot/cobot_ws/install/mycobot_280_rdkx5/lib/python3.12/site-packages:/home/amin/cobot/cobot_ws/install/mycobot_280_moveit2_control/lib/python3.12/site-packages:/home/amin/cobot/cobot_ws/install/mycobot_280_arduino/lib/python3.12/site-packages:/home/amin/cobot/cobot_ws/install/mycobot_280/lib/python3.12/site-packages:/home/amin/cobot/cobot_ws/install/mybuddy/lib/python3.12/site-packages:/home/amin/cobot/cobot_ws/install/myarm_300/lib/python3.12/site-packages:/home/amin/cobot/cobot_ws/install/mecharm_pi/lib/python3.12/site-packages:/home/amin/cobot/cobot_ws/install/mecharm/lib/python3.12/site-packages:/home/amin/cobot/cobot_ws/install/mecharm_interfaces/lib/python3.12/site-packages:/opt/ros/jazzy/lib/python3.12/site-packages /usr/bin/python3 -W ignore:setup.py install is deprecated -W ignore:easy_install command is deprecated setup.py egg_info --egg-base ../../../../build/mycobot_280_riscv build --build-base /home/amin/cobot/cobot_ws/build/mycobot_280_riscv/build install --record /home/amin/cobot/cobot_ws/build/mycobot_280_riscv/install.log --single-version-externally-managed install_data
[12.552s] INFO:colcon.colcon_core.task.python.build:Building Python package in '/home/amin/cobot/cobot_ws/src/mycobot_ros2/mycobot_320/mycobot_320_riscv'
[12.553s] INFO:colcon.colcon_core.shell:Skip shell extension 'powershell' for command environment: Not usable outside of PowerShell
[12.553s] DEBUG:colcon.colcon_core.shell:Skip shell extension 'dsv' for command environment
[12.580s] Level 1:colcon.colcon_core.environment:create_environment_scripts_only(mycobot_280rdkx5_moveit2)
[12.584s] Level 1:colcon.colcon_core.environment:checking '/home/amin/cobot/cobot_ws/install/mycobot_280rdkx5_moveit2' for CMake module files
[12.585s] Level 1:colcon.colcon_core.environment:checking '/home/amin/cobot/cobot_ws/install/mycobot_280rdkx5_moveit2' for CMake config files
[12.585s] Level 1:colcon.colcon_core.shell:create_environment_hook('mycobot_280rdkx5_moveit2', 'cmake_prefix_path')
[12.586s] INFO:colcon.colcon_core.shell:Creating environment hook '/home/amin/cobot/cobot_ws/install/mycobot_280rdkx5_moveit2/share/mycobot_280rdkx5_moveit2/hook/cmake_prefix_path.ps1'
[12.594s] DEBUG:colcon.colcon_core.event_handler.log_command:Invoked command in '/home/amin/cobot/cobot_ws/build/mycobot_280rdkx5_moveit2' returned '0': AMENT_PREFIX_PATH=/home/amin/cobot/cobot_ws/install/mycobot_description:/home/amin/cobot/cobot_ws/install/ultraarm:/home/amin/cobot/cobot_ws/install/pro450_moveit2_control:/home/amin/cobot/cobot_ws/install/pro450_moveit2:/home/amin/cobot/cobot_ws/install/mypalletizer_communication:/home/amin/cobot/cobot_ws/install/mypalletizer_interfaces:/home/amin/cobot/cobot_ws/install/mypalletizer_260_pi:/home/amin/cobot/cobot_ws/install/mypalletizer_260:/home/amin/cobot/cobot_ws/install/mycobot_pro_450:/home/amin/cobot/cobot_ws/install/mycobot_pro450_interfaces:/home/amin/cobot/cobot_ws/install/myarm_m750:/home/amin/cobot/cobot_ws/install/myarm_c650:/home/amin/cobot/cobot_ws/install/mycobot_communication:/home/amin/cobot/cobot_ws/install/mecharm_communication:/home/amin/cobot/cobot_ws/install/mycobot_interfaces:/home/amin/cobot/cobot_ws/install/mycobot_630:/home/amin/cobot/cobot_ws/install/mycobot_600:/home/amin/cobot/cobot_ws/install/mycobot_320pi:/home/amin/cobot/cobot_ws/install/mycobot_320_riscv:/home/amin/cobot/cobot_ws/install/mycobot_320:/home/amin/cobot/cobot_ws/install/mycobot_280rdkx5_moveit2:/home/amin/cobot/cobot_ws/install/mycobot_280pi:/home/amin/cobot/cobot_ws/install/mycobot_280jn:/home/amin/cobot/cobot_ws/install/mycobot_280arduino_moveit2:/home/amin/cobot/cobot_ws/install/mycobot_280_x3pi:/home/amin/cobot/cobot_ws/install/mycobot_280_riscv:/home/amin/cobot/cobot_ws/install/mycobot_280_rdkx5:/home/amin/cobot/cobot_ws/install/mycobot_280_moveit2_control:/home/amin/cobot/cobot_ws/install/mycobot_280_moveit2:/home/amin/cobot/cobot_ws/install/mycobot_280_gazebo_jazzy:/home/amin/cobot/cobot_ws/install/mycobot_280_gazebo:/home/amin/cobot/cobot_ws/install/mycobot_280_arduino:/home/amin/cobot/cobot_ws/install/mycobot_280:/home/amin/cobot/cobot_ws/install/mybuddy:/home/amin/cobot/cobot_ws/install/myarm_300:/home/amin/cobot/cobot_ws/install/mecharm_pi:/home/amin/cobot/cobot_ws/install/mecharm:/home/amin/cobot/cobot_ws/install/mecharm_interfaces:/opt/ros/jazzy CMAKE_PREFIX_PATH=${CMAKE_PREFIX_PATH}:/home/amin/cobot/cobot_ws/install/ultraarm:/home/amin/cobot/cobot_ws/install/pro450_moveit2_control:/home/amin/cobot/cobot_ws/install/mypalletizer_communication:/home/amin/cobot/cobot_ws/install/mypalletizer_260_pi:/home/amin/cobot/cobot_ws/install/mypalletizer_260:/home/amin/cobot/cobot_ws/install/mycobot_pro_450:/home/amin/cobot/cobot_ws/install/myarm_m750:/home/amin/cobot/cobot_ws/install/myarm_c650:/home/amin/cobot/cobot_ws/install/mycobot_communication:/home/amin/cobot/cobot_ws/install/mecharm_communication:/home/amin/cobot/cobot_ws/install/mycobot_630:/home/amin/cobot/cobot_ws/install/mycobot_600:/home/amin/cobot/cobot_ws/install/mycobot_320pi:/home/amin/cobot/cobot_ws/install/mycobot_320_riscv:/home/amin/cobot/cobot_ws/install/mycobot_320:/home/amin/cobot/cobot_ws/install/mycobot_280pi:/home/amin/cobot/cobot_ws/install/mycobot_280jn:/home/amin/cobot/cobot_ws/install/mycobot_280_x3pi:/home/amin/cobot/cobot_ws/install/mycobot_280_riscv:/home/amin/cobot/cobot_ws/install/mycobot_280_rdkx5:/home/amin/cobot/cobot_ws/install/mycobot_280_moveit2_control:/home/amin/cobot/cobot_ws/install/mycobot_280_arduino:/home/amin/cobot/cobot_ws/install/mycobot_280:/home/amin/cobot/cobot_ws/install/mybuddy:/home/amin/cobot/cobot_ws/install/myarm_300:/home/amin/cobot/cobot_ws/install/mecharm_pi:/home/amin/cobot/cobot_ws/install/mecharm:/home/amin/cobot/cobot_ws/install/mycobot_description:/opt/ros/jazzy DEBUGINFOD_URLS=https://debuginfod.ubuntu.com PYTHONPATH=/home/amin/cobot/cobot_ws/install/mycobot_description/lib/python3.12/site-packages:/home/amin/cobot/cobot_ws/install/ultraarm/lib/python3.12/site-packages:/home/amin/cobot/cobot_ws/install/pro450_moveit2_control/lib/python3.12/site-packages:/home/amin/cobot/cobot_ws/install/mypalletizer_communication/lib/python3.12/site-packages:/home/amin/cobot/cobot_ws/install/mypalletizer_interfaces/lib/python3.12/site-packages:/home/amin/cobot/cobot_ws/install/mypalletizer_260_pi/lib/python3.12/site-packages:/home/amin/cobot/cobot_ws/install/mypalletizer_260/lib/python3.12/site-packages:/home/amin/cobot/cobot_ws/install/mycobot_pro_450/lib/python3.12/site-packages:/home/amin/cobot/cobot_ws/install/mycobot_pro450_interfaces/lib/python3.12/site-packages:/home/amin/cobot/cobot_ws/install/myarm_m750/lib/python3.12/site-packages:/home/amin/cobot/cobot_ws/install/myarm_c650/lib/python3.12/site-packages:/home/amin/cobot/cobot_ws/install/mycobot_communication/lib/python3.12/site-packages:/home/amin/cobot/cobot_ws/install/mecharm_communication/lib/python3.12/site-packages:/home/amin/cobot/cobot_ws/install/mycobot_interfaces/lib/python3.12/site-packages:/home/amin/cobot/cobot_ws/install/mycobot_630/lib/python3.12/site-packages:/home/amin/cobot/cobot_ws/install/mycobot_600/lib/python3.12/site-packages:/home/amin/cobot/cobot_ws/install/mycobot_320pi/lib/python3.12/site-packages:/home/amin/cobot/cobot_ws/install/mycobot_320_riscv/lib/python3.12/site-packages:/home/amin/cobot/cobot_ws/install/mycobot_320/lib/python3.12/site-packages:/home/amin/cobot/cobot_ws/install/mycobot_280pi/lib/python3.12/site-packages:/home/amin/cobot/cobot_ws/install/mycobot_280jn/lib/python3.12/site-packages:/home/amin/cobot/cobot_ws/install/mycobot_280_x3pi/lib/python3.12/site-packages:/home/amin/cobot/cobot_ws/install/mycobot_280_riscv/lib/python3.12/site-packages:/home/amin/cobot/cobot_ws/install/mycobot_280_rdkx5/lib/python3.12/site-packages:/home/amin/cobot/cobot_ws/install/mycobot_280_moveit2_control/lib/python3.12/site-packages:/home/amin/cobot/cobot_ws/install/mycobot_280_arduino/lib/python3.12/site-packages:/home/amin/cobot/cobot_ws/install/mycobot_280/lib/python3.12/site-packages:/home/amin/cobot/cobot_ws/install/mybuddy/lib/python3.12/site-packages:/home/amin/cobot/cobot_ws/install/myarm_300/lib/python3.12/site-packages:/home/amin/cobot/cobot_ws/install/mecharm_pi/lib/python3.12/site-packages:/home/amin/cobot/cobot_ws/install/mecharm/lib/python3.12/site-packages:/home/amin/cobot/cobot_ws/install/mecharm_interfaces/lib/python3.12/site-packages:/opt/ros/jazzy/lib/python3.12/site-packages /usr/bin/cmake --install /home/amin/cobot/cobot_ws/build/mycobot_280rdkx5_moveit2
[12.596s] INFO:colcon.colcon_core.shell:Creating environment descriptor '/home/amin/cobot/cobot_ws/install/mycobot_280rdkx5_moveit2/share/mycobot_280rdkx5_moveit2/hook/cmake_prefix_path.dsv'
[12.597s] INFO:colcon.colcon_core.shell:Creating environment hook '/home/amin/cobot/cobot_ws/install/mycobot_280rdkx5_moveit2/share/mycobot_280rdkx5_moveit2/hook/cmake_prefix_path.sh'
[12.603s] Level 1:colcon.colcon_core.environment:checking '/home/amin/cobot/cobot_ws/install/mycobot_280rdkx5_moveit2/bin'
[12.605s] Level 1:colcon.colcon_core.environment:checking '/home/amin/cobot/cobot_ws/install/mycobot_280rdkx5_moveit2/lib/pkgconfig/mycobot_280rdkx5_moveit2.pc'
[12.606s] Level 1:colcon.colcon_core.environment:checking '/home/amin/cobot/cobot_ws/install/mycobot_280rdkx5_moveit2/lib/python3.12/site-packages'
[12.608s] Level 1:colcon.colcon_core.environment:checking '/home/amin/cobot/cobot_ws/install/mycobot_280rdkx5_moveit2/bin'
[12.609s] INFO:colcon.colcon_core.shell:Creating package script '/home/amin/cobot/cobot_ws/install/mycobot_280rdkx5_moveit2/share/mycobot_280rdkx5_moveit2/package.ps1'
[12.612s] INFO:colcon.colcon_core.shell:Creating package descriptor '/home/amin/cobot/cobot_ws/install/mycobot_280rdkx5_moveit2/share/mycobot_280rdkx5_moveit2/package.dsv'
[12.615s] INFO:colcon.colcon_core.shell:Creating package script '/home/amin/cobot/cobot_ws/install/mycobot_280rdkx5_moveit2/share/mycobot_280rdkx5_moveit2/package.sh'
[12.616s] INFO:colcon.colcon_core.shell:Creating package script '/home/amin/cobot/cobot_ws/install/mycobot_280rdkx5_moveit2/share/mycobot_280rdkx5_moveit2/package.bash'
[12.618s] INFO:colcon.colcon_core.shell:Creating package script '/home/amin/cobot/cobot_ws/install/mycobot_280rdkx5_moveit2/share/mycobot_280rdkx5_moveit2/package.zsh'
[12.627s] Level 1:colcon.colcon_core.environment:create_file_with_runtime_dependencies(/home/amin/cobot/cobot_ws/install/mycobot_280rdkx5_moveit2/share/colcon-core/packages/mycobot_280rdkx5_moveit2)
[12.630s] Level 1:colcon.colcon_core.environment:create_environment_scripts_only(mycobot_280rdkx5_moveit2)
[12.631s] Level 1:colcon.colcon_core.environment:checking '/home/amin/cobot/cobot_ws/install/mycobot_280rdkx5_moveit2' for CMake module files
[12.631s] Level 1:colcon.colcon_core.environment:checking '/home/amin/cobot/cobot_ws/install/mycobot_280rdkx5_moveit2' for CMake config files
[12.632s] Level 1:colcon.colcon_core.shell:create_environment_hook('mycobot_280rdkx5_moveit2', 'cmake_prefix_path')
[12.632s] INFO:colcon.colcon_core.shell:Creating environment hook '/home/amin/cobot/cobot_ws/install/mycobot_280rdkx5_moveit2/share/mycobot_280rdkx5_moveit2/hook/cmake_prefix_path.ps1'
[12.632s] INFO:colcon.colcon_core.shell:Creating environment descriptor '/home/amin/cobot/cobot_ws/install/mycobot_280rdkx5_moveit2/share/mycobot_280rdkx5_moveit2/hook/cmake_prefix_path.dsv'
[12.633s] INFO:colcon.colcon_core.shell:Creating environment hook '/home/amin/cobot/cobot_ws/install/mycobot_280rdkx5_moveit2/share/mycobot_280rdkx5_moveit2/hook/cmake_prefix_path.sh'
[12.636s] Level 1:colcon.colcon_core.environment:checking '/home/amin/cobot/cobot_ws/install/mycobot_280rdkx5_moveit2/bin'
[12.636s] Level 1:colcon.colcon_core.environment:checking '/home/amin/cobot/cobot_ws/install/mycobot_280rdkx5_moveit2/lib/pkgconfig/mycobot_280rdkx5_moveit2.pc'
[12.637s] Level 1:colcon.colcon_core.environment:checking '/home/amin/cobot/cobot_ws/install/mycobot_280rdkx5_moveit2/lib/python3.12/site-packages'
[12.638s] Level 1:colcon.colcon_core.environment:checking '/home/amin/cobot/cobot_ws/install/mycobot_280rdkx5_moveit2/bin'
[12.640s] INFO:colcon.colcon_core.shell:Creating package script '/home/amin/cobot/cobot_ws/install/mycobot_280rdkx5_moveit2/share/mycobot_280rdkx5_moveit2/package.ps1'
[12.641s] INFO:colcon.colcon_core.shell:Creating package descriptor '/home/amin/cobot/cobot_ws/install/mycobot_280rdkx5_moveit2/share/mycobot_280rdkx5_moveit2/package.dsv'
[12.645s] INFO:colcon.colcon_core.shell:Creating package script '/home/amin/cobot/cobot_ws/install/mycobot_280rdkx5_moveit2/share/mycobot_280rdkx5_moveit2/package.sh'
[12.646s] INFO:colcon.colcon_core.shell:Creating package script '/home/amin/cobot/cobot_ws/install/mycobot_280rdkx5_moveit2/share/mycobot_280rdkx5_moveit2/package.bash'
[12.648s] INFO:colcon.colcon_core.shell:Creating package script '/home/amin/cobot/cobot_ws/install/mycobot_280rdkx5_moveit2/share/mycobot_280rdkx5_moveit2/package.zsh'
[12.648s] Level 1:colcon.colcon_core.environment:create_file_with_runtime_dependencies(/home/amin/cobot/cobot_ws/install/mycobot_280rdkx5_moveit2/share/colcon-core/packages/mycobot_280rdkx5_moveit2)
[12.650s] INFO:colcon.colcon_ros.task.ament_python.build:Building ROS package in '/home/amin/cobot/cobot_ws/src/mycobot_ros2/mycobot_320/mycobot_320pi' with build type 'ament_python'
[12.650s] Level 1:colcon.colcon_core.shell:create_environment_hook('mycobot_320pi', 'ament_prefix_path')
[12.651s] INFO:colcon.colcon_core.shell:Creating environment hook '/home/amin/cobot/cobot_ws/install/mycobot_320pi/share/mycobot_320pi/hook/ament_prefix_path.ps1'
[12.652s] INFO:colcon.colcon_core.shell:Creating environment descriptor '/home/amin/cobot/cobot_ws/install/mycobot_320pi/share/mycobot_320pi/hook/ament_prefix_path.dsv'
[12.652s] INFO:colcon.colcon_core.shell:Creating environment hook '/home/amin/cobot/cobot_ws/install/mycobot_320pi/share/mycobot_320pi/hook/ament_prefix_path.sh'
[12.653s] INFO:colcon.colcon_core.shell:Skip shell extension 'powershell' for command environment: Not usable outside of PowerShell
[12.653s] DEBUG:colcon.colcon_core.shell:Skip shell extension 'dsv' for command environment
[12.689s] Level 1:colcon.colcon_core.environment:checking '/home/amin/cobot/cobot_ws/install/mycobot_280_moveit2_control' for CMake module files
[12.690s] Level 1:colcon.colcon_core.environment:checking '/home/amin/cobot/cobot_ws/install/mycobot_280_moveit2_control' for CMake config files
[12.690s] Level 1:colcon.colcon_core.environment:checking '/home/amin/cobot/cobot_ws/install/mycobot_280_moveit2_control/lib'
[12.691s] Level 1:colcon.colcon_core.environment:checking '/home/amin/cobot/cobot_ws/install/mycobot_280_moveit2_control/bin'
[12.691s] Level 1:colcon.colcon_core.environment:checking '/home/amin/cobot/cobot_ws/install/mycobot_280_moveit2_control/lib/pkgconfig/mycobot_280_moveit2_control.pc'
[12.691s] Level 1:colcon.colcon_core.environment:checking '/home/amin/cobot/cobot_ws/install/mycobot_280_moveit2_control/lib/python3.12/site-packages'
[12.691s] Level 1:colcon.colcon_core.shell:create_environment_hook('mycobot_280_moveit2_control', 'pythonpath')
[12.693s] INFO:colcon.colcon_core.shell:Creating environment hook '/home/amin/cobot/cobot_ws/install/mycobot_280_moveit2_control/share/mycobot_280_moveit2_control/hook/pythonpath.ps1'
[12.694s] DEBUG:colcon.colcon_core.event_handler.log_command:Invoked command in '/home/amin/cobot/cobot_ws/src/mycobot_ros2/mycobot_280/mycobot_280_moveit2_control' returned '0': AMENT_PREFIX_PATH=/home/amin/cobot/cobot_ws/install/mycobot_description:/home/amin/cobot/cobot_ws/install/ultraarm:/home/amin/cobot/cobot_ws/install/pro450_moveit2_control:/home/amin/cobot/cobot_ws/install/pro450_moveit2:/home/amin/cobot/cobot_ws/install/mypalletizer_communication:/home/amin/cobot/cobot_ws/install/mypalletizer_interfaces:/home/amin/cobot/cobot_ws/install/mypalletizer_260_pi:/home/amin/cobot/cobot_ws/install/mypalletizer_260:/home/amin/cobot/cobot_ws/install/mycobot_pro_450:/home/amin/cobot/cobot_ws/install/mycobot_pro450_interfaces:/home/amin/cobot/cobot_ws/install/myarm_m750:/home/amin/cobot/cobot_ws/install/myarm_c650:/home/amin/cobot/cobot_ws/install/mycobot_communication:/home/amin/cobot/cobot_ws/install/mecharm_communication:/home/amin/cobot/cobot_ws/install/mycobot_interfaces:/home/amin/cobot/cobot_ws/install/mycobot_630:/home/amin/cobot/cobot_ws/install/mycobot_600:/home/amin/cobot/cobot_ws/install/mycobot_320pi:/home/amin/cobot/cobot_ws/install/mycobot_320_riscv:/home/amin/cobot/cobot_ws/install/mycobot_320:/home/amin/cobot/cobot_ws/install/mycobot_280rdkx5_moveit2:/home/amin/cobot/cobot_ws/install/mycobot_280pi:/home/amin/cobot/cobot_ws/install/mycobot_280jn:/home/amin/cobot/cobot_ws/install/mycobot_280arduino_moveit2:/home/amin/cobot/cobot_ws/install/mycobot_280_x3pi:/home/amin/cobot/cobot_ws/install/mycobot_280_riscv:/home/amin/cobot/cobot_ws/install/mycobot_280_rdkx5:/home/amin/cobot/cobot_ws/install/mycobot_280_moveit2_control:/home/amin/cobot/cobot_ws/install/mycobot_280_moveit2:/home/amin/cobot/cobot_ws/install/mycobot_280_gazebo_jazzy:/home/amin/cobot/cobot_ws/install/mycobot_280_gazebo:/home/amin/cobot/cobot_ws/install/mycobot_280_arduino:/home/amin/cobot/cobot_ws/install/mycobot_280:/home/amin/cobot/cobot_ws/install/mybuddy:/home/amin/cobot/cobot_ws/install/myarm_300:/home/amin/cobot/cobot_ws/install/mecharm_pi:/home/amin/cobot/cobot_ws/install/mecharm:/home/amin/cobot/cobot_ws/install/mecharm_interfaces:/opt/ros/jazzy DEBUGINFOD_URLS=https://debuginfod.ubuntu.com PYTHONPATH=/home/amin/cobot/cobot_ws/build/mycobot_280_moveit2_control/prefix_override:/usr/lib/python3/dist-packages/colcon_core/task/python/colcon_distutils_commands:/home/amin/cobot/cobot_ws/install/mycobot_280_moveit2_control/lib/python3.12/site-packages:/home/amin/cobot/cobot_ws/install/mycobot_description/lib/python3.12/site-packages:/home/amin/cobot/cobot_ws/install/ultraarm/lib/python3.12/site-packages:/home/amin/cobot/cobot_ws/install/pro450_moveit2_control/lib/python3.12/site-packages:/home/amin/cobot/cobot_ws/install/mypalletizer_communication/lib/python3.12/site-packages:/home/amin/cobot/cobot_ws/install/mypalletizer_interfaces/lib/python3.12/site-packages:/home/amin/cobot/cobot_ws/install/mypalletizer_260_pi/lib/python3.12/site-packages:/home/amin/cobot/cobot_ws/install/mypalletizer_260/lib/python3.12/site-packages:/home/amin/cobot/cobot_ws/install/mycobot_pro_450/lib/python3.12/site-packages:/home/amin/cobot/cobot_ws/install/mycobot_pro450_interfaces/lib/python3.12/site-packages:/home/amin/cobot/cobot_ws/install/myarm_m750/lib/python3.12/site-packages:/home/amin/cobot/cobot_ws/install/myarm_c650/lib/python3.12/site-packages:/home/amin/cobot/cobot_ws/install/mycobot_communication/lib/python3.12/site-packages:/home/amin/cobot/cobot_ws/install/mecharm_communication/lib/python3.12/site-packages:/home/amin/cobot/cobot_ws/install/mycobot_interfaces/lib/python3.12/site-packages:/home/amin/cobot/cobot_ws/install/mycobot_630/lib/python3.12/site-packages:/home/amin/cobot/cobot_ws/install/mycobot_600/lib/python3.12/site-packages:/home/amin/cobot/cobot_ws/install/mycobot_320pi/lib/python3.12/site-packages:/home/amin/cobot/cobot_ws/install/mycobot_320_riscv/lib/python3.12/site-packages:/home/amin/cobot/cobot_ws/install/mycobot_320/lib/python3.12/site-packages:/home/amin/cobot/cobot_ws/install/mycobot_280pi/lib/python3.12/site-packages:/home/amin/cobot/cobot_ws/install/mycobot_280jn/lib/python3.12/site-packages:/home/amin/cobot/cobot_ws/install/mycobot_280_x3pi/lib/python3.12/site-packages:/home/amin/cobot/cobot_ws/install/mycobot_280_riscv/lib/python3.12/site-packages:/home/amin/cobot/cobot_ws/install/mycobot_280_rdkx5/lib/python3.12/site-packages:/home/amin/cobot/cobot_ws/install/mycobot_280_moveit2_control/lib/python3.12/site-packages:/home/amin/cobot/cobot_ws/install/mycobot_280_arduino/lib/python3.12/site-packages:/home/amin/cobot/cobot_ws/install/mycobot_280/lib/python3.12/site-packages:/home/amin/cobot/cobot_ws/install/mybuddy/lib/python3.12/site-packages:/home/amin/cobot/cobot_ws/install/myarm_300/lib/python3.12/site-packages:/home/amin/cobot/cobot_ws/install/mecharm_pi/lib/python3.12/site-packages:/home/amin/cobot/cobot_ws/install/mecharm/lib/python3.12/site-packages:/home/amin/cobot/cobot_ws/install/mecharm_interfaces/lib/python3.12/site-packages:/opt/ros/jazzy/lib/python3.12/site-packages /usr/bin/python3 -W ignore:setup.py install is deprecated -W ignore:easy_install command is deprecated setup.py egg_info --egg-base ../../../../build/mycobot_280_moveit2_control build --build-base /home/amin/cobot/cobot_ws/build/mycobot_280_moveit2_control/build install --record /home/amin/cobot/cobot_ws/build/mycobot_280_moveit2_control/install.log --single-version-externally-managed install_data
[12.695s] INFO:colcon.colcon_core.shell:Creating environment descriptor '/home/amin/cobot/cobot_ws/install/mycobot_280_moveit2_control/share/mycobot_280_moveit2_control/hook/pythonpath.dsv'
[12.697s] INFO:colcon.colcon_core.shell:Creating environment hook '/home/amin/cobot/cobot_ws/install/mycobot_280_moveit2_control/share/mycobot_280_moveit2_control/hook/pythonpath.sh'
[12.703s] Level 1:colcon.colcon_core.environment:checking '/home/amin/cobot/cobot_ws/install/mycobot_280_moveit2_control/bin'
[12.706s] Level 1:colcon.colcon_core.environment:create_environment_scripts_only(mycobot_280_moveit2_control)
[12.707s] INFO:colcon.colcon_core.shell:Creating package script '/home/amin/cobot/cobot_ws/install/mycobot_280_moveit2_control/share/mycobot_280_moveit2_control/package.ps1'
[12.714s] INFO:colcon.colcon_core.shell:Creating package descriptor '/home/amin/cobot/cobot_ws/install/mycobot_280_moveit2_control/share/mycobot_280_moveit2_control/package.dsv'
[12.714s] INFO:colcon.colcon_core.shell:Creating package script '/home/amin/cobot/cobot_ws/install/mycobot_280_moveit2_control/share/mycobot_280_moveit2_control/package.sh'
[12.715s] INFO:colcon.colcon_core.shell:Creating package script '/home/amin/cobot/cobot_ws/install/mycobot_280_moveit2_control/share/mycobot_280_moveit2_control/package.bash'
[12.716s] INFO:colcon.colcon_core.shell:Creating package script '/home/amin/cobot/cobot_ws/install/mycobot_280_moveit2_control/share/mycobot_280_moveit2_control/package.zsh'
[12.716s] Level 1:colcon.colcon_core.environment:create_file_with_runtime_dependencies(/home/amin/cobot/cobot_ws/install/mycobot_280_moveit2_control/share/colcon-core/packages/mycobot_280_moveit2_control)
[12.717s] INFO:colcon.colcon_ros.task.ament_python.build:Building ROS package in '/home/amin/cobot/cobot_ws/src/mycobot_ros2/mycobot_pro/mycobot_600' with build type 'ament_python'
[12.717s] Level 1:colcon.colcon_core.shell:create_environment_hook('mycobot_600', 'ament_prefix_path')
[12.717s] INFO:colcon.colcon_core.shell:Creating environment hook '/home/amin/cobot/cobot_ws/install/mycobot_600/share/mycobot_600/hook/ament_prefix_path.ps1'
[12.721s] INFO:colcon.colcon_core.shell:Creating environment descriptor '/home/amin/cobot/cobot_ws/install/mycobot_600/share/mycobot_600/hook/ament_prefix_path.dsv'
[12.727s] INFO:colcon.colcon_core.shell:Creating environment hook '/home/amin/cobot/cobot_ws/install/mycobot_600/share/mycobot_600/hook/ament_prefix_path.sh'
[12.728s] INFO:colcon.colcon_core.shell:Skip shell extension 'powershell' for command environment: Not usable outside of PowerShell
[12.728s] DEBUG:colcon.colcon_core.shell:Skip shell extension 'dsv' for command environment
[13.155s] INFO:colcon.colcon_core.task.python.build:Building Python package in '/home/amin/cobot/cobot_ws/src/mycobot_ros2/mycobot_320/mycobot_320pi'
[13.156s] INFO:colcon.colcon_core.shell:Skip shell extension 'powershell' for command environment: Not usable outside of PowerShell
[13.156s] DEBUG:colcon.colcon_core.shell:Skip shell extension 'dsv' for command environment
[13.177s] DEBUG:colcon.colcon_core.event_handler.log_command:Invoking command in '/home/amin/cobot/cobot_ws/src/mycobot_ros2/mycobot_280/mycobot_280jn': AMENT_PREFIX_PATH=/home/amin/cobot/cobot_ws/install/mycobot_description:/home/amin/cobot/cobot_ws/install/ultraarm:/home/amin/cobot/cobot_ws/install/pro450_moveit2_control:/home/amin/cobot/cobot_ws/install/pro450_moveit2:/home/amin/cobot/cobot_ws/install/mypalletizer_communication:/home/amin/cobot/cobot_ws/install/mypalletizer_interfaces:/home/amin/cobot/cobot_ws/install/mypalletizer_260_pi:/home/amin/cobot/cobot_ws/install/mypalletizer_260:/home/amin/cobot/cobot_ws/install/mycobot_pro_450:/home/amin/cobot/cobot_ws/install/mycobot_pro450_interfaces:/home/amin/cobot/cobot_ws/install/myarm_m750:/home/amin/cobot/cobot_ws/install/myarm_c650:/home/amin/cobot/cobot_ws/install/mycobot_communication:/home/amin/cobot/cobot_ws/install/mecharm_communication:/home/amin/cobot/cobot_ws/install/mycobot_interfaces:/home/amin/cobot/cobot_ws/install/mycobot_630:/home/amin/cobot/cobot_ws/install/mycobot_600:/home/amin/cobot/cobot_ws/install/mycobot_320pi:/home/amin/cobot/cobot_ws/install/mycobot_320_riscv:/home/amin/cobot/cobot_ws/install/mycobot_320:/home/amin/cobot/cobot_ws/install/mycobot_280rdkx5_moveit2:/home/amin/cobot/cobot_ws/install/mycobot_280pi:/home/amin/cobot/cobot_ws/install/mycobot_280jn:/home/amin/cobot/cobot_ws/install/mycobot_280arduino_moveit2:/home/amin/cobot/cobot_ws/install/mycobot_280_x3pi:/home/amin/cobot/cobot_ws/install/mycobot_280_riscv:/home/amin/cobot/cobot_ws/install/mycobot_280_rdkx5:/home/amin/cobot/cobot_ws/install/mycobot_280_moveit2_control:/home/amin/cobot/cobot_ws/install/mycobot_280_moveit2:/home/amin/cobot/cobot_ws/install/mycobot_280_gazebo_jazzy:/home/amin/cobot/cobot_ws/install/mycobot_280_gazebo:/home/amin/cobot/cobot_ws/install/mycobot_280_arduino:/home/amin/cobot/cobot_ws/install/mycobot_280:/home/amin/cobot/cobot_ws/install/mybuddy:/home/amin/cobot/cobot_ws/install/myarm_300:/home/amin/cobot/cobot_ws/install/mecharm_pi:/home/amin/cobot/cobot_ws/install/mecharm:/home/amin/cobot/cobot_ws/install/mecharm_interfaces:/opt/ros/jazzy DEBUGINFOD_URLS=https://debuginfod.ubuntu.com PYTHONPATH=/home/amin/cobot/cobot_ws/build/mycobot_280jn/prefix_override:/usr/lib/python3/dist-packages/colcon_core/task/python/colcon_distutils_commands:/home/amin/cobot/cobot_ws/install/mycobot_280jn/lib/python3.12/site-packages:/home/amin/cobot/cobot_ws/install/mycobot_description/lib/python3.12/site-packages:/home/amin/cobot/cobot_ws/install/ultraarm/lib/python3.12/site-packages:/home/amin/cobot/cobot_ws/install/pro450_moveit2_control/lib/python3.12/site-packages:/home/amin/cobot/cobot_ws/install/mypalletizer_communication/lib/python3.12/site-packages:/home/amin/cobot/cobot_ws/install/mypalletizer_interfaces/lib/python3.12/site-packages:/home/amin/cobot/cobot_ws/install/mypalletizer_260_pi/lib/python3.12/site-packages:/home/amin/cobot/cobot_ws/install/mypalletizer_260/lib/python3.12/site-packages:/home/amin/cobot/cobot_ws/install/mycobot_pro_450/lib/python3.12/site-packages:/home/amin/cobot/cobot_ws/install/mycobot_pro450_interfaces/lib/python3.12/site-packages:/home/amin/cobot/cobot_ws/install/myarm_m750/lib/python3.12/site-packages:/home/amin/cobot/cobot_ws/install/myarm_c650/lib/python3.12/site-packages:/home/amin/cobot/cobot_ws/install/mycobot_communication/lib/python3.12/site-packages:/home/amin/cobot/cobot_ws/install/mecharm_communication/lib/python3.12/site-packages:/home/amin/cobot/cobot_ws/install/mycobot_interfaces/lib/python3.12/site-packages:/home/amin/cobot/cobot_ws/install/mycobot_630/lib/python3.12/site-packages:/home/amin/cobot/cobot_ws/install/mycobot_600/lib/python3.12/site-packages:/home/amin/cobot/cobot_ws/install/mycobot_320pi/lib/python3.12/site-packages:/home/amin/cobot/cobot_ws/install/mycobot_320_riscv/lib/python3.12/site-packages:/home/amin/cobot/cobot_ws/install/mycobot_320/lib/python3.12/site-packages:/home/amin/cobot/cobot_ws/install/mycobot_280pi/lib/python3.12/site-packages:/home/amin/cobot/cobot_ws/install/mycobot_280jn/lib/python3.12/site-packages:/home/amin/cobot/cobot_ws/install/mycobot_280_x3pi/lib/python3.12/site-packages:/home/amin/cobot/cobot_ws/install/mycobot_280_riscv/lib/python3.12/site-packages:/home/amin/cobot/cobot_ws/install/mycobot_280_rdkx5/lib/python3.12/site-packages:/home/amin/cobot/cobot_ws/install/mycobot_280_moveit2_control/lib/python3.12/site-packages:/home/amin/cobot/cobot_ws/install/mycobot_280_arduino/lib/python3.12/site-packages:/home/amin/cobot/cobot_ws/install/mycobot_280/lib/python3.12/site-packages:/home/amin/cobot/cobot_ws/install/mybuddy/lib/python3.12/site-packages:/home/amin/cobot/cobot_ws/install/myarm_300/lib/python3.12/site-packages:/home/amin/cobot/cobot_ws/install/mecharm_pi/lib/python3.12/site-packages:/home/amin/cobot/cobot_ws/install/mecharm/lib/python3.12/site-packages:/home/amin/cobot/cobot_ws/install/mecharm_interfaces/lib/python3.12/site-packages:/opt/ros/jazzy/lib/python3.12/site-packages /usr/bin/python3 -W ignore:setup.py install is deprecated -W ignore:easy_install command is deprecated setup.py egg_info --egg-base ../../../../build/mycobot_280jn build --build-base /home/amin/cobot/cobot_ws/build/mycobot_280jn/build install --record /home/amin/cobot/cobot_ws/build/mycobot_280jn/install.log --single-version-externally-managed install_data
[13.178s] DEBUG:colcon.colcon_core.event_handler.log_command:Invoking command in '/home/amin/cobot/cobot_ws/src/mycobot_ros2/mycobot_280/mycobot_280pi': AMENT_PREFIX_PATH=/home/amin/cobot/cobot_ws/install/mycobot_description:/home/amin/cobot/cobot_ws/install/ultraarm:/home/amin/cobot/cobot_ws/install/pro450_moveit2_control:/home/amin/cobot/cobot_ws/install/pro450_moveit2:/home/amin/cobot/cobot_ws/install/mypalletizer_communication:/home/amin/cobot/cobot_ws/install/mypalletizer_interfaces:/home/amin/cobot/cobot_ws/install/mypalletizer_260_pi:/home/amin/cobot/cobot_ws/install/mypalletizer_260:/home/amin/cobot/cobot_ws/install/mycobot_pro_450:/home/amin/cobot/cobot_ws/install/mycobot_pro450_interfaces:/home/amin/cobot/cobot_ws/install/myarm_m750:/home/amin/cobot/cobot_ws/install/myarm_c650:/home/amin/cobot/cobot_ws/install/mycobot_communication:/home/amin/cobot/cobot_ws/install/mecharm_communication:/home/amin/cobot/cobot_ws/install/mycobot_interfaces:/home/amin/cobot/cobot_ws/install/mycobot_630:/home/amin/cobot/cobot_ws/install/mycobot_600:/home/amin/cobot/cobot_ws/install/mycobot_320pi:/home/amin/cobot/cobot_ws/install/mycobot_320_riscv:/home/amin/cobot/cobot_ws/install/mycobot_320:/home/amin/cobot/cobot_ws/install/mycobot_280rdkx5_moveit2:/home/amin/cobot/cobot_ws/install/mycobot_280pi:/home/amin/cobot/cobot_ws/install/mycobot_280jn:/home/amin/cobot/cobot_ws/install/mycobot_280arduino_moveit2:/home/amin/cobot/cobot_ws/install/mycobot_280_x3pi:/home/amin/cobot/cobot_ws/install/mycobot_280_riscv:/home/amin/cobot/cobot_ws/install/mycobot_280_rdkx5:/home/amin/cobot/cobot_ws/install/mycobot_280_moveit2_control:/home/amin/cobot/cobot_ws/install/mycobot_280_moveit2:/home/amin/cobot/cobot_ws/install/mycobot_280_gazebo_jazzy:/home/amin/cobot/cobot_ws/install/mycobot_280_gazebo:/home/amin/cobot/cobot_ws/install/mycobot_280_arduino:/home/amin/cobot/cobot_ws/install/mycobot_280:/home/amin/cobot/cobot_ws/install/mybuddy:/home/amin/cobot/cobot_ws/install/myarm_300:/home/amin/cobot/cobot_ws/install/mecharm_pi:/home/amin/cobot/cobot_ws/install/mecharm:/home/amin/cobot/cobot_ws/install/mecharm_interfaces:/opt/ros/jazzy DEBUGINFOD_URLS=https://debuginfod.ubuntu.com PYTHONPATH=/home/amin/cobot/cobot_ws/build/mycobot_280pi/prefix_override:/usr/lib/python3/dist-packages/colcon_core/task/python/colcon_distutils_commands:/home/amin/cobot/cobot_ws/install/mycobot_280pi/lib/python3.12/site-packages:/home/amin/cobot/cobot_ws/install/mycobot_description/lib/python3.12/site-packages:/home/amin/cobot/cobot_ws/install/ultraarm/lib/python3.12/site-packages:/home/amin/cobot/cobot_ws/install/pro450_moveit2_control/lib/python3.12/site-packages:/home/amin/cobot/cobot_ws/install/mypalletizer_communication/lib/python3.12/site-packages:/home/amin/cobot/cobot_ws/install/mypalletizer_interfaces/lib/python3.12/site-packages:/home/amin/cobot/cobot_ws/install/mypalletizer_260_pi/lib/python3.12/site-packages:/home/amin/cobot/cobot_ws/install/mypalletizer_260/lib/python3.12/site-packages:/home/amin/cobot/cobot_ws/install/mycobot_pro_450/lib/python3.12/site-packages:/home/amin/cobot/cobot_ws/install/mycobot_pro450_interfaces/lib/python3.12/site-packages:/home/amin/cobot/cobot_ws/install/myarm_m750/lib/python3.12/site-packages:/home/amin/cobot/cobot_ws/install/myarm_c650/lib/python3.12/site-packages:/home/amin/cobot/cobot_ws/install/mycobot_communication/lib/python3.12/site-packages:/home/amin/cobot/cobot_ws/install/mecharm_communication/lib/python3.12/site-packages:/home/amin/cobot/cobot_ws/install/mycobot_interfaces/lib/python3.12/site-packages:/home/amin/cobot/cobot_ws/install/mycobot_630/lib/python3.12/site-packages:/home/amin/cobot/cobot_ws/install/mycobot_600/lib/python3.12/site-packages:/home/amin/cobot/cobot_ws/install/mycobot_320pi/lib/python3.12/site-packages:/home/amin/cobot/cobot_ws/install/mycobot_320_riscv/lib/python3.12/site-packages:/home/amin/cobot/cobot_ws/install/mycobot_320/lib/python3.12/site-packages:/home/amin/cobot/cobot_ws/install/mycobot_280pi/lib/python3.12/site-packages:/home/amin/cobot/cobot_ws/install/mycobot_280jn/lib/python3.12/site-packages:/home/amin/cobot/cobot_ws/install/mycobot_280_x3pi/lib/python3.12/site-packages:/home/amin/cobot/cobot_ws/install/mycobot_280_riscv/lib/python3.12/site-packages:/home/amin/cobot/cobot_ws/install/mycobot_280_rdkx5/lib/python3.12/site-packages:/home/amin/cobot/cobot_ws/install/mycobot_280_moveit2_control/lib/python3.12/site-packages:/home/amin/cobot/cobot_ws/install/mycobot_280_arduino/lib/python3.12/site-packages:/home/amin/cobot/cobot_ws/install/mycobot_280/lib/python3.12/site-packages:/home/amin/cobot/cobot_ws/install/mybuddy/lib/python3.12/site-packages:/home/amin/cobot/cobot_ws/install/myarm_300/lib/python3.12/site-packages:/home/amin/cobot/cobot_ws/install/mecharm_pi/lib/python3.12/site-packages:/home/amin/cobot/cobot_ws/install/mecharm/lib/python3.12/site-packages:/home/amin/cobot/cobot_ws/install/mecharm_interfaces/lib/python3.12/site-packages:/opt/ros/jazzy/lib/python3.12/site-packages /usr/bin/python3 -W ignore:setup.py install is deprecated -W ignore:easy_install command is deprecated setup.py egg_info --egg-base ../../../../build/mycobot_280pi build --build-base /home/amin/cobot/cobot_ws/build/mycobot_280pi/build install --record /home/amin/cobot/cobot_ws/build/mycobot_280pi/install.log --single-version-externally-managed install_data
[13.598s] INFO:colcon.colcon_core.task.python.build:Building Python package in '/home/amin/cobot/cobot_ws/src/mycobot_ros2/mycobot_pro/mycobot_600'
[13.599s] INFO:colcon.colcon_core.shell:Skip shell extension 'powershell' for command environment: Not usable outside of PowerShell
[13.599s] DEBUG:colcon.colcon_core.shell:Skip shell extension 'dsv' for command environment
[13.616s] Level 1:colcon.colcon_core.environment:checking '/home/amin/cobot/cobot_ws/install/mycobot_280_x3pi' for CMake module files
[13.617s] Level 1:colcon.colcon_core.environment:checking '/home/amin/cobot/cobot_ws/install/mycobot_280_x3pi' for CMake config files
[13.619s] Level 1:colcon.colcon_core.environment:checking '/home/amin/cobot/cobot_ws/install/mycobot_280_x3pi/lib'
[13.619s] Level 1:colcon.colcon_core.environment:checking '/home/amin/cobot/cobot_ws/install/mycobot_280_x3pi/bin'
[13.619s] Level 1:colcon.colcon_core.environment:checking '/home/amin/cobot/cobot_ws/install/mycobot_280_x3pi/lib/pkgconfig/mycobot_280_x3pi.pc'
[13.619s] Level 1:colcon.colcon_core.environment:checking '/home/amin/cobot/cobot_ws/install/mycobot_280_x3pi/lib/python3.12/site-packages'
[13.620s] Level 1:colcon.colcon_core.shell:create_environment_hook('mycobot_280_x3pi', 'pythonpath')
[13.620s] INFO:colcon.colcon_core.shell:Creating environment hook '/home/amin/cobot/cobot_ws/install/mycobot_280_x3pi/share/mycobot_280_x3pi/hook/pythonpath.ps1'
[13.622s] INFO:colcon.colcon_core.shell:Creating environment descriptor '/home/amin/cobot/cobot_ws/install/mycobot_280_x3pi/share/mycobot_280_x3pi/hook/pythonpath.dsv'
[13.623s] INFO:colcon.colcon_core.shell:Creating environment hook '/home/amin/cobot/cobot_ws/install/mycobot_280_x3pi/share/mycobot_280_x3pi/hook/pythonpath.sh'
[13.624s] DEBUG:colcon.colcon_core.event_handler.log_command:Invoked command in '/home/amin/cobot/cobot_ws/src/mycobot_ros2/mycobot_280/mycobot_280_x3pi' returned '0': AMENT_PREFIX_PATH=/home/amin/cobot/cobot_ws/install/mycobot_description:/home/amin/cobot/cobot_ws/install/ultraarm:/home/amin/cobot/cobot_ws/install/pro450_moveit2_control:/home/amin/cobot/cobot_ws/install/pro450_moveit2:/home/amin/cobot/cobot_ws/install/mypalletizer_communication:/home/amin/cobot/cobot_ws/install/mypalletizer_interfaces:/home/amin/cobot/cobot_ws/install/mypalletizer_260_pi:/home/amin/cobot/cobot_ws/install/mypalletizer_260:/home/amin/cobot/cobot_ws/install/mycobot_pro_450:/home/amin/cobot/cobot_ws/install/mycobot_pro450_interfaces:/home/amin/cobot/cobot_ws/install/myarm_m750:/home/amin/cobot/cobot_ws/install/myarm_c650:/home/amin/cobot/cobot_ws/install/mycobot_communication:/home/amin/cobot/cobot_ws/install/mecharm_communication:/home/amin/cobot/cobot_ws/install/mycobot_interfaces:/home/amin/cobot/cobot_ws/install/mycobot_630:/home/amin/cobot/cobot_ws/install/mycobot_600:/home/amin/cobot/cobot_ws/install/mycobot_320pi:/home/amin/cobot/cobot_ws/install/mycobot_320_riscv:/home/amin/cobot/cobot_ws/install/mycobot_320:/home/amin/cobot/cobot_ws/install/mycobot_280rdkx5_moveit2:/home/amin/cobot/cobot_ws/install/mycobot_280pi:/home/amin/cobot/cobot_ws/install/mycobot_280jn:/home/amin/cobot/cobot_ws/install/mycobot_280arduino_moveit2:/home/amin/cobot/cobot_ws/install/mycobot_280_x3pi:/home/amin/cobot/cobot_ws/install/mycobot_280_riscv:/home/amin/cobot/cobot_ws/install/mycobot_280_rdkx5:/home/amin/cobot/cobot_ws/install/mycobot_280_moveit2_control:/home/amin/cobot/cobot_ws/install/mycobot_280_moveit2:/home/amin/cobot/cobot_ws/install/mycobot_280_gazebo_jazzy:/home/amin/cobot/cobot_ws/install/mycobot_280_gazebo:/home/amin/cobot/cobot_ws/install/mycobot_280_arduino:/home/amin/cobot/cobot_ws/install/mycobot_280:/home/amin/cobot/cobot_ws/install/mybuddy:/home/amin/cobot/cobot_ws/install/myarm_300:/home/amin/cobot/cobot_ws/install/mecharm_pi:/home/amin/cobot/cobot_ws/install/mecharm:/home/amin/cobot/cobot_ws/install/mecharm_interfaces:/opt/ros/jazzy DEBUGINFOD_URLS=https://debuginfod.ubuntu.com PYTHONPATH=/home/amin/cobot/cobot_ws/build/mycobot_280_x3pi/prefix_override:/usr/lib/python3/dist-packages/colcon_core/task/python/colcon_distutils_commands:/home/amin/cobot/cobot_ws/install/mycobot_280_x3pi/lib/python3.12/site-packages:/home/amin/cobot/cobot_ws/install/mycobot_description/lib/python3.12/site-packages:/home/amin/cobot/cobot_ws/install/ultraarm/lib/python3.12/site-packages:/home/amin/cobot/cobot_ws/install/pro450_moveit2_control/lib/python3.12/site-packages:/home/amin/cobot/cobot_ws/install/mypalletizer_communication/lib/python3.12/site-packages:/home/amin/cobot/cobot_ws/install/mypalletizer_interfaces/lib/python3.12/site-packages:/home/amin/cobot/cobot_ws/install/mypalletizer_260_pi/lib/python3.12/site-packages:/home/amin/cobot/cobot_ws/install/mypalletizer_260/lib/python3.12/site-packages:/home/amin/cobot/cobot_ws/install/mycobot_pro_450/lib/python3.12/site-packages:/home/amin/cobot/cobot_ws/install/mycobot_pro450_interfaces/lib/python3.12/site-packages:/home/amin/cobot/cobot_ws/install/myarm_m750/lib/python3.12/site-packages:/home/amin/cobot/cobot_ws/install/myarm_c650/lib/python3.12/site-packages:/home/amin/cobot/cobot_ws/install/mycobot_communication/lib/python3.12/site-packages:/home/amin/cobot/cobot_ws/install/mecharm_communication/lib/python3.12/site-packages:/home/amin/cobot/cobot_ws/install/mycobot_interfaces/lib/python3.12/site-packages:/home/amin/cobot/cobot_ws/install/mycobot_630/lib/python3.12/site-packages:/home/amin/cobot/cobot_ws/install/mycobot_600/lib/python3.12/site-packages:/home/amin/cobot/cobot_ws/install/mycobot_320pi/lib/python3.12/site-packages:/home/amin/cobot/cobot_ws/install/mycobot_320_riscv/lib/python3.12/site-packages:/home/amin/cobot/cobot_ws/install/mycobot_320/lib/python3.12/site-packages:/home/amin/cobot/cobot_ws/install/mycobot_280pi/lib/python3.12/site-packages:/home/amin/cobot/cobot_ws/install/mycobot_280jn/lib/python3.12/site-packages:/home/amin/cobot/cobot_ws/install/mycobot_280_x3pi/lib/python3.12/site-packages:/home/amin/cobot/cobot_ws/install/mycobot_280_riscv/lib/python3.12/site-packages:/home/amin/cobot/cobot_ws/install/mycobot_280_rdkx5/lib/python3.12/site-packages:/home/amin/cobot/cobot_ws/install/mycobot_280_moveit2_control/lib/python3.12/site-packages:/home/amin/cobot/cobot_ws/install/mycobot_280_arduino/lib/python3.12/site-packages:/home/amin/cobot/cobot_ws/install/mycobot_280/lib/python3.12/site-packages:/home/amin/cobot/cobot_ws/install/mybuddy/lib/python3.12/site-packages:/home/amin/cobot/cobot_ws/install/myarm_300/lib/python3.12/site-packages:/home/amin/cobot/cobot_ws/install/mecharm_pi/lib/python3.12/site-packages:/home/amin/cobot/cobot_ws/install/mecharm/lib/python3.12/site-packages:/home/amin/cobot/cobot_ws/install/mecharm_interfaces/lib/python3.12/site-packages:/opt/ros/jazzy/lib/python3.12/site-packages /usr/bin/python3 -W ignore:setup.py install is deprecated -W ignore:easy_install command is deprecated setup.py egg_info --egg-base ../../../../build/mycobot_280_x3pi build --build-base /home/amin/cobot/cobot_ws/build/mycobot_280_x3pi/build install --record /home/amin/cobot/cobot_ws/build/mycobot_280_x3pi/install.log --single-version-externally-managed install_data
[13.627s] Level 1:colcon.colcon_core.environment:checking '/home/amin/cobot/cobot_ws/install/mycobot_280_x3pi/bin'
[13.627s] Level 1:colcon.colcon_core.environment:create_environment_scripts_only(mycobot_280_x3pi)
[13.628s] INFO:colcon.colcon_core.shell:Creating package script '/home/amin/cobot/cobot_ws/install/mycobot_280_x3pi/share/mycobot_280_x3pi/package.ps1'
[13.629s] INFO:colcon.colcon_core.shell:Creating package descriptor '/home/amin/cobot/cobot_ws/install/mycobot_280_x3pi/share/mycobot_280_x3pi/package.dsv'
[13.630s] INFO:colcon.colcon_core.shell:Creating package script '/home/amin/cobot/cobot_ws/install/mycobot_280_x3pi/share/mycobot_280_x3pi/package.sh'
[13.631s] INFO:colcon.colcon_core.shell:Creating package script '/home/amin/cobot/cobot_ws/install/mycobot_280_x3pi/share/mycobot_280_x3pi/package.bash'
[13.632s] INFO:colcon.colcon_core.shell:Creating package script '/home/amin/cobot/cobot_ws/install/mycobot_280_x3pi/share/mycobot_280_x3pi/package.zsh'
[13.632s] Level 1:colcon.colcon_core.environment:create_file_with_runtime_dependencies(/home/amin/cobot/cobot_ws/install/mycobot_280_x3pi/share/colcon-core/packages/mycobot_280_x3pi)
[13.633s] Level 1:colcon.colcon_core.environment:checking '/home/amin/cobot/cobot_ws/install/mycobot_280_riscv' for CMake module files
[13.633s] Level 1:colcon.colcon_core.environment:checking '/home/amin/cobot/cobot_ws/install/mycobot_280_riscv' for CMake config files
[13.634s] Level 1:colcon.colcon_core.environment:checking '/home/amin/cobot/cobot_ws/install/mycobot_280_riscv/lib'
[13.634s] Level 1:colcon.colcon_core.environment:checking '/home/amin/cobot/cobot_ws/install/mycobot_280_riscv/bin'
[13.635s] Level 1:colcon.colcon_core.environment:checking '/home/amin/cobot/cobot_ws/install/mycobot_280_riscv/lib/pkgconfig/mycobot_280_riscv.pc'
[13.635s] Level 1:colcon.colcon_core.environment:checking '/home/amin/cobot/cobot_ws/install/mycobot_280_riscv/lib/python3.12/site-packages'
[13.636s] Level 1:colcon.colcon_core.shell:create_environment_hook('mycobot_280_riscv', 'pythonpath')
[13.636s] INFO:colcon.colcon_core.shell:Creating environment hook '/home/amin/cobot/cobot_ws/install/mycobot_280_riscv/share/mycobot_280_riscv/hook/pythonpath.ps1'
[13.637s] INFO:colcon.colcon_core.shell:Creating environment descriptor '/home/amin/cobot/cobot_ws/install/mycobot_280_riscv/share/mycobot_280_riscv/hook/pythonpath.dsv'
[13.640s] DEBUG:colcon.colcon_core.event_handler.log_command:Invoked command in '/home/amin/cobot/cobot_ws/src/mycobot_ros2/mycobot_280/mycobot_280_riscv' returned '0': AMENT_PREFIX_PATH=/home/amin/cobot/cobot_ws/install/mycobot_description:/home/amin/cobot/cobot_ws/install/ultraarm:/home/amin/cobot/cobot_ws/install/pro450_moveit2_control:/home/amin/cobot/cobot_ws/install/pro450_moveit2:/home/amin/cobot/cobot_ws/install/mypalletizer_communication:/home/amin/cobot/cobot_ws/install/mypalletizer_interfaces:/home/amin/cobot/cobot_ws/install/mypalletizer_260_pi:/home/amin/cobot/cobot_ws/install/mypalletizer_260:/home/amin/cobot/cobot_ws/install/mycobot_pro_450:/home/amin/cobot/cobot_ws/install/mycobot_pro450_interfaces:/home/amin/cobot/cobot_ws/install/myarm_m750:/home/amin/cobot/cobot_ws/install/myarm_c650:/home/amin/cobot/cobot_ws/install/mycobot_communication:/home/amin/cobot/cobot_ws/install/mecharm_communication:/home/amin/cobot/cobot_ws/install/mycobot_interfaces:/home/amin/cobot/cobot_ws/install/mycobot_630:/home/amin/cobot/cobot_ws/install/mycobot_600:/home/amin/cobot/cobot_ws/install/mycobot_320pi:/home/amin/cobot/cobot_ws/install/mycobot_320_riscv:/home/amin/cobot/cobot_ws/install/mycobot_320:/home/amin/cobot/cobot_ws/install/mycobot_280rdkx5_moveit2:/home/amin/cobot/cobot_ws/install/mycobot_280pi:/home/amin/cobot/cobot_ws/install/mycobot_280jn:/home/amin/cobot/cobot_ws/install/mycobot_280arduino_moveit2:/home/amin/cobot/cobot_ws/install/mycobot_280_x3pi:/home/amin/cobot/cobot_ws/install/mycobot_280_riscv:/home/amin/cobot/cobot_ws/install/mycobot_280_rdkx5:/home/amin/cobot/cobot_ws/install/mycobot_280_moveit2_control:/home/amin/cobot/cobot_ws/install/mycobot_280_moveit2:/home/amin/cobot/cobot_ws/install/mycobot_280_gazebo_jazzy:/home/amin/cobot/cobot_ws/install/mycobot_280_gazebo:/home/amin/cobot/cobot_ws/install/mycobot_280_arduino:/home/amin/cobot/cobot_ws/install/mycobot_280:/home/amin/cobot/cobot_ws/install/mybuddy:/home/amin/cobot/cobot_ws/install/myarm_300:/home/amin/cobot/cobot_ws/install/mecharm_pi:/home/amin/cobot/cobot_ws/install/mecharm:/home/amin/cobot/cobot_ws/install/mecharm_interfaces:/opt/ros/jazzy DEBUGINFOD_URLS=https://debuginfod.ubuntu.com PYTHONPATH=/home/amin/cobot/cobot_ws/build/mycobot_280_riscv/prefix_override:/usr/lib/python3/dist-packages/colcon_core/task/python/colcon_distutils_commands:/home/amin/cobot/cobot_ws/install/mycobot_280_riscv/lib/python3.12/site-packages:/home/amin/cobot/cobot_ws/install/mycobot_description/lib/python3.12/site-packages:/home/amin/cobot/cobot_ws/install/ultraarm/lib/python3.12/site-packages:/home/amin/cobot/cobot_ws/install/pro450_moveit2_control/lib/python3.12/site-packages:/home/amin/cobot/cobot_ws/install/mypalletizer_communication/lib/python3.12/site-packages:/home/amin/cobot/cobot_ws/install/mypalletizer_interfaces/lib/python3.12/site-packages:/home/amin/cobot/cobot_ws/install/mypalletizer_260_pi/lib/python3.12/site-packages:/home/amin/cobot/cobot_ws/install/mypalletizer_260/lib/python3.12/site-packages:/home/amin/cobot/cobot_ws/install/mycobot_pro_450/lib/python3.12/site-packages:/home/amin/cobot/cobot_ws/install/mycobot_pro450_interfaces/lib/python3.12/site-packages:/home/amin/cobot/cobot_ws/install/myarm_m750/lib/python3.12/site-packages:/home/amin/cobot/cobot_ws/install/myarm_c650/lib/python3.12/site-packages:/home/amin/cobot/cobot_ws/install/mycobot_communication/lib/python3.12/site-packages:/home/amin/cobot/cobot_ws/install/mecharm_communication/lib/python3.12/site-packages:/home/amin/cobot/cobot_ws/install/mycobot_interfaces/lib/python3.12/site-packages:/home/amin/cobot/cobot_ws/install/mycobot_630/lib/python3.12/site-packages:/home/amin/cobot/cobot_ws/install/mycobot_600/lib/python3.12/site-packages:/home/amin/cobot/cobot_ws/install/mycobot_320pi/lib/python3.12/site-packages:/home/amin/cobot/cobot_ws/install/mycobot_320_riscv/lib/python3.12/site-packages:/home/amin/cobot/cobot_ws/install/mycobot_320/lib/python3.12/site-packages:/home/amin/cobot/cobot_ws/install/mycobot_280pi/lib/python3.12/site-packages:/home/amin/cobot/cobot_ws/install/mycobot_280jn/lib/python3.12/site-packages:/home/amin/cobot/cobot_ws/install/mycobot_280_x3pi/lib/python3.12/site-packages:/home/amin/cobot/cobot_ws/install/mycobot_280_riscv/lib/python3.12/site-packages:/home/amin/cobot/cobot_ws/install/mycobot_280_rdkx5/lib/python3.12/site-packages:/home/amin/cobot/cobot_ws/install/mycobot_280_moveit2_control/lib/python3.12/site-packages:/home/amin/cobot/cobot_ws/install/mycobot_280_arduino/lib/python3.12/site-packages:/home/amin/cobot/cobot_ws/install/mycobot_280/lib/python3.12/site-packages:/home/amin/cobot/cobot_ws/install/mybuddy/lib/python3.12/site-packages:/home/amin/cobot/cobot_ws/install/myarm_300/lib/python3.12/site-packages:/home/amin/cobot/cobot_ws/install/mecharm_pi/lib/python3.12/site-packages:/home/amin/cobot/cobot_ws/install/mecharm/lib/python3.12/site-packages:/home/amin/cobot/cobot_ws/install/mecharm_interfaces/lib/python3.12/site-packages:/opt/ros/jazzy/lib/python3.12/site-packages /usr/bin/python3 -W ignore:setup.py install is deprecated -W ignore:easy_install command is deprecated setup.py egg_info --egg-base ../../../../build/mycobot_280_riscv build --build-base /home/amin/cobot/cobot_ws/build/mycobot_280_riscv/build install --record /home/amin/cobot/cobot_ws/build/mycobot_280_riscv/install.log --single-version-externally-managed install_data
[13.642s] INFO:colcon.colcon_core.shell:Creating environment hook '/home/amin/cobot/cobot_ws/install/mycobot_280_riscv/share/mycobot_280_riscv/hook/pythonpath.sh'
[13.644s] Level 1:colcon.colcon_core.environment:checking '/home/amin/cobot/cobot_ws/install/mycobot_280_riscv/bin'
[13.644s] Level 1:colcon.colcon_core.environment:create_environment_scripts_only(mycobot_280_riscv)
[13.645s] INFO:colcon.colcon_core.shell:Creating package script '/home/amin/cobot/cobot_ws/install/mycobot_280_riscv/share/mycobot_280_riscv/package.ps1'
[13.646s] INFO:colcon.colcon_core.shell:Creating package descriptor '/home/amin/cobot/cobot_ws/install/mycobot_280_riscv/share/mycobot_280_riscv/package.dsv'
[13.648s] INFO:colcon.colcon_core.shell:Creating package script '/home/amin/cobot/cobot_ws/install/mycobot_280_riscv/share/mycobot_280_riscv/package.sh'
[13.648s] INFO:colcon.colcon_core.shell:Creating package script '/home/amin/cobot/cobot_ws/install/mycobot_280_riscv/share/mycobot_280_riscv/package.bash'
[13.649s] INFO:colcon.colcon_core.shell:Creating package script '/home/amin/cobot/cobot_ws/install/mycobot_280_riscv/share/mycobot_280_riscv/package.zsh'
[13.649s] Level 1:colcon.colcon_core.environment:create_file_with_runtime_dependencies(/home/amin/cobot/cobot_ws/install/mycobot_280_riscv/share/colcon-core/packages/mycobot_280_riscv)
[13.651s] INFO:colcon.colcon_ros.task.ament_python.build:Building ROS package in '/home/amin/cobot/cobot_ws/src/mycobot_ros2/mycobot_pro/mycobot_630' with build type 'ament_python'
[13.652s] Level 1:colcon.colcon_core.shell:create_environment_hook('mycobot_630', 'ament_prefix_path')
[13.652s] INFO:colcon.colcon_core.shell:Creating environment hook '/home/amin/cobot/cobot_ws/install/mycobot_630/share/mycobot_630/hook/ament_prefix_path.ps1'
[13.654s] INFO:colcon.colcon_core.shell:Creating environment descriptor '/home/amin/cobot/cobot_ws/install/mycobot_630/share/mycobot_630/hook/ament_prefix_path.dsv'
[13.655s] INFO:colcon.colcon_core.shell:Creating environment hook '/home/amin/cobot/cobot_ws/install/mycobot_630/share/mycobot_630/hook/ament_prefix_path.sh'
[13.658s] INFO:colcon.colcon_core.shell:Skip shell extension 'powershell' for command environment: Not usable outside of PowerShell
[13.659s] DEBUG:colcon.colcon_core.shell:Skip shell extension 'dsv' for command environment
[13.676s] INFO:colcon.colcon_ros.task.ament_python.build:Building ROS package in '/home/amin/cobot/cobot_ws/src/mycobot_ros2/mycobot_pro/mycobot_pro_450' with build type 'ament_python'
[13.676s] Level 1:colcon.colcon_core.shell:create_environment_hook('mycobot_pro_450', 'ament_prefix_path')
[13.676s] INFO:colcon.colcon_core.shell:Creating environment hook '/home/amin/cobot/cobot_ws/install/mycobot_pro_450/share/mycobot_pro_450/hook/ament_prefix_path.ps1'
[13.678s] INFO:colcon.colcon_core.shell:Creating environment descriptor '/home/amin/cobot/cobot_ws/install/mycobot_pro_450/share/mycobot_pro_450/hook/ament_prefix_path.dsv'
[13.680s] INFO:colcon.colcon_core.shell:Creating environment hook '/home/amin/cobot/cobot_ws/install/mycobot_pro_450/share/mycobot_pro_450/hook/ament_prefix_path.sh'
[13.683s] INFO:colcon.colcon_core.shell:Skip shell extension 'powershell' for command environment: Not usable outside of PowerShell
[13.683s] DEBUG:colcon.colcon_core.shell:Skip shell extension 'dsv' for command environment
[14.306s] INFO:colcon.colcon_core.task.python.build:Building Python package in '/home/amin/cobot/cobot_ws/src/mycobot_ros2/mycobot_pro/mycobot_630'
[14.306s] INFO:colcon.colcon_core.shell:Skip shell extension 'powershell' for command environment: Not usable outside of PowerShell
[14.306s] DEBUG:colcon.colcon_core.shell:Skip shell extension 'dsv' for command environment
[14.887s] INFO:colcon.colcon_core.task.python.build:Building Python package in '/home/amin/cobot/cobot_ws/src/mycobot_ros2/mycobot_pro/mycobot_pro_450'
[14.888s] INFO:colcon.colcon_core.shell:Skip shell extension 'powershell' for command environment: Not usable outside of PowerShell
[14.888s] DEBUG:colcon.colcon_core.shell:Skip shell extension 'dsv' for command environment
[14.908s] Level 1:colcon.colcon_core.environment:checking '/home/amin/cobot/cobot_ws/install/mycobot_280pi' for CMake module files
[14.908s] Level 1:colcon.colcon_core.environment:checking '/home/amin/cobot/cobot_ws/install/mycobot_280pi' for CMake config files
[14.909s] DEBUG:colcon.colcon_core.event_handler.log_command:Invoking command in '/home/amin/cobot/cobot_ws/src/mycobot_ros2/mycobot_320/mycobot_320': AMENT_PREFIX_PATH=/home/amin/cobot/cobot_ws/install/mycobot_description:/home/amin/cobot/cobot_ws/install/ultraarm:/home/amin/cobot/cobot_ws/install/pro450_moveit2_control:/home/amin/cobot/cobot_ws/install/pro450_moveit2:/home/amin/cobot/cobot_ws/install/mypalletizer_communication:/home/amin/cobot/cobot_ws/install/mypalletizer_interfaces:/home/amin/cobot/cobot_ws/install/mypalletizer_260_pi:/home/amin/cobot/cobot_ws/install/mypalletizer_260:/home/amin/cobot/cobot_ws/install/mycobot_pro_450:/home/amin/cobot/cobot_ws/install/mycobot_pro450_interfaces:/home/amin/cobot/cobot_ws/install/myarm_m750:/home/amin/cobot/cobot_ws/install/myarm_c650:/home/amin/cobot/cobot_ws/install/mycobot_communication:/home/amin/cobot/cobot_ws/install/mecharm_communication:/home/amin/cobot/cobot_ws/install/mycobot_interfaces:/home/amin/cobot/cobot_ws/install/mycobot_630:/home/amin/cobot/cobot_ws/install/mycobot_600:/home/amin/cobot/cobot_ws/install/mycobot_320pi:/home/amin/cobot/cobot_ws/install/mycobot_320_riscv:/home/amin/cobot/cobot_ws/install/mycobot_320:/home/amin/cobot/cobot_ws/install/mycobot_280rdkx5_moveit2:/home/amin/cobot/cobot_ws/install/mycobot_280pi:/home/amin/cobot/cobot_ws/install/mycobot_280jn:/home/amin/cobot/cobot_ws/install/mycobot_280arduino_moveit2:/home/amin/cobot/cobot_ws/install/mycobot_280_x3pi:/home/amin/cobot/cobot_ws/install/mycobot_280_riscv:/home/amin/cobot/cobot_ws/install/mycobot_280_rdkx5:/home/amin/cobot/cobot_ws/install/mycobot_280_moveit2_control:/home/amin/cobot/cobot_ws/install/mycobot_280_moveit2:/home/amin/cobot/cobot_ws/install/mycobot_280_gazebo_jazzy:/home/amin/cobot/cobot_ws/install/mycobot_280_gazebo:/home/amin/cobot/cobot_ws/install/mycobot_280_arduino:/home/amin/cobot/cobot_ws/install/mycobot_280:/home/amin/cobot/cobot_ws/install/mybuddy:/home/amin/cobot/cobot_ws/install/myarm_300:/home/amin/cobot/cobot_ws/install/mecharm_pi:/home/amin/cobot/cobot_ws/install/mecharm:/home/amin/cobot/cobot_ws/install/mecharm_interfaces:/opt/ros/jazzy DEBUGINFOD_URLS=https://debuginfod.ubuntu.com PYTHONPATH=/home/amin/cobot/cobot_ws/build/mycobot_320/prefix_override:/usr/lib/python3/dist-packages/colcon_core/task/python/colcon_distutils_commands:/home/amin/cobot/cobot_ws/install/mycobot_320/lib/python3.12/site-packages:/home/amin/cobot/cobot_ws/install/mycobot_description/lib/python3.12/site-packages:/home/amin/cobot/cobot_ws/install/ultraarm/lib/python3.12/site-packages:/home/amin/cobot/cobot_ws/install/pro450_moveit2_control/lib/python3.12/site-packages:/home/amin/cobot/cobot_ws/install/mypalletizer_communication/lib/python3.12/site-packages:/home/amin/cobot/cobot_ws/install/mypalletizer_interfaces/lib/python3.12/site-packages:/home/amin/cobot/cobot_ws/install/mypalletizer_260_pi/lib/python3.12/site-packages:/home/amin/cobot/cobot_ws/install/mypalletizer_260/lib/python3.12/site-packages:/home/amin/cobot/cobot_ws/install/mycobot_pro_450/lib/python3.12/site-packages:/home/amin/cobot/cobot_ws/install/mycobot_pro450_interfaces/lib/python3.12/site-packages:/home/amin/cobot/cobot_ws/install/myarm_m750/lib/python3.12/site-packages:/home/amin/cobot/cobot_ws/install/myarm_c650/lib/python3.12/site-packages:/home/amin/cobot/cobot_ws/install/mycobot_communication/lib/python3.12/site-packages:/home/amin/cobot/cobot_ws/install/mecharm_communication/lib/python3.12/site-packages:/home/amin/cobot/cobot_ws/install/mycobot_interfaces/lib/python3.12/site-packages:/home/amin/cobot/cobot_ws/install/mycobot_630/lib/python3.12/site-packages:/home/amin/cobot/cobot_ws/install/mycobot_600/lib/python3.12/site-packages:/home/amin/cobot/cobot_ws/install/mycobot_320pi/lib/python3.12/site-packages:/home/amin/cobot/cobot_ws/install/mycobot_320_riscv/lib/python3.12/site-packages:/home/amin/cobot/cobot_ws/install/mycobot_320/lib/python3.12/site-packages:/home/amin/cobot/cobot_ws/install/mycobot_280pi/lib/python3.12/site-packages:/home/amin/cobot/cobot_ws/install/mycobot_280jn/lib/python3.12/site-packages:/home/amin/cobot/cobot_ws/install/mycobot_280_x3pi/lib/python3.12/site-packages:/home/amin/cobot/cobot_ws/install/mycobot_280_riscv/lib/python3.12/site-packages:/home/amin/cobot/cobot_ws/install/mycobot_280_rdkx5/lib/python3.12/site-packages:/home/amin/cobot/cobot_ws/install/mycobot_280_moveit2_control/lib/python3.12/site-packages:/home/amin/cobot/cobot_ws/install/mycobot_280_arduino/lib/python3.12/site-packages:/home/amin/cobot/cobot_ws/install/mycobot_280/lib/python3.12/site-packages:/home/amin/cobot/cobot_ws/install/mybuddy/lib/python3.12/site-packages:/home/amin/cobot/cobot_ws/install/myarm_300/lib/python3.12/site-packages:/home/amin/cobot/cobot_ws/install/mecharm_pi/lib/python3.12/site-packages:/home/amin/cobot/cobot_ws/install/mecharm/lib/python3.12/site-packages:/home/amin/cobot/cobot_ws/install/mecharm_interfaces/lib/python3.12/site-packages:/opt/ros/jazzy/lib/python3.12/site-packages /usr/bin/python3 -W ignore:setup.py install is deprecated -W ignore:easy_install command is deprecated setup.py egg_info --egg-base ../../../../build/mycobot_320 build --build-base /home/amin/cobot/cobot_ws/build/mycobot_320/build install --record /home/amin/cobot/cobot_ws/build/mycobot_320/install.log --single-version-externally-managed install_data
[14.909s] DEBUG:colcon.colcon_core.event_handler.log_command:Invoked command in '/home/amin/cobot/cobot_ws/src/mycobot_ros2/mycobot_280/mycobot_280pi' returned '0': AMENT_PREFIX_PATH=/home/amin/cobot/cobot_ws/install/mycobot_description:/home/amin/cobot/cobot_ws/install/ultraarm:/home/amin/cobot/cobot_ws/install/pro450_moveit2_control:/home/amin/cobot/cobot_ws/install/pro450_moveit2:/home/amin/cobot/cobot_ws/install/mypalletizer_communication:/home/amin/cobot/cobot_ws/install/mypalletizer_interfaces:/home/amin/cobot/cobot_ws/install/mypalletizer_260_pi:/home/amin/cobot/cobot_ws/install/mypalletizer_260:/home/amin/cobot/cobot_ws/install/mycobot_pro_450:/home/amin/cobot/cobot_ws/install/mycobot_pro450_interfaces:/home/amin/cobot/cobot_ws/install/myarm_m750:/home/amin/cobot/cobot_ws/install/myarm_c650:/home/amin/cobot/cobot_ws/install/mycobot_communication:/home/amin/cobot/cobot_ws/install/mecharm_communication:/home/amin/cobot/cobot_ws/install/mycobot_interfaces:/home/amin/cobot/cobot_ws/install/mycobot_630:/home/amin/cobot/cobot_ws/install/mycobot_600:/home/amin/cobot/cobot_ws/install/mycobot_320pi:/home/amin/cobot/cobot_ws/install/mycobot_320_riscv:/home/amin/cobot/cobot_ws/install/mycobot_320:/home/amin/cobot/cobot_ws/install/mycobot_280rdkx5_moveit2:/home/amin/cobot/cobot_ws/install/mycobot_280pi:/home/amin/cobot/cobot_ws/install/mycobot_280jn:/home/amin/cobot/cobot_ws/install/mycobot_280arduino_moveit2:/home/amin/cobot/cobot_ws/install/mycobot_280_x3pi:/home/amin/cobot/cobot_ws/install/mycobot_280_riscv:/home/amin/cobot/cobot_ws/install/mycobot_280_rdkx5:/home/amin/cobot/cobot_ws/install/mycobot_280_moveit2_control:/home/amin/cobot/cobot_ws/install/mycobot_280_moveit2:/home/amin/cobot/cobot_ws/install/mycobot_280_gazebo_jazzy:/home/amin/cobot/cobot_ws/install/mycobot_280_gazebo:/home/amin/cobot/cobot_ws/install/mycobot_280_arduino:/home/amin/cobot/cobot_ws/install/mycobot_280:/home/amin/cobot/cobot_ws/install/mybuddy:/home/amin/cobot/cobot_ws/install/myarm_300:/home/amin/cobot/cobot_ws/install/mecharm_pi:/home/amin/cobot/cobot_ws/install/mecharm:/home/amin/cobot/cobot_ws/install/mecharm_interfaces:/opt/ros/jazzy DEBUGINFOD_URLS=https://debuginfod.ubuntu.com PYTHONPATH=/home/amin/cobot/cobot_ws/build/mycobot_280pi/prefix_override:/usr/lib/python3/dist-packages/colcon_core/task/python/colcon_distutils_commands:/home/amin/cobot/cobot_ws/install/mycobot_280pi/lib/python3.12/site-packages:/home/amin/cobot/cobot_ws/install/mycobot_description/lib/python3.12/site-packages:/home/amin/cobot/cobot_ws/install/ultraarm/lib/python3.12/site-packages:/home/amin/cobot/cobot_ws/install/pro450_moveit2_control/lib/python3.12/site-packages:/home/amin/cobot/cobot_ws/install/mypalletizer_communication/lib/python3.12/site-packages:/home/amin/cobot/cobot_ws/install/mypalletizer_interfaces/lib/python3.12/site-packages:/home/amin/cobot/cobot_ws/install/mypalletizer_260_pi/lib/python3.12/site-packages:/home/amin/cobot/cobot_ws/install/mypalletizer_260/lib/python3.12/site-packages:/home/amin/cobot/cobot_ws/install/mycobot_pro_450/lib/python3.12/site-packages:/home/amin/cobot/cobot_ws/install/mycobot_pro450_interfaces/lib/python3.12/site-packages:/home/amin/cobot/cobot_ws/install/myarm_m750/lib/python3.12/site-packages:/home/amin/cobot/cobot_ws/install/myarm_c650/lib/python3.12/site-packages:/home/amin/cobot/cobot_ws/install/mycobot_communication/lib/python3.12/site-packages:/home/amin/cobot/cobot_ws/install/mecharm_communication/lib/python3.12/site-packages:/home/amin/cobot/cobot_ws/install/mycobot_interfaces/lib/python3.12/site-packages:/home/amin/cobot/cobot_ws/install/mycobot_630/lib/python3.12/site-packages:/home/amin/cobot/cobot_ws/install/mycobot_600/lib/python3.12/site-packages:/home/amin/cobot/cobot_ws/install/mycobot_320pi/lib/python3.12/site-packages:/home/amin/cobot/cobot_ws/install/mycobot_320_riscv/lib/python3.12/site-packages:/home/amin/cobot/cobot_ws/install/mycobot_320/lib/python3.12/site-packages:/home/amin/cobot/cobot_ws/install/mycobot_280pi/lib/python3.12/site-packages:/home/amin/cobot/cobot_ws/install/mycobot_280jn/lib/python3.12/site-packages:/home/amin/cobot/cobot_ws/install/mycobot_280_x3pi/lib/python3.12/site-packages:/home/amin/cobot/cobot_ws/install/mycobot_280_riscv/lib/python3.12/site-packages:/home/amin/cobot/cobot_ws/install/mycobot_280_rdkx5/lib/python3.12/site-packages:/home/amin/cobot/cobot_ws/install/mycobot_280_moveit2_control/lib/python3.12/site-packages:/home/amin/cobot/cobot_ws/install/mycobot_280_arduino/lib/python3.12/site-packages:/home/amin/cobot/cobot_ws/install/mycobot_280/lib/python3.12/site-packages:/home/amin/cobot/cobot_ws/install/mybuddy/lib/python3.12/site-packages:/home/amin/cobot/cobot_ws/install/myarm_300/lib/python3.12/site-packages:/home/amin/cobot/cobot_ws/install/mecharm_pi/lib/python3.12/site-packages:/home/amin/cobot/cobot_ws/install/mecharm/lib/python3.12/site-packages:/home/amin/cobot/cobot_ws/install/mecharm_interfaces/lib/python3.12/site-packages:/opt/ros/jazzy/lib/python3.12/site-packages /usr/bin/python3 -W ignore:setup.py install is deprecated -W ignore:easy_install command is deprecated setup.py egg_info --egg-base ../../../../build/mycobot_280pi build --build-base /home/amin/cobot/cobot_ws/build/mycobot_280pi/build install --record /home/amin/cobot/cobot_ws/build/mycobot_280pi/install.log --single-version-externally-managed install_data
[14.910s] Level 1:colcon.colcon_core.environment:checking '/home/amin/cobot/cobot_ws/install/mycobot_280pi/lib'
[14.910s] Level 1:colcon.colcon_core.environment:checking '/home/amin/cobot/cobot_ws/install/mycobot_280pi/bin'
[14.910s] Level 1:colcon.colcon_core.environment:checking '/home/amin/cobot/cobot_ws/install/mycobot_280pi/lib/pkgconfig/mycobot_280pi.pc'
[14.910s] Level 1:colcon.colcon_core.environment:checking '/home/amin/cobot/cobot_ws/install/mycobot_280pi/lib/python3.12/site-packages'
[14.910s] Level 1:colcon.colcon_core.shell:create_environment_hook('mycobot_280pi', 'pythonpath')
[14.911s] INFO:colcon.colcon_core.shell:Creating environment hook '/home/amin/cobot/cobot_ws/install/mycobot_280pi/share/mycobot_280pi/hook/pythonpath.ps1'
[14.911s] INFO:colcon.colcon_core.shell:Creating environment descriptor '/home/amin/cobot/cobot_ws/install/mycobot_280pi/share/mycobot_280pi/hook/pythonpath.dsv'
[14.912s] INFO:colcon.colcon_core.shell:Creating environment hook '/home/amin/cobot/cobot_ws/install/mycobot_280pi/share/mycobot_280pi/hook/pythonpath.sh'
[14.913s] Level 1:colcon.colcon_core.environment:checking '/home/amin/cobot/cobot_ws/install/mycobot_280pi/bin'
[14.914s] Level 1:colcon.colcon_core.environment:create_environment_scripts_only(mycobot_280pi)
[14.914s] INFO:colcon.colcon_core.shell:Creating package script '/home/amin/cobot/cobot_ws/install/mycobot_280pi/share/mycobot_280pi/package.ps1'
[14.917s] INFO:colcon.colcon_core.shell:Creating package descriptor '/home/amin/cobot/cobot_ws/install/mycobot_280pi/share/mycobot_280pi/package.dsv'
[14.918s] INFO:colcon.colcon_core.shell:Creating package script '/home/amin/cobot/cobot_ws/install/mycobot_280pi/share/mycobot_280pi/package.sh'
[14.919s] INFO:colcon.colcon_core.shell:Creating package script '/home/amin/cobot/cobot_ws/install/mycobot_280pi/share/mycobot_280pi/package.bash'
[14.920s] INFO:colcon.colcon_core.shell:Creating package script '/home/amin/cobot/cobot_ws/install/mycobot_280pi/share/mycobot_280pi/package.zsh'
[14.921s] Level 1:colcon.colcon_core.environment:create_file_with_runtime_dependencies(/home/amin/cobot/cobot_ws/install/mycobot_280pi/share/colcon-core/packages/mycobot_280pi)
[14.925s] DEBUG:colcon.colcon_core.event_handler.log_command:Invoking command in '/home/amin/cobot/cobot_ws/src/mycobot_ros2/mycobot_320/mycobot_320_riscv': AMENT_PREFIX_PATH=/home/amin/cobot/cobot_ws/install/mycobot_description:/home/amin/cobot/cobot_ws/install/ultraarm:/home/amin/cobot/cobot_ws/install/pro450_moveit2_control:/home/amin/cobot/cobot_ws/install/pro450_moveit2:/home/amin/cobot/cobot_ws/install/mypalletizer_communication:/home/amin/cobot/cobot_ws/install/mypalletizer_interfaces:/home/amin/cobot/cobot_ws/install/mypalletizer_260_pi:/home/amin/cobot/cobot_ws/install/mypalletizer_260:/home/amin/cobot/cobot_ws/install/mycobot_pro_450:/home/amin/cobot/cobot_ws/install/mycobot_pro450_interfaces:/home/amin/cobot/cobot_ws/install/myarm_m750:/home/amin/cobot/cobot_ws/install/myarm_c650:/home/amin/cobot/cobot_ws/install/mycobot_communication:/home/amin/cobot/cobot_ws/install/mecharm_communication:/home/amin/cobot/cobot_ws/install/mycobot_interfaces:/home/amin/cobot/cobot_ws/install/mycobot_630:/home/amin/cobot/cobot_ws/install/mycobot_600:/home/amin/cobot/cobot_ws/install/mycobot_320pi:/home/amin/cobot/cobot_ws/install/mycobot_320_riscv:/home/amin/cobot/cobot_ws/install/mycobot_320:/home/amin/cobot/cobot_ws/install/mycobot_280rdkx5_moveit2:/home/amin/cobot/cobot_ws/install/mycobot_280pi:/home/amin/cobot/cobot_ws/install/mycobot_280jn:/home/amin/cobot/cobot_ws/install/mycobot_280arduino_moveit2:/home/amin/cobot/cobot_ws/install/mycobot_280_x3pi:/home/amin/cobot/cobot_ws/install/mycobot_280_riscv:/home/amin/cobot/cobot_ws/install/mycobot_280_rdkx5:/home/amin/cobot/cobot_ws/install/mycobot_280_moveit2_control:/home/amin/cobot/cobot_ws/install/mycobot_280_moveit2:/home/amin/cobot/cobot_ws/install/mycobot_280_gazebo_jazzy:/home/amin/cobot/cobot_ws/install/mycobot_280_gazebo:/home/amin/cobot/cobot_ws/install/mycobot_280_arduino:/home/amin/cobot/cobot_ws/install/mycobot_280:/home/amin/cobot/cobot_ws/install/mybuddy:/home/amin/cobot/cobot_ws/install/myarm_300:/home/amin/cobot/cobot_ws/install/mecharm_pi:/home/amin/cobot/cobot_ws/install/mecharm:/home/amin/cobot/cobot_ws/install/mecharm_interfaces:/opt/ros/jazzy DEBUGINFOD_URLS=https://debuginfod.ubuntu.com PYTHONPATH=/home/amin/cobot/cobot_ws/build/mycobot_320_riscv/prefix_override:/usr/lib/python3/dist-packages/colcon_core/task/python/colcon_distutils_commands:/home/amin/cobot/cobot_ws/install/mycobot_320_riscv/lib/python3.12/site-packages:/home/amin/cobot/cobot_ws/install/mycobot_description/lib/python3.12/site-packages:/home/amin/cobot/cobot_ws/install/ultraarm/lib/python3.12/site-packages:/home/amin/cobot/cobot_ws/install/pro450_moveit2_control/lib/python3.12/site-packages:/home/amin/cobot/cobot_ws/install/mypalletizer_communication/lib/python3.12/site-packages:/home/amin/cobot/cobot_ws/install/mypalletizer_interfaces/lib/python3.12/site-packages:/home/amin/cobot/cobot_ws/install/mypalletizer_260_pi/lib/python3.12/site-packages:/home/amin/cobot/cobot_ws/install/mypalletizer_260/lib/python3.12/site-packages:/home/amin/cobot/cobot_ws/install/mycobot_pro_450/lib/python3.12/site-packages:/home/amin/cobot/cobot_ws/install/mycobot_pro450_interfaces/lib/python3.12/site-packages:/home/amin/cobot/cobot_ws/install/myarm_m750/lib/python3.12/site-packages:/home/amin/cobot/cobot_ws/install/myarm_c650/lib/python3.12/site-packages:/home/amin/cobot/cobot_ws/install/mycobot_communication/lib/python3.12/site-packages:/home/amin/cobot/cobot_ws/install/mecharm_communication/lib/python3.12/site-packages:/home/amin/cobot/cobot_ws/install/mycobot_interfaces/lib/python3.12/site-packages:/home/amin/cobot/cobot_ws/install/mycobot_630/lib/python3.12/site-packages:/home/amin/cobot/cobot_ws/install/mycobot_600/lib/python3.12/site-packages:/home/amin/cobot/cobot_ws/install/mycobot_320pi/lib/python3.12/site-packages:/home/amin/cobot/cobot_ws/install/mycobot_320_riscv/lib/python3.12/site-packages:/home/amin/cobot/cobot_ws/install/mycobot_320/lib/python3.12/site-packages:/home/amin/cobot/cobot_ws/install/mycobot_280pi/lib/python3.12/site-packages:/home/amin/cobot/cobot_ws/install/mycobot_280jn/lib/python3.12/site-packages:/home/amin/cobot/cobot_ws/install/mycobot_280_x3pi/lib/python3.12/site-packages:/home/amin/cobot/cobot_ws/install/mycobot_280_riscv/lib/python3.12/site-packages:/home/amin/cobot/cobot_ws/install/mycobot_280_rdkx5/lib/python3.12/site-packages:/home/amin/cobot/cobot_ws/install/mycobot_280_moveit2_control/lib/python3.12/site-packages:/home/amin/cobot/cobot_ws/install/mycobot_280_arduino/lib/python3.12/site-packages:/home/amin/cobot/cobot_ws/install/mycobot_280/lib/python3.12/site-packages:/home/amin/cobot/cobot_ws/install/mybuddy/lib/python3.12/site-packages:/home/amin/cobot/cobot_ws/install/myarm_300/lib/python3.12/site-packages:/home/amin/cobot/cobot_ws/install/mecharm_pi/lib/python3.12/site-packages:/home/amin/cobot/cobot_ws/install/mecharm/lib/python3.12/site-packages:/home/amin/cobot/cobot_ws/install/mecharm_interfaces/lib/python3.12/site-packages:/opt/ros/jazzy/lib/python3.12/site-packages /usr/bin/python3 -W ignore:setup.py install is deprecated -W ignore:easy_install command is deprecated setup.py egg_info --egg-base ../../../../build/mycobot_320_riscv build --build-base /home/amin/cobot/cobot_ws/build/mycobot_320_riscv/build install --record /home/amin/cobot/cobot_ws/build/mycobot_320_riscv/install.log --single-version-externally-managed install_data
[14.928s] INFO:colcon.colcon_ros.task.ament_python.build:Building ROS package in '/home/amin/cobot/cobot_ws/src/mycobot_ros2/mypalletizer_260/mypalletizer_260' with build type 'ament_python'
[14.931s] Level 1:colcon.colcon_core.shell:create_environment_hook('mypalletizer_260', 'ament_prefix_path')
[14.932s] INFO:colcon.colcon_core.shell:Creating environment hook '/home/amin/cobot/cobot_ws/install/mypalletizer_260/share/mypalletizer_260/hook/ament_prefix_path.ps1'
[14.935s] INFO:colcon.colcon_core.shell:Creating environment descriptor '/home/amin/cobot/cobot_ws/install/mypalletizer_260/share/mypalletizer_260/hook/ament_prefix_path.dsv'
[14.936s] INFO:colcon.colcon_core.shell:Creating environment hook '/home/amin/cobot/cobot_ws/install/mypalletizer_260/share/mypalletizer_260/hook/ament_prefix_path.sh'
[14.939s] INFO:colcon.colcon_core.shell:Skip shell extension 'powershell' for command environment: Not usable outside of PowerShell
[14.939s] DEBUG:colcon.colcon_core.shell:Skip shell extension 'dsv' for command environment
[14.959s] Level 1:colcon.colcon_core.environment:checking '/home/amin/cobot/cobot_ws/install/mycobot_280jn' for CMake module files
[14.960s] Level 1:colcon.colcon_core.environment:checking '/home/amin/cobot/cobot_ws/install/mycobot_280jn' for CMake config files
[14.963s] DEBUG:colcon.colcon_core.event_handler.log_command:Invoked command in '/home/amin/cobot/cobot_ws/src/mycobot_ros2/mycobot_280/mycobot_280jn' returned '0': AMENT_PREFIX_PATH=/home/amin/cobot/cobot_ws/install/mycobot_description:/home/amin/cobot/cobot_ws/install/ultraarm:/home/amin/cobot/cobot_ws/install/pro450_moveit2_control:/home/amin/cobot/cobot_ws/install/pro450_moveit2:/home/amin/cobot/cobot_ws/install/mypalletizer_communication:/home/amin/cobot/cobot_ws/install/mypalletizer_interfaces:/home/amin/cobot/cobot_ws/install/mypalletizer_260_pi:/home/amin/cobot/cobot_ws/install/mypalletizer_260:/home/amin/cobot/cobot_ws/install/mycobot_pro_450:/home/amin/cobot/cobot_ws/install/mycobot_pro450_interfaces:/home/amin/cobot/cobot_ws/install/myarm_m750:/home/amin/cobot/cobot_ws/install/myarm_c650:/home/amin/cobot/cobot_ws/install/mycobot_communication:/home/amin/cobot/cobot_ws/install/mecharm_communication:/home/amin/cobot/cobot_ws/install/mycobot_interfaces:/home/amin/cobot/cobot_ws/install/mycobot_630:/home/amin/cobot/cobot_ws/install/mycobot_600:/home/amin/cobot/cobot_ws/install/mycobot_320pi:/home/amin/cobot/cobot_ws/install/mycobot_320_riscv:/home/amin/cobot/cobot_ws/install/mycobot_320:/home/amin/cobot/cobot_ws/install/mycobot_280rdkx5_moveit2:/home/amin/cobot/cobot_ws/install/mycobot_280pi:/home/amin/cobot/cobot_ws/install/mycobot_280jn:/home/amin/cobot/cobot_ws/install/mycobot_280arduino_moveit2:/home/amin/cobot/cobot_ws/install/mycobot_280_x3pi:/home/amin/cobot/cobot_ws/install/mycobot_280_riscv:/home/amin/cobot/cobot_ws/install/mycobot_280_rdkx5:/home/amin/cobot/cobot_ws/install/mycobot_280_moveit2_control:/home/amin/cobot/cobot_ws/install/mycobot_280_moveit2:/home/amin/cobot/cobot_ws/install/mycobot_280_gazebo_jazzy:/home/amin/cobot/cobot_ws/install/mycobot_280_gazebo:/home/amin/cobot/cobot_ws/install/mycobot_280_arduino:/home/amin/cobot/cobot_ws/install/mycobot_280:/home/amin/cobot/cobot_ws/install/mybuddy:/home/amin/cobot/cobot_ws/install/myarm_300:/home/amin/cobot/cobot_ws/install/mecharm_pi:/home/amin/cobot/cobot_ws/install/mecharm:/home/amin/cobot/cobot_ws/install/mecharm_interfaces:/opt/ros/jazzy DEBUGINFOD_URLS=https://debuginfod.ubuntu.com PYTHONPATH=/home/amin/cobot/cobot_ws/build/mycobot_280jn/prefix_override:/usr/lib/python3/dist-packages/colcon_core/task/python/colcon_distutils_commands:/home/amin/cobot/cobot_ws/install/mycobot_280jn/lib/python3.12/site-packages:/home/amin/cobot/cobot_ws/install/mycobot_description/lib/python3.12/site-packages:/home/amin/cobot/cobot_ws/install/ultraarm/lib/python3.12/site-packages:/home/amin/cobot/cobot_ws/install/pro450_moveit2_control/lib/python3.12/site-packages:/home/amin/cobot/cobot_ws/install/mypalletizer_communication/lib/python3.12/site-packages:/home/amin/cobot/cobot_ws/install/mypalletizer_interfaces/lib/python3.12/site-packages:/home/amin/cobot/cobot_ws/install/mypalletizer_260_pi/lib/python3.12/site-packages:/home/amin/cobot/cobot_ws/install/mypalletizer_260/lib/python3.12/site-packages:/home/amin/cobot/cobot_ws/install/mycobot_pro_450/lib/python3.12/site-packages:/home/amin/cobot/cobot_ws/install/mycobot_pro450_interfaces/lib/python3.12/site-packages:/home/amin/cobot/cobot_ws/install/myarm_m750/lib/python3.12/site-packages:/home/amin/cobot/cobot_ws/install/myarm_c650/lib/python3.12/site-packages:/home/amin/cobot/cobot_ws/install/mycobot_communication/lib/python3.12/site-packages:/home/amin/cobot/cobot_ws/install/mecharm_communication/lib/python3.12/site-packages:/home/amin/cobot/cobot_ws/install/mycobot_interfaces/lib/python3.12/site-packages:/home/amin/cobot/cobot_ws/install/mycobot_630/lib/python3.12/site-packages:/home/amin/cobot/cobot_ws/install/mycobot_600/lib/python3.12/site-packages:/home/amin/cobot/cobot_ws/install/mycobot_320pi/lib/python3.12/site-packages:/home/amin/cobot/cobot_ws/install/mycobot_320_riscv/lib/python3.12/site-packages:/home/amin/cobot/cobot_ws/install/mycobot_320/lib/python3.12/site-packages:/home/amin/cobot/cobot_ws/install/mycobot_280pi/lib/python3.12/site-packages:/home/amin/cobot/cobot_ws/install/mycobot_280jn/lib/python3.12/site-packages:/home/amin/cobot/cobot_ws/install/mycobot_280_x3pi/lib/python3.12/site-packages:/home/amin/cobot/cobot_ws/install/mycobot_280_riscv/lib/python3.12/site-packages:/home/amin/cobot/cobot_ws/install/mycobot_280_rdkx5/lib/python3.12/site-packages:/home/amin/cobot/cobot_ws/install/mycobot_280_moveit2_control/lib/python3.12/site-packages:/home/amin/cobot/cobot_ws/install/mycobot_280_arduino/lib/python3.12/site-packages:/home/amin/cobot/cobot_ws/install/mycobot_280/lib/python3.12/site-packages:/home/amin/cobot/cobot_ws/install/mybuddy/lib/python3.12/site-packages:/home/amin/cobot/cobot_ws/install/myarm_300/lib/python3.12/site-packages:/home/amin/cobot/cobot_ws/install/mecharm_pi/lib/python3.12/site-packages:/home/amin/cobot/cobot_ws/install/mecharm/lib/python3.12/site-packages:/home/amin/cobot/cobot_ws/install/mecharm_interfaces/lib/python3.12/site-packages:/opt/ros/jazzy/lib/python3.12/site-packages /usr/bin/python3 -W ignore:setup.py install is deprecated -W ignore:easy_install command is deprecated setup.py egg_info --egg-base ../../../../build/mycobot_280jn build --build-base /home/amin/cobot/cobot_ws/build/mycobot_280jn/build install --record /home/amin/cobot/cobot_ws/build/mycobot_280jn/install.log --single-version-externally-managed install_data
[14.965s] Level 1:colcon.colcon_core.environment:checking '/home/amin/cobot/cobot_ws/install/mycobot_280jn/lib'
[14.965s] Level 1:colcon.colcon_core.environment:checking '/home/amin/cobot/cobot_ws/install/mycobot_280jn/bin'
[14.965s] Level 1:colcon.colcon_core.environment:checking '/home/amin/cobot/cobot_ws/install/mycobot_280jn/lib/pkgconfig/mycobot_280jn.pc'
[14.965s] Level 1:colcon.colcon_core.environment:checking '/home/amin/cobot/cobot_ws/install/mycobot_280jn/lib/python3.12/site-packages'
[14.966s] Level 1:colcon.colcon_core.shell:create_environment_hook('mycobot_280jn', 'pythonpath')
[14.966s] INFO:colcon.colcon_core.shell:Creating environment hook '/home/amin/cobot/cobot_ws/install/mycobot_280jn/share/mycobot_280jn/hook/pythonpath.ps1'
[14.967s] INFO:colcon.colcon_core.shell:Creating environment descriptor '/home/amin/cobot/cobot_ws/install/mycobot_280jn/share/mycobot_280jn/hook/pythonpath.dsv'
[14.968s] INFO:colcon.colcon_core.shell:Creating environment hook '/home/amin/cobot/cobot_ws/install/mycobot_280jn/share/mycobot_280jn/hook/pythonpath.sh'
[14.969s] Level 1:colcon.colcon_core.environment:checking '/home/amin/cobot/cobot_ws/install/mycobot_280jn/bin'
[14.969s] Level 1:colcon.colcon_core.environment:create_environment_scripts_only(mycobot_280jn)
[14.970s] INFO:colcon.colcon_core.shell:Creating package script '/home/amin/cobot/cobot_ws/install/mycobot_280jn/share/mycobot_280jn/package.ps1'
[14.971s] INFO:colcon.colcon_core.shell:Creating package descriptor '/home/amin/cobot/cobot_ws/install/mycobot_280jn/share/mycobot_280jn/package.dsv'
[14.971s] INFO:colcon.colcon_core.shell:Creating package script '/home/amin/cobot/cobot_ws/install/mycobot_280jn/share/mycobot_280jn/package.sh'
[14.972s] INFO:colcon.colcon_core.shell:Creating package script '/home/amin/cobot/cobot_ws/install/mycobot_280jn/share/mycobot_280jn/package.bash'
[14.972s] INFO:colcon.colcon_core.shell:Creating package script '/home/amin/cobot/cobot_ws/install/mycobot_280jn/share/mycobot_280jn/package.zsh'
[14.973s] Level 1:colcon.colcon_core.environment:create_file_with_runtime_dependencies(/home/amin/cobot/cobot_ws/install/mycobot_280jn/share/colcon-core/packages/mycobot_280jn)
[14.980s] INFO:colcon.colcon_ros.task.ament_python.build:Building ROS package in '/home/amin/cobot/cobot_ws/src/mycobot_ros2/mypalletizer_260/mypalletizer_260_pi' with build type 'ament_python'
[14.981s] Level 1:colcon.colcon_core.shell:create_environment_hook('mypalletizer_260_pi', 'ament_prefix_path')
[14.981s] INFO:colcon.colcon_core.shell:Creating environment hook '/home/amin/cobot/cobot_ws/install/mypalletizer_260_pi/share/mypalletizer_260_pi/hook/ament_prefix_path.ps1'
[14.982s] INFO:colcon.colcon_core.shell:Creating environment descriptor '/home/amin/cobot/cobot_ws/install/mypalletizer_260_pi/share/mypalletizer_260_pi/hook/ament_prefix_path.dsv'
[14.982s] INFO:colcon.colcon_core.shell:Creating environment hook '/home/amin/cobot/cobot_ws/install/mypalletizer_260_pi/share/mypalletizer_260_pi/hook/ament_prefix_path.sh'
[14.983s] INFO:colcon.colcon_core.shell:Skip shell extension 'powershell' for command environment: Not usable outside of PowerShell
[14.983s] DEBUG:colcon.colcon_core.shell:Skip shell extension 'dsv' for command environment
[15.486s] INFO:colcon.colcon_core.task.python.build:Building Python package in '/home/amin/cobot/cobot_ws/src/mycobot_ros2/mypalletizer_260/mypalletizer_260'
[15.487s] INFO:colcon.colcon_core.shell:Skip shell extension 'powershell' for command environment: Not usable outside of PowerShell
[15.487s] DEBUG:colcon.colcon_core.shell:Skip shell extension 'dsv' for command environment
[15.509s] DEBUG:colcon.colcon_core.event_handler.log_command:Invoking command in '/home/amin/cobot/cobot_ws/src/mycobot_ros2/mycobot_pro/mycobot_600': AMENT_PREFIX_PATH=/home/amin/cobot/cobot_ws/install/mycobot_description:/home/amin/cobot/cobot_ws/install/ultraarm:/home/amin/cobot/cobot_ws/install/pro450_moveit2_control:/home/amin/cobot/cobot_ws/install/pro450_moveit2:/home/amin/cobot/cobot_ws/install/mypalletizer_communication:/home/amin/cobot/cobot_ws/install/mypalletizer_interfaces:/home/amin/cobot/cobot_ws/install/mypalletizer_260_pi:/home/amin/cobot/cobot_ws/install/mypalletizer_260:/home/amin/cobot/cobot_ws/install/mycobot_pro_450:/home/amin/cobot/cobot_ws/install/mycobot_pro450_interfaces:/home/amin/cobot/cobot_ws/install/myarm_m750:/home/amin/cobot/cobot_ws/install/myarm_c650:/home/amin/cobot/cobot_ws/install/mycobot_communication:/home/amin/cobot/cobot_ws/install/mecharm_communication:/home/amin/cobot/cobot_ws/install/mycobot_interfaces:/home/amin/cobot/cobot_ws/install/mycobot_630:/home/amin/cobot/cobot_ws/install/mycobot_600:/home/amin/cobot/cobot_ws/install/mycobot_320pi:/home/amin/cobot/cobot_ws/install/mycobot_320_riscv:/home/amin/cobot/cobot_ws/install/mycobot_320:/home/amin/cobot/cobot_ws/install/mycobot_280rdkx5_moveit2:/home/amin/cobot/cobot_ws/install/mycobot_280pi:/home/amin/cobot/cobot_ws/install/mycobot_280jn:/home/amin/cobot/cobot_ws/install/mycobot_280arduino_moveit2:/home/amin/cobot/cobot_ws/install/mycobot_280_x3pi:/home/amin/cobot/cobot_ws/install/mycobot_280_riscv:/home/amin/cobot/cobot_ws/install/mycobot_280_rdkx5:/home/amin/cobot/cobot_ws/install/mycobot_280_moveit2_control:/home/amin/cobot/cobot_ws/install/mycobot_280_moveit2:/home/amin/cobot/cobot_ws/install/mycobot_280_gazebo_jazzy:/home/amin/cobot/cobot_ws/install/mycobot_280_gazebo:/home/amin/cobot/cobot_ws/install/mycobot_280_arduino:/home/amin/cobot/cobot_ws/install/mycobot_280:/home/amin/cobot/cobot_ws/install/mybuddy:/home/amin/cobot/cobot_ws/install/myarm_300:/home/amin/cobot/cobot_ws/install/mecharm_pi:/home/amin/cobot/cobot_ws/install/mecharm:/home/amin/cobot/cobot_ws/install/mecharm_interfaces:/opt/ros/jazzy DEBUGINFOD_URLS=https://debuginfod.ubuntu.com PYTHONPATH=/home/amin/cobot/cobot_ws/build/mycobot_600/prefix_override:/usr/lib/python3/dist-packages/colcon_core/task/python/colcon_distutils_commands:/home/amin/cobot/cobot_ws/install/mycobot_600/lib/python3.12/site-packages:/home/amin/cobot/cobot_ws/install/mycobot_description/lib/python3.12/site-packages:/home/amin/cobot/cobot_ws/install/ultraarm/lib/python3.12/site-packages:/home/amin/cobot/cobot_ws/install/pro450_moveit2_control/lib/python3.12/site-packages:/home/amin/cobot/cobot_ws/install/mypalletizer_communication/lib/python3.12/site-packages:/home/amin/cobot/cobot_ws/install/mypalletizer_interfaces/lib/python3.12/site-packages:/home/amin/cobot/cobot_ws/install/mypalletizer_260_pi/lib/python3.12/site-packages:/home/amin/cobot/cobot_ws/install/mypalletizer_260/lib/python3.12/site-packages:/home/amin/cobot/cobot_ws/install/mycobot_pro_450/lib/python3.12/site-packages:/home/amin/cobot/cobot_ws/install/mycobot_pro450_interfaces/lib/python3.12/site-packages:/home/amin/cobot/cobot_ws/install/myarm_m750/lib/python3.12/site-packages:/home/amin/cobot/cobot_ws/install/myarm_c650/lib/python3.12/site-packages:/home/amin/cobot/cobot_ws/install/mycobot_communication/lib/python3.12/site-packages:/home/amin/cobot/cobot_ws/install/mecharm_communication/lib/python3.12/site-packages:/home/amin/cobot/cobot_ws/install/mycobot_interfaces/lib/python3.12/site-packages:/home/amin/cobot/cobot_ws/install/mycobot_630/lib/python3.12/site-packages:/home/amin/cobot/cobot_ws/install/mycobot_600/lib/python3.12/site-packages:/home/amin/cobot/cobot_ws/install/mycobot_320pi/lib/python3.12/site-packages:/home/amin/cobot/cobot_ws/install/mycobot_320_riscv/lib/python3.12/site-packages:/home/amin/cobot/cobot_ws/install/mycobot_320/lib/python3.12/site-packages:/home/amin/cobot/cobot_ws/install/mycobot_280pi/lib/python3.12/site-packages:/home/amin/cobot/cobot_ws/install/mycobot_280jn/lib/python3.12/site-packages:/home/amin/cobot/cobot_ws/install/mycobot_280_x3pi/lib/python3.12/site-packages:/home/amin/cobot/cobot_ws/install/mycobot_280_riscv/lib/python3.12/site-packages:/home/amin/cobot/cobot_ws/install/mycobot_280_rdkx5/lib/python3.12/site-packages:/home/amin/cobot/cobot_ws/install/mycobot_280_moveit2_control/lib/python3.12/site-packages:/home/amin/cobot/cobot_ws/install/mycobot_280_arduino/lib/python3.12/site-packages:/home/amin/cobot/cobot_ws/install/mycobot_280/lib/python3.12/site-packages:/home/amin/cobot/cobot_ws/install/mybuddy/lib/python3.12/site-packages:/home/amin/cobot/cobot_ws/install/myarm_300/lib/python3.12/site-packages:/home/amin/cobot/cobot_ws/install/mecharm_pi/lib/python3.12/site-packages:/home/amin/cobot/cobot_ws/install/mecharm/lib/python3.12/site-packages:/home/amin/cobot/cobot_ws/install/mecharm_interfaces/lib/python3.12/site-packages:/opt/ros/jazzy/lib/python3.12/site-packages /usr/bin/python3 -W ignore:setup.py install is deprecated -W ignore:easy_install command is deprecated setup.py egg_info --egg-base ../../../../build/mycobot_600 build --build-base /home/amin/cobot/cobot_ws/build/mycobot_600/build install --record /home/amin/cobot/cobot_ws/build/mycobot_600/install.log --single-version-externally-managed install_data
[15.513s] DEBUG:colcon.colcon_core.event_handler.log_command:Invoking command in '/home/amin/cobot/cobot_ws/src/mycobot_ros2/mycobot_320/mycobot_320pi': AMENT_PREFIX_PATH=/home/amin/cobot/cobot_ws/install/mycobot_description:/home/amin/cobot/cobot_ws/install/ultraarm:/home/amin/cobot/cobot_ws/install/pro450_moveit2_control:/home/amin/cobot/cobot_ws/install/pro450_moveit2:/home/amin/cobot/cobot_ws/install/mypalletizer_communication:/home/amin/cobot/cobot_ws/install/mypalletizer_interfaces:/home/amin/cobot/cobot_ws/install/mypalletizer_260_pi:/home/amin/cobot/cobot_ws/install/mypalletizer_260:/home/amin/cobot/cobot_ws/install/mycobot_pro_450:/home/amin/cobot/cobot_ws/install/mycobot_pro450_interfaces:/home/amin/cobot/cobot_ws/install/myarm_m750:/home/amin/cobot/cobot_ws/install/myarm_c650:/home/amin/cobot/cobot_ws/install/mycobot_communication:/home/amin/cobot/cobot_ws/install/mecharm_communication:/home/amin/cobot/cobot_ws/install/mycobot_interfaces:/home/amin/cobot/cobot_ws/install/mycobot_630:/home/amin/cobot/cobot_ws/install/mycobot_600:/home/amin/cobot/cobot_ws/install/mycobot_320pi:/home/amin/cobot/cobot_ws/install/mycobot_320_riscv:/home/amin/cobot/cobot_ws/install/mycobot_320:/home/amin/cobot/cobot_ws/install/mycobot_280rdkx5_moveit2:/home/amin/cobot/cobot_ws/install/mycobot_280pi:/home/amin/cobot/cobot_ws/install/mycobot_280jn:/home/amin/cobot/cobot_ws/install/mycobot_280arduino_moveit2:/home/amin/cobot/cobot_ws/install/mycobot_280_x3pi:/home/amin/cobot/cobot_ws/install/mycobot_280_riscv:/home/amin/cobot/cobot_ws/install/mycobot_280_rdkx5:/home/amin/cobot/cobot_ws/install/mycobot_280_moveit2_control:/home/amin/cobot/cobot_ws/install/mycobot_280_moveit2:/home/amin/cobot/cobot_ws/install/mycobot_280_gazebo_jazzy:/home/amin/cobot/cobot_ws/install/mycobot_280_gazebo:/home/amin/cobot/cobot_ws/install/mycobot_280_arduino:/home/amin/cobot/cobot_ws/install/mycobot_280:/home/amin/cobot/cobot_ws/install/mybuddy:/home/amin/cobot/cobot_ws/install/myarm_300:/home/amin/cobot/cobot_ws/install/mecharm_pi:/home/amin/cobot/cobot_ws/install/mecharm:/home/amin/cobot/cobot_ws/install/mecharm_interfaces:/opt/ros/jazzy DEBUGINFOD_URLS=https://debuginfod.ubuntu.com PYTHONPATH=/home/amin/cobot/cobot_ws/build/mycobot_320pi/prefix_override:/usr/lib/python3/dist-packages/colcon_core/task/python/colcon_distutils_commands:/home/amin/cobot/cobot_ws/install/mycobot_320pi/lib/python3.12/site-packages:/home/amin/cobot/cobot_ws/install/mycobot_description/lib/python3.12/site-packages:/home/amin/cobot/cobot_ws/install/ultraarm/lib/python3.12/site-packages:/home/amin/cobot/cobot_ws/install/pro450_moveit2_control/lib/python3.12/site-packages:/home/amin/cobot/cobot_ws/install/mypalletizer_communication/lib/python3.12/site-packages:/home/amin/cobot/cobot_ws/install/mypalletizer_interfaces/lib/python3.12/site-packages:/home/amin/cobot/cobot_ws/install/mypalletizer_260_pi/lib/python3.12/site-packages:/home/amin/cobot/cobot_ws/install/mypalletizer_260/lib/python3.12/site-packages:/home/amin/cobot/cobot_ws/install/mycobot_pro_450/lib/python3.12/site-packages:/home/amin/cobot/cobot_ws/install/mycobot_pro450_interfaces/lib/python3.12/site-packages:/home/amin/cobot/cobot_ws/install/myarm_m750/lib/python3.12/site-packages:/home/amin/cobot/cobot_ws/install/myarm_c650/lib/python3.12/site-packages:/home/amin/cobot/cobot_ws/install/mycobot_communication/lib/python3.12/site-packages:/home/amin/cobot/cobot_ws/install/mecharm_communication/lib/python3.12/site-packages:/home/amin/cobot/cobot_ws/install/mycobot_interfaces/lib/python3.12/site-packages:/home/amin/cobot/cobot_ws/install/mycobot_630/lib/python3.12/site-packages:/home/amin/cobot/cobot_ws/install/mycobot_600/lib/python3.12/site-packages:/home/amin/cobot/cobot_ws/install/mycobot_320pi/lib/python3.12/site-packages:/home/amin/cobot/cobot_ws/install/mycobot_320_riscv/lib/python3.12/site-packages:/home/amin/cobot/cobot_ws/install/mycobot_320/lib/python3.12/site-packages:/home/amin/cobot/cobot_ws/install/mycobot_280pi/lib/python3.12/site-packages:/home/amin/cobot/cobot_ws/install/mycobot_280jn/lib/python3.12/site-packages:/home/amin/cobot/cobot_ws/install/mycobot_280_x3pi/lib/python3.12/site-packages:/home/amin/cobot/cobot_ws/install/mycobot_280_riscv/lib/python3.12/site-packages:/home/amin/cobot/cobot_ws/install/mycobot_280_rdkx5/lib/python3.12/site-packages:/home/amin/cobot/cobot_ws/install/mycobot_280_moveit2_control/lib/python3.12/site-packages:/home/amin/cobot/cobot_ws/install/mycobot_280_arduino/lib/python3.12/site-packages:/home/amin/cobot/cobot_ws/install/mycobot_280/lib/python3.12/site-packages:/home/amin/cobot/cobot_ws/install/mybuddy/lib/python3.12/site-packages:/home/amin/cobot/cobot_ws/install/myarm_300/lib/python3.12/site-packages:/home/amin/cobot/cobot_ws/install/mecharm_pi/lib/python3.12/site-packages:/home/amin/cobot/cobot_ws/install/mecharm/lib/python3.12/site-packages:/home/amin/cobot/cobot_ws/install/mecharm_interfaces/lib/python3.12/site-packages:/opt/ros/jazzy/lib/python3.12/site-packages /usr/bin/python3 -W ignore:setup.py install is deprecated -W ignore:easy_install command is deprecated setup.py egg_info --egg-base ../../../../build/mycobot_320pi build --build-base /home/amin/cobot/cobot_ws/build/mycobot_320pi/build install --record /home/amin/cobot/cobot_ws/build/mycobot_320pi/install.log --single-version-externally-managed install_data
[16.185s] INFO:colcon.colcon_core.task.python.build:Building Python package in '/home/amin/cobot/cobot_ws/src/mycobot_ros2/mypalletizer_260/mypalletizer_260_pi'
[16.186s] INFO:colcon.colcon_core.shell:Skip shell extension 'powershell' for command environment: Not usable outside of PowerShell
[16.186s] DEBUG:colcon.colcon_core.shell:Skip shell extension 'dsv' for command environment
[16.211s] Level 1:colcon.colcon_core.environment:checking '/home/amin/cobot/cobot_ws/install/mycobot_320_riscv' for CMake module files
[16.215s] DEBUG:colcon.colcon_core.event_handler.log_command:Invoked command in '/home/amin/cobot/cobot_ws/src/mycobot_ros2/mycobot_320/mycobot_320_riscv' returned '0': AMENT_PREFIX_PATH=/home/amin/cobot/cobot_ws/install/mycobot_description:/home/amin/cobot/cobot_ws/install/ultraarm:/home/amin/cobot/cobot_ws/install/pro450_moveit2_control:/home/amin/cobot/cobot_ws/install/pro450_moveit2:/home/amin/cobot/cobot_ws/install/mypalletizer_communication:/home/amin/cobot/cobot_ws/install/mypalletizer_interfaces:/home/amin/cobot/cobot_ws/install/mypalletizer_260_pi:/home/amin/cobot/cobot_ws/install/mypalletizer_260:/home/amin/cobot/cobot_ws/install/mycobot_pro_450:/home/amin/cobot/cobot_ws/install/mycobot_pro450_interfaces:/home/amin/cobot/cobot_ws/install/myarm_m750:/home/amin/cobot/cobot_ws/install/myarm_c650:/home/amin/cobot/cobot_ws/install/mycobot_communication:/home/amin/cobot/cobot_ws/install/mecharm_communication:/home/amin/cobot/cobot_ws/install/mycobot_interfaces:/home/amin/cobot/cobot_ws/install/mycobot_630:/home/amin/cobot/cobot_ws/install/mycobot_600:/home/amin/cobot/cobot_ws/install/mycobot_320pi:/home/amin/cobot/cobot_ws/install/mycobot_320_riscv:/home/amin/cobot/cobot_ws/install/mycobot_320:/home/amin/cobot/cobot_ws/install/mycobot_280rdkx5_moveit2:/home/amin/cobot/cobot_ws/install/mycobot_280pi:/home/amin/cobot/cobot_ws/install/mycobot_280jn:/home/amin/cobot/cobot_ws/install/mycobot_280arduino_moveit2:/home/amin/cobot/cobot_ws/install/mycobot_280_x3pi:/home/amin/cobot/cobot_ws/install/mycobot_280_riscv:/home/amin/cobot/cobot_ws/install/mycobot_280_rdkx5:/home/amin/cobot/cobot_ws/install/mycobot_280_moveit2_control:/home/amin/cobot/cobot_ws/install/mycobot_280_moveit2:/home/amin/cobot/cobot_ws/install/mycobot_280_gazebo_jazzy:/home/amin/cobot/cobot_ws/install/mycobot_280_gazebo:/home/amin/cobot/cobot_ws/install/mycobot_280_arduino:/home/amin/cobot/cobot_ws/install/mycobot_280:/home/amin/cobot/cobot_ws/install/mybuddy:/home/amin/cobot/cobot_ws/install/myarm_300:/home/amin/cobot/cobot_ws/install/mecharm_pi:/home/amin/cobot/cobot_ws/install/mecharm:/home/amin/cobot/cobot_ws/install/mecharm_interfaces:/opt/ros/jazzy DEBUGINFOD_URLS=https://debuginfod.ubuntu.com PYTHONPATH=/home/amin/cobot/cobot_ws/build/mycobot_320_riscv/prefix_override:/usr/lib/python3/dist-packages/colcon_core/task/python/colcon_distutils_commands:/home/amin/cobot/cobot_ws/install/mycobot_320_riscv/lib/python3.12/site-packages:/home/amin/cobot/cobot_ws/install/mycobot_description/lib/python3.12/site-packages:/home/amin/cobot/cobot_ws/install/ultraarm/lib/python3.12/site-packages:/home/amin/cobot/cobot_ws/install/pro450_moveit2_control/lib/python3.12/site-packages:/home/amin/cobot/cobot_ws/install/mypalletizer_communication/lib/python3.12/site-packages:/home/amin/cobot/cobot_ws/install/mypalletizer_interfaces/lib/python3.12/site-packages:/home/amin/cobot/cobot_ws/install/mypalletizer_260_pi/lib/python3.12/site-packages:/home/amin/cobot/cobot_ws/install/mypalletizer_260/lib/python3.12/site-packages:/home/amin/cobot/cobot_ws/install/mycobot_pro_450/lib/python3.12/site-packages:/home/amin/cobot/cobot_ws/install/mycobot_pro450_interfaces/lib/python3.12/site-packages:/home/amin/cobot/cobot_ws/install/myarm_m750/lib/python3.12/site-packages:/home/amin/cobot/cobot_ws/install/myarm_c650/lib/python3.12/site-packages:/home/amin/cobot/cobot_ws/install/mycobot_communication/lib/python3.12/site-packages:/home/amin/cobot/cobot_ws/install/mecharm_communication/lib/python3.12/site-packages:/home/amin/cobot/cobot_ws/install/mycobot_interfaces/lib/python3.12/site-packages:/home/amin/cobot/cobot_ws/install/mycobot_630/lib/python3.12/site-packages:/home/amin/cobot/cobot_ws/install/mycobot_600/lib/python3.12/site-packages:/home/amin/cobot/cobot_ws/install/mycobot_320pi/lib/python3.12/site-packages:/home/amin/cobot/cobot_ws/install/mycobot_320_riscv/lib/python3.12/site-packages:/home/amin/cobot/cobot_ws/install/mycobot_320/lib/python3.12/site-packages:/home/amin/cobot/cobot_ws/install/mycobot_280pi/lib/python3.12/site-packages:/home/amin/cobot/cobot_ws/install/mycobot_280jn/lib/python3.12/site-packages:/home/amin/cobot/cobot_ws/install/mycobot_280_x3pi/lib/python3.12/site-packages:/home/amin/cobot/cobot_ws/install/mycobot_280_riscv/lib/python3.12/site-packages:/home/amin/cobot/cobot_ws/install/mycobot_280_rdkx5/lib/python3.12/site-packages:/home/amin/cobot/cobot_ws/install/mycobot_280_moveit2_control/lib/python3.12/site-packages:/home/amin/cobot/cobot_ws/install/mycobot_280_arduino/lib/python3.12/site-packages:/home/amin/cobot/cobot_ws/install/mycobot_280/lib/python3.12/site-packages:/home/amin/cobot/cobot_ws/install/mybuddy/lib/python3.12/site-packages:/home/amin/cobot/cobot_ws/install/myarm_300/lib/python3.12/site-packages:/home/amin/cobot/cobot_ws/install/mecharm_pi/lib/python3.12/site-packages:/home/amin/cobot/cobot_ws/install/mecharm/lib/python3.12/site-packages:/home/amin/cobot/cobot_ws/install/mecharm_interfaces/lib/python3.12/site-packages:/opt/ros/jazzy/lib/python3.12/site-packages /usr/bin/python3 -W ignore:setup.py install is deprecated -W ignore:easy_install command is deprecated setup.py egg_info --egg-base ../../../../build/mycobot_320_riscv build --build-base /home/amin/cobot/cobot_ws/build/mycobot_320_riscv/build install --record /home/amin/cobot/cobot_ws/build/mycobot_320_riscv/install.log --single-version-externally-managed install_data
[16.216s] Level 1:colcon.colcon_core.environment:checking '/home/amin/cobot/cobot_ws/install/mycobot_320_riscv' for CMake config files
[16.217s] Level 1:colcon.colcon_core.environment:checking '/home/amin/cobot/cobot_ws/install/mycobot_320_riscv/lib'
[16.218s] Level 1:colcon.colcon_core.environment:checking '/home/amin/cobot/cobot_ws/install/mycobot_320_riscv/bin'
[16.218s] Level 1:colcon.colcon_core.environment:checking '/home/amin/cobot/cobot_ws/install/mycobot_320_riscv/lib/pkgconfig/mycobot_320_riscv.pc'
[16.218s] Level 1:colcon.colcon_core.environment:checking '/home/amin/cobot/cobot_ws/install/mycobot_320_riscv/lib/python3.12/site-packages'
[16.218s] Level 1:colcon.colcon_core.shell:create_environment_hook('mycobot_320_riscv', 'pythonpath')
[16.219s] INFO:colcon.colcon_core.shell:Creating environment hook '/home/amin/cobot/cobot_ws/install/mycobot_320_riscv/share/mycobot_320_riscv/hook/pythonpath.ps1'
[16.221s] INFO:colcon.colcon_core.shell:Creating environment descriptor '/home/amin/cobot/cobot_ws/install/mycobot_320_riscv/share/mycobot_320_riscv/hook/pythonpath.dsv'
[16.222s] INFO:colcon.colcon_core.shell:Creating environment hook '/home/amin/cobot/cobot_ws/install/mycobot_320_riscv/share/mycobot_320_riscv/hook/pythonpath.sh'
[16.223s] Level 1:colcon.colcon_core.environment:checking '/home/amin/cobot/cobot_ws/install/mycobot_320_riscv/bin'
[16.223s] Level 1:colcon.colcon_core.environment:create_environment_scripts_only(mycobot_320_riscv)
[16.224s] INFO:colcon.colcon_core.shell:Creating package script '/home/amin/cobot/cobot_ws/install/mycobot_320_riscv/share/mycobot_320_riscv/package.ps1'
[16.226s] INFO:colcon.colcon_core.shell:Creating package descriptor '/home/amin/cobot/cobot_ws/install/mycobot_320_riscv/share/mycobot_320_riscv/package.dsv'
[16.227s] INFO:colcon.colcon_core.shell:Creating package script '/home/amin/cobot/cobot_ws/install/mycobot_320_riscv/share/mycobot_320_riscv/package.sh'
[16.228s] INFO:colcon.colcon_core.shell:Creating package script '/home/amin/cobot/cobot_ws/install/mycobot_320_riscv/share/mycobot_320_riscv/package.bash'
[16.230s] INFO:colcon.colcon_core.shell:Creating package script '/home/amin/cobot/cobot_ws/install/mycobot_320_riscv/share/mycobot_320_riscv/package.zsh'
[16.233s] Level 1:colcon.colcon_core.environment:create_file_with_runtime_dependencies(/home/amin/cobot/cobot_ws/install/mycobot_320_riscv/share/colcon-core/packages/mycobot_320_riscv)
[16.236s] Level 1:colcon.colcon_core.environment:checking '/home/amin/cobot/cobot_ws/install/mycobot_320' for CMake module files
[16.238s] Level 1:colcon.colcon_core.environment:checking '/home/amin/cobot/cobot_ws/install/mycobot_320' for CMake config files
[16.243s] DEBUG:colcon.colcon_core.event_handler.log_command:Invoked command in '/home/amin/cobot/cobot_ws/src/mycobot_ros2/mycobot_320/mycobot_320' returned '0': AMENT_PREFIX_PATH=/home/amin/cobot/cobot_ws/install/mycobot_description:/home/amin/cobot/cobot_ws/install/ultraarm:/home/amin/cobot/cobot_ws/install/pro450_moveit2_control:/home/amin/cobot/cobot_ws/install/pro450_moveit2:/home/amin/cobot/cobot_ws/install/mypalletizer_communication:/home/amin/cobot/cobot_ws/install/mypalletizer_interfaces:/home/amin/cobot/cobot_ws/install/mypalletizer_260_pi:/home/amin/cobot/cobot_ws/install/mypalletizer_260:/home/amin/cobot/cobot_ws/install/mycobot_pro_450:/home/amin/cobot/cobot_ws/install/mycobot_pro450_interfaces:/home/amin/cobot/cobot_ws/install/myarm_m750:/home/amin/cobot/cobot_ws/install/myarm_c650:/home/amin/cobot/cobot_ws/install/mycobot_communication:/home/amin/cobot/cobot_ws/install/mecharm_communication:/home/amin/cobot/cobot_ws/install/mycobot_interfaces:/home/amin/cobot/cobot_ws/install/mycobot_630:/home/amin/cobot/cobot_ws/install/mycobot_600:/home/amin/cobot/cobot_ws/install/mycobot_320pi:/home/amin/cobot/cobot_ws/install/mycobot_320_riscv:/home/amin/cobot/cobot_ws/install/mycobot_320:/home/amin/cobot/cobot_ws/install/mycobot_280rdkx5_moveit2:/home/amin/cobot/cobot_ws/install/mycobot_280pi:/home/amin/cobot/cobot_ws/install/mycobot_280jn:/home/amin/cobot/cobot_ws/install/mycobot_280arduino_moveit2:/home/amin/cobot/cobot_ws/install/mycobot_280_x3pi:/home/amin/cobot/cobot_ws/install/mycobot_280_riscv:/home/amin/cobot/cobot_ws/install/mycobot_280_rdkx5:/home/amin/cobot/cobot_ws/install/mycobot_280_moveit2_control:/home/amin/cobot/cobot_ws/install/mycobot_280_moveit2:/home/amin/cobot/cobot_ws/install/mycobot_280_gazebo_jazzy:/home/amin/cobot/cobot_ws/install/mycobot_280_gazebo:/home/amin/cobot/cobot_ws/install/mycobot_280_arduino:/home/amin/cobot/cobot_ws/install/mycobot_280:/home/amin/cobot/cobot_ws/install/mybuddy:/home/amin/cobot/cobot_ws/install/myarm_300:/home/amin/cobot/cobot_ws/install/mecharm_pi:/home/amin/cobot/cobot_ws/install/mecharm:/home/amin/cobot/cobot_ws/install/mecharm_interfaces:/opt/ros/jazzy DEBUGINFOD_URLS=https://debuginfod.ubuntu.com PYTHONPATH=/home/amin/cobot/cobot_ws/build/mycobot_320/prefix_override:/usr/lib/python3/dist-packages/colcon_core/task/python/colcon_distutils_commands:/home/amin/cobot/cobot_ws/install/mycobot_320/lib/python3.12/site-packages:/home/amin/cobot/cobot_ws/install/mycobot_description/lib/python3.12/site-packages:/home/amin/cobot/cobot_ws/install/ultraarm/lib/python3.12/site-packages:/home/amin/cobot/cobot_ws/install/pro450_moveit2_control/lib/python3.12/site-packages:/home/amin/cobot/cobot_ws/install/mypalletizer_communication/lib/python3.12/site-packages:/home/amin/cobot/cobot_ws/install/mypalletizer_interfaces/lib/python3.12/site-packages:/home/amin/cobot/cobot_ws/install/mypalletizer_260_pi/lib/python3.12/site-packages:/home/amin/cobot/cobot_ws/install/mypalletizer_260/lib/python3.12/site-packages:/home/amin/cobot/cobot_ws/install/mycobot_pro_450/lib/python3.12/site-packages:/home/amin/cobot/cobot_ws/install/mycobot_pro450_interfaces/lib/python3.12/site-packages:/home/amin/cobot/cobot_ws/install/myarm_m750/lib/python3.12/site-packages:/home/amin/cobot/cobot_ws/install/myarm_c650/lib/python3.12/site-packages:/home/amin/cobot/cobot_ws/install/mycobot_communication/lib/python3.12/site-packages:/home/amin/cobot/cobot_ws/install/mecharm_communication/lib/python3.12/site-packages:/home/amin/cobot/cobot_ws/install/mycobot_interfaces/lib/python3.12/site-packages:/home/amin/cobot/cobot_ws/install/mycobot_630/lib/python3.12/site-packages:/home/amin/cobot/cobot_ws/install/mycobot_600/lib/python3.12/site-packages:/home/amin/cobot/cobot_ws/install/mycobot_320pi/lib/python3.12/site-packages:/home/amin/cobot/cobot_ws/install/mycobot_320_riscv/lib/python3.12/site-packages:/home/amin/cobot/cobot_ws/install/mycobot_320/lib/python3.12/site-packages:/home/amin/cobot/cobot_ws/install/mycobot_280pi/lib/python3.12/site-packages:/home/amin/cobot/cobot_ws/install/mycobot_280jn/lib/python3.12/site-packages:/home/amin/cobot/cobot_ws/install/mycobot_280_x3pi/lib/python3.12/site-packages:/home/amin/cobot/cobot_ws/install/mycobot_280_riscv/lib/python3.12/site-packages:/home/amin/cobot/cobot_ws/install/mycobot_280_rdkx5/lib/python3.12/site-packages:/home/amin/cobot/cobot_ws/install/mycobot_280_moveit2_control/lib/python3.12/site-packages:/home/amin/cobot/cobot_ws/install/mycobot_280_arduino/lib/python3.12/site-packages:/home/amin/cobot/cobot_ws/install/mycobot_280/lib/python3.12/site-packages:/home/amin/cobot/cobot_ws/install/mybuddy/lib/python3.12/site-packages:/home/amin/cobot/cobot_ws/install/myarm_300/lib/python3.12/site-packages:/home/amin/cobot/cobot_ws/install/mecharm_pi/lib/python3.12/site-packages:/home/amin/cobot/cobot_ws/install/mecharm/lib/python3.12/site-packages:/home/amin/cobot/cobot_ws/install/mecharm_interfaces/lib/python3.12/site-packages:/opt/ros/jazzy/lib/python3.12/site-packages /usr/bin/python3 -W ignore:setup.py install is deprecated -W ignore:easy_install command is deprecated setup.py egg_info --egg-base ../../../../build/mycobot_320 build --build-base /home/amin/cobot/cobot_ws/build/mycobot_320/build install --record /home/amin/cobot/cobot_ws/build/mycobot_320/install.log --single-version-externally-managed install_data
[16.248s] Level 1:colcon.colcon_core.environment:checking '/home/amin/cobot/cobot_ws/install/mycobot_320/lib'
[16.249s] Level 1:colcon.colcon_core.environment:checking '/home/amin/cobot/cobot_ws/install/mycobot_320/bin'
[16.251s] Level 1:colcon.colcon_core.environment:checking '/home/amin/cobot/cobot_ws/install/mycobot_320/lib/pkgconfig/mycobot_320.pc'
[16.251s] Level 1:colcon.colcon_core.environment:checking '/home/amin/cobot/cobot_ws/install/mycobot_320/lib/python3.12/site-packages'
[16.253s] Level 1:colcon.colcon_core.shell:create_environment_hook('mycobot_320', 'pythonpath')
[16.254s] INFO:colcon.colcon_core.shell:Creating environment hook '/home/amin/cobot/cobot_ws/install/mycobot_320/share/mycobot_320/hook/pythonpath.ps1'
[16.257s] INFO:colcon.colcon_core.shell:Creating environment descriptor '/home/amin/cobot/cobot_ws/install/mycobot_320/share/mycobot_320/hook/pythonpath.dsv'
[16.260s] INFO:colcon.colcon_core.shell:Creating environment hook '/home/amin/cobot/cobot_ws/install/mycobot_320/share/mycobot_320/hook/pythonpath.sh'
[16.265s] Level 1:colcon.colcon_core.environment:checking '/home/amin/cobot/cobot_ws/install/mycobot_320/bin'
[16.265s] Level 1:colcon.colcon_core.environment:create_environment_scripts_only(mycobot_320)
[16.266s] INFO:colcon.colcon_core.shell:Creating package script '/home/amin/cobot/cobot_ws/install/mycobot_320/share/mycobot_320/package.ps1'
[16.268s] INFO:colcon.colcon_core.shell:Creating package descriptor '/home/amin/cobot/cobot_ws/install/mycobot_320/share/mycobot_320/package.dsv'
[16.269s] INFO:colcon.colcon_core.shell:Creating package script '/home/amin/cobot/cobot_ws/install/mycobot_320/share/mycobot_320/package.sh'
[16.270s] INFO:colcon.colcon_core.shell:Creating package script '/home/amin/cobot/cobot_ws/install/mycobot_320/share/mycobot_320/package.bash'
[16.271s] INFO:colcon.colcon_core.shell:Creating package script '/home/amin/cobot/cobot_ws/install/mycobot_320/share/mycobot_320/package.zsh'
[16.272s] Level 1:colcon.colcon_core.environment:create_file_with_runtime_dependencies(/home/amin/cobot/cobot_ws/install/mycobot_320/share/colcon-core/packages/mycobot_320)
[16.275s] INFO:colcon.colcon_ros.task.ament_cmake.build:Building ROS package in '/home/amin/cobot/cobot_ws/src/mycobot_ros2/mycobot_pro/pro450_moveit2' with build type 'ament_cmake'
[16.278s] INFO:colcon.colcon_cmake.task.cmake.build:Building CMake package in '/home/amin/cobot/cobot_ws/src/mycobot_ros2/mycobot_pro/pro450_moveit2'
[16.278s] INFO:colcon.colcon_core.shell:Skip shell extension 'powershell' for command environment: Not usable outside of PowerShell
[16.279s] DEBUG:colcon.colcon_core.shell:Skip shell extension 'dsv' for command environment
[16.300s] INFO:colcon.colcon_ros.task.ament_python.build:Building ROS package in '/home/amin/cobot/cobot_ws/src/mycobot_ros2/mycobot_pro/pro450_moveit2_control' with build type 'ament_python'
[16.300s] Level 1:colcon.colcon_core.shell:create_environment_hook('pro450_moveit2_control', 'ament_prefix_path')
[16.301s] INFO:colcon.colcon_core.shell:Creating environment hook '/home/amin/cobot/cobot_ws/install/pro450_moveit2_control/share/pro450_moveit2_control/hook/ament_prefix_path.ps1'
[16.302s] INFO:colcon.colcon_core.shell:Creating environment descriptor '/home/amin/cobot/cobot_ws/install/pro450_moveit2_control/share/pro450_moveit2_control/hook/ament_prefix_path.dsv'
[16.304s] INFO:colcon.colcon_core.shell:Creating environment hook '/home/amin/cobot/cobot_ws/install/pro450_moveit2_control/share/pro450_moveit2_control/hook/ament_prefix_path.sh'
[16.305s] INFO:colcon.colcon_core.shell:Skip shell extension 'powershell' for command environment: Not usable outside of PowerShell
[16.305s] DEBUG:colcon.colcon_core.shell:Skip shell extension 'dsv' for command environment
[16.329s] DEBUG:colcon.colcon_core.event_handler.log_command:Invoking command in '/home/amin/cobot/cobot_ws/src/mycobot_ros2/mycobot_pro/mycobot_630': AMENT_PREFIX_PATH=/home/amin/cobot/cobot_ws/install/mycobot_description:/home/amin/cobot/cobot_ws/install/ultraarm:/home/amin/cobot/cobot_ws/install/pro450_moveit2_control:/home/amin/cobot/cobot_ws/install/pro450_moveit2:/home/amin/cobot/cobot_ws/install/mypalletizer_communication:/home/amin/cobot/cobot_ws/install/mypalletizer_interfaces:/home/amin/cobot/cobot_ws/install/mypalletizer_260_pi:/home/amin/cobot/cobot_ws/install/mypalletizer_260:/home/amin/cobot/cobot_ws/install/mycobot_pro_450:/home/amin/cobot/cobot_ws/install/mycobot_pro450_interfaces:/home/amin/cobot/cobot_ws/install/myarm_m750:/home/amin/cobot/cobot_ws/install/myarm_c650:/home/amin/cobot/cobot_ws/install/mycobot_communication:/home/amin/cobot/cobot_ws/install/mecharm_communication:/home/amin/cobot/cobot_ws/install/mycobot_interfaces:/home/amin/cobot/cobot_ws/install/mycobot_630:/home/amin/cobot/cobot_ws/install/mycobot_600:/home/amin/cobot/cobot_ws/install/mycobot_320pi:/home/amin/cobot/cobot_ws/install/mycobot_320_riscv:/home/amin/cobot/cobot_ws/install/mycobot_320:/home/amin/cobot/cobot_ws/install/mycobot_280rdkx5_moveit2:/home/amin/cobot/cobot_ws/install/mycobot_280pi:/home/amin/cobot/cobot_ws/install/mycobot_280jn:/home/amin/cobot/cobot_ws/install/mycobot_280arduino_moveit2:/home/amin/cobot/cobot_ws/install/mycobot_280_x3pi:/home/amin/cobot/cobot_ws/install/mycobot_280_riscv:/home/amin/cobot/cobot_ws/install/mycobot_280_rdkx5:/home/amin/cobot/cobot_ws/install/mycobot_280_moveit2_control:/home/amin/cobot/cobot_ws/install/mycobot_280_moveit2:/home/amin/cobot/cobot_ws/install/mycobot_280_gazebo_jazzy:/home/amin/cobot/cobot_ws/install/mycobot_280_gazebo:/home/amin/cobot/cobot_ws/install/mycobot_280_arduino:/home/amin/cobot/cobot_ws/install/mycobot_280:/home/amin/cobot/cobot_ws/install/mybuddy:/home/amin/cobot/cobot_ws/install/myarm_300:/home/amin/cobot/cobot_ws/install/mecharm_pi:/home/amin/cobot/cobot_ws/install/mecharm:/home/amin/cobot/cobot_ws/install/mecharm_interfaces:/opt/ros/jazzy DEBUGINFOD_URLS=https://debuginfod.ubuntu.com PYTHONPATH=/home/amin/cobot/cobot_ws/build/mycobot_630/prefix_override:/usr/lib/python3/dist-packages/colcon_core/task/python/colcon_distutils_commands:/home/amin/cobot/cobot_ws/install/mycobot_630/lib/python3.12/site-packages:/home/amin/cobot/cobot_ws/install/mycobot_description/lib/python3.12/site-packages:/home/amin/cobot/cobot_ws/install/ultraarm/lib/python3.12/site-packages:/home/amin/cobot/cobot_ws/install/pro450_moveit2_control/lib/python3.12/site-packages:/home/amin/cobot/cobot_ws/install/mypalletizer_communication/lib/python3.12/site-packages:/home/amin/cobot/cobot_ws/install/mypalletizer_interfaces/lib/python3.12/site-packages:/home/amin/cobot/cobot_ws/install/mypalletizer_260_pi/lib/python3.12/site-packages:/home/amin/cobot/cobot_ws/install/mypalletizer_260/lib/python3.12/site-packages:/home/amin/cobot/cobot_ws/install/mycobot_pro_450/lib/python3.12/site-packages:/home/amin/cobot/cobot_ws/install/mycobot_pro450_interfaces/lib/python3.12/site-packages:/home/amin/cobot/cobot_ws/install/myarm_m750/lib/python3.12/site-packages:/home/amin/cobot/cobot_ws/install/myarm_c650/lib/python3.12/site-packages:/home/amin/cobot/cobot_ws/install/mycobot_communication/lib/python3.12/site-packages:/home/amin/cobot/cobot_ws/install/mecharm_communication/lib/python3.12/site-packages:/home/amin/cobot/cobot_ws/install/mycobot_interfaces/lib/python3.12/site-packages:/home/amin/cobot/cobot_ws/install/mycobot_630/lib/python3.12/site-packages:/home/amin/cobot/cobot_ws/install/mycobot_600/lib/python3.12/site-packages:/home/amin/cobot/cobot_ws/install/mycobot_320pi/lib/python3.12/site-packages:/home/amin/cobot/cobot_ws/install/mycobot_320_riscv/lib/python3.12/site-packages:/home/amin/cobot/cobot_ws/install/mycobot_320/lib/python3.12/site-packages:/home/amin/cobot/cobot_ws/install/mycobot_280pi/lib/python3.12/site-packages:/home/amin/cobot/cobot_ws/install/mycobot_280jn/lib/python3.12/site-packages:/home/amin/cobot/cobot_ws/install/mycobot_280_x3pi/lib/python3.12/site-packages:/home/amin/cobot/cobot_ws/install/mycobot_280_riscv/lib/python3.12/site-packages:/home/amin/cobot/cobot_ws/install/mycobot_280_rdkx5/lib/python3.12/site-packages:/home/amin/cobot/cobot_ws/install/mycobot_280_moveit2_control/lib/python3.12/site-packages:/home/amin/cobot/cobot_ws/install/mycobot_280_arduino/lib/python3.12/site-packages:/home/amin/cobot/cobot_ws/install/mycobot_280/lib/python3.12/site-packages:/home/amin/cobot/cobot_ws/install/mybuddy/lib/python3.12/site-packages:/home/amin/cobot/cobot_ws/install/myarm_300/lib/python3.12/site-packages:/home/amin/cobot/cobot_ws/install/mecharm_pi/lib/python3.12/site-packages:/home/amin/cobot/cobot_ws/install/mecharm/lib/python3.12/site-packages:/home/amin/cobot/cobot_ws/install/mecharm_interfaces/lib/python3.12/site-packages:/opt/ros/jazzy/lib/python3.12/site-packages /usr/bin/python3 -W ignore:setup.py install is deprecated -W ignore:easy_install command is deprecated setup.py egg_info --egg-base ../../../../build/mycobot_630 build --build-base /home/amin/cobot/cobot_ws/build/mycobot_630/build install --record /home/amin/cobot/cobot_ws/build/mycobot_630/install.log --single-version-externally-managed install_data
[16.336s] DEBUG:colcon.colcon_core.event_handler.log_command:Invoking command in '/home/amin/cobot/cobot_ws/src/mycobot_ros2/mycobot_pro/mycobot_pro_450': AMENT_PREFIX_PATH=/home/amin/cobot/cobot_ws/install/mycobot_description:/home/amin/cobot/cobot_ws/install/ultraarm:/home/amin/cobot/cobot_ws/install/pro450_moveit2_control:/home/amin/cobot/cobot_ws/install/pro450_moveit2:/home/amin/cobot/cobot_ws/install/mypalletizer_communication:/home/amin/cobot/cobot_ws/install/mypalletizer_interfaces:/home/amin/cobot/cobot_ws/install/mypalletizer_260_pi:/home/amin/cobot/cobot_ws/install/mypalletizer_260:/home/amin/cobot/cobot_ws/install/mycobot_pro_450:/home/amin/cobot/cobot_ws/install/mycobot_pro450_interfaces:/home/amin/cobot/cobot_ws/install/myarm_m750:/home/amin/cobot/cobot_ws/install/myarm_c650:/home/amin/cobot/cobot_ws/install/mycobot_communication:/home/amin/cobot/cobot_ws/install/mecharm_communication:/home/amin/cobot/cobot_ws/install/mycobot_interfaces:/home/amin/cobot/cobot_ws/install/mycobot_630:/home/amin/cobot/cobot_ws/install/mycobot_600:/home/amin/cobot/cobot_ws/install/mycobot_320pi:/home/amin/cobot/cobot_ws/install/mycobot_320_riscv:/home/amin/cobot/cobot_ws/install/mycobot_320:/home/amin/cobot/cobot_ws/install/mycobot_280rdkx5_moveit2:/home/amin/cobot/cobot_ws/install/mycobot_280pi:/home/amin/cobot/cobot_ws/install/mycobot_280jn:/home/amin/cobot/cobot_ws/install/mycobot_280arduino_moveit2:/home/amin/cobot/cobot_ws/install/mycobot_280_x3pi:/home/amin/cobot/cobot_ws/install/mycobot_280_riscv:/home/amin/cobot/cobot_ws/install/mycobot_280_rdkx5:/home/amin/cobot/cobot_ws/install/mycobot_280_moveit2_control:/home/amin/cobot/cobot_ws/install/mycobot_280_moveit2:/home/amin/cobot/cobot_ws/install/mycobot_280_gazebo_jazzy:/home/amin/cobot/cobot_ws/install/mycobot_280_gazebo:/home/amin/cobot/cobot_ws/install/mycobot_280_arduino:/home/amin/cobot/cobot_ws/install/mycobot_280:/home/amin/cobot/cobot_ws/install/mybuddy:/home/amin/cobot/cobot_ws/install/myarm_300:/home/amin/cobot/cobot_ws/install/mecharm_pi:/home/amin/cobot/cobot_ws/install/mecharm:/home/amin/cobot/cobot_ws/install/mecharm_interfaces:/opt/ros/jazzy DEBUGINFOD_URLS=https://debuginfod.ubuntu.com PYTHONPATH=/home/amin/cobot/cobot_ws/build/mycobot_pro_450/prefix_override:/usr/lib/python3/dist-packages/colcon_core/task/python/colcon_distutils_commands:/home/amin/cobot/cobot_ws/install/mycobot_pro_450/lib/python3.12/site-packages:/home/amin/cobot/cobot_ws/install/mycobot_description/lib/python3.12/site-packages:/home/amin/cobot/cobot_ws/install/ultraarm/lib/python3.12/site-packages:/home/amin/cobot/cobot_ws/install/pro450_moveit2_control/lib/python3.12/site-packages:/home/amin/cobot/cobot_ws/install/mypalletizer_communication/lib/python3.12/site-packages:/home/amin/cobot/cobot_ws/install/mypalletizer_interfaces/lib/python3.12/site-packages:/home/amin/cobot/cobot_ws/install/mypalletizer_260_pi/lib/python3.12/site-packages:/home/amin/cobot/cobot_ws/install/mypalletizer_260/lib/python3.12/site-packages:/home/amin/cobot/cobot_ws/install/mycobot_pro_450/lib/python3.12/site-packages:/home/amin/cobot/cobot_ws/install/mycobot_pro450_interfaces/lib/python3.12/site-packages:/home/amin/cobot/cobot_ws/install/myarm_m750/lib/python3.12/site-packages:/home/amin/cobot/cobot_ws/install/myarm_c650/lib/python3.12/site-packages:/home/amin/cobot/cobot_ws/install/mycobot_communication/lib/python3.12/site-packages:/home/amin/cobot/cobot_ws/install/mecharm_communication/lib/python3.12/site-packages:/home/amin/cobot/cobot_ws/install/mycobot_interfaces/lib/python3.12/site-packages:/home/amin/cobot/cobot_ws/install/mycobot_630/lib/python3.12/site-packages:/home/amin/cobot/cobot_ws/install/mycobot_600/lib/python3.12/site-packages:/home/amin/cobot/cobot_ws/install/mycobot_320pi/lib/python3.12/site-packages:/home/amin/cobot/cobot_ws/install/mycobot_320_riscv/lib/python3.12/site-packages:/home/amin/cobot/cobot_ws/install/mycobot_320/lib/python3.12/site-packages:/home/amin/cobot/cobot_ws/install/mycobot_280pi/lib/python3.12/site-packages:/home/amin/cobot/cobot_ws/install/mycobot_280jn/lib/python3.12/site-packages:/home/amin/cobot/cobot_ws/install/mycobot_280_x3pi/lib/python3.12/site-packages:/home/amin/cobot/cobot_ws/install/mycobot_280_riscv/lib/python3.12/site-packages:/home/amin/cobot/cobot_ws/install/mycobot_280_rdkx5/lib/python3.12/site-packages:/home/amin/cobot/cobot_ws/install/mycobot_280_moveit2_control/lib/python3.12/site-packages:/home/amin/cobot/cobot_ws/install/mycobot_280_arduino/lib/python3.12/site-packages:/home/amin/cobot/cobot_ws/install/mycobot_280/lib/python3.12/site-packages:/home/amin/cobot/cobot_ws/install/mybuddy/lib/python3.12/site-packages:/home/amin/cobot/cobot_ws/install/myarm_300/lib/python3.12/site-packages:/home/amin/cobot/cobot_ws/install/mecharm_pi/lib/python3.12/site-packages:/home/amin/cobot/cobot_ws/install/mecharm/lib/python3.12/site-packages:/home/amin/cobot/cobot_ws/install/mecharm_interfaces/lib/python3.12/site-packages:/opt/ros/jazzy/lib/python3.12/site-packages /usr/bin/python3 -W ignore:setup.py install is deprecated -W ignore:easy_install command is deprecated setup.py egg_info --egg-base ../../../../build/mycobot_pro_450 build --build-base /home/amin/cobot/cobot_ws/build/mycobot_pro_450/build install --record /home/amin/cobot/cobot_ws/build/mycobot_pro_450/install.log --single-version-externally-managed install_data
[16.345s] DEBUG:colcon.colcon_core.event_handler.log_command:Invoking command in '/home/amin/cobot/cobot_ws/build/pro450_moveit2': AMENT_PREFIX_PATH=/home/amin/cobot/cobot_ws/install/mycobot_description:/home/amin/cobot/cobot_ws/install/ultraarm:/home/amin/cobot/cobot_ws/install/pro450_moveit2_control:/home/amin/cobot/cobot_ws/install/pro450_moveit2:/home/amin/cobot/cobot_ws/install/mypalletizer_communication:/home/amin/cobot/cobot_ws/install/mypalletizer_interfaces:/home/amin/cobot/cobot_ws/install/mypalletizer_260_pi:/home/amin/cobot/cobot_ws/install/mypalletizer_260:/home/amin/cobot/cobot_ws/install/mycobot_pro_450:/home/amin/cobot/cobot_ws/install/mycobot_pro450_interfaces:/home/amin/cobot/cobot_ws/install/myarm_m750:/home/amin/cobot/cobot_ws/install/myarm_c650:/home/amin/cobot/cobot_ws/install/mycobot_communication:/home/amin/cobot/cobot_ws/install/mecharm_communication:/home/amin/cobot/cobot_ws/install/mycobot_interfaces:/home/amin/cobot/cobot_ws/install/mycobot_630:/home/amin/cobot/cobot_ws/install/mycobot_600:/home/amin/cobot/cobot_ws/install/mycobot_320pi:/home/amin/cobot/cobot_ws/install/mycobot_320_riscv:/home/amin/cobot/cobot_ws/install/mycobot_320:/home/amin/cobot/cobot_ws/install/mycobot_280rdkx5_moveit2:/home/amin/cobot/cobot_ws/install/mycobot_280pi:/home/amin/cobot/cobot_ws/install/mycobot_280jn:/home/amin/cobot/cobot_ws/install/mycobot_280arduino_moveit2:/home/amin/cobot/cobot_ws/install/mycobot_280_x3pi:/home/amin/cobot/cobot_ws/install/mycobot_280_riscv:/home/amin/cobot/cobot_ws/install/mycobot_280_rdkx5:/home/amin/cobot/cobot_ws/install/mycobot_280_moveit2_control:/home/amin/cobot/cobot_ws/install/mycobot_280_moveit2:/home/amin/cobot/cobot_ws/install/mycobot_280_gazebo_jazzy:/home/amin/cobot/cobot_ws/install/mycobot_280_gazebo:/home/amin/cobot/cobot_ws/install/mycobot_280_arduino:/home/amin/cobot/cobot_ws/install/mycobot_280:/home/amin/cobot/cobot_ws/install/mybuddy:/home/amin/cobot/cobot_ws/install/myarm_300:/home/amin/cobot/cobot_ws/install/mecharm_pi:/home/amin/cobot/cobot_ws/install/mecharm:/home/amin/cobot/cobot_ws/install/mecharm_interfaces:/opt/ros/jazzy CMAKE_PREFIX_PATH=${CMAKE_PREFIX_PATH}:/home/amin/cobot/cobot_ws/install/ultraarm:/home/amin/cobot/cobot_ws/install/pro450_moveit2_control:/home/amin/cobot/cobot_ws/install/mypalletizer_communication:/home/amin/cobot/cobot_ws/install/mypalletizer_260_pi:/home/amin/cobot/cobot_ws/install/mypalletizer_260:/home/amin/cobot/cobot_ws/install/mycobot_pro_450:/home/amin/cobot/cobot_ws/install/myarm_m750:/home/amin/cobot/cobot_ws/install/myarm_c650:/home/amin/cobot/cobot_ws/install/mycobot_communication:/home/amin/cobot/cobot_ws/install/mecharm_communication:/home/amin/cobot/cobot_ws/install/mycobot_630:/home/amin/cobot/cobot_ws/install/mycobot_600:/home/amin/cobot/cobot_ws/install/mycobot_320pi:/home/amin/cobot/cobot_ws/install/mycobot_320_riscv:/home/amin/cobot/cobot_ws/install/mycobot_320:/home/amin/cobot/cobot_ws/install/mycobot_280pi:/home/amin/cobot/cobot_ws/install/mycobot_280jn:/home/amin/cobot/cobot_ws/install/mycobot_280_x3pi:/home/amin/cobot/cobot_ws/install/mycobot_280_riscv:/home/amin/cobot/cobot_ws/install/mycobot_280_rdkx5:/home/amin/cobot/cobot_ws/install/mycobot_280_moveit2_control:/home/amin/cobot/cobot_ws/install/mycobot_280_arduino:/home/amin/cobot/cobot_ws/install/mycobot_280:/home/amin/cobot/cobot_ws/install/mybuddy:/home/amin/cobot/cobot_ws/install/myarm_300:/home/amin/cobot/cobot_ws/install/mecharm_pi:/home/amin/cobot/cobot_ws/install/mecharm:/home/amin/cobot/cobot_ws/install/mycobot_description:/opt/ros/jazzy DEBUGINFOD_URLS=https://debuginfod.ubuntu.com PYTHONPATH=/home/amin/cobot/cobot_ws/install/mycobot_description/lib/python3.12/site-packages:/home/amin/cobot/cobot_ws/install/ultraarm/lib/python3.12/site-packages:/home/amin/cobot/cobot_ws/install/pro450_moveit2_control/lib/python3.12/site-packages:/home/amin/cobot/cobot_ws/install/mypalletizer_communication/lib/python3.12/site-packages:/home/amin/cobot/cobot_ws/install/mypalletizer_interfaces/lib/python3.12/site-packages:/home/amin/cobot/cobot_ws/install/mypalletizer_260_pi/lib/python3.12/site-packages:/home/amin/cobot/cobot_ws/install/mypalletizer_260/lib/python3.12/site-packages:/home/amin/cobot/cobot_ws/install/mycobot_pro_450/lib/python3.12/site-packages:/home/amin/cobot/cobot_ws/install/mycobot_pro450_interfaces/lib/python3.12/site-packages:/home/amin/cobot/cobot_ws/install/myarm_m750/lib/python3.12/site-packages:/home/amin/cobot/cobot_ws/install/myarm_c650/lib/python3.12/site-packages:/home/amin/cobot/cobot_ws/install/mycobot_communication/lib/python3.12/site-packages:/home/amin/cobot/cobot_ws/install/mecharm_communication/lib/python3.12/site-packages:/home/amin/cobot/cobot_ws/install/mycobot_interfaces/lib/python3.12/site-packages:/home/amin/cobot/cobot_ws/install/mycobot_630/lib/python3.12/site-packages:/home/amin/cobot/cobot_ws/install/mycobot_600/lib/python3.12/site-packages:/home/amin/cobot/cobot_ws/install/mycobot_320pi/lib/python3.12/site-packages:/home/amin/cobot/cobot_ws/install/mycobot_320_riscv/lib/python3.12/site-packages:/home/amin/cobot/cobot_ws/install/mycobot_320/lib/python3.12/site-packages:/home/amin/cobot/cobot_ws/install/mycobot_280pi/lib/python3.12/site-packages:/home/amin/cobot/cobot_ws/install/mycobot_280jn/lib/python3.12/site-packages:/home/amin/cobot/cobot_ws/install/mycobot_280_x3pi/lib/python3.12/site-packages:/home/amin/cobot/cobot_ws/install/mycobot_280_riscv/lib/python3.12/site-packages:/home/amin/cobot/cobot_ws/install/mycobot_280_rdkx5/lib/python3.12/site-packages:/home/amin/cobot/cobot_ws/install/mycobot_280_moveit2_control/lib/python3.12/site-packages:/home/amin/cobot/cobot_ws/install/mycobot_280_arduino/lib/python3.12/site-packages:/home/amin/cobot/cobot_ws/install/mycobot_280/lib/python3.12/site-packages:/home/amin/cobot/cobot_ws/install/mybuddy/lib/python3.12/site-packages:/home/amin/cobot/cobot_ws/install/myarm_300/lib/python3.12/site-packages:/home/amin/cobot/cobot_ws/install/mecharm_pi/lib/python3.12/site-packages:/home/amin/cobot/cobot_ws/install/mecharm/lib/python3.12/site-packages:/home/amin/cobot/cobot_ws/install/mecharm_interfaces/lib/python3.12/site-packages:/opt/ros/jazzy/lib/python3.12/site-packages /usr/bin/cmake --build /home/amin/cobot/cobot_ws/build/pro450_moveit2 -- -j8 -l8
[16.855s] INFO:colcon.colcon_core.task.python.build:Building Python package in '/home/amin/cobot/cobot_ws/src/mycobot_ros2/mycobot_pro/pro450_moveit2_control'
[16.856s] INFO:colcon.colcon_core.shell:Skip shell extension 'powershell' for command environment: Not usable outside of PowerShell
[16.856s] DEBUG:colcon.colcon_core.shell:Skip shell extension 'dsv' for command environment
[16.873s] DEBUG:colcon.colcon_core.event_handler.log_command:Invoked command in '/home/amin/cobot/cobot_ws/build/pro450_moveit2' returned '0': AMENT_PREFIX_PATH=/home/amin/cobot/cobot_ws/install/mycobot_description:/home/amin/cobot/cobot_ws/install/ultraarm:/home/amin/cobot/cobot_ws/install/pro450_moveit2_control:/home/amin/cobot/cobot_ws/install/pro450_moveit2:/home/amin/cobot/cobot_ws/install/mypalletizer_communication:/home/amin/cobot/cobot_ws/install/mypalletizer_interfaces:/home/amin/cobot/cobot_ws/install/mypalletizer_260_pi:/home/amin/cobot/cobot_ws/install/mypalletizer_260:/home/amin/cobot/cobot_ws/install/mycobot_pro_450:/home/amin/cobot/cobot_ws/install/mycobot_pro450_interfaces:/home/amin/cobot/cobot_ws/install/myarm_m750:/home/amin/cobot/cobot_ws/install/myarm_c650:/home/amin/cobot/cobot_ws/install/mycobot_communication:/home/amin/cobot/cobot_ws/install/mecharm_communication:/home/amin/cobot/cobot_ws/install/mycobot_interfaces:/home/amin/cobot/cobot_ws/install/mycobot_630:/home/amin/cobot/cobot_ws/install/mycobot_600:/home/amin/cobot/cobot_ws/install/mycobot_320pi:/home/amin/cobot/cobot_ws/install/mycobot_320_riscv:/home/amin/cobot/cobot_ws/install/mycobot_320:/home/amin/cobot/cobot_ws/install/mycobot_280rdkx5_moveit2:/home/amin/cobot/cobot_ws/install/mycobot_280pi:/home/amin/cobot/cobot_ws/install/mycobot_280jn:/home/amin/cobot/cobot_ws/install/mycobot_280arduino_moveit2:/home/amin/cobot/cobot_ws/install/mycobot_280_x3pi:/home/amin/cobot/cobot_ws/install/mycobot_280_riscv:/home/amin/cobot/cobot_ws/install/mycobot_280_rdkx5:/home/amin/cobot/cobot_ws/install/mycobot_280_moveit2_control:/home/amin/cobot/cobot_ws/install/mycobot_280_moveit2:/home/amin/cobot/cobot_ws/install/mycobot_280_gazebo_jazzy:/home/amin/cobot/cobot_ws/install/mycobot_280_gazebo:/home/amin/cobot/cobot_ws/install/mycobot_280_arduino:/home/amin/cobot/cobot_ws/install/mycobot_280:/home/amin/cobot/cobot_ws/install/mybuddy:/home/amin/cobot/cobot_ws/install/myarm_300:/home/amin/cobot/cobot_ws/install/mecharm_pi:/home/amin/cobot/cobot_ws/install/mecharm:/home/amin/cobot/cobot_ws/install/mecharm_interfaces:/opt/ros/jazzy CMAKE_PREFIX_PATH=${CMAKE_PREFIX_PATH}:/home/amin/cobot/cobot_ws/install/ultraarm:/home/amin/cobot/cobot_ws/install/pro450_moveit2_control:/home/amin/cobot/cobot_ws/install/mypalletizer_communication:/home/amin/cobot/cobot_ws/install/mypalletizer_260_pi:/home/amin/cobot/cobot_ws/install/mypalletizer_260:/home/amin/cobot/cobot_ws/install/mycobot_pro_450:/home/amin/cobot/cobot_ws/install/myarm_m750:/home/amin/cobot/cobot_ws/install/myarm_c650:/home/amin/cobot/cobot_ws/install/mycobot_communication:/home/amin/cobot/cobot_ws/install/mecharm_communication:/home/amin/cobot/cobot_ws/install/mycobot_630:/home/amin/cobot/cobot_ws/install/mycobot_600:/home/amin/cobot/cobot_ws/install/mycobot_320pi:/home/amin/cobot/cobot_ws/install/mycobot_320_riscv:/home/amin/cobot/cobot_ws/install/mycobot_320:/home/amin/cobot/cobot_ws/install/mycobot_280pi:/home/amin/cobot/cobot_ws/install/mycobot_280jn:/home/amin/cobot/cobot_ws/install/mycobot_280_x3pi:/home/amin/cobot/cobot_ws/install/mycobot_280_riscv:/home/amin/cobot/cobot_ws/install/mycobot_280_rdkx5:/home/amin/cobot/cobot_ws/install/mycobot_280_moveit2_control:/home/amin/cobot/cobot_ws/install/mycobot_280_arduino:/home/amin/cobot/cobot_ws/install/mycobot_280:/home/amin/cobot/cobot_ws/install/mybuddy:/home/amin/cobot/cobot_ws/install/myarm_300:/home/amin/cobot/cobot_ws/install/mecharm_pi:/home/amin/cobot/cobot_ws/install/mecharm:/home/amin/cobot/cobot_ws/install/mycobot_description:/opt/ros/jazzy DEBUGINFOD_URLS=https://debuginfod.ubuntu.com PYTHONPATH=/home/amin/cobot/cobot_ws/install/mycobot_description/lib/python3.12/site-packages:/home/amin/cobot/cobot_ws/install/ultraarm/lib/python3.12/site-packages:/home/amin/cobot/cobot_ws/install/pro450_moveit2_control/lib/python3.12/site-packages:/home/amin/cobot/cobot_ws/install/mypalletizer_communication/lib/python3.12/site-packages:/home/amin/cobot/cobot_ws/install/mypalletizer_interfaces/lib/python3.12/site-packages:/home/amin/cobot/cobot_ws/install/mypalletizer_260_pi/lib/python3.12/site-packages:/home/amin/cobot/cobot_ws/install/mypalletizer_260/lib/python3.12/site-packages:/home/amin/cobot/cobot_ws/install/mycobot_pro_450/lib/python3.12/site-packages:/home/amin/cobot/cobot_ws/install/mycobot_pro450_interfaces/lib/python3.12/site-packages:/home/amin/cobot/cobot_ws/install/myarm_m750/lib/python3.12/site-packages:/home/amin/cobot/cobot_ws/install/myarm_c650/lib/python3.12/site-packages:/home/amin/cobot/cobot_ws/install/mycobot_communication/lib/python3.12/site-packages:/home/amin/cobot/cobot_ws/install/mecharm_communication/lib/python3.12/site-packages:/home/amin/cobot/cobot_ws/install/mycobot_interfaces/lib/python3.12/site-packages:/home/amin/cobot/cobot_ws/install/mycobot_630/lib/python3.12/site-packages:/home/amin/cobot/cobot_ws/install/mycobot_600/lib/python3.12/site-packages:/home/amin/cobot/cobot_ws/install/mycobot_320pi/lib/python3.12/site-packages:/home/amin/cobot/cobot_ws/install/mycobot_320_riscv/lib/python3.12/site-packages:/home/amin/cobot/cobot_ws/install/mycobot_320/lib/python3.12/site-packages:/home/amin/cobot/cobot_ws/install/mycobot_280pi/lib/python3.12/site-packages:/home/amin/cobot/cobot_ws/install/mycobot_280jn/lib/python3.12/site-packages:/home/amin/cobot/cobot_ws/install/mycobot_280_x3pi/lib/python3.12/site-packages:/home/amin/cobot/cobot_ws/install/mycobot_280_riscv/lib/python3.12/site-packages:/home/amin/cobot/cobot_ws/install/mycobot_280_rdkx5/lib/python3.12/site-packages:/home/amin/cobot/cobot_ws/install/mycobot_280_moveit2_control/lib/python3.12/site-packages:/home/amin/cobot/cobot_ws/install/mycobot_280_arduino/lib/python3.12/site-packages:/home/amin/cobot/cobot_ws/install/mycobot_280/lib/python3.12/site-packages:/home/amin/cobot/cobot_ws/install/mybuddy/lib/python3.12/site-packages:/home/amin/cobot/cobot_ws/install/myarm_300/lib/python3.12/site-packages:/home/amin/cobot/cobot_ws/install/mecharm_pi/lib/python3.12/site-packages:/home/amin/cobot/cobot_ws/install/mecharm/lib/python3.12/site-packages:/home/amin/cobot/cobot_ws/install/mecharm_interfaces/lib/python3.12/site-packages:/opt/ros/jazzy/lib/python3.12/site-packages /usr/bin/cmake --build /home/amin/cobot/cobot_ws/build/pro450_moveit2 -- -j8 -l8
[16.875s] DEBUG:colcon.colcon_core.event_handler.log_command:Invoking command in '/home/amin/cobot/cobot_ws/build/pro450_moveit2': AMENT_PREFIX_PATH=/home/amin/cobot/cobot_ws/install/mycobot_description:/home/amin/cobot/cobot_ws/install/ultraarm:/home/amin/cobot/cobot_ws/install/pro450_moveit2_control:/home/amin/cobot/cobot_ws/install/pro450_moveit2:/home/amin/cobot/cobot_ws/install/mypalletizer_communication:/home/amin/cobot/cobot_ws/install/mypalletizer_interfaces:/home/amin/cobot/cobot_ws/install/mypalletizer_260_pi:/home/amin/cobot/cobot_ws/install/mypalletizer_260:/home/amin/cobot/cobot_ws/install/mycobot_pro_450:/home/amin/cobot/cobot_ws/install/mycobot_pro450_interfaces:/home/amin/cobot/cobot_ws/install/myarm_m750:/home/amin/cobot/cobot_ws/install/myarm_c650:/home/amin/cobot/cobot_ws/install/mycobot_communication:/home/amin/cobot/cobot_ws/install/mecharm_communication:/home/amin/cobot/cobot_ws/install/mycobot_interfaces:/home/amin/cobot/cobot_ws/install/mycobot_630:/home/amin/cobot/cobot_ws/install/mycobot_600:/home/amin/cobot/cobot_ws/install/mycobot_320pi:/home/amin/cobot/cobot_ws/install/mycobot_320_riscv:/home/amin/cobot/cobot_ws/install/mycobot_320:/home/amin/cobot/cobot_ws/install/mycobot_280rdkx5_moveit2:/home/amin/cobot/cobot_ws/install/mycobot_280pi:/home/amin/cobot/cobot_ws/install/mycobot_280jn:/home/amin/cobot/cobot_ws/install/mycobot_280arduino_moveit2:/home/amin/cobot/cobot_ws/install/mycobot_280_x3pi:/home/amin/cobot/cobot_ws/install/mycobot_280_riscv:/home/amin/cobot/cobot_ws/install/mycobot_280_rdkx5:/home/amin/cobot/cobot_ws/install/mycobot_280_moveit2_control:/home/amin/cobot/cobot_ws/install/mycobot_280_moveit2:/home/amin/cobot/cobot_ws/install/mycobot_280_gazebo_jazzy:/home/amin/cobot/cobot_ws/install/mycobot_280_gazebo:/home/amin/cobot/cobot_ws/install/mycobot_280_arduino:/home/amin/cobot/cobot_ws/install/mycobot_280:/home/amin/cobot/cobot_ws/install/mybuddy:/home/amin/cobot/cobot_ws/install/myarm_300:/home/amin/cobot/cobot_ws/install/mecharm_pi:/home/amin/cobot/cobot_ws/install/mecharm:/home/amin/cobot/cobot_ws/install/mecharm_interfaces:/opt/ros/jazzy CMAKE_PREFIX_PATH=${CMAKE_PREFIX_PATH}:/home/amin/cobot/cobot_ws/install/ultraarm:/home/amin/cobot/cobot_ws/install/pro450_moveit2_control:/home/amin/cobot/cobot_ws/install/mypalletizer_communication:/home/amin/cobot/cobot_ws/install/mypalletizer_260_pi:/home/amin/cobot/cobot_ws/install/mypalletizer_260:/home/amin/cobot/cobot_ws/install/mycobot_pro_450:/home/amin/cobot/cobot_ws/install/myarm_m750:/home/amin/cobot/cobot_ws/install/myarm_c650:/home/amin/cobot/cobot_ws/install/mycobot_communication:/home/amin/cobot/cobot_ws/install/mecharm_communication:/home/amin/cobot/cobot_ws/install/mycobot_630:/home/amin/cobot/cobot_ws/install/mycobot_600:/home/amin/cobot/cobot_ws/install/mycobot_320pi:/home/amin/cobot/cobot_ws/install/mycobot_320_riscv:/home/amin/cobot/cobot_ws/install/mycobot_320:/home/amin/cobot/cobot_ws/install/mycobot_280pi:/home/amin/cobot/cobot_ws/install/mycobot_280jn:/home/amin/cobot/cobot_ws/install/mycobot_280_x3pi:/home/amin/cobot/cobot_ws/install/mycobot_280_riscv:/home/amin/cobot/cobot_ws/install/mycobot_280_rdkx5:/home/amin/cobot/cobot_ws/install/mycobot_280_moveit2_control:/home/amin/cobot/cobot_ws/install/mycobot_280_arduino:/home/amin/cobot/cobot_ws/install/mycobot_280:/home/amin/cobot/cobot_ws/install/mybuddy:/home/amin/cobot/cobot_ws/install/myarm_300:/home/amin/cobot/cobot_ws/install/mecharm_pi:/home/amin/cobot/cobot_ws/install/mecharm:/home/amin/cobot/cobot_ws/install/mycobot_description:/opt/ros/jazzy DEBUGINFOD_URLS=https://debuginfod.ubuntu.com PYTHONPATH=/home/amin/cobot/cobot_ws/install/mycobot_description/lib/python3.12/site-packages:/home/amin/cobot/cobot_ws/install/ultraarm/lib/python3.12/site-packages:/home/amin/cobot/cobot_ws/install/pro450_moveit2_control/lib/python3.12/site-packages:/home/amin/cobot/cobot_ws/install/mypalletizer_communication/lib/python3.12/site-packages:/home/amin/cobot/cobot_ws/install/mypalletizer_interfaces/lib/python3.12/site-packages:/home/amin/cobot/cobot_ws/install/mypalletizer_260_pi/lib/python3.12/site-packages:/home/amin/cobot/cobot_ws/install/mypalletizer_260/lib/python3.12/site-packages:/home/amin/cobot/cobot_ws/install/mycobot_pro_450/lib/python3.12/site-packages:/home/amin/cobot/cobot_ws/install/mycobot_pro450_interfaces/lib/python3.12/site-packages:/home/amin/cobot/cobot_ws/install/myarm_m750/lib/python3.12/site-packages:/home/amin/cobot/cobot_ws/install/myarm_c650/lib/python3.12/site-packages:/home/amin/cobot/cobot_ws/install/mycobot_communication/lib/python3.12/site-packages:/home/amin/cobot/cobot_ws/install/mecharm_communication/lib/python3.12/site-packages:/home/amin/cobot/cobot_ws/install/mycobot_interfaces/lib/python3.12/site-packages:/home/amin/cobot/cobot_ws/install/mycobot_630/lib/python3.12/site-packages:/home/amin/cobot/cobot_ws/install/mycobot_600/lib/python3.12/site-packages:/home/amin/cobot/cobot_ws/install/mycobot_320pi/lib/python3.12/site-packages:/home/amin/cobot/cobot_ws/install/mycobot_320_riscv/lib/python3.12/site-packages:/home/amin/cobot/cobot_ws/install/mycobot_320/lib/python3.12/site-packages:/home/amin/cobot/cobot_ws/install/mycobot_280pi/lib/python3.12/site-packages:/home/amin/cobot/cobot_ws/install/mycobot_280jn/lib/python3.12/site-packages:/home/amin/cobot/cobot_ws/install/mycobot_280_x3pi/lib/python3.12/site-packages:/home/amin/cobot/cobot_ws/install/mycobot_280_riscv/lib/python3.12/site-packages:/home/amin/cobot/cobot_ws/install/mycobot_280_rdkx5/lib/python3.12/site-packages:/home/amin/cobot/cobot_ws/install/mycobot_280_moveit2_control/lib/python3.12/site-packages:/home/amin/cobot/cobot_ws/install/mycobot_280_arduino/lib/python3.12/site-packages:/home/amin/cobot/cobot_ws/install/mycobot_280/lib/python3.12/site-packages:/home/amin/cobot/cobot_ws/install/mybuddy/lib/python3.12/site-packages:/home/amin/cobot/cobot_ws/install/myarm_300/lib/python3.12/site-packages:/home/amin/cobot/cobot_ws/install/mecharm_pi/lib/python3.12/site-packages:/home/amin/cobot/cobot_ws/install/mecharm/lib/python3.12/site-packages:/home/amin/cobot/cobot_ws/install/mecharm_interfaces/lib/python3.12/site-packages:/opt/ros/jazzy/lib/python3.12/site-packages /usr/bin/cmake --install /home/amin/cobot/cobot_ws/build/pro450_moveit2
[16.876s] Level 1:colcon.colcon_core.environment:checking '/home/amin/cobot/cobot_ws/install/mycobot_600' for CMake module files
[16.877s] Level 1:colcon.colcon_core.environment:checking '/home/amin/cobot/cobot_ws/install/mycobot_600' for CMake config files
[16.878s] Level 1:colcon.colcon_core.environment:checking '/home/amin/cobot/cobot_ws/install/mycobot_600/lib'
[16.878s] Level 1:colcon.colcon_core.environment:checking '/home/amin/cobot/cobot_ws/install/mycobot_600/bin'
[16.878s] Level 1:colcon.colcon_core.environment:checking '/home/amin/cobot/cobot_ws/install/mycobot_600/lib/pkgconfig/mycobot_600.pc'
[16.878s] Level 1:colcon.colcon_core.environment:checking '/home/amin/cobot/cobot_ws/install/mycobot_600/lib/python3.12/site-packages'
[16.879s] Level 1:colcon.colcon_core.shell:create_environment_hook('mycobot_600', 'pythonpath')
[16.884s] INFO:colcon.colcon_core.shell:Creating environment hook '/home/amin/cobot/cobot_ws/install/mycobot_600/share/mycobot_600/hook/pythonpath.ps1'
[16.886s] DEBUG:colcon.colcon_core.event_handler.log_command:Invoked command in '/home/amin/cobot/cobot_ws/src/mycobot_ros2/mycobot_pro/mycobot_600' returned '0': AMENT_PREFIX_PATH=/home/amin/cobot/cobot_ws/install/mycobot_description:/home/amin/cobot/cobot_ws/install/ultraarm:/home/amin/cobot/cobot_ws/install/pro450_moveit2_control:/home/amin/cobot/cobot_ws/install/pro450_moveit2:/home/amin/cobot/cobot_ws/install/mypalletizer_communication:/home/amin/cobot/cobot_ws/install/mypalletizer_interfaces:/home/amin/cobot/cobot_ws/install/mypalletizer_260_pi:/home/amin/cobot/cobot_ws/install/mypalletizer_260:/home/amin/cobot/cobot_ws/install/mycobot_pro_450:/home/amin/cobot/cobot_ws/install/mycobot_pro450_interfaces:/home/amin/cobot/cobot_ws/install/myarm_m750:/home/amin/cobot/cobot_ws/install/myarm_c650:/home/amin/cobot/cobot_ws/install/mycobot_communication:/home/amin/cobot/cobot_ws/install/mecharm_communication:/home/amin/cobot/cobot_ws/install/mycobot_interfaces:/home/amin/cobot/cobot_ws/install/mycobot_630:/home/amin/cobot/cobot_ws/install/mycobot_600:/home/amin/cobot/cobot_ws/install/mycobot_320pi:/home/amin/cobot/cobot_ws/install/mycobot_320_riscv:/home/amin/cobot/cobot_ws/install/mycobot_320:/home/amin/cobot/cobot_ws/install/mycobot_280rdkx5_moveit2:/home/amin/cobot/cobot_ws/install/mycobot_280pi:/home/amin/cobot/cobot_ws/install/mycobot_280jn:/home/amin/cobot/cobot_ws/install/mycobot_280arduino_moveit2:/home/amin/cobot/cobot_ws/install/mycobot_280_x3pi:/home/amin/cobot/cobot_ws/install/mycobot_280_riscv:/home/amin/cobot/cobot_ws/install/mycobot_280_rdkx5:/home/amin/cobot/cobot_ws/install/mycobot_280_moveit2_control:/home/amin/cobot/cobot_ws/install/mycobot_280_moveit2:/home/amin/cobot/cobot_ws/install/mycobot_280_gazebo_jazzy:/home/amin/cobot/cobot_ws/install/mycobot_280_gazebo:/home/amin/cobot/cobot_ws/install/mycobot_280_arduino:/home/amin/cobot/cobot_ws/install/mycobot_280:/home/amin/cobot/cobot_ws/install/mybuddy:/home/amin/cobot/cobot_ws/install/myarm_300:/home/amin/cobot/cobot_ws/install/mecharm_pi:/home/amin/cobot/cobot_ws/install/mecharm:/home/amin/cobot/cobot_ws/install/mecharm_interfaces:/opt/ros/jazzy DEBUGINFOD_URLS=https://debuginfod.ubuntu.com PYTHONPATH=/home/amin/cobot/cobot_ws/build/mycobot_600/prefix_override:/usr/lib/python3/dist-packages/colcon_core/task/python/colcon_distutils_commands:/home/amin/cobot/cobot_ws/install/mycobot_600/lib/python3.12/site-packages:/home/amin/cobot/cobot_ws/install/mycobot_description/lib/python3.12/site-packages:/home/amin/cobot/cobot_ws/install/ultraarm/lib/python3.12/site-packages:/home/amin/cobot/cobot_ws/install/pro450_moveit2_control/lib/python3.12/site-packages:/home/amin/cobot/cobot_ws/install/mypalletizer_communication/lib/python3.12/site-packages:/home/amin/cobot/cobot_ws/install/mypalletizer_interfaces/lib/python3.12/site-packages:/home/amin/cobot/cobot_ws/install/mypalletizer_260_pi/lib/python3.12/site-packages:/home/amin/cobot/cobot_ws/install/mypalletizer_260/lib/python3.12/site-packages:/home/amin/cobot/cobot_ws/install/mycobot_pro_450/lib/python3.12/site-packages:/home/amin/cobot/cobot_ws/install/mycobot_pro450_interfaces/lib/python3.12/site-packages:/home/amin/cobot/cobot_ws/install/myarm_m750/lib/python3.12/site-packages:/home/amin/cobot/cobot_ws/install/myarm_c650/lib/python3.12/site-packages:/home/amin/cobot/cobot_ws/install/mycobot_communication/lib/python3.12/site-packages:/home/amin/cobot/cobot_ws/install/mecharm_communication/lib/python3.12/site-packages:/home/amin/cobot/cobot_ws/install/mycobot_interfaces/lib/python3.12/site-packages:/home/amin/cobot/cobot_ws/install/mycobot_630/lib/python3.12/site-packages:/home/amin/cobot/cobot_ws/install/mycobot_600/lib/python3.12/site-packages:/home/amin/cobot/cobot_ws/install/mycobot_320pi/lib/python3.12/site-packages:/home/amin/cobot/cobot_ws/install/mycobot_320_riscv/lib/python3.12/site-packages:/home/amin/cobot/cobot_ws/install/mycobot_320/lib/python3.12/site-packages:/home/amin/cobot/cobot_ws/install/mycobot_280pi/lib/python3.12/site-packages:/home/amin/cobot/cobot_ws/install/mycobot_280jn/lib/python3.12/site-packages:/home/amin/cobot/cobot_ws/install/mycobot_280_x3pi/lib/python3.12/site-packages:/home/amin/cobot/cobot_ws/install/mycobot_280_riscv/lib/python3.12/site-packages:/home/amin/cobot/cobot_ws/install/mycobot_280_rdkx5/lib/python3.12/site-packages:/home/amin/cobot/cobot_ws/install/mycobot_280_moveit2_control/lib/python3.12/site-packages:/home/amin/cobot/cobot_ws/install/mycobot_280_arduino/lib/python3.12/site-packages:/home/amin/cobot/cobot_ws/install/mycobot_280/lib/python3.12/site-packages:/home/amin/cobot/cobot_ws/install/mybuddy/lib/python3.12/site-packages:/home/amin/cobot/cobot_ws/install/myarm_300/lib/python3.12/site-packages:/home/amin/cobot/cobot_ws/install/mecharm_pi/lib/python3.12/site-packages:/home/amin/cobot/cobot_ws/install/mecharm/lib/python3.12/site-packages:/home/amin/cobot/cobot_ws/install/mecharm_interfaces/lib/python3.12/site-packages:/opt/ros/jazzy/lib/python3.12/site-packages /usr/bin/python3 -W ignore:setup.py install is deprecated -W ignore:easy_install command is deprecated setup.py egg_info --egg-base ../../../../build/mycobot_600 build --build-base /home/amin/cobot/cobot_ws/build/mycobot_600/build install --record /home/amin/cobot/cobot_ws/build/mycobot_600/install.log --single-version-externally-managed install_data
[16.889s] INFO:colcon.colcon_core.shell:Creating environment descriptor '/home/amin/cobot/cobot_ws/install/mycobot_600/share/mycobot_600/hook/pythonpath.dsv'
[16.889s] INFO:colcon.colcon_core.shell:Creating environment hook '/home/amin/cobot/cobot_ws/install/mycobot_600/share/mycobot_600/hook/pythonpath.sh'
[16.890s] Level 1:colcon.colcon_core.environment:checking '/home/amin/cobot/cobot_ws/install/mycobot_600/bin'
[16.890s] Level 1:colcon.colcon_core.environment:create_environment_scripts_only(mycobot_600)
[16.895s] INFO:colcon.colcon_core.shell:Creating package script '/home/amin/cobot/cobot_ws/install/mycobot_600/share/mycobot_600/package.ps1'
[16.901s] INFO:colcon.colcon_core.shell:Creating package descriptor '/home/amin/cobot/cobot_ws/install/mycobot_600/share/mycobot_600/package.dsv'
[16.902s] INFO:colcon.colcon_core.shell:Creating package script '/home/amin/cobot/cobot_ws/install/mycobot_600/share/mycobot_600/package.sh'
[16.904s] INFO:colcon.colcon_core.shell:Creating package script '/home/amin/cobot/cobot_ws/install/mycobot_600/share/mycobot_600/package.bash'
[16.905s] INFO:colcon.colcon_core.shell:Creating package script '/home/amin/cobot/cobot_ws/install/mycobot_600/share/mycobot_600/package.zsh'
[16.906s] Level 1:colcon.colcon_core.environment:create_file_with_runtime_dependencies(/home/amin/cobot/cobot_ws/install/mycobot_600/share/colcon-core/packages/mycobot_600)
[16.910s] INFO:colcon.colcon_ros.task.ament_python.build:Building ROS package in '/home/amin/cobot/cobot_ws/src/mycobot_ros2/ultraArm/ultraarm' with build type 'ament_python'
[16.910s] Level 1:colcon.colcon_core.shell:create_environment_hook('ultraarm', 'ament_prefix_path')
[16.911s] INFO:colcon.colcon_core.shell:Creating environment hook '/home/amin/cobot/cobot_ws/install/ultraarm/share/ultraarm/hook/ament_prefix_path.ps1'
[16.923s] INFO:colcon.colcon_core.shell:Creating environment descriptor '/home/amin/cobot/cobot_ws/install/ultraarm/share/ultraarm/hook/ament_prefix_path.dsv'
[16.927s] INFO:colcon.colcon_core.shell:Creating environment hook '/home/amin/cobot/cobot_ws/install/ultraarm/share/ultraarm/hook/ament_prefix_path.sh'
[16.928s] INFO:colcon.colcon_core.shell:Skip shell extension 'powershell' for command environment: Not usable outside of PowerShell
[16.928s] DEBUG:colcon.colcon_core.shell:Skip shell extension 'dsv' for command environment
[16.945s] Level 1:colcon.colcon_core.environment:create_environment_scripts_only(pro450_moveit2)
[16.946s] Level 1:colcon.colcon_core.environment:checking '/home/amin/cobot/cobot_ws/install/pro450_moveit2' for CMake module files
[16.947s] Level 1:colcon.colcon_core.environment:checking '/home/amin/cobot/cobot_ws/install/pro450_moveit2' for CMake config files
[16.952s] Level 1:colcon.colcon_core.shell:create_environment_hook('pro450_moveit2', 'cmake_prefix_path')
[16.954s] INFO:colcon.colcon_core.shell:Creating environment hook '/home/amin/cobot/cobot_ws/install/pro450_moveit2/share/pro450_moveit2/hook/cmake_prefix_path.ps1'
[16.953s] DEBUG:colcon.colcon_core.event_handler.log_command:Invoked command in '/home/amin/cobot/cobot_ws/build/pro450_moveit2' returned '0': AMENT_PREFIX_PATH=/home/amin/cobot/cobot_ws/install/mycobot_description:/home/amin/cobot/cobot_ws/install/ultraarm:/home/amin/cobot/cobot_ws/install/pro450_moveit2_control:/home/amin/cobot/cobot_ws/install/pro450_moveit2:/home/amin/cobot/cobot_ws/install/mypalletizer_communication:/home/amin/cobot/cobot_ws/install/mypalletizer_interfaces:/home/amin/cobot/cobot_ws/install/mypalletizer_260_pi:/home/amin/cobot/cobot_ws/install/mypalletizer_260:/home/amin/cobot/cobot_ws/install/mycobot_pro_450:/home/amin/cobot/cobot_ws/install/mycobot_pro450_interfaces:/home/amin/cobot/cobot_ws/install/myarm_m750:/home/amin/cobot/cobot_ws/install/myarm_c650:/home/amin/cobot/cobot_ws/install/mycobot_communication:/home/amin/cobot/cobot_ws/install/mecharm_communication:/home/amin/cobot/cobot_ws/install/mycobot_interfaces:/home/amin/cobot/cobot_ws/install/mycobot_630:/home/amin/cobot/cobot_ws/install/mycobot_600:/home/amin/cobot/cobot_ws/install/mycobot_320pi:/home/amin/cobot/cobot_ws/install/mycobot_320_riscv:/home/amin/cobot/cobot_ws/install/mycobot_320:/home/amin/cobot/cobot_ws/install/mycobot_280rdkx5_moveit2:/home/amin/cobot/cobot_ws/install/mycobot_280pi:/home/amin/cobot/cobot_ws/install/mycobot_280jn:/home/amin/cobot/cobot_ws/install/mycobot_280arduino_moveit2:/home/amin/cobot/cobot_ws/install/mycobot_280_x3pi:/home/amin/cobot/cobot_ws/install/mycobot_280_riscv:/home/amin/cobot/cobot_ws/install/mycobot_280_rdkx5:/home/amin/cobot/cobot_ws/install/mycobot_280_moveit2_control:/home/amin/cobot/cobot_ws/install/mycobot_280_moveit2:/home/amin/cobot/cobot_ws/install/mycobot_280_gazebo_jazzy:/home/amin/cobot/cobot_ws/install/mycobot_280_gazebo:/home/amin/cobot/cobot_ws/install/mycobot_280_arduino:/home/amin/cobot/cobot_ws/install/mycobot_280:/home/amin/cobot/cobot_ws/install/mybuddy:/home/amin/cobot/cobot_ws/install/myarm_300:/home/amin/cobot/cobot_ws/install/mecharm_pi:/home/amin/cobot/cobot_ws/install/mecharm:/home/amin/cobot/cobot_ws/install/mecharm_interfaces:/opt/ros/jazzy CMAKE_PREFIX_PATH=${CMAKE_PREFIX_PATH}:/home/amin/cobot/cobot_ws/install/ultraarm:/home/amin/cobot/cobot_ws/install/pro450_moveit2_control:/home/amin/cobot/cobot_ws/install/mypalletizer_communication:/home/amin/cobot/cobot_ws/install/mypalletizer_260_pi:/home/amin/cobot/cobot_ws/install/mypalletizer_260:/home/amin/cobot/cobot_ws/install/mycobot_pro_450:/home/amin/cobot/cobot_ws/install/myarm_m750:/home/amin/cobot/cobot_ws/install/myarm_c650:/home/amin/cobot/cobot_ws/install/mycobot_communication:/home/amin/cobot/cobot_ws/install/mecharm_communication:/home/amin/cobot/cobot_ws/install/mycobot_630:/home/amin/cobot/cobot_ws/install/mycobot_600:/home/amin/cobot/cobot_ws/install/mycobot_320pi:/home/amin/cobot/cobot_ws/install/mycobot_320_riscv:/home/amin/cobot/cobot_ws/install/mycobot_320:/home/amin/cobot/cobot_ws/install/mycobot_280pi:/home/amin/cobot/cobot_ws/install/mycobot_280jn:/home/amin/cobot/cobot_ws/install/mycobot_280_x3pi:/home/amin/cobot/cobot_ws/install/mycobot_280_riscv:/home/amin/cobot/cobot_ws/install/mycobot_280_rdkx5:/home/amin/cobot/cobot_ws/install/mycobot_280_moveit2_control:/home/amin/cobot/cobot_ws/install/mycobot_280_arduino:/home/amin/cobot/cobot_ws/install/mycobot_280:/home/amin/cobot/cobot_ws/install/mybuddy:/home/amin/cobot/cobot_ws/install/myarm_300:/home/amin/cobot/cobot_ws/install/mecharm_pi:/home/amin/cobot/cobot_ws/install/mecharm:/home/amin/cobot/cobot_ws/install/mycobot_description:/opt/ros/jazzy DEBUGINFOD_URLS=https://debuginfod.ubuntu.com PYTHONPATH=/home/amin/cobot/cobot_ws/install/mycobot_description/lib/python3.12/site-packages:/home/amin/cobot/cobot_ws/install/ultraarm/lib/python3.12/site-packages:/home/amin/cobot/cobot_ws/install/pro450_moveit2_control/lib/python3.12/site-packages:/home/amin/cobot/cobot_ws/install/mypalletizer_communication/lib/python3.12/site-packages:/home/amin/cobot/cobot_ws/install/mypalletizer_interfaces/lib/python3.12/site-packages:/home/amin/cobot/cobot_ws/install/mypalletizer_260_pi/lib/python3.12/site-packages:/home/amin/cobot/cobot_ws/install/mypalletizer_260/lib/python3.12/site-packages:/home/amin/cobot/cobot_ws/install/mycobot_pro_450/lib/python3.12/site-packages:/home/amin/cobot/cobot_ws/install/mycobot_pro450_interfaces/lib/python3.12/site-packages:/home/amin/cobot/cobot_ws/install/myarm_m750/lib/python3.12/site-packages:/home/amin/cobot/cobot_ws/install/myarm_c650/lib/python3.12/site-packages:/home/amin/cobot/cobot_ws/install/mycobot_communication/lib/python3.12/site-packages:/home/amin/cobot/cobot_ws/install/mecharm_communication/lib/python3.12/site-packages:/home/amin/cobot/cobot_ws/install/mycobot_interfaces/lib/python3.12/site-packages:/home/amin/cobot/cobot_ws/install/mycobot_630/lib/python3.12/site-packages:/home/amin/cobot/cobot_ws/install/mycobot_600/lib/python3.12/site-packages:/home/amin/cobot/cobot_ws/install/mycobot_320pi/lib/python3.12/site-packages:/home/amin/cobot/cobot_ws/install/mycobot_320_riscv/lib/python3.12/site-packages:/home/amin/cobot/cobot_ws/install/mycobot_320/lib/python3.12/site-packages:/home/amin/cobot/cobot_ws/install/mycobot_280pi/lib/python3.12/site-packages:/home/amin/cobot/cobot_ws/install/mycobot_280jn/lib/python3.12/site-packages:/home/amin/cobot/cobot_ws/install/mycobot_280_x3pi/lib/python3.12/site-packages:/home/amin/cobot/cobot_ws/install/mycobot_280_riscv/lib/python3.12/site-packages:/home/amin/cobot/cobot_ws/install/mycobot_280_rdkx5/lib/python3.12/site-packages:/home/amin/cobot/cobot_ws/install/mycobot_280_moveit2_control/lib/python3.12/site-packages:/home/amin/cobot/cobot_ws/install/mycobot_280_arduino/lib/python3.12/site-packages:/home/amin/cobot/cobot_ws/install/mycobot_280/lib/python3.12/site-packages:/home/amin/cobot/cobot_ws/install/mybuddy/lib/python3.12/site-packages:/home/amin/cobot/cobot_ws/install/myarm_300/lib/python3.12/site-packages:/home/amin/cobot/cobot_ws/install/mecharm_pi/lib/python3.12/site-packages:/home/amin/cobot/cobot_ws/install/mecharm/lib/python3.12/site-packages:/home/amin/cobot/cobot_ws/install/mecharm_interfaces/lib/python3.12/site-packages:/opt/ros/jazzy/lib/python3.12/site-packages /usr/bin/cmake --install /home/amin/cobot/cobot_ws/build/pro450_moveit2
[16.955s] INFO:colcon.colcon_core.shell:Creating environment descriptor '/home/amin/cobot/cobot_ws/install/pro450_moveit2/share/pro450_moveit2/hook/cmake_prefix_path.dsv'
[16.959s] INFO:colcon.colcon_core.shell:Creating environment hook '/home/amin/cobot/cobot_ws/install/pro450_moveit2/share/pro450_moveit2/hook/cmake_prefix_path.sh'
[16.962s] Level 1:colcon.colcon_core.environment:checking '/home/amin/cobot/cobot_ws/install/pro450_moveit2/bin'
[16.962s] Level 1:colcon.colcon_core.environment:checking '/home/amin/cobot/cobot_ws/install/pro450_moveit2/lib/pkgconfig/pro450_moveit2.pc'
[16.964s] Level 1:colcon.colcon_core.environment:checking '/home/amin/cobot/cobot_ws/install/pro450_moveit2/lib/python3.12/site-packages'
[16.965s] Level 1:colcon.colcon_core.environment:checking '/home/amin/cobot/cobot_ws/install/pro450_moveit2/bin'
[16.966s] INFO:colcon.colcon_core.shell:Creating package script '/home/amin/cobot/cobot_ws/install/pro450_moveit2/share/pro450_moveit2/package.ps1'
[16.968s] INFO:colcon.colcon_core.shell:Creating package descriptor '/home/amin/cobot/cobot_ws/install/pro450_moveit2/share/pro450_moveit2/package.dsv'
[16.968s] INFO:colcon.colcon_core.shell:Creating package script '/home/amin/cobot/cobot_ws/install/pro450_moveit2/share/pro450_moveit2/package.sh'
[16.971s] INFO:colcon.colcon_core.shell:Creating package script '/home/amin/cobot/cobot_ws/install/pro450_moveit2/share/pro450_moveit2/package.bash'
[16.972s] INFO:colcon.colcon_core.shell:Creating package script '/home/amin/cobot/cobot_ws/install/pro450_moveit2/share/pro450_moveit2/package.zsh'
[16.974s] Level 1:colcon.colcon_core.environment:create_file_with_runtime_dependencies(/home/amin/cobot/cobot_ws/install/pro450_moveit2/share/colcon-core/packages/pro450_moveit2)
[16.975s] Level 1:colcon.colcon_core.environment:create_environment_scripts_only(pro450_moveit2)
[16.976s] Level 1:colcon.colcon_core.environment:checking '/home/amin/cobot/cobot_ws/install/pro450_moveit2' for CMake module files
[16.977s] Level 1:colcon.colcon_core.environment:checking '/home/amin/cobot/cobot_ws/install/pro450_moveit2' for CMake config files
[16.979s] Level 1:colcon.colcon_core.shell:create_environment_hook('pro450_moveit2', 'cmake_prefix_path')
[16.982s] INFO:colcon.colcon_core.shell:Creating environment hook '/home/amin/cobot/cobot_ws/install/pro450_moveit2/share/pro450_moveit2/hook/cmake_prefix_path.ps1'
[16.986s] INFO:colcon.colcon_core.shell:Creating environment descriptor '/home/amin/cobot/cobot_ws/install/pro450_moveit2/share/pro450_moveit2/hook/cmake_prefix_path.dsv'
[16.986s] INFO:colcon.colcon_core.shell:Creating environment hook '/home/amin/cobot/cobot_ws/install/pro450_moveit2/share/pro450_moveit2/hook/cmake_prefix_path.sh'
[16.987s] Level 1:colcon.colcon_core.environment:checking '/home/amin/cobot/cobot_ws/install/pro450_moveit2/bin'
[16.987s] Level 1:colcon.colcon_core.environment:checking '/home/amin/cobot/cobot_ws/install/pro450_moveit2/lib/pkgconfig/pro450_moveit2.pc'
[16.987s] Level 1:colcon.colcon_core.environment:checking '/home/amin/cobot/cobot_ws/install/pro450_moveit2/lib/python3.12/site-packages'
[16.988s] Level 1:colcon.colcon_core.environment:checking '/home/amin/cobot/cobot_ws/install/pro450_moveit2/bin'
[16.988s] INFO:colcon.colcon_core.shell:Creating package script '/home/amin/cobot/cobot_ws/install/pro450_moveit2/share/pro450_moveit2/package.ps1'
[16.989s] INFO:colcon.colcon_core.shell:Creating package descriptor '/home/amin/cobot/cobot_ws/install/pro450_moveit2/share/pro450_moveit2/package.dsv'
[16.991s] INFO:colcon.colcon_core.shell:Creating package script '/home/amin/cobot/cobot_ws/install/pro450_moveit2/share/pro450_moveit2/package.sh'
[16.992s] INFO:colcon.colcon_core.shell:Creating package script '/home/amin/cobot/cobot_ws/install/pro450_moveit2/share/pro450_moveit2/package.bash'
[16.996s] INFO:colcon.colcon_core.shell:Creating package script '/home/amin/cobot/cobot_ws/install/pro450_moveit2/share/pro450_moveit2/package.zsh'
[16.998s] Level 1:colcon.colcon_core.environment:create_file_with_runtime_dependencies(/home/amin/cobot/cobot_ws/install/pro450_moveit2/share/colcon-core/packages/pro450_moveit2)
[17.000s] INFO:colcon.colcon_ros.task.ament_python.build:Building ROS package in '/home/amin/cobot/cobot_ws/src/mycobot_ros2/myArm/myarm_c650' with build type 'ament_python'
[17.000s] Level 1:colcon.colcon_core.shell:create_environment_hook('myarm_c650', 'ament_prefix_path')
[17.001s] INFO:colcon.colcon_core.shell:Creating environment hook '/home/amin/cobot/cobot_ws/install/myarm_c650/share/myarm_c650/hook/ament_prefix_path.ps1'
[17.001s] INFO:colcon.colcon_core.shell:Creating environment descriptor '/home/amin/cobot/cobot_ws/install/myarm_c650/share/myarm_c650/hook/ament_prefix_path.dsv'
[17.002s] INFO:colcon.colcon_core.shell:Creating environment hook '/home/amin/cobot/cobot_ws/install/myarm_c650/share/myarm_c650/hook/ament_prefix_path.sh'
[17.003s] INFO:colcon.colcon_core.shell:Skip shell extension 'powershell' for command environment: Not usable outside of PowerShell
[17.004s] DEBUG:colcon.colcon_core.shell:Skip shell extension 'dsv' for command environment
[17.502s] INFO:colcon.colcon_core.task.python.build:Building Python package in '/home/amin/cobot/cobot_ws/src/mycobot_ros2/ultraArm/ultraarm'
[17.505s] INFO:colcon.colcon_core.shell:Skip shell extension 'powershell' for command environment: Not usable outside of PowerShell
[17.505s] DEBUG:colcon.colcon_core.shell:Skip shell extension 'dsv' for command environment
[17.525s] Level 1:colcon.colcon_core.environment:checking '/home/amin/cobot/cobot_ws/install/mycobot_320pi' for CMake module files
[17.525s] DEBUG:colcon.colcon_core.event_handler.log_command:Invoked command in '/home/amin/cobot/cobot_ws/src/mycobot_ros2/mycobot_320/mycobot_320pi' returned '0': AMENT_PREFIX_PATH=/home/amin/cobot/cobot_ws/install/mycobot_description:/home/amin/cobot/cobot_ws/install/ultraarm:/home/amin/cobot/cobot_ws/install/pro450_moveit2_control:/home/amin/cobot/cobot_ws/install/pro450_moveit2:/home/amin/cobot/cobot_ws/install/mypalletizer_communication:/home/amin/cobot/cobot_ws/install/mypalletizer_interfaces:/home/amin/cobot/cobot_ws/install/mypalletizer_260_pi:/home/amin/cobot/cobot_ws/install/mypalletizer_260:/home/amin/cobot/cobot_ws/install/mycobot_pro_450:/home/amin/cobot/cobot_ws/install/mycobot_pro450_interfaces:/home/amin/cobot/cobot_ws/install/myarm_m750:/home/amin/cobot/cobot_ws/install/myarm_c650:/home/amin/cobot/cobot_ws/install/mycobot_communication:/home/amin/cobot/cobot_ws/install/mecharm_communication:/home/amin/cobot/cobot_ws/install/mycobot_interfaces:/home/amin/cobot/cobot_ws/install/mycobot_630:/home/amin/cobot/cobot_ws/install/mycobot_600:/home/amin/cobot/cobot_ws/install/mycobot_320pi:/home/amin/cobot/cobot_ws/install/mycobot_320_riscv:/home/amin/cobot/cobot_ws/install/mycobot_320:/home/amin/cobot/cobot_ws/install/mycobot_280rdkx5_moveit2:/home/amin/cobot/cobot_ws/install/mycobot_280pi:/home/amin/cobot/cobot_ws/install/mycobot_280jn:/home/amin/cobot/cobot_ws/install/mycobot_280arduino_moveit2:/home/amin/cobot/cobot_ws/install/mycobot_280_x3pi:/home/amin/cobot/cobot_ws/install/mycobot_280_riscv:/home/amin/cobot/cobot_ws/install/mycobot_280_rdkx5:/home/amin/cobot/cobot_ws/install/mycobot_280_moveit2_control:/home/amin/cobot/cobot_ws/install/mycobot_280_moveit2:/home/amin/cobot/cobot_ws/install/mycobot_280_gazebo_jazzy:/home/amin/cobot/cobot_ws/install/mycobot_280_gazebo:/home/amin/cobot/cobot_ws/install/mycobot_280_arduino:/home/amin/cobot/cobot_ws/install/mycobot_280:/home/amin/cobot/cobot_ws/install/mybuddy:/home/amin/cobot/cobot_ws/install/myarm_300:/home/amin/cobot/cobot_ws/install/mecharm_pi:/home/amin/cobot/cobot_ws/install/mecharm:/home/amin/cobot/cobot_ws/install/mecharm_interfaces:/opt/ros/jazzy DEBUGINFOD_URLS=https://debuginfod.ubuntu.com PYTHONPATH=/home/amin/cobot/cobot_ws/build/mycobot_320pi/prefix_override:/usr/lib/python3/dist-packages/colcon_core/task/python/colcon_distutils_commands:/home/amin/cobot/cobot_ws/install/mycobot_320pi/lib/python3.12/site-packages:/home/amin/cobot/cobot_ws/install/mycobot_description/lib/python3.12/site-packages:/home/amin/cobot/cobot_ws/install/ultraarm/lib/python3.12/site-packages:/home/amin/cobot/cobot_ws/install/pro450_moveit2_control/lib/python3.12/site-packages:/home/amin/cobot/cobot_ws/install/mypalletizer_communication/lib/python3.12/site-packages:/home/amin/cobot/cobot_ws/install/mypalletizer_interfaces/lib/python3.12/site-packages:/home/amin/cobot/cobot_ws/install/mypalletizer_260_pi/lib/python3.12/site-packages:/home/amin/cobot/cobot_ws/install/mypalletizer_260/lib/python3.12/site-packages:/home/amin/cobot/cobot_ws/install/mycobot_pro_450/lib/python3.12/site-packages:/home/amin/cobot/cobot_ws/install/mycobot_pro450_interfaces/lib/python3.12/site-packages:/home/amin/cobot/cobot_ws/install/myarm_m750/lib/python3.12/site-packages:/home/amin/cobot/cobot_ws/install/myarm_c650/lib/python3.12/site-packages:/home/amin/cobot/cobot_ws/install/mycobot_communication/lib/python3.12/site-packages:/home/amin/cobot/cobot_ws/install/mecharm_communication/lib/python3.12/site-packages:/home/amin/cobot/cobot_ws/install/mycobot_interfaces/lib/python3.12/site-packages:/home/amin/cobot/cobot_ws/install/mycobot_630/lib/python3.12/site-packages:/home/amin/cobot/cobot_ws/install/mycobot_600/lib/python3.12/site-packages:/home/amin/cobot/cobot_ws/install/mycobot_320pi/lib/python3.12/site-packages:/home/amin/cobot/cobot_ws/install/mycobot_320_riscv/lib/python3.12/site-packages:/home/amin/cobot/cobot_ws/install/mycobot_320/lib/python3.12/site-packages:/home/amin/cobot/cobot_ws/install/mycobot_280pi/lib/python3.12/site-packages:/home/amin/cobot/cobot_ws/install/mycobot_280jn/lib/python3.12/site-packages:/home/amin/cobot/cobot_ws/install/mycobot_280_x3pi/lib/python3.12/site-packages:/home/amin/cobot/cobot_ws/install/mycobot_280_riscv/lib/python3.12/site-packages:/home/amin/cobot/cobot_ws/install/mycobot_280_rdkx5/lib/python3.12/site-packages:/home/amin/cobot/cobot_ws/install/mycobot_280_moveit2_control/lib/python3.12/site-packages:/home/amin/cobot/cobot_ws/install/mycobot_280_arduino/lib/python3.12/site-packages:/home/amin/cobot/cobot_ws/install/mycobot_280/lib/python3.12/site-packages:/home/amin/cobot/cobot_ws/install/mybuddy/lib/python3.12/site-packages:/home/amin/cobot/cobot_ws/install/myarm_300/lib/python3.12/site-packages:/home/amin/cobot/cobot_ws/install/mecharm_pi/lib/python3.12/site-packages:/home/amin/cobot/cobot_ws/install/mecharm/lib/python3.12/site-packages:/home/amin/cobot/cobot_ws/install/mecharm_interfaces/lib/python3.12/site-packages:/opt/ros/jazzy/lib/python3.12/site-packages /usr/bin/python3 -W ignore:setup.py install is deprecated -W ignore:easy_install command is deprecated setup.py egg_info --egg-base ../../../../build/mycobot_320pi build --build-base /home/amin/cobot/cobot_ws/build/mycobot_320pi/build install --record /home/amin/cobot/cobot_ws/build/mycobot_320pi/install.log --single-version-externally-managed install_data
[17.526s] Level 1:colcon.colcon_core.environment:checking '/home/amin/cobot/cobot_ws/install/mycobot_320pi' for CMake config files
[17.527s] Level 1:colcon.colcon_core.environment:checking '/home/amin/cobot/cobot_ws/install/mycobot_320pi/lib'
[17.527s] Level 1:colcon.colcon_core.environment:checking '/home/amin/cobot/cobot_ws/install/mycobot_320pi/bin'
[17.527s] Level 1:colcon.colcon_core.environment:checking '/home/amin/cobot/cobot_ws/install/mycobot_320pi/lib/pkgconfig/mycobot_320pi.pc'
[17.527s] Level 1:colcon.colcon_core.environment:checking '/home/amin/cobot/cobot_ws/install/mycobot_320pi/lib/python3.12/site-packages'
[17.527s] Level 1:colcon.colcon_core.shell:create_environment_hook('mycobot_320pi', 'pythonpath')
[17.528s] INFO:colcon.colcon_core.shell:Creating environment hook '/home/amin/cobot/cobot_ws/install/mycobot_320pi/share/mycobot_320pi/hook/pythonpath.ps1'
[17.528s] INFO:colcon.colcon_core.shell:Creating environment descriptor '/home/amin/cobot/cobot_ws/install/mycobot_320pi/share/mycobot_320pi/hook/pythonpath.dsv'
[17.529s] INFO:colcon.colcon_core.shell:Creating environment hook '/home/amin/cobot/cobot_ws/install/mycobot_320pi/share/mycobot_320pi/hook/pythonpath.sh'
[17.530s] Level 1:colcon.colcon_core.environment:checking '/home/amin/cobot/cobot_ws/install/mycobot_320pi/bin'
[17.530s] Level 1:colcon.colcon_core.environment:create_environment_scripts_only(mycobot_320pi)
[17.530s] INFO:colcon.colcon_core.shell:Creating package script '/home/amin/cobot/cobot_ws/install/mycobot_320pi/share/mycobot_320pi/package.ps1'
[17.532s] INFO:colcon.colcon_core.shell:Creating package descriptor '/home/amin/cobot/cobot_ws/install/mycobot_320pi/share/mycobot_320pi/package.dsv'
[17.533s] INFO:colcon.colcon_core.shell:Creating package script '/home/amin/cobot/cobot_ws/install/mycobot_320pi/share/mycobot_320pi/package.sh'
[17.534s] INFO:colcon.colcon_core.shell:Creating package script '/home/amin/cobot/cobot_ws/install/mycobot_320pi/share/mycobot_320pi/package.bash'
[17.534s] INFO:colcon.colcon_core.shell:Creating package script '/home/amin/cobot/cobot_ws/install/mycobot_320pi/share/mycobot_320pi/package.zsh'
[17.535s] Level 1:colcon.colcon_core.environment:create_file_with_runtime_dependencies(/home/amin/cobot/cobot_ws/install/mycobot_320pi/share/colcon-core/packages/mycobot_320pi)
[17.537s] INFO:colcon.colcon_ros.task.ament_python.build:Building ROS package in '/home/amin/cobot/cobot_ws/src/mycobot_ros2/myArm/myarm_m750' with build type 'ament_python'
[17.537s] Level 1:colcon.colcon_core.shell:create_environment_hook('myarm_m750', 'ament_prefix_path')
[17.538s] INFO:colcon.colcon_core.shell:Creating environment hook '/home/amin/cobot/cobot_ws/install/myarm_m750/share/myarm_m750/hook/ament_prefix_path.ps1'
[17.539s] INFO:colcon.colcon_core.shell:Creating environment descriptor '/home/amin/cobot/cobot_ws/install/myarm_m750/share/myarm_m750/hook/ament_prefix_path.dsv'
[17.539s] INFO:colcon.colcon_core.shell:Creating environment hook '/home/amin/cobot/cobot_ws/install/myarm_m750/share/myarm_m750/hook/ament_prefix_path.sh'
[17.540s] INFO:colcon.colcon_core.shell:Skip shell extension 'powershell' for command environment: Not usable outside of PowerShell
[17.540s] DEBUG:colcon.colcon_core.shell:Skip shell extension 'dsv' for command environment
[17.559s] Level 1:colcon.colcon_core.environment:checking '/home/amin/cobot/cobot_ws/install/mycobot_pro_450' for CMake module files
[17.560s] DEBUG:colcon.colcon_core.event_handler.log_command:Invoked command in '/home/amin/cobot/cobot_ws/src/mycobot_ros2/mycobot_pro/mycobot_pro_450' returned '0': AMENT_PREFIX_PATH=/home/amin/cobot/cobot_ws/install/mycobot_description:/home/amin/cobot/cobot_ws/install/ultraarm:/home/amin/cobot/cobot_ws/install/pro450_moveit2_control:/home/amin/cobot/cobot_ws/install/pro450_moveit2:/home/amin/cobot/cobot_ws/install/mypalletizer_communication:/home/amin/cobot/cobot_ws/install/mypalletizer_interfaces:/home/amin/cobot/cobot_ws/install/mypalletizer_260_pi:/home/amin/cobot/cobot_ws/install/mypalletizer_260:/home/amin/cobot/cobot_ws/install/mycobot_pro_450:/home/amin/cobot/cobot_ws/install/mycobot_pro450_interfaces:/home/amin/cobot/cobot_ws/install/myarm_m750:/home/amin/cobot/cobot_ws/install/myarm_c650:/home/amin/cobot/cobot_ws/install/mycobot_communication:/home/amin/cobot/cobot_ws/install/mecharm_communication:/home/amin/cobot/cobot_ws/install/mycobot_interfaces:/home/amin/cobot/cobot_ws/install/mycobot_630:/home/amin/cobot/cobot_ws/install/mycobot_600:/home/amin/cobot/cobot_ws/install/mycobot_320pi:/home/amin/cobot/cobot_ws/install/mycobot_320_riscv:/home/amin/cobot/cobot_ws/install/mycobot_320:/home/amin/cobot/cobot_ws/install/mycobot_280rdkx5_moveit2:/home/amin/cobot/cobot_ws/install/mycobot_280pi:/home/amin/cobot/cobot_ws/install/mycobot_280jn:/home/amin/cobot/cobot_ws/install/mycobot_280arduino_moveit2:/home/amin/cobot/cobot_ws/install/mycobot_280_x3pi:/home/amin/cobot/cobot_ws/install/mycobot_280_riscv:/home/amin/cobot/cobot_ws/install/mycobot_280_rdkx5:/home/amin/cobot/cobot_ws/install/mycobot_280_moveit2_control:/home/amin/cobot/cobot_ws/install/mycobot_280_moveit2:/home/amin/cobot/cobot_ws/install/mycobot_280_gazebo_jazzy:/home/amin/cobot/cobot_ws/install/mycobot_280_gazebo:/home/amin/cobot/cobot_ws/install/mycobot_280_arduino:/home/amin/cobot/cobot_ws/install/mycobot_280:/home/amin/cobot/cobot_ws/install/mybuddy:/home/amin/cobot/cobot_ws/install/myarm_300:/home/amin/cobot/cobot_ws/install/mecharm_pi:/home/amin/cobot/cobot_ws/install/mecharm:/home/amin/cobot/cobot_ws/install/mecharm_interfaces:/opt/ros/jazzy DEBUGINFOD_URLS=https://debuginfod.ubuntu.com PYTHONPATH=/home/amin/cobot/cobot_ws/build/mycobot_pro_450/prefix_override:/usr/lib/python3/dist-packages/colcon_core/task/python/colcon_distutils_commands:/home/amin/cobot/cobot_ws/install/mycobot_pro_450/lib/python3.12/site-packages:/home/amin/cobot/cobot_ws/install/mycobot_description/lib/python3.12/site-packages:/home/amin/cobot/cobot_ws/install/ultraarm/lib/python3.12/site-packages:/home/amin/cobot/cobot_ws/install/pro450_moveit2_control/lib/python3.12/site-packages:/home/amin/cobot/cobot_ws/install/mypalletizer_communication/lib/python3.12/site-packages:/home/amin/cobot/cobot_ws/install/mypalletizer_interfaces/lib/python3.12/site-packages:/home/amin/cobot/cobot_ws/install/mypalletizer_260_pi/lib/python3.12/site-packages:/home/amin/cobot/cobot_ws/install/mypalletizer_260/lib/python3.12/site-packages:/home/amin/cobot/cobot_ws/install/mycobot_pro_450/lib/python3.12/site-packages:/home/amin/cobot/cobot_ws/install/mycobot_pro450_interfaces/lib/python3.12/site-packages:/home/amin/cobot/cobot_ws/install/myarm_m750/lib/python3.12/site-packages:/home/amin/cobot/cobot_ws/install/myarm_c650/lib/python3.12/site-packages:/home/amin/cobot/cobot_ws/install/mycobot_communication/lib/python3.12/site-packages:/home/amin/cobot/cobot_ws/install/mecharm_communication/lib/python3.12/site-packages:/home/amin/cobot/cobot_ws/install/mycobot_interfaces/lib/python3.12/site-packages:/home/amin/cobot/cobot_ws/install/mycobot_630/lib/python3.12/site-packages:/home/amin/cobot/cobot_ws/install/mycobot_600/lib/python3.12/site-packages:/home/amin/cobot/cobot_ws/install/mycobot_320pi/lib/python3.12/site-packages:/home/amin/cobot/cobot_ws/install/mycobot_320_riscv/lib/python3.12/site-packages:/home/amin/cobot/cobot_ws/install/mycobot_320/lib/python3.12/site-packages:/home/amin/cobot/cobot_ws/install/mycobot_280pi/lib/python3.12/site-packages:/home/amin/cobot/cobot_ws/install/mycobot_280jn/lib/python3.12/site-packages:/home/amin/cobot/cobot_ws/install/mycobot_280_x3pi/lib/python3.12/site-packages:/home/amin/cobot/cobot_ws/install/mycobot_280_riscv/lib/python3.12/site-packages:/home/amin/cobot/cobot_ws/install/mycobot_280_rdkx5/lib/python3.12/site-packages:/home/amin/cobot/cobot_ws/install/mycobot_280_moveit2_control/lib/python3.12/site-packages:/home/amin/cobot/cobot_ws/install/mycobot_280_arduino/lib/python3.12/site-packages:/home/amin/cobot/cobot_ws/install/mycobot_280/lib/python3.12/site-packages:/home/amin/cobot/cobot_ws/install/mybuddy/lib/python3.12/site-packages:/home/amin/cobot/cobot_ws/install/myarm_300/lib/python3.12/site-packages:/home/amin/cobot/cobot_ws/install/mecharm_pi/lib/python3.12/site-packages:/home/amin/cobot/cobot_ws/install/mecharm/lib/python3.12/site-packages:/home/amin/cobot/cobot_ws/install/mecharm_interfaces/lib/python3.12/site-packages:/opt/ros/jazzy/lib/python3.12/site-packages /usr/bin/python3 -W ignore:setup.py install is deprecated -W ignore:easy_install command is deprecated setup.py egg_info --egg-base ../../../../build/mycobot_pro_450 build --build-base /home/amin/cobot/cobot_ws/build/mycobot_pro_450/build install --record /home/amin/cobot/cobot_ws/build/mycobot_pro_450/install.log --single-version-externally-managed install_data
[17.561s] Level 1:colcon.colcon_core.environment:checking '/home/amin/cobot/cobot_ws/install/mycobot_pro_450' for CMake config files
[17.562s] Level 1:colcon.colcon_core.environment:checking '/home/amin/cobot/cobot_ws/install/mycobot_pro_450/lib'
[17.562s] Level 1:colcon.colcon_core.environment:checking '/home/amin/cobot/cobot_ws/install/mycobot_pro_450/bin'
[17.562s] Level 1:colcon.colcon_core.environment:checking '/home/amin/cobot/cobot_ws/install/mycobot_pro_450/lib/pkgconfig/mycobot_pro_450.pc'
[17.562s] Level 1:colcon.colcon_core.environment:checking '/home/amin/cobot/cobot_ws/install/mycobot_pro_450/lib/python3.12/site-packages'
[17.563s] Level 1:colcon.colcon_core.shell:create_environment_hook('mycobot_pro_450', 'pythonpath')
[17.563s] INFO:colcon.colcon_core.shell:Creating environment hook '/home/amin/cobot/cobot_ws/install/mycobot_pro_450/share/mycobot_pro_450/hook/pythonpath.ps1'
[17.564s] INFO:colcon.colcon_core.shell:Creating environment descriptor '/home/amin/cobot/cobot_ws/install/mycobot_pro_450/share/mycobot_pro_450/hook/pythonpath.dsv'
[17.564s] INFO:colcon.colcon_core.shell:Creating environment hook '/home/amin/cobot/cobot_ws/install/mycobot_pro_450/share/mycobot_pro_450/hook/pythonpath.sh'
[17.566s] Level 1:colcon.colcon_core.environment:checking '/home/amin/cobot/cobot_ws/install/mycobot_pro_450/bin'
[17.566s] Level 1:colcon.colcon_core.environment:create_environment_scripts_only(mycobot_pro_450)
[17.567s] INFO:colcon.colcon_core.shell:Creating package script '/home/amin/cobot/cobot_ws/install/mycobot_pro_450/share/mycobot_pro_450/package.ps1'
[17.570s] INFO:colcon.colcon_core.shell:Creating package descriptor '/home/amin/cobot/cobot_ws/install/mycobot_pro_450/share/mycobot_pro_450/package.dsv'
[17.572s] INFO:colcon.colcon_core.shell:Creating package script '/home/amin/cobot/cobot_ws/install/mycobot_pro_450/share/mycobot_pro_450/package.sh'
[17.573s] INFO:colcon.colcon_core.shell:Creating package script '/home/amin/cobot/cobot_ws/install/mycobot_pro_450/share/mycobot_pro_450/package.bash'
[17.573s] INFO:colcon.colcon_core.shell:Creating package script '/home/amin/cobot/cobot_ws/install/mycobot_pro_450/share/mycobot_pro_450/package.zsh'
[17.574s] Level 1:colcon.colcon_core.environment:create_file_with_runtime_dependencies(/home/amin/cobot/cobot_ws/install/mycobot_pro_450/share/colcon-core/packages/mycobot_pro_450)
[17.575s] Level 1:colcon.colcon_core.environment:checking '/home/amin/cobot/cobot_ws/install/mycobot_630' for CMake module files
[17.576s] DEBUG:colcon.colcon_core.event_handler.log_command:Invoked command in '/home/amin/cobot/cobot_ws/src/mycobot_ros2/mycobot_pro/mycobot_630' returned '0': AMENT_PREFIX_PATH=/home/amin/cobot/cobot_ws/install/mycobot_description:/home/amin/cobot/cobot_ws/install/ultraarm:/home/amin/cobot/cobot_ws/install/pro450_moveit2_control:/home/amin/cobot/cobot_ws/install/pro450_moveit2:/home/amin/cobot/cobot_ws/install/mypalletizer_communication:/home/amin/cobot/cobot_ws/install/mypalletizer_interfaces:/home/amin/cobot/cobot_ws/install/mypalletizer_260_pi:/home/amin/cobot/cobot_ws/install/mypalletizer_260:/home/amin/cobot/cobot_ws/install/mycobot_pro_450:/home/amin/cobot/cobot_ws/install/mycobot_pro450_interfaces:/home/amin/cobot/cobot_ws/install/myarm_m750:/home/amin/cobot/cobot_ws/install/myarm_c650:/home/amin/cobot/cobot_ws/install/mycobot_communication:/home/amin/cobot/cobot_ws/install/mecharm_communication:/home/amin/cobot/cobot_ws/install/mycobot_interfaces:/home/amin/cobot/cobot_ws/install/mycobot_630:/home/amin/cobot/cobot_ws/install/mycobot_600:/home/amin/cobot/cobot_ws/install/mycobot_320pi:/home/amin/cobot/cobot_ws/install/mycobot_320_riscv:/home/amin/cobot/cobot_ws/install/mycobot_320:/home/amin/cobot/cobot_ws/install/mycobot_280rdkx5_moveit2:/home/amin/cobot/cobot_ws/install/mycobot_280pi:/home/amin/cobot/cobot_ws/install/mycobot_280jn:/home/amin/cobot/cobot_ws/install/mycobot_280arduino_moveit2:/home/amin/cobot/cobot_ws/install/mycobot_280_x3pi:/home/amin/cobot/cobot_ws/install/mycobot_280_riscv:/home/amin/cobot/cobot_ws/install/mycobot_280_rdkx5:/home/amin/cobot/cobot_ws/install/mycobot_280_moveit2_control:/home/amin/cobot/cobot_ws/install/mycobot_280_moveit2:/home/amin/cobot/cobot_ws/install/mycobot_280_gazebo_jazzy:/home/amin/cobot/cobot_ws/install/mycobot_280_gazebo:/home/amin/cobot/cobot_ws/install/mycobot_280_arduino:/home/amin/cobot/cobot_ws/install/mycobot_280:/home/amin/cobot/cobot_ws/install/mybuddy:/home/amin/cobot/cobot_ws/install/myarm_300:/home/amin/cobot/cobot_ws/install/mecharm_pi:/home/amin/cobot/cobot_ws/install/mecharm:/home/amin/cobot/cobot_ws/install/mecharm_interfaces:/opt/ros/jazzy DEBUGINFOD_URLS=https://debuginfod.ubuntu.com PYTHONPATH=/home/amin/cobot/cobot_ws/build/mycobot_630/prefix_override:/usr/lib/python3/dist-packages/colcon_core/task/python/colcon_distutils_commands:/home/amin/cobot/cobot_ws/install/mycobot_630/lib/python3.12/site-packages:/home/amin/cobot/cobot_ws/install/mycobot_description/lib/python3.12/site-packages:/home/amin/cobot/cobot_ws/install/ultraarm/lib/python3.12/site-packages:/home/amin/cobot/cobot_ws/install/pro450_moveit2_control/lib/python3.12/site-packages:/home/amin/cobot/cobot_ws/install/mypalletizer_communication/lib/python3.12/site-packages:/home/amin/cobot/cobot_ws/install/mypalletizer_interfaces/lib/python3.12/site-packages:/home/amin/cobot/cobot_ws/install/mypalletizer_260_pi/lib/python3.12/site-packages:/home/amin/cobot/cobot_ws/install/mypalletizer_260/lib/python3.12/site-packages:/home/amin/cobot/cobot_ws/install/mycobot_pro_450/lib/python3.12/site-packages:/home/amin/cobot/cobot_ws/install/mycobot_pro450_interfaces/lib/python3.12/site-packages:/home/amin/cobot/cobot_ws/install/myarm_m750/lib/python3.12/site-packages:/home/amin/cobot/cobot_ws/install/myarm_c650/lib/python3.12/site-packages:/home/amin/cobot/cobot_ws/install/mycobot_communication/lib/python3.12/site-packages:/home/amin/cobot/cobot_ws/install/mecharm_communication/lib/python3.12/site-packages:/home/amin/cobot/cobot_ws/install/mycobot_interfaces/lib/python3.12/site-packages:/home/amin/cobot/cobot_ws/install/mycobot_630/lib/python3.12/site-packages:/home/amin/cobot/cobot_ws/install/mycobot_600/lib/python3.12/site-packages:/home/amin/cobot/cobot_ws/install/mycobot_320pi/lib/python3.12/site-packages:/home/amin/cobot/cobot_ws/install/mycobot_320_riscv/lib/python3.12/site-packages:/home/amin/cobot/cobot_ws/install/mycobot_320/lib/python3.12/site-packages:/home/amin/cobot/cobot_ws/install/mycobot_280pi/lib/python3.12/site-packages:/home/amin/cobot/cobot_ws/install/mycobot_280jn/lib/python3.12/site-packages:/home/amin/cobot/cobot_ws/install/mycobot_280_x3pi/lib/python3.12/site-packages:/home/amin/cobot/cobot_ws/install/mycobot_280_riscv/lib/python3.12/site-packages:/home/amin/cobot/cobot_ws/install/mycobot_280_rdkx5/lib/python3.12/site-packages:/home/amin/cobot/cobot_ws/install/mycobot_280_moveit2_control/lib/python3.12/site-packages:/home/amin/cobot/cobot_ws/install/mycobot_280_arduino/lib/python3.12/site-packages:/home/amin/cobot/cobot_ws/install/mycobot_280/lib/python3.12/site-packages:/home/amin/cobot/cobot_ws/install/mybuddy/lib/python3.12/site-packages:/home/amin/cobot/cobot_ws/install/myarm_300/lib/python3.12/site-packages:/home/amin/cobot/cobot_ws/install/mecharm_pi/lib/python3.12/site-packages:/home/amin/cobot/cobot_ws/install/mecharm/lib/python3.12/site-packages:/home/amin/cobot/cobot_ws/install/mecharm_interfaces/lib/python3.12/site-packages:/opt/ros/jazzy/lib/python3.12/site-packages /usr/bin/python3 -W ignore:setup.py install is deprecated -W ignore:easy_install command is deprecated setup.py egg_info --egg-base ../../../../build/mycobot_630 build --build-base /home/amin/cobot/cobot_ws/build/mycobot_630/build install --record /home/amin/cobot/cobot_ws/build/mycobot_630/install.log --single-version-externally-managed install_data
[17.577s] Level 1:colcon.colcon_core.environment:checking '/home/amin/cobot/cobot_ws/install/mycobot_630' for CMake config files
[17.578s] Level 1:colcon.colcon_core.environment:checking '/home/amin/cobot/cobot_ws/install/mycobot_630/lib'
[17.579s] Level 1:colcon.colcon_core.environment:checking '/home/amin/cobot/cobot_ws/install/mycobot_630/bin'
[17.579s] Level 1:colcon.colcon_core.environment:checking '/home/amin/cobot/cobot_ws/install/mycobot_630/lib/pkgconfig/mycobot_630.pc'
[17.579s] Level 1:colcon.colcon_core.environment:checking '/home/amin/cobot/cobot_ws/install/mycobot_630/lib/python3.12/site-packages'
[17.580s] Level 1:colcon.colcon_core.shell:create_environment_hook('mycobot_630', 'pythonpath')
[17.581s] INFO:colcon.colcon_core.shell:Creating environment hook '/home/amin/cobot/cobot_ws/install/mycobot_630/share/mycobot_630/hook/pythonpath.ps1'
[17.582s] INFO:colcon.colcon_core.shell:Creating environment descriptor '/home/amin/cobot/cobot_ws/install/mycobot_630/share/mycobot_630/hook/pythonpath.dsv'
[17.584s] INFO:colcon.colcon_core.shell:Creating environment hook '/home/amin/cobot/cobot_ws/install/mycobot_630/share/mycobot_630/hook/pythonpath.sh'
[17.586s] Level 1:colcon.colcon_core.environment:checking '/home/amin/cobot/cobot_ws/install/mycobot_630/bin'
[17.586s] Level 1:colcon.colcon_core.environment:create_environment_scripts_only(mycobot_630)
[17.587s] INFO:colcon.colcon_core.shell:Creating package script '/home/amin/cobot/cobot_ws/install/mycobot_630/share/mycobot_630/package.ps1'
[17.588s] INFO:colcon.colcon_core.shell:Creating package descriptor '/home/amin/cobot/cobot_ws/install/mycobot_630/share/mycobot_630/package.dsv'
[17.590s] INFO:colcon.colcon_core.shell:Creating package script '/home/amin/cobot/cobot_ws/install/mycobot_630/share/mycobot_630/package.sh'
[17.591s] INFO:colcon.colcon_core.shell:Creating package script '/home/amin/cobot/cobot_ws/install/mycobot_630/share/mycobot_630/package.bash'
[17.592s] INFO:colcon.colcon_core.shell:Creating package script '/home/amin/cobot/cobot_ws/install/mycobot_630/share/mycobot_630/package.zsh'
[17.593s] Level 1:colcon.colcon_core.environment:create_file_with_runtime_dependencies(/home/amin/cobot/cobot_ws/install/mycobot_630/share/colcon-core/packages/mycobot_630)
[18.022s] INFO:colcon.colcon_core.task.python.build:Building Python package in '/home/amin/cobot/cobot_ws/src/mycobot_ros2/myArm/myarm_c650'
[18.023s] INFO:colcon.colcon_core.shell:Skip shell extension 'powershell' for command environment: Not usable outside of PowerShell
[18.023s] DEBUG:colcon.colcon_core.shell:Skip shell extension 'dsv' for command environment
[18.033s] INFO:colcon.colcon_ros.task.ament_python.build:Building ROS package in '/home/amin/cobot/cobot_ws/src/mycobot_ros2/mycobot_280/mycobot_280_rdkx5' with build type 'ament_python'
[18.033s] Level 1:colcon.colcon_core.shell:create_environment_hook('mycobot_280_rdkx5', 'ament_prefix_path')
[18.034s] INFO:colcon.colcon_core.shell:Creating environment hook '/home/amin/cobot/cobot_ws/install/mycobot_280_rdkx5/share/mycobot_280_rdkx5/hook/ament_prefix_path.ps1'
[18.036s] INFO:colcon.colcon_core.shell:Creating environment descriptor '/home/amin/cobot/cobot_ws/install/mycobot_280_rdkx5/share/mycobot_280_rdkx5/hook/ament_prefix_path.dsv'
[18.037s] INFO:colcon.colcon_core.shell:Creating environment hook '/home/amin/cobot/cobot_ws/install/mycobot_280_rdkx5/share/mycobot_280_rdkx5/hook/ament_prefix_path.sh'
[18.040s] INFO:colcon.colcon_core.shell:Skip shell extension 'powershell' for command environment: Not usable outside of PowerShell
[18.040s] DEBUG:colcon.colcon_core.shell:Skip shell extension 'dsv' for command environment
[18.070s] DEBUG:colcon.colcon_core.event_handler.log_command:Invoking command in '/home/amin/cobot/cobot_ws/src/mycobot_ros2/mypalletizer_260/mypalletizer_260': AMENT_PREFIX_PATH=/home/amin/cobot/cobot_ws/install/mycobot_description:/home/amin/cobot/cobot_ws/install/ultraarm:/home/amin/cobot/cobot_ws/install/pro450_moveit2_control:/home/amin/cobot/cobot_ws/install/pro450_moveit2:/home/amin/cobot/cobot_ws/install/mypalletizer_communication:/home/amin/cobot/cobot_ws/install/mypalletizer_interfaces:/home/amin/cobot/cobot_ws/install/mypalletizer_260_pi:/home/amin/cobot/cobot_ws/install/mypalletizer_260:/home/amin/cobot/cobot_ws/install/mycobot_pro_450:/home/amin/cobot/cobot_ws/install/mycobot_pro450_interfaces:/home/amin/cobot/cobot_ws/install/myarm_m750:/home/amin/cobot/cobot_ws/install/myarm_c650:/home/amin/cobot/cobot_ws/install/mycobot_communication:/home/amin/cobot/cobot_ws/install/mecharm_communication:/home/amin/cobot/cobot_ws/install/mycobot_interfaces:/home/amin/cobot/cobot_ws/install/mycobot_630:/home/amin/cobot/cobot_ws/install/mycobot_600:/home/amin/cobot/cobot_ws/install/mycobot_320pi:/home/amin/cobot/cobot_ws/install/mycobot_320_riscv:/home/amin/cobot/cobot_ws/install/mycobot_320:/home/amin/cobot/cobot_ws/install/mycobot_280rdkx5_moveit2:/home/amin/cobot/cobot_ws/install/mycobot_280pi:/home/amin/cobot/cobot_ws/install/mycobot_280jn:/home/amin/cobot/cobot_ws/install/mycobot_280arduino_moveit2:/home/amin/cobot/cobot_ws/install/mycobot_280_x3pi:/home/amin/cobot/cobot_ws/install/mycobot_280_riscv:/home/amin/cobot/cobot_ws/install/mycobot_280_rdkx5:/home/amin/cobot/cobot_ws/install/mycobot_280_moveit2_control:/home/amin/cobot/cobot_ws/install/mycobot_280_moveit2:/home/amin/cobot/cobot_ws/install/mycobot_280_gazebo_jazzy:/home/amin/cobot/cobot_ws/install/mycobot_280_gazebo:/home/amin/cobot/cobot_ws/install/mycobot_280_arduino:/home/amin/cobot/cobot_ws/install/mycobot_280:/home/amin/cobot/cobot_ws/install/mybuddy:/home/amin/cobot/cobot_ws/install/myarm_300:/home/amin/cobot/cobot_ws/install/mecharm_pi:/home/amin/cobot/cobot_ws/install/mecharm:/home/amin/cobot/cobot_ws/install/mecharm_interfaces:/opt/ros/jazzy DEBUGINFOD_URLS=https://debuginfod.ubuntu.com PYTHONPATH=/home/amin/cobot/cobot_ws/build/mypalletizer_260/prefix_override:/usr/lib/python3/dist-packages/colcon_core/task/python/colcon_distutils_commands:/home/amin/cobot/cobot_ws/install/mypalletizer_260/lib/python3.12/site-packages:/home/amin/cobot/cobot_ws/install/mycobot_description/lib/python3.12/site-packages:/home/amin/cobot/cobot_ws/install/ultraarm/lib/python3.12/site-packages:/home/amin/cobot/cobot_ws/install/pro450_moveit2_control/lib/python3.12/site-packages:/home/amin/cobot/cobot_ws/install/mypalletizer_communication/lib/python3.12/site-packages:/home/amin/cobot/cobot_ws/install/mypalletizer_interfaces/lib/python3.12/site-packages:/home/amin/cobot/cobot_ws/install/mypalletizer_260_pi/lib/python3.12/site-packages:/home/amin/cobot/cobot_ws/install/mypalletizer_260/lib/python3.12/site-packages:/home/amin/cobot/cobot_ws/install/mycobot_pro_450/lib/python3.12/site-packages:/home/amin/cobot/cobot_ws/install/mycobot_pro450_interfaces/lib/python3.12/site-packages:/home/amin/cobot/cobot_ws/install/myarm_m750/lib/python3.12/site-packages:/home/amin/cobot/cobot_ws/install/myarm_c650/lib/python3.12/site-packages:/home/amin/cobot/cobot_ws/install/mycobot_communication/lib/python3.12/site-packages:/home/amin/cobot/cobot_ws/install/mecharm_communication/lib/python3.12/site-packages:/home/amin/cobot/cobot_ws/install/mycobot_interfaces/lib/python3.12/site-packages:/home/amin/cobot/cobot_ws/install/mycobot_630/lib/python3.12/site-packages:/home/amin/cobot/cobot_ws/install/mycobot_600/lib/python3.12/site-packages:/home/amin/cobot/cobot_ws/install/mycobot_320pi/lib/python3.12/site-packages:/home/amin/cobot/cobot_ws/install/mycobot_320_riscv/lib/python3.12/site-packages:/home/amin/cobot/cobot_ws/install/mycobot_320/lib/python3.12/site-packages:/home/amin/cobot/cobot_ws/install/mycobot_280pi/lib/python3.12/site-packages:/home/amin/cobot/cobot_ws/install/mycobot_280jn/lib/python3.12/site-packages:/home/amin/cobot/cobot_ws/install/mycobot_280_x3pi/lib/python3.12/site-packages:/home/amin/cobot/cobot_ws/install/mycobot_280_riscv/lib/python3.12/site-packages:/home/amin/cobot/cobot_ws/install/mycobot_280_rdkx5/lib/python3.12/site-packages:/home/amin/cobot/cobot_ws/install/mycobot_280_moveit2_control/lib/python3.12/site-packages:/home/amin/cobot/cobot_ws/install/mycobot_280_arduino/lib/python3.12/site-packages:/home/amin/cobot/cobot_ws/install/mycobot_280/lib/python3.12/site-packages:/home/amin/cobot/cobot_ws/install/mybuddy/lib/python3.12/site-packages:/home/amin/cobot/cobot_ws/install/myarm_300/lib/python3.12/site-packages:/home/amin/cobot/cobot_ws/install/mecharm_pi/lib/python3.12/site-packages:/home/amin/cobot/cobot_ws/install/mecharm/lib/python3.12/site-packages:/home/amin/cobot/cobot_ws/install/mecharm_interfaces/lib/python3.12/site-packages:/opt/ros/jazzy/lib/python3.12/site-packages /usr/bin/python3 -W ignore:setup.py install is deprecated -W ignore:easy_install command is deprecated setup.py egg_info --egg-base ../../../../build/mypalletizer_260 build --build-base /home/amin/cobot/cobot_ws/build/mypalletizer_260/build install --record /home/amin/cobot/cobot_ws/build/mypalletizer_260/install.log --single-version-externally-managed install_data
[18.079s] DEBUG:colcon.colcon_core.event_handler.log_command:Invoking command in '/home/amin/cobot/cobot_ws/src/mycobot_ros2/mypalletizer_260/mypalletizer_260_pi': AMENT_PREFIX_PATH=/home/amin/cobot/cobot_ws/install/mycobot_description:/home/amin/cobot/cobot_ws/install/ultraarm:/home/amin/cobot/cobot_ws/install/pro450_moveit2_control:/home/amin/cobot/cobot_ws/install/pro450_moveit2:/home/amin/cobot/cobot_ws/install/mypalletizer_communication:/home/amin/cobot/cobot_ws/install/mypalletizer_interfaces:/home/amin/cobot/cobot_ws/install/mypalletizer_260_pi:/home/amin/cobot/cobot_ws/install/mypalletizer_260:/home/amin/cobot/cobot_ws/install/mycobot_pro_450:/home/amin/cobot/cobot_ws/install/mycobot_pro450_interfaces:/home/amin/cobot/cobot_ws/install/myarm_m750:/home/amin/cobot/cobot_ws/install/myarm_c650:/home/amin/cobot/cobot_ws/install/mycobot_communication:/home/amin/cobot/cobot_ws/install/mecharm_communication:/home/amin/cobot/cobot_ws/install/mycobot_interfaces:/home/amin/cobot/cobot_ws/install/mycobot_630:/home/amin/cobot/cobot_ws/install/mycobot_600:/home/amin/cobot/cobot_ws/install/mycobot_320pi:/home/amin/cobot/cobot_ws/install/mycobot_320_riscv:/home/amin/cobot/cobot_ws/install/mycobot_320:/home/amin/cobot/cobot_ws/install/mycobot_280rdkx5_moveit2:/home/amin/cobot/cobot_ws/install/mycobot_280pi:/home/amin/cobot/cobot_ws/install/mycobot_280jn:/home/amin/cobot/cobot_ws/install/mycobot_280arduino_moveit2:/home/amin/cobot/cobot_ws/install/mycobot_280_x3pi:/home/amin/cobot/cobot_ws/install/mycobot_280_riscv:/home/amin/cobot/cobot_ws/install/mycobot_280_rdkx5:/home/amin/cobot/cobot_ws/install/mycobot_280_moveit2_control:/home/amin/cobot/cobot_ws/install/mycobot_280_moveit2:/home/amin/cobot/cobot_ws/install/mycobot_280_gazebo_jazzy:/home/amin/cobot/cobot_ws/install/mycobot_280_gazebo:/home/amin/cobot/cobot_ws/install/mycobot_280_arduino:/home/amin/cobot/cobot_ws/install/mycobot_280:/home/amin/cobot/cobot_ws/install/mybuddy:/home/amin/cobot/cobot_ws/install/myarm_300:/home/amin/cobot/cobot_ws/install/mecharm_pi:/home/amin/cobot/cobot_ws/install/mecharm:/home/amin/cobot/cobot_ws/install/mecharm_interfaces:/opt/ros/jazzy DEBUGINFOD_URLS=https://debuginfod.ubuntu.com PYTHONPATH=/home/amin/cobot/cobot_ws/build/mypalletizer_260_pi/prefix_override:/usr/lib/python3/dist-packages/colcon_core/task/python/colcon_distutils_commands:/home/amin/cobot/cobot_ws/install/mypalletizer_260_pi/lib/python3.12/site-packages:/home/amin/cobot/cobot_ws/install/mycobot_description/lib/python3.12/site-packages:/home/amin/cobot/cobot_ws/install/ultraarm/lib/python3.12/site-packages:/home/amin/cobot/cobot_ws/install/pro450_moveit2_control/lib/python3.12/site-packages:/home/amin/cobot/cobot_ws/install/mypalletizer_communication/lib/python3.12/site-packages:/home/amin/cobot/cobot_ws/install/mypalletizer_interfaces/lib/python3.12/site-packages:/home/amin/cobot/cobot_ws/install/mypalletizer_260_pi/lib/python3.12/site-packages:/home/amin/cobot/cobot_ws/install/mypalletizer_260/lib/python3.12/site-packages:/home/amin/cobot/cobot_ws/install/mycobot_pro_450/lib/python3.12/site-packages:/home/amin/cobot/cobot_ws/install/mycobot_pro450_interfaces/lib/python3.12/site-packages:/home/amin/cobot/cobot_ws/install/myarm_m750/lib/python3.12/site-packages:/home/amin/cobot/cobot_ws/install/myarm_c650/lib/python3.12/site-packages:/home/amin/cobot/cobot_ws/install/mycobot_communication/lib/python3.12/site-packages:/home/amin/cobot/cobot_ws/install/mecharm_communication/lib/python3.12/site-packages:/home/amin/cobot/cobot_ws/install/mycobot_interfaces/lib/python3.12/site-packages:/home/amin/cobot/cobot_ws/install/mycobot_630/lib/python3.12/site-packages:/home/amin/cobot/cobot_ws/install/mycobot_600/lib/python3.12/site-packages:/home/amin/cobot/cobot_ws/install/mycobot_320pi/lib/python3.12/site-packages:/home/amin/cobot/cobot_ws/install/mycobot_320_riscv/lib/python3.12/site-packages:/home/amin/cobot/cobot_ws/install/mycobot_320/lib/python3.12/site-packages:/home/amin/cobot/cobot_ws/install/mycobot_280pi/lib/python3.12/site-packages:/home/amin/cobot/cobot_ws/install/mycobot_280jn/lib/python3.12/site-packages:/home/amin/cobot/cobot_ws/install/mycobot_280_x3pi/lib/python3.12/site-packages:/home/amin/cobot/cobot_ws/install/mycobot_280_riscv/lib/python3.12/site-packages:/home/amin/cobot/cobot_ws/install/mycobot_280_rdkx5/lib/python3.12/site-packages:/home/amin/cobot/cobot_ws/install/mycobot_280_moveit2_control/lib/python3.12/site-packages:/home/amin/cobot/cobot_ws/install/mycobot_280_arduino/lib/python3.12/site-packages:/home/amin/cobot/cobot_ws/install/mycobot_280/lib/python3.12/site-packages:/home/amin/cobot/cobot_ws/install/mybuddy/lib/python3.12/site-packages:/home/amin/cobot/cobot_ws/install/myarm_300/lib/python3.12/site-packages:/home/amin/cobot/cobot_ws/install/mecharm_pi/lib/python3.12/site-packages:/home/amin/cobot/cobot_ws/install/mecharm/lib/python3.12/site-packages:/home/amin/cobot/cobot_ws/install/mecharm_interfaces/lib/python3.12/site-packages:/opt/ros/jazzy/lib/python3.12/site-packages /usr/bin/python3 -W ignore:setup.py install is deprecated -W ignore:easy_install command is deprecated setup.py egg_info --egg-base ../../../../build/mypalletizer_260_pi build --build-base /home/amin/cobot/cobot_ws/build/mypalletizer_260_pi/build install --record /home/amin/cobot/cobot_ws/build/mypalletizer_260_pi/install.log --single-version-externally-managed install_data
[18.467s] INFO:colcon.colcon_core.task.python.build:Building Python package in '/home/amin/cobot/cobot_ws/src/mycobot_ros2/myArm/myarm_m750'
[18.468s] INFO:colcon.colcon_core.shell:Skip shell extension 'powershell' for command environment: Not usable outside of PowerShell
[18.469s] DEBUG:colcon.colcon_core.shell:Skip shell extension 'dsv' for command environment
[18.930s] INFO:colcon.colcon_core.task.python.build:Building Python package in '/home/amin/cobot/cobot_ws/src/mycobot_ros2/mycobot_280/mycobot_280_rdkx5'
[18.931s] INFO:colcon.colcon_core.shell:Skip shell extension 'powershell' for command environment: Not usable outside of PowerShell
[18.932s] DEBUG:colcon.colcon_core.shell:Skip shell extension 'dsv' for command environment
[18.950s] DEBUG:colcon.colcon_core.event_handler.log_command:Invoking command in '/home/amin/cobot/cobot_ws/src/mycobot_ros2/mycobot_pro/pro450_moveit2_control': AMENT_PREFIX_PATH=/home/amin/cobot/cobot_ws/install/mycobot_description:/home/amin/cobot/cobot_ws/install/ultraarm:/home/amin/cobot/cobot_ws/install/pro450_moveit2_control:/home/amin/cobot/cobot_ws/install/pro450_moveit2:/home/amin/cobot/cobot_ws/install/mypalletizer_communication:/home/amin/cobot/cobot_ws/install/mypalletizer_interfaces:/home/amin/cobot/cobot_ws/install/mypalletizer_260_pi:/home/amin/cobot/cobot_ws/install/mypalletizer_260:/home/amin/cobot/cobot_ws/install/mycobot_pro_450:/home/amin/cobot/cobot_ws/install/mycobot_pro450_interfaces:/home/amin/cobot/cobot_ws/install/myarm_m750:/home/amin/cobot/cobot_ws/install/myarm_c650:/home/amin/cobot/cobot_ws/install/mycobot_communication:/home/amin/cobot/cobot_ws/install/mecharm_communication:/home/amin/cobot/cobot_ws/install/mycobot_interfaces:/home/amin/cobot/cobot_ws/install/mycobot_630:/home/amin/cobot/cobot_ws/install/mycobot_600:/home/amin/cobot/cobot_ws/install/mycobot_320pi:/home/amin/cobot/cobot_ws/install/mycobot_320_riscv:/home/amin/cobot/cobot_ws/install/mycobot_320:/home/amin/cobot/cobot_ws/install/mycobot_280rdkx5_moveit2:/home/amin/cobot/cobot_ws/install/mycobot_280pi:/home/amin/cobot/cobot_ws/install/mycobot_280jn:/home/amin/cobot/cobot_ws/install/mycobot_280arduino_moveit2:/home/amin/cobot/cobot_ws/install/mycobot_280_x3pi:/home/amin/cobot/cobot_ws/install/mycobot_280_riscv:/home/amin/cobot/cobot_ws/install/mycobot_280_rdkx5:/home/amin/cobot/cobot_ws/install/mycobot_280_moveit2_control:/home/amin/cobot/cobot_ws/install/mycobot_280_moveit2:/home/amin/cobot/cobot_ws/install/mycobot_280_gazebo_jazzy:/home/amin/cobot/cobot_ws/install/mycobot_280_gazebo:/home/amin/cobot/cobot_ws/install/mycobot_280_arduino:/home/amin/cobot/cobot_ws/install/mycobot_280:/home/amin/cobot/cobot_ws/install/mybuddy:/home/amin/cobot/cobot_ws/install/myarm_300:/home/amin/cobot/cobot_ws/install/mecharm_pi:/home/amin/cobot/cobot_ws/install/mecharm:/home/amin/cobot/cobot_ws/install/mecharm_interfaces:/opt/ros/jazzy DEBUGINFOD_URLS=https://debuginfod.ubuntu.com PYTHONPATH=/home/amin/cobot/cobot_ws/build/pro450_moveit2_control/prefix_override:/usr/lib/python3/dist-packages/colcon_core/task/python/colcon_distutils_commands:/home/amin/cobot/cobot_ws/install/pro450_moveit2_control/lib/python3.12/site-packages:/home/amin/cobot/cobot_ws/install/mycobot_description/lib/python3.12/site-packages:/home/amin/cobot/cobot_ws/install/ultraarm/lib/python3.12/site-packages:/home/amin/cobot/cobot_ws/install/pro450_moveit2_control/lib/python3.12/site-packages:/home/amin/cobot/cobot_ws/install/mypalletizer_communication/lib/python3.12/site-packages:/home/amin/cobot/cobot_ws/install/mypalletizer_interfaces/lib/python3.12/site-packages:/home/amin/cobot/cobot_ws/install/mypalletizer_260_pi/lib/python3.12/site-packages:/home/amin/cobot/cobot_ws/install/mypalletizer_260/lib/python3.12/site-packages:/home/amin/cobot/cobot_ws/install/mycobot_pro_450/lib/python3.12/site-packages:/home/amin/cobot/cobot_ws/install/mycobot_pro450_interfaces/lib/python3.12/site-packages:/home/amin/cobot/cobot_ws/install/myarm_m750/lib/python3.12/site-packages:/home/amin/cobot/cobot_ws/install/myarm_c650/lib/python3.12/site-packages:/home/amin/cobot/cobot_ws/install/mycobot_communication/lib/python3.12/site-packages:/home/amin/cobot/cobot_ws/install/mecharm_communication/lib/python3.12/site-packages:/home/amin/cobot/cobot_ws/install/mycobot_interfaces/lib/python3.12/site-packages:/home/amin/cobot/cobot_ws/install/mycobot_630/lib/python3.12/site-packages:/home/amin/cobot/cobot_ws/install/mycobot_600/lib/python3.12/site-packages:/home/amin/cobot/cobot_ws/install/mycobot_320pi/lib/python3.12/site-packages:/home/amin/cobot/cobot_ws/install/mycobot_320_riscv/lib/python3.12/site-packages:/home/amin/cobot/cobot_ws/install/mycobot_320/lib/python3.12/site-packages:/home/amin/cobot/cobot_ws/install/mycobot_280pi/lib/python3.12/site-packages:/home/amin/cobot/cobot_ws/install/mycobot_280jn/lib/python3.12/site-packages:/home/amin/cobot/cobot_ws/install/mycobot_280_x3pi/lib/python3.12/site-packages:/home/amin/cobot/cobot_ws/install/mycobot_280_riscv/lib/python3.12/site-packages:/home/amin/cobot/cobot_ws/install/mycobot_280_rdkx5/lib/python3.12/site-packages:/home/amin/cobot/cobot_ws/install/mycobot_280_moveit2_control/lib/python3.12/site-packages:/home/amin/cobot/cobot_ws/install/mycobot_280_arduino/lib/python3.12/site-packages:/home/amin/cobot/cobot_ws/install/mycobot_280/lib/python3.12/site-packages:/home/amin/cobot/cobot_ws/install/mybuddy/lib/python3.12/site-packages:/home/amin/cobot/cobot_ws/install/myarm_300/lib/python3.12/site-packages:/home/amin/cobot/cobot_ws/install/mecharm_pi/lib/python3.12/site-packages:/home/amin/cobot/cobot_ws/install/mecharm/lib/python3.12/site-packages:/home/amin/cobot/cobot_ws/install/mecharm_interfaces/lib/python3.12/site-packages:/opt/ros/jazzy/lib/python3.12/site-packages /usr/bin/python3 -W ignore:setup.py install is deprecated -W ignore:easy_install command is deprecated setup.py egg_info --egg-base ../../../../build/pro450_moveit2_control build --build-base /home/amin/cobot/cobot_ws/build/pro450_moveit2_control/build install --record /home/amin/cobot/cobot_ws/build/pro450_moveit2_control/install.log --single-version-externally-managed install_data
[19.076s] Level 1:colcon.colcon_core.environment:checking '/home/amin/cobot/cobot_ws/install/mypalletizer_260_pi' for CMake module files
[19.078s] DEBUG:colcon.colcon_core.event_handler.log_command:Invoked command in '/home/amin/cobot/cobot_ws/src/mycobot_ros2/mypalletizer_260/mypalletizer_260_pi' returned '0': AMENT_PREFIX_PATH=/home/amin/cobot/cobot_ws/install/mycobot_description:/home/amin/cobot/cobot_ws/install/ultraarm:/home/amin/cobot/cobot_ws/install/pro450_moveit2_control:/home/amin/cobot/cobot_ws/install/pro450_moveit2:/home/amin/cobot/cobot_ws/install/mypalletizer_communication:/home/amin/cobot/cobot_ws/install/mypalletizer_interfaces:/home/amin/cobot/cobot_ws/install/mypalletizer_260_pi:/home/amin/cobot/cobot_ws/install/mypalletizer_260:/home/amin/cobot/cobot_ws/install/mycobot_pro_450:/home/amin/cobot/cobot_ws/install/mycobot_pro450_interfaces:/home/amin/cobot/cobot_ws/install/myarm_m750:/home/amin/cobot/cobot_ws/install/myarm_c650:/home/amin/cobot/cobot_ws/install/mycobot_communication:/home/amin/cobot/cobot_ws/install/mecharm_communication:/home/amin/cobot/cobot_ws/install/mycobot_interfaces:/home/amin/cobot/cobot_ws/install/mycobot_630:/home/amin/cobot/cobot_ws/install/mycobot_600:/home/amin/cobot/cobot_ws/install/mycobot_320pi:/home/amin/cobot/cobot_ws/install/mycobot_320_riscv:/home/amin/cobot/cobot_ws/install/mycobot_320:/home/amin/cobot/cobot_ws/install/mycobot_280rdkx5_moveit2:/home/amin/cobot/cobot_ws/install/mycobot_280pi:/home/amin/cobot/cobot_ws/install/mycobot_280jn:/home/amin/cobot/cobot_ws/install/mycobot_280arduino_moveit2:/home/amin/cobot/cobot_ws/install/mycobot_280_x3pi:/home/amin/cobot/cobot_ws/install/mycobot_280_riscv:/home/amin/cobot/cobot_ws/install/mycobot_280_rdkx5:/home/amin/cobot/cobot_ws/install/mycobot_280_moveit2_control:/home/amin/cobot/cobot_ws/install/mycobot_280_moveit2:/home/amin/cobot/cobot_ws/install/mycobot_280_gazebo_jazzy:/home/amin/cobot/cobot_ws/install/mycobot_280_gazebo:/home/amin/cobot/cobot_ws/install/mycobot_280_arduino:/home/amin/cobot/cobot_ws/install/mycobot_280:/home/amin/cobot/cobot_ws/install/mybuddy:/home/amin/cobot/cobot_ws/install/myarm_300:/home/amin/cobot/cobot_ws/install/mecharm_pi:/home/amin/cobot/cobot_ws/install/mecharm:/home/amin/cobot/cobot_ws/install/mecharm_interfaces:/opt/ros/jazzy DEBUGINFOD_URLS=https://debuginfod.ubuntu.com PYTHONPATH=/home/amin/cobot/cobot_ws/build/mypalletizer_260_pi/prefix_override:/usr/lib/python3/dist-packages/colcon_core/task/python/colcon_distutils_commands:/home/amin/cobot/cobot_ws/install/mypalletizer_260_pi/lib/python3.12/site-packages:/home/amin/cobot/cobot_ws/install/mycobot_description/lib/python3.12/site-packages:/home/amin/cobot/cobot_ws/install/ultraarm/lib/python3.12/site-packages:/home/amin/cobot/cobot_ws/install/pro450_moveit2_control/lib/python3.12/site-packages:/home/amin/cobot/cobot_ws/install/mypalletizer_communication/lib/python3.12/site-packages:/home/amin/cobot/cobot_ws/install/mypalletizer_interfaces/lib/python3.12/site-packages:/home/amin/cobot/cobot_ws/install/mypalletizer_260_pi/lib/python3.12/site-packages:/home/amin/cobot/cobot_ws/install/mypalletizer_260/lib/python3.12/site-packages:/home/amin/cobot/cobot_ws/install/mycobot_pro_450/lib/python3.12/site-packages:/home/amin/cobot/cobot_ws/install/mycobot_pro450_interfaces/lib/python3.12/site-packages:/home/amin/cobot/cobot_ws/install/myarm_m750/lib/python3.12/site-packages:/home/amin/cobot/cobot_ws/install/myarm_c650/lib/python3.12/site-packages:/home/amin/cobot/cobot_ws/install/mycobot_communication/lib/python3.12/site-packages:/home/amin/cobot/cobot_ws/install/mecharm_communication/lib/python3.12/site-packages:/home/amin/cobot/cobot_ws/install/mycobot_interfaces/lib/python3.12/site-packages:/home/amin/cobot/cobot_ws/install/mycobot_630/lib/python3.12/site-packages:/home/amin/cobot/cobot_ws/install/mycobot_600/lib/python3.12/site-packages:/home/amin/cobot/cobot_ws/install/mycobot_320pi/lib/python3.12/site-packages:/home/amin/cobot/cobot_ws/install/mycobot_320_riscv/lib/python3.12/site-packages:/home/amin/cobot/cobot_ws/install/mycobot_320/lib/python3.12/site-packages:/home/amin/cobot/cobot_ws/install/mycobot_280pi/lib/python3.12/site-packages:/home/amin/cobot/cobot_ws/install/mycobot_280jn/lib/python3.12/site-packages:/home/amin/cobot/cobot_ws/install/mycobot_280_x3pi/lib/python3.12/site-packages:/home/amin/cobot/cobot_ws/install/mycobot_280_riscv/lib/python3.12/site-packages:/home/amin/cobot/cobot_ws/install/mycobot_280_rdkx5/lib/python3.12/site-packages:/home/amin/cobot/cobot_ws/install/mycobot_280_moveit2_control/lib/python3.12/site-packages:/home/amin/cobot/cobot_ws/install/mycobot_280_arduino/lib/python3.12/site-packages:/home/amin/cobot/cobot_ws/install/mycobot_280/lib/python3.12/site-packages:/home/amin/cobot/cobot_ws/install/mybuddy/lib/python3.12/site-packages:/home/amin/cobot/cobot_ws/install/myarm_300/lib/python3.12/site-packages:/home/amin/cobot/cobot_ws/install/mecharm_pi/lib/python3.12/site-packages:/home/amin/cobot/cobot_ws/install/mecharm/lib/python3.12/site-packages:/home/amin/cobot/cobot_ws/install/mecharm_interfaces/lib/python3.12/site-packages:/opt/ros/jazzy/lib/python3.12/site-packages /usr/bin/python3 -W ignore:setup.py install is deprecated -W ignore:easy_install command is deprecated setup.py egg_info --egg-base ../../../../build/mypalletizer_260_pi build --build-base /home/amin/cobot/cobot_ws/build/mypalletizer_260_pi/build install --record /home/amin/cobot/cobot_ws/build/mypalletizer_260_pi/install.log --single-version-externally-managed install_data
[19.078s] Level 1:colcon.colcon_core.environment:checking '/home/amin/cobot/cobot_ws/install/mypalletizer_260_pi' for CMake config files
[19.079s] Level 1:colcon.colcon_core.environment:checking '/home/amin/cobot/cobot_ws/install/mypalletizer_260_pi/lib'
[19.079s] Level 1:colcon.colcon_core.environment:checking '/home/amin/cobot/cobot_ws/install/mypalletizer_260_pi/bin'
[19.079s] Level 1:colcon.colcon_core.environment:checking '/home/amin/cobot/cobot_ws/install/mypalletizer_260_pi/lib/pkgconfig/mypalletizer_260_pi.pc'
[19.079s] Level 1:colcon.colcon_core.environment:checking '/home/amin/cobot/cobot_ws/install/mypalletizer_260_pi/lib/python3.12/site-packages'
[19.080s] Level 1:colcon.colcon_core.shell:create_environment_hook('mypalletizer_260_pi', 'pythonpath')
[19.080s] INFO:colcon.colcon_core.shell:Creating environment hook '/home/amin/cobot/cobot_ws/install/mypalletizer_260_pi/share/mypalletizer_260_pi/hook/pythonpath.ps1'
[19.082s] INFO:colcon.colcon_core.shell:Creating environment descriptor '/home/amin/cobot/cobot_ws/install/mypalletizer_260_pi/share/mypalletizer_260_pi/hook/pythonpath.dsv'
[19.086s] INFO:colcon.colcon_core.shell:Creating environment hook '/home/amin/cobot/cobot_ws/install/mypalletizer_260_pi/share/mypalletizer_260_pi/hook/pythonpath.sh'
[19.090s] Level 1:colcon.colcon_core.environment:checking '/home/amin/cobot/cobot_ws/install/mypalletizer_260_pi/bin'
[19.090s] Level 1:colcon.colcon_core.environment:create_environment_scripts_only(mypalletizer_260_pi)
[19.092s] INFO:colcon.colcon_core.shell:Creating package script '/home/amin/cobot/cobot_ws/install/mypalletizer_260_pi/share/mypalletizer_260_pi/package.ps1'
[19.095s] INFO:colcon.colcon_core.shell:Creating package descriptor '/home/amin/cobot/cobot_ws/install/mypalletizer_260_pi/share/mypalletizer_260_pi/package.dsv'
[19.098s] INFO:colcon.colcon_core.shell:Creating package script '/home/amin/cobot/cobot_ws/install/mypalletizer_260_pi/share/mypalletizer_260_pi/package.sh'
[19.099s] INFO:colcon.colcon_core.shell:Creating package script '/home/amin/cobot/cobot_ws/install/mypalletizer_260_pi/share/mypalletizer_260_pi/package.bash'
[19.099s] INFO:colcon.colcon_core.shell:Creating package script '/home/amin/cobot/cobot_ws/install/mypalletizer_260_pi/share/mypalletizer_260_pi/package.zsh'
[19.100s] Level 1:colcon.colcon_core.environment:create_file_with_runtime_dependencies(/home/amin/cobot/cobot_ws/install/mypalletizer_260_pi/share/colcon-core/packages/mypalletizer_260_pi)
[19.105s] Level 1:colcon.colcon_core.environment:checking '/home/amin/cobot/cobot_ws/install/mypalletizer_260' for CMake module files
[19.107s] DEBUG:colcon.colcon_core.event_handler.log_command:Invoked command in '/home/amin/cobot/cobot_ws/src/mycobot_ros2/mypalletizer_260/mypalletizer_260' returned '0': AMENT_PREFIX_PATH=/home/amin/cobot/cobot_ws/install/mycobot_description:/home/amin/cobot/cobot_ws/install/ultraarm:/home/amin/cobot/cobot_ws/install/pro450_moveit2_control:/home/amin/cobot/cobot_ws/install/pro450_moveit2:/home/amin/cobot/cobot_ws/install/mypalletizer_communication:/home/amin/cobot/cobot_ws/install/mypalletizer_interfaces:/home/amin/cobot/cobot_ws/install/mypalletizer_260_pi:/home/amin/cobot/cobot_ws/install/mypalletizer_260:/home/amin/cobot/cobot_ws/install/mycobot_pro_450:/home/amin/cobot/cobot_ws/install/mycobot_pro450_interfaces:/home/amin/cobot/cobot_ws/install/myarm_m750:/home/amin/cobot/cobot_ws/install/myarm_c650:/home/amin/cobot/cobot_ws/install/mycobot_communication:/home/amin/cobot/cobot_ws/install/mecharm_communication:/home/amin/cobot/cobot_ws/install/mycobot_interfaces:/home/amin/cobot/cobot_ws/install/mycobot_630:/home/amin/cobot/cobot_ws/install/mycobot_600:/home/amin/cobot/cobot_ws/install/mycobot_320pi:/home/amin/cobot/cobot_ws/install/mycobot_320_riscv:/home/amin/cobot/cobot_ws/install/mycobot_320:/home/amin/cobot/cobot_ws/install/mycobot_280rdkx5_moveit2:/home/amin/cobot/cobot_ws/install/mycobot_280pi:/home/amin/cobot/cobot_ws/install/mycobot_280jn:/home/amin/cobot/cobot_ws/install/mycobot_280arduino_moveit2:/home/amin/cobot/cobot_ws/install/mycobot_280_x3pi:/home/amin/cobot/cobot_ws/install/mycobot_280_riscv:/home/amin/cobot/cobot_ws/install/mycobot_280_rdkx5:/home/amin/cobot/cobot_ws/install/mycobot_280_moveit2_control:/home/amin/cobot/cobot_ws/install/mycobot_280_moveit2:/home/amin/cobot/cobot_ws/install/mycobot_280_gazebo_jazzy:/home/amin/cobot/cobot_ws/install/mycobot_280_gazebo:/home/amin/cobot/cobot_ws/install/mycobot_280_arduino:/home/amin/cobot/cobot_ws/install/mycobot_280:/home/amin/cobot/cobot_ws/install/mybuddy:/home/amin/cobot/cobot_ws/install/myarm_300:/home/amin/cobot/cobot_ws/install/mecharm_pi:/home/amin/cobot/cobot_ws/install/mecharm:/home/amin/cobot/cobot_ws/install/mecharm_interfaces:/opt/ros/jazzy DEBUGINFOD_URLS=https://debuginfod.ubuntu.com PYTHONPATH=/home/amin/cobot/cobot_ws/build/mypalletizer_260/prefix_override:/usr/lib/python3/dist-packages/colcon_core/task/python/colcon_distutils_commands:/home/amin/cobot/cobot_ws/install/mypalletizer_260/lib/python3.12/site-packages:/home/amin/cobot/cobot_ws/install/mycobot_description/lib/python3.12/site-packages:/home/amin/cobot/cobot_ws/install/ultraarm/lib/python3.12/site-packages:/home/amin/cobot/cobot_ws/install/pro450_moveit2_control/lib/python3.12/site-packages:/home/amin/cobot/cobot_ws/install/mypalletizer_communication/lib/python3.12/site-packages:/home/amin/cobot/cobot_ws/install/mypalletizer_interfaces/lib/python3.12/site-packages:/home/amin/cobot/cobot_ws/install/mypalletizer_260_pi/lib/python3.12/site-packages:/home/amin/cobot/cobot_ws/install/mypalletizer_260/lib/python3.12/site-packages:/home/amin/cobot/cobot_ws/install/mycobot_pro_450/lib/python3.12/site-packages:/home/amin/cobot/cobot_ws/install/mycobot_pro450_interfaces/lib/python3.12/site-packages:/home/amin/cobot/cobot_ws/install/myarm_m750/lib/python3.12/site-packages:/home/amin/cobot/cobot_ws/install/myarm_c650/lib/python3.12/site-packages:/home/amin/cobot/cobot_ws/install/mycobot_communication/lib/python3.12/site-packages:/home/amin/cobot/cobot_ws/install/mecharm_communication/lib/python3.12/site-packages:/home/amin/cobot/cobot_ws/install/mycobot_interfaces/lib/python3.12/site-packages:/home/amin/cobot/cobot_ws/install/mycobot_630/lib/python3.12/site-packages:/home/amin/cobot/cobot_ws/install/mycobot_600/lib/python3.12/site-packages:/home/amin/cobot/cobot_ws/install/mycobot_320pi/lib/python3.12/site-packages:/home/amin/cobot/cobot_ws/install/mycobot_320_riscv/lib/python3.12/site-packages:/home/amin/cobot/cobot_ws/install/mycobot_320/lib/python3.12/site-packages:/home/amin/cobot/cobot_ws/install/mycobot_280pi/lib/python3.12/site-packages:/home/amin/cobot/cobot_ws/install/mycobot_280jn/lib/python3.12/site-packages:/home/amin/cobot/cobot_ws/install/mycobot_280_x3pi/lib/python3.12/site-packages:/home/amin/cobot/cobot_ws/install/mycobot_280_riscv/lib/python3.12/site-packages:/home/amin/cobot/cobot_ws/install/mycobot_280_rdkx5/lib/python3.12/site-packages:/home/amin/cobot/cobot_ws/install/mycobot_280_moveit2_control/lib/python3.12/site-packages:/home/amin/cobot/cobot_ws/install/mycobot_280_arduino/lib/python3.12/site-packages:/home/amin/cobot/cobot_ws/install/mycobot_280/lib/python3.12/site-packages:/home/amin/cobot/cobot_ws/install/mybuddy/lib/python3.12/site-packages:/home/amin/cobot/cobot_ws/install/myarm_300/lib/python3.12/site-packages:/home/amin/cobot/cobot_ws/install/mecharm_pi/lib/python3.12/site-packages:/home/amin/cobot/cobot_ws/install/mecharm/lib/python3.12/site-packages:/home/amin/cobot/cobot_ws/install/mecharm_interfaces/lib/python3.12/site-packages:/opt/ros/jazzy/lib/python3.12/site-packages /usr/bin/python3 -W ignore:setup.py install is deprecated -W ignore:easy_install command is deprecated setup.py egg_info --egg-base ../../../../build/mypalletizer_260 build --build-base /home/amin/cobot/cobot_ws/build/mypalletizer_260/build install --record /home/amin/cobot/cobot_ws/build/mypalletizer_260/install.log --single-version-externally-managed install_data
[19.109s] Level 1:colcon.colcon_core.environment:checking '/home/amin/cobot/cobot_ws/install/mypalletizer_260' for CMake config files
[19.111s] Level 1:colcon.colcon_core.environment:checking '/home/amin/cobot/cobot_ws/install/mypalletizer_260/lib'
[19.112s] Level 1:colcon.colcon_core.environment:checking '/home/amin/cobot/cobot_ws/install/mypalletizer_260/bin'
[19.112s] Level 1:colcon.colcon_core.environment:checking '/home/amin/cobot/cobot_ws/install/mypalletizer_260/lib/pkgconfig/mypalletizer_260.pc'
[19.113s] Level 1:colcon.colcon_core.environment:checking '/home/amin/cobot/cobot_ws/install/mypalletizer_260/lib/python3.12/site-packages'
[19.113s] Level 1:colcon.colcon_core.shell:create_environment_hook('mypalletizer_260', 'pythonpath')
[19.113s] INFO:colcon.colcon_core.shell:Creating environment hook '/home/amin/cobot/cobot_ws/install/mypalletizer_260/share/mypalletizer_260/hook/pythonpath.ps1'
[19.114s] INFO:colcon.colcon_core.shell:Creating environment descriptor '/home/amin/cobot/cobot_ws/install/mypalletizer_260/share/mypalletizer_260/hook/pythonpath.dsv'
[19.115s] INFO:colcon.colcon_core.shell:Creating environment hook '/home/amin/cobot/cobot_ws/install/mypalletizer_260/share/mypalletizer_260/hook/pythonpath.sh'
[19.117s] Level 1:colcon.colcon_core.environment:checking '/home/amin/cobot/cobot_ws/install/mypalletizer_260/bin'
[19.117s] Level 1:colcon.colcon_core.environment:create_environment_scripts_only(mypalletizer_260)
[19.118s] INFO:colcon.colcon_core.shell:Creating package script '/home/amin/cobot/cobot_ws/install/mypalletizer_260/share/mypalletizer_260/package.ps1'
[19.121s] INFO:colcon.colcon_core.shell:Creating package descriptor '/home/amin/cobot/cobot_ws/install/mypalletizer_260/share/mypalletizer_260/package.dsv'
[19.123s] INFO:colcon.colcon_core.shell:Creating package script '/home/amin/cobot/cobot_ws/install/mypalletizer_260/share/mypalletizer_260/package.sh'
[19.124s] INFO:colcon.colcon_core.shell:Creating package script '/home/amin/cobot/cobot_ws/install/mypalletizer_260/share/mypalletizer_260/package.bash'
[19.125s] INFO:colcon.colcon_core.shell:Creating package script '/home/amin/cobot/cobot_ws/install/mypalletizer_260/share/mypalletizer_260/package.zsh'
[19.126s] Level 1:colcon.colcon_core.environment:create_file_with_runtime_dependencies(/home/amin/cobot/cobot_ws/install/mypalletizer_260/share/colcon-core/packages/mypalletizer_260)
[19.158s] DEBUG:colcon.colcon_core.event_handler.log_command:Invoking command in '/home/amin/cobot/cobot_ws/src/mycobot_ros2/ultraArm/ultraarm': AMENT_PREFIX_PATH=/home/amin/cobot/cobot_ws/install/mycobot_description:/home/amin/cobot/cobot_ws/install/ultraarm:/home/amin/cobot/cobot_ws/install/pro450_moveit2_control:/home/amin/cobot/cobot_ws/install/pro450_moveit2:/home/amin/cobot/cobot_ws/install/mypalletizer_communication:/home/amin/cobot/cobot_ws/install/mypalletizer_interfaces:/home/amin/cobot/cobot_ws/install/mypalletizer_260_pi:/home/amin/cobot/cobot_ws/install/mypalletizer_260:/home/amin/cobot/cobot_ws/install/mycobot_pro_450:/home/amin/cobot/cobot_ws/install/mycobot_pro450_interfaces:/home/amin/cobot/cobot_ws/install/myarm_m750:/home/amin/cobot/cobot_ws/install/myarm_c650:/home/amin/cobot/cobot_ws/install/mycobot_communication:/home/amin/cobot/cobot_ws/install/mecharm_communication:/home/amin/cobot/cobot_ws/install/mycobot_interfaces:/home/amin/cobot/cobot_ws/install/mycobot_630:/home/amin/cobot/cobot_ws/install/mycobot_600:/home/amin/cobot/cobot_ws/install/mycobot_320pi:/home/amin/cobot/cobot_ws/install/mycobot_320_riscv:/home/amin/cobot/cobot_ws/install/mycobot_320:/home/amin/cobot/cobot_ws/install/mycobot_280rdkx5_moveit2:/home/amin/cobot/cobot_ws/install/mycobot_280pi:/home/amin/cobot/cobot_ws/install/mycobot_280jn:/home/amin/cobot/cobot_ws/install/mycobot_280arduino_moveit2:/home/amin/cobot/cobot_ws/install/mycobot_280_x3pi:/home/amin/cobot/cobot_ws/install/mycobot_280_riscv:/home/amin/cobot/cobot_ws/install/mycobot_280_rdkx5:/home/amin/cobot/cobot_ws/install/mycobot_280_moveit2_control:/home/amin/cobot/cobot_ws/install/mycobot_280_moveit2:/home/amin/cobot/cobot_ws/install/mycobot_280_gazebo_jazzy:/home/amin/cobot/cobot_ws/install/mycobot_280_gazebo:/home/amin/cobot/cobot_ws/install/mycobot_280_arduino:/home/amin/cobot/cobot_ws/install/mycobot_280:/home/amin/cobot/cobot_ws/install/mybuddy:/home/amin/cobot/cobot_ws/install/myarm_300:/home/amin/cobot/cobot_ws/install/mecharm_pi:/home/amin/cobot/cobot_ws/install/mecharm:/home/amin/cobot/cobot_ws/install/mecharm_interfaces:/opt/ros/jazzy DEBUGINFOD_URLS=https://debuginfod.ubuntu.com PYTHONPATH=/home/amin/cobot/cobot_ws/build/ultraarm/prefix_override:/usr/lib/python3/dist-packages/colcon_core/task/python/colcon_distutils_commands:/home/amin/cobot/cobot_ws/install/ultraarm/lib/python3.12/site-packages:/home/amin/cobot/cobot_ws/install/mycobot_description/lib/python3.12/site-packages:/home/amin/cobot/cobot_ws/install/ultraarm/lib/python3.12/site-packages:/home/amin/cobot/cobot_ws/install/pro450_moveit2_control/lib/python3.12/site-packages:/home/amin/cobot/cobot_ws/install/mypalletizer_communication/lib/python3.12/site-packages:/home/amin/cobot/cobot_ws/install/mypalletizer_interfaces/lib/python3.12/site-packages:/home/amin/cobot/cobot_ws/install/mypalletizer_260_pi/lib/python3.12/site-packages:/home/amin/cobot/cobot_ws/install/mypalletizer_260/lib/python3.12/site-packages:/home/amin/cobot/cobot_ws/install/mycobot_pro_450/lib/python3.12/site-packages:/home/amin/cobot/cobot_ws/install/mycobot_pro450_interfaces/lib/python3.12/site-packages:/home/amin/cobot/cobot_ws/install/myarm_m750/lib/python3.12/site-packages:/home/amin/cobot/cobot_ws/install/myarm_c650/lib/python3.12/site-packages:/home/amin/cobot/cobot_ws/install/mycobot_communication/lib/python3.12/site-packages:/home/amin/cobot/cobot_ws/install/mecharm_communication/lib/python3.12/site-packages:/home/amin/cobot/cobot_ws/install/mycobot_interfaces/lib/python3.12/site-packages:/home/amin/cobot/cobot_ws/install/mycobot_630/lib/python3.12/site-packages:/home/amin/cobot/cobot_ws/install/mycobot_600/lib/python3.12/site-packages:/home/amin/cobot/cobot_ws/install/mycobot_320pi/lib/python3.12/site-packages:/home/amin/cobot/cobot_ws/install/mycobot_320_riscv/lib/python3.12/site-packages:/home/amin/cobot/cobot_ws/install/mycobot_320/lib/python3.12/site-packages:/home/amin/cobot/cobot_ws/install/mycobot_280pi/lib/python3.12/site-packages:/home/amin/cobot/cobot_ws/install/mycobot_280jn/lib/python3.12/site-packages:/home/amin/cobot/cobot_ws/install/mycobot_280_x3pi/lib/python3.12/site-packages:/home/amin/cobot/cobot_ws/install/mycobot_280_riscv/lib/python3.12/site-packages:/home/amin/cobot/cobot_ws/install/mycobot_280_rdkx5/lib/python3.12/site-packages:/home/amin/cobot/cobot_ws/install/mycobot_280_moveit2_control/lib/python3.12/site-packages:/home/amin/cobot/cobot_ws/install/mycobot_280_arduino/lib/python3.12/site-packages:/home/amin/cobot/cobot_ws/install/mycobot_280/lib/python3.12/site-packages:/home/amin/cobot/cobot_ws/install/mybuddy/lib/python3.12/site-packages:/home/amin/cobot/cobot_ws/install/myarm_300/lib/python3.12/site-packages:/home/amin/cobot/cobot_ws/install/mecharm_pi/lib/python3.12/site-packages:/home/amin/cobot/cobot_ws/install/mecharm/lib/python3.12/site-packages:/home/amin/cobot/cobot_ws/install/mecharm_interfaces/lib/python3.12/site-packages:/opt/ros/jazzy/lib/python3.12/site-packages /usr/bin/python3 -W ignore:setup.py install is deprecated -W ignore:easy_install command is deprecated setup.py egg_info --egg-base ../../../../build/ultraarm build --build-base /home/amin/cobot/cobot_ws/build/ultraarm/build install --record /home/amin/cobot/cobot_ws/build/ultraarm/install.log --single-version-externally-managed install_data
[19.603s] DEBUG:colcon.colcon_core.event_handler.log_command:Invoking command in '/home/amin/cobot/cobot_ws/src/mycobot_ros2/myArm/myarm_c650': AMENT_PREFIX_PATH=/home/amin/cobot/cobot_ws/install/mycobot_communication:/home/amin/cobot/cobot_ws/install/mycobot_description:/home/amin/cobot/cobot_ws/install/ultraarm:/home/amin/cobot/cobot_ws/install/pro450_moveit2_control:/home/amin/cobot/cobot_ws/install/pro450_moveit2:/home/amin/cobot/cobot_ws/install/mypalletizer_communication:/home/amin/cobot/cobot_ws/install/mypalletizer_interfaces:/home/amin/cobot/cobot_ws/install/mypalletizer_260_pi:/home/amin/cobot/cobot_ws/install/mypalletizer_260:/home/amin/cobot/cobot_ws/install/mycobot_pro_450:/home/amin/cobot/cobot_ws/install/mycobot_pro450_interfaces:/home/amin/cobot/cobot_ws/install/myarm_m750:/home/amin/cobot/cobot_ws/install/myarm_c650:/home/amin/cobot/cobot_ws/install/mecharm_communication:/home/amin/cobot/cobot_ws/install/mycobot_interfaces:/home/amin/cobot/cobot_ws/install/mycobot_630:/home/amin/cobot/cobot_ws/install/mycobot_600:/home/amin/cobot/cobot_ws/install/mycobot_320pi:/home/amin/cobot/cobot_ws/install/mycobot_320_riscv:/home/amin/cobot/cobot_ws/install/mycobot_320:/home/amin/cobot/cobot_ws/install/mycobot_280rdkx5_moveit2:/home/amin/cobot/cobot_ws/install/mycobot_280pi:/home/amin/cobot/cobot_ws/install/mycobot_280jn:/home/amin/cobot/cobot_ws/install/mycobot_280arduino_moveit2:/home/amin/cobot/cobot_ws/install/mycobot_280_x3pi:/home/amin/cobot/cobot_ws/install/mycobot_280_riscv:/home/amin/cobot/cobot_ws/install/mycobot_280_rdkx5:/home/amin/cobot/cobot_ws/install/mycobot_280_moveit2_control:/home/amin/cobot/cobot_ws/install/mycobot_280_moveit2:/home/amin/cobot/cobot_ws/install/mycobot_280_gazebo_jazzy:/home/amin/cobot/cobot_ws/install/mycobot_280_gazebo:/home/amin/cobot/cobot_ws/install/mycobot_280_arduino:/home/amin/cobot/cobot_ws/install/mycobot_280:/home/amin/cobot/cobot_ws/install/mybuddy:/home/amin/cobot/cobot_ws/install/myarm_300:/home/amin/cobot/cobot_ws/install/mecharm_pi:/home/amin/cobot/cobot_ws/install/mecharm:/home/amin/cobot/cobot_ws/install/mecharm_interfaces:/opt/ros/jazzy CMAKE_PREFIX_PATH=/home/amin/cobot/cobot_ws/install/mycobot_interfaces:/home/amin/cobot/cobot_ws/install/pro450_moveit2:/home/amin/cobot/cobot_ws/install/mypalletizer_interfaces:/home/amin/cobot/cobot_ws/install/mycobot_pro450_interfaces:/home/amin/cobot/cobot_ws/install/mycobot_280rdkx5_moveit2:/home/amin/cobot/cobot_ws/install/mycobot_280arduino_moveit2:/home/amin/cobot/cobot_ws/install/mycobot_280_moveit2:/home/amin/cobot/cobot_ws/install/mycobot_280_gazebo_jazzy:/home/amin/cobot/cobot_ws/install/mycobot_280_gazebo:/home/amin/cobot/cobot_ws/install/mecharm_interfaces:/opt/ros/jazzy/opt/gz_sim_vendor:/opt/ros/jazzy/opt/gz_sensors_vendor:/opt/ros/jazzy/opt/gz_physics_vendor:/opt/ros/jazzy/opt/sdformat_vendor:/opt/ros/jazzy/opt/gz_gui_vendor:/opt/ros/jazzy/opt/gz_transport_vendor:/opt/ros/jazzy/opt/gz_rendering_vendor:/opt/ros/jazzy/opt/gz_plugin_vendor:/opt/ros/jazzy/opt/gz_fuel_tools_vendor:/opt/ros/jazzy/opt/gz_msgs_vendor:/opt/ros/jazzy/opt/gz_common_vendor:/opt/ros/jazzy/opt/gz_math_vendor:/opt/ros/jazzy/opt/gz_utils_vendor:/opt/ros/jazzy/opt/gz_tools_vendor:/opt/ros/jazzy/opt/gz_ogre_next_vendor:/opt/ros/jazzy/opt/gz_dartsim_vendor:/opt/ros/jazzy/opt/gz_cmake_vendor DEBUGINFOD_URLS=https://debuginfod.ubuntu.com LD_LIBRARY_PATH=/home/amin/cobot/cobot_ws/install/mycobot_interfaces/lib:/home/amin/cobot/cobot_ws/install/mypalletizer_interfaces/lib:/home/amin/cobot/cobot_ws/install/mycobot_pro450_interfaces/lib:/home/amin/cobot/cobot_ws/install/mecharm_interfaces/lib:/opt/ros/jazzy/opt/gz_sim_vendor/lib:/opt/ros/jazzy/opt/gz_sensors_vendor/lib:/opt/ros/jazzy/opt/gz_physics_vendor/lib:/opt/ros/jazzy/opt/sdformat_vendor/lib:/opt/ros/jazzy/opt/rviz_ogre_vendor/lib:/opt/ros/jazzy/lib/x86_64-linux-gnu:/opt/ros/jazzy/opt/gz_gui_vendor/lib:/opt/ros/jazzy/opt/gz_transport_vendor/lib:/opt/ros/jazzy/opt/gz_rendering_vendor/lib:/opt/ros/jazzy/opt/gz_plugin_vendor/lib:/opt/ros/jazzy/opt/gz_fuel_tools_vendor/lib:/opt/ros/jazzy/opt/gz_msgs_vendor/lib:/opt/ros/jazzy/opt/gz_common_vendor/lib:/opt/ros/jazzy/opt/gz_math_vendor/lib:/opt/ros/jazzy/opt/gz_utils_vendor/lib:/opt/ros/jazzy/opt/gz_tools_vendor/lib:/opt/ros/jazzy/opt/gz_ogre_next_vendor/lib:/opt/ros/jazzy/opt/gz_dartsim_vendor/lib:/opt/ros/jazzy/opt/gz_cmake_vendor/lib:/opt/ros/jazzy/lib PYTHONPATH=/home/amin/cobot/cobot_ws/build/myarm_c650/prefix_override:/usr/lib/python3/dist-packages/colcon_core/task/python/colcon_distutils_commands:/home/amin/cobot/cobot_ws/install/myarm_c650/lib/python3.12/site-packages:/home/amin/cobot/cobot_ws/install/mycobot_communication/lib/python3.12/site-packages:/home/amin/cobot/cobot_ws/install/mycobot_interfaces/lib/python3.12/site-packages:/home/amin/cobot/cobot_ws/install/mycobot_description/lib/python3.12/site-packages:/home/amin/cobot/cobot_ws/install/ultraarm/lib/python3.12/site-packages:/home/amin/cobot/cobot_ws/install/pro450_moveit2_control/lib/python3.12/site-packages:/home/amin/cobot/cobot_ws/install/mypalletizer_communication/lib/python3.12/site-packages:/home/amin/cobot/cobot_ws/install/mypalletizer_interfaces/lib/python3.12/site-packages:/home/amin/cobot/cobot_ws/install/mypalletizer_260_pi/lib/python3.12/site-packages:/home/amin/cobot/cobot_ws/install/mypalletizer_260/lib/python3.12/site-packages:/home/amin/cobot/cobot_ws/install/mycobot_pro_450/lib/python3.12/site-packages:/home/amin/cobot/cobot_ws/install/mycobot_pro450_interfaces/lib/python3.12/site-packages:/home/amin/cobot/cobot_ws/install/myarm_m750/lib/python3.12/site-packages:/home/amin/cobot/cobot_ws/install/myarm_c650/lib/python3.12/site-packages:/home/amin/cobot/cobot_ws/install/mecharm_communication/lib/python3.12/site-packages:/home/amin/cobot/cobot_ws/install/mycobot_630/lib/python3.12/site-packages:/home/amin/cobot/cobot_ws/install/mycobot_600/lib/python3.12/site-packages:/home/amin/cobot/cobot_ws/install/mycobot_320pi/lib/python3.12/site-packages:/home/amin/cobot/cobot_ws/install/mycobot_320_riscv/lib/python3.12/site-packages:/home/amin/cobot/cobot_ws/install/mycobot_320/lib/python3.12/site-packages:/home/amin/cobot/cobot_ws/install/mycobot_280pi/lib/python3.12/site-packages:/home/amin/cobot/cobot_ws/install/mycobot_280jn/lib/python3.12/site-packages:/home/amin/cobot/cobot_ws/install/mycobot_280_x3pi/lib/python3.12/site-packages:/home/amin/cobot/cobot_ws/install/mycobot_280_riscv/lib/python3.12/site-packages:/home/amin/cobot/cobot_ws/install/mycobot_280_rdkx5/lib/python3.12/site-packages:/home/amin/cobot/cobot_ws/install/mycobot_280_moveit2_control/lib/python3.12/site-packages:/home/amin/cobot/cobot_ws/install/mycobot_280_arduino/lib/python3.12/site-packages:/home/amin/cobot/cobot_ws/install/mycobot_280/lib/python3.12/site-packages:/home/amin/cobot/cobot_ws/install/mybuddy/lib/python3.12/site-packages:/home/amin/cobot/cobot_ws/install/myarm_300/lib/python3.12/site-packages:/home/amin/cobot/cobot_ws/install/mecharm_pi/lib/python3.12/site-packages:/home/amin/cobot/cobot_ws/install/mecharm/lib/python3.12/site-packages:/home/amin/cobot/cobot_ws/install/mecharm_interfaces/lib/python3.12/site-packages:/opt/ros/jazzy/lib/python3.12/site-packages /usr/bin/python3 -W ignore:setup.py install is deprecated -W ignore:easy_install command is deprecated setup.py egg_info --egg-base ../../../../build/myarm_c650 build --build-base /home/amin/cobot/cobot_ws/build/myarm_c650/build install --record /home/amin/cobot/cobot_ws/build/myarm_c650/install.log --single-version-externally-managed install_data
[20.120s] Level 1:colcon.colcon_core.environment:checking '/home/amin/cobot/cobot_ws/install/pro450_moveit2_control' for CMake module files
[20.122s] Level 1:colcon.colcon_core.environment:checking '/home/amin/cobot/cobot_ws/install/pro450_moveit2_control' for CMake config files
[20.123s] DEBUG:colcon.colcon_core.event_handler.log_command:Invoked command in '/home/amin/cobot/cobot_ws/src/mycobot_ros2/mycobot_pro/pro450_moveit2_control' returned '0': AMENT_PREFIX_PATH=/home/amin/cobot/cobot_ws/install/mycobot_description:/home/amin/cobot/cobot_ws/install/ultraarm:/home/amin/cobot/cobot_ws/install/pro450_moveit2_control:/home/amin/cobot/cobot_ws/install/pro450_moveit2:/home/amin/cobot/cobot_ws/install/mypalletizer_communication:/home/amin/cobot/cobot_ws/install/mypalletizer_interfaces:/home/amin/cobot/cobot_ws/install/mypalletizer_260_pi:/home/amin/cobot/cobot_ws/install/mypalletizer_260:/home/amin/cobot/cobot_ws/install/mycobot_pro_450:/home/amin/cobot/cobot_ws/install/mycobot_pro450_interfaces:/home/amin/cobot/cobot_ws/install/myarm_m750:/home/amin/cobot/cobot_ws/install/myarm_c650:/home/amin/cobot/cobot_ws/install/mycobot_communication:/home/amin/cobot/cobot_ws/install/mecharm_communication:/home/amin/cobot/cobot_ws/install/mycobot_interfaces:/home/amin/cobot/cobot_ws/install/mycobot_630:/home/amin/cobot/cobot_ws/install/mycobot_600:/home/amin/cobot/cobot_ws/install/mycobot_320pi:/home/amin/cobot/cobot_ws/install/mycobot_320_riscv:/home/amin/cobot/cobot_ws/install/mycobot_320:/home/amin/cobot/cobot_ws/install/mycobot_280rdkx5_moveit2:/home/amin/cobot/cobot_ws/install/mycobot_280pi:/home/amin/cobot/cobot_ws/install/mycobot_280jn:/home/amin/cobot/cobot_ws/install/mycobot_280arduino_moveit2:/home/amin/cobot/cobot_ws/install/mycobot_280_x3pi:/home/amin/cobot/cobot_ws/install/mycobot_280_riscv:/home/amin/cobot/cobot_ws/install/mycobot_280_rdkx5:/home/amin/cobot/cobot_ws/install/mycobot_280_moveit2_control:/home/amin/cobot/cobot_ws/install/mycobot_280_moveit2:/home/amin/cobot/cobot_ws/install/mycobot_280_gazebo_jazzy:/home/amin/cobot/cobot_ws/install/mycobot_280_gazebo:/home/amin/cobot/cobot_ws/install/mycobot_280_arduino:/home/amin/cobot/cobot_ws/install/mycobot_280:/home/amin/cobot/cobot_ws/install/mybuddy:/home/amin/cobot/cobot_ws/install/myarm_300:/home/amin/cobot/cobot_ws/install/mecharm_pi:/home/amin/cobot/cobot_ws/install/mecharm:/home/amin/cobot/cobot_ws/install/mecharm_interfaces:/opt/ros/jazzy DEBUGINFOD_URLS=https://debuginfod.ubuntu.com PYTHONPATH=/home/amin/cobot/cobot_ws/build/pro450_moveit2_control/prefix_override:/usr/lib/python3/dist-packages/colcon_core/task/python/colcon_distutils_commands:/home/amin/cobot/cobot_ws/install/pro450_moveit2_control/lib/python3.12/site-packages:/home/amin/cobot/cobot_ws/install/mycobot_description/lib/python3.12/site-packages:/home/amin/cobot/cobot_ws/install/ultraarm/lib/python3.12/site-packages:/home/amin/cobot/cobot_ws/install/pro450_moveit2_control/lib/python3.12/site-packages:/home/amin/cobot/cobot_ws/install/mypalletizer_communication/lib/python3.12/site-packages:/home/amin/cobot/cobot_ws/install/mypalletizer_interfaces/lib/python3.12/site-packages:/home/amin/cobot/cobot_ws/install/mypalletizer_260_pi/lib/python3.12/site-packages:/home/amin/cobot/cobot_ws/install/mypalletizer_260/lib/python3.12/site-packages:/home/amin/cobot/cobot_ws/install/mycobot_pro_450/lib/python3.12/site-packages:/home/amin/cobot/cobot_ws/install/mycobot_pro450_interfaces/lib/python3.12/site-packages:/home/amin/cobot/cobot_ws/install/myarm_m750/lib/python3.12/site-packages:/home/amin/cobot/cobot_ws/install/myarm_c650/lib/python3.12/site-packages:/home/amin/cobot/cobot_ws/install/mycobot_communication/lib/python3.12/site-packages:/home/amin/cobot/cobot_ws/install/mecharm_communication/lib/python3.12/site-packages:/home/amin/cobot/cobot_ws/install/mycobot_interfaces/lib/python3.12/site-packages:/home/amin/cobot/cobot_ws/install/mycobot_630/lib/python3.12/site-packages:/home/amin/cobot/cobot_ws/install/mycobot_600/lib/python3.12/site-packages:/home/amin/cobot/cobot_ws/install/mycobot_320pi/lib/python3.12/site-packages:/home/amin/cobot/cobot_ws/install/mycobot_320_riscv/lib/python3.12/site-packages:/home/amin/cobot/cobot_ws/install/mycobot_320/lib/python3.12/site-packages:/home/amin/cobot/cobot_ws/install/mycobot_280pi/lib/python3.12/site-packages:/home/amin/cobot/cobot_ws/install/mycobot_280jn/lib/python3.12/site-packages:/home/amin/cobot/cobot_ws/install/mycobot_280_x3pi/lib/python3.12/site-packages:/home/amin/cobot/cobot_ws/install/mycobot_280_riscv/lib/python3.12/site-packages:/home/amin/cobot/cobot_ws/install/mycobot_280_rdkx5/lib/python3.12/site-packages:/home/amin/cobot/cobot_ws/install/mycobot_280_moveit2_control/lib/python3.12/site-packages:/home/amin/cobot/cobot_ws/install/mycobot_280_arduino/lib/python3.12/site-packages:/home/amin/cobot/cobot_ws/install/mycobot_280/lib/python3.12/site-packages:/home/amin/cobot/cobot_ws/install/mybuddy/lib/python3.12/site-packages:/home/amin/cobot/cobot_ws/install/myarm_300/lib/python3.12/site-packages:/home/amin/cobot/cobot_ws/install/mecharm_pi/lib/python3.12/site-packages:/home/amin/cobot/cobot_ws/install/mecharm/lib/python3.12/site-packages:/home/amin/cobot/cobot_ws/install/mecharm_interfaces/lib/python3.12/site-packages:/opt/ros/jazzy/lib/python3.12/site-packages /usr/bin/python3 -W ignore:setup.py install is deprecated -W ignore:easy_install command is deprecated setup.py egg_info --egg-base ../../../../build/pro450_moveit2_control build --build-base /home/amin/cobot/cobot_ws/build/pro450_moveit2_control/build install --record /home/amin/cobot/cobot_ws/build/pro450_moveit2_control/install.log --single-version-externally-managed install_data
[20.126s] Level 1:colcon.colcon_core.environment:checking '/home/amin/cobot/cobot_ws/install/pro450_moveit2_control/lib'
[20.131s] Level 1:colcon.colcon_core.environment:checking '/home/amin/cobot/cobot_ws/install/pro450_moveit2_control/bin'
[20.131s] Level 1:colcon.colcon_core.environment:checking '/home/amin/cobot/cobot_ws/install/pro450_moveit2_control/lib/pkgconfig/pro450_moveit2_control.pc'
[20.131s] Level 1:colcon.colcon_core.environment:checking '/home/amin/cobot/cobot_ws/install/pro450_moveit2_control/lib/python3.12/site-packages'
[20.131s] Level 1:colcon.colcon_core.shell:create_environment_hook('pro450_moveit2_control', 'pythonpath')
[20.132s] INFO:colcon.colcon_core.shell:Creating environment hook '/home/amin/cobot/cobot_ws/install/pro450_moveit2_control/share/pro450_moveit2_control/hook/pythonpath.ps1'
[20.133s] INFO:colcon.colcon_core.shell:Creating environment descriptor '/home/amin/cobot/cobot_ws/install/pro450_moveit2_control/share/pro450_moveit2_control/hook/pythonpath.dsv'
[20.133s] INFO:colcon.colcon_core.shell:Creating environment hook '/home/amin/cobot/cobot_ws/install/pro450_moveit2_control/share/pro450_moveit2_control/hook/pythonpath.sh'
[20.134s] Level 1:colcon.colcon_core.environment:checking '/home/amin/cobot/cobot_ws/install/pro450_moveit2_control/bin'
[20.135s] Level 1:colcon.colcon_core.environment:create_environment_scripts_only(pro450_moveit2_control)
[20.136s] INFO:colcon.colcon_core.shell:Creating package script '/home/amin/cobot/cobot_ws/install/pro450_moveit2_control/share/pro450_moveit2_control/package.ps1'
[20.137s] INFO:colcon.colcon_core.shell:Creating package descriptor '/home/amin/cobot/cobot_ws/install/pro450_moveit2_control/share/pro450_moveit2_control/package.dsv'
[20.139s] INFO:colcon.colcon_core.shell:Creating package script '/home/amin/cobot/cobot_ws/install/pro450_moveit2_control/share/pro450_moveit2_control/package.sh'
[20.140s] INFO:colcon.colcon_core.shell:Creating package script '/home/amin/cobot/cobot_ws/install/pro450_moveit2_control/share/pro450_moveit2_control/package.bash'
[20.141s] INFO:colcon.colcon_core.shell:Creating package script '/home/amin/cobot/cobot_ws/install/pro450_moveit2_control/share/pro450_moveit2_control/package.zsh'
[20.141s] Level 1:colcon.colcon_core.environment:create_file_with_runtime_dependencies(/home/amin/cobot/cobot_ws/install/pro450_moveit2_control/share/colcon-core/packages/pro450_moveit2_control)
[20.148s] DEBUG:colcon.colcon_core.event_handler.log_command:Invoking command in '/home/amin/cobot/cobot_ws/src/mycobot_ros2/mycobot_280/mycobot_280_rdkx5': AMENT_PREFIX_PATH=/home/amin/cobot/cobot_ws/install/mycobot_communication:/home/amin/cobot/cobot_ws/install/mycobot_description:/home/amin/cobot/cobot_ws/install/ultraarm:/home/amin/cobot/cobot_ws/install/pro450_moveit2_control:/home/amin/cobot/cobot_ws/install/pro450_moveit2:/home/amin/cobot/cobot_ws/install/mypalletizer_communication:/home/amin/cobot/cobot_ws/install/mypalletizer_interfaces:/home/amin/cobot/cobot_ws/install/mypalletizer_260_pi:/home/amin/cobot/cobot_ws/install/mypalletizer_260:/home/amin/cobot/cobot_ws/install/mycobot_pro_450:/home/amin/cobot/cobot_ws/install/mycobot_pro450_interfaces:/home/amin/cobot/cobot_ws/install/myarm_m750:/home/amin/cobot/cobot_ws/install/myarm_c650:/home/amin/cobot/cobot_ws/install/mecharm_communication:/home/amin/cobot/cobot_ws/install/mycobot_interfaces:/home/amin/cobot/cobot_ws/install/mycobot_630:/home/amin/cobot/cobot_ws/install/mycobot_600:/home/amin/cobot/cobot_ws/install/mycobot_320pi:/home/amin/cobot/cobot_ws/install/mycobot_320_riscv:/home/amin/cobot/cobot_ws/install/mycobot_320:/home/amin/cobot/cobot_ws/install/mycobot_280rdkx5_moveit2:/home/amin/cobot/cobot_ws/install/mycobot_280pi:/home/amin/cobot/cobot_ws/install/mycobot_280jn:/home/amin/cobot/cobot_ws/install/mycobot_280arduino_moveit2:/home/amin/cobot/cobot_ws/install/mycobot_280_x3pi:/home/amin/cobot/cobot_ws/install/mycobot_280_riscv:/home/amin/cobot/cobot_ws/install/mycobot_280_rdkx5:/home/amin/cobot/cobot_ws/install/mycobot_280_moveit2_control:/home/amin/cobot/cobot_ws/install/mycobot_280_moveit2:/home/amin/cobot/cobot_ws/install/mycobot_280_gazebo_jazzy:/home/amin/cobot/cobot_ws/install/mycobot_280_gazebo:/home/amin/cobot/cobot_ws/install/mycobot_280_arduino:/home/amin/cobot/cobot_ws/install/mycobot_280:/home/amin/cobot/cobot_ws/install/mybuddy:/home/amin/cobot/cobot_ws/install/myarm_300:/home/amin/cobot/cobot_ws/install/mecharm_pi:/home/amin/cobot/cobot_ws/install/mecharm:/home/amin/cobot/cobot_ws/install/mecharm_interfaces:/opt/ros/jazzy CMAKE_PREFIX_PATH=/home/amin/cobot/cobot_ws/install/mycobot_interfaces:/home/amin/cobot/cobot_ws/install/pro450_moveit2:/home/amin/cobot/cobot_ws/install/mypalletizer_interfaces:/home/amin/cobot/cobot_ws/install/mycobot_pro450_interfaces:/home/amin/cobot/cobot_ws/install/mycobot_280rdkx5_moveit2:/home/amin/cobot/cobot_ws/install/mycobot_280arduino_moveit2:/home/amin/cobot/cobot_ws/install/mycobot_280_moveit2:/home/amin/cobot/cobot_ws/install/mycobot_280_gazebo_jazzy:/home/amin/cobot/cobot_ws/install/mycobot_280_gazebo:/home/amin/cobot/cobot_ws/install/mecharm_interfaces:/opt/ros/jazzy/opt/gz_sim_vendor:/opt/ros/jazzy/opt/gz_sensors_vendor:/opt/ros/jazzy/opt/gz_physics_vendor:/opt/ros/jazzy/opt/sdformat_vendor:/opt/ros/jazzy/opt/gz_gui_vendor:/opt/ros/jazzy/opt/gz_transport_vendor:/opt/ros/jazzy/opt/gz_rendering_vendor:/opt/ros/jazzy/opt/gz_plugin_vendor:/opt/ros/jazzy/opt/gz_fuel_tools_vendor:/opt/ros/jazzy/opt/gz_msgs_vendor:/opt/ros/jazzy/opt/gz_common_vendor:/opt/ros/jazzy/opt/gz_math_vendor:/opt/ros/jazzy/opt/gz_utils_vendor:/opt/ros/jazzy/opt/gz_tools_vendor:/opt/ros/jazzy/opt/gz_ogre_next_vendor:/opt/ros/jazzy/opt/gz_dartsim_vendor:/opt/ros/jazzy/opt/gz_cmake_vendor DEBUGINFOD_URLS=https://debuginfod.ubuntu.com LD_LIBRARY_PATH=/home/amin/cobot/cobot_ws/install/mycobot_interfaces/lib:/home/amin/cobot/cobot_ws/install/mypalletizer_interfaces/lib:/home/amin/cobot/cobot_ws/install/mycobot_pro450_interfaces/lib:/home/amin/cobot/cobot_ws/install/mecharm_interfaces/lib:/opt/ros/jazzy/opt/gz_sim_vendor/lib:/opt/ros/jazzy/opt/gz_sensors_vendor/lib:/opt/ros/jazzy/opt/gz_physics_vendor/lib:/opt/ros/jazzy/opt/sdformat_vendor/lib:/opt/ros/jazzy/opt/rviz_ogre_vendor/lib:/opt/ros/jazzy/lib/x86_64-linux-gnu:/opt/ros/jazzy/opt/gz_gui_vendor/lib:/opt/ros/jazzy/opt/gz_transport_vendor/lib:/opt/ros/jazzy/opt/gz_rendering_vendor/lib:/opt/ros/jazzy/opt/gz_plugin_vendor/lib:/opt/ros/jazzy/opt/gz_fuel_tools_vendor/lib:/opt/ros/jazzy/opt/gz_msgs_vendor/lib:/opt/ros/jazzy/opt/gz_common_vendor/lib:/opt/ros/jazzy/opt/gz_math_vendor/lib:/opt/ros/jazzy/opt/gz_utils_vendor/lib:/opt/ros/jazzy/opt/gz_tools_vendor/lib:/opt/ros/jazzy/opt/gz_ogre_next_vendor/lib:/opt/ros/jazzy/opt/gz_dartsim_vendor/lib:/opt/ros/jazzy/opt/gz_cmake_vendor/lib:/opt/ros/jazzy/lib PYTHONPATH=/home/amin/cobot/cobot_ws/build/mycobot_280_rdkx5/prefix_override:/usr/lib/python3/dist-packages/colcon_core/task/python/colcon_distutils_commands:/home/amin/cobot/cobot_ws/install/mycobot_280_rdkx5/lib/python3.12/site-packages:/home/amin/cobot/cobot_ws/install/mycobot_communication/lib/python3.12/site-packages:/home/amin/cobot/cobot_ws/install/mycobot_interfaces/lib/python3.12/site-packages:/home/amin/cobot/cobot_ws/install/mycobot_description/lib/python3.12/site-packages:/home/amin/cobot/cobot_ws/install/ultraarm/lib/python3.12/site-packages:/home/amin/cobot/cobot_ws/install/pro450_moveit2_control/lib/python3.12/site-packages:/home/amin/cobot/cobot_ws/install/mypalletizer_communication/lib/python3.12/site-packages:/home/amin/cobot/cobot_ws/install/mypalletizer_interfaces/lib/python3.12/site-packages:/home/amin/cobot/cobot_ws/install/mypalletizer_260_pi/lib/python3.12/site-packages:/home/amin/cobot/cobot_ws/install/mypalletizer_260/lib/python3.12/site-packages:/home/amin/cobot/cobot_ws/install/mycobot_pro_450/lib/python3.12/site-packages:/home/amin/cobot/cobot_ws/install/mycobot_pro450_interfaces/lib/python3.12/site-packages:/home/amin/cobot/cobot_ws/install/myarm_m750/lib/python3.12/site-packages:/home/amin/cobot/cobot_ws/install/myarm_c650/lib/python3.12/site-packages:/home/amin/cobot/cobot_ws/install/mecharm_communication/lib/python3.12/site-packages:/home/amin/cobot/cobot_ws/install/mycobot_630/lib/python3.12/site-packages:/home/amin/cobot/cobot_ws/install/mycobot_600/lib/python3.12/site-packages:/home/amin/cobot/cobot_ws/install/mycobot_320pi/lib/python3.12/site-packages:/home/amin/cobot/cobot_ws/install/mycobot_320_riscv/lib/python3.12/site-packages:/home/amin/cobot/cobot_ws/install/mycobot_320/lib/python3.12/site-packages:/home/amin/cobot/cobot_ws/install/mycobot_280pi/lib/python3.12/site-packages:/home/amin/cobot/cobot_ws/install/mycobot_280jn/lib/python3.12/site-packages:/home/amin/cobot/cobot_ws/install/mycobot_280_x3pi/lib/python3.12/site-packages:/home/amin/cobot/cobot_ws/install/mycobot_280_riscv/lib/python3.12/site-packages:/home/amin/cobot/cobot_ws/install/mycobot_280_rdkx5/lib/python3.12/site-packages:/home/amin/cobot/cobot_ws/install/mycobot_280_moveit2_control/lib/python3.12/site-packages:/home/amin/cobot/cobot_ws/install/mycobot_280_arduino/lib/python3.12/site-packages:/home/amin/cobot/cobot_ws/install/mycobot_280/lib/python3.12/site-packages:/home/amin/cobot/cobot_ws/install/mybuddy/lib/python3.12/site-packages:/home/amin/cobot/cobot_ws/install/myarm_300/lib/python3.12/site-packages:/home/amin/cobot/cobot_ws/install/mecharm_pi/lib/python3.12/site-packages:/home/amin/cobot/cobot_ws/install/mecharm/lib/python3.12/site-packages:/home/amin/cobot/cobot_ws/install/mecharm_interfaces/lib/python3.12/site-packages:/opt/ros/jazzy/lib/python3.12/site-packages /usr/bin/python3 -W ignore:setup.py install is deprecated -W ignore:easy_install command is deprecated setup.py egg_info --egg-base ../../../../build/mycobot_280_rdkx5 build --build-base /home/amin/cobot/cobot_ws/build/mycobot_280_rdkx5/build install --record /home/amin/cobot/cobot_ws/build/mycobot_280_rdkx5/install.log --single-version-externally-managed install_data
[20.182s] DEBUG:colcon.colcon_core.event_handler.log_command:Invoking command in '/home/amin/cobot/cobot_ws/src/mycobot_ros2/myArm/myarm_m750': AMENT_PREFIX_PATH=/home/amin/cobot/cobot_ws/install/mycobot_communication:/home/amin/cobot/cobot_ws/install/mycobot_description:/home/amin/cobot/cobot_ws/install/ultraarm:/home/amin/cobot/cobot_ws/install/pro450_moveit2_control:/home/amin/cobot/cobot_ws/install/pro450_moveit2:/home/amin/cobot/cobot_ws/install/mypalletizer_communication:/home/amin/cobot/cobot_ws/install/mypalletizer_interfaces:/home/amin/cobot/cobot_ws/install/mypalletizer_260_pi:/home/amin/cobot/cobot_ws/install/mypalletizer_260:/home/amin/cobot/cobot_ws/install/mycobot_pro_450:/home/amin/cobot/cobot_ws/install/mycobot_pro450_interfaces:/home/amin/cobot/cobot_ws/install/myarm_m750:/home/amin/cobot/cobot_ws/install/myarm_c650:/home/amin/cobot/cobot_ws/install/mecharm_communication:/home/amin/cobot/cobot_ws/install/mycobot_interfaces:/home/amin/cobot/cobot_ws/install/mycobot_630:/home/amin/cobot/cobot_ws/install/mycobot_600:/home/amin/cobot/cobot_ws/install/mycobot_320pi:/home/amin/cobot/cobot_ws/install/mycobot_320_riscv:/home/amin/cobot/cobot_ws/install/mycobot_320:/home/amin/cobot/cobot_ws/install/mycobot_280rdkx5_moveit2:/home/amin/cobot/cobot_ws/install/mycobot_280pi:/home/amin/cobot/cobot_ws/install/mycobot_280jn:/home/amin/cobot/cobot_ws/install/mycobot_280arduino_moveit2:/home/amin/cobot/cobot_ws/install/mycobot_280_x3pi:/home/amin/cobot/cobot_ws/install/mycobot_280_riscv:/home/amin/cobot/cobot_ws/install/mycobot_280_rdkx5:/home/amin/cobot/cobot_ws/install/mycobot_280_moveit2_control:/home/amin/cobot/cobot_ws/install/mycobot_280_moveit2:/home/amin/cobot/cobot_ws/install/mycobot_280_gazebo_jazzy:/home/amin/cobot/cobot_ws/install/mycobot_280_gazebo:/home/amin/cobot/cobot_ws/install/mycobot_280_arduino:/home/amin/cobot/cobot_ws/install/mycobot_280:/home/amin/cobot/cobot_ws/install/mybuddy:/home/amin/cobot/cobot_ws/install/myarm_300:/home/amin/cobot/cobot_ws/install/mecharm_pi:/home/amin/cobot/cobot_ws/install/mecharm:/home/amin/cobot/cobot_ws/install/mecharm_interfaces:/opt/ros/jazzy CMAKE_PREFIX_PATH=/home/amin/cobot/cobot_ws/install/mycobot_interfaces:/home/amin/cobot/cobot_ws/install/pro450_moveit2:/home/amin/cobot/cobot_ws/install/mypalletizer_interfaces:/home/amin/cobot/cobot_ws/install/mycobot_pro450_interfaces:/home/amin/cobot/cobot_ws/install/mycobot_280rdkx5_moveit2:/home/amin/cobot/cobot_ws/install/mycobot_280arduino_moveit2:/home/amin/cobot/cobot_ws/install/mycobot_280_moveit2:/home/amin/cobot/cobot_ws/install/mycobot_280_gazebo_jazzy:/home/amin/cobot/cobot_ws/install/mycobot_280_gazebo:/home/amin/cobot/cobot_ws/install/mecharm_interfaces:/opt/ros/jazzy/opt/gz_sim_vendor:/opt/ros/jazzy/opt/gz_sensors_vendor:/opt/ros/jazzy/opt/gz_physics_vendor:/opt/ros/jazzy/opt/sdformat_vendor:/opt/ros/jazzy/opt/gz_gui_vendor:/opt/ros/jazzy/opt/gz_transport_vendor:/opt/ros/jazzy/opt/gz_rendering_vendor:/opt/ros/jazzy/opt/gz_plugin_vendor:/opt/ros/jazzy/opt/gz_fuel_tools_vendor:/opt/ros/jazzy/opt/gz_msgs_vendor:/opt/ros/jazzy/opt/gz_common_vendor:/opt/ros/jazzy/opt/gz_math_vendor:/opt/ros/jazzy/opt/gz_utils_vendor:/opt/ros/jazzy/opt/gz_tools_vendor:/opt/ros/jazzy/opt/gz_ogre_next_vendor:/opt/ros/jazzy/opt/gz_dartsim_vendor:/opt/ros/jazzy/opt/gz_cmake_vendor DEBUGINFOD_URLS=https://debuginfod.ubuntu.com LD_LIBRARY_PATH=/home/amin/cobot/cobot_ws/install/mycobot_interfaces/lib:/home/amin/cobot/cobot_ws/install/mypalletizer_interfaces/lib:/home/amin/cobot/cobot_ws/install/mycobot_pro450_interfaces/lib:/home/amin/cobot/cobot_ws/install/mecharm_interfaces/lib:/opt/ros/jazzy/opt/gz_sim_vendor/lib:/opt/ros/jazzy/opt/gz_sensors_vendor/lib:/opt/ros/jazzy/opt/gz_physics_vendor/lib:/opt/ros/jazzy/opt/sdformat_vendor/lib:/opt/ros/jazzy/opt/rviz_ogre_vendor/lib:/opt/ros/jazzy/lib/x86_64-linux-gnu:/opt/ros/jazzy/opt/gz_gui_vendor/lib:/opt/ros/jazzy/opt/gz_transport_vendor/lib:/opt/ros/jazzy/opt/gz_rendering_vendor/lib:/opt/ros/jazzy/opt/gz_plugin_vendor/lib:/opt/ros/jazzy/opt/gz_fuel_tools_vendor/lib:/opt/ros/jazzy/opt/gz_msgs_vendor/lib:/opt/ros/jazzy/opt/gz_common_vendor/lib:/opt/ros/jazzy/opt/gz_math_vendor/lib:/opt/ros/jazzy/opt/gz_utils_vendor/lib:/opt/ros/jazzy/opt/gz_tools_vendor/lib:/opt/ros/jazzy/opt/gz_ogre_next_vendor/lib:/opt/ros/jazzy/opt/gz_dartsim_vendor/lib:/opt/ros/jazzy/opt/gz_cmake_vendor/lib:/opt/ros/jazzy/lib PYTHONPATH=/home/amin/cobot/cobot_ws/build/myarm_m750/prefix_override:/usr/lib/python3/dist-packages/colcon_core/task/python/colcon_distutils_commands:/home/amin/cobot/cobot_ws/install/myarm_m750/lib/python3.12/site-packages:/home/amin/cobot/cobot_ws/install/mycobot_communication/lib/python3.12/site-packages:/home/amin/cobot/cobot_ws/install/mycobot_interfaces/lib/python3.12/site-packages:/home/amin/cobot/cobot_ws/install/mycobot_description/lib/python3.12/site-packages:/home/amin/cobot/cobot_ws/install/ultraarm/lib/python3.12/site-packages:/home/amin/cobot/cobot_ws/install/pro450_moveit2_control/lib/python3.12/site-packages:/home/amin/cobot/cobot_ws/install/mypalletizer_communication/lib/python3.12/site-packages:/home/amin/cobot/cobot_ws/install/mypalletizer_interfaces/lib/python3.12/site-packages:/home/amin/cobot/cobot_ws/install/mypalletizer_260_pi/lib/python3.12/site-packages:/home/amin/cobot/cobot_ws/install/mypalletizer_260/lib/python3.12/site-packages:/home/amin/cobot/cobot_ws/install/mycobot_pro_450/lib/python3.12/site-packages:/home/amin/cobot/cobot_ws/install/mycobot_pro450_interfaces/lib/python3.12/site-packages:/home/amin/cobot/cobot_ws/install/myarm_m750/lib/python3.12/site-packages:/home/amin/cobot/cobot_ws/install/myarm_c650/lib/python3.12/site-packages:/home/amin/cobot/cobot_ws/install/mecharm_communication/lib/python3.12/site-packages:/home/amin/cobot/cobot_ws/install/mycobot_630/lib/python3.12/site-packages:/home/amin/cobot/cobot_ws/install/mycobot_600/lib/python3.12/site-packages:/home/amin/cobot/cobot_ws/install/mycobot_320pi/lib/python3.12/site-packages:/home/amin/cobot/cobot_ws/install/mycobot_320_riscv/lib/python3.12/site-packages:/home/amin/cobot/cobot_ws/install/mycobot_320/lib/python3.12/site-packages:/home/amin/cobot/cobot_ws/install/mycobot_280pi/lib/python3.12/site-packages:/home/amin/cobot/cobot_ws/install/mycobot_280jn/lib/python3.12/site-packages:/home/amin/cobot/cobot_ws/install/mycobot_280_x3pi/lib/python3.12/site-packages:/home/amin/cobot/cobot_ws/install/mycobot_280_riscv/lib/python3.12/site-packages:/home/amin/cobot/cobot_ws/install/mycobot_280_rdkx5/lib/python3.12/site-packages:/home/amin/cobot/cobot_ws/install/mycobot_280_moveit2_control/lib/python3.12/site-packages:/home/amin/cobot/cobot_ws/install/mycobot_280_arduino/lib/python3.12/site-packages:/home/amin/cobot/cobot_ws/install/mycobot_280/lib/python3.12/site-packages:/home/amin/cobot/cobot_ws/install/mybuddy/lib/python3.12/site-packages:/home/amin/cobot/cobot_ws/install/myarm_300/lib/python3.12/site-packages:/home/amin/cobot/cobot_ws/install/mecharm_pi/lib/python3.12/site-packages:/home/amin/cobot/cobot_ws/install/mecharm/lib/python3.12/site-packages:/home/amin/cobot/cobot_ws/install/mecharm_interfaces/lib/python3.12/site-packages:/opt/ros/jazzy/lib/python3.12/site-packages /usr/bin/python3 -W ignore:setup.py install is deprecated -W ignore:easy_install command is deprecated setup.py egg_info --egg-base ../../../../build/myarm_m750 build --build-base /home/amin/cobot/cobot_ws/build/myarm_m750/build install --record /home/amin/cobot/cobot_ws/build/myarm_m750/install.log --single-version-externally-managed install_data
[20.228s] Level 1:colcon.colcon_core.environment:checking '/home/amin/cobot/cobot_ws/install/ultraarm' for CMake module files
[20.229s] Level 1:colcon.colcon_core.environment:checking '/home/amin/cobot/cobot_ws/install/ultraarm' for CMake config files
[20.230s] DEBUG:colcon.colcon_core.event_handler.log_command:Invoked command in '/home/amin/cobot/cobot_ws/src/mycobot_ros2/ultraArm/ultraarm' returned '0': AMENT_PREFIX_PATH=/home/amin/cobot/cobot_ws/install/mycobot_description:/home/amin/cobot/cobot_ws/install/ultraarm:/home/amin/cobot/cobot_ws/install/pro450_moveit2_control:/home/amin/cobot/cobot_ws/install/pro450_moveit2:/home/amin/cobot/cobot_ws/install/mypalletizer_communication:/home/amin/cobot/cobot_ws/install/mypalletizer_interfaces:/home/amin/cobot/cobot_ws/install/mypalletizer_260_pi:/home/amin/cobot/cobot_ws/install/mypalletizer_260:/home/amin/cobot/cobot_ws/install/mycobot_pro_450:/home/amin/cobot/cobot_ws/install/mycobot_pro450_interfaces:/home/amin/cobot/cobot_ws/install/myarm_m750:/home/amin/cobot/cobot_ws/install/myarm_c650:/home/amin/cobot/cobot_ws/install/mycobot_communication:/home/amin/cobot/cobot_ws/install/mecharm_communication:/home/amin/cobot/cobot_ws/install/mycobot_interfaces:/home/amin/cobot/cobot_ws/install/mycobot_630:/home/amin/cobot/cobot_ws/install/mycobot_600:/home/amin/cobot/cobot_ws/install/mycobot_320pi:/home/amin/cobot/cobot_ws/install/mycobot_320_riscv:/home/amin/cobot/cobot_ws/install/mycobot_320:/home/amin/cobot/cobot_ws/install/mycobot_280rdkx5_moveit2:/home/amin/cobot/cobot_ws/install/mycobot_280pi:/home/amin/cobot/cobot_ws/install/mycobot_280jn:/home/amin/cobot/cobot_ws/install/mycobot_280arduino_moveit2:/home/amin/cobot/cobot_ws/install/mycobot_280_x3pi:/home/amin/cobot/cobot_ws/install/mycobot_280_riscv:/home/amin/cobot/cobot_ws/install/mycobot_280_rdkx5:/home/amin/cobot/cobot_ws/install/mycobot_280_moveit2_control:/home/amin/cobot/cobot_ws/install/mycobot_280_moveit2:/home/amin/cobot/cobot_ws/install/mycobot_280_gazebo_jazzy:/home/amin/cobot/cobot_ws/install/mycobot_280_gazebo:/home/amin/cobot/cobot_ws/install/mycobot_280_arduino:/home/amin/cobot/cobot_ws/install/mycobot_280:/home/amin/cobot/cobot_ws/install/mybuddy:/home/amin/cobot/cobot_ws/install/myarm_300:/home/amin/cobot/cobot_ws/install/mecharm_pi:/home/amin/cobot/cobot_ws/install/mecharm:/home/amin/cobot/cobot_ws/install/mecharm_interfaces:/opt/ros/jazzy DEBUGINFOD_URLS=https://debuginfod.ubuntu.com PYTHONPATH=/home/amin/cobot/cobot_ws/build/ultraarm/prefix_override:/usr/lib/python3/dist-packages/colcon_core/task/python/colcon_distutils_commands:/home/amin/cobot/cobot_ws/install/ultraarm/lib/python3.12/site-packages:/home/amin/cobot/cobot_ws/install/mycobot_description/lib/python3.12/site-packages:/home/amin/cobot/cobot_ws/install/ultraarm/lib/python3.12/site-packages:/home/amin/cobot/cobot_ws/install/pro450_moveit2_control/lib/python3.12/site-packages:/home/amin/cobot/cobot_ws/install/mypalletizer_communication/lib/python3.12/site-packages:/home/amin/cobot/cobot_ws/install/mypalletizer_interfaces/lib/python3.12/site-packages:/home/amin/cobot/cobot_ws/install/mypalletizer_260_pi/lib/python3.12/site-packages:/home/amin/cobot/cobot_ws/install/mypalletizer_260/lib/python3.12/site-packages:/home/amin/cobot/cobot_ws/install/mycobot_pro_450/lib/python3.12/site-packages:/home/amin/cobot/cobot_ws/install/mycobot_pro450_interfaces/lib/python3.12/site-packages:/home/amin/cobot/cobot_ws/install/myarm_m750/lib/python3.12/site-packages:/home/amin/cobot/cobot_ws/install/myarm_c650/lib/python3.12/site-packages:/home/amin/cobot/cobot_ws/install/mycobot_communication/lib/python3.12/site-packages:/home/amin/cobot/cobot_ws/install/mecharm_communication/lib/python3.12/site-packages:/home/amin/cobot/cobot_ws/install/mycobot_interfaces/lib/python3.12/site-packages:/home/amin/cobot/cobot_ws/install/mycobot_630/lib/python3.12/site-packages:/home/amin/cobot/cobot_ws/install/mycobot_600/lib/python3.12/site-packages:/home/amin/cobot/cobot_ws/install/mycobot_320pi/lib/python3.12/site-packages:/home/amin/cobot/cobot_ws/install/mycobot_320_riscv/lib/python3.12/site-packages:/home/amin/cobot/cobot_ws/install/mycobot_320/lib/python3.12/site-packages:/home/amin/cobot/cobot_ws/install/mycobot_280pi/lib/python3.12/site-packages:/home/amin/cobot/cobot_ws/install/mycobot_280jn/lib/python3.12/site-packages:/home/amin/cobot/cobot_ws/install/mycobot_280_x3pi/lib/python3.12/site-packages:/home/amin/cobot/cobot_ws/install/mycobot_280_riscv/lib/python3.12/site-packages:/home/amin/cobot/cobot_ws/install/mycobot_280_rdkx5/lib/python3.12/site-packages:/home/amin/cobot/cobot_ws/install/mycobot_280_moveit2_control/lib/python3.12/site-packages:/home/amin/cobot/cobot_ws/install/mycobot_280_arduino/lib/python3.12/site-packages:/home/amin/cobot/cobot_ws/install/mycobot_280/lib/python3.12/site-packages:/home/amin/cobot/cobot_ws/install/mybuddy/lib/python3.12/site-packages:/home/amin/cobot/cobot_ws/install/myarm_300/lib/python3.12/site-packages:/home/amin/cobot/cobot_ws/install/mecharm_pi/lib/python3.12/site-packages:/home/amin/cobot/cobot_ws/install/mecharm/lib/python3.12/site-packages:/home/amin/cobot/cobot_ws/install/mecharm_interfaces/lib/python3.12/site-packages:/opt/ros/jazzy/lib/python3.12/site-packages /usr/bin/python3 -W ignore:setup.py install is deprecated -W ignore:easy_install command is deprecated setup.py egg_info --egg-base ../../../../build/ultraarm build --build-base /home/amin/cobot/cobot_ws/build/ultraarm/build install --record /home/amin/cobot/cobot_ws/build/ultraarm/install.log --single-version-externally-managed install_data
[20.231s] Level 1:colcon.colcon_core.environment:checking '/home/amin/cobot/cobot_ws/install/ultraarm/lib'
[20.231s] Level 1:colcon.colcon_core.environment:checking '/home/amin/cobot/cobot_ws/install/ultraarm/bin'
[20.231s] Level 1:colcon.colcon_core.environment:checking '/home/amin/cobot/cobot_ws/install/ultraarm/lib/pkgconfig/ultraarm.pc'
[20.231s] Level 1:colcon.colcon_core.environment:checking '/home/amin/cobot/cobot_ws/install/ultraarm/lib/python3.12/site-packages'
[20.231s] Level 1:colcon.colcon_core.shell:create_environment_hook('ultraarm', 'pythonpath')
[20.232s] INFO:colcon.colcon_core.shell:Creating environment hook '/home/amin/cobot/cobot_ws/install/ultraarm/share/ultraarm/hook/pythonpath.ps1'
[20.232s] INFO:colcon.colcon_core.shell:Creating environment descriptor '/home/amin/cobot/cobot_ws/install/ultraarm/share/ultraarm/hook/pythonpath.dsv'
[20.232s] INFO:colcon.colcon_core.shell:Creating environment hook '/home/amin/cobot/cobot_ws/install/ultraarm/share/ultraarm/hook/pythonpath.sh'
[20.233s] Level 1:colcon.colcon_core.environment:checking '/home/amin/cobot/cobot_ws/install/ultraarm/bin'
[20.233s] Level 1:colcon.colcon_core.environment:create_environment_scripts_only(ultraarm)
[20.234s] INFO:colcon.colcon_core.shell:Creating package script '/home/amin/cobot/cobot_ws/install/ultraarm/share/ultraarm/package.ps1'
[20.236s] INFO:colcon.colcon_core.shell:Creating package descriptor '/home/amin/cobot/cobot_ws/install/ultraarm/share/ultraarm/package.dsv'
[20.237s] INFO:colcon.colcon_core.shell:Creating package script '/home/amin/cobot/cobot_ws/install/ultraarm/share/ultraarm/package.sh'
[20.238s] INFO:colcon.colcon_core.shell:Creating package script '/home/amin/cobot/cobot_ws/install/ultraarm/share/ultraarm/package.bash'
[20.240s] INFO:colcon.colcon_core.shell:Creating package script '/home/amin/cobot/cobot_ws/install/ultraarm/share/ultraarm/package.zsh'
[20.241s] Level 1:colcon.colcon_core.environment:create_file_with_runtime_dependencies(/home/amin/cobot/cobot_ws/install/ultraarm/share/colcon-core/packages/ultraarm)
[20.724s] Level 1:colcon.colcon_core.environment:checking '/home/amin/cobot/cobot_ws/install/myarm_c650' for CMake module files
[20.725s] DEBUG:colcon.colcon_core.event_handler.log_command:Invoked command in '/home/amin/cobot/cobot_ws/src/mycobot_ros2/myArm/myarm_c650' returned '0': AMENT_PREFIX_PATH=/home/amin/cobot/cobot_ws/install/mycobot_communication:/home/amin/cobot/cobot_ws/install/mycobot_description:/home/amin/cobot/cobot_ws/install/ultraarm:/home/amin/cobot/cobot_ws/install/pro450_moveit2_control:/home/amin/cobot/cobot_ws/install/pro450_moveit2:/home/amin/cobot/cobot_ws/install/mypalletizer_communication:/home/amin/cobot/cobot_ws/install/mypalletizer_interfaces:/home/amin/cobot/cobot_ws/install/mypalletizer_260_pi:/home/amin/cobot/cobot_ws/install/mypalletizer_260:/home/amin/cobot/cobot_ws/install/mycobot_pro_450:/home/amin/cobot/cobot_ws/install/mycobot_pro450_interfaces:/home/amin/cobot/cobot_ws/install/myarm_m750:/home/amin/cobot/cobot_ws/install/myarm_c650:/home/amin/cobot/cobot_ws/install/mecharm_communication:/home/amin/cobot/cobot_ws/install/mycobot_interfaces:/home/amin/cobot/cobot_ws/install/mycobot_630:/home/amin/cobot/cobot_ws/install/mycobot_600:/home/amin/cobot/cobot_ws/install/mycobot_320pi:/home/amin/cobot/cobot_ws/install/mycobot_320_riscv:/home/amin/cobot/cobot_ws/install/mycobot_320:/home/amin/cobot/cobot_ws/install/mycobot_280rdkx5_moveit2:/home/amin/cobot/cobot_ws/install/mycobot_280pi:/home/amin/cobot/cobot_ws/install/mycobot_280jn:/home/amin/cobot/cobot_ws/install/mycobot_280arduino_moveit2:/home/amin/cobot/cobot_ws/install/mycobot_280_x3pi:/home/amin/cobot/cobot_ws/install/mycobot_280_riscv:/home/amin/cobot/cobot_ws/install/mycobot_280_rdkx5:/home/amin/cobot/cobot_ws/install/mycobot_280_moveit2_control:/home/amin/cobot/cobot_ws/install/mycobot_280_moveit2:/home/amin/cobot/cobot_ws/install/mycobot_280_gazebo_jazzy:/home/amin/cobot/cobot_ws/install/mycobot_280_gazebo:/home/amin/cobot/cobot_ws/install/mycobot_280_arduino:/home/amin/cobot/cobot_ws/install/mycobot_280:/home/amin/cobot/cobot_ws/install/mybuddy:/home/amin/cobot/cobot_ws/install/myarm_300:/home/amin/cobot/cobot_ws/install/mecharm_pi:/home/amin/cobot/cobot_ws/install/mecharm:/home/amin/cobot/cobot_ws/install/mecharm_interfaces:/opt/ros/jazzy CMAKE_PREFIX_PATH=/home/amin/cobot/cobot_ws/install/mycobot_interfaces:/home/amin/cobot/cobot_ws/install/pro450_moveit2:/home/amin/cobot/cobot_ws/install/mypalletizer_interfaces:/home/amin/cobot/cobot_ws/install/mycobot_pro450_interfaces:/home/amin/cobot/cobot_ws/install/mycobot_280rdkx5_moveit2:/home/amin/cobot/cobot_ws/install/mycobot_280arduino_moveit2:/home/amin/cobot/cobot_ws/install/mycobot_280_moveit2:/home/amin/cobot/cobot_ws/install/mycobot_280_gazebo_jazzy:/home/amin/cobot/cobot_ws/install/mycobot_280_gazebo:/home/amin/cobot/cobot_ws/install/mecharm_interfaces:/opt/ros/jazzy/opt/gz_sim_vendor:/opt/ros/jazzy/opt/gz_sensors_vendor:/opt/ros/jazzy/opt/gz_physics_vendor:/opt/ros/jazzy/opt/sdformat_vendor:/opt/ros/jazzy/opt/gz_gui_vendor:/opt/ros/jazzy/opt/gz_transport_vendor:/opt/ros/jazzy/opt/gz_rendering_vendor:/opt/ros/jazzy/opt/gz_plugin_vendor:/opt/ros/jazzy/opt/gz_fuel_tools_vendor:/opt/ros/jazzy/opt/gz_msgs_vendor:/opt/ros/jazzy/opt/gz_common_vendor:/opt/ros/jazzy/opt/gz_math_vendor:/opt/ros/jazzy/opt/gz_utils_vendor:/opt/ros/jazzy/opt/gz_tools_vendor:/opt/ros/jazzy/opt/gz_ogre_next_vendor:/opt/ros/jazzy/opt/gz_dartsim_vendor:/opt/ros/jazzy/opt/gz_cmake_vendor DEBUGINFOD_URLS=https://debuginfod.ubuntu.com LD_LIBRARY_PATH=/home/amin/cobot/cobot_ws/install/mycobot_interfaces/lib:/home/amin/cobot/cobot_ws/install/mypalletizer_interfaces/lib:/home/amin/cobot/cobot_ws/install/mycobot_pro450_interfaces/lib:/home/amin/cobot/cobot_ws/install/mecharm_interfaces/lib:/opt/ros/jazzy/opt/gz_sim_vendor/lib:/opt/ros/jazzy/opt/gz_sensors_vendor/lib:/opt/ros/jazzy/opt/gz_physics_vendor/lib:/opt/ros/jazzy/opt/sdformat_vendor/lib:/opt/ros/jazzy/opt/rviz_ogre_vendor/lib:/opt/ros/jazzy/lib/x86_64-linux-gnu:/opt/ros/jazzy/opt/gz_gui_vendor/lib:/opt/ros/jazzy/opt/gz_transport_vendor/lib:/opt/ros/jazzy/opt/gz_rendering_vendor/lib:/opt/ros/jazzy/opt/gz_plugin_vendor/lib:/opt/ros/jazzy/opt/gz_fuel_tools_vendor/lib:/opt/ros/jazzy/opt/gz_msgs_vendor/lib:/opt/ros/jazzy/opt/gz_common_vendor/lib:/opt/ros/jazzy/opt/gz_math_vendor/lib:/opt/ros/jazzy/opt/gz_utils_vendor/lib:/opt/ros/jazzy/opt/gz_tools_vendor/lib:/opt/ros/jazzy/opt/gz_ogre_next_vendor/lib:/opt/ros/jazzy/opt/gz_dartsim_vendor/lib:/opt/ros/jazzy/opt/gz_cmake_vendor/lib:/opt/ros/jazzy/lib PYTHONPATH=/home/amin/cobot/cobot_ws/build/myarm_c650/prefix_override:/usr/lib/python3/dist-packages/colcon_core/task/python/colcon_distutils_commands:/home/amin/cobot/cobot_ws/install/myarm_c650/lib/python3.12/site-packages:/home/amin/cobot/cobot_ws/install/mycobot_communication/lib/python3.12/site-packages:/home/amin/cobot/cobot_ws/install/mycobot_interfaces/lib/python3.12/site-packages:/home/amin/cobot/cobot_ws/install/mycobot_description/lib/python3.12/site-packages:/home/amin/cobot/cobot_ws/install/ultraarm/lib/python3.12/site-packages:/home/amin/cobot/cobot_ws/install/pro450_moveit2_control/lib/python3.12/site-packages:/home/amin/cobot/cobot_ws/install/mypalletizer_communication/lib/python3.12/site-packages:/home/amin/cobot/cobot_ws/install/mypalletizer_interfaces/lib/python3.12/site-packages:/home/amin/cobot/cobot_ws/install/mypalletizer_260_pi/lib/python3.12/site-packages:/home/amin/cobot/cobot_ws/install/mypalletizer_260/lib/python3.12/site-packages:/home/amin/cobot/cobot_ws/install/mycobot_pro_450/lib/python3.12/site-packages:/home/amin/cobot/cobot_ws/install/mycobot_pro450_interfaces/lib/python3.12/site-packages:/home/amin/cobot/cobot_ws/install/myarm_m750/lib/python3.12/site-packages:/home/amin/cobot/cobot_ws/install/myarm_c650/lib/python3.12/site-packages:/home/amin/cobot/cobot_ws/install/mecharm_communication/lib/python3.12/site-packages:/home/amin/cobot/cobot_ws/install/mycobot_630/lib/python3.12/site-packages:/home/amin/cobot/cobot_ws/install/mycobot_600/lib/python3.12/site-packages:/home/amin/cobot/cobot_ws/install/mycobot_320pi/lib/python3.12/site-packages:/home/amin/cobot/cobot_ws/install/mycobot_320_riscv/lib/python3.12/site-packages:/home/amin/cobot/cobot_ws/install/mycobot_320/lib/python3.12/site-packages:/home/amin/cobot/cobot_ws/install/mycobot_280pi/lib/python3.12/site-packages:/home/amin/cobot/cobot_ws/install/mycobot_280jn/lib/python3.12/site-packages:/home/amin/cobot/cobot_ws/install/mycobot_280_x3pi/lib/python3.12/site-packages:/home/amin/cobot/cobot_ws/install/mycobot_280_riscv/lib/python3.12/site-packages:/home/amin/cobot/cobot_ws/install/mycobot_280_rdkx5/lib/python3.12/site-packages:/home/amin/cobot/cobot_ws/install/mycobot_280_moveit2_control/lib/python3.12/site-packages:/home/amin/cobot/cobot_ws/install/mycobot_280_arduino/lib/python3.12/site-packages:/home/amin/cobot/cobot_ws/install/mycobot_280/lib/python3.12/site-packages:/home/amin/cobot/cobot_ws/install/mybuddy/lib/python3.12/site-packages:/home/amin/cobot/cobot_ws/install/myarm_300/lib/python3.12/site-packages:/home/amin/cobot/cobot_ws/install/mecharm_pi/lib/python3.12/site-packages:/home/amin/cobot/cobot_ws/install/mecharm/lib/python3.12/site-packages:/home/amin/cobot/cobot_ws/install/mecharm_interfaces/lib/python3.12/site-packages:/opt/ros/jazzy/lib/python3.12/site-packages /usr/bin/python3 -W ignore:setup.py install is deprecated -W ignore:easy_install command is deprecated setup.py egg_info --egg-base ../../../../build/myarm_c650 build --build-base /home/amin/cobot/cobot_ws/build/myarm_c650/build install --record /home/amin/cobot/cobot_ws/build/myarm_c650/install.log --single-version-externally-managed install_data
[20.725s] Level 1:colcon.colcon_core.environment:checking '/home/amin/cobot/cobot_ws/install/myarm_c650' for CMake config files
[20.726s] Level 1:colcon.colcon_core.environment:checking '/home/amin/cobot/cobot_ws/install/myarm_c650/lib'
[20.726s] Level 1:colcon.colcon_core.environment:checking '/home/amin/cobot/cobot_ws/install/myarm_c650/bin'
[20.726s] Level 1:colcon.colcon_core.environment:checking '/home/amin/cobot/cobot_ws/install/myarm_c650/lib/pkgconfig/myarm_c650.pc'
[20.726s] Level 1:colcon.colcon_core.environment:checking '/home/amin/cobot/cobot_ws/install/myarm_c650/lib/python3.12/site-packages'
[20.726s] Level 1:colcon.colcon_core.shell:create_environment_hook('myarm_c650', 'pythonpath')
[20.727s] INFO:colcon.colcon_core.shell:Creating environment hook '/home/amin/cobot/cobot_ws/install/myarm_c650/share/myarm_c650/hook/pythonpath.ps1'
[20.727s] INFO:colcon.colcon_core.shell:Creating environment descriptor '/home/amin/cobot/cobot_ws/install/myarm_c650/share/myarm_c650/hook/pythonpath.dsv'
[20.727s] INFO:colcon.colcon_core.shell:Creating environment hook '/home/amin/cobot/cobot_ws/install/myarm_c650/share/myarm_c650/hook/pythonpath.sh'
[20.728s] Level 1:colcon.colcon_core.environment:checking '/home/amin/cobot/cobot_ws/install/myarm_c650/bin'
[20.728s] Level 1:colcon.colcon_core.environment:create_environment_scripts_only(myarm_c650)
[20.729s] INFO:colcon.colcon_core.shell:Creating package script '/home/amin/cobot/cobot_ws/install/myarm_c650/share/myarm_c650/package.ps1'
[20.731s] INFO:colcon.colcon_core.shell:Creating package descriptor '/home/amin/cobot/cobot_ws/install/myarm_c650/share/myarm_c650/package.dsv'
[20.734s] INFO:colcon.colcon_core.shell:Creating package script '/home/amin/cobot/cobot_ws/install/myarm_c650/share/myarm_c650/package.sh'
[20.735s] INFO:colcon.colcon_core.shell:Creating package script '/home/amin/cobot/cobot_ws/install/myarm_c650/share/myarm_c650/package.bash'
[20.736s] INFO:colcon.colcon_core.shell:Creating package script '/home/amin/cobot/cobot_ws/install/myarm_c650/share/myarm_c650/package.zsh'
[20.736s] Level 1:colcon.colcon_core.environment:create_file_with_runtime_dependencies(/home/amin/cobot/cobot_ws/install/myarm_c650/share/colcon-core/packages/myarm_c650)
[21.223s] Level 1:colcon.colcon_core.environment:checking '/home/amin/cobot/cobot_ws/install/mycobot_280_rdkx5' for CMake module files
[21.225s] DEBUG:colcon.colcon_core.event_handler.log_command:Invoked command in '/home/amin/cobot/cobot_ws/src/mycobot_ros2/mycobot_280/mycobot_280_rdkx5' returned '0': AMENT_PREFIX_PATH=/home/amin/cobot/cobot_ws/install/mycobot_communication:/home/amin/cobot/cobot_ws/install/mycobot_description:/home/amin/cobot/cobot_ws/install/ultraarm:/home/amin/cobot/cobot_ws/install/pro450_moveit2_control:/home/amin/cobot/cobot_ws/install/pro450_moveit2:/home/amin/cobot/cobot_ws/install/mypalletizer_communication:/home/amin/cobot/cobot_ws/install/mypalletizer_interfaces:/home/amin/cobot/cobot_ws/install/mypalletizer_260_pi:/home/amin/cobot/cobot_ws/install/mypalletizer_260:/home/amin/cobot/cobot_ws/install/mycobot_pro_450:/home/amin/cobot/cobot_ws/install/mycobot_pro450_interfaces:/home/amin/cobot/cobot_ws/install/myarm_m750:/home/amin/cobot/cobot_ws/install/myarm_c650:/home/amin/cobot/cobot_ws/install/mecharm_communication:/home/amin/cobot/cobot_ws/install/mycobot_interfaces:/home/amin/cobot/cobot_ws/install/mycobot_630:/home/amin/cobot/cobot_ws/install/mycobot_600:/home/amin/cobot/cobot_ws/install/mycobot_320pi:/home/amin/cobot/cobot_ws/install/mycobot_320_riscv:/home/amin/cobot/cobot_ws/install/mycobot_320:/home/amin/cobot/cobot_ws/install/mycobot_280rdkx5_moveit2:/home/amin/cobot/cobot_ws/install/mycobot_280pi:/home/amin/cobot/cobot_ws/install/mycobot_280jn:/home/amin/cobot/cobot_ws/install/mycobot_280arduino_moveit2:/home/amin/cobot/cobot_ws/install/mycobot_280_x3pi:/home/amin/cobot/cobot_ws/install/mycobot_280_riscv:/home/amin/cobot/cobot_ws/install/mycobot_280_rdkx5:/home/amin/cobot/cobot_ws/install/mycobot_280_moveit2_control:/home/amin/cobot/cobot_ws/install/mycobot_280_moveit2:/home/amin/cobot/cobot_ws/install/mycobot_280_gazebo_jazzy:/home/amin/cobot/cobot_ws/install/mycobot_280_gazebo:/home/amin/cobot/cobot_ws/install/mycobot_280_arduino:/home/amin/cobot/cobot_ws/install/mycobot_280:/home/amin/cobot/cobot_ws/install/mybuddy:/home/amin/cobot/cobot_ws/install/myarm_300:/home/amin/cobot/cobot_ws/install/mecharm_pi:/home/amin/cobot/cobot_ws/install/mecharm:/home/amin/cobot/cobot_ws/install/mecharm_interfaces:/opt/ros/jazzy CMAKE_PREFIX_PATH=/home/amin/cobot/cobot_ws/install/mycobot_interfaces:/home/amin/cobot/cobot_ws/install/pro450_moveit2:/home/amin/cobot/cobot_ws/install/mypalletizer_interfaces:/home/amin/cobot/cobot_ws/install/mycobot_pro450_interfaces:/home/amin/cobot/cobot_ws/install/mycobot_280rdkx5_moveit2:/home/amin/cobot/cobot_ws/install/mycobot_280arduino_moveit2:/home/amin/cobot/cobot_ws/install/mycobot_280_moveit2:/home/amin/cobot/cobot_ws/install/mycobot_280_gazebo_jazzy:/home/amin/cobot/cobot_ws/install/mycobot_280_gazebo:/home/amin/cobot/cobot_ws/install/mecharm_interfaces:/opt/ros/jazzy/opt/gz_sim_vendor:/opt/ros/jazzy/opt/gz_sensors_vendor:/opt/ros/jazzy/opt/gz_physics_vendor:/opt/ros/jazzy/opt/sdformat_vendor:/opt/ros/jazzy/opt/gz_gui_vendor:/opt/ros/jazzy/opt/gz_transport_vendor:/opt/ros/jazzy/opt/gz_rendering_vendor:/opt/ros/jazzy/opt/gz_plugin_vendor:/opt/ros/jazzy/opt/gz_fuel_tools_vendor:/opt/ros/jazzy/opt/gz_msgs_vendor:/opt/ros/jazzy/opt/gz_common_vendor:/opt/ros/jazzy/opt/gz_math_vendor:/opt/ros/jazzy/opt/gz_utils_vendor:/opt/ros/jazzy/opt/gz_tools_vendor:/opt/ros/jazzy/opt/gz_ogre_next_vendor:/opt/ros/jazzy/opt/gz_dartsim_vendor:/opt/ros/jazzy/opt/gz_cmake_vendor DEBUGINFOD_URLS=https://debuginfod.ubuntu.com LD_LIBRARY_PATH=/home/amin/cobot/cobot_ws/install/mycobot_interfaces/lib:/home/amin/cobot/cobot_ws/install/mypalletizer_interfaces/lib:/home/amin/cobot/cobot_ws/install/mycobot_pro450_interfaces/lib:/home/amin/cobot/cobot_ws/install/mecharm_interfaces/lib:/opt/ros/jazzy/opt/gz_sim_vendor/lib:/opt/ros/jazzy/opt/gz_sensors_vendor/lib:/opt/ros/jazzy/opt/gz_physics_vendor/lib:/opt/ros/jazzy/opt/sdformat_vendor/lib:/opt/ros/jazzy/opt/rviz_ogre_vendor/lib:/opt/ros/jazzy/lib/x86_64-linux-gnu:/opt/ros/jazzy/opt/gz_gui_vendor/lib:/opt/ros/jazzy/opt/gz_transport_vendor/lib:/opt/ros/jazzy/opt/gz_rendering_vendor/lib:/opt/ros/jazzy/opt/gz_plugin_vendor/lib:/opt/ros/jazzy/opt/gz_fuel_tools_vendor/lib:/opt/ros/jazzy/opt/gz_msgs_vendor/lib:/opt/ros/jazzy/opt/gz_common_vendor/lib:/opt/ros/jazzy/opt/gz_math_vendor/lib:/opt/ros/jazzy/opt/gz_utils_vendor/lib:/opt/ros/jazzy/opt/gz_tools_vendor/lib:/opt/ros/jazzy/opt/gz_ogre_next_vendor/lib:/opt/ros/jazzy/opt/gz_dartsim_vendor/lib:/opt/ros/jazzy/opt/gz_cmake_vendor/lib:/opt/ros/jazzy/lib PYTHONPATH=/home/amin/cobot/cobot_ws/build/mycobot_280_rdkx5/prefix_override:/usr/lib/python3/dist-packages/colcon_core/task/python/colcon_distutils_commands:/home/amin/cobot/cobot_ws/install/mycobot_280_rdkx5/lib/python3.12/site-packages:/home/amin/cobot/cobot_ws/install/mycobot_communication/lib/python3.12/site-packages:/home/amin/cobot/cobot_ws/install/mycobot_interfaces/lib/python3.12/site-packages:/home/amin/cobot/cobot_ws/install/mycobot_description/lib/python3.12/site-packages:/home/amin/cobot/cobot_ws/install/ultraarm/lib/python3.12/site-packages:/home/amin/cobot/cobot_ws/install/pro450_moveit2_control/lib/python3.12/site-packages:/home/amin/cobot/cobot_ws/install/mypalletizer_communication/lib/python3.12/site-packages:/home/amin/cobot/cobot_ws/install/mypalletizer_interfaces/lib/python3.12/site-packages:/home/amin/cobot/cobot_ws/install/mypalletizer_260_pi/lib/python3.12/site-packages:/home/amin/cobot/cobot_ws/install/mypalletizer_260/lib/python3.12/site-packages:/home/amin/cobot/cobot_ws/install/mycobot_pro_450/lib/python3.12/site-packages:/home/amin/cobot/cobot_ws/install/mycobot_pro450_interfaces/lib/python3.12/site-packages:/home/amin/cobot/cobot_ws/install/myarm_m750/lib/python3.12/site-packages:/home/amin/cobot/cobot_ws/install/myarm_c650/lib/python3.12/site-packages:/home/amin/cobot/cobot_ws/install/mecharm_communication/lib/python3.12/site-packages:/home/amin/cobot/cobot_ws/install/mycobot_630/lib/python3.12/site-packages:/home/amin/cobot/cobot_ws/install/mycobot_600/lib/python3.12/site-packages:/home/amin/cobot/cobot_ws/install/mycobot_320pi/lib/python3.12/site-packages:/home/amin/cobot/cobot_ws/install/mycobot_320_riscv/lib/python3.12/site-packages:/home/amin/cobot/cobot_ws/install/mycobot_320/lib/python3.12/site-packages:/home/amin/cobot/cobot_ws/install/mycobot_280pi/lib/python3.12/site-packages:/home/amin/cobot/cobot_ws/install/mycobot_280jn/lib/python3.12/site-packages:/home/amin/cobot/cobot_ws/install/mycobot_280_x3pi/lib/python3.12/site-packages:/home/amin/cobot/cobot_ws/install/mycobot_280_riscv/lib/python3.12/site-packages:/home/amin/cobot/cobot_ws/install/mycobot_280_rdkx5/lib/python3.12/site-packages:/home/amin/cobot/cobot_ws/install/mycobot_280_moveit2_control/lib/python3.12/site-packages:/home/amin/cobot/cobot_ws/install/mycobot_280_arduino/lib/python3.12/site-packages:/home/amin/cobot/cobot_ws/install/mycobot_280/lib/python3.12/site-packages:/home/amin/cobot/cobot_ws/install/mybuddy/lib/python3.12/site-packages:/home/amin/cobot/cobot_ws/install/myarm_300/lib/python3.12/site-packages:/home/amin/cobot/cobot_ws/install/mecharm_pi/lib/python3.12/site-packages:/home/amin/cobot/cobot_ws/install/mecharm/lib/python3.12/site-packages:/home/amin/cobot/cobot_ws/install/mecharm_interfaces/lib/python3.12/site-packages:/opt/ros/jazzy/lib/python3.12/site-packages /usr/bin/python3 -W ignore:setup.py install is deprecated -W ignore:easy_install command is deprecated setup.py egg_info --egg-base ../../../../build/mycobot_280_rdkx5 build --build-base /home/amin/cobot/cobot_ws/build/mycobot_280_rdkx5/build install --record /home/amin/cobot/cobot_ws/build/mycobot_280_rdkx5/install.log --single-version-externally-managed install_data
[21.225s] Level 1:colcon.colcon_core.environment:checking '/home/amin/cobot/cobot_ws/install/mycobot_280_rdkx5' for CMake config files
[21.226s] Level 1:colcon.colcon_core.environment:checking '/home/amin/cobot/cobot_ws/install/mycobot_280_rdkx5/lib'
[21.226s] Level 1:colcon.colcon_core.environment:checking '/home/amin/cobot/cobot_ws/install/mycobot_280_rdkx5/bin'
[21.226s] Level 1:colcon.colcon_core.environment:checking '/home/amin/cobot/cobot_ws/install/mycobot_280_rdkx5/lib/pkgconfig/mycobot_280_rdkx5.pc'
[21.226s] Level 1:colcon.colcon_core.environment:checking '/home/amin/cobot/cobot_ws/install/mycobot_280_rdkx5/lib/python3.12/site-packages'
[21.226s] Level 1:colcon.colcon_core.shell:create_environment_hook('mycobot_280_rdkx5', 'pythonpath')
[21.226s] INFO:colcon.colcon_core.shell:Creating environment hook '/home/amin/cobot/cobot_ws/install/mycobot_280_rdkx5/share/mycobot_280_rdkx5/hook/pythonpath.ps1'
[21.227s] INFO:colcon.colcon_core.shell:Creating environment descriptor '/home/amin/cobot/cobot_ws/install/mycobot_280_rdkx5/share/mycobot_280_rdkx5/hook/pythonpath.dsv'
[21.228s] INFO:colcon.colcon_core.shell:Creating environment hook '/home/amin/cobot/cobot_ws/install/mycobot_280_rdkx5/share/mycobot_280_rdkx5/hook/pythonpath.sh'
[21.230s] Level 1:colcon.colcon_core.environment:checking '/home/amin/cobot/cobot_ws/install/mycobot_280_rdkx5/bin'
[21.230s] Level 1:colcon.colcon_core.environment:create_environment_scripts_only(mycobot_280_rdkx5)
[21.230s] INFO:colcon.colcon_core.shell:Creating package script '/home/amin/cobot/cobot_ws/install/mycobot_280_rdkx5/share/mycobot_280_rdkx5/package.ps1'
[21.232s] INFO:colcon.colcon_core.shell:Creating package descriptor '/home/amin/cobot/cobot_ws/install/mycobot_280_rdkx5/share/mycobot_280_rdkx5/package.dsv'
[21.234s] INFO:colcon.colcon_core.shell:Creating package script '/home/amin/cobot/cobot_ws/install/mycobot_280_rdkx5/share/mycobot_280_rdkx5/package.sh'
[21.235s] INFO:colcon.colcon_core.shell:Creating package script '/home/amin/cobot/cobot_ws/install/mycobot_280_rdkx5/share/mycobot_280_rdkx5/package.bash'
[21.236s] INFO:colcon.colcon_core.shell:Creating package script '/home/amin/cobot/cobot_ws/install/mycobot_280_rdkx5/share/mycobot_280_rdkx5/package.zsh'
[21.236s] Level 1:colcon.colcon_core.environment:create_file_with_runtime_dependencies(/home/amin/cobot/cobot_ws/install/mycobot_280_rdkx5/share/colcon-core/packages/mycobot_280_rdkx5)
[21.253s] Level 1:colcon.colcon_core.environment:checking '/home/amin/cobot/cobot_ws/install/myarm_m750' for CMake module files
[21.255s] DEBUG:colcon.colcon_core.event_handler.log_command:Invoked command in '/home/amin/cobot/cobot_ws/src/mycobot_ros2/myArm/myarm_m750' returned '0': AMENT_PREFIX_PATH=/home/amin/cobot/cobot_ws/install/mycobot_communication:/home/amin/cobot/cobot_ws/install/mycobot_description:/home/amin/cobot/cobot_ws/install/ultraarm:/home/amin/cobot/cobot_ws/install/pro450_moveit2_control:/home/amin/cobot/cobot_ws/install/pro450_moveit2:/home/amin/cobot/cobot_ws/install/mypalletizer_communication:/home/amin/cobot/cobot_ws/install/mypalletizer_interfaces:/home/amin/cobot/cobot_ws/install/mypalletizer_260_pi:/home/amin/cobot/cobot_ws/install/mypalletizer_260:/home/amin/cobot/cobot_ws/install/mycobot_pro_450:/home/amin/cobot/cobot_ws/install/mycobot_pro450_interfaces:/home/amin/cobot/cobot_ws/install/myarm_m750:/home/amin/cobot/cobot_ws/install/myarm_c650:/home/amin/cobot/cobot_ws/install/mecharm_communication:/home/amin/cobot/cobot_ws/install/mycobot_interfaces:/home/amin/cobot/cobot_ws/install/mycobot_630:/home/amin/cobot/cobot_ws/install/mycobot_600:/home/amin/cobot/cobot_ws/install/mycobot_320pi:/home/amin/cobot/cobot_ws/install/mycobot_320_riscv:/home/amin/cobot/cobot_ws/install/mycobot_320:/home/amin/cobot/cobot_ws/install/mycobot_280rdkx5_moveit2:/home/amin/cobot/cobot_ws/install/mycobot_280pi:/home/amin/cobot/cobot_ws/install/mycobot_280jn:/home/amin/cobot/cobot_ws/install/mycobot_280arduino_moveit2:/home/amin/cobot/cobot_ws/install/mycobot_280_x3pi:/home/amin/cobot/cobot_ws/install/mycobot_280_riscv:/home/amin/cobot/cobot_ws/install/mycobot_280_rdkx5:/home/amin/cobot/cobot_ws/install/mycobot_280_moveit2_control:/home/amin/cobot/cobot_ws/install/mycobot_280_moveit2:/home/amin/cobot/cobot_ws/install/mycobot_280_gazebo_jazzy:/home/amin/cobot/cobot_ws/install/mycobot_280_gazebo:/home/amin/cobot/cobot_ws/install/mycobot_280_arduino:/home/amin/cobot/cobot_ws/install/mycobot_280:/home/amin/cobot/cobot_ws/install/mybuddy:/home/amin/cobot/cobot_ws/install/myarm_300:/home/amin/cobot/cobot_ws/install/mecharm_pi:/home/amin/cobot/cobot_ws/install/mecharm:/home/amin/cobot/cobot_ws/install/mecharm_interfaces:/opt/ros/jazzy CMAKE_PREFIX_PATH=/home/amin/cobot/cobot_ws/install/mycobot_interfaces:/home/amin/cobot/cobot_ws/install/pro450_moveit2:/home/amin/cobot/cobot_ws/install/mypalletizer_interfaces:/home/amin/cobot/cobot_ws/install/mycobot_pro450_interfaces:/home/amin/cobot/cobot_ws/install/mycobot_280rdkx5_moveit2:/home/amin/cobot/cobot_ws/install/mycobot_280arduino_moveit2:/home/amin/cobot/cobot_ws/install/mycobot_280_moveit2:/home/amin/cobot/cobot_ws/install/mycobot_280_gazebo_jazzy:/home/amin/cobot/cobot_ws/install/mycobot_280_gazebo:/home/amin/cobot/cobot_ws/install/mecharm_interfaces:/opt/ros/jazzy/opt/gz_sim_vendor:/opt/ros/jazzy/opt/gz_sensors_vendor:/opt/ros/jazzy/opt/gz_physics_vendor:/opt/ros/jazzy/opt/sdformat_vendor:/opt/ros/jazzy/opt/gz_gui_vendor:/opt/ros/jazzy/opt/gz_transport_vendor:/opt/ros/jazzy/opt/gz_rendering_vendor:/opt/ros/jazzy/opt/gz_plugin_vendor:/opt/ros/jazzy/opt/gz_fuel_tools_vendor:/opt/ros/jazzy/opt/gz_msgs_vendor:/opt/ros/jazzy/opt/gz_common_vendor:/opt/ros/jazzy/opt/gz_math_vendor:/opt/ros/jazzy/opt/gz_utils_vendor:/opt/ros/jazzy/opt/gz_tools_vendor:/opt/ros/jazzy/opt/gz_ogre_next_vendor:/opt/ros/jazzy/opt/gz_dartsim_vendor:/opt/ros/jazzy/opt/gz_cmake_vendor DEBUGINFOD_URLS=https://debuginfod.ubuntu.com LD_LIBRARY_PATH=/home/amin/cobot/cobot_ws/install/mycobot_interfaces/lib:/home/amin/cobot/cobot_ws/install/mypalletizer_interfaces/lib:/home/amin/cobot/cobot_ws/install/mycobot_pro450_interfaces/lib:/home/amin/cobot/cobot_ws/install/mecharm_interfaces/lib:/opt/ros/jazzy/opt/gz_sim_vendor/lib:/opt/ros/jazzy/opt/gz_sensors_vendor/lib:/opt/ros/jazzy/opt/gz_physics_vendor/lib:/opt/ros/jazzy/opt/sdformat_vendor/lib:/opt/ros/jazzy/opt/rviz_ogre_vendor/lib:/opt/ros/jazzy/lib/x86_64-linux-gnu:/opt/ros/jazzy/opt/gz_gui_vendor/lib:/opt/ros/jazzy/opt/gz_transport_vendor/lib:/opt/ros/jazzy/opt/gz_rendering_vendor/lib:/opt/ros/jazzy/opt/gz_plugin_vendor/lib:/opt/ros/jazzy/opt/gz_fuel_tools_vendor/lib:/opt/ros/jazzy/opt/gz_msgs_vendor/lib:/opt/ros/jazzy/opt/gz_common_vendor/lib:/opt/ros/jazzy/opt/gz_math_vendor/lib:/opt/ros/jazzy/opt/gz_utils_vendor/lib:/opt/ros/jazzy/opt/gz_tools_vendor/lib:/opt/ros/jazzy/opt/gz_ogre_next_vendor/lib:/opt/ros/jazzy/opt/gz_dartsim_vendor/lib:/opt/ros/jazzy/opt/gz_cmake_vendor/lib:/opt/ros/jazzy/lib PYTHONPATH=/home/amin/cobot/cobot_ws/build/myarm_m750/prefix_override:/usr/lib/python3/dist-packages/colcon_core/task/python/colcon_distutils_commands:/home/amin/cobot/cobot_ws/install/myarm_m750/lib/python3.12/site-packages:/home/amin/cobot/cobot_ws/install/mycobot_communication/lib/python3.12/site-packages:/home/amin/cobot/cobot_ws/install/mycobot_interfaces/lib/python3.12/site-packages:/home/amin/cobot/cobot_ws/install/mycobot_description/lib/python3.12/site-packages:/home/amin/cobot/cobot_ws/install/ultraarm/lib/python3.12/site-packages:/home/amin/cobot/cobot_ws/install/pro450_moveit2_control/lib/python3.12/site-packages:/home/amin/cobot/cobot_ws/install/mypalletizer_communication/lib/python3.12/site-packages:/home/amin/cobot/cobot_ws/install/mypalletizer_interfaces/lib/python3.12/site-packages:/home/amin/cobot/cobot_ws/install/mypalletizer_260_pi/lib/python3.12/site-packages:/home/amin/cobot/cobot_ws/install/mypalletizer_260/lib/python3.12/site-packages:/home/amin/cobot/cobot_ws/install/mycobot_pro_450/lib/python3.12/site-packages:/home/amin/cobot/cobot_ws/install/mycobot_pro450_interfaces/lib/python3.12/site-packages:/home/amin/cobot/cobot_ws/install/myarm_m750/lib/python3.12/site-packages:/home/amin/cobot/cobot_ws/install/myarm_c650/lib/python3.12/site-packages:/home/amin/cobot/cobot_ws/install/mecharm_communication/lib/python3.12/site-packages:/home/amin/cobot/cobot_ws/install/mycobot_630/lib/python3.12/site-packages:/home/amin/cobot/cobot_ws/install/mycobot_600/lib/python3.12/site-packages:/home/amin/cobot/cobot_ws/install/mycobot_320pi/lib/python3.12/site-packages:/home/amin/cobot/cobot_ws/install/mycobot_320_riscv/lib/python3.12/site-packages:/home/amin/cobot/cobot_ws/install/mycobot_320/lib/python3.12/site-packages:/home/amin/cobot/cobot_ws/install/mycobot_280pi/lib/python3.12/site-packages:/home/amin/cobot/cobot_ws/install/mycobot_280jn/lib/python3.12/site-packages:/home/amin/cobot/cobot_ws/install/mycobot_280_x3pi/lib/python3.12/site-packages:/home/amin/cobot/cobot_ws/install/mycobot_280_riscv/lib/python3.12/site-packages:/home/amin/cobot/cobot_ws/install/mycobot_280_rdkx5/lib/python3.12/site-packages:/home/amin/cobot/cobot_ws/install/mycobot_280_moveit2_control/lib/python3.12/site-packages:/home/amin/cobot/cobot_ws/install/mycobot_280_arduino/lib/python3.12/site-packages:/home/amin/cobot/cobot_ws/install/mycobot_280/lib/python3.12/site-packages:/home/amin/cobot/cobot_ws/install/mybuddy/lib/python3.12/site-packages:/home/amin/cobot/cobot_ws/install/myarm_300/lib/python3.12/site-packages:/home/amin/cobot/cobot_ws/install/mecharm_pi/lib/python3.12/site-packages:/home/amin/cobot/cobot_ws/install/mecharm/lib/python3.12/site-packages:/home/amin/cobot/cobot_ws/install/mecharm_interfaces/lib/python3.12/site-packages:/opt/ros/jazzy/lib/python3.12/site-packages /usr/bin/python3 -W ignore:setup.py install is deprecated -W ignore:easy_install command is deprecated setup.py egg_info --egg-base ../../../../build/myarm_m750 build --build-base /home/amin/cobot/cobot_ws/build/myarm_m750/build install --record /home/amin/cobot/cobot_ws/build/myarm_m750/install.log --single-version-externally-managed install_data
[21.255s] Level 1:colcon.colcon_core.environment:checking '/home/amin/cobot/cobot_ws/install/myarm_m750' for CMake config files
[21.256s] Level 1:colcon.colcon_core.environment:checking '/home/amin/cobot/cobot_ws/install/myarm_m750/lib'
[21.257s] Level 1:colcon.colcon_core.environment:checking '/home/amin/cobot/cobot_ws/install/myarm_m750/bin'
[21.257s] Level 1:colcon.colcon_core.environment:checking '/home/amin/cobot/cobot_ws/install/myarm_m750/lib/pkgconfig/myarm_m750.pc'
[21.257s] Level 1:colcon.colcon_core.environment:checking '/home/amin/cobot/cobot_ws/install/myarm_m750/lib/python3.12/site-packages'
[21.257s] Level 1:colcon.colcon_core.shell:create_environment_hook('myarm_m750', 'pythonpath')
[21.258s] INFO:colcon.colcon_core.shell:Creating environment hook '/home/amin/cobot/cobot_ws/install/myarm_m750/share/myarm_m750/hook/pythonpath.ps1'
[21.258s] INFO:colcon.colcon_core.shell:Creating environment descriptor '/home/amin/cobot/cobot_ws/install/myarm_m750/share/myarm_m750/hook/pythonpath.dsv'
[21.259s] INFO:colcon.colcon_core.shell:Creating environment hook '/home/amin/cobot/cobot_ws/install/myarm_m750/share/myarm_m750/hook/pythonpath.sh'
[21.259s] Level 1:colcon.colcon_core.environment:checking '/home/amin/cobot/cobot_ws/install/myarm_m750/bin'
[21.259s] Level 1:colcon.colcon_core.environment:create_environment_scripts_only(myarm_m750)
[21.260s] INFO:colcon.colcon_core.shell:Creating package script '/home/amin/cobot/cobot_ws/install/myarm_m750/share/myarm_m750/package.ps1'
[21.260s] INFO:colcon.colcon_core.shell:Creating package descriptor '/home/amin/cobot/cobot_ws/install/myarm_m750/share/myarm_m750/package.dsv'
[21.261s] INFO:colcon.colcon_core.shell:Creating package script '/home/amin/cobot/cobot_ws/install/myarm_m750/share/myarm_m750/package.sh'
[21.262s] INFO:colcon.colcon_core.shell:Creating package script '/home/amin/cobot/cobot_ws/install/myarm_m750/share/myarm_m750/package.bash'
[21.262s] INFO:colcon.colcon_core.shell:Creating package script '/home/amin/cobot/cobot_ws/install/myarm_m750/share/myarm_m750/package.zsh'
[21.263s] Level 1:colcon.colcon_core.environment:create_file_with_runtime_dependencies(/home/amin/cobot/cobot_ws/install/myarm_m750/share/colcon-core/packages/myarm_m750)
[21.263s] DEBUG:colcon.colcon_parallel_executor.executor.parallel:closing loop
[21.264s] DEBUG:colcon.colcon_parallel_executor.executor.parallel:loop closed
[21.264s] DEBUG:colcon.colcon_parallel_executor.executor.parallel:run_until_complete finished with '0'
[21.265s] DEBUG:colcon.colcon_core.event_reactor:joining thread
[21.279s] INFO:colcon.colcon_core.plugin_system:Skipping extension 'colcon_notification.desktop_notification.terminal_notifier': Not used on non-Darwin systems
[21.279s] INFO:colcon.colcon_core.plugin_system:Skipping extension 'colcon_notification.desktop_notification.win32': Not used on non-Windows systems
[21.280s] INFO:colcon.colcon_notification.desktop_notification:Sending desktop notification using 'notify2'
[21.307s] DEBUG:colcon.colcon_core.event_reactor:joined thread
[21.308s] INFO:colcon.colcon_core.shell:Creating prefix script '/home/amin/cobot/cobot_ws/install/local_setup.ps1'
[21.311s] INFO:colcon.colcon_core.shell:Creating prefix util module '/home/amin/cobot/cobot_ws/install/_local_setup_util_ps1.py'
[21.313s] INFO:colcon.colcon_core.shell:Creating prefix chain script '/home/amin/cobot/cobot_ws/install/setup.ps1'
[21.315s] INFO:colcon.colcon_core.shell:Creating prefix script '/home/amin/cobot/cobot_ws/install/local_setup.sh'
[21.316s] INFO:colcon.colcon_core.shell:Creating prefix util module '/home/amin/cobot/cobot_ws/install/_local_setup_util_sh.py'
[21.317s] INFO:colcon.colcon_core.shell:Creating prefix chain script '/home/amin/cobot/cobot_ws/install/setup.sh'
[21.321s] INFO:colcon.colcon_core.shell:Creating prefix script '/home/amin/cobot/cobot_ws/install/local_setup.bash'
[21.323s] INFO:colcon.colcon_core.shell:Creating prefix chain script '/home/amin/cobot/cobot_ws/install/setup.bash'
[21.327s] INFO:colcon.colcon_core.shell:Creating prefix script '/home/amin/cobot/cobot_ws/install/local_setup.zsh'
[21.328s] INFO:colcon.colcon_core.shell:Creating prefix chain script '/home/amin/cobot/cobot_ws/install/setup.zsh'
