[0.074s] DEBUG:colcon:Command line arguments: ['/usr/bin/colcon', 'build']
[0.074s] DEBUG:colcon:Parsed command line arguments: Namespace(log_base=None, log_level=None, verb_name='build', build_base='build', install_base='install', merge_install=False, symlink_install=False, test_result_base=None, continue_on_error=False, executor='parallel', parallel_workers=8, event_handlers=None, ignore_user_meta=False, metas=['./colcon.meta'], base_paths=['.'], packages_ignore=None, packages_ignore_regex=None, paths=None, packages_up_to=None, packages_up_to_regex=None, packages_above=None, packages_above_and_dependencies=None, packages_above_depth=None, packages_select_by_dep=None, packages_skip_by_dep=None, packages_skip_up_to=None, packages_select_build_failed=False, packages_skip_build_finished=False, packages_select_test_failures=False, packages_skip_test_passed=False, packages_select=None, packages_skip=None, packages_select_regex=None, packages_skip_regex=None, packages_start=None, packages_end=None, allow_overriding=[], cmake_args=None, cmake_target=None, cmake_target_skip_unavailable=False, cmake_clean_cache=False, cmake_clean_first=False, cmake_force_configure=False, ament_cmake_args=None, catkin_cmake_args=None, catkin_skip_building_tests=False, mixin_files=None, mixin=None, verb_parser=<colcon_mixin.mixin.mixin_argument.MixinArgumentDecorator object at 0x7dea923d2300>, verb_extension=<colcon_core.verb.build.BuildVerb object at 0x7dea923d1af0>, main=<bound method BuildVerb.main of <colcon_core.verb.build.BuildVerb object at 0x7dea923d1af0>>, mixin_verb=('build',))
[0.099s] Level 1:colcon.colcon_core.package_discovery:discover_packages(colcon_meta) check parameters
[0.099s] Level 1:colcon.colcon_core.package_discovery:discover_packages(recursive) check parameters
[0.099s] Level 1:colcon.colcon_core.package_discovery:discover_packages(ignore) check parameters
[0.099s] Level 1:colcon.colcon_core.package_discovery:discover_packages(path) check parameters
[0.099s] Level 1:colcon.colcon_core.package_discovery:discover_packages(colcon_meta) discover
[0.099s] Level 1:colcon.colcon_core.package_discovery:discover_packages(recursive) discover
[0.099s] INFO:colcon.colcon_core.package_discovery:Crawling recursively for packages in '/home/amin/cobot/cobot_ws'
[0.099s] Level 1:colcon.colcon_core.package_identification:_identify(.) by extensions ['ignore', 'ignore_ament_install']
[0.099s] Level 1:colcon.colcon_core.package_identification:_identify(.) by extension 'ignore'
[0.099s] Level 1:colcon.colcon_core.package_identification:_identify(.) by extension 'ignore_ament_install'
[0.099s] Level 1:colcon.colcon_core.package_identification:_identify(.) by extensions ['colcon_pkg']
[0.099s] Level 1:colcon.colcon_core.package_identification:_identify(.) by extension 'colcon_pkg'
[0.099s] Level 1:colcon.colcon_core.package_identification:_identify(.) by extensions ['colcon_meta']
[0.099s] Level 1:colcon.colcon_core.package_identification:_identify(.) by extension 'colcon_meta'
[0.099s] Level 1:colcon.colcon_core.package_identification:_identify(.) by extensions ['ros']
[0.099s] Level 1:colcon.colcon_core.package_identification:_identify(.) by extension 'ros'
[0.116s] Level 1:colcon.colcon_core.package_identification:_identify(.) by extensions ['cmake', 'python']
[0.116s] Level 1:colcon.colcon_core.package_identification:_identify(.) by extension 'cmake'
[0.116s] Level 1:colcon.colcon_core.package_identification:_identify(.) by extension 'python'
[0.116s] Level 1:colcon.colcon_core.package_identification:_identify(.) by extensions ['python_setup_py']
[0.116s] Level 1:colcon.colcon_core.package_identification:_identify(.) by extension 'python_setup_py'
[0.116s] Level 1:colcon.colcon_core.package_identification:_identify(build) by extensions ['ignore', 'ignore_ament_install']
[0.116s] Level 1:colcon.colcon_core.package_identification:_identify(build) by extension 'ignore'
[0.116s] Level 1:colcon.colcon_core.package_identification:_identify(build) ignored
[0.116s] Level 1:colcon.colcon_core.package_identification:_identify(install) by extensions ['ignore', 'ignore_ament_install']
[0.117s] Level 1:colcon.colcon_core.package_identification:_identify(install) by extension 'ignore'
[0.117s] Level 1:colcon.colcon_core.package_identification:_identify(install) ignored
[0.117s] Level 1:colcon.colcon_core.package_identification:_identify(log) by extensions ['ignore', 'ignore_ament_install']
[0.117s] Level 1:colcon.colcon_core.package_identification:_identify(log) by extension 'ignore'
[0.117s] Level 1:colcon.colcon_core.package_identification:_identify(log) ignored
[0.117s] Level 1:colcon.colcon_core.package_identification:_identify(src) by extensions ['ignore', 'ignore_ament_install']
[0.117s] Level 1:colcon.colcon_core.package_identification:_identify(src) by extension 'ignore'
[0.117s] Level 1:colcon.colcon_core.package_identification:_identify(src) by extension 'ignore_ament_install'
[0.117s] Level 1:colcon.colcon_core.package_identification:_identify(src) by extensions ['colcon_pkg']
[0.117s] Level 1:colcon.colcon_core.package_identification:_identify(src) by extension 'colcon_pkg'
[0.117s] Level 1:colcon.colcon_core.package_identification:_identify(src) by extensions ['colcon_meta']
[0.117s] Level 1:colcon.colcon_core.package_identification:_identify(src) by extension 'colcon_meta'
[0.117s] Level 1:colcon.colcon_core.package_identification:_identify(src) by extensions ['ros']
[0.117s] Level 1:colcon.colcon_core.package_identification:_identify(src) by extension 'ros'
[0.117s] Level 1:colcon.colcon_core.package_identification:_identify(src) by extensions ['cmake', 'python']
[0.117s] Level 1:colcon.colcon_core.package_identification:_identify(src) by extension 'cmake'
[0.117s] Level 1:colcon.colcon_core.package_identification:_identify(src) by extension 'python'
[0.117s] Level 1:colcon.colcon_core.package_identification:_identify(src) by extensions ['python_setup_py']
[0.117s] Level 1:colcon.colcon_core.package_identification:_identify(src) by extension 'python_setup_py'
[0.117s] Level 1:colcon.colcon_core.package_identification:_identify(src/mycobot_ros2) by extensions ['ignore', 'ignore_ament_install']
[0.117s] Level 1:colcon.colcon_core.package_identification:_identify(src/mycobot_ros2) by extension 'ignore'
[0.117s] Level 1:colcon.colcon_core.package_identification:_identify(src/mycobot_ros2) by extension 'ignore_ament_install'
[0.117s] Level 1:colcon.colcon_core.package_identification:_identify(src/mycobot_ros2) by extensions ['colcon_pkg']
[0.117s] Level 1:colcon.colcon_core.package_identification:_identify(src/mycobot_ros2) by extension 'colcon_pkg'
[0.117s] Level 1:colcon.colcon_core.package_identification:_identify(src/mycobot_ros2) by extensions ['colcon_meta']
[0.117s] Level 1:colcon.colcon_core.package_identification:_identify(src/mycobot_ros2) by extension 'colcon_meta'
[0.117s] Level 1:colcon.colcon_core.package_identification:_identify(src/mycobot_ros2) by extensions ['ros']
[0.117s] Level 1:colcon.colcon_core.package_identification:_identify(src/mycobot_ros2) by extension 'ros'
[0.118s] Level 1:colcon.colcon_core.package_identification:_identify(src/mycobot_ros2) by extensions ['cmake', 'python']
[0.118s] Level 1:colcon.colcon_core.package_identification:_identify(src/mycobot_ros2) by extension 'cmake'
[0.118s] Level 1:colcon.colcon_core.package_identification:_identify(src/mycobot_ros2) by extension 'python'
[0.118s] Level 1:colcon.colcon_core.package_identification:_identify(src/mycobot_ros2) by extensions ['python_setup_py']
[0.118s] Level 1:colcon.colcon_core.package_identification:_identify(src/mycobot_ros2) by extension 'python_setup_py'
[0.118s] Level 1:colcon.colcon_core.package_identification:_identify(src/mycobot_ros2/Mybuddy) by extensions ['ignore', 'ignore_ament_install']
[0.118s] Level 1:colcon.colcon_core.package_identification:_identify(src/mycobot_ros2/Mybuddy) by extension 'ignore'
[0.118s] Level 1:colcon.colcon_core.package_identification:_identify(src/mycobot_ros2/Mybuddy) by extension 'ignore_ament_install'
[0.118s] Level 1:colcon.colcon_core.package_identification:_identify(src/mycobot_ros2/Mybuddy) by extensions ['colcon_pkg']
[0.118s] Level 1:colcon.colcon_core.package_identification:_identify(src/mycobot_ros2/Mybuddy) by extension 'colcon_pkg'
[0.118s] Level 1:colcon.colcon_core.package_identification:_identify(src/mycobot_ros2/Mybuddy) by extensions ['colcon_meta']
[0.118s] Level 1:colcon.colcon_core.package_identification:_identify(src/mycobot_ros2/Mybuddy) by extension 'colcon_meta'
[0.118s] Level 1:colcon.colcon_core.package_identification:_identify(src/mycobot_ros2/Mybuddy) by extensions ['ros']
[0.118s] Level 1:colcon.colcon_core.package_identification:_identify(src/mycobot_ros2/Mybuddy) by extension 'ros'
[0.118s] Level 1:colcon.colcon_core.package_identification:_identify(src/mycobot_ros2/Mybuddy) by extensions ['cmake', 'python']
[0.118s] Level 1:colcon.colcon_core.package_identification:_identify(src/mycobot_ros2/Mybuddy) by extension 'cmake'
[0.118s] Level 1:colcon.colcon_core.package_identification:_identify(src/mycobot_ros2/Mybuddy) by extension 'python'
[0.118s] Level 1:colcon.colcon_core.package_identification:_identify(src/mycobot_ros2/Mybuddy) by extensions ['python_setup_py']
[0.118s] Level 1:colcon.colcon_core.package_identification:_identify(src/mycobot_ros2/Mybuddy) by extension 'python_setup_py'
[0.118s] Level 1:colcon.colcon_core.package_identification:_identify(src/mycobot_ros2/Mybuddy/mybuddy) by extensions ['ignore', 'ignore_ament_install']
[0.118s] Level 1:colcon.colcon_core.package_identification:_identify(src/mycobot_ros2/Mybuddy/mybuddy) by extension 'ignore'
[0.118s] Level 1:colcon.colcon_core.package_identification:_identify(src/mycobot_ros2/Mybuddy/mybuddy) by extension 'ignore_ament_install'
[0.118s] Level 1:colcon.colcon_core.package_identification:_identify(src/mycobot_ros2/Mybuddy/mybuddy) by extensions ['colcon_pkg']
[0.118s] Level 1:colcon.colcon_core.package_identification:_identify(src/mycobot_ros2/Mybuddy/mybuddy) by extension 'colcon_pkg'
[0.118s] Level 1:colcon.colcon_core.package_identification:_identify(src/mycobot_ros2/Mybuddy/mybuddy) by extensions ['colcon_meta']
[0.118s] Level 1:colcon.colcon_core.package_identification:_identify(src/mycobot_ros2/Mybuddy/mybuddy) by extension 'colcon_meta'
[0.118s] Level 1:colcon.colcon_core.package_identification:_identify(src/mycobot_ros2/Mybuddy/mybuddy) by extensions ['ros']
[0.118s] Level 1:colcon.colcon_core.package_identification:_identify(src/mycobot_ros2/Mybuddy/mybuddy) by extension 'ros'
[0.120s] DEBUG:colcon.colcon_core.package_identification:Package 'src/mycobot_ros2/Mybuddy/mybuddy' with type 'ros.ament_python' and name 'mybuddy'
[0.120s] Level 1:colcon.colcon_core.package_identification:_identify(src/mycobot_ros2/demo_img) by extensions ['ignore', 'ignore_ament_install']
[0.120s] Level 1:colcon.colcon_core.package_identification:_identify(src/mycobot_ros2/demo_img) by extension 'ignore'
[0.120s] Level 1:colcon.colcon_core.package_identification:_identify(src/mycobot_ros2/demo_img) by extension 'ignore_ament_install'
[0.120s] Level 1:colcon.colcon_core.package_identification:_identify(src/mycobot_ros2/demo_img) by extensions ['colcon_pkg']
[0.120s] Level 1:colcon.colcon_core.package_identification:_identify(src/mycobot_ros2/demo_img) by extension 'colcon_pkg'
[0.120s] Level 1:colcon.colcon_core.package_identification:_identify(src/mycobot_ros2/demo_img) by extensions ['colcon_meta']
[0.120s] Level 1:colcon.colcon_core.package_identification:_identify(src/mycobot_ros2/demo_img) by extension 'colcon_meta'
[0.120s] Level 1:colcon.colcon_core.package_identification:_identify(src/mycobot_ros2/demo_img) by extensions ['ros']
[0.120s] Level 1:colcon.colcon_core.package_identification:_identify(src/mycobot_ros2/demo_img) by extension 'ros'
[0.120s] Level 1:colcon.colcon_core.package_identification:_identify(src/mycobot_ros2/demo_img) by extensions ['cmake', 'python']
[0.120s] Level 1:colcon.colcon_core.package_identification:_identify(src/mycobot_ros2/demo_img) by extension 'cmake'
[0.120s] Level 1:colcon.colcon_core.package_identification:_identify(src/mycobot_ros2/demo_img) by extension 'python'
[0.120s] Level 1:colcon.colcon_core.package_identification:_identify(src/mycobot_ros2/demo_img) by extensions ['python_setup_py']
[0.120s] Level 1:colcon.colcon_core.package_identification:_identify(src/mycobot_ros2/demo_img) by extension 'python_setup_py'
[0.121s] Level 1:colcon.colcon_core.package_identification:_identify(src/mycobot_ros2/demo_img/260m5) by extensions ['ignore', 'ignore_ament_install']
[0.121s] Level 1:colcon.colcon_core.package_identification:_identify(src/mycobot_ros2/demo_img/260m5) by extension 'ignore'
[0.121s] Level 1:colcon.colcon_core.package_identification:_identify(src/mycobot_ros2/demo_img/260m5) by extension 'ignore_ament_install'
[0.121s] Level 1:colcon.colcon_core.package_identification:_identify(src/mycobot_ros2/demo_img/260m5) by extensions ['colcon_pkg']
[0.121s] Level 1:colcon.colcon_core.package_identification:_identify(src/mycobot_ros2/demo_img/260m5) by extension 'colcon_pkg'
[0.121s] Level 1:colcon.colcon_core.package_identification:_identify(src/mycobot_ros2/demo_img/260m5) by extensions ['colcon_meta']
[0.121s] Level 1:colcon.colcon_core.package_identification:_identify(src/mycobot_ros2/demo_img/260m5) by extension 'colcon_meta'
[0.121s] Level 1:colcon.colcon_core.package_identification:_identify(src/mycobot_ros2/demo_img/260m5) by extensions ['ros']
[0.121s] Level 1:colcon.colcon_core.package_identification:_identify(src/mycobot_ros2/demo_img/260m5) by extension 'ros'
[0.121s] Level 1:colcon.colcon_core.package_identification:_identify(src/mycobot_ros2/demo_img/260m5) by extensions ['cmake', 'python']
[0.121s] Level 1:colcon.colcon_core.package_identification:_identify(src/mycobot_ros2/demo_img/260m5) by extension 'cmake'
[0.121s] Level 1:colcon.colcon_core.package_identification:_identify(src/mycobot_ros2/demo_img/260m5) by extension 'python'
[0.121s] Level 1:colcon.colcon_core.package_identification:_identify(src/mycobot_ros2/demo_img/260m5) by extensions ['python_setup_py']
[0.121s] Level 1:colcon.colcon_core.package_identification:_identify(src/mycobot_ros2/demo_img/260m5) by extension 'python_setup_py'
[0.121s] Level 1:colcon.colcon_core.package_identification:_identify(src/mycobot_ros2/demo_img/260pi) by extensions ['ignore', 'ignore_ament_install']
[0.121s] Level 1:colcon.colcon_core.package_identification:_identify(src/mycobot_ros2/demo_img/260pi) by extension 'ignore'
[0.121s] Level 1:colcon.colcon_core.package_identification:_identify(src/mycobot_ros2/demo_img/260pi) by extension 'ignore_ament_install'
[0.121s] Level 1:colcon.colcon_core.package_identification:_identify(src/mycobot_ros2/demo_img/260pi) by extensions ['colcon_pkg']
[0.121s] Level 1:colcon.colcon_core.package_identification:_identify(src/mycobot_ros2/demo_img/260pi) by extension 'colcon_pkg'
[0.121s] Level 1:colcon.colcon_core.package_identification:_identify(src/mycobot_ros2/demo_img/260pi) by extensions ['colcon_meta']
[0.121s] Level 1:colcon.colcon_core.package_identification:_identify(src/mycobot_ros2/demo_img/260pi) by extension 'colcon_meta'
[0.121s] Level 1:colcon.colcon_core.package_identification:_identify(src/mycobot_ros2/demo_img/260pi) by extensions ['ros']
[0.121s] Level 1:colcon.colcon_core.package_identification:_identify(src/mycobot_ros2/demo_img/260pi) by extension 'ros'
[0.121s] Level 1:colcon.colcon_core.package_identification:_identify(src/mycobot_ros2/demo_img/260pi) by extensions ['cmake', 'python']
[0.121s] Level 1:colcon.colcon_core.package_identification:_identify(src/mycobot_ros2/demo_img/260pi) by extension 'cmake'
[0.121s] Level 1:colcon.colcon_core.package_identification:_identify(src/mycobot_ros2/demo_img/260pi) by extension 'python'
[0.121s] Level 1:colcon.colcon_core.package_identification:_identify(src/mycobot_ros2/demo_img/260pi) by extensions ['python_setup_py']
[0.121s] Level 1:colcon.colcon_core.package_identification:_identify(src/mycobot_ros2/demo_img/260pi) by extension 'python_setup_py'
[0.121s] Level 1:colcon.colcon_core.package_identification:_identify(src/mycobot_ros2/demo_img/270m5) by extensions ['ignore', 'ignore_ament_install']
[0.121s] Level 1:colcon.colcon_core.package_identification:_identify(src/mycobot_ros2/demo_img/270m5) by extension 'ignore'
[0.122s] Level 1:colcon.colcon_core.package_identification:_identify(src/mycobot_ros2/demo_img/270m5) by extension 'ignore_ament_install'
[0.122s] Level 1:colcon.colcon_core.package_identification:_identify(src/mycobot_ros2/demo_img/270m5) by extensions ['colcon_pkg']
[0.122s] Level 1:colcon.colcon_core.package_identification:_identify(src/mycobot_ros2/demo_img/270m5) by extension 'colcon_pkg'
[0.122s] Level 1:colcon.colcon_core.package_identification:_identify(src/mycobot_ros2/demo_img/270m5) by extensions ['colcon_meta']
[0.122s] Level 1:colcon.colcon_core.package_identification:_identify(src/mycobot_ros2/demo_img/270m5) by extension 'colcon_meta'
[0.122s] Level 1:colcon.colcon_core.package_identification:_identify(src/mycobot_ros2/demo_img/270m5) by extensions ['ros']
[0.122s] Level 1:colcon.colcon_core.package_identification:_identify(src/mycobot_ros2/demo_img/270m5) by extension 'ros'
[0.122s] Level 1:colcon.colcon_core.package_identification:_identify(src/mycobot_ros2/demo_img/270m5) by extensions ['cmake', 'python']
[0.122s] Level 1:colcon.colcon_core.package_identification:_identify(src/mycobot_ros2/demo_img/270m5) by extension 'cmake'
[0.122s] Level 1:colcon.colcon_core.package_identification:_identify(src/mycobot_ros2/demo_img/270m5) by extension 'python'
[0.122s] Level 1:colcon.colcon_core.package_identification:_identify(src/mycobot_ros2/demo_img/270m5) by extensions ['python_setup_py']
[0.122s] Level 1:colcon.colcon_core.package_identification:_identify(src/mycobot_ros2/demo_img/270m5) by extension 'python_setup_py'
[0.122s] Level 1:colcon.colcon_core.package_identification:_identify(src/mycobot_ros2/demo_img/270pi) by extensions ['ignore', 'ignore_ament_install']
[0.122s] Level 1:colcon.colcon_core.package_identification:_identify(src/mycobot_ros2/demo_img/270pi) by extension 'ignore'
[0.122s] Level 1:colcon.colcon_core.package_identification:_identify(src/mycobot_ros2/demo_img/270pi) by extension 'ignore_ament_install'
[0.122s] Level 1:colcon.colcon_core.package_identification:_identify(src/mycobot_ros2/demo_img/270pi) by extensions ['colcon_pkg']
[0.122s] Level 1:colcon.colcon_core.package_identification:_identify(src/mycobot_ros2/demo_img/270pi) by extension 'colcon_pkg'
[0.122s] Level 1:colcon.colcon_core.package_identification:_identify(src/mycobot_ros2/demo_img/270pi) by extensions ['colcon_meta']
[0.122s] Level 1:colcon.colcon_core.package_identification:_identify(src/mycobot_ros2/demo_img/270pi) by extension 'colcon_meta'
[0.122s] Level 1:colcon.colcon_core.package_identification:_identify(src/mycobot_ros2/demo_img/270pi) by extensions ['ros']
[0.122s] Level 1:colcon.colcon_core.package_identification:_identify(src/mycobot_ros2/demo_img/270pi) by extension 'ros'
[0.122s] Level 1:colcon.colcon_core.package_identification:_identify(src/mycobot_ros2/demo_img/270pi) by extensions ['cmake', 'python']
[0.122s] Level 1:colcon.colcon_core.package_identification:_identify(src/mycobot_ros2/demo_img/270pi) by extension 'cmake'
[0.122s] Level 1:colcon.colcon_core.package_identification:_identify(src/mycobot_ros2/demo_img/270pi) by extension 'python'
[0.122s] Level 1:colcon.colcon_core.package_identification:_identify(src/mycobot_ros2/demo_img/270pi) by extensions ['python_setup_py']
[0.122s] Level 1:colcon.colcon_core.package_identification:_identify(src/mycobot_ros2/demo_img/270pi) by extension 'python_setup_py'
[0.122s] Level 1:colcon.colcon_core.package_identification:_identify(src/mycobot_ros2/demo_img/280ar) by extensions ['ignore', 'ignore_ament_install']
[0.122s] Level 1:colcon.colcon_core.package_identification:_identify(src/mycobot_ros2/demo_img/280ar) by extension 'ignore'
[0.122s] Level 1:colcon.colcon_core.package_identification:_identify(src/mycobot_ros2/demo_img/280ar) by extension 'ignore_ament_install'
[0.122s] Level 1:colcon.colcon_core.package_identification:_identify(src/mycobot_ros2/demo_img/280ar) by extensions ['colcon_pkg']
[0.122s] Level 1:colcon.colcon_core.package_identification:_identify(src/mycobot_ros2/demo_img/280ar) by extension 'colcon_pkg'
[0.122s] Level 1:colcon.colcon_core.package_identification:_identify(src/mycobot_ros2/demo_img/280ar) by extensions ['colcon_meta']
[0.122s] Level 1:colcon.colcon_core.package_identification:_identify(src/mycobot_ros2/demo_img/280ar) by extension 'colcon_meta'
[0.122s] Level 1:colcon.colcon_core.package_identification:_identify(src/mycobot_ros2/demo_img/280ar) by extensions ['ros']
[0.123s] Level 1:colcon.colcon_core.package_identification:_identify(src/mycobot_ros2/demo_img/280ar) by extension 'ros'
[0.123s] Level 1:colcon.colcon_core.package_identification:_identify(src/mycobot_ros2/demo_img/280ar) by extensions ['cmake', 'python']
[0.123s] Level 1:colcon.colcon_core.package_identification:_identify(src/mycobot_ros2/demo_img/280ar) by extension 'cmake'
[0.123s] Level 1:colcon.colcon_core.package_identification:_identify(src/mycobot_ros2/demo_img/280ar) by extension 'python'
[0.123s] Level 1:colcon.colcon_core.package_identification:_identify(src/mycobot_ros2/demo_img/280ar) by extensions ['python_setup_py']
[0.123s] Level 1:colcon.colcon_core.package_identification:_identify(src/mycobot_ros2/demo_img/280ar) by extension 'python_setup_py'
[0.123s] Level 1:colcon.colcon_core.package_identification:_identify(src/mycobot_ros2/demo_img/280jn) by extensions ['ignore', 'ignore_ament_install']
[0.123s] Level 1:colcon.colcon_core.package_identification:_identify(src/mycobot_ros2/demo_img/280jn) by extension 'ignore'
[0.123s] Level 1:colcon.colcon_core.package_identification:_identify(src/mycobot_ros2/demo_img/280jn) by extension 'ignore_ament_install'
[0.123s] Level 1:colcon.colcon_core.package_identification:_identify(src/mycobot_ros2/demo_img/280jn) by extensions ['colcon_pkg']
[0.123s] Level 1:colcon.colcon_core.package_identification:_identify(src/mycobot_ros2/demo_img/280jn) by extension 'colcon_pkg'
[0.123s] Level 1:colcon.colcon_core.package_identification:_identify(src/mycobot_ros2/demo_img/280jn) by extensions ['colcon_meta']
[0.123s] Level 1:colcon.colcon_core.package_identification:_identify(src/mycobot_ros2/demo_img/280jn) by extension 'colcon_meta'
[0.123s] Level 1:colcon.colcon_core.package_identification:_identify(src/mycobot_ros2/demo_img/280jn) by extensions ['ros']
[0.123s] Level 1:colcon.colcon_core.package_identification:_identify(src/mycobot_ros2/demo_img/280jn) by extension 'ros'
[0.123s] Level 1:colcon.colcon_core.package_identification:_identify(src/mycobot_ros2/demo_img/280jn) by extensions ['cmake', 'python']
[0.123s] Level 1:colcon.colcon_core.package_identification:_identify(src/mycobot_ros2/demo_img/280jn) by extension 'cmake'
[0.123s] Level 1:colcon.colcon_core.package_identification:_identify(src/mycobot_ros2/demo_img/280jn) by extension 'python'
[0.123s] Level 1:colcon.colcon_core.package_identification:_identify(src/mycobot_ros2/demo_img/280jn) by extensions ['python_setup_py']
[0.123s] Level 1:colcon.colcon_core.package_identification:_identify(src/mycobot_ros2/demo_img/280jn) by extension 'python_setup_py'
[0.123s] Level 1:colcon.colcon_core.package_identification:_identify(src/mycobot_ros2/demo_img/280m5) by extensions ['ignore', 'ignore_ament_install']
[0.123s] Level 1:colcon.colcon_core.package_identification:_identify(src/mycobot_ros2/demo_img/280m5) by extension 'ignore'
[0.123s] Level 1:colcon.colcon_core.package_identification:_identify(src/mycobot_ros2/demo_img/280m5) by extension 'ignore_ament_install'
[0.123s] Level 1:colcon.colcon_core.package_identification:_identify(src/mycobot_ros2/demo_img/280m5) by extensions ['colcon_pkg']
[0.123s] Level 1:colcon.colcon_core.package_identification:_identify(src/mycobot_ros2/demo_img/280m5) by extension 'colcon_pkg'
[0.123s] Level 1:colcon.colcon_core.package_identification:_identify(src/mycobot_ros2/demo_img/280m5) by extensions ['colcon_meta']
[0.123s] Level 1:colcon.colcon_core.package_identification:_identify(src/mycobot_ros2/demo_img/280m5) by extension 'colcon_meta'
[0.123s] Level 1:colcon.colcon_core.package_identification:_identify(src/mycobot_ros2/demo_img/280m5) by extensions ['ros']
[0.123s] Level 1:colcon.colcon_core.package_identification:_identify(src/mycobot_ros2/demo_img/280m5) by extension 'ros'
[0.123s] Level 1:colcon.colcon_core.package_identification:_identify(src/mycobot_ros2/demo_img/280m5) by extensions ['cmake', 'python']
[0.123s] Level 1:colcon.colcon_core.package_identification:_identify(src/mycobot_ros2/demo_img/280m5) by extension 'cmake'
[0.123s] Level 1:colcon.colcon_core.package_identification:_identify(src/mycobot_ros2/demo_img/280m5) by extension 'python'
[0.123s] Level 1:colcon.colcon_core.package_identification:_identify(src/mycobot_ros2/demo_img/280m5) by extensions ['python_setup_py']
[0.124s] Level 1:colcon.colcon_core.package_identification:_identify(src/mycobot_ros2/demo_img/280m5) by extension 'python_setup_py'
[0.124s] Level 1:colcon.colcon_core.package_identification:_identify(src/mycobot_ros2/demo_img/280pi) by extensions ['ignore', 'ignore_ament_install']
[0.124s] Level 1:colcon.colcon_core.package_identification:_identify(src/mycobot_ros2/demo_img/280pi) by extension 'ignore'
[0.124s] Level 1:colcon.colcon_core.package_identification:_identify(src/mycobot_ros2/demo_img/280pi) by extension 'ignore_ament_install'
[0.124s] Level 1:colcon.colcon_core.package_identification:_identify(src/mycobot_ros2/demo_img/280pi) by extensions ['colcon_pkg']
[0.124s] Level 1:colcon.colcon_core.package_identification:_identify(src/mycobot_ros2/demo_img/280pi) by extension 'colcon_pkg'
[0.124s] Level 1:colcon.colcon_core.package_identification:_identify(src/mycobot_ros2/demo_img/280pi) by extensions ['colcon_meta']
[0.124s] Level 1:colcon.colcon_core.package_identification:_identify(src/mycobot_ros2/demo_img/280pi) by extension 'colcon_meta'
[0.124s] Level 1:colcon.colcon_core.package_identification:_identify(src/mycobot_ros2/demo_img/280pi) by extensions ['ros']
[0.124s] Level 1:colcon.colcon_core.package_identification:_identify(src/mycobot_ros2/demo_img/280pi) by extension 'ros'
[0.124s] Level 1:colcon.colcon_core.package_identification:_identify(src/mycobot_ros2/demo_img/280pi) by extensions ['cmake', 'python']
[0.124s] Level 1:colcon.colcon_core.package_identification:_identify(src/mycobot_ros2/demo_img/280pi) by extension 'cmake'
[0.124s] Level 1:colcon.colcon_core.package_identification:_identify(src/mycobot_ros2/demo_img/280pi) by extension 'python'
[0.124s] Level 1:colcon.colcon_core.package_identification:_identify(src/mycobot_ros2/demo_img/280pi) by extensions ['python_setup_py']
[0.124s] Level 1:colcon.colcon_core.package_identification:_identify(src/mycobot_ros2/demo_img/280pi) by extension 'python_setup_py'
[0.124s] Level 1:colcon.colcon_core.package_identification:_identify(src/mycobot_ros2/demo_img/280rdkx5) by extensions ['ignore', 'ignore_ament_install']
[0.124s] Level 1:colcon.colcon_core.package_identification:_identify(src/mycobot_ros2/demo_img/280rdkx5) by extension 'ignore'
[0.124s] Level 1:colcon.colcon_core.package_identification:_identify(src/mycobot_ros2/demo_img/280rdkx5) by extension 'ignore_ament_install'
[0.124s] Level 1:colcon.colcon_core.package_identification:_identify(src/mycobot_ros2/demo_img/280rdkx5) by extensions ['colcon_pkg']
[0.124s] Level 1:colcon.colcon_core.package_identification:_identify(src/mycobot_ros2/demo_img/280rdkx5) by extension 'colcon_pkg'
[0.124s] Level 1:colcon.colcon_core.package_identification:_identify(src/mycobot_ros2/demo_img/280rdkx5) by extensions ['colcon_meta']
[0.124s] Level 1:colcon.colcon_core.package_identification:_identify(src/mycobot_ros2/demo_img/280rdkx5) by extension 'colcon_meta'
[0.124s] Level 1:colcon.colcon_core.package_identification:_identify(src/mycobot_ros2/demo_img/280rdkx5) by extensions ['ros']
[0.124s] Level 1:colcon.colcon_core.package_identification:_identify(src/mycobot_ros2/demo_img/280rdkx5) by extension 'ros'
[0.124s] Level 1:colcon.colcon_core.package_identification:_identify(src/mycobot_ros2/demo_img/280rdkx5) by extensions ['cmake', 'python']
[0.124s] Level 1:colcon.colcon_core.package_identification:_identify(src/mycobot_ros2/demo_img/280rdkx5) by extension 'cmake'
[0.124s] Level 1:colcon.colcon_core.package_identification:_identify(src/mycobot_ros2/demo_img/280rdkx5) by extension 'python'
[0.124s] Level 1:colcon.colcon_core.package_identification:_identify(src/mycobot_ros2/demo_img/280rdkx5) by extensions ['python_setup_py']
[0.124s] Level 1:colcon.colcon_core.package_identification:_identify(src/mycobot_ros2/demo_img/280rdkx5) by extension 'python_setup_py'
[0.124s] Level 1:colcon.colcon_core.package_identification:_identify(src/mycobot_ros2/demo_img/320m5_2022) by extensions ['ignore', 'ignore_ament_install']
[0.124s] Level 1:colcon.colcon_core.package_identification:_identify(src/mycobot_ros2/demo_img/320m5_2022) by extension 'ignore'
[0.125s] Level 1:colcon.colcon_core.package_identification:_identify(src/mycobot_ros2/demo_img/320m5_2022) by extension 'ignore_ament_install'
[0.125s] Level 1:colcon.colcon_core.package_identification:_identify(src/mycobot_ros2/demo_img/320m5_2022) by extensions ['colcon_pkg']
[0.125s] Level 1:colcon.colcon_core.package_identification:_identify(src/mycobot_ros2/demo_img/320m5_2022) by extension 'colcon_pkg'
[0.125s] Level 1:colcon.colcon_core.package_identification:_identify(src/mycobot_ros2/demo_img/320m5_2022) by extensions ['colcon_meta']
[0.125s] Level 1:colcon.colcon_core.package_identification:_identify(src/mycobot_ros2/demo_img/320m5_2022) by extension 'colcon_meta'
[0.125s] Level 1:colcon.colcon_core.package_identification:_identify(src/mycobot_ros2/demo_img/320m5_2022) by extensions ['ros']
[0.125s] Level 1:colcon.colcon_core.package_identification:_identify(src/mycobot_ros2/demo_img/320m5_2022) by extension 'ros'
[0.125s] Level 1:colcon.colcon_core.package_identification:_identify(src/mycobot_ros2/demo_img/320m5_2022) by extensions ['cmake', 'python']
[0.125s] Level 1:colcon.colcon_core.package_identification:_identify(src/mycobot_ros2/demo_img/320m5_2022) by extension 'cmake'
[0.125s] Level 1:colcon.colcon_core.package_identification:_identify(src/mycobot_ros2/demo_img/320m5_2022) by extension 'python'
[0.125s] Level 1:colcon.colcon_core.package_identification:_identify(src/mycobot_ros2/demo_img/320m5_2022) by extensions ['python_setup_py']
[0.125s] Level 1:colcon.colcon_core.package_identification:_identify(src/mycobot_ros2/demo_img/320m5_2022) by extension 'python_setup_py'
[0.125s] Level 1:colcon.colcon_core.package_identification:_identify(src/mycobot_ros2/demo_img/320pi_2022) by extensions ['ignore', 'ignore_ament_install']
[0.125s] Level 1:colcon.colcon_core.package_identification:_identify(src/mycobot_ros2/demo_img/320pi_2022) by extension 'ignore'
[0.125s] Level 1:colcon.colcon_core.package_identification:_identify(src/mycobot_ros2/demo_img/320pi_2022) by extension 'ignore_ament_install'
[0.125s] Level 1:colcon.colcon_core.package_identification:_identify(src/mycobot_ros2/demo_img/320pi_2022) by extensions ['colcon_pkg']
[0.125s] Level 1:colcon.colcon_core.package_identification:_identify(src/mycobot_ros2/demo_img/320pi_2022) by extension 'colcon_pkg'
[0.125s] Level 1:colcon.colcon_core.package_identification:_identify(src/mycobot_ros2/demo_img/320pi_2022) by extensions ['colcon_meta']
[0.125s] Level 1:colcon.colcon_core.package_identification:_identify(src/mycobot_ros2/demo_img/320pi_2022) by extension 'colcon_meta'
[0.125s] Level 1:colcon.colcon_core.package_identification:_identify(src/mycobot_ros2/demo_img/320pi_2022) by extensions ['ros']
[0.125s] Level 1:colcon.colcon_core.package_identification:_identify(src/mycobot_ros2/demo_img/320pi_2022) by extension 'ros'
[0.125s] Level 1:colcon.colcon_core.package_identification:_identify(src/mycobot_ros2/demo_img/320pi_2022) by extensions ['cmake', 'python']
[0.125s] Level 1:colcon.colcon_core.package_identification:_identify(src/mycobot_ros2/demo_img/320pi_2022) by extension 'cmake'
[0.125s] Level 1:colcon.colcon_core.package_identification:_identify(src/mycobot_ros2/demo_img/320pi_2022) by extension 'python'
[0.125s] Level 1:colcon.colcon_core.package_identification:_identify(src/mycobot_ros2/demo_img/320pi_2022) by extensions ['python_setup_py']
[0.125s] Level 1:colcon.colcon_core.package_identification:_identify(src/mycobot_ros2/demo_img/320pi_2022) by extension 'python_setup_py'
[0.125s] Level 1:colcon.colcon_core.package_identification:_identify(src/mycobot_ros2/demo_img/myarm300) by extensions ['ignore', 'ignore_ament_install']
[0.125s] Level 1:colcon.colcon_core.package_identification:_identify(src/mycobot_ros2/demo_img/myarm300) by extension 'ignore'
[0.125s] Level 1:colcon.colcon_core.package_identification:_identify(src/mycobot_ros2/demo_img/myarm300) by extension 'ignore_ament_install'
[0.125s] Level 1:colcon.colcon_core.package_identification:_identify(src/mycobot_ros2/demo_img/myarm300) by extensions ['colcon_pkg']
[0.125s] Level 1:colcon.colcon_core.package_identification:_identify(src/mycobot_ros2/demo_img/myarm300) by extension 'colcon_pkg'
[0.125s] Level 1:colcon.colcon_core.package_identification:_identify(src/mycobot_ros2/demo_img/myarm300) by extensions ['colcon_meta']
[0.125s] Level 1:colcon.colcon_core.package_identification:_identify(src/mycobot_ros2/demo_img/myarm300) by extension 'colcon_meta'
[0.126s] Level 1:colcon.colcon_core.package_identification:_identify(src/mycobot_ros2/demo_img/myarm300) by extensions ['ros']
[0.126s] Level 1:colcon.colcon_core.package_identification:_identify(src/mycobot_ros2/demo_img/myarm300) by extension 'ros'
[0.126s] Level 1:colcon.colcon_core.package_identification:_identify(src/mycobot_ros2/demo_img/myarm300) by extensions ['cmake', 'python']
[0.126s] Level 1:colcon.colcon_core.package_identification:_identify(src/mycobot_ros2/demo_img/myarm300) by extension 'cmake'
[0.126s] Level 1:colcon.colcon_core.package_identification:_identify(src/mycobot_ros2/demo_img/myarm300) by extension 'python'
[0.126s] Level 1:colcon.colcon_core.package_identification:_identify(src/mycobot_ros2/demo_img/myarm300) by extensions ['python_setup_py']
[0.126s] Level 1:colcon.colcon_core.package_identification:_identify(src/mycobot_ros2/demo_img/myarm300) by extension 'python_setup_py'
[0.126s] Level 1:colcon.colcon_core.package_identification:_identify(src/mycobot_ros2/demo_img/mybuddy) by extensions ['ignore', 'ignore_ament_install']
[0.126s] Level 1:colcon.colcon_core.package_identification:_identify(src/mycobot_ros2/demo_img/mybuddy) by extension 'ignore'
[0.126s] Level 1:colcon.colcon_core.package_identification:_identify(src/mycobot_ros2/demo_img/mybuddy) by extension 'ignore_ament_install'
[0.126s] Level 1:colcon.colcon_core.package_identification:_identify(src/mycobot_ros2/demo_img/mybuddy) by extensions ['colcon_pkg']
[0.126s] Level 1:colcon.colcon_core.package_identification:_identify(src/mycobot_ros2/demo_img/mybuddy) by extension 'colcon_pkg'
[0.126s] Level 1:colcon.colcon_core.package_identification:_identify(src/mycobot_ros2/demo_img/mybuddy) by extensions ['colcon_meta']
[0.126s] Level 1:colcon.colcon_core.package_identification:_identify(src/mycobot_ros2/demo_img/mybuddy) by extension 'colcon_meta'
[0.126s] Level 1:colcon.colcon_core.package_identification:_identify(src/mycobot_ros2/demo_img/mybuddy) by extensions ['ros']
[0.126s] Level 1:colcon.colcon_core.package_identification:_identify(src/mycobot_ros2/demo_img/mybuddy) by extension 'ros'
[0.126s] Level 1:colcon.colcon_core.package_identification:_identify(src/mycobot_ros2/demo_img/mybuddy) by extensions ['cmake', 'python']
[0.126s] Level 1:colcon.colcon_core.package_identification:_identify(src/mycobot_ros2/demo_img/mybuddy) by extension 'cmake'
[0.126s] Level 1:colcon.colcon_core.package_identification:_identify(src/mycobot_ros2/demo_img/mybuddy) by extension 'python'
[0.126s] Level 1:colcon.colcon_core.package_identification:_identify(src/mycobot_ros2/demo_img/mybuddy) by extensions ['python_setup_py']
[0.126s] Level 1:colcon.colcon_core.package_identification:_identify(src/mycobot_ros2/demo_img/mybuddy) by extension 'python_setup_py'
[0.126s] Level 1:colcon.colcon_core.package_identification:_identify(src/mycobot_ros2/demo_img/pro450) by extensions ['ignore', 'ignore_ament_install']
[0.126s] Level 1:colcon.colcon_core.package_identification:_identify(src/mycobot_ros2/demo_img/pro450) by extension 'ignore'
[0.126s] Level 1:colcon.colcon_core.package_identification:_identify(src/mycobot_ros2/demo_img/pro450) by extension 'ignore_ament_install'
[0.126s] Level 1:colcon.colcon_core.package_identification:_identify(src/mycobot_ros2/demo_img/pro450) by extensions ['colcon_pkg']
[0.126s] Level 1:colcon.colcon_core.package_identification:_identify(src/mycobot_ros2/demo_img/pro450) by extension 'colcon_pkg'
[0.126s] Level 1:colcon.colcon_core.package_identification:_identify(src/mycobot_ros2/demo_img/pro450) by extensions ['colcon_meta']
[0.126s] Level 1:colcon.colcon_core.package_identification:_identify(src/mycobot_ros2/demo_img/pro450) by extension 'colcon_meta'
[0.126s] Level 1:colcon.colcon_core.package_identification:_identify(src/mycobot_ros2/demo_img/pro450) by extensions ['ros']
[0.126s] Level 1:colcon.colcon_core.package_identification:_identify(src/mycobot_ros2/demo_img/pro450) by extension 'ros'
[0.126s] Level 1:colcon.colcon_core.package_identification:_identify(src/mycobot_ros2/demo_img/pro450) by extensions ['cmake', 'python']
[0.126s] Level 1:colcon.colcon_core.package_identification:_identify(src/mycobot_ros2/demo_img/pro450) by extension 'cmake'
[0.126s] Level 1:colcon.colcon_core.package_identification:_identify(src/mycobot_ros2/demo_img/pro450) by extension 'python'
[0.127s] Level 1:colcon.colcon_core.package_identification:_identify(src/mycobot_ros2/demo_img/pro450) by extensions ['python_setup_py']
[0.127s] Level 1:colcon.colcon_core.package_identification:_identify(src/mycobot_ros2/demo_img/pro450) by extension 'python_setup_py'
[0.127s] Level 1:colcon.colcon_core.package_identification:_identify(src/mycobot_ros2/demo_img/pro600) by extensions ['ignore', 'ignore_ament_install']
[0.127s] Level 1:colcon.colcon_core.package_identification:_identify(src/mycobot_ros2/demo_img/pro600) by extension 'ignore'
[0.127s] Level 1:colcon.colcon_core.package_identification:_identify(src/mycobot_ros2/demo_img/pro600) by extension 'ignore_ament_install'
[0.127s] Level 1:colcon.colcon_core.package_identification:_identify(src/mycobot_ros2/demo_img/pro600) by extensions ['colcon_pkg']
[0.127s] Level 1:colcon.colcon_core.package_identification:_identify(src/mycobot_ros2/demo_img/pro600) by extension 'colcon_pkg'
[0.127s] Level 1:colcon.colcon_core.package_identification:_identify(src/mycobot_ros2/demo_img/pro600) by extensions ['colcon_meta']
[0.127s] Level 1:colcon.colcon_core.package_identification:_identify(src/mycobot_ros2/demo_img/pro600) by extension 'colcon_meta'
[0.127s] Level 1:colcon.colcon_core.package_identification:_identify(src/mycobot_ros2/demo_img/pro600) by extensions ['ros']
[0.127s] Level 1:colcon.colcon_core.package_identification:_identify(src/mycobot_ros2/demo_img/pro600) by extension 'ros'
[0.127s] Level 1:colcon.colcon_core.package_identification:_identify(src/mycobot_ros2/demo_img/pro600) by extensions ['cmake', 'python']
[0.127s] Level 1:colcon.colcon_core.package_identification:_identify(src/mycobot_ros2/demo_img/pro600) by extension 'cmake'
[0.127s] Level 1:colcon.colcon_core.package_identification:_identify(src/mycobot_ros2/demo_img/pro600) by extension 'python'
[0.127s] Level 1:colcon.colcon_core.package_identification:_identify(src/mycobot_ros2/demo_img/pro600) by extensions ['python_setup_py']
[0.127s] Level 1:colcon.colcon_core.package_identification:_identify(src/mycobot_ros2/demo_img/pro600) by extension 'python_setup_py'
[0.127s] Level 1:colcon.colcon_core.package_identification:_identify(src/mycobot_ros2/demo_img/pro630) by extensions ['ignore', 'ignore_ament_install']
[0.127s] Level 1:colcon.colcon_core.package_identification:_identify(src/mycobot_ros2/demo_img/pro630) by extension 'ignore'
[0.127s] Level 1:colcon.colcon_core.package_identification:_identify(src/mycobot_ros2/demo_img/pro630) by extension 'ignore_ament_install'
[0.127s] Level 1:colcon.colcon_core.package_identification:_identify(src/mycobot_ros2/demo_img/pro630) by extensions ['colcon_pkg']
[0.127s] Level 1:colcon.colcon_core.package_identification:_identify(src/mycobot_ros2/demo_img/pro630) by extension 'colcon_pkg'
[0.127s] Level 1:colcon.colcon_core.package_identification:_identify(src/mycobot_ros2/demo_img/pro630) by extensions ['colcon_meta']
[0.127s] Level 1:colcon.colcon_core.package_identification:_identify(src/mycobot_ros2/demo_img/pro630) by extension 'colcon_meta'
[0.127s] Level 1:colcon.colcon_core.package_identification:_identify(src/mycobot_ros2/demo_img/pro630) by extensions ['ros']
[0.127s] Level 1:colcon.colcon_core.package_identification:_identify(src/mycobot_ros2/demo_img/pro630) by extension 'ros'
[0.127s] Level 1:colcon.colcon_core.package_identification:_identify(src/mycobot_ros2/demo_img/pro630) by extensions ['cmake', 'python']
[0.127s] Level 1:colcon.colcon_core.package_identification:_identify(src/mycobot_ros2/demo_img/pro630) by extension 'cmake'
[0.127s] Level 1:colcon.colcon_core.package_identification:_identify(src/mycobot_ros2/demo_img/pro630) by extension 'python'
[0.127s] Level 1:colcon.colcon_core.package_identification:_identify(src/mycobot_ros2/demo_img/pro630) by extensions ['python_setup_py']
[0.127s] Level 1:colcon.colcon_core.package_identification:_identify(src/mycobot_ros2/demo_img/pro630) by extension 'python_setup_py'
[0.127s] Level 1:colcon.colcon_core.package_identification:_identify(src/mycobot_ros2/demo_img/ultraArm_p340) by extensions ['ignore', 'ignore_ament_install']
[0.127s] Level 1:colcon.colcon_core.package_identification:_identify(src/mycobot_ros2/demo_img/ultraArm_p340) by extension 'ignore'
[0.128s] Level 1:colcon.colcon_core.package_identification:_identify(src/mycobot_ros2/demo_img/ultraArm_p340) by extension 'ignore_ament_install'
[0.128s] Level 1:colcon.colcon_core.package_identification:_identify(src/mycobot_ros2/demo_img/ultraArm_p340) by extensions ['colcon_pkg']
[0.128s] Level 1:colcon.colcon_core.package_identification:_identify(src/mycobot_ros2/demo_img/ultraArm_p340) by extension 'colcon_pkg'
[0.128s] Level 1:colcon.colcon_core.package_identification:_identify(src/mycobot_ros2/demo_img/ultraArm_p340) by extensions ['colcon_meta']
[0.128s] Level 1:colcon.colcon_core.package_identification:_identify(src/mycobot_ros2/demo_img/ultraArm_p340) by extension 'colcon_meta'
[0.128s] Level 1:colcon.colcon_core.package_identification:_identify(src/mycobot_ros2/demo_img/ultraArm_p340) by extensions ['ros']
[0.128s] Level 1:colcon.colcon_core.package_identification:_identify(src/mycobot_ros2/demo_img/ultraArm_p340) by extension 'ros'
[0.128s] Level 1:colcon.colcon_core.package_identification:_identify(src/mycobot_ros2/demo_img/ultraArm_p340) by extensions ['cmake', 'python']
[0.128s] Level 1:colcon.colcon_core.package_identification:_identify(src/mycobot_ros2/demo_img/ultraArm_p340) by extension 'cmake'
[0.128s] Level 1:colcon.colcon_core.package_identification:_identify(src/mycobot_ros2/demo_img/ultraArm_p340) by extension 'python'
[0.128s] Level 1:colcon.colcon_core.package_identification:_identify(src/mycobot_ros2/demo_img/ultraArm_p340) by extensions ['python_setup_py']
[0.128s] Level 1:colcon.colcon_core.package_identification:_identify(src/mycobot_ros2/demo_img/ultraArm_p340) by extension 'python_setup_py'
[0.128s] Level 1:colcon.colcon_core.package_identification:_identify(src/mycobot_ros2/mecharm) by extensions ['ignore', 'ignore_ament_install']
[0.128s] Level 1:colcon.colcon_core.package_identification:_identify(src/mycobot_ros2/mecharm) by extension 'ignore'
[0.128s] Level 1:colcon.colcon_core.package_identification:_identify(src/mycobot_ros2/mecharm) by extension 'ignore_ament_install'
[0.128s] Level 1:colcon.colcon_core.package_identification:_identify(src/mycobot_ros2/mecharm) by extensions ['colcon_pkg']
[0.128s] Level 1:colcon.colcon_core.package_identification:_identify(src/mycobot_ros2/mecharm) by extension 'colcon_pkg'
[0.128s] Level 1:colcon.colcon_core.package_identification:_identify(src/mycobot_ros2/mecharm) by extensions ['colcon_meta']
[0.128s] Level 1:colcon.colcon_core.package_identification:_identify(src/mycobot_ros2/mecharm) by extension 'colcon_meta'
[0.128s] Level 1:colcon.colcon_core.package_identification:_identify(src/mycobot_ros2/mecharm) by extensions ['ros']
[0.128s] Level 1:colcon.colcon_core.package_identification:_identify(src/mycobot_ros2/mecharm) by extension 'ros'
[0.128s] Level 1:colcon.colcon_core.package_identification:_identify(src/mycobot_ros2/mecharm) by extensions ['cmake', 'python']
[0.128s] Level 1:colcon.colcon_core.package_identification:_identify(src/mycobot_ros2/mecharm) by extension 'cmake'
[0.128s] Level 1:colcon.colcon_core.package_identification:_identify(src/mycobot_ros2/mecharm) by extension 'python'
[0.128s] Level 1:colcon.colcon_core.package_identification:_identify(src/mycobot_ros2/mecharm) by extensions ['python_setup_py']
[0.128s] Level 1:colcon.colcon_core.package_identification:_identify(src/mycobot_ros2/mecharm) by extension 'python_setup_py'
[0.128s] Level 1:colcon.colcon_core.package_identification:_identify(src/mycobot_ros2/mecharm/mecharm) by extensions ['ignore', 'ignore_ament_install']
[0.128s] Level 1:colcon.colcon_core.package_identification:_identify(src/mycobot_ros2/mecharm/mecharm) by extension 'ignore'
[0.128s] Level 1:colcon.colcon_core.package_identification:_identify(src/mycobot_ros2/mecharm/mecharm) by extension 'ignore_ament_install'
[0.128s] Level 1:colcon.colcon_core.package_identification:_identify(src/mycobot_ros2/mecharm/mecharm) by extensions ['colcon_pkg']
[0.128s] Level 1:colcon.colcon_core.package_identification:_identify(src/mycobot_ros2/mecharm/mecharm) by extension 'colcon_pkg'
[0.128s] Level 1:colcon.colcon_core.package_identification:_identify(src/mycobot_ros2/mecharm/mecharm) by extensions ['colcon_meta']
[0.128s] Level 1:colcon.colcon_core.package_identification:_identify(src/mycobot_ros2/mecharm/mecharm) by extension 'colcon_meta'
[0.129s] Level 1:colcon.colcon_core.package_identification:_identify(src/mycobot_ros2/mecharm/mecharm) by extensions ['ros']
[0.129s] Level 1:colcon.colcon_core.package_identification:_identify(src/mycobot_ros2/mecharm/mecharm) by extension 'ros'
[0.129s] DEBUG:colcon.colcon_core.package_identification:Package 'src/mycobot_ros2/mecharm/mecharm' with type 'ros.ament_python' and name 'mecharm'
[0.129s] Level 1:colcon.colcon_core.package_identification:_identify(src/mycobot_ros2/mecharm/mecharm_communication) by extensions ['ignore', 'ignore_ament_install']
[0.129s] Level 1:colcon.colcon_core.package_identification:_identify(src/mycobot_ros2/mecharm/mecharm_communication) by extension 'ignore'
[0.129s] Level 1:colcon.colcon_core.package_identification:_identify(src/mycobot_ros2/mecharm/mecharm_communication) by extension 'ignore_ament_install'
[0.129s] Level 1:colcon.colcon_core.package_identification:_identify(src/mycobot_ros2/mecharm/mecharm_communication) by extensions ['colcon_pkg']
[0.129s] Level 1:colcon.colcon_core.package_identification:_identify(src/mycobot_ros2/mecharm/mecharm_communication) by extension 'colcon_pkg'
[0.129s] Level 1:colcon.colcon_core.package_identification:_identify(src/mycobot_ros2/mecharm/mecharm_communication) by extensions ['colcon_meta']
[0.129s] Level 1:colcon.colcon_core.package_identification:_identify(src/mycobot_ros2/mecharm/mecharm_communication) by extension 'colcon_meta'
[0.129s] Level 1:colcon.colcon_core.package_identification:_identify(src/mycobot_ros2/mecharm/mecharm_communication) by extensions ['ros']
[0.129s] Level 1:colcon.colcon_core.package_identification:_identify(src/mycobot_ros2/mecharm/mecharm_communication) by extension 'ros'
[0.130s] DEBUG:colcon.colcon_core.package_identification:Package 'src/mycobot_ros2/mecharm/mecharm_communication' with type 'ros.ament_python' and name 'mecharm_communication'
[0.130s] Level 1:colcon.colcon_core.package_identification:_identify(src/mycobot_ros2/mecharm/mecharm_interfaces) by extensions ['ignore', 'ignore_ament_install']
[0.130s] Level 1:colcon.colcon_core.package_identification:_identify(src/mycobot_ros2/mecharm/mecharm_interfaces) by extension 'ignore'
[0.130s] Level 1:colcon.colcon_core.package_identification:_identify(src/mycobot_ros2/mecharm/mecharm_interfaces) by extension 'ignore_ament_install'
[0.130s] Level 1:colcon.colcon_core.package_identification:_identify(src/mycobot_ros2/mecharm/mecharm_interfaces) by extensions ['colcon_pkg']
[0.130s] Level 1:colcon.colcon_core.package_identification:_identify(src/mycobot_ros2/mecharm/mecharm_interfaces) by extension 'colcon_pkg'
[0.130s] Level 1:colcon.colcon_core.package_identification:_identify(src/mycobot_ros2/mecharm/mecharm_interfaces) by extensions ['colcon_meta']
[0.130s] Level 1:colcon.colcon_core.package_identification:_identify(src/mycobot_ros2/mecharm/mecharm_interfaces) by extension 'colcon_meta'
[0.130s] Level 1:colcon.colcon_core.package_identification:_identify(src/mycobot_ros2/mecharm/mecharm_interfaces) by extensions ['ros']
[0.130s] Level 1:colcon.colcon_core.package_identification:_identify(src/mycobot_ros2/mecharm/mecharm_interfaces) by extension 'ros'
[0.130s] DEBUG:colcon.colcon_core.package_identification:Package 'src/mycobot_ros2/mecharm/mecharm_interfaces' with type 'ros.ament_cmake' and name 'mecharm_interfaces'
[0.130s] Level 1:colcon.colcon_core.package_identification:_identify(src/mycobot_ros2/mecharm/mecharm_pi) by extensions ['ignore', 'ignore_ament_install']
[0.130s] Level 1:colcon.colcon_core.package_identification:_identify(src/mycobot_ros2/mecharm/mecharm_pi) by extension 'ignore'
[0.130s] Level 1:colcon.colcon_core.package_identification:_identify(src/mycobot_ros2/mecharm/mecharm_pi) by extension 'ignore_ament_install'
[0.130s] Level 1:colcon.colcon_core.package_identification:_identify(src/mycobot_ros2/mecharm/mecharm_pi) by extensions ['colcon_pkg']
[0.130s] Level 1:colcon.colcon_core.package_identification:_identify(src/mycobot_ros2/mecharm/mecharm_pi) by extension 'colcon_pkg'
[0.131s] Level 1:colcon.colcon_core.package_identification:_identify(src/mycobot_ros2/mecharm/mecharm_pi) by extensions ['colcon_meta']
[0.131s] Level 1:colcon.colcon_core.package_identification:_identify(src/mycobot_ros2/mecharm/mecharm_pi) by extension 'colcon_meta'
[0.131s] Level 1:colcon.colcon_core.package_identification:_identify(src/mycobot_ros2/mecharm/mecharm_pi) by extensions ['ros']
[0.131s] Level 1:colcon.colcon_core.package_identification:_identify(src/mycobot_ros2/mecharm/mecharm_pi) by extension 'ros'
[0.131s] DEBUG:colcon.colcon_core.package_identification:Package 'src/mycobot_ros2/mecharm/mecharm_pi' with type 'ros.ament_python' and name 'mecharm_pi'
[0.131s] Level 1:colcon.colcon_core.package_identification:_identify(src/mycobot_ros2/myArm) by extensions ['ignore', 'ignore_ament_install']
[0.131s] Level 1:colcon.colcon_core.package_identification:_identify(src/mycobot_ros2/myArm) by extension 'ignore'
[0.131s] Level 1:colcon.colcon_core.package_identification:_identify(src/mycobot_ros2/myArm) by extension 'ignore_ament_install'
[0.131s] Level 1:colcon.colcon_core.package_identification:_identify(src/mycobot_ros2/myArm) by extensions ['colcon_pkg']
[0.131s] Level 1:colcon.colcon_core.package_identification:_identify(src/mycobot_ros2/myArm) by extension 'colcon_pkg'
[0.131s] Level 1:colcon.colcon_core.package_identification:_identify(src/mycobot_ros2/myArm) by extensions ['colcon_meta']
[0.131s] Level 1:colcon.colcon_core.package_identification:_identify(src/mycobot_ros2/myArm) by extension 'colcon_meta'
[0.131s] Level 1:colcon.colcon_core.package_identification:_identify(src/mycobot_ros2/myArm) by extensions ['ros']
[0.131s] Level 1:colcon.colcon_core.package_identification:_identify(src/mycobot_ros2/myArm) by extension 'ros'
[0.131s] Level 1:colcon.colcon_core.package_identification:_identify(src/mycobot_ros2/myArm) by extensions ['cmake', 'python']
[0.131s] Level 1:colcon.colcon_core.package_identification:_identify(src/mycobot_ros2/myArm) by extension 'cmake'
[0.131s] Level 1:colcon.colcon_core.package_identification:_identify(src/mycobot_ros2/myArm) by extension 'python'
[0.131s] Level 1:colcon.colcon_core.package_identification:_identify(src/mycobot_ros2/myArm) by extensions ['python_setup_py']
[0.131s] Level 1:colcon.colcon_core.package_identification:_identify(src/mycobot_ros2/myArm) by extension 'python_setup_py'
[0.131s] Level 1:colcon.colcon_core.package_identification:_identify(src/mycobot_ros2/myArm/myarm_300) by extensions ['ignore', 'ignore_ament_install']
[0.132s] Level 1:colcon.colcon_core.package_identification:_identify(src/mycobot_ros2/myArm/myarm_300) by extension 'ignore'
[0.132s] Level 1:colcon.colcon_core.package_identification:_identify(src/mycobot_ros2/myArm/myarm_300) by extension 'ignore_ament_install'
[0.132s] Level 1:colcon.colcon_core.package_identification:_identify(src/mycobot_ros2/myArm/myarm_300) by extensions ['colcon_pkg']
[0.132s] Level 1:colcon.colcon_core.package_identification:_identify(src/mycobot_ros2/myArm/myarm_300) by extension 'colcon_pkg'
[0.132s] Level 1:colcon.colcon_core.package_identification:_identify(src/mycobot_ros2/myArm/myarm_300) by extensions ['colcon_meta']
[0.132s] Level 1:colcon.colcon_core.package_identification:_identify(src/mycobot_ros2/myArm/myarm_300) by extension 'colcon_meta'
[0.132s] Level 1:colcon.colcon_core.package_identification:_identify(src/mycobot_ros2/myArm/myarm_300) by extensions ['ros']
[0.132s] Level 1:colcon.colcon_core.package_identification:_identify(src/mycobot_ros2/myArm/myarm_300) by extension 'ros'
[0.132s] DEBUG:colcon.colcon_core.package_identification:Package 'src/mycobot_ros2/myArm/myarm_300' with type 'ros.ament_python' and name 'myarm_300'
[0.132s] Level 1:colcon.colcon_core.package_identification:_identify(src/mycobot_ros2/myArm/myarm_c650) by extensions ['ignore', 'ignore_ament_install']
[0.132s] Level 1:colcon.colcon_core.package_identification:_identify(src/mycobot_ros2/myArm/myarm_c650) by extension 'ignore'
[0.132s] Level 1:colcon.colcon_core.package_identification:_identify(src/mycobot_ros2/myArm/myarm_c650) by extension 'ignore_ament_install'
[0.132s] Level 1:colcon.colcon_core.package_identification:_identify(src/mycobot_ros2/myArm/myarm_c650) by extensions ['colcon_pkg']
[0.132s] Level 1:colcon.colcon_core.package_identification:_identify(src/mycobot_ros2/myArm/myarm_c650) by extension 'colcon_pkg'
[0.132s] Level 1:colcon.colcon_core.package_identification:_identify(src/mycobot_ros2/myArm/myarm_c650) by extensions ['colcon_meta']
[0.132s] Level 1:colcon.colcon_core.package_identification:_identify(src/mycobot_ros2/myArm/myarm_c650) by extension 'colcon_meta'
[0.132s] Level 1:colcon.colcon_core.package_identification:_identify(src/mycobot_ros2/myArm/myarm_c650) by extensions ['ros']
[0.132s] Level 1:colcon.colcon_core.package_identification:_identify(src/mycobot_ros2/myArm/myarm_c650) by extension 'ros'
[0.133s] DEBUG:colcon.colcon_core.package_identification:Package 'src/mycobot_ros2/myArm/myarm_c650' with type 'ros.ament_python' and name 'myarm_c650'
[0.133s] Level 1:colcon.colcon_core.package_identification:_identify(src/mycobot_ros2/myArm/myarm_m750) by extensions ['ignore', 'ignore_ament_install']
[0.133s] Level 1:colcon.colcon_core.package_identification:_identify(src/mycobot_ros2/myArm/myarm_m750) by extension 'ignore'
[0.133s] Level 1:colcon.colcon_core.package_identification:_identify(src/mycobot_ros2/myArm/myarm_m750) by extension 'ignore_ament_install'
[0.133s] Level 1:colcon.colcon_core.package_identification:_identify(src/mycobot_ros2/myArm/myarm_m750) by extensions ['colcon_pkg']
[0.133s] Level 1:colcon.colcon_core.package_identification:_identify(src/mycobot_ros2/myArm/myarm_m750) by extension 'colcon_pkg'
[0.133s] Level 1:colcon.colcon_core.package_identification:_identify(src/mycobot_ros2/myArm/myarm_m750) by extensions ['colcon_meta']
[0.133s] Level 1:colcon.colcon_core.package_identification:_identify(src/mycobot_ros2/myArm/myarm_m750) by extension 'colcon_meta'
[0.133s] Level 1:colcon.colcon_core.package_identification:_identify(src/mycobot_ros2/myArm/myarm_m750) by extensions ['ros']
[0.133s] Level 1:colcon.colcon_core.package_identification:_identify(src/mycobot_ros2/myArm/myarm_m750) by extension 'ros'
[0.134s] DEBUG:colcon.colcon_core.package_identification:Package 'src/mycobot_ros2/myArm/myarm_m750' with type 'ros.ament_python' and name 'myarm_m750'
[0.134s] Level 1:colcon.colcon_core.package_identification:_identify(src/mycobot_ros2/mycobot_280) by extensions ['ignore', 'ignore_ament_install']
[0.134s] Level 1:colcon.colcon_core.package_identification:_identify(src/mycobot_ros2/mycobot_280) by extension 'ignore'
[0.134s] Level 1:colcon.colcon_core.package_identification:_identify(src/mycobot_ros2/mycobot_280) by extension 'ignore_ament_install'
[0.134s] Level 1:colcon.colcon_core.package_identification:_identify(src/mycobot_ros2/mycobot_280) by extensions ['colcon_pkg']
[0.134s] Level 1:colcon.colcon_core.package_identification:_identify(src/mycobot_ros2/mycobot_280) by extension 'colcon_pkg'
[0.134s] Level 1:colcon.colcon_core.package_identification:_identify(src/mycobot_ros2/mycobot_280) by extensions ['colcon_meta']
[0.134s] Level 1:colcon.colcon_core.package_identification:_identify(src/mycobot_ros2/mycobot_280) by extension 'colcon_meta'
[0.134s] Level 1:colcon.colcon_core.package_identification:_identify(src/mycobot_ros2/mycobot_280) by extensions ['ros']
[0.134s] Level 1:colcon.colcon_core.package_identification:_identify(src/mycobot_ros2/mycobot_280) by extension 'ros'
[0.134s] Level 1:colcon.colcon_core.package_identification:_identify(src/mycobot_ros2/mycobot_280) by extensions ['cmake', 'python']
[0.134s] Level 1:colcon.colcon_core.package_identification:_identify(src/mycobot_ros2/mycobot_280) by extension 'cmake'
[0.134s] Level 1:colcon.colcon_core.package_identification:_identify(src/mycobot_ros2/mycobot_280) by extension 'python'
[0.134s] Level 1:colcon.colcon_core.package_identification:_identify(src/mycobot_ros2/mycobot_280) by extensions ['python_setup_py']
[0.134s] Level 1:colcon.colcon_core.package_identification:_identify(src/mycobot_ros2/mycobot_280) by extension 'python_setup_py'
[0.134s] Level 1:colcon.colcon_core.package_identification:_identify(src/mycobot_ros2/mycobot_280/mycobot_280) by extensions ['ignore', 'ignore_ament_install']
[0.134s] Level 1:colcon.colcon_core.package_identification:_identify(src/mycobot_ros2/mycobot_280/mycobot_280) by extension 'ignore'
[0.134s] Level 1:colcon.colcon_core.package_identification:_identify(src/mycobot_ros2/mycobot_280/mycobot_280) by extension 'ignore_ament_install'
[0.134s] Level 1:colcon.colcon_core.package_identification:_identify(src/mycobot_ros2/mycobot_280/mycobot_280) by extensions ['colcon_pkg']
[0.134s] Level 1:colcon.colcon_core.package_identification:_identify(src/mycobot_ros2/mycobot_280/mycobot_280) by extension 'colcon_pkg'
[0.134s] Level 1:colcon.colcon_core.package_identification:_identify(src/mycobot_ros2/mycobot_280/mycobot_280) by extensions ['colcon_meta']
[0.134s] Level 1:colcon.colcon_core.package_identification:_identify(src/mycobot_ros2/mycobot_280/mycobot_280) by extension 'colcon_meta'
[0.134s] Level 1:colcon.colcon_core.package_identification:_identify(src/mycobot_ros2/mycobot_280/mycobot_280) by extensions ['ros']
[0.134s] Level 1:colcon.colcon_core.package_identification:_identify(src/mycobot_ros2/mycobot_280/mycobot_280) by extension 'ros'
[0.135s] DEBUG:colcon.colcon_core.package_identification:Package 'src/mycobot_ros2/mycobot_280/mycobot_280' with type 'ros.ament_python' and name 'mycobot_280'
[0.135s] Level 1:colcon.colcon_core.package_identification:_identify(src/mycobot_ros2/mycobot_280/mycobot_280_arduino) by extensions ['ignore', 'ignore_ament_install']
[0.135s] Level 1:colcon.colcon_core.package_identification:_identify(src/mycobot_ros2/mycobot_280/mycobot_280_arduino) by extension 'ignore'
[0.135s] Level 1:colcon.colcon_core.package_identification:_identify(src/mycobot_ros2/mycobot_280/mycobot_280_arduino) by extension 'ignore_ament_install'
[0.135s] Level 1:colcon.colcon_core.package_identification:_identify(src/mycobot_ros2/mycobot_280/mycobot_280_arduino) by extensions ['colcon_pkg']
[0.135s] Level 1:colcon.colcon_core.package_identification:_identify(src/mycobot_ros2/mycobot_280/mycobot_280_arduino) by extension 'colcon_pkg'
[0.135s] Level 1:colcon.colcon_core.package_identification:_identify(src/mycobot_ros2/mycobot_280/mycobot_280_arduino) by extensions ['colcon_meta']
[0.135s] Level 1:colcon.colcon_core.package_identification:_identify(src/mycobot_ros2/mycobot_280/mycobot_280_arduino) by extension 'colcon_meta'
[0.135s] Level 1:colcon.colcon_core.package_identification:_identify(src/mycobot_ros2/mycobot_280/mycobot_280_arduino) by extensions ['ros']
[0.135s] Level 1:colcon.colcon_core.package_identification:_identify(src/mycobot_ros2/mycobot_280/mycobot_280_arduino) by extension 'ros'
[0.135s] DEBUG:colcon.colcon_core.package_identification:Package 'src/mycobot_ros2/mycobot_280/mycobot_280_arduino' with type 'ros.ament_python' and name 'mycobot_280_arduino'
[0.135s] Level 1:colcon.colcon_core.package_identification:_identify(src/mycobot_ros2/mycobot_280/mycobot_280_moveit2) by extensions ['ignore', 'ignore_ament_install']
[0.136s] Level 1:colcon.colcon_core.package_identification:_identify(src/mycobot_ros2/mycobot_280/mycobot_280_moveit2) by extension 'ignore'
[0.136s] Level 1:colcon.colcon_core.package_identification:_identify(src/mycobot_ros2/mycobot_280/mycobot_280_moveit2) by extension 'ignore_ament_install'
[0.136s] Level 1:colcon.colcon_core.package_identification:_identify(src/mycobot_ros2/mycobot_280/mycobot_280_moveit2) by extensions ['colcon_pkg']
[0.136s] Level 1:colcon.colcon_core.package_identification:_identify(src/mycobot_ros2/mycobot_280/mycobot_280_moveit2) by extension 'colcon_pkg'
[0.136s] Level 1:colcon.colcon_core.package_identification:_identify(src/mycobot_ros2/mycobot_280/mycobot_280_moveit2) by extensions ['colcon_meta']
[0.136s] Level 1:colcon.colcon_core.package_identification:_identify(src/mycobot_ros2/mycobot_280/mycobot_280_moveit2) by extension 'colcon_meta'
[0.136s] Level 1:colcon.colcon_core.package_identification:_identify(src/mycobot_ros2/mycobot_280/mycobot_280_moveit2) by extensions ['ros']
[0.136s] Level 1:colcon.colcon_core.package_identification:_identify(src/mycobot_ros2/mycobot_280/mycobot_280_moveit2) by extension 'ros'
[0.136s] DEBUG:colcon.colcon_core.package_identification:Package 'src/mycobot_ros2/mycobot_280/mycobot_280_moveit2' with type 'ros.ament_cmake' and name 'mycobot_280_moveit2'
[0.136s] Level 1:colcon.colcon_core.package_identification:_identify(src/mycobot_ros2/mycobot_280/mycobot_280_moveit2_control) by extensions ['ignore', 'ignore_ament_install']
[0.136s] Level 1:colcon.colcon_core.package_identification:_identify(src/mycobot_ros2/mycobot_280/mycobot_280_moveit2_control) by extension 'ignore'
[0.136s] Level 1:colcon.colcon_core.package_identification:_identify(src/mycobot_ros2/mycobot_280/mycobot_280_moveit2_control) by extension 'ignore_ament_install'
[0.136s] Level 1:colcon.colcon_core.package_identification:_identify(src/mycobot_ros2/mycobot_280/mycobot_280_moveit2_control) by extensions ['colcon_pkg']
[0.136s] Level 1:colcon.colcon_core.package_identification:_identify(src/mycobot_ros2/mycobot_280/mycobot_280_moveit2_control) by extension 'colcon_pkg'
[0.136s] Level 1:colcon.colcon_core.package_identification:_identify(src/mycobot_ros2/mycobot_280/mycobot_280_moveit2_control) by extensions ['colcon_meta']
[0.136s] Level 1:colcon.colcon_core.package_identification:_identify(src/mycobot_ros2/mycobot_280/mycobot_280_moveit2_control) by extension 'colcon_meta'
[0.136s] Level 1:colcon.colcon_core.package_identification:_identify(src/mycobot_ros2/mycobot_280/mycobot_280_moveit2_control) by extensions ['ros']
[0.136s] Level 1:colcon.colcon_core.package_identification:_identify(src/mycobot_ros2/mycobot_280/mycobot_280_moveit2_control) by extension 'ros'
[0.137s] DEBUG:colcon.colcon_core.package_identification:Package 'src/mycobot_ros2/mycobot_280/mycobot_280_moveit2_control' with type 'ros.ament_python' and name 'mycobot_280_moveit2_control'
[0.137s] Level 1:colcon.colcon_core.package_identification:_identify(src/mycobot_ros2/mycobot_280/mycobot_280_rdkx5) by extensions ['ignore', 'ignore_ament_install']
[0.137s] Level 1:colcon.colcon_core.package_identification:_identify(src/mycobot_ros2/mycobot_280/mycobot_280_rdkx5) by extension 'ignore'
[0.137s] Level 1:colcon.colcon_core.package_identification:_identify(src/mycobot_ros2/mycobot_280/mycobot_280_rdkx5) by extension 'ignore_ament_install'
[0.137s] Level 1:colcon.colcon_core.package_identification:_identify(src/mycobot_ros2/mycobot_280/mycobot_280_rdkx5) by extensions ['colcon_pkg']
[0.137s] Level 1:colcon.colcon_core.package_identification:_identify(src/mycobot_ros2/mycobot_280/mycobot_280_rdkx5) by extension 'colcon_pkg'
[0.137s] Level 1:colcon.colcon_core.package_identification:_identify(src/mycobot_ros2/mycobot_280/mycobot_280_rdkx5) by extensions ['colcon_meta']
[0.137s] Level 1:colcon.colcon_core.package_identification:_identify(src/mycobot_ros2/mycobot_280/mycobot_280_rdkx5) by extension 'colcon_meta'
[0.137s] Level 1:colcon.colcon_core.package_identification:_identify(src/mycobot_ros2/mycobot_280/mycobot_280_rdkx5) by extensions ['ros']
[0.137s] Level 1:colcon.colcon_core.package_identification:_identify(src/mycobot_ros2/mycobot_280/mycobot_280_rdkx5) by extension 'ros'
[0.138s] DEBUG:colcon.colcon_core.package_identification:Package 'src/mycobot_ros2/mycobot_280/mycobot_280_rdkx5' with type 'ros.ament_python' and name 'mycobot_280_rdkx5'
[0.138s] Level 1:colcon.colcon_core.package_identification:_identify(src/mycobot_ros2/mycobot_280/mycobot_280_riscv) by extensions ['ignore', 'ignore_ament_install']
[0.138s] Level 1:colcon.colcon_core.package_identification:_identify(src/mycobot_ros2/mycobot_280/mycobot_280_riscv) by extension 'ignore'
[0.138s] Level 1:colcon.colcon_core.package_identification:_identify(src/mycobot_ros2/mycobot_280/mycobot_280_riscv) by extension 'ignore_ament_install'
[0.138s] Level 1:colcon.colcon_core.package_identification:_identify(src/mycobot_ros2/mycobot_280/mycobot_280_riscv) by extensions ['colcon_pkg']
[0.138s] Level 1:colcon.colcon_core.package_identification:_identify(src/mycobot_ros2/mycobot_280/mycobot_280_riscv) by extension 'colcon_pkg'
[0.138s] Level 1:colcon.colcon_core.package_identification:_identify(src/mycobot_ros2/mycobot_280/mycobot_280_riscv) by extensions ['colcon_meta']
[0.138s] Level 1:colcon.colcon_core.package_identification:_identify(src/mycobot_ros2/mycobot_280/mycobot_280_riscv) by extension 'colcon_meta'
[0.138s] Level 1:colcon.colcon_core.package_identification:_identify(src/mycobot_ros2/mycobot_280/mycobot_280_riscv) by extensions ['ros']
[0.138s] Level 1:colcon.colcon_core.package_identification:_identify(src/mycobot_ros2/mycobot_280/mycobot_280_riscv) by extension 'ros'
[0.138s] DEBUG:colcon.colcon_core.package_identification:Package 'src/mycobot_ros2/mycobot_280/mycobot_280_riscv' with type 'ros.ament_python' and name 'mycobot_280_riscv'
[0.138s] Level 1:colcon.colcon_core.package_identification:_identify(src/mycobot_ros2/mycobot_280/mycobot_280_x3pi) by extensions ['ignore', 'ignore_ament_install']
[0.138s] Level 1:colcon.colcon_core.package_identification:_identify(src/mycobot_ros2/mycobot_280/mycobot_280_x3pi) by extension 'ignore'
[0.138s] Level 1:colcon.colcon_core.package_identification:_identify(src/mycobot_ros2/mycobot_280/mycobot_280_x3pi) by extension 'ignore_ament_install'
[0.138s] Level 1:colcon.colcon_core.package_identification:_identify(src/mycobot_ros2/mycobot_280/mycobot_280_x3pi) by extensions ['colcon_pkg']
[0.139s] Level 1:colcon.colcon_core.package_identification:_identify(src/mycobot_ros2/mycobot_280/mycobot_280_x3pi) by extension 'colcon_pkg'
[0.139s] Level 1:colcon.colcon_core.package_identification:_identify(src/mycobot_ros2/mycobot_280/mycobot_280_x3pi) by extensions ['colcon_meta']
[0.139s] Level 1:colcon.colcon_core.package_identification:_identify(src/mycobot_ros2/mycobot_280/mycobot_280_x3pi) by extension 'colcon_meta'
[0.139s] Level 1:colcon.colcon_core.package_identification:_identify(src/mycobot_ros2/mycobot_280/mycobot_280_x3pi) by extensions ['ros']
[0.139s] Level 1:colcon.colcon_core.package_identification:_identify(src/mycobot_ros2/mycobot_280/mycobot_280_x3pi) by extension 'ros'
[0.139s] DEBUG:colcon.colcon_core.package_identification:Package 'src/mycobot_ros2/mycobot_280/mycobot_280_x3pi' with type 'ros.ament_python' and name 'mycobot_280_x3pi'
[0.139s] Level 1:colcon.colcon_core.package_identification:_identify(src/mycobot_ros2/mycobot_280/mycobot_280arduino_moveit2) by extensions ['ignore', 'ignore_ament_install']
[0.139s] Level 1:colcon.colcon_core.package_identification:_identify(src/mycobot_ros2/mycobot_280/mycobot_280arduino_moveit2) by extension 'ignore'
[0.139s] Level 1:colcon.colcon_core.package_identification:_identify(src/mycobot_ros2/mycobot_280/mycobot_280arduino_moveit2) by extension 'ignore_ament_install'
[0.139s] Level 1:colcon.colcon_core.package_identification:_identify(src/mycobot_ros2/mycobot_280/mycobot_280arduino_moveit2) by extensions ['colcon_pkg']
[0.139s] Level 1:colcon.colcon_core.package_identification:_identify(src/mycobot_ros2/mycobot_280/mycobot_280arduino_moveit2) by extension 'colcon_pkg'
[0.139s] Level 1:colcon.colcon_core.package_identification:_identify(src/mycobot_ros2/mycobot_280/mycobot_280arduino_moveit2) by extensions ['colcon_meta']
[0.139s] Level 1:colcon.colcon_core.package_identification:_identify(src/mycobot_ros2/mycobot_280/mycobot_280arduino_moveit2) by extension 'colcon_meta'
[0.139s] Level 1:colcon.colcon_core.package_identification:_identify(src/mycobot_ros2/mycobot_280/mycobot_280arduino_moveit2) by extensions ['ros']
[0.139s] Level 1:colcon.colcon_core.package_identification:_identify(src/mycobot_ros2/mycobot_280/mycobot_280arduino_moveit2) by extension 'ros'
[0.140s] DEBUG:colcon.colcon_core.package_identification:Package 'src/mycobot_ros2/mycobot_280/mycobot_280arduino_moveit2' with type 'ros.ament_cmake' and name 'mycobot_280arduino_moveit2'
[0.140s] Level 1:colcon.colcon_core.package_identification:_identify(src/mycobot_ros2/mycobot_280/mycobot_280jn) by extensions ['ignore', 'ignore_ament_install']
[0.140s] Level 1:colcon.colcon_core.package_identification:_identify(src/mycobot_ros2/mycobot_280/mycobot_280jn) by extension 'ignore'
[0.140s] Level 1:colcon.colcon_core.package_identification:_identify(src/mycobot_ros2/mycobot_280/mycobot_280jn) by extension 'ignore_ament_install'
[0.140s] Level 1:colcon.colcon_core.package_identification:_identify(src/mycobot_ros2/mycobot_280/mycobot_280jn) by extensions ['colcon_pkg']
[0.140s] Level 1:colcon.colcon_core.package_identification:_identify(src/mycobot_ros2/mycobot_280/mycobot_280jn) by extension 'colcon_pkg'
[0.140s] Level 1:colcon.colcon_core.package_identification:_identify(src/mycobot_ros2/mycobot_280/mycobot_280jn) by extensions ['colcon_meta']
[0.140s] Level 1:colcon.colcon_core.package_identification:_identify(src/mycobot_ros2/mycobot_280/mycobot_280jn) by extension 'colcon_meta'
[0.140s] Level 1:colcon.colcon_core.package_identification:_identify(src/mycobot_ros2/mycobot_280/mycobot_280jn) by extensions ['ros']
[0.140s] Level 1:colcon.colcon_core.package_identification:_identify(src/mycobot_ros2/mycobot_280/mycobot_280jn) by extension 'ros'
[0.140s] DEBUG:colcon.colcon_core.package_identification:Package 'src/mycobot_ros2/mycobot_280/mycobot_280jn' with type 'ros.ament_python' and name 'mycobot_280jn'
[0.140s] Level 1:colcon.colcon_core.package_identification:_identify(src/mycobot_ros2/mycobot_280/mycobot_280pi) by extensions ['ignore', 'ignore_ament_install']
[0.141s] Level 1:colcon.colcon_core.package_identification:_identify(src/mycobot_ros2/mycobot_280/mycobot_280pi) by extension 'ignore'
[0.141s] Level 1:colcon.colcon_core.package_identification:_identify(src/mycobot_ros2/mycobot_280/mycobot_280pi) by extension 'ignore_ament_install'
[0.141s] Level 1:colcon.colcon_core.package_identification:_identify(src/mycobot_ros2/mycobot_280/mycobot_280pi) by extensions ['colcon_pkg']
[0.141s] Level 1:colcon.colcon_core.package_identification:_identify(src/mycobot_ros2/mycobot_280/mycobot_280pi) by extension 'colcon_pkg'
[0.141s] Level 1:colcon.colcon_core.package_identification:_identify(src/mycobot_ros2/mycobot_280/mycobot_280pi) by extensions ['colcon_meta']
[0.141s] Level 1:colcon.colcon_core.package_identification:_identify(src/mycobot_ros2/mycobot_280/mycobot_280pi) by extension 'colcon_meta'
[0.141s] Level 1:colcon.colcon_core.package_identification:_identify(src/mycobot_ros2/mycobot_280/mycobot_280pi) by extensions ['ros']
[0.141s] Level 1:colcon.colcon_core.package_identification:_identify(src/mycobot_ros2/mycobot_280/mycobot_280pi) by extension 'ros'
[0.141s] DEBUG:colcon.colcon_core.package_identification:Package 'src/mycobot_ros2/mycobot_280/mycobot_280pi' with type 'ros.ament_python' and name 'mycobot_280pi'
[0.141s] Level 1:colcon.colcon_core.package_identification:_identify(src/mycobot_ros2/mycobot_280/mycobot_280rdkx5_moveit2) by extensions ['ignore', 'ignore_ament_install']
[0.141s] Level 1:colcon.colcon_core.package_identification:_identify(src/mycobot_ros2/mycobot_280/mycobot_280rdkx5_moveit2) by extension 'ignore'
[0.141s] Level 1:colcon.colcon_core.package_identification:_identify(src/mycobot_ros2/mycobot_280/mycobot_280rdkx5_moveit2) by extension 'ignore_ament_install'
[0.141s] Level 1:colcon.colcon_core.package_identification:_identify(src/mycobot_ros2/mycobot_280/mycobot_280rdkx5_moveit2) by extensions ['colcon_pkg']
[0.141s] Level 1:colcon.colcon_core.package_identification:_identify(src/mycobot_ros2/mycobot_280/mycobot_280rdkx5_moveit2) by extension 'colcon_pkg'
[0.141s] Level 1:colcon.colcon_core.package_identification:_identify(src/mycobot_ros2/mycobot_280/mycobot_280rdkx5_moveit2) by extensions ['colcon_meta']
[0.141s] Level 1:colcon.colcon_core.package_identification:_identify(src/mycobot_ros2/mycobot_280/mycobot_280rdkx5_moveit2) by extension 'colcon_meta'
[0.141s] Level 1:colcon.colcon_core.package_identification:_identify(src/mycobot_ros2/mycobot_280/mycobot_280rdkx5_moveit2) by extensions ['ros']
[0.141s] Level 1:colcon.colcon_core.package_identification:_identify(src/mycobot_ros2/mycobot_280/mycobot_280rdkx5_moveit2) by extension 'ros'
[0.142s] DEBUG:colcon.colcon_core.package_identification:Package 'src/mycobot_ros2/mycobot_280/mycobot_280rdkx5_moveit2' with type 'ros.ament_cmake' and name 'mycobot_280rdkx5_moveit2'
[0.142s] Level 1:colcon.colcon_core.package_identification:_identify(src/mycobot_ros2/mycobot_280/mycobot_interfaces) by extensions ['ignore', 'ignore_ament_install']
[0.142s] Level 1:colcon.colcon_core.package_identification:_identify(src/mycobot_ros2/mycobot_280/mycobot_interfaces) by extension 'ignore'
[0.142s] Level 1:colcon.colcon_core.package_identification:_identify(src/mycobot_ros2/mycobot_280/mycobot_interfaces) by extension 'ignore_ament_install'
[0.142s] Level 1:colcon.colcon_core.package_identification:_identify(src/mycobot_ros2/mycobot_280/mycobot_interfaces) by extensions ['colcon_pkg']
[0.142s] Level 1:colcon.colcon_core.package_identification:_identify(src/mycobot_ros2/mycobot_280/mycobot_interfaces) by extension 'colcon_pkg'
[0.142s] Level 1:colcon.colcon_core.package_identification:_identify(src/mycobot_ros2/mycobot_280/mycobot_interfaces) by extensions ['colcon_meta']
[0.142s] Level 1:colcon.colcon_core.package_identification:_identify(src/mycobot_ros2/mycobot_280/mycobot_interfaces) by extension 'colcon_meta'
[0.142s] Level 1:colcon.colcon_core.package_identification:_identify(src/mycobot_ros2/mycobot_280/mycobot_interfaces) by extensions ['ros']
[0.142s] Level 1:colcon.colcon_core.package_identification:_identify(src/mycobot_ros2/mycobot_280/mycobot_interfaces) by extension 'ros'
[0.142s] DEBUG:colcon.colcon_core.package_identification:Package 'src/mycobot_ros2/mycobot_280/mycobot_interfaces' with type 'ros.ament_cmake' and name 'mycobot_interfaces'
[0.142s] Level 1:colcon.colcon_core.package_identification:_identify(src/mycobot_ros2/mycobot_280_gazebo) by extensions ['ignore', 'ignore_ament_install']
[0.143s] Level 1:colcon.colcon_core.package_identification:_identify(src/mycobot_ros2/mycobot_280_gazebo) by extension 'ignore'
[0.143s] Level 1:colcon.colcon_core.package_identification:_identify(src/mycobot_ros2/mycobot_280_gazebo) by extension 'ignore_ament_install'
[0.143s] Level 1:colcon.colcon_core.package_identification:_identify(src/mycobot_ros2/mycobot_280_gazebo) by extensions ['colcon_pkg']
[0.143s] Level 1:colcon.colcon_core.package_identification:_identify(src/mycobot_ros2/mycobot_280_gazebo) by extension 'colcon_pkg'
[0.143s] Level 1:colcon.colcon_core.package_identification:_identify(src/mycobot_ros2/mycobot_280_gazebo) by extensions ['colcon_meta']
[0.143s] Level 1:colcon.colcon_core.package_identification:_identify(src/mycobot_ros2/mycobot_280_gazebo) by extension 'colcon_meta'
[0.143s] Level 1:colcon.colcon_core.package_identification:_identify(src/mycobot_ros2/mycobot_280_gazebo) by extensions ['ros']
[0.143s] Level 1:colcon.colcon_core.package_identification:_identify(src/mycobot_ros2/mycobot_280_gazebo) by extension 'ros'
[0.143s] DEBUG:colcon.colcon_core.package_identification:Package 'src/mycobot_ros2/mycobot_280_gazebo' with type 'ros.ament_cmake' and name 'mycobot_280_gazebo'
[0.143s] Level 1:colcon.colcon_core.package_identification:_identify(src/mycobot_ros2/mycobot_280_gazebo_jazzy) by extensions ['ignore', 'ignore_ament_install']
[0.143s] Level 1:colcon.colcon_core.package_identification:_identify(src/mycobot_ros2/mycobot_280_gazebo_jazzy) by extension 'ignore'
[0.143s] Level 1:colcon.colcon_core.package_identification:_identify(src/mycobot_ros2/mycobot_280_gazebo_jazzy) by extension 'ignore_ament_install'
[0.143s] Level 1:colcon.colcon_core.package_identification:_identify(src/mycobot_ros2/mycobot_280_gazebo_jazzy) by extensions ['colcon_pkg']
[0.143s] Level 1:colcon.colcon_core.package_identification:_identify(src/mycobot_ros2/mycobot_280_gazebo_jazzy) by extension 'colcon_pkg'
[0.143s] Level 1:colcon.colcon_core.package_identification:_identify(src/mycobot_ros2/mycobot_280_gazebo_jazzy) by extensions ['colcon_meta']
[0.143s] Level 1:colcon.colcon_core.package_identification:_identify(src/mycobot_ros2/mycobot_280_gazebo_jazzy) by extension 'colcon_meta'
[0.143s] Level 1:colcon.colcon_core.package_identification:_identify(src/mycobot_ros2/mycobot_280_gazebo_jazzy) by extensions ['ros']
[0.143s] Level 1:colcon.colcon_core.package_identification:_identify(src/mycobot_ros2/mycobot_280_gazebo_jazzy) by extension 'ros'
[0.144s] DEBUG:colcon.colcon_core.package_identification:Package 'src/mycobot_ros2/mycobot_280_gazebo_jazzy' with type 'ros.ament_cmake' and name 'mycobot_280_gazebo_jazzy'
[0.144s] Level 1:colcon.colcon_core.package_identification:_identify(src/mycobot_ros2/mycobot_320) by extensions ['ignore', 'ignore_ament_install']
[0.144s] Level 1:colcon.colcon_core.package_identification:_identify(src/mycobot_ros2/mycobot_320) by extension 'ignore'
[0.144s] Level 1:colcon.colcon_core.package_identification:_identify(src/mycobot_ros2/mycobot_320) by extension 'ignore_ament_install'
[0.144s] Level 1:colcon.colcon_core.package_identification:_identify(src/mycobot_ros2/mycobot_320) by extensions ['colcon_pkg']
[0.144s] Level 1:colcon.colcon_core.package_identification:_identify(src/mycobot_ros2/mycobot_320) by extension 'colcon_pkg'
[0.144s] Level 1:colcon.colcon_core.package_identification:_identify(src/mycobot_ros2/mycobot_320) by extensions ['colcon_meta']
[0.144s] Level 1:colcon.colcon_core.package_identification:_identify(src/mycobot_ros2/mycobot_320) by extension 'colcon_meta'
[0.144s] Level 1:colcon.colcon_core.package_identification:_identify(src/mycobot_ros2/mycobot_320) by extensions ['ros']
[0.144s] Level 1:colcon.colcon_core.package_identification:_identify(src/mycobot_ros2/mycobot_320) by extension 'ros'
[0.144s] Level 1:colcon.colcon_core.package_identification:_identify(src/mycobot_ros2/mycobot_320) by extensions ['cmake', 'python']
[0.144s] Level 1:colcon.colcon_core.package_identification:_identify(src/mycobot_ros2/mycobot_320) by extension 'cmake'
[0.144s] Level 1:colcon.colcon_core.package_identification:_identify(src/mycobot_ros2/mycobot_320) by extension 'python'
[0.144s] Level 1:colcon.colcon_core.package_identification:_identify(src/mycobot_ros2/mycobot_320) by extensions ['python_setup_py']
[0.144s] Level 1:colcon.colcon_core.package_identification:_identify(src/mycobot_ros2/mycobot_320) by extension 'python_setup_py'
[0.144s] Level 1:colcon.colcon_core.package_identification:_identify(src/mycobot_ros2/mycobot_320/mycobot_320) by extensions ['ignore', 'ignore_ament_install']
[0.144s] Level 1:colcon.colcon_core.package_identification:_identify(src/mycobot_ros2/mycobot_320/mycobot_320) by extension 'ignore'
[0.144s] Level 1:colcon.colcon_core.package_identification:_identify(src/mycobot_ros2/mycobot_320/mycobot_320) by extension 'ignore_ament_install'
[0.144s] Level 1:colcon.colcon_core.package_identification:_identify(src/mycobot_ros2/mycobot_320/mycobot_320) by extensions ['colcon_pkg']
[0.144s] Level 1:colcon.colcon_core.package_identification:_identify(src/mycobot_ros2/mycobot_320/mycobot_320) by extension 'colcon_pkg'
[0.144s] Level 1:colcon.colcon_core.package_identification:_identify(src/mycobot_ros2/mycobot_320/mycobot_320) by extensions ['colcon_meta']
[0.144s] Level 1:colcon.colcon_core.package_identification:_identify(src/mycobot_ros2/mycobot_320/mycobot_320) by extension 'colcon_meta'
[0.144s] Level 1:colcon.colcon_core.package_identification:_identify(src/mycobot_ros2/mycobot_320/mycobot_320) by extensions ['ros']
[0.144s] Level 1:colcon.colcon_core.package_identification:_identify(src/mycobot_ros2/mycobot_320/mycobot_320) by extension 'ros'
[0.145s] DEBUG:colcon.colcon_core.package_identification:Package 'src/mycobot_ros2/mycobot_320/mycobot_320' with type 'ros.ament_python' and name 'mycobot_320'
[0.145s] Level 1:colcon.colcon_core.package_identification:_identify(src/mycobot_ros2/mycobot_320/mycobot_320_riscv) by extensions ['ignore', 'ignore_ament_install']
[0.145s] Level 1:colcon.colcon_core.package_identification:_identify(src/mycobot_ros2/mycobot_320/mycobot_320_riscv) by extension 'ignore'
[0.145s] Level 1:colcon.colcon_core.package_identification:_identify(src/mycobot_ros2/mycobot_320/mycobot_320_riscv) by extension 'ignore_ament_install'
[0.145s] Level 1:colcon.colcon_core.package_identification:_identify(src/mycobot_ros2/mycobot_320/mycobot_320_riscv) by extensions ['colcon_pkg']
[0.145s] Level 1:colcon.colcon_core.package_identification:_identify(src/mycobot_ros2/mycobot_320/mycobot_320_riscv) by extension 'colcon_pkg'
[0.145s] Level 1:colcon.colcon_core.package_identification:_identify(src/mycobot_ros2/mycobot_320/mycobot_320_riscv) by extensions ['colcon_meta']
[0.145s] Level 1:colcon.colcon_core.package_identification:_identify(src/mycobot_ros2/mycobot_320/mycobot_320_riscv) by extension 'colcon_meta'
[0.145s] Level 1:colcon.colcon_core.package_identification:_identify(src/mycobot_ros2/mycobot_320/mycobot_320_riscv) by extensions ['ros']
[0.145s] Level 1:colcon.colcon_core.package_identification:_identify(src/mycobot_ros2/mycobot_320/mycobot_320_riscv) by extension 'ros'
[0.146s] DEBUG:colcon.colcon_core.package_identification:Package 'src/mycobot_ros2/mycobot_320/mycobot_320_riscv' with type 'ros.ament_python' and name 'mycobot_320_riscv'
[0.146s] Level 1:colcon.colcon_core.package_identification:_identify(src/mycobot_ros2/mycobot_320/mycobot_320pi) by extensions ['ignore', 'ignore_ament_install']
[0.146s] Level 1:colcon.colcon_core.package_identification:_identify(src/mycobot_ros2/mycobot_320/mycobot_320pi) by extension 'ignore'
[0.146s] Level 1:colcon.colcon_core.package_identification:_identify(src/mycobot_ros2/mycobot_320/mycobot_320pi) by extension 'ignore_ament_install'
[0.146s] Level 1:colcon.colcon_core.package_identification:_identify(src/mycobot_ros2/mycobot_320/mycobot_320pi) by extensions ['colcon_pkg']
[0.146s] Level 1:colcon.colcon_core.package_identification:_identify(src/mycobot_ros2/mycobot_320/mycobot_320pi) by extension 'colcon_pkg'
[0.146s] Level 1:colcon.colcon_core.package_identification:_identify(src/mycobot_ros2/mycobot_320/mycobot_320pi) by extensions ['colcon_meta']
[0.146s] Level 1:colcon.colcon_core.package_identification:_identify(src/mycobot_ros2/mycobot_320/mycobot_320pi) by extension 'colcon_meta'
[0.146s] Level 1:colcon.colcon_core.package_identification:_identify(src/mycobot_ros2/mycobot_320/mycobot_320pi) by extensions ['ros']
[0.146s] Level 1:colcon.colcon_core.package_identification:_identify(src/mycobot_ros2/mycobot_320/mycobot_320pi) by extension 'ros'
[0.146s] DEBUG:colcon.colcon_core.package_identification:Package 'src/mycobot_ros2/mycobot_320/mycobot_320pi' with type 'ros.ament_python' and name 'mycobot_320pi'
[0.146s] Level 1:colcon.colcon_core.package_identification:_identify(src/mycobot_ros2/mycobot_communication) by extensions ['ignore', 'ignore_ament_install']
[0.146s] Level 1:colcon.colcon_core.package_identification:_identify(src/mycobot_ros2/mycobot_communication) by extension 'ignore'
[0.146s] Level 1:colcon.colcon_core.package_identification:_identify(src/mycobot_ros2/mycobot_communication) by extension 'ignore_ament_install'
[0.146s] Level 1:colcon.colcon_core.package_identification:_identify(src/mycobot_ros2/mycobot_communication) by extensions ['colcon_pkg']
[0.146s] Level 1:colcon.colcon_core.package_identification:_identify(src/mycobot_ros2/mycobot_communication) by extension 'colcon_pkg'
[0.147s] Level 1:colcon.colcon_core.package_identification:_identify(src/mycobot_ros2/mycobot_communication) by extensions ['colcon_meta']
[0.147s] Level 1:colcon.colcon_core.package_identification:_identify(src/mycobot_ros2/mycobot_communication) by extension 'colcon_meta'
[0.147s] Level 1:colcon.colcon_core.package_identification:_identify(src/mycobot_ros2/mycobot_communication) by extensions ['ros']
[0.147s] Level 1:colcon.colcon_core.package_identification:_identify(src/mycobot_ros2/mycobot_communication) by extension 'ros'
[0.147s] DEBUG:colcon.colcon_core.package_identification:Package 'src/mycobot_ros2/mycobot_communication' with type 'ros.ament_python' and name 'mycobot_communication'
[0.147s] Level 1:colcon.colcon_core.package_identification:_identify(src/mycobot_ros2/mycobot_description) by extensions ['ignore', 'ignore_ament_install']
[0.147s] Level 1:colcon.colcon_core.package_identification:_identify(src/mycobot_ros2/mycobot_description) by extension 'ignore'
[0.147s] Level 1:colcon.colcon_core.package_identification:_identify(src/mycobot_ros2/mycobot_description) by extension 'ignore_ament_install'
[0.147s] Level 1:colcon.colcon_core.package_identification:_identify(src/mycobot_ros2/mycobot_description) by extensions ['colcon_pkg']
[0.147s] Level 1:colcon.colcon_core.package_identification:_identify(src/mycobot_ros2/mycobot_description) by extension 'colcon_pkg'
[0.147s] Level 1:colcon.colcon_core.package_identification:_identify(src/mycobot_ros2/mycobot_description) by extensions ['colcon_meta']
[0.147s] Level 1:colcon.colcon_core.package_identification:_identify(src/mycobot_ros2/mycobot_description) by extension 'colcon_meta'
[0.147s] Level 1:colcon.colcon_core.package_identification:_identify(src/mycobot_ros2/mycobot_description) by extensions ['ros']
[0.147s] Level 1:colcon.colcon_core.package_identification:_identify(src/mycobot_ros2/mycobot_description) by extension 'ros'
[0.147s] DEBUG:colcon.colcon_core.package_identification:Package 'src/mycobot_ros2/mycobot_description' with type 'ros.ament_python' and name 'mycobot_description'
[0.147s] Level 1:colcon.colcon_core.package_identification:_identify(src/mycobot_ros2/mycobot_pro) by extensions ['ignore', 'ignore_ament_install']
[0.148s] Level 1:colcon.colcon_core.package_identification:_identify(src/mycobot_ros2/mycobot_pro) by extension 'ignore'
[0.148s] Level 1:colcon.colcon_core.package_identification:_identify(src/mycobot_ros2/mycobot_pro) by extension 'ignore_ament_install'
[0.148s] Level 1:colcon.colcon_core.package_identification:_identify(src/mycobot_ros2/mycobot_pro) by extensions ['colcon_pkg']
[0.148s] Level 1:colcon.colcon_core.package_identification:_identify(src/mycobot_ros2/mycobot_pro) by extension 'colcon_pkg'
[0.148s] Level 1:colcon.colcon_core.package_identification:_identify(src/mycobot_ros2/mycobot_pro) by extensions ['colcon_meta']
[0.148s] Level 1:colcon.colcon_core.package_identification:_identify(src/mycobot_ros2/mycobot_pro) by extension 'colcon_meta'
[0.148s] Level 1:colcon.colcon_core.package_identification:_identify(src/mycobot_ros2/mycobot_pro) by extensions ['ros']
[0.148s] Level 1:colcon.colcon_core.package_identification:_identify(src/mycobot_ros2/mycobot_pro) by extension 'ros'
[0.148s] Level 1:colcon.colcon_core.package_identification:_identify(src/mycobot_ros2/mycobot_pro) by extensions ['cmake', 'python']
[0.148s] Level 1:colcon.colcon_core.package_identification:_identify(src/mycobot_ros2/mycobot_pro) by extension 'cmake'
[0.148s] Level 1:colcon.colcon_core.package_identification:_identify(src/mycobot_ros2/mycobot_pro) by extension 'python'
[0.148s] Level 1:colcon.colcon_core.package_identification:_identify(src/mycobot_ros2/mycobot_pro) by extensions ['python_setup_py']
[0.148s] Level 1:colcon.colcon_core.package_identification:_identify(src/mycobot_ros2/mycobot_pro) by extension 'python_setup_py'
[0.148s] Level 1:colcon.colcon_core.package_identification:_identify(src/mycobot_ros2/mycobot_pro/mycobot_600) by extensions ['ignore', 'ignore_ament_install']
[0.148s] Level 1:colcon.colcon_core.package_identification:_identify(src/mycobot_ros2/mycobot_pro/mycobot_600) by extension 'ignore'
[0.148s] Level 1:colcon.colcon_core.package_identification:_identify(src/mycobot_ros2/mycobot_pro/mycobot_600) by extension 'ignore_ament_install'
[0.148s] Level 1:colcon.colcon_core.package_identification:_identify(src/mycobot_ros2/mycobot_pro/mycobot_600) by extensions ['colcon_pkg']
[0.148s] Level 1:colcon.colcon_core.package_identification:_identify(src/mycobot_ros2/mycobot_pro/mycobot_600) by extension 'colcon_pkg'
[0.148s] Level 1:colcon.colcon_core.package_identification:_identify(src/mycobot_ros2/mycobot_pro/mycobot_600) by extensions ['colcon_meta']
[0.148s] Level 1:colcon.colcon_core.package_identification:_identify(src/mycobot_ros2/mycobot_pro/mycobot_600) by extension 'colcon_meta'
[0.148s] Level 1:colcon.colcon_core.package_identification:_identify(src/mycobot_ros2/mycobot_pro/mycobot_600) by extensions ['ros']
[0.148s] Level 1:colcon.colcon_core.package_identification:_identify(src/mycobot_ros2/mycobot_pro/mycobot_600) by extension 'ros'
[0.148s] DEBUG:colcon.colcon_core.package_identification:Package 'src/mycobot_ros2/mycobot_pro/mycobot_600' with type 'ros.ament_python' and name 'mycobot_600'
[0.149s] Level 1:colcon.colcon_core.package_identification:_identify(src/mycobot_ros2/mycobot_pro/mycobot_630) by extensions ['ignore', 'ignore_ament_install']
[0.149s] Level 1:colcon.colcon_core.package_identification:_identify(src/mycobot_ros2/mycobot_pro/mycobot_630) by extension 'ignore'
[0.149s] Level 1:colcon.colcon_core.package_identification:_identify(src/mycobot_ros2/mycobot_pro/mycobot_630) by extension 'ignore_ament_install'
[0.149s] Level 1:colcon.colcon_core.package_identification:_identify(src/mycobot_ros2/mycobot_pro/mycobot_630) by extensions ['colcon_pkg']
[0.149s] Level 1:colcon.colcon_core.package_identification:_identify(src/mycobot_ros2/mycobot_pro/mycobot_630) by extension 'colcon_pkg'
[0.149s] Level 1:colcon.colcon_core.package_identification:_identify(src/mycobot_ros2/mycobot_pro/mycobot_630) by extensions ['colcon_meta']
[0.149s] Level 1:colcon.colcon_core.package_identification:_identify(src/mycobot_ros2/mycobot_pro/mycobot_630) by extension 'colcon_meta'
[0.149s] Level 1:colcon.colcon_core.package_identification:_identify(src/mycobot_ros2/mycobot_pro/mycobot_630) by extensions ['ros']
[0.149s] Level 1:colcon.colcon_core.package_identification:_identify(src/mycobot_ros2/mycobot_pro/mycobot_630) by extension 'ros'
[0.149s] DEBUG:colcon.colcon_core.package_identification:Package 'src/mycobot_ros2/mycobot_pro/mycobot_630' with type 'ros.ament_python' and name 'mycobot_630'
[0.149s] Level 1:colcon.colcon_core.package_identification:_identify(src/mycobot_ros2/mycobot_pro/mycobot_pro450_interfaces) by extensions ['ignore', 'ignore_ament_install']
[0.150s] Level 1:colcon.colcon_core.package_identification:_identify(src/mycobot_ros2/mycobot_pro/mycobot_pro450_interfaces) by extension 'ignore'
[0.150s] Level 1:colcon.colcon_core.package_identification:_identify(src/mycobot_ros2/mycobot_pro/mycobot_pro450_interfaces) by extension 'ignore_ament_install'
[0.150s] Level 1:colcon.colcon_core.package_identification:_identify(src/mycobot_ros2/mycobot_pro/mycobot_pro450_interfaces) by extensions ['colcon_pkg']
[0.150s] Level 1:colcon.colcon_core.package_identification:_identify(src/mycobot_ros2/mycobot_pro/mycobot_pro450_interfaces) by extension 'colcon_pkg'
[0.150s] Level 1:colcon.colcon_core.package_identification:_identify(src/mycobot_ros2/mycobot_pro/mycobot_pro450_interfaces) by extensions ['colcon_meta']
[0.150s] Level 1:colcon.colcon_core.package_identification:_identify(src/mycobot_ros2/mycobot_pro/mycobot_pro450_interfaces) by extension 'colcon_meta'
[0.150s] Level 1:colcon.colcon_core.package_identification:_identify(src/mycobot_ros2/mycobot_pro/mycobot_pro450_interfaces) by extensions ['ros']
[0.150s] Level 1:colcon.colcon_core.package_identification:_identify(src/mycobot_ros2/mycobot_pro/mycobot_pro450_interfaces) by extension 'ros'
[0.150s] DEBUG:colcon.colcon_core.package_identification:Package 'src/mycobot_ros2/mycobot_pro/mycobot_pro450_interfaces' with type 'ros.ament_cmake' and name 'mycobot_pro450_interfaces'
[0.150s] Level 1:colcon.colcon_core.package_identification:_identify(src/mycobot_ros2/mycobot_pro/mycobot_pro_450) by extensions ['ignore', 'ignore_ament_install']
[0.151s] Level 1:colcon.colcon_core.package_identification:_identify(src/mycobot_ros2/mycobot_pro/mycobot_pro_450) by extension 'ignore'
[0.151s] Level 1:colcon.colcon_core.package_identification:_identify(src/mycobot_ros2/mycobot_pro/mycobot_pro_450) by extension 'ignore_ament_install'
[0.151s] Level 1:colcon.colcon_core.package_identification:_identify(src/mycobot_ros2/mycobot_pro/mycobot_pro_450) by extensions ['colcon_pkg']
[0.151s] Level 1:colcon.colcon_core.package_identification:_identify(src/mycobot_ros2/mycobot_pro/mycobot_pro_450) by extension 'colcon_pkg'
[0.151s] Level 1:colcon.colcon_core.package_identification:_identify(src/mycobot_ros2/mycobot_pro/mycobot_pro_450) by extensions ['colcon_meta']
[0.151s] Level 1:colcon.colcon_core.package_identification:_identify(src/mycobot_ros2/mycobot_pro/mycobot_pro_450) by extension 'colcon_meta'
[0.151s] Level 1:colcon.colcon_core.package_identification:_identify(src/mycobot_ros2/mycobot_pro/mycobot_pro_450) by extensions ['ros']
[0.151s] Level 1:colcon.colcon_core.package_identification:_identify(src/mycobot_ros2/mycobot_pro/mycobot_pro_450) by extension 'ros'
[0.151s] DEBUG:colcon.colcon_core.package_identification:Package 'src/mycobot_ros2/mycobot_pro/mycobot_pro_450' with type 'ros.ament_python' and name 'mycobot_pro_450'
[0.151s] Level 1:colcon.colcon_core.package_identification:_identify(src/mycobot_ros2/mycobot_pro/pro450_moveit2) by extensions ['ignore', 'ignore_ament_install']
[0.151s] Level 1:colcon.colcon_core.package_identification:_identify(src/mycobot_ros2/mycobot_pro/pro450_moveit2) by extension 'ignore'
[0.151s] Level 1:colcon.colcon_core.package_identification:_identify(src/mycobot_ros2/mycobot_pro/pro450_moveit2) by extension 'ignore_ament_install'
[0.151s] Level 1:colcon.colcon_core.package_identification:_identify(src/mycobot_ros2/mycobot_pro/pro450_moveit2) by extensions ['colcon_pkg']
[0.151s] Level 1:colcon.colcon_core.package_identification:_identify(src/mycobot_ros2/mycobot_pro/pro450_moveit2) by extension 'colcon_pkg'
[0.151s] Level 1:colcon.colcon_core.package_identification:_identify(src/mycobot_ros2/mycobot_pro/pro450_moveit2) by extensions ['colcon_meta']
[0.151s] Level 1:colcon.colcon_core.package_identification:_identify(src/mycobot_ros2/mycobot_pro/pro450_moveit2) by extension 'colcon_meta'
[0.151s] Level 1:colcon.colcon_core.package_identification:_identify(src/mycobot_ros2/mycobot_pro/pro450_moveit2) by extensions ['ros']
[0.151s] Level 1:colcon.colcon_core.package_identification:_identify(src/mycobot_ros2/mycobot_pro/pro450_moveit2) by extension 'ros'
[0.152s] DEBUG:colcon.colcon_core.package_identification:Package 'src/mycobot_ros2/mycobot_pro/pro450_moveit2' with type 'ros.ament_cmake' and name 'pro450_moveit2'
[0.152s] Level 1:colcon.colcon_core.package_identification:_identify(src/mycobot_ros2/mycobot_pro/pro450_moveit2_control) by extensions ['ignore', 'ignore_ament_install']
[0.152s] Level 1:colcon.colcon_core.package_identification:_identify(src/mycobot_ros2/mycobot_pro/pro450_moveit2_control) by extension 'ignore'
[0.152s] Level 1:colcon.colcon_core.package_identification:_identify(src/mycobot_ros2/mycobot_pro/pro450_moveit2_control) by extension 'ignore_ament_install'
[0.152s] Level 1:colcon.colcon_core.package_identification:_identify(src/mycobot_ros2/mycobot_pro/pro450_moveit2_control) by extensions ['colcon_pkg']
[0.152s] Level 1:colcon.colcon_core.package_identification:_identify(src/mycobot_ros2/mycobot_pro/pro450_moveit2_control) by extension 'colcon_pkg'
[0.152s] Level 1:colcon.colcon_core.package_identification:_identify(src/mycobot_ros2/mycobot_pro/pro450_moveit2_control) by extensions ['colcon_meta']
[0.152s] Level 1:colcon.colcon_core.package_identification:_identify(src/mycobot_ros2/mycobot_pro/pro450_moveit2_control) by extension 'colcon_meta'
[0.152s] Level 1:colcon.colcon_core.package_identification:_identify(src/mycobot_ros2/mycobot_pro/pro450_moveit2_control) by extensions ['ros']
[0.152s] Level 1:colcon.colcon_core.package_identification:_identify(src/mycobot_ros2/mycobot_pro/pro450_moveit2_control) by extension 'ros'
[0.153s] DEBUG:colcon.colcon_core.package_identification:Package 'src/mycobot_ros2/mycobot_pro/pro450_moveit2_control' with type 'ros.ament_python' and name 'pro450_moveit2_control'
[0.153s] Level 1:colcon.colcon_core.package_identification:_identify(src/mycobot_ros2/mypalletizer_260) by extensions ['ignore', 'ignore_ament_install']
[0.153s] Level 1:colcon.colcon_core.package_identification:_identify(src/mycobot_ros2/mypalletizer_260) by extension 'ignore'
[0.153s] Level 1:colcon.colcon_core.package_identification:_identify(src/mycobot_ros2/mypalletizer_260) by extension 'ignore_ament_install'
[0.153s] Level 1:colcon.colcon_core.package_identification:_identify(src/mycobot_ros2/mypalletizer_260) by extensions ['colcon_pkg']
[0.153s] Level 1:colcon.colcon_core.package_identification:_identify(src/mycobot_ros2/mypalletizer_260) by extension 'colcon_pkg'
[0.153s] Level 1:colcon.colcon_core.package_identification:_identify(src/mycobot_ros2/mypalletizer_260) by extensions ['colcon_meta']
[0.153s] Level 1:colcon.colcon_core.package_identification:_identify(src/mycobot_ros2/mypalletizer_260) by extension 'colcon_meta'
[0.153s] Level 1:colcon.colcon_core.package_identification:_identify(src/mycobot_ros2/mypalletizer_260) by extensions ['ros']
[0.153s] Level 1:colcon.colcon_core.package_identification:_identify(src/mycobot_ros2/mypalletizer_260) by extension 'ros'
[0.153s] Level 1:colcon.colcon_core.package_identification:_identify(src/mycobot_ros2/mypalletizer_260) by extensions ['cmake', 'python']
[0.153s] Level 1:colcon.colcon_core.package_identification:_identify(src/mycobot_ros2/mypalletizer_260) by extension 'cmake'
[0.153s] Level 1:colcon.colcon_core.package_identification:_identify(src/mycobot_ros2/mypalletizer_260) by extension 'python'
[0.153s] Level 1:colcon.colcon_core.package_identification:_identify(src/mycobot_ros2/mypalletizer_260) by extensions ['python_setup_py']
[0.153s] Level 1:colcon.colcon_core.package_identification:_identify(src/mycobot_ros2/mypalletizer_260) by extension 'python_setup_py'
[0.153s] Level 1:colcon.colcon_core.package_identification:_identify(src/mycobot_ros2/mypalletizer_260/mypalletizer_260) by extensions ['ignore', 'ignore_ament_install']
[0.153s] Level 1:colcon.colcon_core.package_identification:_identify(src/mycobot_ros2/mypalletizer_260/mypalletizer_260) by extension 'ignore'
[0.153s] Level 1:colcon.colcon_core.package_identification:_identify(src/mycobot_ros2/mypalletizer_260/mypalletizer_260) by extension 'ignore_ament_install'
[0.153s] Level 1:colcon.colcon_core.package_identification:_identify(src/mycobot_ros2/mypalletizer_260/mypalletizer_260) by extensions ['colcon_pkg']
[0.153s] Level 1:colcon.colcon_core.package_identification:_identify(src/mycobot_ros2/mypalletizer_260/mypalletizer_260) by extension 'colcon_pkg'
[0.153s] Level 1:colcon.colcon_core.package_identification:_identify(src/mycobot_ros2/mypalletizer_260/mypalletizer_260) by extensions ['colcon_meta']
[0.153s] Level 1:colcon.colcon_core.package_identification:_identify(src/mycobot_ros2/mypalletizer_260/mypalletizer_260) by extension 'colcon_meta'
[0.153s] Level 1:colcon.colcon_core.package_identification:_identify(src/mycobot_ros2/mypalletizer_260/mypalletizer_260) by extensions ['ros']
[0.153s] Level 1:colcon.colcon_core.package_identification:_identify(src/mycobot_ros2/mypalletizer_260/mypalletizer_260) by extension 'ros'
[0.154s] DEBUG:colcon.colcon_core.package_identification:Package 'src/mycobot_ros2/mypalletizer_260/mypalletizer_260' with type 'ros.ament_python' and name 'mypalletizer_260'
[0.154s] Level 1:colcon.colcon_core.package_identification:_identify(src/mycobot_ros2/mypalletizer_260/mypalletizer_260_pi) by extensions ['ignore', 'ignore_ament_install']
[0.154s] Level 1:colcon.colcon_core.package_identification:_identify(src/mycobot_ros2/mypalletizer_260/mypalletizer_260_pi) by extension 'ignore'
[0.154s] Level 1:colcon.colcon_core.package_identification:_identify(src/mycobot_ros2/mypalletizer_260/mypalletizer_260_pi) by extension 'ignore_ament_install'
[0.154s] Level 1:colcon.colcon_core.package_identification:_identify(src/mycobot_ros2/mypalletizer_260/mypalletizer_260_pi) by extensions ['colcon_pkg']
[0.154s] Level 1:colcon.colcon_core.package_identification:_identify(src/mycobot_ros2/mypalletizer_260/mypalletizer_260_pi) by extension 'colcon_pkg'
[0.154s] Level 1:colcon.colcon_core.package_identification:_identify(src/mycobot_ros2/mypalletizer_260/mypalletizer_260_pi) by extensions ['colcon_meta']
[0.154s] Level 1:colcon.colcon_core.package_identification:_identify(src/mycobot_ros2/mypalletizer_260/mypalletizer_260_pi) by extension 'colcon_meta'
[0.154s] Level 1:colcon.colcon_core.package_identification:_identify(src/mycobot_ros2/mypalletizer_260/mypalletizer_260_pi) by extensions ['ros']
[0.154s] Level 1:colcon.colcon_core.package_identification:_identify(src/mycobot_ros2/mypalletizer_260/mypalletizer_260_pi) by extension 'ros'
[0.154s] DEBUG:colcon.colcon_core.package_identification:Package 'src/mycobot_ros2/mypalletizer_260/mypalletizer_260_pi' with type 'ros.ament_python' and name 'mypalletizer_260_pi'
[0.154s] Level 1:colcon.colcon_core.package_identification:_identify(src/mycobot_ros2/mypalletizer_260/mypalletizer_communication) by extensions ['ignore', 'ignore_ament_install']
[0.154s] Level 1:colcon.colcon_core.package_identification:_identify(src/mycobot_ros2/mypalletizer_260/mypalletizer_communication) by extension 'ignore'
[0.154s] Level 1:colcon.colcon_core.package_identification:_identify(src/mycobot_ros2/mypalletizer_260/mypalletizer_communication) by extension 'ignore_ament_install'
[0.154s] Level 1:colcon.colcon_core.package_identification:_identify(src/mycobot_ros2/mypalletizer_260/mypalletizer_communication) by extensions ['colcon_pkg']
[0.155s] Level 1:colcon.colcon_core.package_identification:_identify(src/mycobot_ros2/mypalletizer_260/mypalletizer_communication) by extension 'colcon_pkg'
[0.155s] Level 1:colcon.colcon_core.package_identification:_identify(src/mycobot_ros2/mypalletizer_260/mypalletizer_communication) by extensions ['colcon_meta']
[0.155s] Level 1:colcon.colcon_core.package_identification:_identify(src/mycobot_ros2/mypalletizer_260/mypalletizer_communication) by extension 'colcon_meta'
[0.155s] Level 1:colcon.colcon_core.package_identification:_identify(src/mycobot_ros2/mypalletizer_260/mypalletizer_communication) by extensions ['ros']
[0.155s] Level 1:colcon.colcon_core.package_identification:_identify(src/mycobot_ros2/mypalletizer_260/mypalletizer_communication) by extension 'ros'
[0.155s] DEBUG:colcon.colcon_core.package_identification:Package 'src/mycobot_ros2/mypalletizer_260/mypalletizer_communication' with type 'ros.ament_python' and name 'mypalletizer_communication'
[0.155s] Level 1:colcon.colcon_core.package_identification:_identify(src/mycobot_ros2/mypalletizer_260/mypalletizer_interfaces) by extensions ['ignore', 'ignore_ament_install']
[0.155s] Level 1:colcon.colcon_core.package_identification:_identify(src/mycobot_ros2/mypalletizer_260/mypalletizer_interfaces) by extension 'ignore'
[0.155s] Level 1:colcon.colcon_core.package_identification:_identify(src/mycobot_ros2/mypalletizer_260/mypalletizer_interfaces) by extension 'ignore_ament_install'
[0.155s] Level 1:colcon.colcon_core.package_identification:_identify(src/mycobot_ros2/mypalletizer_260/mypalletizer_interfaces) by extensions ['colcon_pkg']
[0.155s] Level 1:colcon.colcon_core.package_identification:_identify(src/mycobot_ros2/mypalletizer_260/mypalletizer_interfaces) by extension 'colcon_pkg'
[0.155s] Level 1:colcon.colcon_core.package_identification:_identify(src/mycobot_ros2/mypalletizer_260/mypalletizer_interfaces) by extensions ['colcon_meta']
[0.155s] Level 1:colcon.colcon_core.package_identification:_identify(src/mycobot_ros2/mypalletizer_260/mypalletizer_interfaces) by extension 'colcon_meta'
[0.155s] Level 1:colcon.colcon_core.package_identification:_identify(src/mycobot_ros2/mypalletizer_260/mypalletizer_interfaces) by extensions ['ros']
[0.155s] Level 1:colcon.colcon_core.package_identification:_identify(src/mycobot_ros2/mypalletizer_260/mypalletizer_interfaces) by extension 'ros'
[0.156s] DEBUG:colcon.colcon_core.package_identification:Package 'src/mycobot_ros2/mypalletizer_260/mypalletizer_interfaces' with type 'ros.ament_cmake' and name 'mypalletizer_interfaces'
[0.156s] Level 1:colcon.colcon_core.package_identification:_identify(src/mycobot_ros2/ultraArm) by extensions ['ignore', 'ignore_ament_install']
[0.156s] Level 1:colcon.colcon_core.package_identification:_identify(src/mycobot_ros2/ultraArm) by extension 'ignore'
[0.156s] Level 1:colcon.colcon_core.package_identification:_identify(src/mycobot_ros2/ultraArm) by extension 'ignore_ament_install'
[0.156s] Level 1:colcon.colcon_core.package_identification:_identify(src/mycobot_ros2/ultraArm) by extensions ['colcon_pkg']
[0.156s] Level 1:colcon.colcon_core.package_identification:_identify(src/mycobot_ros2/ultraArm) by extension 'colcon_pkg'
[0.156s] Level 1:colcon.colcon_core.package_identification:_identify(src/mycobot_ros2/ultraArm) by extensions ['colcon_meta']
[0.156s] Level 1:colcon.colcon_core.package_identification:_identify(src/mycobot_ros2/ultraArm) by extension 'colcon_meta'
[0.156s] Level 1:colcon.colcon_core.package_identification:_identify(src/mycobot_ros2/ultraArm) by extensions ['ros']
[0.156s] Level 1:colcon.colcon_core.package_identification:_identify(src/mycobot_ros2/ultraArm) by extension 'ros'
[0.156s] Level 1:colcon.colcon_core.package_identification:_identify(src/mycobot_ros2/ultraArm) by extensions ['cmake', 'python']
[0.156s] Level 1:colcon.colcon_core.package_identification:_identify(src/mycobot_ros2/ultraArm) by extension 'cmake'
[0.156s] Level 1:colcon.colcon_core.package_identification:_identify(src/mycobot_ros2/ultraArm) by extension 'python'
[0.156s] Level 1:colcon.colcon_core.package_identification:_identify(src/mycobot_ros2/ultraArm) by extensions ['python_setup_py']
[0.156s] Level 1:colcon.colcon_core.package_identification:_identify(src/mycobot_ros2/ultraArm) by extension 'python_setup_py'
[0.156s] Level 1:colcon.colcon_core.package_identification:_identify(src/mycobot_ros2/ultraArm/ultraArm_Testtool) by extensions ['ignore', 'ignore_ament_install']
[0.156s] Level 1:colcon.colcon_core.package_identification:_identify(src/mycobot_ros2/ultraArm/ultraArm_Testtool) by extension 'ignore'
[0.156s] Level 1:colcon.colcon_core.package_identification:_identify(src/mycobot_ros2/ultraArm/ultraArm_Testtool) by extension 'ignore_ament_install'
[0.156s] Level 1:colcon.colcon_core.package_identification:_identify(src/mycobot_ros2/ultraArm/ultraArm_Testtool) by extensions ['colcon_pkg']
[0.156s] Level 1:colcon.colcon_core.package_identification:_identify(src/mycobot_ros2/ultraArm/ultraArm_Testtool) by extension 'colcon_pkg'
[0.156s] Level 1:colcon.colcon_core.package_identification:_identify(src/mycobot_ros2/ultraArm/ultraArm_Testtool) by extensions ['colcon_meta']
[0.156s] Level 1:colcon.colcon_core.package_identification:_identify(src/mycobot_ros2/ultraArm/ultraArm_Testtool) by extension 'colcon_meta'
[0.156s] Level 1:colcon.colcon_core.package_identification:_identify(src/mycobot_ros2/ultraArm/ultraArm_Testtool) by extensions ['ros']
[0.156s] Level 1:colcon.colcon_core.package_identification:_identify(src/mycobot_ros2/ultraArm/ultraArm_Testtool) by extension 'ros'
[0.156s] Level 1:colcon.colcon_core.package_identification:_identify(src/mycobot_ros2/ultraArm/ultraArm_Testtool) by extensions ['cmake', 'python']
[0.156s] Level 1:colcon.colcon_core.package_identification:_identify(src/mycobot_ros2/ultraArm/ultraArm_Testtool) by extension 'cmake'
[0.156s] Level 1:colcon.colcon_core.package_identification:_identify(src/mycobot_ros2/ultraArm/ultraArm_Testtool) by extension 'python'
[0.156s] Level 1:colcon.colcon_core.package_identification:_identify(src/mycobot_ros2/ultraArm/ultraArm_Testtool) by extensions ['python_setup_py']
[0.156s] Level 1:colcon.colcon_core.package_identification:_identify(src/mycobot_ros2/ultraArm/ultraArm_Testtool) by extension 'python_setup_py'
[0.156s] Level 1:colcon.colcon_core.package_identification:_identify(src/mycobot_ros2/ultraArm/ultraArm_Testtool/__pycache__) by extensions ['ignore', 'ignore_ament_install']
[0.157s] Level 1:colcon.colcon_core.package_identification:_identify(src/mycobot_ros2/ultraArm/ultraArm_Testtool/__pycache__) by extension 'ignore'
[0.157s] Level 1:colcon.colcon_core.package_identification:_identify(src/mycobot_ros2/ultraArm/ultraArm_Testtool/__pycache__) by extension 'ignore_ament_install'
[0.157s] Level 1:colcon.colcon_core.package_identification:_identify(src/mycobot_ros2/ultraArm/ultraArm_Testtool/__pycache__) by extensions ['colcon_pkg']
[0.157s] Level 1:colcon.colcon_core.package_identification:_identify(src/mycobot_ros2/ultraArm/ultraArm_Testtool/__pycache__) by extension 'colcon_pkg'
[0.157s] Level 1:colcon.colcon_core.package_identification:_identify(src/mycobot_ros2/ultraArm/ultraArm_Testtool/__pycache__) by extensions ['colcon_meta']
[0.157s] Level 1:colcon.colcon_core.package_identification:_identify(src/mycobot_ros2/ultraArm/ultraArm_Testtool/__pycache__) by extension 'colcon_meta'
[0.157s] Level 1:colcon.colcon_core.package_identification:_identify(src/mycobot_ros2/ultraArm/ultraArm_Testtool/__pycache__) by extensions ['ros']
[0.157s] Level 1:colcon.colcon_core.package_identification:_identify(src/mycobot_ros2/ultraArm/ultraArm_Testtool/__pycache__) by extension 'ros'
[0.157s] Level 1:colcon.colcon_core.package_identification:_identify(src/mycobot_ros2/ultraArm/ultraArm_Testtool/__pycache__) by extensions ['cmake', 'python']
[0.157s] Level 1:colcon.colcon_core.package_identification:_identify(src/mycobot_ros2/ultraArm/ultraArm_Testtool/__pycache__) by extension 'cmake'
[0.157s] Level 1:colcon.colcon_core.package_identification:_identify(src/mycobot_ros2/ultraArm/ultraArm_Testtool/__pycache__) by extension 'python'
[0.157s] Level 1:colcon.colcon_core.package_identification:_identify(src/mycobot_ros2/ultraArm/ultraArm_Testtool/__pycache__) by extensions ['python_setup_py']
[0.157s] Level 1:colcon.colcon_core.package_identification:_identify(src/mycobot_ros2/ultraArm/ultraArm_Testtool/__pycache__) by extension 'python_setup_py'
[0.157s] Level 1:colcon.colcon_core.package_identification:_identify(src/mycobot_ros2/ultraArm/ultraarm) by extensions ['ignore', 'ignore_ament_install']
[0.157s] Level 1:colcon.colcon_core.package_identification:_identify(src/mycobot_ros2/ultraArm/ultraarm) by extension 'ignore'
[0.157s] Level 1:colcon.colcon_core.package_identification:_identify(src/mycobot_ros2/ultraArm/ultraarm) by extension 'ignore_ament_install'
[0.157s] Level 1:colcon.colcon_core.package_identification:_identify(src/mycobot_ros2/ultraArm/ultraarm) by extensions ['colcon_pkg']
[0.157s] Level 1:colcon.colcon_core.package_identification:_identify(src/mycobot_ros2/ultraArm/ultraarm) by extension 'colcon_pkg'
[0.157s] Level 1:colcon.colcon_core.package_identification:_identify(src/mycobot_ros2/ultraArm/ultraarm) by extensions ['colcon_meta']
[0.157s] Level 1:colcon.colcon_core.package_identification:_identify(src/mycobot_ros2/ultraArm/ultraarm) by extension 'colcon_meta'
[0.157s] Level 1:colcon.colcon_core.package_identification:_identify(src/mycobot_ros2/ultraArm/ultraarm) by extensions ['ros']
[0.157s] Level 1:colcon.colcon_core.package_identification:_identify(src/mycobot_ros2/ultraArm/ultraarm) by extension 'ros'
[0.158s] DEBUG:colcon.colcon_core.package_identification:Package 'src/mycobot_ros2/ultraArm/ultraarm' with type 'ros.ament_python' and name 'ultraarm'
[0.158s] Level 1:colcon.colcon_core.package_discovery:discover_packages(recursive) using defaults
[0.158s] Level 1:colcon.colcon_core.package_discovery:discover_packages(ignore) discover
[0.158s] Level 1:colcon.colcon_core.package_discovery:discover_packages(ignore) using defaults
[0.158s] Level 1:colcon.colcon_core.package_discovery:discover_packages(path) discover
[0.158s] Level 1:colcon.colcon_core.package_discovery:discover_packages(path) using defaults
[0.177s] Level 1:colcon.colcon_core.package_discovery:discover_packages(prefix_path) check parameters
[0.177s] Level 1:colcon.colcon_core.package_discovery:discover_packages(prefix_path) discover
[0.180s] DEBUG:colcon.colcon_installed_package_information.package_discovery:Found 38 installed packages in /home/amin/cobot/cobot_ws/install
[0.181s] DEBUG:colcon.colcon_installed_package_information.package_discovery:Found 416 installed packages in /opt/ros/jazzy
[0.181s] Level 1:colcon.colcon_core.package_discovery:discover_packages(prefix_path) using defaults
[0.226s] Level 5:colcon.colcon_core.verb:set package 'mecharm_interfaces' build argument 'cmake_args' from command line to 'None'
[0.226s] Level 5:colcon.colcon_core.verb:set package 'mecharm_interfaces' build argument 'cmake_target' from command line to 'None'
[0.226s] Level 5:colcon.colcon_core.verb:set package 'mecharm_interfaces' build argument 'cmake_target_skip_unavailable' from command line to 'False'
[0.226s] Level 5:colcon.colcon_core.verb:set package 'mecharm_interfaces' build argument 'cmake_clean_cache' from command line to 'False'
[0.226s] Level 5:colcon.colcon_core.verb:set package 'mecharm_interfaces' build argument 'cmake_clean_first' from command line to 'False'
[0.226s] Level 5:colcon.colcon_core.verb:set package 'mecharm_interfaces' build argument 'cmake_force_configure' from command line to 'False'
[0.226s] Level 5:colcon.colcon_core.verb:set package 'mecharm_interfaces' build argument 'ament_cmake_args' from command line to 'None'
[0.227s] Level 5:colcon.colcon_core.verb:set package 'mecharm_interfaces' build argument 'catkin_cmake_args' from command line to 'None'
[0.227s] Level 5:colcon.colcon_core.verb:set package 'mecharm_interfaces' build argument 'catkin_skip_building_tests' from command line to 'False'
[0.227s] DEBUG:colcon.colcon_core.verb:Building package 'mecharm_interfaces' with the following arguments: {'ament_cmake_args': None, 'build_base': '/home/amin/cobot/cobot_ws/build/mecharm_interfaces', 'catkin_cmake_args': None, 'catkin_skip_building_tests': False, 'cmake_args': None, 'cmake_clean_cache': False, 'cmake_clean_first': False, 'cmake_force_configure': False, 'cmake_target': None, 'cmake_target_skip_unavailable': False, 'install_base': '/home/amin/cobot/cobot_ws/install/mecharm_interfaces', 'merge_install': False, 'path': '/home/amin/cobot/cobot_ws/src/mycobot_ros2/mecharm/mecharm_interfaces', 'symlink_install': False, 'test_result_base': None}
[0.227s] Level 5:colcon.colcon_core.verb:set package 'mycobot_description' build argument 'cmake_args' from command line to 'None'
[0.227s] Level 5:colcon.colcon_core.verb:set package 'mycobot_description' build argument 'cmake_target' from command line to 'None'
[0.227s] Level 5:colcon.colcon_core.verb:set package 'mycobot_description' build argument 'cmake_target_skip_unavailable' from command line to 'False'
[0.227s] Level 5:colcon.colcon_core.verb:set package 'mycobot_description' build argument 'cmake_clean_cache' from command line to 'False'
[0.227s] Level 5:colcon.colcon_core.verb:set package 'mycobot_description' build argument 'cmake_clean_first' from command line to 'False'
[0.227s] Level 5:colcon.colcon_core.verb:set package 'mycobot_description' build argument 'cmake_force_configure' from command line to 'False'
[0.227s] Level 5:colcon.colcon_core.verb:set package 'mycobot_description' build argument 'ament_cmake_args' from command line to 'None'
[0.227s] Level 5:colcon.colcon_core.verb:set package 'mycobot_description' build argument 'catkin_cmake_args' from command line to 'None'
[0.227s] Level 5:colcon.colcon_core.verb:set package 'mycobot_description' build argument 'catkin_skip_building_tests' from command line to 'False'
[0.227s] DEBUG:colcon.colcon_core.verb:Building package 'mycobot_description' with the following arguments: {'ament_cmake_args': None, 'build_base': '/home/amin/cobot/cobot_ws/build/mycobot_description', 'catkin_cmake_args': None, 'catkin_skip_building_tests': False, 'cmake_args': None, 'cmake_clean_cache': False, 'cmake_clean_first': False, 'cmake_force_configure': False, 'cmake_target': None, 'cmake_target_skip_unavailable': False, 'install_base': '/home/amin/cobot/cobot_ws/install/mycobot_description', 'merge_install': False, 'path': '/home/amin/cobot/cobot_ws/src/mycobot_ros2/mycobot_description', 'symlink_install': False, 'test_result_base': None}
[0.227s] Level 5:colcon.colcon_core.verb:set package 'mycobot_interfaces' build argument 'cmake_args' from command line to 'None'
[0.227s] Level 5:colcon.colcon_core.verb:set package 'mycobot_interfaces' build argument 'cmake_target' from command line to 'None'
[0.227s] Level 5:colcon.colcon_core.verb:set package 'mycobot_interfaces' build argument 'cmake_target_skip_unavailable' from command line to 'False'
[0.227s] Level 5:colcon.colcon_core.verb:set package 'mycobot_interfaces' build argument 'cmake_clean_cache' from command line to 'False'
[0.227s] Level 5:colcon.colcon_core.verb:set package 'mycobot_interfaces' build argument 'cmake_clean_first' from command line to 'False'
[0.227s] Level 5:colcon.colcon_core.verb:set package 'mycobot_interfaces' build argument 'cmake_force_configure' from command line to 'False'
[0.227s] Level 5:colcon.colcon_core.verb:set package 'mycobot_interfaces' build argument 'ament_cmake_args' from command line to 'None'
[0.227s] Level 5:colcon.colcon_core.verb:set package 'mycobot_interfaces' build argument 'catkin_cmake_args' from command line to 'None'
[0.227s] Level 5:colcon.colcon_core.verb:set package 'mycobot_interfaces' build argument 'catkin_skip_building_tests' from command line to 'False'
[0.227s] DEBUG:colcon.colcon_core.verb:Building package 'mycobot_interfaces' with the following arguments: {'ament_cmake_args': None, 'build_base': '/home/amin/cobot/cobot_ws/build/mycobot_interfaces', 'catkin_cmake_args': None, 'catkin_skip_building_tests': False, 'cmake_args': None, 'cmake_clean_cache': False, 'cmake_clean_first': False, 'cmake_force_configure': False, 'cmake_target': None, 'cmake_target_skip_unavailable': False, 'install_base': '/home/amin/cobot/cobot_ws/install/mycobot_interfaces', 'merge_install': False, 'path': '/home/amin/cobot/cobot_ws/src/mycobot_ros2/mycobot_280/mycobot_interfaces', 'symlink_install': False, 'test_result_base': None}
[0.227s] Level 5:colcon.colcon_core.verb:set package 'mycobot_pro450_interfaces' build argument 'cmake_args' from command line to 'None'
[0.227s] Level 5:colcon.colcon_core.verb:set package 'mycobot_pro450_interfaces' build argument 'cmake_target' from command line to 'None'
[0.227s] Level 5:colcon.colcon_core.verb:set package 'mycobot_pro450_interfaces' build argument 'cmake_target_skip_unavailable' from command line to 'False'
[0.227s] Level 5:colcon.colcon_core.verb:set package 'mycobot_pro450_interfaces' build argument 'cmake_clean_cache' from command line to 'False'
[0.227s] Level 5:colcon.colcon_core.verb:set package 'mycobot_pro450_interfaces' build argument 'cmake_clean_first' from command line to 'False'
[0.227s] Level 5:colcon.colcon_core.verb:set package 'mycobot_pro450_interfaces' build argument 'cmake_force_configure' from command line to 'False'
[0.227s] Level 5:colcon.colcon_core.verb:set package 'mycobot_pro450_interfaces' build argument 'ament_cmake_args' from command line to 'None'
[0.227s] Level 5:colcon.colcon_core.verb:set package 'mycobot_pro450_interfaces' build argument 'catkin_cmake_args' from command line to 'None'
[0.227s] Level 5:colcon.colcon_core.verb:set package 'mycobot_pro450_interfaces' build argument 'catkin_skip_building_tests' from command line to 'False'
[0.227s] DEBUG:colcon.colcon_core.verb:Building package 'mycobot_pro450_interfaces' with the following arguments: {'ament_cmake_args': None, 'build_base': '/home/amin/cobot/cobot_ws/build/mycobot_pro450_interfaces', 'catkin_cmake_args': None, 'catkin_skip_building_tests': False, 'cmake_args': None, 'cmake_clean_cache': False, 'cmake_clean_first': False, 'cmake_force_configure': False, 'cmake_target': None, 'cmake_target_skip_unavailable': False, 'install_base': '/home/amin/cobot/cobot_ws/install/mycobot_pro450_interfaces', 'merge_install': False, 'path': '/home/amin/cobot/cobot_ws/src/mycobot_ros2/mycobot_pro/mycobot_pro450_interfaces', 'symlink_install': False, 'test_result_base': None}
[0.228s] Level 5:colcon.colcon_core.verb:set package 'mypalletizer_interfaces' build argument 'cmake_args' from command line to 'None'
[0.228s] Level 5:colcon.colcon_core.verb:set package 'mypalletizer_interfaces' build argument 'cmake_target' from command line to 'None'
[0.228s] Level 5:colcon.colcon_core.verb:set package 'mypalletizer_interfaces' build argument 'cmake_target_skip_unavailable' from command line to 'False'
[0.228s] Level 5:colcon.colcon_core.verb:set package 'mypalletizer_interfaces' build argument 'cmake_clean_cache' from command line to 'False'
[0.228s] Level 5:colcon.colcon_core.verb:set package 'mypalletizer_interfaces' build argument 'cmake_clean_first' from command line to 'False'
[0.228s] Level 5:colcon.colcon_core.verb:set package 'mypalletizer_interfaces' build argument 'cmake_force_configure' from command line to 'False'
[0.228s] Level 5:colcon.colcon_core.verb:set package 'mypalletizer_interfaces' build argument 'ament_cmake_args' from command line to 'None'
[0.228s] Level 5:colcon.colcon_core.verb:set package 'mypalletizer_interfaces' build argument 'catkin_cmake_args' from command line to 'None'
[0.228s] Level 5:colcon.colcon_core.verb:set package 'mypalletizer_interfaces' build argument 'catkin_skip_building_tests' from command line to 'False'
[0.228s] DEBUG:colcon.colcon_core.verb:Building package 'mypalletizer_interfaces' with the following arguments: {'ament_cmake_args': None, 'build_base': '/home/amin/cobot/cobot_ws/build/mypalletizer_interfaces', 'catkin_cmake_args': None, 'catkin_skip_building_tests': False, 'cmake_args': None, 'cmake_clean_cache': False, 'cmake_clean_first': False, 'cmake_force_configure': False, 'cmake_target': None, 'cmake_target_skip_unavailable': False, 'install_base': '/home/amin/cobot/cobot_ws/install/mypalletizer_interfaces', 'merge_install': False, 'path': '/home/amin/cobot/cobot_ws/src/mycobot_ros2/mypalletizer_260/mypalletizer_interfaces', 'symlink_install': False, 'test_result_base': None}
[0.228s] Level 5:colcon.colcon_core.verb:set package 'mecharm' build argument 'cmake_args' from command line to 'None'
[0.228s] Level 5:colcon.colcon_core.verb:set package 'mecharm' build argument 'cmake_target' from command line to 'None'
[0.228s] Level 5:colcon.colcon_core.verb:set package 'mecharm' build argument 'cmake_target_skip_unavailable' from command line to 'False'
[0.228s] Level 5:colcon.colcon_core.verb:set package 'mecharm' build argument 'cmake_clean_cache' from command line to 'False'
[0.228s] Level 5:colcon.colcon_core.verb:set package 'mecharm' build argument 'cmake_clean_first' from command line to 'False'
[0.228s] Level 5:colcon.colcon_core.verb:set package 'mecharm' build argument 'cmake_force_configure' from command line to 'False'
[0.228s] Level 5:colcon.colcon_core.verb:set package 'mecharm' build argument 'ament_cmake_args' from command line to 'None'
[0.228s] Level 5:colcon.colcon_core.verb:set package 'mecharm' build argument 'catkin_cmake_args' from command line to 'None'
[0.228s] Level 5:colcon.colcon_core.verb:set package 'mecharm' build argument 'catkin_skip_building_tests' from command line to 'False'
[0.228s] DEBUG:colcon.colcon_core.verb:Building package 'mecharm' with the following arguments: {'ament_cmake_args': None, 'build_base': '/home/amin/cobot/cobot_ws/build/mecharm', 'catkin_cmake_args': None, 'catkin_skip_building_tests': False, 'cmake_args': None, 'cmake_clean_cache': False, 'cmake_clean_first': False, 'cmake_force_configure': False, 'cmake_target': None, 'cmake_target_skip_unavailable': False, 'install_base': '/home/amin/cobot/cobot_ws/install/mecharm', 'merge_install': False, 'path': '/home/amin/cobot/cobot_ws/src/mycobot_ros2/mecharm/mecharm', 'symlink_install': False, 'test_result_base': None}
[0.228s] Level 5:colcon.colcon_core.verb:set package 'mecharm_communication' build argument 'cmake_args' from command line to 'None'
[0.228s] Level 5:colcon.colcon_core.verb:set package 'mecharm_communication' build argument 'cmake_target' from command line to 'None'
[0.228s] Level 5:colcon.colcon_core.verb:set package 'mecharm_communication' build argument 'cmake_target_skip_unavailable' from command line to 'False'
[0.228s] Level 5:colcon.colcon_core.verb:set package 'mecharm_communication' build argument 'cmake_clean_cache' from command line to 'False'
[0.228s] Level 5:colcon.colcon_core.verb:set package 'mecharm_communication' build argument 'cmake_clean_first' from command line to 'False'
[0.228s] Level 5:colcon.colcon_core.verb:set package 'mecharm_communication' build argument 'cmake_force_configure' from command line to 'False'
[0.228s] Level 5:colcon.colcon_core.verb:set package 'mecharm_communication' build argument 'ament_cmake_args' from command line to 'None'
[0.228s] Level 5:colcon.colcon_core.verb:set package 'mecharm_communication' build argument 'catkin_cmake_args' from command line to 'None'
[0.228s] Level 5:colcon.colcon_core.verb:set package 'mecharm_communication' build argument 'catkin_skip_building_tests' from command line to 'False'
[0.228s] DEBUG:colcon.colcon_core.verb:Building package 'mecharm_communication' with the following arguments: {'ament_cmake_args': None, 'build_base': '/home/amin/cobot/cobot_ws/build/mecharm_communication', 'catkin_cmake_args': None, 'catkin_skip_building_tests': False, 'cmake_args': None, 'cmake_clean_cache': False, 'cmake_clean_first': False, 'cmake_force_configure': False, 'cmake_target': None, 'cmake_target_skip_unavailable': False, 'install_base': '/home/amin/cobot/cobot_ws/install/mecharm_communication', 'merge_install': False, 'path': '/home/amin/cobot/cobot_ws/src/mycobot_ros2/mecharm/mecharm_communication', 'symlink_install': False, 'test_result_base': None}
[0.228s] Level 5:colcon.colcon_core.verb:set package 'mecharm_pi' build argument 'cmake_args' from command line to 'None'
[0.228s] Level 5:colcon.colcon_core.verb:set package 'mecharm_pi' build argument 'cmake_target' from command line to 'None'
[0.228s] Level 5:colcon.colcon_core.verb:set package 'mecharm_pi' build argument 'cmake_target_skip_unavailable' from command line to 'False'
[0.228s] Level 5:colcon.colcon_core.verb:set package 'mecharm_pi' build argument 'cmake_clean_cache' from command line to 'False'
[0.228s] Level 5:colcon.colcon_core.verb:set package 'mecharm_pi' build argument 'cmake_clean_first' from command line to 'False'
[0.228s] Level 5:colcon.colcon_core.verb:set package 'mecharm_pi' build argument 'cmake_force_configure' from command line to 'False'
[0.228s] Level 5:colcon.colcon_core.verb:set package 'mecharm_pi' build argument 'ament_cmake_args' from command line to 'None'
[0.228s] Level 5:colcon.colcon_core.verb:set package 'mecharm_pi' build argument 'catkin_cmake_args' from command line to 'None'
[0.228s] Level 5:colcon.colcon_core.verb:set package 'mecharm_pi' build argument 'catkin_skip_building_tests' from command line to 'False'
[0.228s] DEBUG:colcon.colcon_core.verb:Building package 'mecharm_pi' with the following arguments: {'ament_cmake_args': None, 'build_base': '/home/amin/cobot/cobot_ws/build/mecharm_pi', 'catkin_cmake_args': None, 'catkin_skip_building_tests': False, 'cmake_args': None, 'cmake_clean_cache': False, 'cmake_clean_first': False, 'cmake_force_configure': False, 'cmake_target': None, 'cmake_target_skip_unavailable': False, 'install_base': '/home/amin/cobot/cobot_ws/install/mecharm_pi', 'merge_install': False, 'path': '/home/amin/cobot/cobot_ws/src/mycobot_ros2/mecharm/mecharm_pi', 'symlink_install': False, 'test_result_base': None}
[0.229s] Level 5:colcon.colcon_core.verb:set package 'myarm_300' build argument 'cmake_args' from command line to 'None'
[0.229s] Level 5:colcon.colcon_core.verb:set package 'myarm_300' build argument 'cmake_target' from command line to 'None'
[0.229s] Level 5:colcon.colcon_core.verb:set package 'myarm_300' build argument 'cmake_target_skip_unavailable' from command line to 'False'
[0.229s] Level 5:colcon.colcon_core.verb:set package 'myarm_300' build argument 'cmake_clean_cache' from command line to 'False'
[0.229s] Level 5:colcon.colcon_core.verb:set package 'myarm_300' build argument 'cmake_clean_first' from command line to 'False'
[0.229s] Level 5:colcon.colcon_core.verb:set package 'myarm_300' build argument 'cmake_force_configure' from command line to 'False'
[0.229s] Level 5:colcon.colcon_core.verb:set package 'myarm_300' build argument 'ament_cmake_args' from command line to 'None'
[0.229s] Level 5:colcon.colcon_core.verb:set package 'myarm_300' build argument 'catkin_cmake_args' from command line to 'None'
[0.229s] Level 5:colcon.colcon_core.verb:set package 'myarm_300' build argument 'catkin_skip_building_tests' from command line to 'False'
[0.229s] DEBUG:colcon.colcon_core.verb:Building package 'myarm_300' with the following arguments: {'ament_cmake_args': None, 'build_base': '/home/amin/cobot/cobot_ws/build/myarm_300', 'catkin_cmake_args': None, 'catkin_skip_building_tests': False, 'cmake_args': None, 'cmake_clean_cache': False, 'cmake_clean_first': False, 'cmake_force_configure': False, 'cmake_target': None, 'cmake_target_skip_unavailable': False, 'install_base': '/home/amin/cobot/cobot_ws/install/myarm_300', 'merge_install': False, 'path': '/home/amin/cobot/cobot_ws/src/mycobot_ros2/myArm/myarm_300', 'symlink_install': False, 'test_result_base': None}
[0.229s] Level 5:colcon.colcon_core.verb:set package 'mybuddy' build argument 'cmake_args' from command line to 'None'
[0.229s] Level 5:colcon.colcon_core.verb:set package 'mybuddy' build argument 'cmake_target' from command line to 'None'
[0.229s] Level 5:colcon.colcon_core.verb:set package 'mybuddy' build argument 'cmake_target_skip_unavailable' from command line to 'False'
[0.229s] Level 5:colcon.colcon_core.verb:set package 'mybuddy' build argument 'cmake_clean_cache' from command line to 'False'
[0.229s] Level 5:colcon.colcon_core.verb:set package 'mybuddy' build argument 'cmake_clean_first' from command line to 'False'
[0.229s] Level 5:colcon.colcon_core.verb:set package 'mybuddy' build argument 'cmake_force_configure' from command line to 'False'
[0.229s] Level 5:colcon.colcon_core.verb:set package 'mybuddy' build argument 'ament_cmake_args' from command line to 'None'
[0.229s] Level 5:colcon.colcon_core.verb:set package 'mybuddy' build argument 'catkin_cmake_args' from command line to 'None'
[0.229s] Level 5:colcon.colcon_core.verb:set package 'mybuddy' build argument 'catkin_skip_building_tests' from command line to 'False'
[0.229s] DEBUG:colcon.colcon_core.verb:Building package 'mybuddy' with the following arguments: {'ament_cmake_args': None, 'build_base': '/home/amin/cobot/cobot_ws/build/mybuddy', 'catkin_cmake_args': None, 'catkin_skip_building_tests': False, 'cmake_args': None, 'cmake_clean_cache': False, 'cmake_clean_first': False, 'cmake_force_configure': False, 'cmake_target': None, 'cmake_target_skip_unavailable': False, 'install_base': '/home/amin/cobot/cobot_ws/install/mybuddy', 'merge_install': False, 'path': '/home/amin/cobot/cobot_ws/src/mycobot_ros2/Mybuddy/mybuddy', 'symlink_install': False, 'test_result_base': None}
[0.229s] Level 5:colcon.colcon_core.verb:set package 'mycobot_280' build argument 'cmake_args' from command line to 'None'
[0.229s] Level 5:colcon.colcon_core.verb:set package 'mycobot_280' build argument 'cmake_target' from command line to 'None'
[0.229s] Level 5:colcon.colcon_core.verb:set package 'mycobot_280' build argument 'cmake_target_skip_unavailable' from command line to 'False'
[0.229s] Level 5:colcon.colcon_core.verb:set package 'mycobot_280' build argument 'cmake_clean_cache' from command line to 'False'
[0.229s] Level 5:colcon.colcon_core.verb:set package 'mycobot_280' build argument 'cmake_clean_first' from command line to 'False'
[0.229s] Level 5:colcon.colcon_core.verb:set package 'mycobot_280' build argument 'cmake_force_configure' from command line to 'False'
[0.229s] Level 5:colcon.colcon_core.verb:set package 'mycobot_280' build argument 'ament_cmake_args' from command line to 'None'
[0.229s] Level 5:colcon.colcon_core.verb:set package 'mycobot_280' build argument 'catkin_cmake_args' from command line to 'None'
[0.229s] Level 5:colcon.colcon_core.verb:set package 'mycobot_280' build argument 'catkin_skip_building_tests' from command line to 'False'
[0.229s] DEBUG:colcon.colcon_core.verb:Building package 'mycobot_280' with the following arguments: {'ament_cmake_args': None, 'build_base': '/home/amin/cobot/cobot_ws/build/mycobot_280', 'catkin_cmake_args': None, 'catkin_skip_building_tests': False, 'cmake_args': None, 'cmake_clean_cache': False, 'cmake_clean_first': False, 'cmake_force_configure': False, 'cmake_target': None, 'cmake_target_skip_unavailable': False, 'install_base': '/home/amin/cobot/cobot_ws/install/mycobot_280', 'merge_install': False, 'path': '/home/amin/cobot/cobot_ws/src/mycobot_ros2/mycobot_280/mycobot_280', 'symlink_install': False, 'test_result_base': None}
[0.229s] Level 5:colcon.colcon_core.verb:set package 'mycobot_280_arduino' build argument 'cmake_args' from command line to 'None'
[0.229s] Level 5:colcon.colcon_core.verb:set package 'mycobot_280_arduino' build argument 'cmake_target' from command line to 'None'
[0.229s] Level 5:colcon.colcon_core.verb:set package 'mycobot_280_arduino' build argument 'cmake_target_skip_unavailable' from command line to 'False'
[0.229s] Level 5:colcon.colcon_core.verb:set package 'mycobot_280_arduino' build argument 'cmake_clean_cache' from command line to 'False'
[0.230s] Level 5:colcon.colcon_core.verb:set package 'mycobot_280_arduino' build argument 'cmake_clean_first' from command line to 'False'
[0.230s] Level 5:colcon.colcon_core.verb:set package 'mycobot_280_arduino' build argument 'cmake_force_configure' from command line to 'False'
[0.230s] Level 5:colcon.colcon_core.verb:set package 'mycobot_280_arduino' build argument 'ament_cmake_args' from command line to 'None'
[0.230s] Level 5:colcon.colcon_core.verb:set package 'mycobot_280_arduino' build argument 'catkin_cmake_args' from command line to 'None'
[0.230s] Level 5:colcon.colcon_core.verb:set package 'mycobot_280_arduino' build argument 'catkin_skip_building_tests' from command line to 'False'
[0.230s] DEBUG:colcon.colcon_core.verb:Building package 'mycobot_280_arduino' with the following arguments: {'ament_cmake_args': None, 'build_base': '/home/amin/cobot/cobot_ws/build/mycobot_280_arduino', 'catkin_cmake_args': None, 'catkin_skip_building_tests': False, 'cmake_args': None, 'cmake_clean_cache': False, 'cmake_clean_first': False, 'cmake_force_configure': False, 'cmake_target': None, 'cmake_target_skip_unavailable': False, 'install_base': '/home/amin/cobot/cobot_ws/install/mycobot_280_arduino', 'merge_install': False, 'path': '/home/amin/cobot/cobot_ws/src/mycobot_ros2/mycobot_280/mycobot_280_arduino', 'symlink_install': False, 'test_result_base': None}
[0.230s] Level 5:colcon.colcon_core.verb:set package 'mycobot_280_gazebo' build argument 'cmake_args' from command line to 'None'
[0.230s] Level 5:colcon.colcon_core.verb:set package 'mycobot_280_gazebo' build argument 'cmake_target' from command line to 'None'
[0.230s] Level 5:colcon.colcon_core.verb:set package 'mycobot_280_gazebo' build argument 'cmake_target_skip_unavailable' from command line to 'False'
[0.230s] Level 5:colcon.colcon_core.verb:set package 'mycobot_280_gazebo' build argument 'cmake_clean_cache' from command line to 'False'
[0.230s] Level 5:colcon.colcon_core.verb:set package 'mycobot_280_gazebo' build argument 'cmake_clean_first' from command line to 'False'
[0.230s] Level 5:colcon.colcon_core.verb:set package 'mycobot_280_gazebo' build argument 'cmake_force_configure' from command line to 'False'
[0.230s] Level 5:colcon.colcon_core.verb:set package 'mycobot_280_gazebo' build argument 'ament_cmake_args' from command line to 'None'
[0.230s] Level 5:colcon.colcon_core.verb:set package 'mycobot_280_gazebo' build argument 'catkin_cmake_args' from command line to 'None'
[0.230s] Level 5:colcon.colcon_core.verb:set package 'mycobot_280_gazebo' build argument 'catkin_skip_building_tests' from command line to 'False'
[0.230s] DEBUG:colcon.colcon_core.verb:Building package 'mycobot_280_gazebo' with the following arguments: {'ament_cmake_args': None, 'build_base': '/home/amin/cobot/cobot_ws/build/mycobot_280_gazebo', 'catkin_cmake_args': None, 'catkin_skip_building_tests': False, 'cmake_args': None, 'cmake_clean_cache': False, 'cmake_clean_first': False, 'cmake_force_configure': False, 'cmake_target': None, 'cmake_target_skip_unavailable': False, 'install_base': '/home/amin/cobot/cobot_ws/install/mycobot_280_gazebo', 'merge_install': False, 'path': '/home/amin/cobot/cobot_ws/src/mycobot_ros2/mycobot_280_gazebo', 'symlink_install': False, 'test_result_base': None}
[0.230s] Level 5:colcon.colcon_core.verb:set package 'mycobot_280_gazebo_jazzy' build argument 'cmake_args' from command line to 'None'
[0.230s] Level 5:colcon.colcon_core.verb:set package 'mycobot_280_gazebo_jazzy' build argument 'cmake_target' from command line to 'None'
[0.230s] Level 5:colcon.colcon_core.verb:set package 'mycobot_280_gazebo_jazzy' build argument 'cmake_target_skip_unavailable' from command line to 'False'
[0.230s] Level 5:colcon.colcon_core.verb:set package 'mycobot_280_gazebo_jazzy' build argument 'cmake_clean_cache' from command line to 'False'
[0.230s] Level 5:colcon.colcon_core.verb:set package 'mycobot_280_gazebo_jazzy' build argument 'cmake_clean_first' from command line to 'False'
[0.230s] Level 5:colcon.colcon_core.verb:set package 'mycobot_280_gazebo_jazzy' build argument 'cmake_force_configure' from command line to 'False'
[0.230s] Level 5:colcon.colcon_core.verb:set package 'mycobot_280_gazebo_jazzy' build argument 'ament_cmake_args' from command line to 'None'
[0.230s] Level 5:colcon.colcon_core.verb:set package 'mycobot_280_gazebo_jazzy' build argument 'catkin_cmake_args' from command line to 'None'
[0.230s] Level 5:colcon.colcon_core.verb:set package 'mycobot_280_gazebo_jazzy' build argument 'catkin_skip_building_tests' from command line to 'False'
[0.230s] DEBUG:colcon.colcon_core.verb:Building package 'mycobot_280_gazebo_jazzy' with the following arguments: {'ament_cmake_args': None, 'build_base': '/home/amin/cobot/cobot_ws/build/mycobot_280_gazebo_jazzy', 'catkin_cmake_args': None, 'catkin_skip_building_tests': False, 'cmake_args': None, 'cmake_clean_cache': False, 'cmake_clean_first': False, 'cmake_force_configure': False, 'cmake_target': None, 'cmake_target_skip_unavailable': False, 'install_base': '/home/amin/cobot/cobot_ws/install/mycobot_280_gazebo_jazzy', 'merge_install': False, 'path': '/home/amin/cobot/cobot_ws/src/mycobot_ros2/mycobot_280_gazebo_jazzy', 'symlink_install': False, 'test_result_base': None}
[0.230s] Level 5:colcon.colcon_core.verb:set package 'mycobot_280_moveit2' build argument 'cmake_args' from command line to 'None'
[0.230s] Level 5:colcon.colcon_core.verb:set package 'mycobot_280_moveit2' build argument 'cmake_target' from command line to 'None'
[0.230s] Level 5:colcon.colcon_core.verb:set package 'mycobot_280_moveit2' build argument 'cmake_target_skip_unavailable' from command line to 'False'
[0.230s] Level 5:colcon.colcon_core.verb:set package 'mycobot_280_moveit2' build argument 'cmake_clean_cache' from command line to 'False'
[0.230s] Level 5:colcon.colcon_core.verb:set package 'mycobot_280_moveit2' build argument 'cmake_clean_first' from command line to 'False'
[0.230s] Level 5:colcon.colcon_core.verb:set package 'mycobot_280_moveit2' build argument 'cmake_force_configure' from command line to 'False'
[0.230s] Level 5:colcon.colcon_core.verb:set package 'mycobot_280_moveit2' build argument 'ament_cmake_args' from command line to 'None'
[0.230s] Level 5:colcon.colcon_core.verb:set package 'mycobot_280_moveit2' build argument 'catkin_cmake_args' from command line to 'None'
[0.230s] Level 5:colcon.colcon_core.verb:set package 'mycobot_280_moveit2' build argument 'catkin_skip_building_tests' from command line to 'False'
[0.230s] DEBUG:colcon.colcon_core.verb:Building package 'mycobot_280_moveit2' with the following arguments: {'ament_cmake_args': None, 'build_base': '/home/amin/cobot/cobot_ws/build/mycobot_280_moveit2', 'catkin_cmake_args': None, 'catkin_skip_building_tests': False, 'cmake_args': None, 'cmake_clean_cache': False, 'cmake_clean_first': False, 'cmake_force_configure': False, 'cmake_target': None, 'cmake_target_skip_unavailable': False, 'install_base': '/home/amin/cobot/cobot_ws/install/mycobot_280_moveit2', 'merge_install': False, 'path': '/home/amin/cobot/cobot_ws/src/mycobot_ros2/mycobot_280/mycobot_280_moveit2', 'symlink_install': False, 'test_result_base': None}
[0.231s] Level 5:colcon.colcon_core.verb:set package 'mycobot_280_moveit2_control' build argument 'cmake_args' from command line to 'None'
[0.231s] Level 5:colcon.colcon_core.verb:set package 'mycobot_280_moveit2_control' build argument 'cmake_target' from command line to 'None'
[0.231s] Level 5:colcon.colcon_core.verb:set package 'mycobot_280_moveit2_control' build argument 'cmake_target_skip_unavailable' from command line to 'False'
[0.231s] Level 5:colcon.colcon_core.verb:set package 'mycobot_280_moveit2_control' build argument 'cmake_clean_cache' from command line to 'False'
[0.231s] Level 5:colcon.colcon_core.verb:set package 'mycobot_280_moveit2_control' build argument 'cmake_clean_first' from command line to 'False'
[0.231s] Level 5:colcon.colcon_core.verb:set package 'mycobot_280_moveit2_control' build argument 'cmake_force_configure' from command line to 'False'
[0.231s] Level 5:colcon.colcon_core.verb:set package 'mycobot_280_moveit2_control' build argument 'ament_cmake_args' from command line to 'None'
[0.231s] Level 5:colcon.colcon_core.verb:set package 'mycobot_280_moveit2_control' build argument 'catkin_cmake_args' from command line to 'None'
[0.231s] Level 5:colcon.colcon_core.verb:set package 'mycobot_280_moveit2_control' build argument 'catkin_skip_building_tests' from command line to 'False'
[0.231s] DEBUG:colcon.colcon_core.verb:Building package 'mycobot_280_moveit2_control' with the following arguments: {'ament_cmake_args': None, 'build_base': '/home/amin/cobot/cobot_ws/build/mycobot_280_moveit2_control', 'catkin_cmake_args': None, 'catkin_skip_building_tests': False, 'cmake_args': None, 'cmake_clean_cache': False, 'cmake_clean_first': False, 'cmake_force_configure': False, 'cmake_target': None, 'cmake_target_skip_unavailable': False, 'install_base': '/home/amin/cobot/cobot_ws/install/mycobot_280_moveit2_control', 'merge_install': False, 'path': '/home/amin/cobot/cobot_ws/src/mycobot_ros2/mycobot_280/mycobot_280_moveit2_control', 'symlink_install': False, 'test_result_base': None}
[0.231s] Level 5:colcon.colcon_core.verb:set package 'mycobot_280_riscv' build argument 'cmake_args' from command line to 'None'
[0.231s] Level 5:colcon.colcon_core.verb:set package 'mycobot_280_riscv' build argument 'cmake_target' from command line to 'None'
[0.231s] Level 5:colcon.colcon_core.verb:set package 'mycobot_280_riscv' build argument 'cmake_target_skip_unavailable' from command line to 'False'
[0.231s] Level 5:colcon.colcon_core.verb:set package 'mycobot_280_riscv' build argument 'cmake_clean_cache' from command line to 'False'
[0.231s] Level 5:colcon.colcon_core.verb:set package 'mycobot_280_riscv' build argument 'cmake_clean_first' from command line to 'False'
[0.231s] Level 5:colcon.colcon_core.verb:set package 'mycobot_280_riscv' build argument 'cmake_force_configure' from command line to 'False'
[0.231s] Level 5:colcon.colcon_core.verb:set package 'mycobot_280_riscv' build argument 'ament_cmake_args' from command line to 'None'
[0.231s] Level 5:colcon.colcon_core.verb:set package 'mycobot_280_riscv' build argument 'catkin_cmake_args' from command line to 'None'
[0.231s] Level 5:colcon.colcon_core.verb:set package 'mycobot_280_riscv' build argument 'catkin_skip_building_tests' from command line to 'False'
[0.231s] DEBUG:colcon.colcon_core.verb:Building package 'mycobot_280_riscv' with the following arguments: {'ament_cmake_args': None, 'build_base': '/home/amin/cobot/cobot_ws/build/mycobot_280_riscv', 'catkin_cmake_args': None, 'catkin_skip_building_tests': False, 'cmake_args': None, 'cmake_clean_cache': False, 'cmake_clean_first': False, 'cmake_force_configure': False, 'cmake_target': None, 'cmake_target_skip_unavailable': False, 'install_base': '/home/amin/cobot/cobot_ws/install/mycobot_280_riscv', 'merge_install': False, 'path': '/home/amin/cobot/cobot_ws/src/mycobot_ros2/mycobot_280/mycobot_280_riscv', 'symlink_install': False, 'test_result_base': None}
[0.231s] Level 5:colcon.colcon_core.verb:set package 'mycobot_280_x3pi' build argument 'cmake_args' from command line to 'None'
[0.231s] Level 5:colcon.colcon_core.verb:set package 'mycobot_280_x3pi' build argument 'cmake_target' from command line to 'None'
[0.231s] Level 5:colcon.colcon_core.verb:set package 'mycobot_280_x3pi' build argument 'cmake_target_skip_unavailable' from command line to 'False'
[0.231s] Level 5:colcon.colcon_core.verb:set package 'mycobot_280_x3pi' build argument 'cmake_clean_cache' from command line to 'False'
[0.231s] Level 5:colcon.colcon_core.verb:set package 'mycobot_280_x3pi' build argument 'cmake_clean_first' from command line to 'False'
[0.231s] Level 5:colcon.colcon_core.verb:set package 'mycobot_280_x3pi' build argument 'cmake_force_configure' from command line to 'False'
[0.231s] Level 5:colcon.colcon_core.verb:set package 'mycobot_280_x3pi' build argument 'ament_cmake_args' from command line to 'None'
[0.231s] Level 5:colcon.colcon_core.verb:set package 'mycobot_280_x3pi' build argument 'catkin_cmake_args' from command line to 'None'
[0.231s] Level 5:colcon.colcon_core.verb:set package 'mycobot_280_x3pi' build argument 'catkin_skip_building_tests' from command line to 'False'
[0.231s] DEBUG:colcon.colcon_core.verb:Building package 'mycobot_280_x3pi' with the following arguments: {'ament_cmake_args': None, 'build_base': '/home/amin/cobot/cobot_ws/build/mycobot_280_x3pi', 'catkin_cmake_args': None, 'catkin_skip_building_tests': False, 'cmake_args': None, 'cmake_clean_cache': False, 'cmake_clean_first': False, 'cmake_force_configure': False, 'cmake_target': None, 'cmake_target_skip_unavailable': False, 'install_base': '/home/amin/cobot/cobot_ws/install/mycobot_280_x3pi', 'merge_install': False, 'path': '/home/amin/cobot/cobot_ws/src/mycobot_ros2/mycobot_280/mycobot_280_x3pi', 'symlink_install': False, 'test_result_base': None}
[0.231s] Level 5:colcon.colcon_core.verb:set package 'mycobot_280arduino_moveit2' build argument 'cmake_args' from command line to 'None'
[0.231s] Level 5:colcon.colcon_core.verb:set package 'mycobot_280arduino_moveit2' build argument 'cmake_target' from command line to 'None'
[0.231s] Level 5:colcon.colcon_core.verb:set package 'mycobot_280arduino_moveit2' build argument 'cmake_target_skip_unavailable' from command line to 'False'
[0.231s] Level 5:colcon.colcon_core.verb:set package 'mycobot_280arduino_moveit2' build argument 'cmake_clean_cache' from command line to 'False'
[0.231s] Level 5:colcon.colcon_core.verb:set package 'mycobot_280arduino_moveit2' build argument 'cmake_clean_first' from command line to 'False'
[0.231s] Level 5:colcon.colcon_core.verb:set package 'mycobot_280arduino_moveit2' build argument 'cmake_force_configure' from command line to 'False'
[0.231s] Level 5:colcon.colcon_core.verb:set package 'mycobot_280arduino_moveit2' build argument 'ament_cmake_args' from command line to 'None'
[0.231s] Level 5:colcon.colcon_core.verb:set package 'mycobot_280arduino_moveit2' build argument 'catkin_cmake_args' from command line to 'None'
[0.231s] Level 5:colcon.colcon_core.verb:set package 'mycobot_280arduino_moveit2' build argument 'catkin_skip_building_tests' from command line to 'False'
[0.231s] DEBUG:colcon.colcon_core.verb:Building package 'mycobot_280arduino_moveit2' with the following arguments: {'ament_cmake_args': None, 'build_base': '/home/amin/cobot/cobot_ws/build/mycobot_280arduino_moveit2', 'catkin_cmake_args': None, 'catkin_skip_building_tests': False, 'cmake_args': None, 'cmake_clean_cache': False, 'cmake_clean_first': False, 'cmake_force_configure': False, 'cmake_target': None, 'cmake_target_skip_unavailable': False, 'install_base': '/home/amin/cobot/cobot_ws/install/mycobot_280arduino_moveit2', 'merge_install': False, 'path': '/home/amin/cobot/cobot_ws/src/mycobot_ros2/mycobot_280/mycobot_280arduino_moveit2', 'symlink_install': False, 'test_result_base': None}
[0.232s] Level 5:colcon.colcon_core.verb:set package 'mycobot_280jn' build argument 'cmake_args' from command line to 'None'
[0.232s] Level 5:colcon.colcon_core.verb:set package 'mycobot_280jn' build argument 'cmake_target' from command line to 'None'
[0.232s] Level 5:colcon.colcon_core.verb:set package 'mycobot_280jn' build argument 'cmake_target_skip_unavailable' from command line to 'False'
[0.232s] Level 5:colcon.colcon_core.verb:set package 'mycobot_280jn' build argument 'cmake_clean_cache' from command line to 'False'
[0.232s] Level 5:colcon.colcon_core.verb:set package 'mycobot_280jn' build argument 'cmake_clean_first' from command line to 'False'
[0.232s] Level 5:colcon.colcon_core.verb:set package 'mycobot_280jn' build argument 'cmake_force_configure' from command line to 'False'
[0.232s] Level 5:colcon.colcon_core.verb:set package 'mycobot_280jn' build argument 'ament_cmake_args' from command line to 'None'
[0.232s] Level 5:colcon.colcon_core.verb:set package 'mycobot_280jn' build argument 'catkin_cmake_args' from command line to 'None'
[0.232s] Level 5:colcon.colcon_core.verb:set package 'mycobot_280jn' build argument 'catkin_skip_building_tests' from command line to 'False'
[0.232s] DEBUG:colcon.colcon_core.verb:Building package 'mycobot_280jn' with the following arguments: {'ament_cmake_args': None, 'build_base': '/home/amin/cobot/cobot_ws/build/mycobot_280jn', 'catkin_cmake_args': None, 'catkin_skip_building_tests': False, 'cmake_args': None, 'cmake_clean_cache': False, 'cmake_clean_first': False, 'cmake_force_configure': False, 'cmake_target': None, 'cmake_target_skip_unavailable': False, 'install_base': '/home/amin/cobot/cobot_ws/install/mycobot_280jn', 'merge_install': False, 'path': '/home/amin/cobot/cobot_ws/src/mycobot_ros2/mycobot_280/mycobot_280jn', 'symlink_install': False, 'test_result_base': None}
[0.232s] Level 5:colcon.colcon_core.verb:set package 'mycobot_280pi' build argument 'cmake_args' from command line to 'None'
[0.232s] Level 5:colcon.colcon_core.verb:set package 'mycobot_280pi' build argument 'cmake_target' from command line to 'None'
[0.232s] Level 5:colcon.colcon_core.verb:set package 'mycobot_280pi' build argument 'cmake_target_skip_unavailable' from command line to 'False'
[0.232s] Level 5:colcon.colcon_core.verb:set package 'mycobot_280pi' build argument 'cmake_clean_cache' from command line to 'False'
[0.232s] Level 5:colcon.colcon_core.verb:set package 'mycobot_280pi' build argument 'cmake_clean_first' from command line to 'False'
[0.232s] Level 5:colcon.colcon_core.verb:set package 'mycobot_280pi' build argument 'cmake_force_configure' from command line to 'False'
[0.232s] Level 5:colcon.colcon_core.verb:set package 'mycobot_280pi' build argument 'ament_cmake_args' from command line to 'None'
[0.232s] Level 5:colcon.colcon_core.verb:set package 'mycobot_280pi' build argument 'catkin_cmake_args' from command line to 'None'
[0.232s] Level 5:colcon.colcon_core.verb:set package 'mycobot_280pi' build argument 'catkin_skip_building_tests' from command line to 'False'
[0.232s] DEBUG:colcon.colcon_core.verb:Building package 'mycobot_280pi' with the following arguments: {'ament_cmake_args': None, 'build_base': '/home/amin/cobot/cobot_ws/build/mycobot_280pi', 'catkin_cmake_args': None, 'catkin_skip_building_tests': False, 'cmake_args': None, 'cmake_clean_cache': False, 'cmake_clean_first': False, 'cmake_force_configure': False, 'cmake_target': None, 'cmake_target_skip_unavailable': False, 'install_base': '/home/amin/cobot/cobot_ws/install/mycobot_280pi', 'merge_install': False, 'path': '/home/amin/cobot/cobot_ws/src/mycobot_ros2/mycobot_280/mycobot_280pi', 'symlink_install': False, 'test_result_base': None}
[0.232s] Level 5:colcon.colcon_core.verb:set package 'mycobot_280rdkx5_moveit2' build argument 'cmake_args' from command line to 'None'
[0.232s] Level 5:colcon.colcon_core.verb:set package 'mycobot_280rdkx5_moveit2' build argument 'cmake_target' from command line to 'None'
[0.232s] Level 5:colcon.colcon_core.verb:set package 'mycobot_280rdkx5_moveit2' build argument 'cmake_target_skip_unavailable' from command line to 'False'
[0.232s] Level 5:colcon.colcon_core.verb:set package 'mycobot_280rdkx5_moveit2' build argument 'cmake_clean_cache' from command line to 'False'
[0.232s] Level 5:colcon.colcon_core.verb:set package 'mycobot_280rdkx5_moveit2' build argument 'cmake_clean_first' from command line to 'False'
[0.232s] Level 5:colcon.colcon_core.verb:set package 'mycobot_280rdkx5_moveit2' build argument 'cmake_force_configure' from command line to 'False'
[0.232s] Level 5:colcon.colcon_core.verb:set package 'mycobot_280rdkx5_moveit2' build argument 'ament_cmake_args' from command line to 'None'
[0.232s] Level 5:colcon.colcon_core.verb:set package 'mycobot_280rdkx5_moveit2' build argument 'catkin_cmake_args' from command line to 'None'
[0.232s] Level 5:colcon.colcon_core.verb:set package 'mycobot_280rdkx5_moveit2' build argument 'catkin_skip_building_tests' from command line to 'False'
[0.232s] DEBUG:colcon.colcon_core.verb:Building package 'mycobot_280rdkx5_moveit2' with the following arguments: {'ament_cmake_args': None, 'build_base': '/home/amin/cobot/cobot_ws/build/mycobot_280rdkx5_moveit2', 'catkin_cmake_args': None, 'catkin_skip_building_tests': False, 'cmake_args': None, 'cmake_clean_cache': False, 'cmake_clean_first': False, 'cmake_force_configure': False, 'cmake_target': None, 'cmake_target_skip_unavailable': False, 'install_base': '/home/amin/cobot/cobot_ws/install/mycobot_280rdkx5_moveit2', 'merge_install': False, 'path': '/home/amin/cobot/cobot_ws/src/mycobot_ros2/mycobot_280/mycobot_280rdkx5_moveit2', 'symlink_install': False, 'test_result_base': None}
[0.232s] Level 5:colcon.colcon_core.verb:set package 'mycobot_320' build argument 'cmake_args' from command line to 'None'
[0.232s] Level 5:colcon.colcon_core.verb:set package 'mycobot_320' build argument 'cmake_target' from command line to 'None'
[0.232s] Level 5:colcon.colcon_core.verb:set package 'mycobot_320' build argument 'cmake_target_skip_unavailable' from command line to 'False'
[0.232s] Level 5:colcon.colcon_core.verb:set package 'mycobot_320' build argument 'cmake_clean_cache' from command line to 'False'
[0.232s] Level 5:colcon.colcon_core.verb:set package 'mycobot_320' build argument 'cmake_clean_first' from command line to 'False'
[0.232s] Level 5:colcon.colcon_core.verb:set package 'mycobot_320' build argument 'cmake_force_configure' from command line to 'False'
[0.232s] Level 5:colcon.colcon_core.verb:set package 'mycobot_320' build argument 'ament_cmake_args' from command line to 'None'
[0.232s] Level 5:colcon.colcon_core.verb:set package 'mycobot_320' build argument 'catkin_cmake_args' from command line to 'None'
[0.232s] Level 5:colcon.colcon_core.verb:set package 'mycobot_320' build argument 'catkin_skip_building_tests' from command line to 'False'
[0.233s] DEBUG:colcon.colcon_core.verb:Building package 'mycobot_320' with the following arguments: {'ament_cmake_args': None, 'build_base': '/home/amin/cobot/cobot_ws/build/mycobot_320', 'catkin_cmake_args': None, 'catkin_skip_building_tests': False, 'cmake_args': None, 'cmake_clean_cache': False, 'cmake_clean_first': False, 'cmake_force_configure': False, 'cmake_target': None, 'cmake_target_skip_unavailable': False, 'install_base': '/home/amin/cobot/cobot_ws/install/mycobot_320', 'merge_install': False, 'path': '/home/amin/cobot/cobot_ws/src/mycobot_ros2/mycobot_320/mycobot_320', 'symlink_install': False, 'test_result_base': None}
[0.233s] Level 5:colcon.colcon_core.verb:set package 'mycobot_320_riscv' build argument 'cmake_args' from command line to 'None'
[0.233s] Level 5:colcon.colcon_core.verb:set package 'mycobot_320_riscv' build argument 'cmake_target' from command line to 'None'
[0.233s] Level 5:colcon.colcon_core.verb:set package 'mycobot_320_riscv' build argument 'cmake_target_skip_unavailable' from command line to 'False'
[0.233s] Level 5:colcon.colcon_core.verb:set package 'mycobot_320_riscv' build argument 'cmake_clean_cache' from command line to 'False'
[0.233s] Level 5:colcon.colcon_core.verb:set package 'mycobot_320_riscv' build argument 'cmake_clean_first' from command line to 'False'
[0.233s] Level 5:colcon.colcon_core.verb:set package 'mycobot_320_riscv' build argument 'cmake_force_configure' from command line to 'False'
[0.233s] Level 5:colcon.colcon_core.verb:set package 'mycobot_320_riscv' build argument 'ament_cmake_args' from command line to 'None'
[0.233s] Level 5:colcon.colcon_core.verb:set package 'mycobot_320_riscv' build argument 'catkin_cmake_args' from command line to 'None'
[0.233s] Level 5:colcon.colcon_core.verb:set package 'mycobot_320_riscv' build argument 'catkin_skip_building_tests' from command line to 'False'
[0.233s] DEBUG:colcon.colcon_core.verb:Building package 'mycobot_320_riscv' with the following arguments: {'ament_cmake_args': None, 'build_base': '/home/amin/cobot/cobot_ws/build/mycobot_320_riscv', 'catkin_cmake_args': None, 'catkin_skip_building_tests': False, 'cmake_args': None, 'cmake_clean_cache': False, 'cmake_clean_first': False, 'cmake_force_configure': False, 'cmake_target': None, 'cmake_target_skip_unavailable': False, 'install_base': '/home/amin/cobot/cobot_ws/install/mycobot_320_riscv', 'merge_install': False, 'path': '/home/amin/cobot/cobot_ws/src/mycobot_ros2/mycobot_320/mycobot_320_riscv', 'symlink_install': False, 'test_result_base': None}
[0.233s] Level 5:colcon.colcon_core.verb:set package 'mycobot_320pi' build argument 'cmake_args' from command line to 'None'
[0.233s] Level 5:colcon.colcon_core.verb:set package 'mycobot_320pi' build argument 'cmake_target' from command line to 'None'
[0.233s] Level 5:colcon.colcon_core.verb:set package 'mycobot_320pi' build argument 'cmake_target_skip_unavailable' from command line to 'False'
[0.233s] Level 5:colcon.colcon_core.verb:set package 'mycobot_320pi' build argument 'cmake_clean_cache' from command line to 'False'
[0.233s] Level 5:colcon.colcon_core.verb:set package 'mycobot_320pi' build argument 'cmake_clean_first' from command line to 'False'
[0.233s] Level 5:colcon.colcon_core.verb:set package 'mycobot_320pi' build argument 'cmake_force_configure' from command line to 'False'
[0.233s] Level 5:colcon.colcon_core.verb:set package 'mycobot_320pi' build argument 'ament_cmake_args' from command line to 'None'
[0.233s] Level 5:colcon.colcon_core.verb:set package 'mycobot_320pi' build argument 'catkin_cmake_args' from command line to 'None'
[0.233s] Level 5:colcon.colcon_core.verb:set package 'mycobot_320pi' build argument 'catkin_skip_building_tests' from command line to 'False'
[0.233s] DEBUG:colcon.colcon_core.verb:Building package 'mycobot_320pi' with the following arguments: {'ament_cmake_args': None, 'build_base': '/home/amin/cobot/cobot_ws/build/mycobot_320pi', 'catkin_cmake_args': None, 'catkin_skip_building_tests': False, 'cmake_args': None, 'cmake_clean_cache': False, 'cmake_clean_first': False, 'cmake_force_configure': False, 'cmake_target': None, 'cmake_target_skip_unavailable': False, 'install_base': '/home/amin/cobot/cobot_ws/install/mycobot_320pi', 'merge_install': False, 'path': '/home/amin/cobot/cobot_ws/src/mycobot_ros2/mycobot_320/mycobot_320pi', 'symlink_install': False, 'test_result_base': None}
[0.233s] Level 5:colcon.colcon_core.verb:set package 'mycobot_600' build argument 'cmake_args' from command line to 'None'
[0.233s] Level 5:colcon.colcon_core.verb:set package 'mycobot_600' build argument 'cmake_target' from command line to 'None'
[0.233s] Level 5:colcon.colcon_core.verb:set package 'mycobot_600' build argument 'cmake_target_skip_unavailable' from command line to 'False'
[0.233s] Level 5:colcon.colcon_core.verb:set package 'mycobot_600' build argument 'cmake_clean_cache' from command line to 'False'
[0.233s] Level 5:colcon.colcon_core.verb:set package 'mycobot_600' build argument 'cmake_clean_first' from command line to 'False'
[0.233s] Level 5:colcon.colcon_core.verb:set package 'mycobot_600' build argument 'cmake_force_configure' from command line to 'False'
[0.233s] Level 5:colcon.colcon_core.verb:set package 'mycobot_600' build argument 'ament_cmake_args' from command line to 'None'
[0.233s] Level 5:colcon.colcon_core.verb:set package 'mycobot_600' build argument 'catkin_cmake_args' from command line to 'None'
[0.233s] Level 5:colcon.colcon_core.verb:set package 'mycobot_600' build argument 'catkin_skip_building_tests' from command line to 'False'
[0.233s] DEBUG:colcon.colcon_core.verb:Building package 'mycobot_600' with the following arguments: {'ament_cmake_args': None, 'build_base': '/home/amin/cobot/cobot_ws/build/mycobot_600', 'catkin_cmake_args': None, 'catkin_skip_building_tests': False, 'cmake_args': None, 'cmake_clean_cache': False, 'cmake_clean_first': False, 'cmake_force_configure': False, 'cmake_target': None, 'cmake_target_skip_unavailable': False, 'install_base': '/home/amin/cobot/cobot_ws/install/mycobot_600', 'merge_install': False, 'path': '/home/amin/cobot/cobot_ws/src/mycobot_ros2/mycobot_pro/mycobot_600', 'symlink_install': False, 'test_result_base': None}
[0.233s] Level 5:colcon.colcon_core.verb:set package 'mycobot_630' build argument 'cmake_args' from command line to 'None'
[0.233s] Level 5:colcon.colcon_core.verb:set package 'mycobot_630' build argument 'cmake_target' from command line to 'None'
[0.233s] Level 5:colcon.colcon_core.verb:set package 'mycobot_630' build argument 'cmake_target_skip_unavailable' from command line to 'False'
[0.233s] Level 5:colcon.colcon_core.verb:set package 'mycobot_630' build argument 'cmake_clean_cache' from command line to 'False'
[0.234s] Level 5:colcon.colcon_core.verb:set package 'mycobot_630' build argument 'cmake_clean_first' from command line to 'False'
[0.234s] Level 5:colcon.colcon_core.verb:set package 'mycobot_630' build argument 'cmake_force_configure' from command line to 'False'
[0.234s] Level 5:colcon.colcon_core.verb:set package 'mycobot_630' build argument 'ament_cmake_args' from command line to 'None'
[0.234s] Level 5:colcon.colcon_core.verb:set package 'mycobot_630' build argument 'catkin_cmake_args' from command line to 'None'
[0.234s] Level 5:colcon.colcon_core.verb:set package 'mycobot_630' build argument 'catkin_skip_building_tests' from command line to 'False'
[0.234s] DEBUG:colcon.colcon_core.verb:Building package 'mycobot_630' with the following arguments: {'ament_cmake_args': None, 'build_base': '/home/amin/cobot/cobot_ws/build/mycobot_630', 'catkin_cmake_args': None, 'catkin_skip_building_tests': False, 'cmake_args': None, 'cmake_clean_cache': False, 'cmake_clean_first': False, 'cmake_force_configure': False, 'cmake_target': None, 'cmake_target_skip_unavailable': False, 'install_base': '/home/amin/cobot/cobot_ws/install/mycobot_630', 'merge_install': False, 'path': '/home/amin/cobot/cobot_ws/src/mycobot_ros2/mycobot_pro/mycobot_630', 'symlink_install': False, 'test_result_base': None}
[0.234s] Level 5:colcon.colcon_core.verb:set package 'mycobot_communication' build argument 'cmake_args' from command line to 'None'
[0.234s] Level 5:colcon.colcon_core.verb:set package 'mycobot_communication' build argument 'cmake_target' from command line to 'None'
[0.234s] Level 5:colcon.colcon_core.verb:set package 'mycobot_communication' build argument 'cmake_target_skip_unavailable' from command line to 'False'
[0.234s] Level 5:colcon.colcon_core.verb:set package 'mycobot_communication' build argument 'cmake_clean_cache' from command line to 'False'
[0.234s] Level 5:colcon.colcon_core.verb:set package 'mycobot_communication' build argument 'cmake_clean_first' from command line to 'False'
[0.234s] Level 5:colcon.colcon_core.verb:set package 'mycobot_communication' build argument 'cmake_force_configure' from command line to 'False'
[0.234s] Level 5:colcon.colcon_core.verb:set package 'mycobot_communication' build argument 'ament_cmake_args' from command line to 'None'
[0.234s] Level 5:colcon.colcon_core.verb:set package 'mycobot_communication' build argument 'catkin_cmake_args' from command line to 'None'
[0.234s] Level 5:colcon.colcon_core.verb:set package 'mycobot_communication' build argument 'catkin_skip_building_tests' from command line to 'False'
[0.234s] DEBUG:colcon.colcon_core.verb:Building package 'mycobot_communication' with the following arguments: {'ament_cmake_args': None, 'build_base': '/home/amin/cobot/cobot_ws/build/mycobot_communication', 'catkin_cmake_args': None, 'catkin_skip_building_tests': False, 'cmake_args': None, 'cmake_clean_cache': False, 'cmake_clean_first': False, 'cmake_force_configure': False, 'cmake_target': None, 'cmake_target_skip_unavailable': False, 'install_base': '/home/amin/cobot/cobot_ws/install/mycobot_communication', 'merge_install': False, 'path': '/home/amin/cobot/cobot_ws/src/mycobot_ros2/mycobot_communication', 'symlink_install': False, 'test_result_base': None}
[0.234s] Level 5:colcon.colcon_core.verb:set package 'mycobot_pro_450' build argument 'cmake_args' from command line to 'None'
[0.234s] Level 5:colcon.colcon_core.verb:set package 'mycobot_pro_450' build argument 'cmake_target' from command line to 'None'
[0.234s] Level 5:colcon.colcon_core.verb:set package 'mycobot_pro_450' build argument 'cmake_target_skip_unavailable' from command line to 'False'
[0.234s] Level 5:colcon.colcon_core.verb:set package 'mycobot_pro_450' build argument 'cmake_clean_cache' from command line to 'False'
[0.234s] Level 5:colcon.colcon_core.verb:set package 'mycobot_pro_450' build argument 'cmake_clean_first' from command line to 'False'
[0.234s] Level 5:colcon.colcon_core.verb:set package 'mycobot_pro_450' build argument 'cmake_force_configure' from command line to 'False'
[0.234s] Level 5:colcon.colcon_core.verb:set package 'mycobot_pro_450' build argument 'ament_cmake_args' from command line to 'None'
[0.234s] Level 5:colcon.colcon_core.verb:set package 'mycobot_pro_450' build argument 'catkin_cmake_args' from command line to 'None'
[0.234s] Level 5:colcon.colcon_core.verb:set package 'mycobot_pro_450' build argument 'catkin_skip_building_tests' from command line to 'False'
[0.234s] DEBUG:colcon.colcon_core.verb:Building package 'mycobot_pro_450' with the following arguments: {'ament_cmake_args': None, 'build_base': '/home/amin/cobot/cobot_ws/build/mycobot_pro_450', 'catkin_cmake_args': None, 'catkin_skip_building_tests': False, 'cmake_args': None, 'cmake_clean_cache': False, 'cmake_clean_first': False, 'cmake_force_configure': False, 'cmake_target': None, 'cmake_target_skip_unavailable': False, 'install_base': '/home/amin/cobot/cobot_ws/install/mycobot_pro_450', 'merge_install': False, 'path': '/home/amin/cobot/cobot_ws/src/mycobot_ros2/mycobot_pro/mycobot_pro_450', 'symlink_install': False, 'test_result_base': None}
[0.234s] Level 5:colcon.colcon_core.verb:set package 'mypalletizer_260' build argument 'cmake_args' from command line to 'None'
[0.234s] Level 5:colcon.colcon_core.verb:set package 'mypalletizer_260' build argument 'cmake_target' from command line to 'None'
[0.234s] Level 5:colcon.colcon_core.verb:set package 'mypalletizer_260' build argument 'cmake_target_skip_unavailable' from command line to 'False'
[0.234s] Level 5:colcon.colcon_core.verb:set package 'mypalletizer_260' build argument 'cmake_clean_cache' from command line to 'False'
[0.234s] Level 5:colcon.colcon_core.verb:set package 'mypalletizer_260' build argument 'cmake_clean_first' from command line to 'False'
[0.234s] Level 5:colcon.colcon_core.verb:set package 'mypalletizer_260' build argument 'cmake_force_configure' from command line to 'False'
[0.234s] Level 5:colcon.colcon_core.verb:set package 'mypalletizer_260' build argument 'ament_cmake_args' from command line to 'None'
[0.234s] Level 5:colcon.colcon_core.verb:set package 'mypalletizer_260' build argument 'catkin_cmake_args' from command line to 'None'
[0.234s] Level 5:colcon.colcon_core.verb:set package 'mypalletizer_260' build argument 'catkin_skip_building_tests' from command line to 'False'
[0.234s] DEBUG:colcon.colcon_core.verb:Building package 'mypalletizer_260' with the following arguments: {'ament_cmake_args': None, 'build_base': '/home/amin/cobot/cobot_ws/build/mypalletizer_260', 'catkin_cmake_args': None, 'catkin_skip_building_tests': False, 'cmake_args': None, 'cmake_clean_cache': False, 'cmake_clean_first': False, 'cmake_force_configure': False, 'cmake_target': None, 'cmake_target_skip_unavailable': False, 'install_base': '/home/amin/cobot/cobot_ws/install/mypalletizer_260', 'merge_install': False, 'path': '/home/amin/cobot/cobot_ws/src/mycobot_ros2/mypalletizer_260/mypalletizer_260', 'symlink_install': False, 'test_result_base': None}
[0.235s] Level 5:colcon.colcon_core.verb:set package 'mypalletizer_260_pi' build argument 'cmake_args' from command line to 'None'
[0.235s] Level 5:colcon.colcon_core.verb:set package 'mypalletizer_260_pi' build argument 'cmake_target' from command line to 'None'
[0.235s] Level 5:colcon.colcon_core.verb:set package 'mypalletizer_260_pi' build argument 'cmake_target_skip_unavailable' from command line to 'False'
[0.235s] Level 5:colcon.colcon_core.verb:set package 'mypalletizer_260_pi' build argument 'cmake_clean_cache' from command line to 'False'
[0.235s] Level 5:colcon.colcon_core.verb:set package 'mypalletizer_260_pi' build argument 'cmake_clean_first' from command line to 'False'
[0.235s] Level 5:colcon.colcon_core.verb:set package 'mypalletizer_260_pi' build argument 'cmake_force_configure' from command line to 'False'
[0.235s] Level 5:colcon.colcon_core.verb:set package 'mypalletizer_260_pi' build argument 'ament_cmake_args' from command line to 'None'
[0.235s] Level 5:colcon.colcon_core.verb:set package 'mypalletizer_260_pi' build argument 'catkin_cmake_args' from command line to 'None'
[0.235s] Level 5:colcon.colcon_core.verb:set package 'mypalletizer_260_pi' build argument 'catkin_skip_building_tests' from command line to 'False'
[0.235s] DEBUG:colcon.colcon_core.verb:Building package 'mypalletizer_260_pi' with the following arguments: {'ament_cmake_args': None, 'build_base': '/home/amin/cobot/cobot_ws/build/mypalletizer_260_pi', 'catkin_cmake_args': None, 'catkin_skip_building_tests': False, 'cmake_args': None, 'cmake_clean_cache': False, 'cmake_clean_first': False, 'cmake_force_configure': False, 'cmake_target': None, 'cmake_target_skip_unavailable': False, 'install_base': '/home/amin/cobot/cobot_ws/install/mypalletizer_260_pi', 'merge_install': False, 'path': '/home/amin/cobot/cobot_ws/src/mycobot_ros2/mypalletizer_260/mypalletizer_260_pi', 'symlink_install': False, 'test_result_base': None}
[0.235s] Level 5:colcon.colcon_core.verb:set package 'mypalletizer_communication' build argument 'cmake_args' from command line to 'None'
[0.235s] Level 5:colcon.colcon_core.verb:set package 'mypalletizer_communication' build argument 'cmake_target' from command line to 'None'
[0.235s] Level 5:colcon.colcon_core.verb:set package 'mypalletizer_communication' build argument 'cmake_target_skip_unavailable' from command line to 'False'
[0.235s] Level 5:colcon.colcon_core.verb:set package 'mypalletizer_communication' build argument 'cmake_clean_cache' from command line to 'False'
[0.235s] Level 5:colcon.colcon_core.verb:set package 'mypalletizer_communication' build argument 'cmake_clean_first' from command line to 'False'
[0.235s] Level 5:colcon.colcon_core.verb:set package 'mypalletizer_communication' build argument 'cmake_force_configure' from command line to 'False'
[0.235s] Level 5:colcon.colcon_core.verb:set package 'mypalletizer_communication' build argument 'ament_cmake_args' from command line to 'None'
[0.235s] Level 5:colcon.colcon_core.verb:set package 'mypalletizer_communication' build argument 'catkin_cmake_args' from command line to 'None'
[0.235s] Level 5:colcon.colcon_core.verb:set package 'mypalletizer_communication' build argument 'catkin_skip_building_tests' from command line to 'False'
[0.235s] DEBUG:colcon.colcon_core.verb:Building package 'mypalletizer_communication' with the following arguments: {'ament_cmake_args': None, 'build_base': '/home/amin/cobot/cobot_ws/build/mypalletizer_communication', 'catkin_cmake_args': None, 'catkin_skip_building_tests': False, 'cmake_args': None, 'cmake_clean_cache': False, 'cmake_clean_first': False, 'cmake_force_configure': False, 'cmake_target': None, 'cmake_target_skip_unavailable': False, 'install_base': '/home/amin/cobot/cobot_ws/install/mypalletizer_communication', 'merge_install': False, 'path': '/home/amin/cobot/cobot_ws/src/mycobot_ros2/mypalletizer_260/mypalletizer_communication', 'symlink_install': False, 'test_result_base': None}
[0.235s] Level 5:colcon.colcon_core.verb:set package 'pro450_moveit2' build argument 'cmake_args' from command line to 'None'
[0.235s] Level 5:colcon.colcon_core.verb:set package 'pro450_moveit2' build argument 'cmake_target' from command line to 'None'
[0.235s] Level 5:colcon.colcon_core.verb:set package 'pro450_moveit2' build argument 'cmake_target_skip_unavailable' from command line to 'False'
[0.235s] Level 5:colcon.colcon_core.verb:set package 'pro450_moveit2' build argument 'cmake_clean_cache' from command line to 'False'
[0.235s] Level 5:colcon.colcon_core.verb:set package 'pro450_moveit2' build argument 'cmake_clean_first' from command line to 'False'
[0.235s] Level 5:colcon.colcon_core.verb:set package 'pro450_moveit2' build argument 'cmake_force_configure' from command line to 'False'
[0.235s] Level 5:colcon.colcon_core.verb:set package 'pro450_moveit2' build argument 'ament_cmake_args' from command line to 'None'
[0.235s] Level 5:colcon.colcon_core.verb:set package 'pro450_moveit2' build argument 'catkin_cmake_args' from command line to 'None'
[0.235s] Level 5:colcon.colcon_core.verb:set package 'pro450_moveit2' build argument 'catkin_skip_building_tests' from command line to 'False'
[0.235s] DEBUG:colcon.colcon_core.verb:Building package 'pro450_moveit2' with the following arguments: {'ament_cmake_args': None, 'build_base': '/home/amin/cobot/cobot_ws/build/pro450_moveit2', 'catkin_cmake_args': None, 'catkin_skip_building_tests': False, 'cmake_args': None, 'cmake_clean_cache': False, 'cmake_clean_first': False, 'cmake_force_configure': False, 'cmake_target': None, 'cmake_target_skip_unavailable': False, 'install_base': '/home/amin/cobot/cobot_ws/install/pro450_moveit2', 'merge_install': False, 'path': '/home/amin/cobot/cobot_ws/src/mycobot_ros2/mycobot_pro/pro450_moveit2', 'symlink_install': False, 'test_result_base': None}
[0.235s] Level 5:colcon.colcon_core.verb:set package 'pro450_moveit2_control' build argument 'cmake_args' from command line to 'None'
[0.235s] Level 5:colcon.colcon_core.verb:set package 'pro450_moveit2_control' build argument 'cmake_target' from command line to 'None'
[0.235s] Level 5:colcon.colcon_core.verb:set package 'pro450_moveit2_control' build argument 'cmake_target_skip_unavailable' from command line to 'False'
[0.235s] Level 5:colcon.colcon_core.verb:set package 'pro450_moveit2_control' build argument 'cmake_clean_cache' from command line to 'False'
[0.235s] Level 5:colcon.colcon_core.verb:set package 'pro450_moveit2_control' build argument 'cmake_clean_first' from command line to 'False'
[0.235s] Level 5:colcon.colcon_core.verb:set package 'pro450_moveit2_control' build argument 'cmake_force_configure' from command line to 'False'
[0.235s] Level 5:colcon.colcon_core.verb:set package 'pro450_moveit2_control' build argument 'ament_cmake_args' from command line to 'None'
[0.235s] Level 5:colcon.colcon_core.verb:set package 'pro450_moveit2_control' build argument 'catkin_cmake_args' from command line to 'None'
[0.235s] Level 5:colcon.colcon_core.verb:set package 'pro450_moveit2_control' build argument 'catkin_skip_building_tests' from command line to 'False'
[0.235s] DEBUG:colcon.colcon_core.verb:Building package 'pro450_moveit2_control' with the following arguments: {'ament_cmake_args': None, 'build_base': '/home/amin/cobot/cobot_ws/build/pro450_moveit2_control', 'catkin_cmake_args': None, 'catkin_skip_building_tests': False, 'cmake_args': None, 'cmake_clean_cache': False, 'cmake_clean_first': False, 'cmake_force_configure': False, 'cmake_target': None, 'cmake_target_skip_unavailable': False, 'install_base': '/home/amin/cobot/cobot_ws/install/pro450_moveit2_control', 'merge_install': False, 'path': '/home/amin/cobot/cobot_ws/src/mycobot_ros2/mycobot_pro/pro450_moveit2_control', 'symlink_install': False, 'test_result_base': None}
[0.236s] Level 5:colcon.colcon_core.verb:set package 'ultraarm' build argument 'cmake_args' from command line to 'None'
[0.236s] Level 5:colcon.colcon_core.verb:set package 'ultraarm' build argument 'cmake_target' from command line to 'None'
[0.236s] Level 5:colcon.colcon_core.verb:set package 'ultraarm' build argument 'cmake_target_skip_unavailable' from command line to 'False'
[0.236s] Level 5:colcon.colcon_core.verb:set package 'ultraarm' build argument 'cmake_clean_cache' from command line to 'False'
[0.236s] Level 5:colcon.colcon_core.verb:set package 'ultraarm' build argument 'cmake_clean_first' from command line to 'False'
[0.236s] Level 5:colcon.colcon_core.verb:set package 'ultraarm' build argument 'cmake_force_configure' from command line to 'False'
[0.236s] Level 5:colcon.colcon_core.verb:set package 'ultraarm' build argument 'ament_cmake_args' from command line to 'None'
[0.236s] Level 5:colcon.colcon_core.verb:set package 'ultraarm' build argument 'catkin_cmake_args' from command line to 'None'
[0.236s] Level 5:colcon.colcon_core.verb:set package 'ultraarm' build argument 'catkin_skip_building_tests' from command line to 'False'
[0.236s] DEBUG:colcon.colcon_core.verb:Building package 'ultraarm' with the following arguments: {'ament_cmake_args': None, 'build_base': '/home/amin/cobot/cobot_ws/build/ultraarm', 'catkin_cmake_args': None, 'catkin_skip_building_tests': False, 'cmake_args': None, 'cmake_clean_cache': False, 'cmake_clean_first': False, 'cmake_force_configure': False, 'cmake_target': None, 'cmake_target_skip_unavailable': False, 'install_base': '/home/amin/cobot/cobot_ws/install/ultraarm', 'merge_install': False, 'path': '/home/amin/cobot/cobot_ws/src/mycobot_ros2/ultraArm/ultraarm', 'symlink_install': False, 'test_result_base': None}
[0.236s] Level 5:colcon.colcon_core.verb:set package 'myarm_c650' build argument 'cmake_args' from command line to 'None'
[0.236s] Level 5:colcon.colcon_core.verb:set package 'myarm_c650' build argument 'cmake_target' from command line to 'None'
[0.236s] Level 5:colcon.colcon_core.verb:set package 'myarm_c650' build argument 'cmake_target_skip_unavailable' from command line to 'False'
[0.236s] Level 5:colcon.colcon_core.verb:set package 'myarm_c650' build argument 'cmake_clean_cache' from command line to 'False'
[0.236s] Level 5:colcon.colcon_core.verb:set package 'myarm_c650' build argument 'cmake_clean_first' from command line to 'False'
[0.236s] Level 5:colcon.colcon_core.verb:set package 'myarm_c650' build argument 'cmake_force_configure' from command line to 'False'
[0.236s] Level 5:colcon.colcon_core.verb:set package 'myarm_c650' build argument 'ament_cmake_args' from command line to 'None'
[0.236s] Level 5:colcon.colcon_core.verb:set package 'myarm_c650' build argument 'catkin_cmake_args' from command line to 'None'
[0.236s] Level 5:colcon.colcon_core.verb:set package 'myarm_c650' build argument 'catkin_skip_building_tests' from command line to 'False'
[0.236s] DEBUG:colcon.colcon_core.verb:Building package 'myarm_c650' with the following arguments: {'ament_cmake_args': None, 'build_base': '/home/amin/cobot/cobot_ws/build/myarm_c650', 'catkin_cmake_args': None, 'catkin_skip_building_tests': False, 'cmake_args': None, 'cmake_clean_cache': False, 'cmake_clean_first': False, 'cmake_force_configure': False, 'cmake_target': None, 'cmake_target_skip_unavailable': False, 'install_base': '/home/amin/cobot/cobot_ws/install/myarm_c650', 'merge_install': False, 'path': '/home/amin/cobot/cobot_ws/src/mycobot_ros2/myArm/myarm_c650', 'symlink_install': False, 'test_result_base': None}
[0.236s] Level 5:colcon.colcon_core.verb:set package 'myarm_m750' build argument 'cmake_args' from command line to 'None'
[0.236s] Level 5:colcon.colcon_core.verb:set package 'myarm_m750' build argument 'cmake_target' from command line to 'None'
[0.236s] Level 5:colcon.colcon_core.verb:set package 'myarm_m750' build argument 'cmake_target_skip_unavailable' from command line to 'False'
[0.236s] Level 5:colcon.colcon_core.verb:set package 'myarm_m750' build argument 'cmake_clean_cache' from command line to 'False'
[0.236s] Level 5:colcon.colcon_core.verb:set package 'myarm_m750' build argument 'cmake_clean_first' from command line to 'False'
[0.236s] Level 5:colcon.colcon_core.verb:set package 'myarm_m750' build argument 'cmake_force_configure' from command line to 'False'
[0.236s] Level 5:colcon.colcon_core.verb:set package 'myarm_m750' build argument 'ament_cmake_args' from command line to 'None'
[0.236s] Level 5:colcon.colcon_core.verb:set package 'myarm_m750' build argument 'catkin_cmake_args' from command line to 'None'
[0.236s] Level 5:colcon.colcon_core.verb:set package 'myarm_m750' build argument 'catkin_skip_building_tests' from command line to 'False'
[0.236s] DEBUG:colcon.colcon_core.verb:Building package 'myarm_m750' with the following arguments: {'ament_cmake_args': None, 'build_base': '/home/amin/cobot/cobot_ws/build/myarm_m750', 'catkin_cmake_args': None, 'catkin_skip_building_tests': False, 'cmake_args': None, 'cmake_clean_cache': False, 'cmake_clean_first': False, 'cmake_force_configure': False, 'cmake_target': None, 'cmake_target_skip_unavailable': False, 'install_base': '/home/amin/cobot/cobot_ws/install/myarm_m750', 'merge_install': False, 'path': '/home/amin/cobot/cobot_ws/src/mycobot_ros2/myArm/myarm_m750', 'symlink_install': False, 'test_result_base': None}
[0.236s] Level 5:colcon.colcon_core.verb:set package 'mycobot_280_rdkx5' build argument 'cmake_args' from command line to 'None'
[0.236s] Level 5:colcon.colcon_core.verb:set package 'mycobot_280_rdkx5' build argument 'cmake_target' from command line to 'None'
[0.236s] Level 5:colcon.colcon_core.verb:set package 'mycobot_280_rdkx5' build argument 'cmake_target_skip_unavailable' from command line to 'False'
[0.236s] Level 5:colcon.colcon_core.verb:set package 'mycobot_280_rdkx5' build argument 'cmake_clean_cache' from command line to 'False'
[0.236s] Level 5:colcon.colcon_core.verb:set package 'mycobot_280_rdkx5' build argument 'cmake_clean_first' from command line to 'False'
[0.236s] Level 5:colcon.colcon_core.verb:set package 'mycobot_280_rdkx5' build argument 'cmake_force_configure' from command line to 'False'
[0.236s] Level 5:colcon.colcon_core.verb:set package 'mycobot_280_rdkx5' build argument 'ament_cmake_args' from command line to 'None'
[0.237s] Level 5:colcon.colcon_core.verb:set package 'mycobot_280_rdkx5' build argument 'catkin_cmake_args' from command line to 'None'
[0.237s] Level 5:colcon.colcon_core.verb:set package 'mycobot_280_rdkx5' build argument 'catkin_skip_building_tests' from command line to 'False'
[0.237s] DEBUG:colcon.colcon_core.verb:Building package 'mycobot_280_rdkx5' with the following arguments: {'ament_cmake_args': None, 'build_base': '/home/amin/cobot/cobot_ws/build/mycobot_280_rdkx5', 'catkin_cmake_args': None, 'catkin_skip_building_tests': False, 'cmake_args': None, 'cmake_clean_cache': False, 'cmake_clean_first': False, 'cmake_force_configure': False, 'cmake_target': None, 'cmake_target_skip_unavailable': False, 'install_base': '/home/amin/cobot/cobot_ws/install/mycobot_280_rdkx5', 'merge_install': False, 'path': '/home/amin/cobot/cobot_ws/src/mycobot_ros2/mycobot_280/mycobot_280_rdkx5', 'symlink_install': False, 'test_result_base': None}
[0.237s] INFO:colcon.colcon_core.executor:Executing jobs using 'parallel' executor
[0.237s] DEBUG:colcon.colcon_parallel_executor.executor.parallel:run_until_complete
[0.238s] INFO:colcon.colcon_ros.task.ament_python.build:Building ROS package in '/home/amin/cobot/cobot_ws/src/mycobot_ros2/mycobot_description' with build type 'ament_python'
[0.238s] Level 1:colcon.colcon_core.shell:create_environment_hook('mycobot_description', 'ament_prefix_path')
[0.240s] INFO:colcon.colcon_core.plugin_system:Skipping extension 'colcon_core.shell.bat': Not used on non-Windows systems
[0.241s] INFO:colcon.colcon_core.shell:Creating environment hook '/home/amin/cobot/cobot_ws/install/mycobot_description/share/mycobot_description/hook/ament_prefix_path.ps1'
[0.241s] INFO:colcon.colcon_core.shell:Creating environment descriptor '/home/amin/cobot/cobot_ws/install/mycobot_description/share/mycobot_description/hook/ament_prefix_path.dsv'
[0.241s] INFO:colcon.colcon_core.shell:Creating environment hook '/home/amin/cobot/cobot_ws/install/mycobot_description/share/mycobot_description/hook/ament_prefix_path.sh'
[0.242s] INFO:colcon.colcon_core.shell:Skip shell extension 'powershell' for command environment: Not usable outside of PowerShell
[0.242s] DEBUG:colcon.colcon_core.shell:Skip shell extension 'dsv' for command environment
[0.247s] INFO:colcon.colcon_ros.task.ament_cmake.build:Building ROS package in '/home/amin/cobot/cobot_ws/src/mycobot_ros2/mycobot_280/mycobot_interfaces' with build type 'ament_cmake'
[0.247s] INFO:colcon.colcon_cmake.task.cmake.build:Building CMake package in '/home/amin/cobot/cobot_ws/src/mycobot_ros2/mycobot_280/mycobot_interfaces'
[0.247s] INFO:colcon.colcon_core.shell:Skip shell extension 'powershell' for command environment: Not usable outside of PowerShell
[0.247s] DEBUG:colcon.colcon_core.shell:Skip shell extension 'dsv' for command environment
[0.251s] INFO:colcon.colcon_ros.task.ament_cmake.build:Building ROS package in '/home/amin/cobot/cobot_ws/src/mycobot_ros2/mypalletizer_260/mypalletizer_interfaces' with build type 'ament_cmake'
[0.251s] INFO:colcon.colcon_cmake.task.cmake.build:Building CMake package in '/home/amin/cobot/cobot_ws/src/mycobot_ros2/mypalletizer_260/mypalletizer_interfaces'
[0.251s] INFO:colcon.colcon_core.shell:Skip shell extension 'powershell' for command environment: Not usable outside of PowerShell
[0.251s] DEBUG:colcon.colcon_core.shell:Skip shell extension 'dsv' for command environment
[0.255s] INFO:colcon.colcon_ros.task.ament_cmake.build:Building ROS package in '/home/amin/cobot/cobot_ws/src/mycobot_ros2/mecharm/mecharm_interfaces' with build type 'ament_cmake'
[0.255s] INFO:colcon.colcon_cmake.task.cmake.build:Building CMake package in '/home/amin/cobot/cobot_ws/src/mycobot_ros2/mecharm/mecharm_interfaces'
[0.255s] INFO:colcon.colcon_core.shell:Skip shell extension 'powershell' for command environment: Not usable outside of PowerShell
[0.255s] DEBUG:colcon.colcon_core.shell:Skip shell extension 'dsv' for command environment
[0.258s] INFO:colcon.colcon_ros.task.ament_cmake.build:Building ROS package in '/home/amin/cobot/cobot_ws/src/mycobot_ros2/mycobot_pro/mycobot_pro450_interfaces' with build type 'ament_cmake'
[0.258s] INFO:colcon.colcon_cmake.task.cmake.build:Building CMake package in '/home/amin/cobot/cobot_ws/src/mycobot_ros2/mycobot_pro/mycobot_pro450_interfaces'
[0.258s] INFO:colcon.colcon_core.shell:Skip shell extension 'powershell' for command environment: Not usable outside of PowerShell
[0.258s] DEBUG:colcon.colcon_core.shell:Skip shell extension 'dsv' for command environment
[0.426s] INFO:colcon.colcon_core.task.python.build:Building Python package in '/home/amin/cobot/cobot_ws/src/mycobot_ros2/mycobot_description'
[0.426s] INFO:colcon.colcon_core.shell:Skip shell extension 'powershell' for command environment: Not usable outside of PowerShell
[0.427s] DEBUG:colcon.colcon_core.shell:Skip shell extension 'dsv' for command environment
[0.432s] DEBUG:colcon.colcon_core.event_handler.log_command:Invoking command in '/home/amin/cobot/cobot_ws/build/mycobot_interfaces': CMAKE_PREFIX_PATH=${CMAKE_PREFIX_PATH}:/home/amin/cobot/cobot_ws/install/ultraarm:/home/amin/cobot/cobot_ws/install/pro450_moveit2_control:/home/amin/cobot/cobot_ws/install/mypalletizer_communication:/home/amin/cobot/cobot_ws/install/mypalletizer_260_pi:/home/amin/cobot/cobot_ws/install/mypalletizer_260:/home/amin/cobot/cobot_ws/install/mycobot_pro_450:/home/amin/cobot/cobot_ws/install/myarm_m750:/home/amin/cobot/cobot_ws/install/myarm_c650:/home/amin/cobot/cobot_ws/install/mycobot_communication:/home/amin/cobot/cobot_ws/install/mecharm_communication:/home/amin/cobot/cobot_ws/install/mycobot_630:/home/amin/cobot/cobot_ws/install/mycobot_600:/home/amin/cobot/cobot_ws/install/mycobot_320pi:/home/amin/cobot/cobot_ws/install/mycobot_320_riscv:/home/amin/cobot/cobot_ws/install/mycobot_320:/home/amin/cobot/cobot_ws/install/mycobot_280pi:/home/amin/cobot/cobot_ws/install/mycobot_280jn:/home/amin/cobot/cobot_ws/install/mycobot_280_x3pi:/home/amin/cobot/cobot_ws/install/mycobot_280_riscv:/home/amin/cobot/cobot_ws/install/mycobot_280_rdkx5:/home/amin/cobot/cobot_ws/install/mycobot_280_moveit2_control:/home/amin/cobot/cobot_ws/install/mycobot_280_arduino:/home/amin/cobot/cobot_ws/install/mycobot_280:/home/amin/cobot/cobot_ws/install/mybuddy:/home/amin/cobot/cobot_ws/install/myarm_300:/home/amin/cobot/cobot_ws/install/mecharm_pi:/home/amin/cobot/cobot_ws/install/mecharm:/home/amin/cobot/cobot_ws/install/mycobot_description:/opt/ros/jazzy DEBUGINFOD_URLS=https://debuginfod.ubuntu.com /usr/bin/cmake --build /home/amin/cobot/cobot_ws/build/mycobot_interfaces -- -j8 -l8
[0.435s] DEBUG:colcon.colcon_core.event_handler.log_command:Invoking command in '/home/amin/cobot/cobot_ws/build/mypalletizer_interfaces': CMAKE_PREFIX_PATH=${CMAKE_PREFIX_PATH}:/home/amin/cobot/cobot_ws/install/ultraarm:/home/amin/cobot/cobot_ws/install/pro450_moveit2_control:/home/amin/cobot/cobot_ws/install/mypalletizer_communication:/home/amin/cobot/cobot_ws/install/mypalletizer_260_pi:/home/amin/cobot/cobot_ws/install/mypalletizer_260:/home/amin/cobot/cobot_ws/install/mycobot_pro_450:/home/amin/cobot/cobot_ws/install/myarm_m750:/home/amin/cobot/cobot_ws/install/myarm_c650:/home/amin/cobot/cobot_ws/install/mycobot_communication:/home/amin/cobot/cobot_ws/install/mecharm_communication:/home/amin/cobot/cobot_ws/install/mycobot_630:/home/amin/cobot/cobot_ws/install/mycobot_600:/home/amin/cobot/cobot_ws/install/mycobot_320pi:/home/amin/cobot/cobot_ws/install/mycobot_320_riscv:/home/amin/cobot/cobot_ws/install/mycobot_320:/home/amin/cobot/cobot_ws/install/mycobot_280pi:/home/amin/cobot/cobot_ws/install/mycobot_280jn:/home/amin/cobot/cobot_ws/install/mycobot_280_x3pi:/home/amin/cobot/cobot_ws/install/mycobot_280_riscv:/home/amin/cobot/cobot_ws/install/mycobot_280_rdkx5:/home/amin/cobot/cobot_ws/install/mycobot_280_moveit2_control:/home/amin/cobot/cobot_ws/install/mycobot_280_arduino:/home/amin/cobot/cobot_ws/install/mycobot_280:/home/amin/cobot/cobot_ws/install/mybuddy:/home/amin/cobot/cobot_ws/install/myarm_300:/home/amin/cobot/cobot_ws/install/mecharm_pi:/home/amin/cobot/cobot_ws/install/mecharm:/home/amin/cobot/cobot_ws/install/mycobot_description:/opt/ros/jazzy DEBUGINFOD_URLS=https://debuginfod.ubuntu.com /usr/bin/cmake --build /home/amin/cobot/cobot_ws/build/mypalletizer_interfaces -- -j8 -l8
[0.436s] DEBUG:colcon.colcon_core.event_handler.log_command:Invoking command in '/home/amin/cobot/cobot_ws/build/mecharm_interfaces': CMAKE_PREFIX_PATH=${CMAKE_PREFIX_PATH}:/home/amin/cobot/cobot_ws/install/ultraarm:/home/amin/cobot/cobot_ws/install/pro450_moveit2_control:/home/amin/cobot/cobot_ws/install/mypalletizer_communication:/home/amin/cobot/cobot_ws/install/mypalletizer_260_pi:/home/amin/cobot/cobot_ws/install/mypalletizer_260:/home/amin/cobot/cobot_ws/install/mycobot_pro_450:/home/amin/cobot/cobot_ws/install/myarm_m750:/home/amin/cobot/cobot_ws/install/myarm_c650:/home/amin/cobot/cobot_ws/install/mycobot_communication:/home/amin/cobot/cobot_ws/install/mecharm_communication:/home/amin/cobot/cobot_ws/install/mycobot_630:/home/amin/cobot/cobot_ws/install/mycobot_600:/home/amin/cobot/cobot_ws/install/mycobot_320pi:/home/amin/cobot/cobot_ws/install/mycobot_320_riscv:/home/amin/cobot/cobot_ws/install/mycobot_320:/home/amin/cobot/cobot_ws/install/mycobot_280pi:/home/amin/cobot/cobot_ws/install/mycobot_280jn:/home/amin/cobot/cobot_ws/install/mycobot_280_x3pi:/home/amin/cobot/cobot_ws/install/mycobot_280_riscv:/home/amin/cobot/cobot_ws/install/mycobot_280_rdkx5:/home/amin/cobot/cobot_ws/install/mycobot_280_moveit2_control:/home/amin/cobot/cobot_ws/install/mycobot_280_arduino:/home/amin/cobot/cobot_ws/install/mycobot_280:/home/amin/cobot/cobot_ws/install/mybuddy:/home/amin/cobot/cobot_ws/install/myarm_300:/home/amin/cobot/cobot_ws/install/mecharm_pi:/home/amin/cobot/cobot_ws/install/mecharm:/home/amin/cobot/cobot_ws/install/mycobot_description:/opt/ros/jazzy DEBUGINFOD_URLS=https://debuginfod.ubuntu.com /usr/bin/cmake --build /home/amin/cobot/cobot_ws/build/mecharm_interfaces -- -j8 -l8
[0.442s] DEBUG:colcon.colcon_core.event_handler.log_command:Invoking command in '/home/amin/cobot/cobot_ws/build/mycobot_pro450_interfaces': CMAKE_PREFIX_PATH=${CMAKE_PREFIX_PATH}:/home/amin/cobot/cobot_ws/install/ultraarm:/home/amin/cobot/cobot_ws/install/pro450_moveit2_control:/home/amin/cobot/cobot_ws/install/mypalletizer_communication:/home/amin/cobot/cobot_ws/install/mypalletizer_260_pi:/home/amin/cobot/cobot_ws/install/mypalletizer_260:/home/amin/cobot/cobot_ws/install/mycobot_pro_450:/home/amin/cobot/cobot_ws/install/myarm_m750:/home/amin/cobot/cobot_ws/install/myarm_c650:/home/amin/cobot/cobot_ws/install/mycobot_communication:/home/amin/cobot/cobot_ws/install/mecharm_communication:/home/amin/cobot/cobot_ws/install/mycobot_630:/home/amin/cobot/cobot_ws/install/mycobot_600:/home/amin/cobot/cobot_ws/install/mycobot_320pi:/home/amin/cobot/cobot_ws/install/mycobot_320_riscv:/home/amin/cobot/cobot_ws/install/mycobot_320:/home/amin/cobot/cobot_ws/install/mycobot_280pi:/home/amin/cobot/cobot_ws/install/mycobot_280jn:/home/amin/cobot/cobot_ws/install/mycobot_280_x3pi:/home/amin/cobot/cobot_ws/install/mycobot_280_riscv:/home/amin/cobot/cobot_ws/install/mycobot_280_rdkx5:/home/amin/cobot/cobot_ws/install/mycobot_280_moveit2_control:/home/amin/cobot/cobot_ws/install/mycobot_280_arduino:/home/amin/cobot/cobot_ws/install/mycobot_280:/home/amin/cobot/cobot_ws/install/mybuddy:/home/amin/cobot/cobot_ws/install/myarm_300:/home/amin/cobot/cobot_ws/install/mecharm_pi:/home/amin/cobot/cobot_ws/install/mecharm:/home/amin/cobot/cobot_ws/install/mycobot_description:/opt/ros/jazzy DEBUGINFOD_URLS=https://debuginfod.ubuntu.com /usr/bin/cmake --build /home/amin/cobot/cobot_ws/build/mycobot_pro450_interfaces -- -j8 -l8
[1.037s] DEBUG:colcon.colcon_core.event_handler.log_command:Invoked command in '/home/amin/cobot/cobot_ws/build/mypalletizer_interfaces' returned '0': CMAKE_PREFIX_PATH=${CMAKE_PREFIX_PATH}:/home/amin/cobot/cobot_ws/install/ultraarm:/home/amin/cobot/cobot_ws/install/pro450_moveit2_control:/home/amin/cobot/cobot_ws/install/mypalletizer_communication:/home/amin/cobot/cobot_ws/install/mypalletizer_260_pi:/home/amin/cobot/cobot_ws/install/mypalletizer_260:/home/amin/cobot/cobot_ws/install/mycobot_pro_450:/home/amin/cobot/cobot_ws/install/myarm_m750:/home/amin/cobot/cobot_ws/install/myarm_c650:/home/amin/cobot/cobot_ws/install/mycobot_communication:/home/amin/cobot/cobot_ws/install/mecharm_communication:/home/amin/cobot/cobot_ws/install/mycobot_630:/home/amin/cobot/cobot_ws/install/mycobot_600:/home/amin/cobot/cobot_ws/install/mycobot_320pi:/home/amin/cobot/cobot_ws/install/mycobot_320_riscv:/home/amin/cobot/cobot_ws/install/mycobot_320:/home/amin/cobot/cobot_ws/install/mycobot_280pi:/home/amin/cobot/cobot_ws/install/mycobot_280jn:/home/amin/cobot/cobot_ws/install/mycobot_280_x3pi:/home/amin/cobot/cobot_ws/install/mycobot_280_riscv:/home/amin/cobot/cobot_ws/install/mycobot_280_rdkx5:/home/amin/cobot/cobot_ws/install/mycobot_280_moveit2_control:/home/amin/cobot/cobot_ws/install/mycobot_280_arduino:/home/amin/cobot/cobot_ws/install/mycobot_280:/home/amin/cobot/cobot_ws/install/mybuddy:/home/amin/cobot/cobot_ws/install/myarm_300:/home/amin/cobot/cobot_ws/install/mecharm_pi:/home/amin/cobot/cobot_ws/install/mecharm:/home/amin/cobot/cobot_ws/install/mycobot_description:/opt/ros/jazzy DEBUGINFOD_URLS=https://debuginfod.ubuntu.com /usr/bin/cmake --build /home/amin/cobot/cobot_ws/build/mypalletizer_interfaces -- -j8 -l8
[1.046s] DEBUG:colcon.colcon_core.event_handler.log_command:Invoking command in '/home/amin/cobot/cobot_ws/build/mypalletizer_interfaces': CMAKE_PREFIX_PATH=${CMAKE_PREFIX_PATH}:/home/amin/cobot/cobot_ws/install/ultraarm:/home/amin/cobot/cobot_ws/install/pro450_moveit2_control:/home/amin/cobot/cobot_ws/install/mypalletizer_communication:/home/amin/cobot/cobot_ws/install/mypalletizer_260_pi:/home/amin/cobot/cobot_ws/install/mypalletizer_260:/home/amin/cobot/cobot_ws/install/mycobot_pro_450:/home/amin/cobot/cobot_ws/install/myarm_m750:/home/amin/cobot/cobot_ws/install/myarm_c650:/home/amin/cobot/cobot_ws/install/mycobot_communication:/home/amin/cobot/cobot_ws/install/mecharm_communication:/home/amin/cobot/cobot_ws/install/mycobot_630:/home/amin/cobot/cobot_ws/install/mycobot_600:/home/amin/cobot/cobot_ws/install/mycobot_320pi:/home/amin/cobot/cobot_ws/install/mycobot_320_riscv:/home/amin/cobot/cobot_ws/install/mycobot_320:/home/amin/cobot/cobot_ws/install/mycobot_280pi:/home/amin/cobot/cobot_ws/install/mycobot_280jn:/home/amin/cobot/cobot_ws/install/mycobot_280_x3pi:/home/amin/cobot/cobot_ws/install/mycobot_280_riscv:/home/amin/cobot/cobot_ws/install/mycobot_280_rdkx5:/home/amin/cobot/cobot_ws/install/mycobot_280_moveit2_control:/home/amin/cobot/cobot_ws/install/mycobot_280_arduino:/home/amin/cobot/cobot_ws/install/mycobot_280:/home/amin/cobot/cobot_ws/install/mybuddy:/home/amin/cobot/cobot_ws/install/myarm_300:/home/amin/cobot/cobot_ws/install/mecharm_pi:/home/amin/cobot/cobot_ws/install/mecharm:/home/amin/cobot/cobot_ws/install/mycobot_description:/opt/ros/jazzy DEBUGINFOD_URLS=https://debuginfod.ubuntu.com /usr/bin/cmake --install /home/amin/cobot/cobot_ws/build/mypalletizer_interfaces
[1.089s] DEBUG:colcon.colcon_core.event_handler.log_command:Invoked command in '/home/amin/cobot/cobot_ws/build/mycobot_interfaces' returned '0': CMAKE_PREFIX_PATH=${CMAKE_PREFIX_PATH}:/home/amin/cobot/cobot_ws/install/ultraarm:/home/amin/cobot/cobot_ws/install/pro450_moveit2_control:/home/amin/cobot/cobot_ws/install/mypalletizer_communication:/home/amin/cobot/cobot_ws/install/mypalletizer_260_pi:/home/amin/cobot/cobot_ws/install/mypalletizer_260:/home/amin/cobot/cobot_ws/install/mycobot_pro_450:/home/amin/cobot/cobot_ws/install/myarm_m750:/home/amin/cobot/cobot_ws/install/myarm_c650:/home/amin/cobot/cobot_ws/install/mycobot_communication:/home/amin/cobot/cobot_ws/install/mecharm_communication:/home/amin/cobot/cobot_ws/install/mycobot_630:/home/amin/cobot/cobot_ws/install/mycobot_600:/home/amin/cobot/cobot_ws/install/mycobot_320pi:/home/amin/cobot/cobot_ws/install/mycobot_320_riscv:/home/amin/cobot/cobot_ws/install/mycobot_320:/home/amin/cobot/cobot_ws/install/mycobot_280pi:/home/amin/cobot/cobot_ws/install/mycobot_280jn:/home/amin/cobot/cobot_ws/install/mycobot_280_x3pi:/home/amin/cobot/cobot_ws/install/mycobot_280_riscv:/home/amin/cobot/cobot_ws/install/mycobot_280_rdkx5:/home/amin/cobot/cobot_ws/install/mycobot_280_moveit2_control:/home/amin/cobot/cobot_ws/install/mycobot_280_arduino:/home/amin/cobot/cobot_ws/install/mycobot_280:/home/amin/cobot/cobot_ws/install/mybuddy:/home/amin/cobot/cobot_ws/install/myarm_300:/home/amin/cobot/cobot_ws/install/mecharm_pi:/home/amin/cobot/cobot_ws/install/mecharm:/home/amin/cobot/cobot_ws/install/mycobot_description:/opt/ros/jazzy DEBUGINFOD_URLS=https://debuginfod.ubuntu.com /usr/bin/cmake --build /home/amin/cobot/cobot_ws/build/mycobot_interfaces -- -j8 -l8
[1.090s] DEBUG:colcon.colcon_core.event_handler.log_command:Invoking command in '/home/amin/cobot/cobot_ws/build/mycobot_interfaces': CMAKE_PREFIX_PATH=${CMAKE_PREFIX_PATH}:/home/amin/cobot/cobot_ws/install/ultraarm:/home/amin/cobot/cobot_ws/install/pro450_moveit2_control:/home/amin/cobot/cobot_ws/install/mypalletizer_communication:/home/amin/cobot/cobot_ws/install/mypalletizer_260_pi:/home/amin/cobot/cobot_ws/install/mypalletizer_260:/home/amin/cobot/cobot_ws/install/mycobot_pro_450:/home/amin/cobot/cobot_ws/install/myarm_m750:/home/amin/cobot/cobot_ws/install/myarm_c650:/home/amin/cobot/cobot_ws/install/mycobot_communication:/home/amin/cobot/cobot_ws/install/mecharm_communication:/home/amin/cobot/cobot_ws/install/mycobot_630:/home/amin/cobot/cobot_ws/install/mycobot_600:/home/amin/cobot/cobot_ws/install/mycobot_320pi:/home/amin/cobot/cobot_ws/install/mycobot_320_riscv:/home/amin/cobot/cobot_ws/install/mycobot_320:/home/amin/cobot/cobot_ws/install/mycobot_280pi:/home/amin/cobot/cobot_ws/install/mycobot_280jn:/home/amin/cobot/cobot_ws/install/mycobot_280_x3pi:/home/amin/cobot/cobot_ws/install/mycobot_280_riscv:/home/amin/cobot/cobot_ws/install/mycobot_280_rdkx5:/home/amin/cobot/cobot_ws/install/mycobot_280_moveit2_control:/home/amin/cobot/cobot_ws/install/mycobot_280_arduino:/home/amin/cobot/cobot_ws/install/mycobot_280:/home/amin/cobot/cobot_ws/install/mybuddy:/home/amin/cobot/cobot_ws/install/myarm_300:/home/amin/cobot/cobot_ws/install/mecharm_pi:/home/amin/cobot/cobot_ws/install/mecharm:/home/amin/cobot/cobot_ws/install/mycobot_description:/opt/ros/jazzy DEBUGINFOD_URLS=https://debuginfod.ubuntu.com /usr/bin/cmake --install /home/amin/cobot/cobot_ws/build/mycobot_interfaces
[1.117s] Level 1:colcon.colcon_core.environment:create_environment_scripts_only(mypalletizer_interfaces)
[1.127s] DEBUG:colcon.colcon_core.event_handler.log_command:Invoked command in '/home/amin/cobot/cobot_ws/build/mypalletizer_interfaces' returned '0': CMAKE_PREFIX_PATH=${CMAKE_PREFIX_PATH}:/home/amin/cobot/cobot_ws/install/ultraarm:/home/amin/cobot/cobot_ws/install/pro450_moveit2_control:/home/amin/cobot/cobot_ws/install/mypalletizer_communication:/home/amin/cobot/cobot_ws/install/mypalletizer_260_pi:/home/amin/cobot/cobot_ws/install/mypalletizer_260:/home/amin/cobot/cobot_ws/install/mycobot_pro_450:/home/amin/cobot/cobot_ws/install/myarm_m750:/home/amin/cobot/cobot_ws/install/myarm_c650:/home/amin/cobot/cobot_ws/install/mycobot_communication:/home/amin/cobot/cobot_ws/install/mecharm_communication:/home/amin/cobot/cobot_ws/install/mycobot_630:/home/amin/cobot/cobot_ws/install/mycobot_600:/home/amin/cobot/cobot_ws/install/mycobot_320pi:/home/amin/cobot/cobot_ws/install/mycobot_320_riscv:/home/amin/cobot/cobot_ws/install/mycobot_320:/home/amin/cobot/cobot_ws/install/mycobot_280pi:/home/amin/cobot/cobot_ws/install/mycobot_280jn:/home/amin/cobot/cobot_ws/install/mycobot_280_x3pi:/home/amin/cobot/cobot_ws/install/mycobot_280_riscv:/home/amin/cobot/cobot_ws/install/mycobot_280_rdkx5:/home/amin/cobot/cobot_ws/install/mycobot_280_moveit2_control:/home/amin/cobot/cobot_ws/install/mycobot_280_arduino:/home/amin/cobot/cobot_ws/install/mycobot_280:/home/amin/cobot/cobot_ws/install/mybuddy:/home/amin/cobot/cobot_ws/install/myarm_300:/home/amin/cobot/cobot_ws/install/mecharm_pi:/home/amin/cobot/cobot_ws/install/mecharm:/home/amin/cobot/cobot_ws/install/mycobot_description:/opt/ros/jazzy DEBUGINFOD_URLS=https://debuginfod.ubuntu.com /usr/bin/cmake --install /home/amin/cobot/cobot_ws/build/mypalletizer_interfaces
[1.128s] Level 1:colcon.colcon_core.environment:checking '/home/amin/cobot/cobot_ws/install/mypalletizer_interfaces' for CMake module files
[1.128s] Level 1:colcon.colcon_core.environment:checking '/home/amin/cobot/cobot_ws/install/mypalletizer_interfaces' for CMake config files
[1.129s] Level 1:colcon.colcon_core.shell:create_environment_hook('mypalletizer_interfaces', 'cmake_prefix_path')
[1.129s] INFO:colcon.colcon_core.shell:Creating environment hook '/home/amin/cobot/cobot_ws/install/mypalletizer_interfaces/share/mypalletizer_interfaces/hook/cmake_prefix_path.ps1'
[1.129s] INFO:colcon.colcon_core.shell:Creating environment descriptor '/home/amin/cobot/cobot_ws/install/mypalletizer_interfaces/share/mypalletizer_interfaces/hook/cmake_prefix_path.dsv'
[1.129s] INFO:colcon.colcon_core.shell:Creating environment hook '/home/amin/cobot/cobot_ws/install/mypalletizer_interfaces/share/mypalletizer_interfaces/hook/cmake_prefix_path.sh'
[1.130s] Level 1:colcon.colcon_core.environment:checking '/home/amin/cobot/cobot_ws/install/mypalletizer_interfaces/lib'
[1.130s] Level 1:colcon.colcon_core.shell:create_environment_hook('mypalletizer_interfaces', 'ld_library_path_lib')
[1.130s] INFO:colcon.colcon_core.shell:Creating environment hook '/home/amin/cobot/cobot_ws/install/mypalletizer_interfaces/share/mypalletizer_interfaces/hook/ld_library_path_lib.ps1'
[1.130s] INFO:colcon.colcon_core.shell:Creating environment descriptor '/home/amin/cobot/cobot_ws/install/mypalletizer_interfaces/share/mypalletizer_interfaces/hook/ld_library_path_lib.dsv'
[1.130s] INFO:colcon.colcon_core.shell:Creating environment hook '/home/amin/cobot/cobot_ws/install/mypalletizer_interfaces/share/mypalletizer_interfaces/hook/ld_library_path_lib.sh'
[1.131s] Level 1:colcon.colcon_core.environment:checking '/home/amin/cobot/cobot_ws/install/mypalletizer_interfaces/bin'
[1.131s] Level 1:colcon.colcon_core.environment:checking '/home/amin/cobot/cobot_ws/install/mypalletizer_interfaces/lib/pkgconfig/mypalletizer_interfaces.pc'
[1.131s] Level 1:colcon.colcon_core.environment:checking '/home/amin/cobot/cobot_ws/install/mypalletizer_interfaces/lib/python3.12/site-packages'
[1.131s] Level 1:colcon.colcon_core.shell:create_environment_hook('mypalletizer_interfaces', 'pythonpath')
[1.131s] INFO:colcon.colcon_core.shell:Creating environment hook '/home/amin/cobot/cobot_ws/install/mypalletizer_interfaces/share/mypalletizer_interfaces/hook/pythonpath.ps1'
[1.131s] INFO:colcon.colcon_core.shell:Creating environment descriptor '/home/amin/cobot/cobot_ws/install/mypalletizer_interfaces/share/mypalletizer_interfaces/hook/pythonpath.dsv'
[1.132s] INFO:colcon.colcon_core.shell:Creating environment hook '/home/amin/cobot/cobot_ws/install/mypalletizer_interfaces/share/mypalletizer_interfaces/hook/pythonpath.sh'
[1.132s] Level 1:colcon.colcon_core.environment:checking '/home/amin/cobot/cobot_ws/install/mypalletizer_interfaces/bin'
[1.133s] INFO:colcon.colcon_core.shell:Creating package script '/home/amin/cobot/cobot_ws/install/mypalletizer_interfaces/share/mypalletizer_interfaces/package.ps1'
[1.134s] INFO:colcon.colcon_core.shell:Creating package descriptor '/home/amin/cobot/cobot_ws/install/mypalletizer_interfaces/share/mypalletizer_interfaces/package.dsv'
[1.134s] INFO:colcon.colcon_core.shell:Creating package script '/home/amin/cobot/cobot_ws/install/mypalletizer_interfaces/share/mypalletizer_interfaces/package.sh'
[1.135s] INFO:colcon.colcon_core.shell:Creating package script '/home/amin/cobot/cobot_ws/install/mypalletizer_interfaces/share/mypalletizer_interfaces/package.bash'
[1.135s] INFO:colcon.colcon_core.shell:Creating package script '/home/amin/cobot/cobot_ws/install/mypalletizer_interfaces/share/mypalletizer_interfaces/package.zsh'
[1.136s] Level 1:colcon.colcon_core.environment:create_file_with_runtime_dependencies(/home/amin/cobot/cobot_ws/install/mypalletizer_interfaces/share/colcon-core/packages/mypalletizer_interfaces)
[1.137s] Level 1:colcon.colcon_core.environment:create_environment_scripts_only(mypalletizer_interfaces)
[1.137s] Level 1:colcon.colcon_core.environment:checking '/home/amin/cobot/cobot_ws/install/mypalletizer_interfaces' for CMake module files
[1.137s] Level 1:colcon.colcon_core.environment:checking '/home/amin/cobot/cobot_ws/install/mypalletizer_interfaces' for CMake config files
[1.138s] Level 1:colcon.colcon_core.shell:create_environment_hook('mypalletizer_interfaces', 'cmake_prefix_path')
[1.138s] INFO:colcon.colcon_core.shell:Creating environment hook '/home/amin/cobot/cobot_ws/install/mypalletizer_interfaces/share/mypalletizer_interfaces/hook/cmake_prefix_path.ps1'
[1.139s] INFO:colcon.colcon_core.shell:Creating environment descriptor '/home/amin/cobot/cobot_ws/install/mypalletizer_interfaces/share/mypalletizer_interfaces/hook/cmake_prefix_path.dsv'
[1.139s] INFO:colcon.colcon_core.shell:Creating environment hook '/home/amin/cobot/cobot_ws/install/mypalletizer_interfaces/share/mypalletizer_interfaces/hook/cmake_prefix_path.sh'
[1.140s] Level 1:colcon.colcon_core.environment:checking '/home/amin/cobot/cobot_ws/install/mypalletizer_interfaces/lib'
[1.140s] Level 1:colcon.colcon_core.shell:create_environment_hook('mypalletizer_interfaces', 'ld_library_path_lib')
[1.140s] INFO:colcon.colcon_core.shell:Creating environment hook '/home/amin/cobot/cobot_ws/install/mypalletizer_interfaces/share/mypalletizer_interfaces/hook/ld_library_path_lib.ps1'
[1.140s] INFO:colcon.colcon_core.shell:Creating environment descriptor '/home/amin/cobot/cobot_ws/install/mypalletizer_interfaces/share/mypalletizer_interfaces/hook/ld_library_path_lib.dsv'
[1.140s] INFO:colcon.colcon_core.shell:Creating environment hook '/home/amin/cobot/cobot_ws/install/mypalletizer_interfaces/share/mypalletizer_interfaces/hook/ld_library_path_lib.sh'
[1.141s] Level 1:colcon.colcon_core.environment:checking '/home/amin/cobot/cobot_ws/install/mypalletizer_interfaces/bin'
[1.141s] Level 1:colcon.colcon_core.environment:checking '/home/amin/cobot/cobot_ws/install/mypalletizer_interfaces/lib/pkgconfig/mypalletizer_interfaces.pc'
[1.141s] Level 1:colcon.colcon_core.environment:checking '/home/amin/cobot/cobot_ws/install/mypalletizer_interfaces/lib/python3.12/site-packages'
[1.141s] Level 1:colcon.colcon_core.shell:create_environment_hook('mypalletizer_interfaces', 'pythonpath')
[1.142s] INFO:colcon.colcon_core.shell:Creating environment hook '/home/amin/cobot/cobot_ws/install/mypalletizer_interfaces/share/mypalletizer_interfaces/hook/pythonpath.ps1'
[1.142s] INFO:colcon.colcon_core.shell:Creating environment descriptor '/home/amin/cobot/cobot_ws/install/mypalletizer_interfaces/share/mypalletizer_interfaces/hook/pythonpath.dsv'
[1.142s] INFO:colcon.colcon_core.shell:Creating environment hook '/home/amin/cobot/cobot_ws/install/mypalletizer_interfaces/share/mypalletizer_interfaces/hook/pythonpath.sh'
[1.143s] Level 1:colcon.colcon_core.environment:checking '/home/amin/cobot/cobot_ws/install/mypalletizer_interfaces/bin'
[1.143s] INFO:colcon.colcon_core.shell:Creating package script '/home/amin/cobot/cobot_ws/install/mypalletizer_interfaces/share/mypalletizer_interfaces/package.ps1'
[1.144s] INFO:colcon.colcon_core.shell:Creating package descriptor '/home/amin/cobot/cobot_ws/install/mypalletizer_interfaces/share/mypalletizer_interfaces/package.dsv'
[1.144s] INFO:colcon.colcon_core.shell:Creating package script '/home/amin/cobot/cobot_ws/install/mypalletizer_interfaces/share/mypalletizer_interfaces/package.sh'
[1.145s] INFO:colcon.colcon_core.shell:Creating package script '/home/amin/cobot/cobot_ws/install/mypalletizer_interfaces/share/mypalletizer_interfaces/package.bash'
[1.145s] INFO:colcon.colcon_core.shell:Creating package script '/home/amin/cobot/cobot_ws/install/mypalletizer_interfaces/share/mypalletizer_interfaces/package.zsh'
[1.145s] Level 1:colcon.colcon_core.environment:create_file_with_runtime_dependencies(/home/amin/cobot/cobot_ws/install/mypalletizer_interfaces/share/colcon-core/packages/mypalletizer_interfaces)
[1.146s] INFO:colcon.colcon_ros.task.ament_python.build:Building ROS package in '/home/amin/cobot/cobot_ws/src/mycobot_ros2/mypalletizer_260/mypalletizer_communication' with build type 'ament_python'
[1.146s] Level 1:colcon.colcon_core.shell:create_environment_hook('mypalletizer_communication', 'ament_prefix_path')
[1.146s] INFO:colcon.colcon_core.shell:Creating environment hook '/home/amin/cobot/cobot_ws/install/mypalletizer_communication/share/mypalletizer_communication/hook/ament_prefix_path.ps1'
[1.147s] INFO:colcon.colcon_core.shell:Creating environment descriptor '/home/amin/cobot/cobot_ws/install/mypalletizer_communication/share/mypalletizer_communication/hook/ament_prefix_path.dsv'
[1.147s] INFO:colcon.colcon_core.shell:Creating environment hook '/home/amin/cobot/cobot_ws/install/mypalletizer_communication/share/mypalletizer_communication/hook/ament_prefix_path.sh'
[1.147s] INFO:colcon.colcon_core.shell:Skip shell extension 'powershell' for command environment: Not usable outside of PowerShell
[1.147s] DEBUG:colcon.colcon_core.shell:Skip shell extension 'dsv' for command environment
[1.165s] Level 1:colcon.colcon_core.environment:create_environment_scripts_only(mycobot_interfaces)
[1.165s] Level 1:colcon.colcon_core.environment:checking '/home/amin/cobot/cobot_ws/install/mycobot_interfaces' for CMake module files
[1.166s] Level 1:colcon.colcon_core.environment:checking '/home/amin/cobot/cobot_ws/install/mycobot_interfaces' for CMake config files
[1.167s] Level 1:colcon.colcon_core.shell:create_environment_hook('mycobot_interfaces', 'cmake_prefix_path')
[1.167s] INFO:colcon.colcon_core.shell:Creating environment hook '/home/amin/cobot/cobot_ws/install/mycobot_interfaces/share/mycobot_interfaces/hook/cmake_prefix_path.ps1'
[1.167s] INFO:colcon.colcon_core.shell:Creating environment descriptor '/home/amin/cobot/cobot_ws/install/mycobot_interfaces/share/mycobot_interfaces/hook/cmake_prefix_path.dsv'
[1.168s] DEBUG:colcon.colcon_core.event_handler.log_command:Invoked command in '/home/amin/cobot/cobot_ws/build/mycobot_interfaces' returned '0': CMAKE_PREFIX_PATH=${CMAKE_PREFIX_PATH}:/home/amin/cobot/cobot_ws/install/ultraarm:/home/amin/cobot/cobot_ws/install/pro450_moveit2_control:/home/amin/cobot/cobot_ws/install/mypalletizer_communication:/home/amin/cobot/cobot_ws/install/mypalletizer_260_pi:/home/amin/cobot/cobot_ws/install/mypalletizer_260:/home/amin/cobot/cobot_ws/install/mycobot_pro_450:/home/amin/cobot/cobot_ws/install/myarm_m750:/home/amin/cobot/cobot_ws/install/myarm_c650:/home/amin/cobot/cobot_ws/install/mycobot_communication:/home/amin/cobot/cobot_ws/install/mecharm_communication:/home/amin/cobot/cobot_ws/install/mycobot_630:/home/amin/cobot/cobot_ws/install/mycobot_600:/home/amin/cobot/cobot_ws/install/mycobot_320pi:/home/amin/cobot/cobot_ws/install/mycobot_320_riscv:/home/amin/cobot/cobot_ws/install/mycobot_320:/home/amin/cobot/cobot_ws/install/mycobot_280pi:/home/amin/cobot/cobot_ws/install/mycobot_280jn:/home/amin/cobot/cobot_ws/install/mycobot_280_x3pi:/home/amin/cobot/cobot_ws/install/mycobot_280_riscv:/home/amin/cobot/cobot_ws/install/mycobot_280_rdkx5:/home/amin/cobot/cobot_ws/install/mycobot_280_moveit2_control:/home/amin/cobot/cobot_ws/install/mycobot_280_arduino:/home/amin/cobot/cobot_ws/install/mycobot_280:/home/amin/cobot/cobot_ws/install/mybuddy:/home/amin/cobot/cobot_ws/install/myarm_300:/home/amin/cobot/cobot_ws/install/mecharm_pi:/home/amin/cobot/cobot_ws/install/mecharm:/home/amin/cobot/cobot_ws/install/mycobot_description:/opt/ros/jazzy DEBUGINFOD_URLS=https://debuginfod.ubuntu.com /usr/bin/cmake --install /home/amin/cobot/cobot_ws/build/mycobot_interfaces
[1.168s] INFO:colcon.colcon_core.shell:Creating environment hook '/home/amin/cobot/cobot_ws/install/mycobot_interfaces/share/mycobot_interfaces/hook/cmake_prefix_path.sh'
[1.169s] Level 1:colcon.colcon_core.environment:checking '/home/amin/cobot/cobot_ws/install/mycobot_interfaces/lib'
[1.169s] Level 1:colcon.colcon_core.shell:create_environment_hook('mycobot_interfaces', 'ld_library_path_lib')
[1.169s] INFO:colcon.colcon_core.shell:Creating environment hook '/home/amin/cobot/cobot_ws/install/mycobot_interfaces/share/mycobot_interfaces/hook/ld_library_path_lib.ps1'
[1.169s] INFO:colcon.colcon_core.shell:Creating environment descriptor '/home/amin/cobot/cobot_ws/install/mycobot_interfaces/share/mycobot_interfaces/hook/ld_library_path_lib.dsv'
[1.170s] INFO:colcon.colcon_core.shell:Creating environment hook '/home/amin/cobot/cobot_ws/install/mycobot_interfaces/share/mycobot_interfaces/hook/ld_library_path_lib.sh'
[1.170s] Level 1:colcon.colcon_core.environment:checking '/home/amin/cobot/cobot_ws/install/mycobot_interfaces/bin'
[1.170s] Level 1:colcon.colcon_core.environment:checking '/home/amin/cobot/cobot_ws/install/mycobot_interfaces/lib/pkgconfig/mycobot_interfaces.pc'
[1.170s] Level 1:colcon.colcon_core.environment:checking '/home/amin/cobot/cobot_ws/install/mycobot_interfaces/lib/python3.12/site-packages'
[1.170s] Level 1:colcon.colcon_core.shell:create_environment_hook('mycobot_interfaces', 'pythonpath')
[1.171s] INFO:colcon.colcon_core.shell:Creating environment hook '/home/amin/cobot/cobot_ws/install/mycobot_interfaces/share/mycobot_interfaces/hook/pythonpath.ps1'
[1.171s] INFO:colcon.colcon_core.shell:Creating environment descriptor '/home/amin/cobot/cobot_ws/install/mycobot_interfaces/share/mycobot_interfaces/hook/pythonpath.dsv'
[1.171s] INFO:colcon.colcon_core.shell:Creating environment hook '/home/amin/cobot/cobot_ws/install/mycobot_interfaces/share/mycobot_interfaces/hook/pythonpath.sh'
[1.172s] Level 1:colcon.colcon_core.environment:checking '/home/amin/cobot/cobot_ws/install/mycobot_interfaces/bin'
[1.172s] INFO:colcon.colcon_core.shell:Creating package script '/home/amin/cobot/cobot_ws/install/mycobot_interfaces/share/mycobot_interfaces/package.ps1'
[1.173s] INFO:colcon.colcon_core.shell:Creating package descriptor '/home/amin/cobot/cobot_ws/install/mycobot_interfaces/share/mycobot_interfaces/package.dsv'
[1.173s] INFO:colcon.colcon_core.shell:Creating package script '/home/amin/cobot/cobot_ws/install/mycobot_interfaces/share/mycobot_interfaces/package.sh'
[1.174s] INFO:colcon.colcon_core.shell:Creating package script '/home/amin/cobot/cobot_ws/install/mycobot_interfaces/share/mycobot_interfaces/package.bash'
[1.174s] INFO:colcon.colcon_core.shell:Creating package script '/home/amin/cobot/cobot_ws/install/mycobot_interfaces/share/mycobot_interfaces/package.zsh'
[1.174s] Level 1:colcon.colcon_core.environment:create_file_with_runtime_dependencies(/home/amin/cobot/cobot_ws/install/mycobot_interfaces/share/colcon-core/packages/mycobot_interfaces)
[1.175s] Level 1:colcon.colcon_core.environment:create_environment_scripts_only(mycobot_interfaces)
[1.175s] Level 1:colcon.colcon_core.environment:checking '/home/amin/cobot/cobot_ws/install/mycobot_interfaces' for CMake module files
[1.176s] Level 1:colcon.colcon_core.environment:checking '/home/amin/cobot/cobot_ws/install/mycobot_interfaces' for CMake config files
[1.176s] Level 1:colcon.colcon_core.shell:create_environment_hook('mycobot_interfaces', 'cmake_prefix_path')
[1.177s] INFO:colcon.colcon_core.shell:Creating environment hook '/home/amin/cobot/cobot_ws/install/mycobot_interfaces/share/mycobot_interfaces/hook/cmake_prefix_path.ps1'
[1.177s] INFO:colcon.colcon_core.shell:Creating environment descriptor '/home/amin/cobot/cobot_ws/install/mycobot_interfaces/share/mycobot_interfaces/hook/cmake_prefix_path.dsv'
[1.177s] INFO:colcon.colcon_core.shell:Creating environment hook '/home/amin/cobot/cobot_ws/install/mycobot_interfaces/share/mycobot_interfaces/hook/cmake_prefix_path.sh'
[1.178s] Level 1:colcon.colcon_core.environment:checking '/home/amin/cobot/cobot_ws/install/mycobot_interfaces/lib'
[1.178s] Level 1:colcon.colcon_core.shell:create_environment_hook('mycobot_interfaces', 'ld_library_path_lib')
[1.178s] INFO:colcon.colcon_core.shell:Creating environment hook '/home/amin/cobot/cobot_ws/install/mycobot_interfaces/share/mycobot_interfaces/hook/ld_library_path_lib.ps1'
[1.178s] INFO:colcon.colcon_core.shell:Creating environment descriptor '/home/amin/cobot/cobot_ws/install/mycobot_interfaces/share/mycobot_interfaces/hook/ld_library_path_lib.dsv'
[1.179s] INFO:colcon.colcon_core.shell:Creating environment hook '/home/amin/cobot/cobot_ws/install/mycobot_interfaces/share/mycobot_interfaces/hook/ld_library_path_lib.sh'
[1.179s] Level 1:colcon.colcon_core.environment:checking '/home/amin/cobot/cobot_ws/install/mycobot_interfaces/bin'
[1.179s] Level 1:colcon.colcon_core.environment:checking '/home/amin/cobot/cobot_ws/install/mycobot_interfaces/lib/pkgconfig/mycobot_interfaces.pc'
[1.179s] Level 1:colcon.colcon_core.environment:checking '/home/amin/cobot/cobot_ws/install/mycobot_interfaces/lib/python3.12/site-packages'
[1.179s] Level 1:colcon.colcon_core.shell:create_environment_hook('mycobot_interfaces', 'pythonpath')
[1.180s] INFO:colcon.colcon_core.shell:Creating environment hook '/home/amin/cobot/cobot_ws/install/mycobot_interfaces/share/mycobot_interfaces/hook/pythonpath.ps1'
[1.180s] INFO:colcon.colcon_core.shell:Creating environment descriptor '/home/amin/cobot/cobot_ws/install/mycobot_interfaces/share/mycobot_interfaces/hook/pythonpath.dsv'
[1.180s] INFO:colcon.colcon_core.shell:Creating environment hook '/home/amin/cobot/cobot_ws/install/mycobot_interfaces/share/mycobot_interfaces/hook/pythonpath.sh'
[1.181s] Level 1:colcon.colcon_core.environment:checking '/home/amin/cobot/cobot_ws/install/mycobot_interfaces/bin'
[1.181s] INFO:colcon.colcon_core.shell:Creating package script '/home/amin/cobot/cobot_ws/install/mycobot_interfaces/share/mycobot_interfaces/package.ps1'
[1.182s] INFO:colcon.colcon_core.shell:Creating package descriptor '/home/amin/cobot/cobot_ws/install/mycobot_interfaces/share/mycobot_interfaces/package.dsv'
[1.182s] INFO:colcon.colcon_core.shell:Creating package script '/home/amin/cobot/cobot_ws/install/mycobot_interfaces/share/mycobot_interfaces/package.sh'
[1.183s] INFO:colcon.colcon_core.shell:Creating package script '/home/amin/cobot/cobot_ws/install/mycobot_interfaces/share/mycobot_interfaces/package.bash'
[1.183s] INFO:colcon.colcon_core.shell:Creating package script '/home/amin/cobot/cobot_ws/install/mycobot_interfaces/share/mycobot_interfaces/package.zsh'
[1.183s] Level 1:colcon.colcon_core.environment:create_file_with_runtime_dependencies(/home/amin/cobot/cobot_ws/install/mycobot_interfaces/share/colcon-core/packages/mycobot_interfaces)
[1.184s] INFO:colcon.colcon_ros.task.ament_python.build:Building ROS package in '/home/amin/cobot/cobot_ws/src/mycobot_ros2/mycobot_communication' with build type 'ament_python'
[1.184s] Level 1:colcon.colcon_core.shell:create_environment_hook('mycobot_communication', 'ament_prefix_path')
[1.185s] INFO:colcon.colcon_core.shell:Creating environment hook '/home/amin/cobot/cobot_ws/install/mycobot_communication/share/mycobot_communication/hook/ament_prefix_path.ps1'
[1.185s] INFO:colcon.colcon_core.shell:Creating environment descriptor '/home/amin/cobot/cobot_ws/install/mycobot_communication/share/mycobot_communication/hook/ament_prefix_path.dsv'
[1.185s] INFO:colcon.colcon_core.shell:Creating environment hook '/home/amin/cobot/cobot_ws/install/mycobot_communication/share/mycobot_communication/hook/ament_prefix_path.sh'
[1.186s] INFO:colcon.colcon_core.shell:Skip shell extension 'powershell' for command environment: Not usable outside of PowerShell
[1.186s] DEBUG:colcon.colcon_core.shell:Skip shell extension 'dsv' for command environment
[1.194s] INFO:colcon.colcon_ros.task.ament_python.build:Building ROS package in '/home/amin/cobot/cobot_ws/src/mycobot_ros2/mecharm/mecharm_communication' with build type 'ament_python'
[1.195s] Level 1:colcon.colcon_core.shell:create_environment_hook('mecharm_communication', 'ament_prefix_path')
[1.195s] INFO:colcon.colcon_core.shell:Creating environment hook '/home/amin/cobot/cobot_ws/install/mecharm_communication/share/mecharm_communication/hook/ament_prefix_path.ps1'
[1.196s] INFO:colcon.colcon_core.shell:Creating environment descriptor '/home/amin/cobot/cobot_ws/install/mecharm_communication/share/mecharm_communication/hook/ament_prefix_path.dsv'
[1.197s] INFO:colcon.colcon_core.shell:Creating environment hook '/home/amin/cobot/cobot_ws/install/mecharm_communication/share/mecharm_communication/hook/ament_prefix_path.sh'
[1.197s] INFO:colcon.colcon_core.shell:Skip shell extension 'powershell' for command environment: Not usable outside of PowerShell
[1.198s] DEBUG:colcon.colcon_core.shell:Skip shell extension 'dsv' for command environment
[1.381s] INFO:colcon.colcon_core.task.python.build:Building Python package in '/home/amin/cobot/cobot_ws/src/mycobot_ros2/mypalletizer_260/mypalletizer_communication'
[1.382s] INFO:colcon.colcon_core.shell:Skip shell extension 'powershell' for command environment: Not usable outside of PowerShell
[1.382s] DEBUG:colcon.colcon_core.shell:Skip shell extension 'dsv' for command environment
[1.545s] INFO:colcon.colcon_core.task.python.build:Building Python package in '/home/amin/cobot/cobot_ws/src/mycobot_ros2/mycobot_communication'
[1.545s] INFO:colcon.colcon_core.shell:Skip shell extension 'powershell' for command environment: Not usable outside of PowerShell
[1.546s] DEBUG:colcon.colcon_core.shell:Skip shell extension 'dsv' for command environment
[1.720s] INFO:colcon.colcon_core.task.python.build:Building Python package in '/home/amin/cobot/cobot_ws/src/mycobot_ros2/mecharm/mecharm_communication'
[1.720s] INFO:colcon.colcon_core.shell:Skip shell extension 'powershell' for command environment: Not usable outside of PowerShell
[1.720s] DEBUG:colcon.colcon_core.shell:Skip shell extension 'dsv' for command environment
[1.726s] DEBUG:colcon.colcon_core.event_handler.log_command:Invoking command in '/home/amin/cobot/cobot_ws/src/mycobot_ros2/mycobot_description': DEBUGINFOD_URLS=https://debuginfod.ubuntu.com PYTHONPATH=/home/amin/cobot/cobot_ws/build/mycobot_description/prefix_override:/usr/lib/python3/dist-packages/colcon_core/task/python/colcon_distutils_commands:/home/amin/cobot/cobot_ws/install/mycobot_description/lib/python3.12/site-packages:${PYTHONPATH} /usr/bin/python3 -W ignore:setup.py install is deprecated -W ignore:easy_install command is deprecated setup.py egg_info --egg-base ../../../build/mycobot_description build --build-base /home/amin/cobot/cobot_ws/build/mycobot_description/build install --record /home/amin/cobot/cobot_ws/build/mycobot_description/install.log --single-version-externally-managed install_data
[1.726s] DEBUG:colcon.colcon_core.event_handler.log_command:Invoked command in '/home/amin/cobot/cobot_ws/build/mycobot_pro450_interfaces' returned '0': CMAKE_PREFIX_PATH=${CMAKE_PREFIX_PATH}:/home/amin/cobot/cobot_ws/install/ultraarm:/home/amin/cobot/cobot_ws/install/pro450_moveit2_control:/home/amin/cobot/cobot_ws/install/mypalletizer_communication:/home/amin/cobot/cobot_ws/install/mypalletizer_260_pi:/home/amin/cobot/cobot_ws/install/mypalletizer_260:/home/amin/cobot/cobot_ws/install/mycobot_pro_450:/home/amin/cobot/cobot_ws/install/myarm_m750:/home/amin/cobot/cobot_ws/install/myarm_c650:/home/amin/cobot/cobot_ws/install/mycobot_communication:/home/amin/cobot/cobot_ws/install/mecharm_communication:/home/amin/cobot/cobot_ws/install/mycobot_630:/home/amin/cobot/cobot_ws/install/mycobot_600:/home/amin/cobot/cobot_ws/install/mycobot_320pi:/home/amin/cobot/cobot_ws/install/mycobot_320_riscv:/home/amin/cobot/cobot_ws/install/mycobot_320:/home/amin/cobot/cobot_ws/install/mycobot_280pi:/home/amin/cobot/cobot_ws/install/mycobot_280jn:/home/amin/cobot/cobot_ws/install/mycobot_280_x3pi:/home/amin/cobot/cobot_ws/install/mycobot_280_riscv:/home/amin/cobot/cobot_ws/install/mycobot_280_rdkx5:/home/amin/cobot/cobot_ws/install/mycobot_280_moveit2_control:/home/amin/cobot/cobot_ws/install/mycobot_280_arduino:/home/amin/cobot/cobot_ws/install/mycobot_280:/home/amin/cobot/cobot_ws/install/mybuddy:/home/amin/cobot/cobot_ws/install/myarm_300:/home/amin/cobot/cobot_ws/install/mecharm_pi:/home/amin/cobot/cobot_ws/install/mecharm:/home/amin/cobot/cobot_ws/install/mycobot_description:/opt/ros/jazzy DEBUGINFOD_URLS=https://debuginfod.ubuntu.com /usr/bin/cmake --build /home/amin/cobot/cobot_ws/build/mycobot_pro450_interfaces -- -j8 -l8
[1.727s] DEBUG:colcon.colcon_core.event_handler.log_command:Invoking command in '/home/amin/cobot/cobot_ws/build/mycobot_pro450_interfaces': CMAKE_PREFIX_PATH=${CMAKE_PREFIX_PATH}:/home/amin/cobot/cobot_ws/install/ultraarm:/home/amin/cobot/cobot_ws/install/pro450_moveit2_control:/home/amin/cobot/cobot_ws/install/mypalletizer_communication:/home/amin/cobot/cobot_ws/install/mypalletizer_260_pi:/home/amin/cobot/cobot_ws/install/mypalletizer_260:/home/amin/cobot/cobot_ws/install/mycobot_pro_450:/home/amin/cobot/cobot_ws/install/myarm_m750:/home/amin/cobot/cobot_ws/install/myarm_c650:/home/amin/cobot/cobot_ws/install/mycobot_communication:/home/amin/cobot/cobot_ws/install/mecharm_communication:/home/amin/cobot/cobot_ws/install/mycobot_630:/home/amin/cobot/cobot_ws/install/mycobot_600:/home/amin/cobot/cobot_ws/install/mycobot_320pi:/home/amin/cobot/cobot_ws/install/mycobot_320_riscv:/home/amin/cobot/cobot_ws/install/mycobot_320:/home/amin/cobot/cobot_ws/install/mycobot_280pi:/home/amin/cobot/cobot_ws/install/mycobot_280jn:/home/amin/cobot/cobot_ws/install/mycobot_280_x3pi:/home/amin/cobot/cobot_ws/install/mycobot_280_riscv:/home/amin/cobot/cobot_ws/install/mycobot_280_rdkx5:/home/amin/cobot/cobot_ws/install/mycobot_280_moveit2_control:/home/amin/cobot/cobot_ws/install/mycobot_280_arduino:/home/amin/cobot/cobot_ws/install/mycobot_280:/home/amin/cobot/cobot_ws/install/mybuddy:/home/amin/cobot/cobot_ws/install/myarm_300:/home/amin/cobot/cobot_ws/install/mecharm_pi:/home/amin/cobot/cobot_ws/install/mecharm:/home/amin/cobot/cobot_ws/install/mycobot_description:/opt/ros/jazzy DEBUGINFOD_URLS=https://debuginfod.ubuntu.com /usr/bin/cmake --install /home/amin/cobot/cobot_ws/build/mycobot_pro450_interfaces
[1.727s] DEBUG:colcon.colcon_core.event_handler.log_command:Invoked command in '/home/amin/cobot/cobot_ws/build/mecharm_interfaces' returned '0': CMAKE_PREFIX_PATH=${CMAKE_PREFIX_PATH}:/home/amin/cobot/cobot_ws/install/ultraarm:/home/amin/cobot/cobot_ws/install/pro450_moveit2_control:/home/amin/cobot/cobot_ws/install/mypalletizer_communication:/home/amin/cobot/cobot_ws/install/mypalletizer_260_pi:/home/amin/cobot/cobot_ws/install/mypalletizer_260:/home/amin/cobot/cobot_ws/install/mycobot_pro_450:/home/amin/cobot/cobot_ws/install/myarm_m750:/home/amin/cobot/cobot_ws/install/myarm_c650:/home/amin/cobot/cobot_ws/install/mycobot_communication:/home/amin/cobot/cobot_ws/install/mecharm_communication:/home/amin/cobot/cobot_ws/install/mycobot_630:/home/amin/cobot/cobot_ws/install/mycobot_600:/home/amin/cobot/cobot_ws/install/mycobot_320pi:/home/amin/cobot/cobot_ws/install/mycobot_320_riscv:/home/amin/cobot/cobot_ws/install/mycobot_320:/home/amin/cobot/cobot_ws/install/mycobot_280pi:/home/amin/cobot/cobot_ws/install/mycobot_280jn:/home/amin/cobot/cobot_ws/install/mycobot_280_x3pi:/home/amin/cobot/cobot_ws/install/mycobot_280_riscv:/home/amin/cobot/cobot_ws/install/mycobot_280_rdkx5:/home/amin/cobot/cobot_ws/install/mycobot_280_moveit2_control:/home/amin/cobot/cobot_ws/install/mycobot_280_arduino:/home/amin/cobot/cobot_ws/install/mycobot_280:/home/amin/cobot/cobot_ws/install/mybuddy:/home/amin/cobot/cobot_ws/install/myarm_300:/home/amin/cobot/cobot_ws/install/mecharm_pi:/home/amin/cobot/cobot_ws/install/mecharm:/home/amin/cobot/cobot_ws/install/mycobot_description:/opt/ros/jazzy DEBUGINFOD_URLS=https://debuginfod.ubuntu.com /usr/bin/cmake --build /home/amin/cobot/cobot_ws/build/mecharm_interfaces -- -j8 -l8
[1.728s] DEBUG:colcon.colcon_core.event_handler.log_command:Invoking command in '/home/amin/cobot/cobot_ws/build/mecharm_interfaces': CMAKE_PREFIX_PATH=${CMAKE_PREFIX_PATH}:/home/amin/cobot/cobot_ws/install/ultraarm:/home/amin/cobot/cobot_ws/install/pro450_moveit2_control:/home/amin/cobot/cobot_ws/install/mypalletizer_communication:/home/amin/cobot/cobot_ws/install/mypalletizer_260_pi:/home/amin/cobot/cobot_ws/install/mypalletizer_260:/home/amin/cobot/cobot_ws/install/mycobot_pro_450:/home/amin/cobot/cobot_ws/install/myarm_m750:/home/amin/cobot/cobot_ws/install/myarm_c650:/home/amin/cobot/cobot_ws/install/mycobot_communication:/home/amin/cobot/cobot_ws/install/mecharm_communication:/home/amin/cobot/cobot_ws/install/mycobot_630:/home/amin/cobot/cobot_ws/install/mycobot_600:/home/amin/cobot/cobot_ws/install/mycobot_320pi:/home/amin/cobot/cobot_ws/install/mycobot_320_riscv:/home/amin/cobot/cobot_ws/install/mycobot_320:/home/amin/cobot/cobot_ws/install/mycobot_280pi:/home/amin/cobot/cobot_ws/install/mycobot_280jn:/home/amin/cobot/cobot_ws/install/mycobot_280_x3pi:/home/amin/cobot/cobot_ws/install/mycobot_280_riscv:/home/amin/cobot/cobot_ws/install/mycobot_280_rdkx5:/home/amin/cobot/cobot_ws/install/mycobot_280_moveit2_control:/home/amin/cobot/cobot_ws/install/mycobot_280_arduino:/home/amin/cobot/cobot_ws/install/mycobot_280:/home/amin/cobot/cobot_ws/install/mybuddy:/home/amin/cobot/cobot_ws/install/myarm_300:/home/amin/cobot/cobot_ws/install/mecharm_pi:/home/amin/cobot/cobot_ws/install/mecharm:/home/amin/cobot/cobot_ws/install/mycobot_description:/opt/ros/jazzy DEBUGINFOD_URLS=https://debuginfod.ubuntu.com /usr/bin/cmake --install /home/amin/cobot/cobot_ws/build/mecharm_interfaces
[1.828s] Level 1:colcon.colcon_core.environment:create_environment_scripts_only(mecharm_interfaces)
[1.829s] Level 1:colcon.colcon_core.environment:checking '/home/amin/cobot/cobot_ws/install/mecharm_interfaces' for CMake module files
[1.833s] Level 1:colcon.colcon_core.environment:checking '/home/amin/cobot/cobot_ws/install/mecharm_interfaces' for CMake config files
[1.856s] DEBUG:colcon.colcon_core.event_handler.log_command:Invoked command in '/home/amin/cobot/cobot_ws/build/mecharm_interfaces' returned '0': CMAKE_PREFIX_PATH=${CMAKE_PREFIX_PATH}:/home/amin/cobot/cobot_ws/install/ultraarm:/home/amin/cobot/cobot_ws/install/pro450_moveit2_control:/home/amin/cobot/cobot_ws/install/mypalletizer_communication:/home/amin/cobot/cobot_ws/install/mypalletizer_260_pi:/home/amin/cobot/cobot_ws/install/mypalletizer_260:/home/amin/cobot/cobot_ws/install/mycobot_pro_450:/home/amin/cobot/cobot_ws/install/myarm_m750:/home/amin/cobot/cobot_ws/install/myarm_c650:/home/amin/cobot/cobot_ws/install/mycobot_communication:/home/amin/cobot/cobot_ws/install/mecharm_communication:/home/amin/cobot/cobot_ws/install/mycobot_630:/home/amin/cobot/cobot_ws/install/mycobot_600:/home/amin/cobot/cobot_ws/install/mycobot_320pi:/home/amin/cobot/cobot_ws/install/mycobot_320_riscv:/home/amin/cobot/cobot_ws/install/mycobot_320:/home/amin/cobot/cobot_ws/install/mycobot_280pi:/home/amin/cobot/cobot_ws/install/mycobot_280jn:/home/amin/cobot/cobot_ws/install/mycobot_280_x3pi:/home/amin/cobot/cobot_ws/install/mycobot_280_riscv:/home/amin/cobot/cobot_ws/install/mycobot_280_rdkx5:/home/amin/cobot/cobot_ws/install/mycobot_280_moveit2_control:/home/amin/cobot/cobot_ws/install/mycobot_280_arduino:/home/amin/cobot/cobot_ws/install/mycobot_280:/home/amin/cobot/cobot_ws/install/mybuddy:/home/amin/cobot/cobot_ws/install/myarm_300:/home/amin/cobot/cobot_ws/install/mecharm_pi:/home/amin/cobot/cobot_ws/install/mecharm:/home/amin/cobot/cobot_ws/install/mycobot_description:/opt/ros/jazzy DEBUGINFOD_URLS=https://debuginfod.ubuntu.com /usr/bin/cmake --install /home/amin/cobot/cobot_ws/build/mecharm_interfaces
[1.856s] Level 1:colcon.colcon_core.shell:create_environment_hook('mecharm_interfaces', 'cmake_prefix_path')
[1.857s] INFO:colcon.colcon_core.shell:Creating environment hook '/home/amin/cobot/cobot_ws/install/mecharm_interfaces/share/mecharm_interfaces/hook/cmake_prefix_path.ps1'
[1.858s] INFO:colcon.colcon_core.shell:Creating environment descriptor '/home/amin/cobot/cobot_ws/install/mecharm_interfaces/share/mecharm_interfaces/hook/cmake_prefix_path.dsv'
[1.859s] INFO:colcon.colcon_core.shell:Creating environment hook '/home/amin/cobot/cobot_ws/install/mecharm_interfaces/share/mecharm_interfaces/hook/cmake_prefix_path.sh'
[1.860s] Level 1:colcon.colcon_core.environment:checking '/home/amin/cobot/cobot_ws/install/mecharm_interfaces/lib'
[1.860s] Level 1:colcon.colcon_core.shell:create_environment_hook('mecharm_interfaces', 'ld_library_path_lib')
[1.860s] INFO:colcon.colcon_core.shell:Creating environment hook '/home/amin/cobot/cobot_ws/install/mecharm_interfaces/share/mecharm_interfaces/hook/ld_library_path_lib.ps1'
[1.860s] INFO:colcon.colcon_core.shell:Creating environment descriptor '/home/amin/cobot/cobot_ws/install/mecharm_interfaces/share/mecharm_interfaces/hook/ld_library_path_lib.dsv'
[1.861s] INFO:colcon.colcon_core.shell:Creating environment hook '/home/amin/cobot/cobot_ws/install/mecharm_interfaces/share/mecharm_interfaces/hook/ld_library_path_lib.sh'
[1.861s] Level 1:colcon.colcon_core.environment:checking '/home/amin/cobot/cobot_ws/install/mecharm_interfaces/bin'
[1.861s] Level 1:colcon.colcon_core.environment:checking '/home/amin/cobot/cobot_ws/install/mecharm_interfaces/lib/pkgconfig/mecharm_interfaces.pc'
[1.861s] Level 1:colcon.colcon_core.environment:checking '/home/amin/cobot/cobot_ws/install/mecharm_interfaces/lib/python3.12/site-packages'
[1.861s] Level 1:colcon.colcon_core.shell:create_environment_hook('mecharm_interfaces', 'pythonpath')
[1.862s] INFO:colcon.colcon_core.shell:Creating environment hook '/home/amin/cobot/cobot_ws/install/mecharm_interfaces/share/mecharm_interfaces/hook/pythonpath.ps1'
[1.862s] INFO:colcon.colcon_core.shell:Creating environment descriptor '/home/amin/cobot/cobot_ws/install/mecharm_interfaces/share/mecharm_interfaces/hook/pythonpath.dsv'
[1.862s] INFO:colcon.colcon_core.shell:Creating environment hook '/home/amin/cobot/cobot_ws/install/mecharm_interfaces/share/mecharm_interfaces/hook/pythonpath.sh'
[1.863s] Level 1:colcon.colcon_core.environment:checking '/home/amin/cobot/cobot_ws/install/mecharm_interfaces/bin'
[1.863s] INFO:colcon.colcon_core.shell:Creating package script '/home/amin/cobot/cobot_ws/install/mecharm_interfaces/share/mecharm_interfaces/package.ps1'
[1.864s] INFO:colcon.colcon_core.shell:Creating package descriptor '/home/amin/cobot/cobot_ws/install/mecharm_interfaces/share/mecharm_interfaces/package.dsv'
[1.864s] INFO:colcon.colcon_core.shell:Creating package script '/home/amin/cobot/cobot_ws/install/mecharm_interfaces/share/mecharm_interfaces/package.sh'
[1.865s] INFO:colcon.colcon_core.shell:Creating package script '/home/amin/cobot/cobot_ws/install/mecharm_interfaces/share/mecharm_interfaces/package.bash'
[1.865s] INFO:colcon.colcon_core.shell:Creating package script '/home/amin/cobot/cobot_ws/install/mecharm_interfaces/share/mecharm_interfaces/package.zsh'
[1.865s] Level 1:colcon.colcon_core.environment:create_file_with_runtime_dependencies(/home/amin/cobot/cobot_ws/install/mecharm_interfaces/share/colcon-core/packages/mecharm_interfaces)
[1.866s] Level 1:colcon.colcon_core.environment:create_environment_scripts_only(mecharm_interfaces)
[1.866s] Level 1:colcon.colcon_core.environment:checking '/home/amin/cobot/cobot_ws/install/mecharm_interfaces' for CMake module files
[1.867s] Level 1:colcon.colcon_core.environment:checking '/home/amin/cobot/cobot_ws/install/mecharm_interfaces' for CMake config files
[1.868s] Level 1:colcon.colcon_core.shell:create_environment_hook('mecharm_interfaces', 'cmake_prefix_path')
[1.868s] INFO:colcon.colcon_core.shell:Creating environment hook '/home/amin/cobot/cobot_ws/install/mecharm_interfaces/share/mecharm_interfaces/hook/cmake_prefix_path.ps1'
[1.868s] INFO:colcon.colcon_core.shell:Creating environment descriptor '/home/amin/cobot/cobot_ws/install/mecharm_interfaces/share/mecharm_interfaces/hook/cmake_prefix_path.dsv'
[1.868s] INFO:colcon.colcon_core.shell:Creating environment hook '/home/amin/cobot/cobot_ws/install/mecharm_interfaces/share/mecharm_interfaces/hook/cmake_prefix_path.sh'
[1.869s] Level 1:colcon.colcon_core.environment:checking '/home/amin/cobot/cobot_ws/install/mecharm_interfaces/lib'
[1.869s] Level 1:colcon.colcon_core.shell:create_environment_hook('mecharm_interfaces', 'ld_library_path_lib')
[1.869s] INFO:colcon.colcon_core.shell:Creating environment hook '/home/amin/cobot/cobot_ws/install/mecharm_interfaces/share/mecharm_interfaces/hook/ld_library_path_lib.ps1'
[1.869s] INFO:colcon.colcon_core.shell:Creating environment descriptor '/home/amin/cobot/cobot_ws/install/mecharm_interfaces/share/mecharm_interfaces/hook/ld_library_path_lib.dsv'
[1.870s] INFO:colcon.colcon_core.shell:Creating environment hook '/home/amin/cobot/cobot_ws/install/mecharm_interfaces/share/mecharm_interfaces/hook/ld_library_path_lib.sh'
[1.870s] Level 1:colcon.colcon_core.environment:checking '/home/amin/cobot/cobot_ws/install/mecharm_interfaces/bin'
[1.870s] Level 1:colcon.colcon_core.environment:checking '/home/amin/cobot/cobot_ws/install/mecharm_interfaces/lib/pkgconfig/mecharm_interfaces.pc'
[1.870s] Level 1:colcon.colcon_core.environment:checking '/home/amin/cobot/cobot_ws/install/mecharm_interfaces/lib/python3.12/site-packages'
[1.870s] Level 1:colcon.colcon_core.shell:create_environment_hook('mecharm_interfaces', 'pythonpath')
[1.871s] INFO:colcon.colcon_core.shell:Creating environment hook '/home/amin/cobot/cobot_ws/install/mecharm_interfaces/share/mecharm_interfaces/hook/pythonpath.ps1'
[1.871s] INFO:colcon.colcon_core.shell:Creating environment descriptor '/home/amin/cobot/cobot_ws/install/mecharm_interfaces/share/mecharm_interfaces/hook/pythonpath.dsv'
[1.871s] INFO:colcon.colcon_core.shell:Creating environment hook '/home/amin/cobot/cobot_ws/install/mecharm_interfaces/share/mecharm_interfaces/hook/pythonpath.sh'
[1.872s] Level 1:colcon.colcon_core.environment:checking '/home/amin/cobot/cobot_ws/install/mecharm_interfaces/bin'
[1.872s] INFO:colcon.colcon_core.shell:Creating package script '/home/amin/cobot/cobot_ws/install/mecharm_interfaces/share/mecharm_interfaces/package.ps1'
[1.873s] INFO:colcon.colcon_core.shell:Creating package descriptor '/home/amin/cobot/cobot_ws/install/mecharm_interfaces/share/mecharm_interfaces/package.dsv'
[1.873s] INFO:colcon.colcon_core.shell:Creating package script '/home/amin/cobot/cobot_ws/install/mecharm_interfaces/share/mecharm_interfaces/package.sh'
[1.874s] INFO:colcon.colcon_core.shell:Creating package script '/home/amin/cobot/cobot_ws/install/mecharm_interfaces/share/mecharm_interfaces/package.bash'
[1.874s] INFO:colcon.colcon_core.shell:Creating package script '/home/amin/cobot/cobot_ws/install/mecharm_interfaces/share/mecharm_interfaces/package.zsh'
[1.874s] Level 1:colcon.colcon_core.environment:create_file_with_runtime_dependencies(/home/amin/cobot/cobot_ws/install/mecharm_interfaces/share/colcon-core/packages/mecharm_interfaces)
[1.875s] Level 1:colcon.colcon_core.environment:create_environment_scripts_only(mycobot_pro450_interfaces)
[1.875s] Level 1:colcon.colcon_core.environment:checking '/home/amin/cobot/cobot_ws/install/mycobot_pro450_interfaces' for CMake module files
[1.877s] Level 1:colcon.colcon_core.environment:checking '/home/amin/cobot/cobot_ws/install/mycobot_pro450_interfaces' for CMake config files
[1.878s] Level 1:colcon.colcon_core.shell:create_environment_hook('mycobot_pro450_interfaces', 'cmake_prefix_path')
[1.878s] INFO:colcon.colcon_core.shell:Creating environment hook '/home/amin/cobot/cobot_ws/install/mycobot_pro450_interfaces/share/mycobot_pro450_interfaces/hook/cmake_prefix_path.ps1'
[1.881s] DEBUG:colcon.colcon_core.event_handler.log_command:Invoked command in '/home/amin/cobot/cobot_ws/build/mycobot_pro450_interfaces' returned '0': CMAKE_PREFIX_PATH=${CMAKE_PREFIX_PATH}:/home/amin/cobot/cobot_ws/install/ultraarm:/home/amin/cobot/cobot_ws/install/pro450_moveit2_control:/home/amin/cobot/cobot_ws/install/mypalletizer_communication:/home/amin/cobot/cobot_ws/install/mypalletizer_260_pi:/home/amin/cobot/cobot_ws/install/mypalletizer_260:/home/amin/cobot/cobot_ws/install/mycobot_pro_450:/home/amin/cobot/cobot_ws/install/myarm_m750:/home/amin/cobot/cobot_ws/install/myarm_c650:/home/amin/cobot/cobot_ws/install/mycobot_communication:/home/amin/cobot/cobot_ws/install/mecharm_communication:/home/amin/cobot/cobot_ws/install/mycobot_630:/home/amin/cobot/cobot_ws/install/mycobot_600:/home/amin/cobot/cobot_ws/install/mycobot_320pi:/home/amin/cobot/cobot_ws/install/mycobot_320_riscv:/home/amin/cobot/cobot_ws/install/mycobot_320:/home/amin/cobot/cobot_ws/install/mycobot_280pi:/home/amin/cobot/cobot_ws/install/mycobot_280jn:/home/amin/cobot/cobot_ws/install/mycobot_280_x3pi:/home/amin/cobot/cobot_ws/install/mycobot_280_riscv:/home/amin/cobot/cobot_ws/install/mycobot_280_rdkx5:/home/amin/cobot/cobot_ws/install/mycobot_280_moveit2_control:/home/amin/cobot/cobot_ws/install/mycobot_280_arduino:/home/amin/cobot/cobot_ws/install/mycobot_280:/home/amin/cobot/cobot_ws/install/mybuddy:/home/amin/cobot/cobot_ws/install/myarm_300:/home/amin/cobot/cobot_ws/install/mecharm_pi:/home/amin/cobot/cobot_ws/install/mecharm:/home/amin/cobot/cobot_ws/install/mycobot_description:/opt/ros/jazzy DEBUGINFOD_URLS=https://debuginfod.ubuntu.com /usr/bin/cmake --install /home/amin/cobot/cobot_ws/build/mycobot_pro450_interfaces
[1.881s] INFO:colcon.colcon_core.shell:Creating environment descriptor '/home/amin/cobot/cobot_ws/install/mycobot_pro450_interfaces/share/mycobot_pro450_interfaces/hook/cmake_prefix_path.dsv'
[1.882s] INFO:colcon.colcon_core.shell:Creating environment hook '/home/amin/cobot/cobot_ws/install/mycobot_pro450_interfaces/share/mycobot_pro450_interfaces/hook/cmake_prefix_path.sh'
[1.883s] Level 1:colcon.colcon_core.environment:checking '/home/amin/cobot/cobot_ws/install/mycobot_pro450_interfaces/lib'
[1.883s] Level 1:colcon.colcon_core.shell:create_environment_hook('mycobot_pro450_interfaces', 'ld_library_path_lib')
[1.883s] INFO:colcon.colcon_core.shell:Creating environment hook '/home/amin/cobot/cobot_ws/install/mycobot_pro450_interfaces/share/mycobot_pro450_interfaces/hook/ld_library_path_lib.ps1'
[1.884s] INFO:colcon.colcon_core.shell:Creating environment descriptor '/home/amin/cobot/cobot_ws/install/mycobot_pro450_interfaces/share/mycobot_pro450_interfaces/hook/ld_library_path_lib.dsv'
[1.884s] INFO:colcon.colcon_core.shell:Creating environment hook '/home/amin/cobot/cobot_ws/install/mycobot_pro450_interfaces/share/mycobot_pro450_interfaces/hook/ld_library_path_lib.sh'
[1.884s] Level 1:colcon.colcon_core.environment:checking '/home/amin/cobot/cobot_ws/install/mycobot_pro450_interfaces/bin'
[1.884s] Level 1:colcon.colcon_core.environment:checking '/home/amin/cobot/cobot_ws/install/mycobot_pro450_interfaces/lib/pkgconfig/mycobot_pro450_interfaces.pc'
[1.885s] Level 1:colcon.colcon_core.environment:checking '/home/amin/cobot/cobot_ws/install/mycobot_pro450_interfaces/lib/python3.12/site-packages'
[1.885s] Level 1:colcon.colcon_core.shell:create_environment_hook('mycobot_pro450_interfaces', 'pythonpath')
[1.885s] INFO:colcon.colcon_core.shell:Creating environment hook '/home/amin/cobot/cobot_ws/install/mycobot_pro450_interfaces/share/mycobot_pro450_interfaces/hook/pythonpath.ps1'
[1.885s] INFO:colcon.colcon_core.shell:Creating environment descriptor '/home/amin/cobot/cobot_ws/install/mycobot_pro450_interfaces/share/mycobot_pro450_interfaces/hook/pythonpath.dsv'
[1.886s] INFO:colcon.colcon_core.shell:Creating environment hook '/home/amin/cobot/cobot_ws/install/mycobot_pro450_interfaces/share/mycobot_pro450_interfaces/hook/pythonpath.sh'
[1.887s] Level 1:colcon.colcon_core.environment:checking '/home/amin/cobot/cobot_ws/install/mycobot_pro450_interfaces/bin'
[1.887s] INFO:colcon.colcon_core.shell:Creating package script '/home/amin/cobot/cobot_ws/install/mycobot_pro450_interfaces/share/mycobot_pro450_interfaces/package.ps1'
[1.888s] INFO:colcon.colcon_core.shell:Creating package descriptor '/home/amin/cobot/cobot_ws/install/mycobot_pro450_interfaces/share/mycobot_pro450_interfaces/package.dsv'
[1.889s] INFO:colcon.colcon_core.shell:Creating package script '/home/amin/cobot/cobot_ws/install/mycobot_pro450_interfaces/share/mycobot_pro450_interfaces/package.sh'
[1.889s] INFO:colcon.colcon_core.shell:Creating package script '/home/amin/cobot/cobot_ws/install/mycobot_pro450_interfaces/share/mycobot_pro450_interfaces/package.bash'
[1.890s] INFO:colcon.colcon_core.shell:Creating package script '/home/amin/cobot/cobot_ws/install/mycobot_pro450_interfaces/share/mycobot_pro450_interfaces/package.zsh'
[1.890s] Level 1:colcon.colcon_core.environment:create_file_with_runtime_dependencies(/home/amin/cobot/cobot_ws/install/mycobot_pro450_interfaces/share/colcon-core/packages/mycobot_pro450_interfaces)
[1.891s] Level 1:colcon.colcon_core.environment:create_environment_scripts_only(mycobot_pro450_interfaces)
[1.891s] Level 1:colcon.colcon_core.environment:checking '/home/amin/cobot/cobot_ws/install/mycobot_pro450_interfaces' for CMake module files
[1.891s] Level 1:colcon.colcon_core.environment:checking '/home/amin/cobot/cobot_ws/install/mycobot_pro450_interfaces' for CMake config files
[1.892s] Level 1:colcon.colcon_core.shell:create_environment_hook('mycobot_pro450_interfaces', 'cmake_prefix_path')
[1.892s] INFO:colcon.colcon_core.shell:Creating environment hook '/home/amin/cobot/cobot_ws/install/mycobot_pro450_interfaces/share/mycobot_pro450_interfaces/hook/cmake_prefix_path.ps1'
[1.893s] INFO:colcon.colcon_core.shell:Creating environment descriptor '/home/amin/cobot/cobot_ws/install/mycobot_pro450_interfaces/share/mycobot_pro450_interfaces/hook/cmake_prefix_path.dsv'
[1.893s] INFO:colcon.colcon_core.shell:Creating environment hook '/home/amin/cobot/cobot_ws/install/mycobot_pro450_interfaces/share/mycobot_pro450_interfaces/hook/cmake_prefix_path.sh'
[1.894s] Level 1:colcon.colcon_core.environment:checking '/home/amin/cobot/cobot_ws/install/mycobot_pro450_interfaces/lib'
[1.894s] Level 1:colcon.colcon_core.shell:create_environment_hook('mycobot_pro450_interfaces', 'ld_library_path_lib')
[1.894s] INFO:colcon.colcon_core.shell:Creating environment hook '/home/amin/cobot/cobot_ws/install/mycobot_pro450_interfaces/share/mycobot_pro450_interfaces/hook/ld_library_path_lib.ps1'
[1.894s] INFO:colcon.colcon_core.shell:Creating environment descriptor '/home/amin/cobot/cobot_ws/install/mycobot_pro450_interfaces/share/mycobot_pro450_interfaces/hook/ld_library_path_lib.dsv'
[1.894s] INFO:colcon.colcon_core.shell:Creating environment hook '/home/amin/cobot/cobot_ws/install/mycobot_pro450_interfaces/share/mycobot_pro450_interfaces/hook/ld_library_path_lib.sh'
[1.895s] Level 1:colcon.colcon_core.environment:checking '/home/amin/cobot/cobot_ws/install/mycobot_pro450_interfaces/bin'
[1.895s] Level 1:colcon.colcon_core.environment:checking '/home/amin/cobot/cobot_ws/install/mycobot_pro450_interfaces/lib/pkgconfig/mycobot_pro450_interfaces.pc'
[1.895s] Level 1:colcon.colcon_core.environment:checking '/home/amin/cobot/cobot_ws/install/mycobot_pro450_interfaces/lib/python3.12/site-packages'
[1.895s] Level 1:colcon.colcon_core.shell:create_environment_hook('mycobot_pro450_interfaces', 'pythonpath')
[1.895s] INFO:colcon.colcon_core.shell:Creating environment hook '/home/amin/cobot/cobot_ws/install/mycobot_pro450_interfaces/share/mycobot_pro450_interfaces/hook/pythonpath.ps1'
[1.896s] INFO:colcon.colcon_core.shell:Creating environment descriptor '/home/amin/cobot/cobot_ws/install/mycobot_pro450_interfaces/share/mycobot_pro450_interfaces/hook/pythonpath.dsv'
[1.896s] INFO:colcon.colcon_core.shell:Creating environment hook '/home/amin/cobot/cobot_ws/install/mycobot_pro450_interfaces/share/mycobot_pro450_interfaces/hook/pythonpath.sh'
[1.897s] Level 1:colcon.colcon_core.environment:checking '/home/amin/cobot/cobot_ws/install/mycobot_pro450_interfaces/bin'
[1.897s] INFO:colcon.colcon_core.shell:Creating package script '/home/amin/cobot/cobot_ws/install/mycobot_pro450_interfaces/share/mycobot_pro450_interfaces/package.ps1'
[1.897s] INFO:colcon.colcon_core.shell:Creating package descriptor '/home/amin/cobot/cobot_ws/install/mycobot_pro450_interfaces/share/mycobot_pro450_interfaces/package.dsv'
[1.898s] INFO:colcon.colcon_core.shell:Creating package script '/home/amin/cobot/cobot_ws/install/mycobot_pro450_interfaces/share/mycobot_pro450_interfaces/package.sh'
[1.898s] INFO:colcon.colcon_core.shell:Creating package script '/home/amin/cobot/cobot_ws/install/mycobot_pro450_interfaces/share/mycobot_pro450_interfaces/package.bash'
[1.899s] INFO:colcon.colcon_core.shell:Creating package script '/home/amin/cobot/cobot_ws/install/mycobot_pro450_interfaces/share/mycobot_pro450_interfaces/package.zsh'
[1.899s] Level 1:colcon.colcon_core.environment:create_file_with_runtime_dependencies(/home/amin/cobot/cobot_ws/install/mycobot_pro450_interfaces/share/colcon-core/packages/mycobot_pro450_interfaces)
[2.243s] Level 1:colcon.colcon_core.environment:checking '/home/amin/cobot/cobot_ws/install/mycobot_description' for CMake module files
[2.243s] DEBUG:colcon.colcon_core.event_handler.log_command:Invoked command in '/home/amin/cobot/cobot_ws/src/mycobot_ros2/mycobot_description' returned '0': DEBUGINFOD_URLS=https://debuginfod.ubuntu.com PYTHONPATH=/home/amin/cobot/cobot_ws/build/mycobot_description/prefix_override:/usr/lib/python3/dist-packages/colcon_core/task/python/colcon_distutils_commands:/home/amin/cobot/cobot_ws/install/mycobot_description/lib/python3.12/site-packages:${PYTHONPATH} /usr/bin/python3 -W ignore:setup.py install is deprecated -W ignore:easy_install command is deprecated setup.py egg_info --egg-base ../../../build/mycobot_description build --build-base /home/amin/cobot/cobot_ws/build/mycobot_description/build install --record /home/amin/cobot/cobot_ws/build/mycobot_description/install.log --single-version-externally-managed install_data
[2.243s] Level 1:colcon.colcon_core.environment:checking '/home/amin/cobot/cobot_ws/install/mycobot_description' for CMake config files
[2.244s] Level 1:colcon.colcon_core.environment:checking '/home/amin/cobot/cobot_ws/install/mycobot_description/lib'
[2.244s] Level 1:colcon.colcon_core.environment:checking '/home/amin/cobot/cobot_ws/install/mycobot_description/bin'
[2.244s] Level 1:colcon.colcon_core.environment:checking '/home/amin/cobot/cobot_ws/install/mycobot_description/lib/pkgconfig/mycobot_description.pc'
[2.244s] Level 1:colcon.colcon_core.environment:checking '/home/amin/cobot/cobot_ws/install/mycobot_description/lib/python3.12/site-packages'
[2.244s] Level 1:colcon.colcon_core.shell:create_environment_hook('mycobot_description', 'pythonpath')
[2.245s] INFO:colcon.colcon_core.shell:Creating environment hook '/home/amin/cobot/cobot_ws/install/mycobot_description/share/mycobot_description/hook/pythonpath.ps1'
[2.245s] INFO:colcon.colcon_core.shell:Creating environment descriptor '/home/amin/cobot/cobot_ws/install/mycobot_description/share/mycobot_description/hook/pythonpath.dsv'
[2.245s] INFO:colcon.colcon_core.shell:Creating environment hook '/home/amin/cobot/cobot_ws/install/mycobot_description/share/mycobot_description/hook/pythonpath.sh'
[2.246s] Level 1:colcon.colcon_core.environment:checking '/home/amin/cobot/cobot_ws/install/mycobot_description/bin'
[2.246s] Level 1:colcon.colcon_core.environment:create_environment_scripts_only(mycobot_description)
[2.246s] INFO:colcon.colcon_core.shell:Creating package script '/home/amin/cobot/cobot_ws/install/mycobot_description/share/mycobot_description/package.ps1'
[2.246s] INFO:colcon.colcon_core.shell:Creating package descriptor '/home/amin/cobot/cobot_ws/install/mycobot_description/share/mycobot_description/package.dsv'
[2.247s] INFO:colcon.colcon_core.shell:Creating package script '/home/amin/cobot/cobot_ws/install/mycobot_description/share/mycobot_description/package.sh'
[2.247s] INFO:colcon.colcon_core.shell:Creating package script '/home/amin/cobot/cobot_ws/install/mycobot_description/share/mycobot_description/package.bash'
[2.247s] INFO:colcon.colcon_core.shell:Creating package script '/home/amin/cobot/cobot_ws/install/mycobot_description/share/mycobot_description/package.zsh'
[2.247s] Level 1:colcon.colcon_core.environment:create_file_with_runtime_dependencies(/home/amin/cobot/cobot_ws/install/mycobot_description/share/colcon-core/packages/mycobot_description)
[2.248s] INFO:colcon.colcon_ros.task.ament_python.build:Building ROS package in '/home/amin/cobot/cobot_ws/src/mycobot_ros2/mecharm/mecharm' with build type 'ament_python'
[2.248s] Level 1:colcon.colcon_core.shell:create_environment_hook('mecharm', 'ament_prefix_path')
[2.248s] INFO:colcon.colcon_core.shell:Creating environment hook '/home/amin/cobot/cobot_ws/install/mecharm/share/mecharm/hook/ament_prefix_path.ps1'
[2.249s] INFO:colcon.colcon_core.shell:Creating environment descriptor '/home/amin/cobot/cobot_ws/install/mecharm/share/mecharm/hook/ament_prefix_path.dsv'
[2.249s] INFO:colcon.colcon_core.shell:Creating environment hook '/home/amin/cobot/cobot_ws/install/mecharm/share/mecharm/hook/ament_prefix_path.sh'
[2.250s] INFO:colcon.colcon_core.shell:Skip shell extension 'powershell' for command environment: Not usable outside of PowerShell
[2.250s] DEBUG:colcon.colcon_core.shell:Skip shell extension 'dsv' for command environment
[2.258s] INFO:colcon.colcon_ros.task.ament_python.build:Building ROS package in '/home/amin/cobot/cobot_ws/src/mycobot_ros2/mecharm/mecharm_pi' with build type 'ament_python'
[2.259s] Level 1:colcon.colcon_core.shell:create_environment_hook('mecharm_pi', 'ament_prefix_path')
[2.260s] INFO:colcon.colcon_core.shell:Creating environment hook '/home/amin/cobot/cobot_ws/install/mecharm_pi/share/mecharm_pi/hook/ament_prefix_path.ps1'
[2.262s] INFO:colcon.colcon_core.shell:Creating environment descriptor '/home/amin/cobot/cobot_ws/install/mecharm_pi/share/mecharm_pi/hook/ament_prefix_path.dsv'
[2.262s] INFO:colcon.colcon_core.shell:Creating environment hook '/home/amin/cobot/cobot_ws/install/mecharm_pi/share/mecharm_pi/hook/ament_prefix_path.sh'
[2.263s] INFO:colcon.colcon_core.shell:Skip shell extension 'powershell' for command environment: Not usable outside of PowerShell
[2.263s] DEBUG:colcon.colcon_core.shell:Skip shell extension 'dsv' for command environment
[2.272s] INFO:colcon.colcon_ros.task.ament_python.build:Building ROS package in '/home/amin/cobot/cobot_ws/src/mycobot_ros2/myArm/myarm_300' with build type 'ament_python'
[2.272s] Level 1:colcon.colcon_core.shell:create_environment_hook('myarm_300', 'ament_prefix_path')
[2.273s] INFO:colcon.colcon_core.shell:Creating environment hook '/home/amin/cobot/cobot_ws/install/myarm_300/share/myarm_300/hook/ament_prefix_path.ps1'
[2.274s] INFO:colcon.colcon_core.shell:Creating environment descriptor '/home/amin/cobot/cobot_ws/install/myarm_300/share/myarm_300/hook/ament_prefix_path.dsv'
[2.275s] INFO:colcon.colcon_core.shell:Creating environment hook '/home/amin/cobot/cobot_ws/install/myarm_300/share/myarm_300/hook/ament_prefix_path.sh'
[2.276s] INFO:colcon.colcon_core.shell:Skip shell extension 'powershell' for command environment: Not usable outside of PowerShell
[2.276s] DEBUG:colcon.colcon_core.shell:Skip shell extension 'dsv' for command environment
[2.286s] INFO:colcon.colcon_ros.task.ament_python.build:Building ROS package in '/home/amin/cobot/cobot_ws/src/mycobot_ros2/Mybuddy/mybuddy' with build type 'ament_python'
[2.286s] Level 1:colcon.colcon_core.shell:create_environment_hook('mybuddy', 'ament_prefix_path')
[2.287s] INFO:colcon.colcon_core.shell:Creating environment hook '/home/amin/cobot/cobot_ws/install/mybuddy/share/mybuddy/hook/ament_prefix_path.ps1'
[2.287s] INFO:colcon.colcon_core.shell:Creating environment descriptor '/home/amin/cobot/cobot_ws/install/mybuddy/share/mybuddy/hook/ament_prefix_path.dsv'
[2.288s] INFO:colcon.colcon_core.shell:Creating environment hook '/home/amin/cobot/cobot_ws/install/mybuddy/share/mybuddy/hook/ament_prefix_path.sh'
[2.288s] INFO:colcon.colcon_core.shell:Skip shell extension 'powershell' for command environment: Not usable outside of PowerShell
[2.288s] DEBUG:colcon.colcon_core.shell:Skip shell extension 'dsv' for command environment
[2.295s] INFO:colcon.colcon_ros.task.ament_python.build:Building ROS package in '/home/amin/cobot/cobot_ws/src/mycobot_ros2/mycobot_280/mycobot_280' with build type 'ament_python'
[2.295s] Level 1:colcon.colcon_core.shell:create_environment_hook('mycobot_280', 'ament_prefix_path')
[2.295s] INFO:colcon.colcon_core.shell:Creating environment hook '/home/amin/cobot/cobot_ws/install/mycobot_280/share/mycobot_280/hook/ament_prefix_path.ps1'
[2.296s] INFO:colcon.colcon_core.shell:Creating environment descriptor '/home/amin/cobot/cobot_ws/install/mycobot_280/share/mycobot_280/hook/ament_prefix_path.dsv'
[2.296s] INFO:colcon.colcon_core.shell:Creating environment hook '/home/amin/cobot/cobot_ws/install/mycobot_280/share/mycobot_280/hook/ament_prefix_path.sh'
[2.297s] INFO:colcon.colcon_core.shell:Skip shell extension 'powershell' for command environment: Not usable outside of PowerShell
[2.297s] DEBUG:colcon.colcon_core.shell:Skip shell extension 'dsv' for command environment
[2.308s] DEBUG:colcon.colcon_core.event_handler.log_command:Invoking command in '/home/amin/cobot/cobot_ws/src/mycobot_ros2/mycobot_communication': CMAKE_PREFIX_PATH=/home/amin/cobot/cobot_ws/install/mycobot_interfaces:/home/amin/cobot/cobot_ws/install/pro450_moveit2:/home/amin/cobot/cobot_ws/install/mypalletizer_interfaces:/home/amin/cobot/cobot_ws/install/mycobot_pro450_interfaces:/home/amin/cobot/cobot_ws/install/mycobot_280rdkx5_moveit2:/home/amin/cobot/cobot_ws/install/mycobot_280arduino_moveit2:/home/amin/cobot/cobot_ws/install/mycobot_280_moveit2:/home/amin/cobot/cobot_ws/install/mycobot_280_gazebo_jazzy:/home/amin/cobot/cobot_ws/install/mycobot_280_gazebo:/home/amin/cobot/cobot_ws/install/mecharm_interfaces:/opt/ros/jazzy/opt/gz_sim_vendor:/opt/ros/jazzy/opt/gz_sensors_vendor:/opt/ros/jazzy/opt/gz_physics_vendor:/opt/ros/jazzy/opt/sdformat_vendor:/opt/ros/jazzy/opt/gz_gui_vendor:/opt/ros/jazzy/opt/gz_transport_vendor:/opt/ros/jazzy/opt/gz_rendering_vendor:/opt/ros/jazzy/opt/gz_plugin_vendor:/opt/ros/jazzy/opt/gz_fuel_tools_vendor:/opt/ros/jazzy/opt/gz_msgs_vendor:/opt/ros/jazzy/opt/gz_common_vendor:/opt/ros/jazzy/opt/gz_math_vendor:/opt/ros/jazzy/opt/gz_utils_vendor:/opt/ros/jazzy/opt/gz_tools_vendor:/opt/ros/jazzy/opt/gz_ogre_next_vendor:/opt/ros/jazzy/opt/gz_dartsim_vendor:/opt/ros/jazzy/opt/gz_cmake_vendor DEBUGINFOD_URLS=https://debuginfod.ubuntu.com LD_LIBRARY_PATH=/home/amin/cobot/cobot_ws/install/mycobot_interfaces/lib:/home/amin/cobot/cobot_ws/install/mypalletizer_interfaces/lib:/home/amin/cobot/cobot_ws/install/mycobot_pro450_interfaces/lib:/home/amin/cobot/cobot_ws/install/mecharm_interfaces/lib:/opt/ros/jazzy/opt/gz_sim_vendor/lib:/opt/ros/jazzy/opt/gz_sensors_vendor/lib:/opt/ros/jazzy/opt/gz_physics_vendor/lib:/opt/ros/jazzy/opt/sdformat_vendor/lib:/opt/ros/jazzy/opt/rviz_ogre_vendor/lib:/opt/ros/jazzy/lib/x86_64-linux-gnu:/opt/ros/jazzy/opt/gz_gui_vendor/lib:/opt/ros/jazzy/opt/gz_transport_vendor/lib:/opt/ros/jazzy/opt/gz_rendering_vendor/lib:/opt/ros/jazzy/opt/gz_plugin_vendor/lib:/opt/ros/jazzy/opt/gz_fuel_tools_vendor/lib:/opt/ros/jazzy/opt/gz_msgs_vendor/lib:/opt/ros/jazzy/opt/gz_common_vendor/lib:/opt/ros/jazzy/opt/gz_math_vendor/lib:/opt/ros/jazzy/opt/gz_utils_vendor/lib:/opt/ros/jazzy/opt/gz_tools_vendor/lib:/opt/ros/jazzy/opt/gz_ogre_next_vendor/lib:/opt/ros/jazzy/opt/gz_dartsim_vendor/lib:/opt/ros/jazzy/opt/gz_cmake_vendor/lib:/opt/ros/jazzy/lib PYTHONPATH=/home/amin/cobot/cobot_ws/build/mycobot_communication/prefix_override:/usr/lib/python3/dist-packages/colcon_core/task/python/colcon_distutils_commands:/home/amin/cobot/cobot_ws/install/mycobot_communication/lib/python3.12/site-packages:/home/amin/cobot/cobot_ws/install/mycobot_interfaces/lib/python3.12/site-packages:/home/amin/cobot/cobot_ws/install/ultraarm/lib/python3.12/site-packages:/home/amin/cobot/cobot_ws/install/pro450_moveit2_control/lib/python3.12/site-packages:/home/amin/cobot/cobot_ws/install/mypalletizer_communication/lib/python3.12/site-packages:/home/amin/cobot/cobot_ws/install/mypalletizer_interfaces/lib/python3.12/site-packages:/home/amin/cobot/cobot_ws/install/mypalletizer_260_pi/lib/python3.12/site-packages:/home/amin/cobot/cobot_ws/install/mypalletizer_260/lib/python3.12/site-packages:/home/amin/cobot/cobot_ws/install/mycobot_pro_450/lib/python3.12/site-packages:/home/amin/cobot/cobot_ws/install/mycobot_pro450_interfaces/lib/python3.12/site-packages:/home/amin/cobot/cobot_ws/install/myarm_m750/lib/python3.12/site-packages:/home/amin/cobot/cobot_ws/install/myarm_c650/lib/python3.12/site-packages:/home/amin/cobot/cobot_ws/install/mycobot_communication/lib/python3.12/site-packages:/home/amin/cobot/cobot_ws/install/mecharm_communication/lib/python3.12/site-packages:/home/amin/cobot/cobot_ws/install/mycobot_630/lib/python3.12/site-packages:/home/amin/cobot/cobot_ws/install/mycobot_600/lib/python3.12/site-packages:/home/amin/cobot/cobot_ws/install/mycobot_320pi/lib/python3.12/site-packages:/home/amin/cobot/cobot_ws/install/mycobot_320_riscv/lib/python3.12/site-packages:/home/amin/cobot/cobot_ws/install/mycobot_320/lib/python3.12/site-packages:/home/amin/cobot/cobot_ws/install/mycobot_280pi/lib/python3.12/site-packages:/home/amin/cobot/cobot_ws/install/mycobot_280jn/lib/python3.12/site-packages:/home/amin/cobot/cobot_ws/install/mycobot_280_x3pi/lib/python3.12/site-packages:/home/amin/cobot/cobot_ws/install/mycobot_280_riscv/lib/python3.12/site-packages:/home/amin/cobot/cobot_ws/install/mycobot_280_rdkx5/lib/python3.12/site-packages:/home/amin/cobot/cobot_ws/install/mycobot_280_moveit2_control/lib/python3.12/site-packages:/home/amin/cobot/cobot_ws/install/mycobot_280_arduino/lib/python3.12/site-packages:/home/amin/cobot/cobot_ws/install/mycobot_280/lib/python3.12/site-packages:/home/amin/cobot/cobot_ws/install/mybuddy/lib/python3.12/site-packages:/home/amin/cobot/cobot_ws/install/myarm_300/lib/python3.12/site-packages:/home/amin/cobot/cobot_ws/install/mecharm_pi/lib/python3.12/site-packages:/home/amin/cobot/cobot_ws/install/mecharm/lib/python3.12/site-packages:/home/amin/cobot/cobot_ws/install/mycobot_description/lib/python3.12/site-packages:/home/amin/cobot/cobot_ws/install/mecharm_interfaces/lib/python3.12/site-packages:/opt/ros/jazzy/lib/python3.12/site-packages /usr/bin/python3 -W ignore:setup.py install is deprecated -W ignore:easy_install command is deprecated setup.py egg_info --egg-base ../../../build/mycobot_communication build --build-base /home/amin/cobot/cobot_ws/build/mycobot_communication/build install --record /home/amin/cobot/cobot_ws/build/mycobot_communication/install.log --single-version-externally-managed install_data
[2.508s] INFO:colcon.colcon_core.task.python.build:Building Python package in '/home/amin/cobot/cobot_ws/src/mycobot_ros2/mecharm/mecharm'
[2.508s] INFO:colcon.colcon_core.shell:Skip shell extension 'powershell' for command environment: Not usable outside of PowerShell
[2.509s] DEBUG:colcon.colcon_core.shell:Skip shell extension 'dsv' for command environment
[2.689s] INFO:colcon.colcon_core.task.python.build:Building Python package in '/home/amin/cobot/cobot_ws/src/mycobot_ros2/mecharm/mecharm_pi'
[2.689s] INFO:colcon.colcon_core.shell:Skip shell extension 'powershell' for command environment: Not usable outside of PowerShell
[2.690s] DEBUG:colcon.colcon_core.shell:Skip shell extension 'dsv' for command environment
[2.859s] INFO:colcon.colcon_core.task.python.build:Building Python package in '/home/amin/cobot/cobot_ws/src/mycobot_ros2/myArm/myarm_300'
[2.859s] INFO:colcon.colcon_core.shell:Skip shell extension 'powershell' for command environment: Not usable outside of PowerShell
[2.859s] DEBUG:colcon.colcon_core.shell:Skip shell extension 'dsv' for command environment
[3.022s] INFO:colcon.colcon_core.task.python.build:Building Python package in '/home/amin/cobot/cobot_ws/src/mycobot_ros2/Mybuddy/mybuddy'
[3.022s] INFO:colcon.colcon_core.shell:Skip shell extension 'powershell' for command environment: Not usable outside of PowerShell
[3.022s] DEBUG:colcon.colcon_core.shell:Skip shell extension 'dsv' for command environment
[3.187s] INFO:colcon.colcon_core.task.python.build:Building Python package in '/home/amin/cobot/cobot_ws/src/mycobot_ros2/mycobot_280/mycobot_280'
[3.187s] INFO:colcon.colcon_core.shell:Skip shell extension 'powershell' for command environment: Not usable outside of PowerShell
[3.187s] DEBUG:colcon.colcon_core.shell:Skip shell extension 'dsv' for command environment
[3.193s] Level 1:colcon.colcon_core.environment:checking '/home/amin/cobot/cobot_ws/install/mycobot_communication' for CMake module files
[3.193s] Level 1:colcon.colcon_core.environment:checking '/home/amin/cobot/cobot_ws/install/mycobot_communication' for CMake config files
[3.194s] DEBUG:colcon.colcon_core.event_handler.log_command:Invoking command in '/home/amin/cobot/cobot_ws/src/mycobot_ros2/mypalletizer_260/mypalletizer_communication': CMAKE_PREFIX_PATH=/home/amin/cobot/cobot_ws/install/mypalletizer_interfaces:/home/amin/cobot/cobot_ws/install/pro450_moveit2:/home/amin/cobot/cobot_ws/install/mycobot_pro450_interfaces:/home/amin/cobot/cobot_ws/install/mycobot_interfaces:/home/amin/cobot/cobot_ws/install/mycobot_280rdkx5_moveit2:/home/amin/cobot/cobot_ws/install/mycobot_280arduino_moveit2:/home/amin/cobot/cobot_ws/install/mycobot_280_moveit2:/home/amin/cobot/cobot_ws/install/mycobot_280_gazebo_jazzy:/home/amin/cobot/cobot_ws/install/mycobot_280_gazebo:/home/amin/cobot/cobot_ws/install/mecharm_interfaces:/opt/ros/jazzy/opt/gz_sim_vendor:/opt/ros/jazzy/opt/gz_sensors_vendor:/opt/ros/jazzy/opt/gz_physics_vendor:/opt/ros/jazzy/opt/sdformat_vendor:/opt/ros/jazzy/opt/gz_gui_vendor:/opt/ros/jazzy/opt/gz_transport_vendor:/opt/ros/jazzy/opt/gz_rendering_vendor:/opt/ros/jazzy/opt/gz_plugin_vendor:/opt/ros/jazzy/opt/gz_fuel_tools_vendor:/opt/ros/jazzy/opt/gz_msgs_vendor:/opt/ros/jazzy/opt/gz_common_vendor:/opt/ros/jazzy/opt/gz_math_vendor:/opt/ros/jazzy/opt/gz_utils_vendor:/opt/ros/jazzy/opt/gz_tools_vendor:/opt/ros/jazzy/opt/gz_ogre_next_vendor:/opt/ros/jazzy/opt/gz_dartsim_vendor:/opt/ros/jazzy/opt/gz_cmake_vendor DEBUGINFOD_URLS=https://debuginfod.ubuntu.com PYTHONPATH=/home/amin/cobot/cobot_ws/build/mypalletizer_communication/prefix_override:/usr/lib/python3/dist-packages/colcon_core/task/python/colcon_distutils_commands:/home/amin/cobot/cobot_ws/install/mypalletizer_communication/lib/python3.12/site-packages:/home/amin/cobot/cobot_ws/install/mypalletizer_interfaces/lib/python3.12/site-packages:/home/amin/cobot/cobot_ws/install/ultraarm/lib/python3.12/site-packages:/home/amin/cobot/cobot_ws/install/pro450_moveit2_control/lib/python3.12/site-packages:/home/amin/cobot/cobot_ws/install/mypalletizer_communication/lib/python3.12/site-packages:/home/amin/cobot/cobot_ws/install/mypalletizer_260_pi/lib/python3.12/site-packages:/home/amin/cobot/cobot_ws/install/mypalletizer_260/lib/python3.12/site-packages:/home/amin/cobot/cobot_ws/install/mycobot_pro_450/lib/python3.12/site-packages:/home/amin/cobot/cobot_ws/install/mycobot_pro450_interfaces/lib/python3.12/site-packages:/home/amin/cobot/cobot_ws/install/myarm_m750/lib/python3.12/site-packages:/home/amin/cobot/cobot_ws/install/myarm_c650/lib/python3.12/site-packages:/home/amin/cobot/cobot_ws/install/mycobot_communication/lib/python3.12/site-packages:/home/amin/cobot/cobot_ws/install/mecharm_communication/lib/python3.12/site-packages:/home/amin/cobot/cobot_ws/install/mycobot_interfaces/lib/python3.12/site-packages:/home/amin/cobot/cobot_ws/install/mycobot_630/lib/python3.12/site-packages:/home/amin/cobot/cobot_ws/install/mycobot_600/lib/python3.12/site-packages:/home/amin/cobot/cobot_ws/install/mycobot_320pi/lib/python3.12/site-packages:/home/amin/cobot/cobot_ws/install/mycobot_320_riscv/lib/python3.12/site-packages:/home/amin/cobot/cobot_ws/install/mycobot_320/lib/python3.12/site-packages:/home/amin/cobot/cobot_ws/install/mycobot_280pi/lib/python3.12/site-packages:/home/amin/cobot/cobot_ws/install/mycobot_280jn/lib/python3.12/site-packages:/home/amin/cobot/cobot_ws/install/mycobot_280_x3pi/lib/python3.12/site-packages:/home/amin/cobot/cobot_ws/install/mycobot_280_riscv/lib/python3.12/site-packages:/home/amin/cobot/cobot_ws/install/mycobot_280_rdkx5/lib/python3.12/site-packages:/home/amin/cobot/cobot_ws/install/mycobot_280_moveit2_control/lib/python3.12/site-packages:/home/amin/cobot/cobot_ws/install/mycobot_280_arduino/lib/python3.12/site-packages:/home/amin/cobot/cobot_ws/install/mycobot_280/lib/python3.12/site-packages:/home/amin/cobot/cobot_ws/install/mybuddy/lib/python3.12/site-packages:/home/amin/cobot/cobot_ws/install/myarm_300/lib/python3.12/site-packages:/home/amin/cobot/cobot_ws/install/mecharm_pi/lib/python3.12/site-packages:/home/amin/cobot/cobot_ws/install/mecharm/lib/python3.12/site-packages:/home/amin/cobot/cobot_ws/install/mycobot_description/lib/python3.12/site-packages:/home/amin/cobot/cobot_ws/install/mecharm_interfaces/lib/python3.12/site-packages:/opt/ros/jazzy/lib/python3.12/site-packages /usr/bin/python3 -W ignore:setup.py install is deprecated -W ignore:easy_install command is deprecated setup.py egg_info --egg-base ../../../../build/mypalletizer_communication build --build-base /home/amin/cobot/cobot_ws/build/mypalletizer_communication/build install --record /home/amin/cobot/cobot_ws/build/mypalletizer_communication/install.log --single-version-externally-managed install_data
[3.194s] DEBUG:colcon.colcon_core.event_handler.log_command:Invoked command in '/home/amin/cobot/cobot_ws/src/mycobot_ros2/mycobot_communication' returned '0': CMAKE_PREFIX_PATH=/home/amin/cobot/cobot_ws/install/mycobot_interfaces:/home/amin/cobot/cobot_ws/install/pro450_moveit2:/home/amin/cobot/cobot_ws/install/mypalletizer_interfaces:/home/amin/cobot/cobot_ws/install/mycobot_pro450_interfaces:/home/amin/cobot/cobot_ws/install/mycobot_280rdkx5_moveit2:/home/amin/cobot/cobot_ws/install/mycobot_280arduino_moveit2:/home/amin/cobot/cobot_ws/install/mycobot_280_moveit2:/home/amin/cobot/cobot_ws/install/mycobot_280_gazebo_jazzy:/home/amin/cobot/cobot_ws/install/mycobot_280_gazebo:/home/amin/cobot/cobot_ws/install/mecharm_interfaces:/opt/ros/jazzy/opt/gz_sim_vendor:/opt/ros/jazzy/opt/gz_sensors_vendor:/opt/ros/jazzy/opt/gz_physics_vendor:/opt/ros/jazzy/opt/sdformat_vendor:/opt/ros/jazzy/opt/gz_gui_vendor:/opt/ros/jazzy/opt/gz_transport_vendor:/opt/ros/jazzy/opt/gz_rendering_vendor:/opt/ros/jazzy/opt/gz_plugin_vendor:/opt/ros/jazzy/opt/gz_fuel_tools_vendor:/opt/ros/jazzy/opt/gz_msgs_vendor:/opt/ros/jazzy/opt/gz_common_vendor:/opt/ros/jazzy/opt/gz_math_vendor:/opt/ros/jazzy/opt/gz_utils_vendor:/opt/ros/jazzy/opt/gz_tools_vendor:/opt/ros/jazzy/opt/gz_ogre_next_vendor:/opt/ros/jazzy/opt/gz_dartsim_vendor:/opt/ros/jazzy/opt/gz_cmake_vendor DEBUGINFOD_URLS=https://debuginfod.ubuntu.com LD_LIBRARY_PATH=/home/amin/cobot/cobot_ws/install/mycobot_interfaces/lib:/home/amin/cobot/cobot_ws/install/mypalletizer_interfaces/lib:/home/amin/cobot/cobot_ws/install/mycobot_pro450_interfaces/lib:/home/amin/cobot/cobot_ws/install/mecharm_interfaces/lib:/opt/ros/jazzy/opt/gz_sim_vendor/lib:/opt/ros/jazzy/opt/gz_sensors_vendor/lib:/opt/ros/jazzy/opt/gz_physics_vendor/lib:/opt/ros/jazzy/opt/sdformat_vendor/lib:/opt/ros/jazzy/opt/rviz_ogre_vendor/lib:/opt/ros/jazzy/lib/x86_64-linux-gnu:/opt/ros/jazzy/opt/gz_gui_vendor/lib:/opt/ros/jazzy/opt/gz_transport_vendor/lib:/opt/ros/jazzy/opt/gz_rendering_vendor/lib:/opt/ros/jazzy/opt/gz_plugin_vendor/lib:/opt/ros/jazzy/opt/gz_fuel_tools_vendor/lib:/opt/ros/jazzy/opt/gz_msgs_vendor/lib:/opt/ros/jazzy/opt/gz_common_vendor/lib:/opt/ros/jazzy/opt/gz_math_vendor/lib:/opt/ros/jazzy/opt/gz_utils_vendor/lib:/opt/ros/jazzy/opt/gz_tools_vendor/lib:/opt/ros/jazzy/opt/gz_ogre_next_vendor/lib:/opt/ros/jazzy/opt/gz_dartsim_vendor/lib:/opt/ros/jazzy/opt/gz_cmake_vendor/lib:/opt/ros/jazzy/lib PYTHONPATH=/home/amin/cobot/cobot_ws/build/mycobot_communication/prefix_override:/usr/lib/python3/dist-packages/colcon_core/task/python/colcon_distutils_commands:/home/amin/cobot/cobot_ws/install/mycobot_communication/lib/python3.12/site-packages:/home/amin/cobot/cobot_ws/install/mycobot_interfaces/lib/python3.12/site-packages:/home/amin/cobot/cobot_ws/install/ultraarm/lib/python3.12/site-packages:/home/amin/cobot/cobot_ws/install/pro450_moveit2_control/lib/python3.12/site-packages:/home/amin/cobot/cobot_ws/install/mypalletizer_communication/lib/python3.12/site-packages:/home/amin/cobot/cobot_ws/install/mypalletizer_interfaces/lib/python3.12/site-packages:/home/amin/cobot/cobot_ws/install/mypalletizer_260_pi/lib/python3.12/site-packages:/home/amin/cobot/cobot_ws/install/mypalletizer_260/lib/python3.12/site-packages:/home/amin/cobot/cobot_ws/install/mycobot_pro_450/lib/python3.12/site-packages:/home/amin/cobot/cobot_ws/install/mycobot_pro450_interfaces/lib/python3.12/site-packages:/home/amin/cobot/cobot_ws/install/myarm_m750/lib/python3.12/site-packages:/home/amin/cobot/cobot_ws/install/myarm_c650/lib/python3.12/site-packages:/home/amin/cobot/cobot_ws/install/mycobot_communication/lib/python3.12/site-packages:/home/amin/cobot/cobot_ws/install/mecharm_communication/lib/python3.12/site-packages:/home/amin/cobot/cobot_ws/install/mycobot_630/lib/python3.12/site-packages:/home/amin/cobot/cobot_ws/install/mycobot_600/lib/python3.12/site-packages:/home/amin/cobot/cobot_ws/install/mycobot_320pi/lib/python3.12/site-packages:/home/amin/cobot/cobot_ws/install/mycobot_320_riscv/lib/python3.12/site-packages:/home/amin/cobot/cobot_ws/install/mycobot_320/lib/python3.12/site-packages:/home/amin/cobot/cobot_ws/install/mycobot_280pi/lib/python3.12/site-packages:/home/amin/cobot/cobot_ws/install/mycobot_280jn/lib/python3.12/site-packages:/home/amin/cobot/cobot_ws/install/mycobot_280_x3pi/lib/python3.12/site-packages:/home/amin/cobot/cobot_ws/install/mycobot_280_riscv/lib/python3.12/site-packages:/home/amin/cobot/cobot_ws/install/mycobot_280_rdkx5/lib/python3.12/site-packages:/home/amin/cobot/cobot_ws/install/mycobot_280_moveit2_control/lib/python3.12/site-packages:/home/amin/cobot/cobot_ws/install/mycobot_280_arduino/lib/python3.12/site-packages:/home/amin/cobot/cobot_ws/install/mycobot_280/lib/python3.12/site-packages:/home/amin/cobot/cobot_ws/install/mybuddy/lib/python3.12/site-packages:/home/amin/cobot/cobot_ws/install/myarm_300/lib/python3.12/site-packages:/home/amin/cobot/cobot_ws/install/mecharm_pi/lib/python3.12/site-packages:/home/amin/cobot/cobot_ws/install/mecharm/lib/python3.12/site-packages:/home/amin/cobot/cobot_ws/install/mycobot_description/lib/python3.12/site-packages:/home/amin/cobot/cobot_ws/install/mecharm_interfaces/lib/python3.12/site-packages:/opt/ros/jazzy/lib/python3.12/site-packages /usr/bin/python3 -W ignore:setup.py install is deprecated -W ignore:easy_install command is deprecated setup.py egg_info --egg-base ../../../build/mycobot_communication build --build-base /home/amin/cobot/cobot_ws/build/mycobot_communication/build install --record /home/amin/cobot/cobot_ws/build/mycobot_communication/install.log --single-version-externally-managed install_data
[3.194s] Level 1:colcon.colcon_core.environment:checking '/home/amin/cobot/cobot_ws/install/mycobot_communication/lib'
[3.194s] Level 1:colcon.colcon_core.environment:checking '/home/amin/cobot/cobot_ws/install/mycobot_communication/bin'
[3.194s] Level 1:colcon.colcon_core.environment:checking '/home/amin/cobot/cobot_ws/install/mycobot_communication/lib/pkgconfig/mycobot_communication.pc'
[3.194s] Level 1:colcon.colcon_core.environment:checking '/home/amin/cobot/cobot_ws/install/mycobot_communication/lib/python3.12/site-packages'
[3.194s] Level 1:colcon.colcon_core.shell:create_environment_hook('mycobot_communication', 'pythonpath')
[3.195s] INFO:colcon.colcon_core.shell:Creating environment hook '/home/amin/cobot/cobot_ws/install/mycobot_communication/share/mycobot_communication/hook/pythonpath.ps1'
[3.195s] INFO:colcon.colcon_core.shell:Creating environment descriptor '/home/amin/cobot/cobot_ws/install/mycobot_communication/share/mycobot_communication/hook/pythonpath.dsv'
[3.195s] INFO:colcon.colcon_core.shell:Creating environment hook '/home/amin/cobot/cobot_ws/install/mycobot_communication/share/mycobot_communication/hook/pythonpath.sh'
[3.196s] Level 1:colcon.colcon_core.environment:checking '/home/amin/cobot/cobot_ws/install/mycobot_communication/bin'
[3.196s] Level 1:colcon.colcon_core.environment:create_environment_scripts_only(mycobot_communication)
[3.196s] INFO:colcon.colcon_core.shell:Creating package script '/home/amin/cobot/cobot_ws/install/mycobot_communication/share/mycobot_communication/package.ps1'
[3.196s] INFO:colcon.colcon_core.shell:Creating package descriptor '/home/amin/cobot/cobot_ws/install/mycobot_communication/share/mycobot_communication/package.dsv'
[3.197s] INFO:colcon.colcon_core.shell:Creating package script '/home/amin/cobot/cobot_ws/install/mycobot_communication/share/mycobot_communication/package.sh'
[3.197s] INFO:colcon.colcon_core.shell:Creating package script '/home/amin/cobot/cobot_ws/install/mycobot_communication/share/mycobot_communication/package.bash'
[3.197s] INFO:colcon.colcon_core.shell:Creating package script '/home/amin/cobot/cobot_ws/install/mycobot_communication/share/mycobot_communication/package.zsh'
[3.198s] Level 1:colcon.colcon_core.environment:create_file_with_runtime_dependencies(/home/amin/cobot/cobot_ws/install/mycobot_communication/share/colcon-core/packages/mycobot_communication)
[3.200s] DEBUG:colcon.colcon_core.event_handler.log_command:Invoking command in '/home/amin/cobot/cobot_ws/src/mycobot_ros2/mecharm/mecharm_communication': CMAKE_PREFIX_PATH=/home/amin/cobot/cobot_ws/install/mycobot_interfaces:/home/amin/cobot/cobot_ws/install/pro450_moveit2:/home/amin/cobot/cobot_ws/install/mypalletizer_interfaces:/home/amin/cobot/cobot_ws/install/mycobot_pro450_interfaces:/home/amin/cobot/cobot_ws/install/mycobot_280rdkx5_moveit2:/home/amin/cobot/cobot_ws/install/mycobot_280arduino_moveit2:/home/amin/cobot/cobot_ws/install/mycobot_280_moveit2:/home/amin/cobot/cobot_ws/install/mycobot_280_gazebo_jazzy:/home/amin/cobot/cobot_ws/install/mycobot_280_gazebo:/home/amin/cobot/cobot_ws/install/mecharm_interfaces:/opt/ros/jazzy/opt/gz_sim_vendor:/opt/ros/jazzy/opt/gz_sensors_vendor:/opt/ros/jazzy/opt/gz_physics_vendor:/opt/ros/jazzy/opt/sdformat_vendor:/opt/ros/jazzy/opt/gz_gui_vendor:/opt/ros/jazzy/opt/gz_transport_vendor:/opt/ros/jazzy/opt/gz_rendering_vendor:/opt/ros/jazzy/opt/gz_plugin_vendor:/opt/ros/jazzy/opt/gz_fuel_tools_vendor:/opt/ros/jazzy/opt/gz_msgs_vendor:/opt/ros/jazzy/opt/gz_common_vendor:/opt/ros/jazzy/opt/gz_math_vendor:/opt/ros/jazzy/opt/gz_utils_vendor:/opt/ros/jazzy/opt/gz_tools_vendor:/opt/ros/jazzy/opt/gz_ogre_next_vendor:/opt/ros/jazzy/opt/gz_dartsim_vendor:/opt/ros/jazzy/opt/gz_cmake_vendor DEBUGINFOD_URLS=https://debuginfod.ubuntu.com LD_LIBRARY_PATH=/home/amin/cobot/cobot_ws/install/mycobot_interfaces/lib:/home/amin/cobot/cobot_ws/install/mypalletizer_interfaces/lib:/home/amin/cobot/cobot_ws/install/mycobot_pro450_interfaces/lib:/home/amin/cobot/cobot_ws/install/mecharm_interfaces/lib:/opt/ros/jazzy/opt/gz_sim_vendor/lib:/opt/ros/jazzy/opt/gz_sensors_vendor/lib:/opt/ros/jazzy/opt/gz_physics_vendor/lib:/opt/ros/jazzy/opt/sdformat_vendor/lib:/opt/ros/jazzy/opt/rviz_ogre_vendor/lib:/opt/ros/jazzy/lib/x86_64-linux-gnu:/opt/ros/jazzy/opt/gz_gui_vendor/lib:/opt/ros/jazzy/opt/gz_transport_vendor/lib:/opt/ros/jazzy/opt/gz_rendering_vendor/lib:/opt/ros/jazzy/opt/gz_plugin_vendor/lib:/opt/ros/jazzy/opt/gz_fuel_tools_vendor/lib:/opt/ros/jazzy/opt/gz_msgs_vendor/lib:/opt/ros/jazzy/opt/gz_common_vendor/lib:/opt/ros/jazzy/opt/gz_math_vendor/lib:/opt/ros/jazzy/opt/gz_utils_vendor/lib:/opt/ros/jazzy/opt/gz_tools_vendor/lib:/opt/ros/jazzy/opt/gz_ogre_next_vendor/lib:/opt/ros/jazzy/opt/gz_dartsim_vendor/lib:/opt/ros/jazzy/opt/gz_cmake_vendor/lib:/opt/ros/jazzy/lib PYTHONPATH=/home/amin/cobot/cobot_ws/build/mecharm_communication/prefix_override:/usr/lib/python3/dist-packages/colcon_core/task/python/colcon_distutils_commands:/home/amin/cobot/cobot_ws/install/mecharm_communication/lib/python3.12/site-packages:/home/amin/cobot/cobot_ws/install/mycobot_interfaces/lib/python3.12/site-packages:/home/amin/cobot/cobot_ws/install/ultraarm/lib/python3.12/site-packages:/home/amin/cobot/cobot_ws/install/pro450_moveit2_control/lib/python3.12/site-packages:/home/amin/cobot/cobot_ws/install/mypalletizer_communication/lib/python3.12/site-packages:/home/amin/cobot/cobot_ws/install/mypalletizer_interfaces/lib/python3.12/site-packages:/home/amin/cobot/cobot_ws/install/mypalletizer_260_pi/lib/python3.12/site-packages:/home/amin/cobot/cobot_ws/install/mypalletizer_260/lib/python3.12/site-packages:/home/amin/cobot/cobot_ws/install/mycobot_pro_450/lib/python3.12/site-packages:/home/amin/cobot/cobot_ws/install/mycobot_pro450_interfaces/lib/python3.12/site-packages:/home/amin/cobot/cobot_ws/install/myarm_m750/lib/python3.12/site-packages:/home/amin/cobot/cobot_ws/install/myarm_c650/lib/python3.12/site-packages:/home/amin/cobot/cobot_ws/install/mycobot_communication/lib/python3.12/site-packages:/home/amin/cobot/cobot_ws/install/mecharm_communication/lib/python3.12/site-packages:/home/amin/cobot/cobot_ws/install/mycobot_630/lib/python3.12/site-packages:/home/amin/cobot/cobot_ws/install/mycobot_600/lib/python3.12/site-packages:/home/amin/cobot/cobot_ws/install/mycobot_320pi/lib/python3.12/site-packages:/home/amin/cobot/cobot_ws/install/mycobot_320_riscv/lib/python3.12/site-packages:/home/amin/cobot/cobot_ws/install/mycobot_320/lib/python3.12/site-packages:/home/amin/cobot/cobot_ws/install/mycobot_280pi/lib/python3.12/site-packages:/home/amin/cobot/cobot_ws/install/mycobot_280jn/lib/python3.12/site-packages:/home/amin/cobot/cobot_ws/install/mycobot_280_x3pi/lib/python3.12/site-packages:/home/amin/cobot/cobot_ws/install/mycobot_280_riscv/lib/python3.12/site-packages:/home/amin/cobot/cobot_ws/install/mycobot_280_rdkx5/lib/python3.12/site-packages:/home/amin/cobot/cobot_ws/install/mycobot_280_moveit2_control/lib/python3.12/site-packages:/home/amin/cobot/cobot_ws/install/mycobot_280_arduino/lib/python3.12/site-packages:/home/amin/cobot/cobot_ws/install/mycobot_280/lib/python3.12/site-packages:/home/amin/cobot/cobot_ws/install/mybuddy/lib/python3.12/site-packages:/home/amin/cobot/cobot_ws/install/myarm_300/lib/python3.12/site-packages:/home/amin/cobot/cobot_ws/install/mecharm_pi/lib/python3.12/site-packages:/home/amin/cobot/cobot_ws/install/mecharm/lib/python3.12/site-packages:/home/amin/cobot/cobot_ws/install/mycobot_description/lib/python3.12/site-packages:/home/amin/cobot/cobot_ws/install/mecharm_interfaces/lib/python3.12/site-packages:/opt/ros/jazzy/lib/python3.12/site-packages /usr/bin/python3 -W ignore:setup.py install is deprecated -W ignore:easy_install command is deprecated setup.py egg_info --egg-base ../../../../build/mecharm_communication build --build-base /home/amin/cobot/cobot_ws/build/mecharm_communication/build install --record /home/amin/cobot/cobot_ws/build/mecharm_communication/install.log --single-version-externally-managed install_data
[3.205s] INFO:colcon.colcon_ros.task.ament_python.build:Building ROS package in '/home/amin/cobot/cobot_ws/src/mycobot_ros2/mycobot_280/mycobot_280_arduino' with build type 'ament_python'
[3.205s] Level 1:colcon.colcon_core.shell:create_environment_hook('mycobot_280_arduino', 'ament_prefix_path')
[3.205s] INFO:colcon.colcon_core.shell:Creating environment hook '/home/amin/cobot/cobot_ws/install/mycobot_280_arduino/share/mycobot_280_arduino/hook/ament_prefix_path.ps1'
[3.206s] INFO:colcon.colcon_core.shell:Creating environment descriptor '/home/amin/cobot/cobot_ws/install/mycobot_280_arduino/share/mycobot_280_arduino/hook/ament_prefix_path.dsv'
[3.206s] INFO:colcon.colcon_core.shell:Creating environment hook '/home/amin/cobot/cobot_ws/install/mycobot_280_arduino/share/mycobot_280_arduino/hook/ament_prefix_path.sh'
[3.206s] INFO:colcon.colcon_core.shell:Skip shell extension 'powershell' for command environment: Not usable outside of PowerShell
[3.206s] DEBUG:colcon.colcon_core.shell:Skip shell extension 'dsv' for command environment
[3.517s] INFO:colcon.colcon_core.task.python.build:Building Python package in '/home/amin/cobot/cobot_ws/src/mycobot_ros2/mycobot_280/mycobot_280_arduino'
[3.518s] INFO:colcon.colcon_core.shell:Skip shell extension 'powershell' for command environment: Not usable outside of PowerShell
[3.518s] DEBUG:colcon.colcon_core.shell:Skip shell extension 'dsv' for command environment
[3.970s] Level 1:colcon.colcon_core.environment:checking '/home/amin/cobot/cobot_ws/install/mecharm_communication' for CMake module files
[3.971s] DEBUG:colcon.colcon_core.event_handler.log_command:Invoked command in '/home/amin/cobot/cobot_ws/src/mycobot_ros2/mecharm/mecharm_communication' returned '0': CMAKE_PREFIX_PATH=/home/amin/cobot/cobot_ws/install/mycobot_interfaces:/home/amin/cobot/cobot_ws/install/pro450_moveit2:/home/amin/cobot/cobot_ws/install/mypalletizer_interfaces:/home/amin/cobot/cobot_ws/install/mycobot_pro450_interfaces:/home/amin/cobot/cobot_ws/install/mycobot_280rdkx5_moveit2:/home/amin/cobot/cobot_ws/install/mycobot_280arduino_moveit2:/home/amin/cobot/cobot_ws/install/mycobot_280_moveit2:/home/amin/cobot/cobot_ws/install/mycobot_280_gazebo_jazzy:/home/amin/cobot/cobot_ws/install/mycobot_280_gazebo:/home/amin/cobot/cobot_ws/install/mecharm_interfaces:/opt/ros/jazzy/opt/gz_sim_vendor:/opt/ros/jazzy/opt/gz_sensors_vendor:/opt/ros/jazzy/opt/gz_physics_vendor:/opt/ros/jazzy/opt/sdformat_vendor:/opt/ros/jazzy/opt/gz_gui_vendor:/opt/ros/jazzy/opt/gz_transport_vendor:/opt/ros/jazzy/opt/gz_rendering_vendor:/opt/ros/jazzy/opt/gz_plugin_vendor:/opt/ros/jazzy/opt/gz_fuel_tools_vendor:/opt/ros/jazzy/opt/gz_msgs_vendor:/opt/ros/jazzy/opt/gz_common_vendor:/opt/ros/jazzy/opt/gz_math_vendor:/opt/ros/jazzy/opt/gz_utils_vendor:/opt/ros/jazzy/opt/gz_tools_vendor:/opt/ros/jazzy/opt/gz_ogre_next_vendor:/opt/ros/jazzy/opt/gz_dartsim_vendor:/opt/ros/jazzy/opt/gz_cmake_vendor DEBUGINFOD_URLS=https://debuginfod.ubuntu.com LD_LIBRARY_PATH=/home/amin/cobot/cobot_ws/install/mycobot_interfaces/lib:/home/amin/cobot/cobot_ws/install/mypalletizer_interfaces/lib:/home/amin/cobot/cobot_ws/install/mycobot_pro450_interfaces/lib:/home/amin/cobot/cobot_ws/install/mecharm_interfaces/lib:/opt/ros/jazzy/opt/gz_sim_vendor/lib:/opt/ros/jazzy/opt/gz_sensors_vendor/lib:/opt/ros/jazzy/opt/gz_physics_vendor/lib:/opt/ros/jazzy/opt/sdformat_vendor/lib:/opt/ros/jazzy/opt/rviz_ogre_vendor/lib:/opt/ros/jazzy/lib/x86_64-linux-gnu:/opt/ros/jazzy/opt/gz_gui_vendor/lib:/opt/ros/jazzy/opt/gz_transport_vendor/lib:/opt/ros/jazzy/opt/gz_rendering_vendor/lib:/opt/ros/jazzy/opt/gz_plugin_vendor/lib:/opt/ros/jazzy/opt/gz_fuel_tools_vendor/lib:/opt/ros/jazzy/opt/gz_msgs_vendor/lib:/opt/ros/jazzy/opt/gz_common_vendor/lib:/opt/ros/jazzy/opt/gz_math_vendor/lib:/opt/ros/jazzy/opt/gz_utils_vendor/lib:/opt/ros/jazzy/opt/gz_tools_vendor/lib:/opt/ros/jazzy/opt/gz_ogre_next_vendor/lib:/opt/ros/jazzy/opt/gz_dartsim_vendor/lib:/opt/ros/jazzy/opt/gz_cmake_vendor/lib:/opt/ros/jazzy/lib PYTHONPATH=/home/amin/cobot/cobot_ws/build/mecharm_communication/prefix_override:/usr/lib/python3/dist-packages/colcon_core/task/python/colcon_distutils_commands:/home/amin/cobot/cobot_ws/install/mecharm_communication/lib/python3.12/site-packages:/home/amin/cobot/cobot_ws/install/mycobot_interfaces/lib/python3.12/site-packages:/home/amin/cobot/cobot_ws/install/ultraarm/lib/python3.12/site-packages:/home/amin/cobot/cobot_ws/install/pro450_moveit2_control/lib/python3.12/site-packages:/home/amin/cobot/cobot_ws/install/mypalletizer_communication/lib/python3.12/site-packages:/home/amin/cobot/cobot_ws/install/mypalletizer_interfaces/lib/python3.12/site-packages:/home/amin/cobot/cobot_ws/install/mypalletizer_260_pi/lib/python3.12/site-packages:/home/amin/cobot/cobot_ws/install/mypalletizer_260/lib/python3.12/site-packages:/home/amin/cobot/cobot_ws/install/mycobot_pro_450/lib/python3.12/site-packages:/home/amin/cobot/cobot_ws/install/mycobot_pro450_interfaces/lib/python3.12/site-packages:/home/amin/cobot/cobot_ws/install/myarm_m750/lib/python3.12/site-packages:/home/amin/cobot/cobot_ws/install/myarm_c650/lib/python3.12/site-packages:/home/amin/cobot/cobot_ws/install/mycobot_communication/lib/python3.12/site-packages:/home/amin/cobot/cobot_ws/install/mecharm_communication/lib/python3.12/site-packages:/home/amin/cobot/cobot_ws/install/mycobot_630/lib/python3.12/site-packages:/home/amin/cobot/cobot_ws/install/mycobot_600/lib/python3.12/site-packages:/home/amin/cobot/cobot_ws/install/mycobot_320pi/lib/python3.12/site-packages:/home/amin/cobot/cobot_ws/install/mycobot_320_riscv/lib/python3.12/site-packages:/home/amin/cobot/cobot_ws/install/mycobot_320/lib/python3.12/site-packages:/home/amin/cobot/cobot_ws/install/mycobot_280pi/lib/python3.12/site-packages:/home/amin/cobot/cobot_ws/install/mycobot_280jn/lib/python3.12/site-packages:/home/amin/cobot/cobot_ws/install/mycobot_280_x3pi/lib/python3.12/site-packages:/home/amin/cobot/cobot_ws/install/mycobot_280_riscv/lib/python3.12/site-packages:/home/amin/cobot/cobot_ws/install/mycobot_280_rdkx5/lib/python3.12/site-packages:/home/amin/cobot/cobot_ws/install/mycobot_280_moveit2_control/lib/python3.12/site-packages:/home/amin/cobot/cobot_ws/install/mycobot_280_arduino/lib/python3.12/site-packages:/home/amin/cobot/cobot_ws/install/mycobot_280/lib/python3.12/site-packages:/home/amin/cobot/cobot_ws/install/mybuddy/lib/python3.12/site-packages:/home/amin/cobot/cobot_ws/install/myarm_300/lib/python3.12/site-packages:/home/amin/cobot/cobot_ws/install/mecharm_pi/lib/python3.12/site-packages:/home/amin/cobot/cobot_ws/install/mecharm/lib/python3.12/site-packages:/home/amin/cobot/cobot_ws/install/mycobot_description/lib/python3.12/site-packages:/home/amin/cobot/cobot_ws/install/mecharm_interfaces/lib/python3.12/site-packages:/opt/ros/jazzy/lib/python3.12/site-packages /usr/bin/python3 -W ignore:setup.py install is deprecated -W ignore:easy_install command is deprecated setup.py egg_info --egg-base ../../../../build/mecharm_communication build --build-base /home/amin/cobot/cobot_ws/build/mecharm_communication/build install --record /home/amin/cobot/cobot_ws/build/mecharm_communication/install.log --single-version-externally-managed install_data
[3.972s] Level 1:colcon.colcon_core.environment:checking '/home/amin/cobot/cobot_ws/install/mecharm_communication' for CMake config files
[3.973s] Level 1:colcon.colcon_core.environment:checking '/home/amin/cobot/cobot_ws/install/mecharm_communication/lib'
[3.973s] Level 1:colcon.colcon_core.environment:checking '/home/amin/cobot/cobot_ws/install/mecharm_communication/bin'
[3.973s] Level 1:colcon.colcon_core.environment:checking '/home/amin/cobot/cobot_ws/install/mecharm_communication/lib/pkgconfig/mecharm_communication.pc'
[3.974s] Level 1:colcon.colcon_core.environment:checking '/home/amin/cobot/cobot_ws/install/mecharm_communication/lib/python3.12/site-packages'
[3.974s] Level 1:colcon.colcon_core.shell:create_environment_hook('mecharm_communication', 'pythonpath')
[3.974s] INFO:colcon.colcon_core.shell:Creating environment hook '/home/amin/cobot/cobot_ws/install/mecharm_communication/share/mecharm_communication/hook/pythonpath.ps1'
[3.975s] INFO:colcon.colcon_core.shell:Creating environment descriptor '/home/amin/cobot/cobot_ws/install/mecharm_communication/share/mecharm_communication/hook/pythonpath.dsv'
[3.976s] INFO:colcon.colcon_core.shell:Creating environment hook '/home/amin/cobot/cobot_ws/install/mecharm_communication/share/mecharm_communication/hook/pythonpath.sh'
[3.977s] Level 1:colcon.colcon_core.environment:checking '/home/amin/cobot/cobot_ws/install/mecharm_communication/bin'
[3.977s] Level 1:colcon.colcon_core.environment:create_environment_scripts_only(mecharm_communication)
[3.978s] INFO:colcon.colcon_core.shell:Creating package script '/home/amin/cobot/cobot_ws/install/mecharm_communication/share/mecharm_communication/package.ps1'
[3.979s] INFO:colcon.colcon_core.shell:Creating package descriptor '/home/amin/cobot/cobot_ws/install/mecharm_communication/share/mecharm_communication/package.dsv'
[3.979s] INFO:colcon.colcon_core.shell:Creating package script '/home/amin/cobot/cobot_ws/install/mecharm_communication/share/mecharm_communication/package.sh'
[3.980s] INFO:colcon.colcon_core.shell:Creating package script '/home/amin/cobot/cobot_ws/install/mecharm_communication/share/mecharm_communication/package.bash'
[3.980s] INFO:colcon.colcon_core.shell:Creating package script '/home/amin/cobot/cobot_ws/install/mecharm_communication/share/mecharm_communication/package.zsh'
[3.981s] Level 1:colcon.colcon_core.environment:create_file_with_runtime_dependencies(/home/amin/cobot/cobot_ws/install/mecharm_communication/share/colcon-core/packages/mecharm_communication)
[3.981s] INFO:colcon.colcon_ros.task.ament_cmake.build:Building ROS package in '/home/amin/cobot/cobot_ws/src/mycobot_ros2/mycobot_280_gazebo' with build type 'ament_cmake'
[3.981s] INFO:colcon.colcon_cmake.task.cmake.build:Building CMake package in '/home/amin/cobot/cobot_ws/src/mycobot_ros2/mycobot_280_gazebo'
[3.982s] INFO:colcon.colcon_core.shell:Skip shell extension 'powershell' for command environment: Not usable outside of PowerShell
[3.985s] DEBUG:colcon.colcon_core.shell:Skip shell extension 'dsv' for command environment
[4.001s] Level 1:colcon.colcon_core.environment:checking '/home/amin/cobot/cobot_ws/install/mypalletizer_communication' for CMake module files
[4.003s] Level 1:colcon.colcon_core.environment:checking '/home/amin/cobot/cobot_ws/install/mypalletizer_communication' for CMake config files
[4.004s] Level 1:colcon.colcon_core.environment:checking '/home/amin/cobot/cobot_ws/install/mypalletizer_communication/lib'
[4.004s] Level 1:colcon.colcon_core.environment:checking '/home/amin/cobot/cobot_ws/install/mypalletizer_communication/bin'
[4.002s] DEBUG:colcon.colcon_core.event_handler.log_command:Invoked command in '/home/amin/cobot/cobot_ws/src/mycobot_ros2/mypalletizer_260/mypalletizer_communication' returned '0': CMAKE_PREFIX_PATH=/home/amin/cobot/cobot_ws/install/mypalletizer_interfaces:/home/amin/cobot/cobot_ws/install/pro450_moveit2:/home/amin/cobot/cobot_ws/install/mycobot_pro450_interfaces:/home/amin/cobot/cobot_ws/install/mycobot_interfaces:/home/amin/cobot/cobot_ws/install/mycobot_280rdkx5_moveit2:/home/amin/cobot/cobot_ws/install/mycobot_280arduino_moveit2:/home/amin/cobot/cobot_ws/install/mycobot_280_moveit2:/home/amin/cobot/cobot_ws/install/mycobot_280_gazebo_jazzy:/home/amin/cobot/cobot_ws/install/mycobot_280_gazebo:/home/amin/cobot/cobot_ws/install/mecharm_interfaces:/opt/ros/jazzy/opt/gz_sim_vendor:/opt/ros/jazzy/opt/gz_sensors_vendor:/opt/ros/jazzy/opt/gz_physics_vendor:/opt/ros/jazzy/opt/sdformat_vendor:/opt/ros/jazzy/opt/gz_gui_vendor:/opt/ros/jazzy/opt/gz_transport_vendor:/opt/ros/jazzy/opt/gz_rendering_vendor:/opt/ros/jazzy/opt/gz_plugin_vendor:/opt/ros/jazzy/opt/gz_fuel_tools_vendor:/opt/ros/jazzy/opt/gz_msgs_vendor:/opt/ros/jazzy/opt/gz_common_vendor:/opt/ros/jazzy/opt/gz_math_vendor:/opt/ros/jazzy/opt/gz_utils_vendor:/opt/ros/jazzy/opt/gz_tools_vendor:/opt/ros/jazzy/opt/gz_ogre_next_vendor:/opt/ros/jazzy/opt/gz_dartsim_vendor:/opt/ros/jazzy/opt/gz_cmake_vendor DEBUGINFOD_URLS=https://debuginfod.ubuntu.com PYTHONPATH=/home/amin/cobot/cobot_ws/build/mypalletizer_communication/prefix_override:/usr/lib/python3/dist-packages/colcon_core/task/python/colcon_distutils_commands:/home/amin/cobot/cobot_ws/install/mypalletizer_communication/lib/python3.12/site-packages:/home/amin/cobot/cobot_ws/install/mypalletizer_interfaces/lib/python3.12/site-packages:/home/amin/cobot/cobot_ws/install/ultraarm/lib/python3.12/site-packages:/home/amin/cobot/cobot_ws/install/pro450_moveit2_control/lib/python3.12/site-packages:/home/amin/cobot/cobot_ws/install/mypalletizer_communication/lib/python3.12/site-packages:/home/amin/cobot/cobot_ws/install/mypalletizer_260_pi/lib/python3.12/site-packages:/home/amin/cobot/cobot_ws/install/mypalletizer_260/lib/python3.12/site-packages:/home/amin/cobot/cobot_ws/install/mycobot_pro_450/lib/python3.12/site-packages:/home/amin/cobot/cobot_ws/install/mycobot_pro450_interfaces/lib/python3.12/site-packages:/home/amin/cobot/cobot_ws/install/myarm_m750/lib/python3.12/site-packages:/home/amin/cobot/cobot_ws/install/myarm_c650/lib/python3.12/site-packages:/home/amin/cobot/cobot_ws/install/mycobot_communication/lib/python3.12/site-packages:/home/amin/cobot/cobot_ws/install/mecharm_communication/lib/python3.12/site-packages:/home/amin/cobot/cobot_ws/install/mycobot_interfaces/lib/python3.12/site-packages:/home/amin/cobot/cobot_ws/install/mycobot_630/lib/python3.12/site-packages:/home/amin/cobot/cobot_ws/install/mycobot_600/lib/python3.12/site-packages:/home/amin/cobot/cobot_ws/install/mycobot_320pi/lib/python3.12/site-packages:/home/amin/cobot/cobot_ws/install/mycobot_320_riscv/lib/python3.12/site-packages:/home/amin/cobot/cobot_ws/install/mycobot_320/lib/python3.12/site-packages:/home/amin/cobot/cobot_ws/install/mycobot_280pi/lib/python3.12/site-packages:/home/amin/cobot/cobot_ws/install/mycobot_280jn/lib/python3.12/site-packages:/home/amin/cobot/cobot_ws/install/mycobot_280_x3pi/lib/python3.12/site-packages:/home/amin/cobot/cobot_ws/install/mycobot_280_riscv/lib/python3.12/site-packages:/home/amin/cobot/cobot_ws/install/mycobot_280_rdkx5/lib/python3.12/site-packages:/home/amin/cobot/cobot_ws/install/mycobot_280_moveit2_control/lib/python3.12/site-packages:/home/amin/cobot/cobot_ws/install/mycobot_280_arduino/lib/python3.12/site-packages:/home/amin/cobot/cobot_ws/install/mycobot_280/lib/python3.12/site-packages:/home/amin/cobot/cobot_ws/install/mybuddy/lib/python3.12/site-packages:/home/amin/cobot/cobot_ws/install/myarm_300/lib/python3.12/site-packages:/home/amin/cobot/cobot_ws/install/mecharm_pi/lib/python3.12/site-packages:/home/amin/cobot/cobot_ws/install/mecharm/lib/python3.12/site-packages:/home/amin/cobot/cobot_ws/install/mycobot_description/lib/python3.12/site-packages:/home/amin/cobot/cobot_ws/install/mecharm_interfaces/lib/python3.12/site-packages:/opt/ros/jazzy/lib/python3.12/site-packages /usr/bin/python3 -W ignore:setup.py install is deprecated -W ignore:easy_install command is deprecated setup.py egg_info --egg-base ../../../../build/mypalletizer_communication build --build-base /home/amin/cobot/cobot_ws/build/mypalletizer_communication/build install --record /home/amin/cobot/cobot_ws/build/mypalletizer_communication/install.log --single-version-externally-managed install_data
[4.005s] Level 1:colcon.colcon_core.environment:checking '/home/amin/cobot/cobot_ws/install/mypalletizer_communication/lib/pkgconfig/mypalletizer_communication.pc'
[4.006s] Level 1:colcon.colcon_core.environment:checking '/home/amin/cobot/cobot_ws/install/mypalletizer_communication/lib/python3.12/site-packages'
[4.006s] Level 1:colcon.colcon_core.shell:create_environment_hook('mypalletizer_communication', 'pythonpath')
[4.006s] INFO:colcon.colcon_core.shell:Creating environment hook '/home/amin/cobot/cobot_ws/install/mypalletizer_communication/share/mypalletizer_communication/hook/pythonpath.ps1'
[4.007s] INFO:colcon.colcon_core.shell:Creating environment descriptor '/home/amin/cobot/cobot_ws/install/mypalletizer_communication/share/mypalletizer_communication/hook/pythonpath.dsv'
[4.008s] INFO:colcon.colcon_core.shell:Creating environment hook '/home/amin/cobot/cobot_ws/install/mypalletizer_communication/share/mypalletizer_communication/hook/pythonpath.sh'
[4.010s] Level 1:colcon.colcon_core.environment:checking '/home/amin/cobot/cobot_ws/install/mypalletizer_communication/bin'
[4.010s] Level 1:colcon.colcon_core.environment:create_environment_scripts_only(mypalletizer_communication)
[4.010s] INFO:colcon.colcon_core.shell:Creating package script '/home/amin/cobot/cobot_ws/install/mypalletizer_communication/share/mypalletizer_communication/package.ps1'
[4.012s] INFO:colcon.colcon_core.shell:Creating package descriptor '/home/amin/cobot/cobot_ws/install/mypalletizer_communication/share/mypalletizer_communication/package.dsv'
[4.012s] INFO:colcon.colcon_core.shell:Creating package script '/home/amin/cobot/cobot_ws/install/mypalletizer_communication/share/mypalletizer_communication/package.sh'
[4.013s] INFO:colcon.colcon_core.shell:Creating package script '/home/amin/cobot/cobot_ws/install/mypalletizer_communication/share/mypalletizer_communication/package.bash'
[4.014s] INFO:colcon.colcon_core.shell:Creating package script '/home/amin/cobot/cobot_ws/install/mypalletizer_communication/share/mypalletizer_communication/package.zsh'
[4.014s] Level 1:colcon.colcon_core.environment:create_file_with_runtime_dependencies(/home/amin/cobot/cobot_ws/install/mypalletizer_communication/share/colcon-core/packages/mypalletizer_communication)
[4.016s] INFO:colcon.colcon_ros.task.ament_cmake.build:Building ROS package in '/home/amin/cobot/cobot_ws/src/mycobot_ros2/mycobot_280_gazebo_jazzy' with build type 'ament_cmake'
[4.017s] INFO:colcon.colcon_cmake.task.cmake.build:Building CMake package in '/home/amin/cobot/cobot_ws/src/mycobot_ros2/mycobot_280_gazebo_jazzy'
[4.017s] INFO:colcon.colcon_core.shell:Skip shell extension 'powershell' for command environment: Not usable outside of PowerShell
[4.018s] DEBUG:colcon.colcon_core.shell:Skip shell extension 'dsv' for command environment
[4.043s] DEBUG:colcon.colcon_core.event_handler.log_command:Invoking command in '/home/amin/cobot/cobot_ws/build/mycobot_280_gazebo': AMENT_PREFIX_PATH=/home/amin/cobot/cobot_ws/install/mycobot_description:/home/amin/cobot/cobot_ws/install/ultraarm:/home/amin/cobot/cobot_ws/install/pro450_moveit2_control:/home/amin/cobot/cobot_ws/install/pro450_moveit2:/home/amin/cobot/cobot_ws/install/mypalletizer_communication:/home/amin/cobot/cobot_ws/install/mypalletizer_interfaces:/home/amin/cobot/cobot_ws/install/mypalletizer_260_pi:/home/amin/cobot/cobot_ws/install/mypalletizer_260:/home/amin/cobot/cobot_ws/install/mycobot_pro_450:/home/amin/cobot/cobot_ws/install/mycobot_pro450_interfaces:/home/amin/cobot/cobot_ws/install/myarm_m750:/home/amin/cobot/cobot_ws/install/myarm_c650:/home/amin/cobot/cobot_ws/install/mycobot_communication:/home/amin/cobot/cobot_ws/install/mecharm_communication:/home/amin/cobot/cobot_ws/install/mycobot_interfaces:/home/amin/cobot/cobot_ws/install/mycobot_630:/home/amin/cobot/cobot_ws/install/mycobot_600:/home/amin/cobot/cobot_ws/install/mycobot_320pi:/home/amin/cobot/cobot_ws/install/mycobot_320_riscv:/home/amin/cobot/cobot_ws/install/mycobot_320:/home/amin/cobot/cobot_ws/install/mycobot_280rdkx5_moveit2:/home/amin/cobot/cobot_ws/install/mycobot_280pi:/home/amin/cobot/cobot_ws/install/mycobot_280jn:/home/amin/cobot/cobot_ws/install/mycobot_280arduino_moveit2:/home/amin/cobot/cobot_ws/install/mycobot_280_x3pi:/home/amin/cobot/cobot_ws/install/mycobot_280_riscv:/home/amin/cobot/cobot_ws/install/mycobot_280_rdkx5:/home/amin/cobot/cobot_ws/install/mycobot_280_moveit2_control:/home/amin/cobot/cobot_ws/install/mycobot_280_moveit2:/home/amin/cobot/cobot_ws/install/mycobot_280_gazebo_jazzy:/home/amin/cobot/cobot_ws/install/mycobot_280_gazebo:/home/amin/cobot/cobot_ws/install/mycobot_280_arduino:/home/amin/cobot/cobot_ws/install/mycobot_280:/home/amin/cobot/cobot_ws/install/mybuddy:/home/amin/cobot/cobot_ws/install/myarm_300:/home/amin/cobot/cobot_ws/install/mecharm_pi:/home/amin/cobot/cobot_ws/install/mecharm:/home/amin/cobot/cobot_ws/install/mecharm_interfaces:/opt/ros/jazzy CMAKE_PREFIX_PATH=${CMAKE_PREFIX_PATH}:/home/amin/cobot/cobot_ws/install/ultraarm:/home/amin/cobot/cobot_ws/install/pro450_moveit2_control:/home/amin/cobot/cobot_ws/install/mypalletizer_communication:/home/amin/cobot/cobot_ws/install/mypalletizer_260_pi:/home/amin/cobot/cobot_ws/install/mypalletizer_260:/home/amin/cobot/cobot_ws/install/mycobot_pro_450:/home/amin/cobot/cobot_ws/install/myarm_m750:/home/amin/cobot/cobot_ws/install/myarm_c650:/home/amin/cobot/cobot_ws/install/mycobot_communication:/home/amin/cobot/cobot_ws/install/mecharm_communication:/home/amin/cobot/cobot_ws/install/mycobot_630:/home/amin/cobot/cobot_ws/install/mycobot_600:/home/amin/cobot/cobot_ws/install/mycobot_320pi:/home/amin/cobot/cobot_ws/install/mycobot_320_riscv:/home/amin/cobot/cobot_ws/install/mycobot_320:/home/amin/cobot/cobot_ws/install/mycobot_280pi:/home/amin/cobot/cobot_ws/install/mycobot_280jn:/home/amin/cobot/cobot_ws/install/mycobot_280_x3pi:/home/amin/cobot/cobot_ws/install/mycobot_280_riscv:/home/amin/cobot/cobot_ws/install/mycobot_280_rdkx5:/home/amin/cobot/cobot_ws/install/mycobot_280_moveit2_control:/home/amin/cobot/cobot_ws/install/mycobot_280_arduino:/home/amin/cobot/cobot_ws/install/mycobot_280:/home/amin/cobot/cobot_ws/install/mybuddy:/home/amin/cobot/cobot_ws/install/myarm_300:/home/amin/cobot/cobot_ws/install/mecharm_pi:/home/amin/cobot/cobot_ws/install/mecharm:/home/amin/cobot/cobot_ws/install/mycobot_description:/opt/ros/jazzy DEBUGINFOD_URLS=https://debuginfod.ubuntu.com PYTHONPATH=/home/amin/cobot/cobot_ws/install/mycobot_description/lib/python3.12/site-packages:/home/amin/cobot/cobot_ws/install/ultraarm/lib/python3.12/site-packages:/home/amin/cobot/cobot_ws/install/pro450_moveit2_control/lib/python3.12/site-packages:/home/amin/cobot/cobot_ws/install/mypalletizer_communication/lib/python3.12/site-packages:/home/amin/cobot/cobot_ws/install/mypalletizer_interfaces/lib/python3.12/site-packages:/home/amin/cobot/cobot_ws/install/mypalletizer_260_pi/lib/python3.12/site-packages:/home/amin/cobot/cobot_ws/install/mypalletizer_260/lib/python3.12/site-packages:/home/amin/cobot/cobot_ws/install/mycobot_pro_450/lib/python3.12/site-packages:/home/amin/cobot/cobot_ws/install/mycobot_pro450_interfaces/lib/python3.12/site-packages:/home/amin/cobot/cobot_ws/install/myarm_m750/lib/python3.12/site-packages:/home/amin/cobot/cobot_ws/install/myarm_c650/lib/python3.12/site-packages:/home/amin/cobot/cobot_ws/install/mycobot_communication/lib/python3.12/site-packages:/home/amin/cobot/cobot_ws/install/mecharm_communication/lib/python3.12/site-packages:/home/amin/cobot/cobot_ws/install/mycobot_interfaces/lib/python3.12/site-packages:/home/amin/cobot/cobot_ws/install/mycobot_630/lib/python3.12/site-packages:/home/amin/cobot/cobot_ws/install/mycobot_600/lib/python3.12/site-packages:/home/amin/cobot/cobot_ws/install/mycobot_320pi/lib/python3.12/site-packages:/home/amin/cobot/cobot_ws/install/mycobot_320_riscv/lib/python3.12/site-packages:/home/amin/cobot/cobot_ws/install/mycobot_320/lib/python3.12/site-packages:/home/amin/cobot/cobot_ws/install/mycobot_280pi/lib/python3.12/site-packages:/home/amin/cobot/cobot_ws/install/mycobot_280jn/lib/python3.12/site-packages:/home/amin/cobot/cobot_ws/install/mycobot_280_x3pi/lib/python3.12/site-packages:/home/amin/cobot/cobot_ws/install/mycobot_280_riscv/lib/python3.12/site-packages:/home/amin/cobot/cobot_ws/install/mycobot_280_rdkx5/lib/python3.12/site-packages:/home/amin/cobot/cobot_ws/install/mycobot_280_moveit2_control/lib/python3.12/site-packages:/home/amin/cobot/cobot_ws/install/mycobot_280_arduino/lib/python3.12/site-packages:/home/amin/cobot/cobot_ws/install/mycobot_280/lib/python3.12/site-packages:/home/amin/cobot/cobot_ws/install/mybuddy/lib/python3.12/site-packages:/home/amin/cobot/cobot_ws/install/myarm_300/lib/python3.12/site-packages:/home/amin/cobot/cobot_ws/install/mecharm_pi/lib/python3.12/site-packages:/home/amin/cobot/cobot_ws/install/mecharm/lib/python3.12/site-packages:/home/amin/cobot/cobot_ws/install/mecharm_interfaces/lib/python3.12/site-packages:/opt/ros/jazzy/lib/python3.12/site-packages /usr/bin/cmake --build /home/amin/cobot/cobot_ws/build/mycobot_280_gazebo -- -j8 -l8
[4.044s] DEBUG:colcon.colcon_core.event_handler.log_command:Invoking command in '/home/amin/cobot/cobot_ws/build/mycobot_280_gazebo_jazzy': AMENT_PREFIX_PATH=/home/amin/cobot/cobot_ws/install/mycobot_description:/home/amin/cobot/cobot_ws/install/ultraarm:/home/amin/cobot/cobot_ws/install/pro450_moveit2_control:/home/amin/cobot/cobot_ws/install/pro450_moveit2:/home/amin/cobot/cobot_ws/install/mypalletizer_communication:/home/amin/cobot/cobot_ws/install/mypalletizer_interfaces:/home/amin/cobot/cobot_ws/install/mypalletizer_260_pi:/home/amin/cobot/cobot_ws/install/mypalletizer_260:/home/amin/cobot/cobot_ws/install/mycobot_pro_450:/home/amin/cobot/cobot_ws/install/mycobot_pro450_interfaces:/home/amin/cobot/cobot_ws/install/myarm_m750:/home/amin/cobot/cobot_ws/install/myarm_c650:/home/amin/cobot/cobot_ws/install/mycobot_communication:/home/amin/cobot/cobot_ws/install/mecharm_communication:/home/amin/cobot/cobot_ws/install/mycobot_interfaces:/home/amin/cobot/cobot_ws/install/mycobot_630:/home/amin/cobot/cobot_ws/install/mycobot_600:/home/amin/cobot/cobot_ws/install/mycobot_320pi:/home/amin/cobot/cobot_ws/install/mycobot_320_riscv:/home/amin/cobot/cobot_ws/install/mycobot_320:/home/amin/cobot/cobot_ws/install/mycobot_280rdkx5_moveit2:/home/amin/cobot/cobot_ws/install/mycobot_280pi:/home/amin/cobot/cobot_ws/install/mycobot_280jn:/home/amin/cobot/cobot_ws/install/mycobot_280arduino_moveit2:/home/amin/cobot/cobot_ws/install/mycobot_280_x3pi:/home/amin/cobot/cobot_ws/install/mycobot_280_riscv:/home/amin/cobot/cobot_ws/install/mycobot_280_rdkx5:/home/amin/cobot/cobot_ws/install/mycobot_280_moveit2_control:/home/amin/cobot/cobot_ws/install/mycobot_280_moveit2:/home/amin/cobot/cobot_ws/install/mycobot_280_gazebo_jazzy:/home/amin/cobot/cobot_ws/install/mycobot_280_gazebo:/home/amin/cobot/cobot_ws/install/mycobot_280_arduino:/home/amin/cobot/cobot_ws/install/mycobot_280:/home/amin/cobot/cobot_ws/install/mybuddy:/home/amin/cobot/cobot_ws/install/myarm_300:/home/amin/cobot/cobot_ws/install/mecharm_pi:/home/amin/cobot/cobot_ws/install/mecharm:/home/amin/cobot/cobot_ws/install/mecharm_interfaces:/opt/ros/jazzy CMAKE_PREFIX_PATH=${CMAKE_PREFIX_PATH}:/home/amin/cobot/cobot_ws/install/ultraarm:/home/amin/cobot/cobot_ws/install/pro450_moveit2_control:/home/amin/cobot/cobot_ws/install/mypalletizer_communication:/home/amin/cobot/cobot_ws/install/mypalletizer_260_pi:/home/amin/cobot/cobot_ws/install/mypalletizer_260:/home/amin/cobot/cobot_ws/install/mycobot_pro_450:/home/amin/cobot/cobot_ws/install/myarm_m750:/home/amin/cobot/cobot_ws/install/myarm_c650:/home/amin/cobot/cobot_ws/install/mycobot_communication:/home/amin/cobot/cobot_ws/install/mecharm_communication:/home/amin/cobot/cobot_ws/install/mycobot_630:/home/amin/cobot/cobot_ws/install/mycobot_600:/home/amin/cobot/cobot_ws/install/mycobot_320pi:/home/amin/cobot/cobot_ws/install/mycobot_320_riscv:/home/amin/cobot/cobot_ws/install/mycobot_320:/home/amin/cobot/cobot_ws/install/mycobot_280pi:/home/amin/cobot/cobot_ws/install/mycobot_280jn:/home/amin/cobot/cobot_ws/install/mycobot_280_x3pi:/home/amin/cobot/cobot_ws/install/mycobot_280_riscv:/home/amin/cobot/cobot_ws/install/mycobot_280_rdkx5:/home/amin/cobot/cobot_ws/install/mycobot_280_moveit2_control:/home/amin/cobot/cobot_ws/install/mycobot_280_arduino:/home/amin/cobot/cobot_ws/install/mycobot_280:/home/amin/cobot/cobot_ws/install/mybuddy:/home/amin/cobot/cobot_ws/install/myarm_300:/home/amin/cobot/cobot_ws/install/mecharm_pi:/home/amin/cobot/cobot_ws/install/mecharm:/home/amin/cobot/cobot_ws/install/mycobot_description:/opt/ros/jazzy DEBUGINFOD_URLS=https://debuginfod.ubuntu.com PYTHONPATH=/home/amin/cobot/cobot_ws/install/mycobot_description/lib/python3.12/site-packages:/home/amin/cobot/cobot_ws/install/ultraarm/lib/python3.12/site-packages:/home/amin/cobot/cobot_ws/install/pro450_moveit2_control/lib/python3.12/site-packages:/home/amin/cobot/cobot_ws/install/mypalletizer_communication/lib/python3.12/site-packages:/home/amin/cobot/cobot_ws/install/mypalletizer_interfaces/lib/python3.12/site-packages:/home/amin/cobot/cobot_ws/install/mypalletizer_260_pi/lib/python3.12/site-packages:/home/amin/cobot/cobot_ws/install/mypalletizer_260/lib/python3.12/site-packages:/home/amin/cobot/cobot_ws/install/mycobot_pro_450/lib/python3.12/site-packages:/home/amin/cobot/cobot_ws/install/mycobot_pro450_interfaces/lib/python3.12/site-packages:/home/amin/cobot/cobot_ws/install/myarm_m750/lib/python3.12/site-packages:/home/amin/cobot/cobot_ws/install/myarm_c650/lib/python3.12/site-packages:/home/amin/cobot/cobot_ws/install/mycobot_communication/lib/python3.12/site-packages:/home/amin/cobot/cobot_ws/install/mecharm_communication/lib/python3.12/site-packages:/home/amin/cobot/cobot_ws/install/mycobot_interfaces/lib/python3.12/site-packages:/home/amin/cobot/cobot_ws/install/mycobot_630/lib/python3.12/site-packages:/home/amin/cobot/cobot_ws/install/mycobot_600/lib/python3.12/site-packages:/home/amin/cobot/cobot_ws/install/mycobot_320pi/lib/python3.12/site-packages:/home/amin/cobot/cobot_ws/install/mycobot_320_riscv/lib/python3.12/site-packages:/home/amin/cobot/cobot_ws/install/mycobot_320/lib/python3.12/site-packages:/home/amin/cobot/cobot_ws/install/mycobot_280pi/lib/python3.12/site-packages:/home/amin/cobot/cobot_ws/install/mycobot_280jn/lib/python3.12/site-packages:/home/amin/cobot/cobot_ws/install/mycobot_280_x3pi/lib/python3.12/site-packages:/home/amin/cobot/cobot_ws/install/mycobot_280_riscv/lib/python3.12/site-packages:/home/amin/cobot/cobot_ws/install/mycobot_280_rdkx5/lib/python3.12/site-packages:/home/amin/cobot/cobot_ws/install/mycobot_280_moveit2_control/lib/python3.12/site-packages:/home/amin/cobot/cobot_ws/install/mycobot_280_arduino/lib/python3.12/site-packages:/home/amin/cobot/cobot_ws/install/mycobot_280/lib/python3.12/site-packages:/home/amin/cobot/cobot_ws/install/mybuddy/lib/python3.12/site-packages:/home/amin/cobot/cobot_ws/install/myarm_300/lib/python3.12/site-packages:/home/amin/cobot/cobot_ws/install/mecharm_pi/lib/python3.12/site-packages:/home/amin/cobot/cobot_ws/install/mecharm/lib/python3.12/site-packages:/home/amin/cobot/cobot_ws/install/mecharm_interfaces/lib/python3.12/site-packages:/opt/ros/jazzy/lib/python3.12/site-packages /usr/bin/cmake --build /home/amin/cobot/cobot_ws/build/mycobot_280_gazebo_jazzy -- -j8 -l8
[4.066s] DEBUG:colcon.colcon_core.event_handler.log_command:Invoking command in '/home/amin/cobot/cobot_ws/src/mycobot_ros2/myArm/myarm_300': AMENT_PREFIX_PATH=/home/amin/cobot/cobot_ws/install/mycobot_description:/home/amin/cobot/cobot_ws/install/ultraarm:/home/amin/cobot/cobot_ws/install/pro450_moveit2_control:/home/amin/cobot/cobot_ws/install/pro450_moveit2:/home/amin/cobot/cobot_ws/install/mypalletizer_communication:/home/amin/cobot/cobot_ws/install/mypalletizer_interfaces:/home/amin/cobot/cobot_ws/install/mypalletizer_260_pi:/home/amin/cobot/cobot_ws/install/mypalletizer_260:/home/amin/cobot/cobot_ws/install/mycobot_pro_450:/home/amin/cobot/cobot_ws/install/mycobot_pro450_interfaces:/home/amin/cobot/cobot_ws/install/myarm_m750:/home/amin/cobot/cobot_ws/install/myarm_c650:/home/amin/cobot/cobot_ws/install/mycobot_communication:/home/amin/cobot/cobot_ws/install/mecharm_communication:/home/amin/cobot/cobot_ws/install/mycobot_interfaces:/home/amin/cobot/cobot_ws/install/mycobot_630:/home/amin/cobot/cobot_ws/install/mycobot_600:/home/amin/cobot/cobot_ws/install/mycobot_320pi:/home/amin/cobot/cobot_ws/install/mycobot_320_riscv:/home/amin/cobot/cobot_ws/install/mycobot_320:/home/amin/cobot/cobot_ws/install/mycobot_280rdkx5_moveit2:/home/amin/cobot/cobot_ws/install/mycobot_280pi:/home/amin/cobot/cobot_ws/install/mycobot_280jn:/home/amin/cobot/cobot_ws/install/mycobot_280arduino_moveit2:/home/amin/cobot/cobot_ws/install/mycobot_280_x3pi:/home/amin/cobot/cobot_ws/install/mycobot_280_riscv:/home/amin/cobot/cobot_ws/install/mycobot_280_rdkx5:/home/amin/cobot/cobot_ws/install/mycobot_280_moveit2_control:/home/amin/cobot/cobot_ws/install/mycobot_280_moveit2:/home/amin/cobot/cobot_ws/install/mycobot_280_gazebo_jazzy:/home/amin/cobot/cobot_ws/install/mycobot_280_gazebo:/home/amin/cobot/cobot_ws/install/mycobot_280_arduino:/home/amin/cobot/cobot_ws/install/mycobot_280:/home/amin/cobot/cobot_ws/install/mybuddy:/home/amin/cobot/cobot_ws/install/myarm_300:/home/amin/cobot/cobot_ws/install/mecharm_pi:/home/amin/cobot/cobot_ws/install/mecharm:/home/amin/cobot/cobot_ws/install/mecharm_interfaces:/opt/ros/jazzy DEBUGINFOD_URLS=https://debuginfod.ubuntu.com PYTHONPATH=/home/amin/cobot/cobot_ws/build/myarm_300/prefix_override:/usr/lib/python3/dist-packages/colcon_core/task/python/colcon_distutils_commands:/home/amin/cobot/cobot_ws/install/myarm_300/lib/python3.12/site-packages:/home/amin/cobot/cobot_ws/install/mycobot_description/lib/python3.12/site-packages:/home/amin/cobot/cobot_ws/install/ultraarm/lib/python3.12/site-packages:/home/amin/cobot/cobot_ws/install/pro450_moveit2_control/lib/python3.12/site-packages:/home/amin/cobot/cobot_ws/install/mypalletizer_communication/lib/python3.12/site-packages:/home/amin/cobot/cobot_ws/install/mypalletizer_interfaces/lib/python3.12/site-packages:/home/amin/cobot/cobot_ws/install/mypalletizer_260_pi/lib/python3.12/site-packages:/home/amin/cobot/cobot_ws/install/mypalletizer_260/lib/python3.12/site-packages:/home/amin/cobot/cobot_ws/install/mycobot_pro_450/lib/python3.12/site-packages:/home/amin/cobot/cobot_ws/install/mycobot_pro450_interfaces/lib/python3.12/site-packages:/home/amin/cobot/cobot_ws/install/myarm_m750/lib/python3.12/site-packages:/home/amin/cobot/cobot_ws/install/myarm_c650/lib/python3.12/site-packages:/home/amin/cobot/cobot_ws/install/mycobot_communication/lib/python3.12/site-packages:/home/amin/cobot/cobot_ws/install/mecharm_communication/lib/python3.12/site-packages:/home/amin/cobot/cobot_ws/install/mycobot_interfaces/lib/python3.12/site-packages:/home/amin/cobot/cobot_ws/install/mycobot_630/lib/python3.12/site-packages:/home/amin/cobot/cobot_ws/install/mycobot_600/lib/python3.12/site-packages:/home/amin/cobot/cobot_ws/install/mycobot_320pi/lib/python3.12/site-packages:/home/amin/cobot/cobot_ws/install/mycobot_320_riscv/lib/python3.12/site-packages:/home/amin/cobot/cobot_ws/install/mycobot_320/lib/python3.12/site-packages:/home/amin/cobot/cobot_ws/install/mycobot_280pi/lib/python3.12/site-packages:/home/amin/cobot/cobot_ws/install/mycobot_280jn/lib/python3.12/site-packages:/home/amin/cobot/cobot_ws/install/mycobot_280_x3pi/lib/python3.12/site-packages:/home/amin/cobot/cobot_ws/install/mycobot_280_riscv/lib/python3.12/site-packages:/home/amin/cobot/cobot_ws/install/mycobot_280_rdkx5/lib/python3.12/site-packages:/home/amin/cobot/cobot_ws/install/mycobot_280_moveit2_control/lib/python3.12/site-packages:/home/amin/cobot/cobot_ws/install/mycobot_280_arduino/lib/python3.12/site-packages:/home/amin/cobot/cobot_ws/install/mycobot_280/lib/python3.12/site-packages:/home/amin/cobot/cobot_ws/install/mybuddy/lib/python3.12/site-packages:/home/amin/cobot/cobot_ws/install/myarm_300/lib/python3.12/site-packages:/home/amin/cobot/cobot_ws/install/mecharm_pi/lib/python3.12/site-packages:/home/amin/cobot/cobot_ws/install/mecharm/lib/python3.12/site-packages:/home/amin/cobot/cobot_ws/install/mecharm_interfaces/lib/python3.12/site-packages:/opt/ros/jazzy/lib/python3.12/site-packages /usr/bin/python3 -W ignore:setup.py install is deprecated -W ignore:easy_install command is deprecated setup.py egg_info --egg-base ../../../../build/myarm_300 build --build-base /home/amin/cobot/cobot_ws/build/myarm_300/build install --record /home/amin/cobot/cobot_ws/build/myarm_300/install.log --single-version-externally-managed install_data
[4.083s] DEBUG:colcon.colcon_core.event_handler.log_command:Invoking command in '/home/amin/cobot/cobot_ws/src/mycobot_ros2/mecharm/mecharm_pi': AMENT_PREFIX_PATH=/home/amin/cobot/cobot_ws/install/mycobot_description:/home/amin/cobot/cobot_ws/install/ultraarm:/home/amin/cobot/cobot_ws/install/pro450_moveit2_control:/home/amin/cobot/cobot_ws/install/pro450_moveit2:/home/amin/cobot/cobot_ws/install/mypalletizer_communication:/home/amin/cobot/cobot_ws/install/mypalletizer_interfaces:/home/amin/cobot/cobot_ws/install/mypalletizer_260_pi:/home/amin/cobot/cobot_ws/install/mypalletizer_260:/home/amin/cobot/cobot_ws/install/mycobot_pro_450:/home/amin/cobot/cobot_ws/install/mycobot_pro450_interfaces:/home/amin/cobot/cobot_ws/install/myarm_m750:/home/amin/cobot/cobot_ws/install/myarm_c650:/home/amin/cobot/cobot_ws/install/mycobot_communication:/home/amin/cobot/cobot_ws/install/mecharm_communication:/home/amin/cobot/cobot_ws/install/mycobot_interfaces:/home/amin/cobot/cobot_ws/install/mycobot_630:/home/amin/cobot/cobot_ws/install/mycobot_600:/home/amin/cobot/cobot_ws/install/mycobot_320pi:/home/amin/cobot/cobot_ws/install/mycobot_320_riscv:/home/amin/cobot/cobot_ws/install/mycobot_320:/home/amin/cobot/cobot_ws/install/mycobot_280rdkx5_moveit2:/home/amin/cobot/cobot_ws/install/mycobot_280pi:/home/amin/cobot/cobot_ws/install/mycobot_280jn:/home/amin/cobot/cobot_ws/install/mycobot_280arduino_moveit2:/home/amin/cobot/cobot_ws/install/mycobot_280_x3pi:/home/amin/cobot/cobot_ws/install/mycobot_280_riscv:/home/amin/cobot/cobot_ws/install/mycobot_280_rdkx5:/home/amin/cobot/cobot_ws/install/mycobot_280_moveit2_control:/home/amin/cobot/cobot_ws/install/mycobot_280_moveit2:/home/amin/cobot/cobot_ws/install/mycobot_280_gazebo_jazzy:/home/amin/cobot/cobot_ws/install/mycobot_280_gazebo:/home/amin/cobot/cobot_ws/install/mycobot_280_arduino:/home/amin/cobot/cobot_ws/install/mycobot_280:/home/amin/cobot/cobot_ws/install/mybuddy:/home/amin/cobot/cobot_ws/install/myarm_300:/home/amin/cobot/cobot_ws/install/mecharm_pi:/home/amin/cobot/cobot_ws/install/mecharm:/home/amin/cobot/cobot_ws/install/mecharm_interfaces:/opt/ros/jazzy DEBUGINFOD_URLS=https://debuginfod.ubuntu.com PYTHONPATH=/home/amin/cobot/cobot_ws/build/mecharm_pi/prefix_override:/usr/lib/python3/dist-packages/colcon_core/task/python/colcon_distutils_commands:/home/amin/cobot/cobot_ws/install/mecharm_pi/lib/python3.12/site-packages:/home/amin/cobot/cobot_ws/install/mycobot_description/lib/python3.12/site-packages:/home/amin/cobot/cobot_ws/install/ultraarm/lib/python3.12/site-packages:/home/amin/cobot/cobot_ws/install/pro450_moveit2_control/lib/python3.12/site-packages:/home/amin/cobot/cobot_ws/install/mypalletizer_communication/lib/python3.12/site-packages:/home/amin/cobot/cobot_ws/install/mypalletizer_interfaces/lib/python3.12/site-packages:/home/amin/cobot/cobot_ws/install/mypalletizer_260_pi/lib/python3.12/site-packages:/home/amin/cobot/cobot_ws/install/mypalletizer_260/lib/python3.12/site-packages:/home/amin/cobot/cobot_ws/install/mycobot_pro_450/lib/python3.12/site-packages:/home/amin/cobot/cobot_ws/install/mycobot_pro450_interfaces/lib/python3.12/site-packages:/home/amin/cobot/cobot_ws/install/myarm_m750/lib/python3.12/site-packages:/home/amin/cobot/cobot_ws/install/myarm_c650/lib/python3.12/site-packages:/home/amin/cobot/cobot_ws/install/mycobot_communication/lib/python3.12/site-packages:/home/amin/cobot/cobot_ws/install/mecharm_communication/lib/python3.12/site-packages:/home/amin/cobot/cobot_ws/install/mycobot_interfaces/lib/python3.12/site-packages:/home/amin/cobot/cobot_ws/install/mycobot_630/lib/python3.12/site-packages:/home/amin/cobot/cobot_ws/install/mycobot_600/lib/python3.12/site-packages:/home/amin/cobot/cobot_ws/install/mycobot_320pi/lib/python3.12/site-packages:/home/amin/cobot/cobot_ws/install/mycobot_320_riscv/lib/python3.12/site-packages:/home/amin/cobot/cobot_ws/install/mycobot_320/lib/python3.12/site-packages:/home/amin/cobot/cobot_ws/install/mycobot_280pi/lib/python3.12/site-packages:/home/amin/cobot/cobot_ws/install/mycobot_280jn/lib/python3.12/site-packages:/home/amin/cobot/cobot_ws/install/mycobot_280_x3pi/lib/python3.12/site-packages:/home/amin/cobot/cobot_ws/install/mycobot_280_riscv/lib/python3.12/site-packages:/home/amin/cobot/cobot_ws/install/mycobot_280_rdkx5/lib/python3.12/site-packages:/home/amin/cobot/cobot_ws/install/mycobot_280_moveit2_control/lib/python3.12/site-packages:/home/amin/cobot/cobot_ws/install/mycobot_280_arduino/lib/python3.12/site-packages:/home/amin/cobot/cobot_ws/install/mycobot_280/lib/python3.12/site-packages:/home/amin/cobot/cobot_ws/install/mybuddy/lib/python3.12/site-packages:/home/amin/cobot/cobot_ws/install/myarm_300/lib/python3.12/site-packages:/home/amin/cobot/cobot_ws/install/mecharm_pi/lib/python3.12/site-packages:/home/amin/cobot/cobot_ws/install/mecharm/lib/python3.12/site-packages:/home/amin/cobot/cobot_ws/install/mecharm_interfaces/lib/python3.12/site-packages:/opt/ros/jazzy/lib/python3.12/site-packages /usr/bin/python3 -W ignore:setup.py install is deprecated -W ignore:easy_install command is deprecated setup.py egg_info --egg-base ../../../../build/mecharm_pi build --build-base /home/amin/cobot/cobot_ws/build/mecharm_pi/build install --record /home/amin/cobot/cobot_ws/build/mecharm_pi/install.log --single-version-externally-managed install_data
[4.085s] DEBUG:colcon.colcon_core.event_handler.log_command:Invoking command in '/home/amin/cobot/cobot_ws/src/mycobot_ros2/mecharm/mecharm': AMENT_PREFIX_PATH=/home/amin/cobot/cobot_ws/install/mycobot_description:/home/amin/cobot/cobot_ws/install/ultraarm:/home/amin/cobot/cobot_ws/install/pro450_moveit2_control:/home/amin/cobot/cobot_ws/install/pro450_moveit2:/home/amin/cobot/cobot_ws/install/mypalletizer_communication:/home/amin/cobot/cobot_ws/install/mypalletizer_interfaces:/home/amin/cobot/cobot_ws/install/mypalletizer_260_pi:/home/amin/cobot/cobot_ws/install/mypalletizer_260:/home/amin/cobot/cobot_ws/install/mycobot_pro_450:/home/amin/cobot/cobot_ws/install/mycobot_pro450_interfaces:/home/amin/cobot/cobot_ws/install/myarm_m750:/home/amin/cobot/cobot_ws/install/myarm_c650:/home/amin/cobot/cobot_ws/install/mycobot_communication:/home/amin/cobot/cobot_ws/install/mecharm_communication:/home/amin/cobot/cobot_ws/install/mycobot_interfaces:/home/amin/cobot/cobot_ws/install/mycobot_630:/home/amin/cobot/cobot_ws/install/mycobot_600:/home/amin/cobot/cobot_ws/install/mycobot_320pi:/home/amin/cobot/cobot_ws/install/mycobot_320_riscv:/home/amin/cobot/cobot_ws/install/mycobot_320:/home/amin/cobot/cobot_ws/install/mycobot_280rdkx5_moveit2:/home/amin/cobot/cobot_ws/install/mycobot_280pi:/home/amin/cobot/cobot_ws/install/mycobot_280jn:/home/amin/cobot/cobot_ws/install/mycobot_280arduino_moveit2:/home/amin/cobot/cobot_ws/install/mycobot_280_x3pi:/home/amin/cobot/cobot_ws/install/mycobot_280_riscv:/home/amin/cobot/cobot_ws/install/mycobot_280_rdkx5:/home/amin/cobot/cobot_ws/install/mycobot_280_moveit2_control:/home/amin/cobot/cobot_ws/install/mycobot_280_moveit2:/home/amin/cobot/cobot_ws/install/mycobot_280_gazebo_jazzy:/home/amin/cobot/cobot_ws/install/mycobot_280_gazebo:/home/amin/cobot/cobot_ws/install/mycobot_280_arduino:/home/amin/cobot/cobot_ws/install/mycobot_280:/home/amin/cobot/cobot_ws/install/mybuddy:/home/amin/cobot/cobot_ws/install/myarm_300:/home/amin/cobot/cobot_ws/install/mecharm_pi:/home/amin/cobot/cobot_ws/install/mecharm:/home/amin/cobot/cobot_ws/install/mecharm_interfaces:/opt/ros/jazzy DEBUGINFOD_URLS=https://debuginfod.ubuntu.com PYTHONPATH=/home/amin/cobot/cobot_ws/build/mecharm/prefix_override:/usr/lib/python3/dist-packages/colcon_core/task/python/colcon_distutils_commands:/home/amin/cobot/cobot_ws/install/mecharm/lib/python3.12/site-packages:/home/amin/cobot/cobot_ws/install/mycobot_description/lib/python3.12/site-packages:/home/amin/cobot/cobot_ws/install/ultraarm/lib/python3.12/site-packages:/home/amin/cobot/cobot_ws/install/pro450_moveit2_control/lib/python3.12/site-packages:/home/amin/cobot/cobot_ws/install/mypalletizer_communication/lib/python3.12/site-packages:/home/amin/cobot/cobot_ws/install/mypalletizer_interfaces/lib/python3.12/site-packages:/home/amin/cobot/cobot_ws/install/mypalletizer_260_pi/lib/python3.12/site-packages:/home/amin/cobot/cobot_ws/install/mypalletizer_260/lib/python3.12/site-packages:/home/amin/cobot/cobot_ws/install/mycobot_pro_450/lib/python3.12/site-packages:/home/amin/cobot/cobot_ws/install/mycobot_pro450_interfaces/lib/python3.12/site-packages:/home/amin/cobot/cobot_ws/install/myarm_m750/lib/python3.12/site-packages:/home/amin/cobot/cobot_ws/install/myarm_c650/lib/python3.12/site-packages:/home/amin/cobot/cobot_ws/install/mycobot_communication/lib/python3.12/site-packages:/home/amin/cobot/cobot_ws/install/mecharm_communication/lib/python3.12/site-packages:/home/amin/cobot/cobot_ws/install/mycobot_interfaces/lib/python3.12/site-packages:/home/amin/cobot/cobot_ws/install/mycobot_630/lib/python3.12/site-packages:/home/amin/cobot/cobot_ws/install/mycobot_600/lib/python3.12/site-packages:/home/amin/cobot/cobot_ws/install/mycobot_320pi/lib/python3.12/site-packages:/home/amin/cobot/cobot_ws/install/mycobot_320_riscv/lib/python3.12/site-packages:/home/amin/cobot/cobot_ws/install/mycobot_320/lib/python3.12/site-packages:/home/amin/cobot/cobot_ws/install/mycobot_280pi/lib/python3.12/site-packages:/home/amin/cobot/cobot_ws/install/mycobot_280jn/lib/python3.12/site-packages:/home/amin/cobot/cobot_ws/install/mycobot_280_x3pi/lib/python3.12/site-packages:/home/amin/cobot/cobot_ws/install/mycobot_280_riscv/lib/python3.12/site-packages:/home/amin/cobot/cobot_ws/install/mycobot_280_rdkx5/lib/python3.12/site-packages:/home/amin/cobot/cobot_ws/install/mycobot_280_moveit2_control/lib/python3.12/site-packages:/home/amin/cobot/cobot_ws/install/mycobot_280_arduino/lib/python3.12/site-packages:/home/amin/cobot/cobot_ws/install/mycobot_280/lib/python3.12/site-packages:/home/amin/cobot/cobot_ws/install/mybuddy/lib/python3.12/site-packages:/home/amin/cobot/cobot_ws/install/myarm_300/lib/python3.12/site-packages:/home/amin/cobot/cobot_ws/install/mecharm_pi/lib/python3.12/site-packages:/home/amin/cobot/cobot_ws/install/mecharm/lib/python3.12/site-packages:/home/amin/cobot/cobot_ws/install/mecharm_interfaces/lib/python3.12/site-packages:/opt/ros/jazzy/lib/python3.12/site-packages /usr/bin/python3 -W ignore:setup.py install is deprecated -W ignore:easy_install command is deprecated setup.py egg_info --egg-base ../../../../build/mecharm build --build-base /home/amin/cobot/cobot_ws/build/mecharm/build install --record /home/amin/cobot/cobot_ws/build/mecharm/install.log --single-version-externally-managed install_data
[4.113s] DEBUG:colcon.colcon_core.event_handler.log_command:Invoking command in '/home/amin/cobot/cobot_ws/src/mycobot_ros2/mycobot_280/mycobot_280': AMENT_PREFIX_PATH=/home/amin/cobot/cobot_ws/install/mycobot_description:/home/amin/cobot/cobot_ws/install/ultraarm:/home/amin/cobot/cobot_ws/install/pro450_moveit2_control:/home/amin/cobot/cobot_ws/install/pro450_moveit2:/home/amin/cobot/cobot_ws/install/mypalletizer_communication:/home/amin/cobot/cobot_ws/install/mypalletizer_interfaces:/home/amin/cobot/cobot_ws/install/mypalletizer_260_pi:/home/amin/cobot/cobot_ws/install/mypalletizer_260:/home/amin/cobot/cobot_ws/install/mycobot_pro_450:/home/amin/cobot/cobot_ws/install/mycobot_pro450_interfaces:/home/amin/cobot/cobot_ws/install/myarm_m750:/home/amin/cobot/cobot_ws/install/myarm_c650:/home/amin/cobot/cobot_ws/install/mycobot_communication:/home/amin/cobot/cobot_ws/install/mecharm_communication:/home/amin/cobot/cobot_ws/install/mycobot_interfaces:/home/amin/cobot/cobot_ws/install/mycobot_630:/home/amin/cobot/cobot_ws/install/mycobot_600:/home/amin/cobot/cobot_ws/install/mycobot_320pi:/home/amin/cobot/cobot_ws/install/mycobot_320_riscv:/home/amin/cobot/cobot_ws/install/mycobot_320:/home/amin/cobot/cobot_ws/install/mycobot_280rdkx5_moveit2:/home/amin/cobot/cobot_ws/install/mycobot_280pi:/home/amin/cobot/cobot_ws/install/mycobot_280jn:/home/amin/cobot/cobot_ws/install/mycobot_280arduino_moveit2:/home/amin/cobot/cobot_ws/install/mycobot_280_x3pi:/home/amin/cobot/cobot_ws/install/mycobot_280_riscv:/home/amin/cobot/cobot_ws/install/mycobot_280_rdkx5:/home/amin/cobot/cobot_ws/install/mycobot_280_moveit2_control:/home/amin/cobot/cobot_ws/install/mycobot_280_moveit2:/home/amin/cobot/cobot_ws/install/mycobot_280_gazebo_jazzy:/home/amin/cobot/cobot_ws/install/mycobot_280_gazebo:/home/amin/cobot/cobot_ws/install/mycobot_280_arduino:/home/amin/cobot/cobot_ws/install/mycobot_280:/home/amin/cobot/cobot_ws/install/mybuddy:/home/amin/cobot/cobot_ws/install/myarm_300:/home/amin/cobot/cobot_ws/install/mecharm_pi:/home/amin/cobot/cobot_ws/install/mecharm:/home/amin/cobot/cobot_ws/install/mecharm_interfaces:/opt/ros/jazzy DEBUGINFOD_URLS=https://debuginfod.ubuntu.com PYTHONPATH=/home/amin/cobot/cobot_ws/build/mycobot_280/prefix_override:/usr/lib/python3/dist-packages/colcon_core/task/python/colcon_distutils_commands:/home/amin/cobot/cobot_ws/install/mycobot_280/lib/python3.12/site-packages:/home/amin/cobot/cobot_ws/install/mycobot_description/lib/python3.12/site-packages:/home/amin/cobot/cobot_ws/install/ultraarm/lib/python3.12/site-packages:/home/amin/cobot/cobot_ws/install/pro450_moveit2_control/lib/python3.12/site-packages:/home/amin/cobot/cobot_ws/install/mypalletizer_communication/lib/python3.12/site-packages:/home/amin/cobot/cobot_ws/install/mypalletizer_interfaces/lib/python3.12/site-packages:/home/amin/cobot/cobot_ws/install/mypalletizer_260_pi/lib/python3.12/site-packages:/home/amin/cobot/cobot_ws/install/mypalletizer_260/lib/python3.12/site-packages:/home/amin/cobot/cobot_ws/install/mycobot_pro_450/lib/python3.12/site-packages:/home/amin/cobot/cobot_ws/install/mycobot_pro450_interfaces/lib/python3.12/site-packages:/home/amin/cobot/cobot_ws/install/myarm_m750/lib/python3.12/site-packages:/home/amin/cobot/cobot_ws/install/myarm_c650/lib/python3.12/site-packages:/home/amin/cobot/cobot_ws/install/mycobot_communication/lib/python3.12/site-packages:/home/amin/cobot/cobot_ws/install/mecharm_communication/lib/python3.12/site-packages:/home/amin/cobot/cobot_ws/install/mycobot_interfaces/lib/python3.12/site-packages:/home/amin/cobot/cobot_ws/install/mycobot_630/lib/python3.12/site-packages:/home/amin/cobot/cobot_ws/install/mycobot_600/lib/python3.12/site-packages:/home/amin/cobot/cobot_ws/install/mycobot_320pi/lib/python3.12/site-packages:/home/amin/cobot/cobot_ws/install/mycobot_320_riscv/lib/python3.12/site-packages:/home/amin/cobot/cobot_ws/install/mycobot_320/lib/python3.12/site-packages:/home/amin/cobot/cobot_ws/install/mycobot_280pi/lib/python3.12/site-packages:/home/amin/cobot/cobot_ws/install/mycobot_280jn/lib/python3.12/site-packages:/home/amin/cobot/cobot_ws/install/mycobot_280_x3pi/lib/python3.12/site-packages:/home/amin/cobot/cobot_ws/install/mycobot_280_riscv/lib/python3.12/site-packages:/home/amin/cobot/cobot_ws/install/mycobot_280_rdkx5/lib/python3.12/site-packages:/home/amin/cobot/cobot_ws/install/mycobot_280_moveit2_control/lib/python3.12/site-packages:/home/amin/cobot/cobot_ws/install/mycobot_280_arduino/lib/python3.12/site-packages:/home/amin/cobot/cobot_ws/install/mycobot_280/lib/python3.12/site-packages:/home/amin/cobot/cobot_ws/install/mybuddy/lib/python3.12/site-packages:/home/amin/cobot/cobot_ws/install/myarm_300/lib/python3.12/site-packages:/home/amin/cobot/cobot_ws/install/mecharm_pi/lib/python3.12/site-packages:/home/amin/cobot/cobot_ws/install/mecharm/lib/python3.12/site-packages:/home/amin/cobot/cobot_ws/install/mecharm_interfaces/lib/python3.12/site-packages:/opt/ros/jazzy/lib/python3.12/site-packages /usr/bin/python3 -W ignore:setup.py install is deprecated -W ignore:easy_install command is deprecated setup.py egg_info --egg-base ../../../../build/mycobot_280 build --build-base /home/amin/cobot/cobot_ws/build/mycobot_280/build install --record /home/amin/cobot/cobot_ws/build/mycobot_280/install.log --single-version-externally-managed install_data
[4.114s] DEBUG:colcon.colcon_core.event_handler.log_command:Invoking command in '/home/amin/cobot/cobot_ws/src/mycobot_ros2/Mybuddy/mybuddy': AMENT_PREFIX_PATH=/home/amin/cobot/cobot_ws/install/mycobot_description:/home/amin/cobot/cobot_ws/install/ultraarm:/home/amin/cobot/cobot_ws/install/pro450_moveit2_control:/home/amin/cobot/cobot_ws/install/pro450_moveit2:/home/amin/cobot/cobot_ws/install/mypalletizer_communication:/home/amin/cobot/cobot_ws/install/mypalletizer_interfaces:/home/amin/cobot/cobot_ws/install/mypalletizer_260_pi:/home/amin/cobot/cobot_ws/install/mypalletizer_260:/home/amin/cobot/cobot_ws/install/mycobot_pro_450:/home/amin/cobot/cobot_ws/install/mycobot_pro450_interfaces:/home/amin/cobot/cobot_ws/install/myarm_m750:/home/amin/cobot/cobot_ws/install/myarm_c650:/home/amin/cobot/cobot_ws/install/mycobot_communication:/home/amin/cobot/cobot_ws/install/mecharm_communication:/home/amin/cobot/cobot_ws/install/mycobot_interfaces:/home/amin/cobot/cobot_ws/install/mycobot_630:/home/amin/cobot/cobot_ws/install/mycobot_600:/home/amin/cobot/cobot_ws/install/mycobot_320pi:/home/amin/cobot/cobot_ws/install/mycobot_320_riscv:/home/amin/cobot/cobot_ws/install/mycobot_320:/home/amin/cobot/cobot_ws/install/mycobot_280rdkx5_moveit2:/home/amin/cobot/cobot_ws/install/mycobot_280pi:/home/amin/cobot/cobot_ws/install/mycobot_280jn:/home/amin/cobot/cobot_ws/install/mycobot_280arduino_moveit2:/home/amin/cobot/cobot_ws/install/mycobot_280_x3pi:/home/amin/cobot/cobot_ws/install/mycobot_280_riscv:/home/amin/cobot/cobot_ws/install/mycobot_280_rdkx5:/home/amin/cobot/cobot_ws/install/mycobot_280_moveit2_control:/home/amin/cobot/cobot_ws/install/mycobot_280_moveit2:/home/amin/cobot/cobot_ws/install/mycobot_280_gazebo_jazzy:/home/amin/cobot/cobot_ws/install/mycobot_280_gazebo:/home/amin/cobot/cobot_ws/install/mycobot_280_arduino:/home/amin/cobot/cobot_ws/install/mycobot_280:/home/amin/cobot/cobot_ws/install/mybuddy:/home/amin/cobot/cobot_ws/install/myarm_300:/home/amin/cobot/cobot_ws/install/mecharm_pi:/home/amin/cobot/cobot_ws/install/mecharm:/home/amin/cobot/cobot_ws/install/mecharm_interfaces:/opt/ros/jazzy DEBUGINFOD_URLS=https://debuginfod.ubuntu.com PYTHONPATH=/home/amin/cobot/cobot_ws/build/mybuddy/prefix_override:/usr/lib/python3/dist-packages/colcon_core/task/python/colcon_distutils_commands:/home/amin/cobot/cobot_ws/install/mybuddy/lib/python3.12/site-packages:/home/amin/cobot/cobot_ws/install/mycobot_description/lib/python3.12/site-packages:/home/amin/cobot/cobot_ws/install/ultraarm/lib/python3.12/site-packages:/home/amin/cobot/cobot_ws/install/pro450_moveit2_control/lib/python3.12/site-packages:/home/amin/cobot/cobot_ws/install/mypalletizer_communication/lib/python3.12/site-packages:/home/amin/cobot/cobot_ws/install/mypalletizer_interfaces/lib/python3.12/site-packages:/home/amin/cobot/cobot_ws/install/mypalletizer_260_pi/lib/python3.12/site-packages:/home/amin/cobot/cobot_ws/install/mypalletizer_260/lib/python3.12/site-packages:/home/amin/cobot/cobot_ws/install/mycobot_pro_450/lib/python3.12/site-packages:/home/amin/cobot/cobot_ws/install/mycobot_pro450_interfaces/lib/python3.12/site-packages:/home/amin/cobot/cobot_ws/install/myarm_m750/lib/python3.12/site-packages:/home/amin/cobot/cobot_ws/install/myarm_c650/lib/python3.12/site-packages:/home/amin/cobot/cobot_ws/install/mycobot_communication/lib/python3.12/site-packages:/home/amin/cobot/cobot_ws/install/mecharm_communication/lib/python3.12/site-packages:/home/amin/cobot/cobot_ws/install/mycobot_interfaces/lib/python3.12/site-packages:/home/amin/cobot/cobot_ws/install/mycobot_630/lib/python3.12/site-packages:/home/amin/cobot/cobot_ws/install/mycobot_600/lib/python3.12/site-packages:/home/amin/cobot/cobot_ws/install/mycobot_320pi/lib/python3.12/site-packages:/home/amin/cobot/cobot_ws/install/mycobot_320_riscv/lib/python3.12/site-packages:/home/amin/cobot/cobot_ws/install/mycobot_320/lib/python3.12/site-packages:/home/amin/cobot/cobot_ws/install/mycobot_280pi/lib/python3.12/site-packages:/home/amin/cobot/cobot_ws/install/mycobot_280jn/lib/python3.12/site-packages:/home/amin/cobot/cobot_ws/install/mycobot_280_x3pi/lib/python3.12/site-packages:/home/amin/cobot/cobot_ws/install/mycobot_280_riscv/lib/python3.12/site-packages:/home/amin/cobot/cobot_ws/install/mycobot_280_rdkx5/lib/python3.12/site-packages:/home/amin/cobot/cobot_ws/install/mycobot_280_moveit2_control/lib/python3.12/site-packages:/home/amin/cobot/cobot_ws/install/mycobot_280_arduino/lib/python3.12/site-packages:/home/amin/cobot/cobot_ws/install/mycobot_280/lib/python3.12/site-packages:/home/amin/cobot/cobot_ws/install/mybuddy/lib/python3.12/site-packages:/home/amin/cobot/cobot_ws/install/myarm_300/lib/python3.12/site-packages:/home/amin/cobot/cobot_ws/install/mecharm_pi/lib/python3.12/site-packages:/home/amin/cobot/cobot_ws/install/mecharm/lib/python3.12/site-packages:/home/amin/cobot/cobot_ws/install/mecharm_interfaces/lib/python3.12/site-packages:/opt/ros/jazzy/lib/python3.12/site-packages /usr/bin/python3 -W ignore:setup.py install is deprecated -W ignore:easy_install command is deprecated setup.py egg_info --egg-base ../../../../build/mybuddy build --build-base /home/amin/cobot/cobot_ws/build/mybuddy/build install --record /home/amin/cobot/cobot_ws/build/mybuddy/install.log --single-version-externally-managed install_data
[4.115s] DEBUG:colcon.colcon_core.event_handler.log_command:Invoked command in '/home/amin/cobot/cobot_ws/build/mycobot_280_gazebo_jazzy' returned '0': AMENT_PREFIX_PATH=/home/amin/cobot/cobot_ws/install/mycobot_description:/home/amin/cobot/cobot_ws/install/ultraarm:/home/amin/cobot/cobot_ws/install/pro450_moveit2_control:/home/amin/cobot/cobot_ws/install/pro450_moveit2:/home/amin/cobot/cobot_ws/install/mypalletizer_communication:/home/amin/cobot/cobot_ws/install/mypalletizer_interfaces:/home/amin/cobot/cobot_ws/install/mypalletizer_260_pi:/home/amin/cobot/cobot_ws/install/mypalletizer_260:/home/amin/cobot/cobot_ws/install/mycobot_pro_450:/home/amin/cobot/cobot_ws/install/mycobot_pro450_interfaces:/home/amin/cobot/cobot_ws/install/myarm_m750:/home/amin/cobot/cobot_ws/install/myarm_c650:/home/amin/cobot/cobot_ws/install/mycobot_communication:/home/amin/cobot/cobot_ws/install/mecharm_communication:/home/amin/cobot/cobot_ws/install/mycobot_interfaces:/home/amin/cobot/cobot_ws/install/mycobot_630:/home/amin/cobot/cobot_ws/install/mycobot_600:/home/amin/cobot/cobot_ws/install/mycobot_320pi:/home/amin/cobot/cobot_ws/install/mycobot_320_riscv:/home/amin/cobot/cobot_ws/install/mycobot_320:/home/amin/cobot/cobot_ws/install/mycobot_280rdkx5_moveit2:/home/amin/cobot/cobot_ws/install/mycobot_280pi:/home/amin/cobot/cobot_ws/install/mycobot_280jn:/home/amin/cobot/cobot_ws/install/mycobot_280arduino_moveit2:/home/amin/cobot/cobot_ws/install/mycobot_280_x3pi:/home/amin/cobot/cobot_ws/install/mycobot_280_riscv:/home/amin/cobot/cobot_ws/install/mycobot_280_rdkx5:/home/amin/cobot/cobot_ws/install/mycobot_280_moveit2_control:/home/amin/cobot/cobot_ws/install/mycobot_280_moveit2:/home/amin/cobot/cobot_ws/install/mycobot_280_gazebo_jazzy:/home/amin/cobot/cobot_ws/install/mycobot_280_gazebo:/home/amin/cobot/cobot_ws/install/mycobot_280_arduino:/home/amin/cobot/cobot_ws/install/mycobot_280:/home/amin/cobot/cobot_ws/install/mybuddy:/home/amin/cobot/cobot_ws/install/myarm_300:/home/amin/cobot/cobot_ws/install/mecharm_pi:/home/amin/cobot/cobot_ws/install/mecharm:/home/amin/cobot/cobot_ws/install/mecharm_interfaces:/opt/ros/jazzy CMAKE_PREFIX_PATH=${CMAKE_PREFIX_PATH}:/home/amin/cobot/cobot_ws/install/ultraarm:/home/amin/cobot/cobot_ws/install/pro450_moveit2_control:/home/amin/cobot/cobot_ws/install/mypalletizer_communication:/home/amin/cobot/cobot_ws/install/mypalletizer_260_pi:/home/amin/cobot/cobot_ws/install/mypalletizer_260:/home/amin/cobot/cobot_ws/install/mycobot_pro_450:/home/amin/cobot/cobot_ws/install/myarm_m750:/home/amin/cobot/cobot_ws/install/myarm_c650:/home/amin/cobot/cobot_ws/install/mycobot_communication:/home/amin/cobot/cobot_ws/install/mecharm_communication:/home/amin/cobot/cobot_ws/install/mycobot_630:/home/amin/cobot/cobot_ws/install/mycobot_600:/home/amin/cobot/cobot_ws/install/mycobot_320pi:/home/amin/cobot/cobot_ws/install/mycobot_320_riscv:/home/amin/cobot/cobot_ws/install/mycobot_320:/home/amin/cobot/cobot_ws/install/mycobot_280pi:/home/amin/cobot/cobot_ws/install/mycobot_280jn:/home/amin/cobot/cobot_ws/install/mycobot_280_x3pi:/home/amin/cobot/cobot_ws/install/mycobot_280_riscv:/home/amin/cobot/cobot_ws/install/mycobot_280_rdkx5:/home/amin/cobot/cobot_ws/install/mycobot_280_moveit2_control:/home/amin/cobot/cobot_ws/install/mycobot_280_arduino:/home/amin/cobot/cobot_ws/install/mycobot_280:/home/amin/cobot/cobot_ws/install/mybuddy:/home/amin/cobot/cobot_ws/install/myarm_300:/home/amin/cobot/cobot_ws/install/mecharm_pi:/home/amin/cobot/cobot_ws/install/mecharm:/home/amin/cobot/cobot_ws/install/mycobot_description:/opt/ros/jazzy DEBUGINFOD_URLS=https://debuginfod.ubuntu.com PYTHONPATH=/home/amin/cobot/cobot_ws/install/mycobot_description/lib/python3.12/site-packages:/home/amin/cobot/cobot_ws/install/ultraarm/lib/python3.12/site-packages:/home/amin/cobot/cobot_ws/install/pro450_moveit2_control/lib/python3.12/site-packages:/home/amin/cobot/cobot_ws/install/mypalletizer_communication/lib/python3.12/site-packages:/home/amin/cobot/cobot_ws/install/mypalletizer_interfaces/lib/python3.12/site-packages:/home/amin/cobot/cobot_ws/install/mypalletizer_260_pi/lib/python3.12/site-packages:/home/amin/cobot/cobot_ws/install/mypalletizer_260/lib/python3.12/site-packages:/home/amin/cobot/cobot_ws/install/mycobot_pro_450/lib/python3.12/site-packages:/home/amin/cobot/cobot_ws/install/mycobot_pro450_interfaces/lib/python3.12/site-packages:/home/amin/cobot/cobot_ws/install/myarm_m750/lib/python3.12/site-packages:/home/amin/cobot/cobot_ws/install/myarm_c650/lib/python3.12/site-packages:/home/amin/cobot/cobot_ws/install/mycobot_communication/lib/python3.12/site-packages:/home/amin/cobot/cobot_ws/install/mecharm_communication/lib/python3.12/site-packages:/home/amin/cobot/cobot_ws/install/mycobot_interfaces/lib/python3.12/site-packages:/home/amin/cobot/cobot_ws/install/mycobot_630/lib/python3.12/site-packages:/home/amin/cobot/cobot_ws/install/mycobot_600/lib/python3.12/site-packages:/home/amin/cobot/cobot_ws/install/mycobot_320pi/lib/python3.12/site-packages:/home/amin/cobot/cobot_ws/install/mycobot_320_riscv/lib/python3.12/site-packages:/home/amin/cobot/cobot_ws/install/mycobot_320/lib/python3.12/site-packages:/home/amin/cobot/cobot_ws/install/mycobot_280pi/lib/python3.12/site-packages:/home/amin/cobot/cobot_ws/install/mycobot_280jn/lib/python3.12/site-packages:/home/amin/cobot/cobot_ws/install/mycobot_280_x3pi/lib/python3.12/site-packages:/home/amin/cobot/cobot_ws/install/mycobot_280_riscv/lib/python3.12/site-packages:/home/amin/cobot/cobot_ws/install/mycobot_280_rdkx5/lib/python3.12/site-packages:/home/amin/cobot/cobot_ws/install/mycobot_280_moveit2_control/lib/python3.12/site-packages:/home/amin/cobot/cobot_ws/install/mycobot_280_arduino/lib/python3.12/site-packages:/home/amin/cobot/cobot_ws/install/mycobot_280/lib/python3.12/site-packages:/home/amin/cobot/cobot_ws/install/mybuddy/lib/python3.12/site-packages:/home/amin/cobot/cobot_ws/install/myarm_300/lib/python3.12/site-packages:/home/amin/cobot/cobot_ws/install/mecharm_pi/lib/python3.12/site-packages:/home/amin/cobot/cobot_ws/install/mecharm/lib/python3.12/site-packages:/home/amin/cobot/cobot_ws/install/mecharm_interfaces/lib/python3.12/site-packages:/opt/ros/jazzy/lib/python3.12/site-packages /usr/bin/cmake --build /home/amin/cobot/cobot_ws/build/mycobot_280_gazebo_jazzy -- -j8 -l8
[4.116s] DEBUG:colcon.colcon_core.event_handler.log_command:Invoking command in '/home/amin/cobot/cobot_ws/build/mycobot_280_gazebo_jazzy': AMENT_PREFIX_PATH=/home/amin/cobot/cobot_ws/install/mycobot_description:/home/amin/cobot/cobot_ws/install/ultraarm:/home/amin/cobot/cobot_ws/install/pro450_moveit2_control:/home/amin/cobot/cobot_ws/install/pro450_moveit2:/home/amin/cobot/cobot_ws/install/mypalletizer_communication:/home/amin/cobot/cobot_ws/install/mypalletizer_interfaces:/home/amin/cobot/cobot_ws/install/mypalletizer_260_pi:/home/amin/cobot/cobot_ws/install/mypalletizer_260:/home/amin/cobot/cobot_ws/install/mycobot_pro_450:/home/amin/cobot/cobot_ws/install/mycobot_pro450_interfaces:/home/amin/cobot/cobot_ws/install/myarm_m750:/home/amin/cobot/cobot_ws/install/myarm_c650:/home/amin/cobot/cobot_ws/install/mycobot_communication:/home/amin/cobot/cobot_ws/install/mecharm_communication:/home/amin/cobot/cobot_ws/install/mycobot_interfaces:/home/amin/cobot/cobot_ws/install/mycobot_630:/home/amin/cobot/cobot_ws/install/mycobot_600:/home/amin/cobot/cobot_ws/install/mycobot_320pi:/home/amin/cobot/cobot_ws/install/mycobot_320_riscv:/home/amin/cobot/cobot_ws/install/mycobot_320:/home/amin/cobot/cobot_ws/install/mycobot_280rdkx5_moveit2:/home/amin/cobot/cobot_ws/install/mycobot_280pi:/home/amin/cobot/cobot_ws/install/mycobot_280jn:/home/amin/cobot/cobot_ws/install/mycobot_280arduino_moveit2:/home/amin/cobot/cobot_ws/install/mycobot_280_x3pi:/home/amin/cobot/cobot_ws/install/mycobot_280_riscv:/home/amin/cobot/cobot_ws/install/mycobot_280_rdkx5:/home/amin/cobot/cobot_ws/install/mycobot_280_moveit2_control:/home/amin/cobot/cobot_ws/install/mycobot_280_moveit2:/home/amin/cobot/cobot_ws/install/mycobot_280_gazebo_jazzy:/home/amin/cobot/cobot_ws/install/mycobot_280_gazebo:/home/amin/cobot/cobot_ws/install/mycobot_280_arduino:/home/amin/cobot/cobot_ws/install/mycobot_280:/home/amin/cobot/cobot_ws/install/mybuddy:/home/amin/cobot/cobot_ws/install/myarm_300:/home/amin/cobot/cobot_ws/install/mecharm_pi:/home/amin/cobot/cobot_ws/install/mecharm:/home/amin/cobot/cobot_ws/install/mecharm_interfaces:/opt/ros/jazzy CMAKE_PREFIX_PATH=${CMAKE_PREFIX_PATH}:/home/amin/cobot/cobot_ws/install/ultraarm:/home/amin/cobot/cobot_ws/install/pro450_moveit2_control:/home/amin/cobot/cobot_ws/install/mypalletizer_communication:/home/amin/cobot/cobot_ws/install/mypalletizer_260_pi:/home/amin/cobot/cobot_ws/install/mypalletizer_260:/home/amin/cobot/cobot_ws/install/mycobot_pro_450:/home/amin/cobot/cobot_ws/install/myarm_m750:/home/amin/cobot/cobot_ws/install/myarm_c650:/home/amin/cobot/cobot_ws/install/mycobot_communication:/home/amin/cobot/cobot_ws/install/mecharm_communication:/home/amin/cobot/cobot_ws/install/mycobot_630:/home/amin/cobot/cobot_ws/install/mycobot_600:/home/amin/cobot/cobot_ws/install/mycobot_320pi:/home/amin/cobot/cobot_ws/install/mycobot_320_riscv:/home/amin/cobot/cobot_ws/install/mycobot_320:/home/amin/cobot/cobot_ws/install/mycobot_280pi:/home/amin/cobot/cobot_ws/install/mycobot_280jn:/home/amin/cobot/cobot_ws/install/mycobot_280_x3pi:/home/amin/cobot/cobot_ws/install/mycobot_280_riscv:/home/amin/cobot/cobot_ws/install/mycobot_280_rdkx5:/home/amin/cobot/cobot_ws/install/mycobot_280_moveit2_control:/home/amin/cobot/cobot_ws/install/mycobot_280_arduino:/home/amin/cobot/cobot_ws/install/mycobot_280:/home/amin/cobot/cobot_ws/install/mybuddy:/home/amin/cobot/cobot_ws/install/myarm_300:/home/amin/cobot/cobot_ws/install/mecharm_pi:/home/amin/cobot/cobot_ws/install/mecharm:/home/amin/cobot/cobot_ws/install/mycobot_description:/opt/ros/jazzy DEBUGINFOD_URLS=https://debuginfod.ubuntu.com PYTHONPATH=/home/amin/cobot/cobot_ws/install/mycobot_description/lib/python3.12/site-packages:/home/amin/cobot/cobot_ws/install/ultraarm/lib/python3.12/site-packages:/home/amin/cobot/cobot_ws/install/pro450_moveit2_control/lib/python3.12/site-packages:/home/amin/cobot/cobot_ws/install/mypalletizer_communication/lib/python3.12/site-packages:/home/amin/cobot/cobot_ws/install/mypalletizer_interfaces/lib/python3.12/site-packages:/home/amin/cobot/cobot_ws/install/mypalletizer_260_pi/lib/python3.12/site-packages:/home/amin/cobot/cobot_ws/install/mypalletizer_260/lib/python3.12/site-packages:/home/amin/cobot/cobot_ws/install/mycobot_pro_450/lib/python3.12/site-packages:/home/amin/cobot/cobot_ws/install/mycobot_pro450_interfaces/lib/python3.12/site-packages:/home/amin/cobot/cobot_ws/install/myarm_m750/lib/python3.12/site-packages:/home/amin/cobot/cobot_ws/install/myarm_c650/lib/python3.12/site-packages:/home/amin/cobot/cobot_ws/install/mycobot_communication/lib/python3.12/site-packages:/home/amin/cobot/cobot_ws/install/mecharm_communication/lib/python3.12/site-packages:/home/amin/cobot/cobot_ws/install/mycobot_interfaces/lib/python3.12/site-packages:/home/amin/cobot/cobot_ws/install/mycobot_630/lib/python3.12/site-packages:/home/amin/cobot/cobot_ws/install/mycobot_600/lib/python3.12/site-packages:/home/amin/cobot/cobot_ws/install/mycobot_320pi/lib/python3.12/site-packages:/home/amin/cobot/cobot_ws/install/mycobot_320_riscv/lib/python3.12/site-packages:/home/amin/cobot/cobot_ws/install/mycobot_320/lib/python3.12/site-packages:/home/amin/cobot/cobot_ws/install/mycobot_280pi/lib/python3.12/site-packages:/home/amin/cobot/cobot_ws/install/mycobot_280jn/lib/python3.12/site-packages:/home/amin/cobot/cobot_ws/install/mycobot_280_x3pi/lib/python3.12/site-packages:/home/amin/cobot/cobot_ws/install/mycobot_280_riscv/lib/python3.12/site-packages:/home/amin/cobot/cobot_ws/install/mycobot_280_rdkx5/lib/python3.12/site-packages:/home/amin/cobot/cobot_ws/install/mycobot_280_moveit2_control/lib/python3.12/site-packages:/home/amin/cobot/cobot_ws/install/mycobot_280_arduino/lib/python3.12/site-packages:/home/amin/cobot/cobot_ws/install/mycobot_280/lib/python3.12/site-packages:/home/amin/cobot/cobot_ws/install/mybuddy/lib/python3.12/site-packages:/home/amin/cobot/cobot_ws/install/myarm_300/lib/python3.12/site-packages:/home/amin/cobot/cobot_ws/install/mecharm_pi/lib/python3.12/site-packages:/home/amin/cobot/cobot_ws/install/mecharm/lib/python3.12/site-packages:/home/amin/cobot/cobot_ws/install/mecharm_interfaces/lib/python3.12/site-packages:/opt/ros/jazzy/lib/python3.12/site-packages /usr/bin/cmake --install /home/amin/cobot/cobot_ws/build/mycobot_280_gazebo_jazzy
[4.116s] DEBUG:colcon.colcon_core.event_handler.log_command:Invoked command in '/home/amin/cobot/cobot_ws/build/mycobot_280_gazebo' returned '0': AMENT_PREFIX_PATH=/home/amin/cobot/cobot_ws/install/mycobot_description:/home/amin/cobot/cobot_ws/install/ultraarm:/home/amin/cobot/cobot_ws/install/pro450_moveit2_control:/home/amin/cobot/cobot_ws/install/pro450_moveit2:/home/amin/cobot/cobot_ws/install/mypalletizer_communication:/home/amin/cobot/cobot_ws/install/mypalletizer_interfaces:/home/amin/cobot/cobot_ws/install/mypalletizer_260_pi:/home/amin/cobot/cobot_ws/install/mypalletizer_260:/home/amin/cobot/cobot_ws/install/mycobot_pro_450:/home/amin/cobot/cobot_ws/install/mycobot_pro450_interfaces:/home/amin/cobot/cobot_ws/install/myarm_m750:/home/amin/cobot/cobot_ws/install/myarm_c650:/home/amin/cobot/cobot_ws/install/mycobot_communication:/home/amin/cobot/cobot_ws/install/mecharm_communication:/home/amin/cobot/cobot_ws/install/mycobot_interfaces:/home/amin/cobot/cobot_ws/install/mycobot_630:/home/amin/cobot/cobot_ws/install/mycobot_600:/home/amin/cobot/cobot_ws/install/mycobot_320pi:/home/amin/cobot/cobot_ws/install/mycobot_320_riscv:/home/amin/cobot/cobot_ws/install/mycobot_320:/home/amin/cobot/cobot_ws/install/mycobot_280rdkx5_moveit2:/home/amin/cobot/cobot_ws/install/mycobot_280pi:/home/amin/cobot/cobot_ws/install/mycobot_280jn:/home/amin/cobot/cobot_ws/install/mycobot_280arduino_moveit2:/home/amin/cobot/cobot_ws/install/mycobot_280_x3pi:/home/amin/cobot/cobot_ws/install/mycobot_280_riscv:/home/amin/cobot/cobot_ws/install/mycobot_280_rdkx5:/home/amin/cobot/cobot_ws/install/mycobot_280_moveit2_control:/home/amin/cobot/cobot_ws/install/mycobot_280_moveit2:/home/amin/cobot/cobot_ws/install/mycobot_280_gazebo_jazzy:/home/amin/cobot/cobot_ws/install/mycobot_280_gazebo:/home/amin/cobot/cobot_ws/install/mycobot_280_arduino:/home/amin/cobot/cobot_ws/install/mycobot_280:/home/amin/cobot/cobot_ws/install/mybuddy:/home/amin/cobot/cobot_ws/install/myarm_300:/home/amin/cobot/cobot_ws/install/mecharm_pi:/home/amin/cobot/cobot_ws/install/mecharm:/home/amin/cobot/cobot_ws/install/mecharm_interfaces:/opt/ros/jazzy CMAKE_PREFIX_PATH=${CMAKE_PREFIX_PATH}:/home/amin/cobot/cobot_ws/install/ultraarm:/home/amin/cobot/cobot_ws/install/pro450_moveit2_control:/home/amin/cobot/cobot_ws/install/mypalletizer_communication:/home/amin/cobot/cobot_ws/install/mypalletizer_260_pi:/home/amin/cobot/cobot_ws/install/mypalletizer_260:/home/amin/cobot/cobot_ws/install/mycobot_pro_450:/home/amin/cobot/cobot_ws/install/myarm_m750:/home/amin/cobot/cobot_ws/install/myarm_c650:/home/amin/cobot/cobot_ws/install/mycobot_communication:/home/amin/cobot/cobot_ws/install/mecharm_communication:/home/amin/cobot/cobot_ws/install/mycobot_630:/home/amin/cobot/cobot_ws/install/mycobot_600:/home/amin/cobot/cobot_ws/install/mycobot_320pi:/home/amin/cobot/cobot_ws/install/mycobot_320_riscv:/home/amin/cobot/cobot_ws/install/mycobot_320:/home/amin/cobot/cobot_ws/install/mycobot_280pi:/home/amin/cobot/cobot_ws/install/mycobot_280jn:/home/amin/cobot/cobot_ws/install/mycobot_280_x3pi:/home/amin/cobot/cobot_ws/install/mycobot_280_riscv:/home/amin/cobot/cobot_ws/install/mycobot_280_rdkx5:/home/amin/cobot/cobot_ws/install/mycobot_280_moveit2_control:/home/amin/cobot/cobot_ws/install/mycobot_280_arduino:/home/amin/cobot/cobot_ws/install/mycobot_280:/home/amin/cobot/cobot_ws/install/mybuddy:/home/amin/cobot/cobot_ws/install/myarm_300:/home/amin/cobot/cobot_ws/install/mecharm_pi:/home/amin/cobot/cobot_ws/install/mecharm:/home/amin/cobot/cobot_ws/install/mycobot_description:/opt/ros/jazzy DEBUGINFOD_URLS=https://debuginfod.ubuntu.com PYTHONPATH=/home/amin/cobot/cobot_ws/install/mycobot_description/lib/python3.12/site-packages:/home/amin/cobot/cobot_ws/install/ultraarm/lib/python3.12/site-packages:/home/amin/cobot/cobot_ws/install/pro450_moveit2_control/lib/python3.12/site-packages:/home/amin/cobot/cobot_ws/install/mypalletizer_communication/lib/python3.12/site-packages:/home/amin/cobot/cobot_ws/install/mypalletizer_interfaces/lib/python3.12/site-packages:/home/amin/cobot/cobot_ws/install/mypalletizer_260_pi/lib/python3.12/site-packages:/home/amin/cobot/cobot_ws/install/mypalletizer_260/lib/python3.12/site-packages:/home/amin/cobot/cobot_ws/install/mycobot_pro_450/lib/python3.12/site-packages:/home/amin/cobot/cobot_ws/install/mycobot_pro450_interfaces/lib/python3.12/site-packages:/home/amin/cobot/cobot_ws/install/myarm_m750/lib/python3.12/site-packages:/home/amin/cobot/cobot_ws/install/myarm_c650/lib/python3.12/site-packages:/home/amin/cobot/cobot_ws/install/mycobot_communication/lib/python3.12/site-packages:/home/amin/cobot/cobot_ws/install/mecharm_communication/lib/python3.12/site-packages:/home/amin/cobot/cobot_ws/install/mycobot_interfaces/lib/python3.12/site-packages:/home/amin/cobot/cobot_ws/install/mycobot_630/lib/python3.12/site-packages:/home/amin/cobot/cobot_ws/install/mycobot_600/lib/python3.12/site-packages:/home/amin/cobot/cobot_ws/install/mycobot_320pi/lib/python3.12/site-packages:/home/amin/cobot/cobot_ws/install/mycobot_320_riscv/lib/python3.12/site-packages:/home/amin/cobot/cobot_ws/install/mycobot_320/lib/python3.12/site-packages:/home/amin/cobot/cobot_ws/install/mycobot_280pi/lib/python3.12/site-packages:/home/amin/cobot/cobot_ws/install/mycobot_280jn/lib/python3.12/site-packages:/home/amin/cobot/cobot_ws/install/mycobot_280_x3pi/lib/python3.12/site-packages:/home/amin/cobot/cobot_ws/install/mycobot_280_riscv/lib/python3.12/site-packages:/home/amin/cobot/cobot_ws/install/mycobot_280_rdkx5/lib/python3.12/site-packages:/home/amin/cobot/cobot_ws/install/mycobot_280_moveit2_control/lib/python3.12/site-packages:/home/amin/cobot/cobot_ws/install/mycobot_280_arduino/lib/python3.12/site-packages:/home/amin/cobot/cobot_ws/install/mycobot_280/lib/python3.12/site-packages:/home/amin/cobot/cobot_ws/install/mybuddy/lib/python3.12/site-packages:/home/amin/cobot/cobot_ws/install/myarm_300/lib/python3.12/site-packages:/home/amin/cobot/cobot_ws/install/mecharm_pi/lib/python3.12/site-packages:/home/amin/cobot/cobot_ws/install/mecharm/lib/python3.12/site-packages:/home/amin/cobot/cobot_ws/install/mecharm_interfaces/lib/python3.12/site-packages:/opt/ros/jazzy/lib/python3.12/site-packages /usr/bin/cmake --build /home/amin/cobot/cobot_ws/build/mycobot_280_gazebo -- -j8 -l8
[4.119s] DEBUG:colcon.colcon_core.event_handler.log_command:Invoking command in '/home/amin/cobot/cobot_ws/build/mycobot_280_gazebo': AMENT_PREFIX_PATH=/home/amin/cobot/cobot_ws/install/mycobot_description:/home/amin/cobot/cobot_ws/install/ultraarm:/home/amin/cobot/cobot_ws/install/pro450_moveit2_control:/home/amin/cobot/cobot_ws/install/pro450_moveit2:/home/amin/cobot/cobot_ws/install/mypalletizer_communication:/home/amin/cobot/cobot_ws/install/mypalletizer_interfaces:/home/amin/cobot/cobot_ws/install/mypalletizer_260_pi:/home/amin/cobot/cobot_ws/install/mypalletizer_260:/home/amin/cobot/cobot_ws/install/mycobot_pro_450:/home/amin/cobot/cobot_ws/install/mycobot_pro450_interfaces:/home/amin/cobot/cobot_ws/install/myarm_m750:/home/amin/cobot/cobot_ws/install/myarm_c650:/home/amin/cobot/cobot_ws/install/mycobot_communication:/home/amin/cobot/cobot_ws/install/mecharm_communication:/home/amin/cobot/cobot_ws/install/mycobot_interfaces:/home/amin/cobot/cobot_ws/install/mycobot_630:/home/amin/cobot/cobot_ws/install/mycobot_600:/home/amin/cobot/cobot_ws/install/mycobot_320pi:/home/amin/cobot/cobot_ws/install/mycobot_320_riscv:/home/amin/cobot/cobot_ws/install/mycobot_320:/home/amin/cobot/cobot_ws/install/mycobot_280rdkx5_moveit2:/home/amin/cobot/cobot_ws/install/mycobot_280pi:/home/amin/cobot/cobot_ws/install/mycobot_280jn:/home/amin/cobot/cobot_ws/install/mycobot_280arduino_moveit2:/home/amin/cobot/cobot_ws/install/mycobot_280_x3pi:/home/amin/cobot/cobot_ws/install/mycobot_280_riscv:/home/amin/cobot/cobot_ws/install/mycobot_280_rdkx5:/home/amin/cobot/cobot_ws/install/mycobot_280_moveit2_control:/home/amin/cobot/cobot_ws/install/mycobot_280_moveit2:/home/amin/cobot/cobot_ws/install/mycobot_280_gazebo_jazzy:/home/amin/cobot/cobot_ws/install/mycobot_280_gazebo:/home/amin/cobot/cobot_ws/install/mycobot_280_arduino:/home/amin/cobot/cobot_ws/install/mycobot_280:/home/amin/cobot/cobot_ws/install/mybuddy:/home/amin/cobot/cobot_ws/install/myarm_300:/home/amin/cobot/cobot_ws/install/mecharm_pi:/home/amin/cobot/cobot_ws/install/mecharm:/home/amin/cobot/cobot_ws/install/mecharm_interfaces:/opt/ros/jazzy CMAKE_PREFIX_PATH=${CMAKE_PREFIX_PATH}:/home/amin/cobot/cobot_ws/install/ultraarm:/home/amin/cobot/cobot_ws/install/pro450_moveit2_control:/home/amin/cobot/cobot_ws/install/mypalletizer_communication:/home/amin/cobot/cobot_ws/install/mypalletizer_260_pi:/home/amin/cobot/cobot_ws/install/mypalletizer_260:/home/amin/cobot/cobot_ws/install/mycobot_pro_450:/home/amin/cobot/cobot_ws/install/myarm_m750:/home/amin/cobot/cobot_ws/install/myarm_c650:/home/amin/cobot/cobot_ws/install/mycobot_communication:/home/amin/cobot/cobot_ws/install/mecharm_communication:/home/amin/cobot/cobot_ws/install/mycobot_630:/home/amin/cobot/cobot_ws/install/mycobot_600:/home/amin/cobot/cobot_ws/install/mycobot_320pi:/home/amin/cobot/cobot_ws/install/mycobot_320_riscv:/home/amin/cobot/cobot_ws/install/mycobot_320:/home/amin/cobot/cobot_ws/install/mycobot_280pi:/home/amin/cobot/cobot_ws/install/mycobot_280jn:/home/amin/cobot/cobot_ws/install/mycobot_280_x3pi:/home/amin/cobot/cobot_ws/install/mycobot_280_riscv:/home/amin/cobot/cobot_ws/install/mycobot_280_rdkx5:/home/amin/cobot/cobot_ws/install/mycobot_280_moveit2_control:/home/amin/cobot/cobot_ws/install/mycobot_280_arduino:/home/amin/cobot/cobot_ws/install/mycobot_280:/home/amin/cobot/cobot_ws/install/mybuddy:/home/amin/cobot/cobot_ws/install/myarm_300:/home/amin/cobot/cobot_ws/install/mecharm_pi:/home/amin/cobot/cobot_ws/install/mecharm:/home/amin/cobot/cobot_ws/install/mycobot_description:/opt/ros/jazzy DEBUGINFOD_URLS=https://debuginfod.ubuntu.com PYTHONPATH=/home/amin/cobot/cobot_ws/install/mycobot_description/lib/python3.12/site-packages:/home/amin/cobot/cobot_ws/install/ultraarm/lib/python3.12/site-packages:/home/amin/cobot/cobot_ws/install/pro450_moveit2_control/lib/python3.12/site-packages:/home/amin/cobot/cobot_ws/install/mypalletizer_communication/lib/python3.12/site-packages:/home/amin/cobot/cobot_ws/install/mypalletizer_interfaces/lib/python3.12/site-packages:/home/amin/cobot/cobot_ws/install/mypalletizer_260_pi/lib/python3.12/site-packages:/home/amin/cobot/cobot_ws/install/mypalletizer_260/lib/python3.12/site-packages:/home/amin/cobot/cobot_ws/install/mycobot_pro_450/lib/python3.12/site-packages:/home/amin/cobot/cobot_ws/install/mycobot_pro450_interfaces/lib/python3.12/site-packages:/home/amin/cobot/cobot_ws/install/myarm_m750/lib/python3.12/site-packages:/home/amin/cobot/cobot_ws/install/myarm_c650/lib/python3.12/site-packages:/home/amin/cobot/cobot_ws/install/mycobot_communication/lib/python3.12/site-packages:/home/amin/cobot/cobot_ws/install/mecharm_communication/lib/python3.12/site-packages:/home/amin/cobot/cobot_ws/install/mycobot_interfaces/lib/python3.12/site-packages:/home/amin/cobot/cobot_ws/install/mycobot_630/lib/python3.12/site-packages:/home/amin/cobot/cobot_ws/install/mycobot_600/lib/python3.12/site-packages:/home/amin/cobot/cobot_ws/install/mycobot_320pi/lib/python3.12/site-packages:/home/amin/cobot/cobot_ws/install/mycobot_320_riscv/lib/python3.12/site-packages:/home/amin/cobot/cobot_ws/install/mycobot_320/lib/python3.12/site-packages:/home/amin/cobot/cobot_ws/install/mycobot_280pi/lib/python3.12/site-packages:/home/amin/cobot/cobot_ws/install/mycobot_280jn/lib/python3.12/site-packages:/home/amin/cobot/cobot_ws/install/mycobot_280_x3pi/lib/python3.12/site-packages:/home/amin/cobot/cobot_ws/install/mycobot_280_riscv/lib/python3.12/site-packages:/home/amin/cobot/cobot_ws/install/mycobot_280_rdkx5/lib/python3.12/site-packages:/home/amin/cobot/cobot_ws/install/mycobot_280_moveit2_control/lib/python3.12/site-packages:/home/amin/cobot/cobot_ws/install/mycobot_280_arduino/lib/python3.12/site-packages:/home/amin/cobot/cobot_ws/install/mycobot_280/lib/python3.12/site-packages:/home/amin/cobot/cobot_ws/install/mybuddy/lib/python3.12/site-packages:/home/amin/cobot/cobot_ws/install/myarm_300/lib/python3.12/site-packages:/home/amin/cobot/cobot_ws/install/mecharm_pi/lib/python3.12/site-packages:/home/amin/cobot/cobot_ws/install/mecharm/lib/python3.12/site-packages:/home/amin/cobot/cobot_ws/install/mecharm_interfaces/lib/python3.12/site-packages:/opt/ros/jazzy/lib/python3.12/site-packages /usr/bin/cmake --install /home/amin/cobot/cobot_ws/build/mycobot_280_gazebo
[4.139s] Level 1:colcon.colcon_core.environment:create_environment_scripts_only(mycobot_280_gazebo_jazzy)
[4.140s] Level 1:colcon.colcon_core.environment:checking '/home/amin/cobot/cobot_ws/install/mycobot_280_gazebo_jazzy' for CMake module files
[4.140s] Level 1:colcon.colcon_core.environment:checking '/home/amin/cobot/cobot_ws/install/mycobot_280_gazebo_jazzy' for CMake config files
[4.141s] Level 1:colcon.colcon_core.shell:create_environment_hook('mycobot_280_gazebo_jazzy', 'cmake_prefix_path')
[4.141s] INFO:colcon.colcon_core.shell:Creating environment hook '/home/amin/cobot/cobot_ws/install/mycobot_280_gazebo_jazzy/share/mycobot_280_gazebo_jazzy/hook/cmake_prefix_path.ps1'
[4.141s] INFO:colcon.colcon_core.shell:Creating environment descriptor '/home/amin/cobot/cobot_ws/install/mycobot_280_gazebo_jazzy/share/mycobot_280_gazebo_jazzy/hook/cmake_prefix_path.dsv'
[4.142s] INFO:colcon.colcon_core.shell:Creating environment hook '/home/amin/cobot/cobot_ws/install/mycobot_280_gazebo_jazzy/share/mycobot_280_gazebo_jazzy/hook/cmake_prefix_path.sh'
[4.142s] Level 1:colcon.colcon_core.environment:checking '/home/amin/cobot/cobot_ws/install/mycobot_280_gazebo_jazzy/bin'
[4.142s] Level 1:colcon.colcon_core.environment:checking '/home/amin/cobot/cobot_ws/install/mycobot_280_gazebo_jazzy/lib/pkgconfig/mycobot_280_gazebo_jazzy.pc'
[4.145s] Level 1:colcon.colcon_core.environment:checking '/home/amin/cobot/cobot_ws/install/mycobot_280_gazebo_jazzy/lib/python3.12/site-packages'
[4.149s] Level 1:colcon.colcon_core.environment:checking '/home/amin/cobot/cobot_ws/install/mycobot_280_gazebo_jazzy/bin'
[4.149s] INFO:colcon.colcon_core.shell:Creating package script '/home/amin/cobot/cobot_ws/install/mycobot_280_gazebo_jazzy/share/mycobot_280_gazebo_jazzy/package.ps1'
[4.150s] INFO:colcon.colcon_core.shell:Creating package descriptor '/home/amin/cobot/cobot_ws/install/mycobot_280_gazebo_jazzy/share/mycobot_280_gazebo_jazzy/package.dsv'
[4.150s] INFO:colcon.colcon_core.shell:Creating package script '/home/amin/cobot/cobot_ws/install/mycobot_280_gazebo_jazzy/share/mycobot_280_gazebo_jazzy/package.sh'
[4.150s] INFO:colcon.colcon_core.shell:Creating package script '/home/amin/cobot/cobot_ws/install/mycobot_280_gazebo_jazzy/share/mycobot_280_gazebo_jazzy/package.bash'
[4.151s] INFO:colcon.colcon_core.shell:Creating package script '/home/amin/cobot/cobot_ws/install/mycobot_280_gazebo_jazzy/share/mycobot_280_gazebo_jazzy/package.zsh'
[4.151s] Level 1:colcon.colcon_core.environment:create_file_with_runtime_dependencies(/home/amin/cobot/cobot_ws/install/mycobot_280_gazebo_jazzy/share/colcon-core/packages/mycobot_280_gazebo_jazzy)
[4.155s] Level 1:colcon.colcon_core.environment:create_environment_scripts_only(mycobot_280_gazebo_jazzy)
[4.158s] Level 1:colcon.colcon_core.environment:checking '/home/amin/cobot/cobot_ws/install/mycobot_280_gazebo_jazzy' for CMake module files
[4.158s] Level 1:colcon.colcon_core.environment:checking '/home/amin/cobot/cobot_ws/install/mycobot_280_gazebo_jazzy' for CMake config files
[4.158s] Level 1:colcon.colcon_core.shell:create_environment_hook('mycobot_280_gazebo_jazzy', 'cmake_prefix_path')
[4.159s] INFO:colcon.colcon_core.shell:Creating environment hook '/home/amin/cobot/cobot_ws/install/mycobot_280_gazebo_jazzy/share/mycobot_280_gazebo_jazzy/hook/cmake_prefix_path.ps1'
[4.159s] INFO:colcon.colcon_core.shell:Creating environment descriptor '/home/amin/cobot/cobot_ws/install/mycobot_280_gazebo_jazzy/share/mycobot_280_gazebo_jazzy/hook/cmake_prefix_path.dsv'
[4.159s] INFO:colcon.colcon_core.shell:Creating environment hook '/home/amin/cobot/cobot_ws/install/mycobot_280_gazebo_jazzy/share/mycobot_280_gazebo_jazzy/hook/cmake_prefix_path.sh'
[4.160s] Level 1:colcon.colcon_core.environment:checking '/home/amin/cobot/cobot_ws/install/mycobot_280_gazebo_jazzy/bin'
[4.160s] Level 1:colcon.colcon_core.environment:checking '/home/amin/cobot/cobot_ws/install/mycobot_280_gazebo_jazzy/lib/pkgconfig/mycobot_280_gazebo_jazzy.pc'
[4.160s] Level 1:colcon.colcon_core.environment:checking '/home/amin/cobot/cobot_ws/install/mycobot_280_gazebo_jazzy/lib/python3.12/site-packages'
[4.157s] DEBUG:colcon.colcon_core.event_handler.log_command:Invoked command in '/home/amin/cobot/cobot_ws/build/mycobot_280_gazebo_jazzy' returned '0': AMENT_PREFIX_PATH=/home/amin/cobot/cobot_ws/install/mycobot_description:/home/amin/cobot/cobot_ws/install/ultraarm:/home/amin/cobot/cobot_ws/install/pro450_moveit2_control:/home/amin/cobot/cobot_ws/install/pro450_moveit2:/home/amin/cobot/cobot_ws/install/mypalletizer_communication:/home/amin/cobot/cobot_ws/install/mypalletizer_interfaces:/home/amin/cobot/cobot_ws/install/mypalletizer_260_pi:/home/amin/cobot/cobot_ws/install/mypalletizer_260:/home/amin/cobot/cobot_ws/install/mycobot_pro_450:/home/amin/cobot/cobot_ws/install/mycobot_pro450_interfaces:/home/amin/cobot/cobot_ws/install/myarm_m750:/home/amin/cobot/cobot_ws/install/myarm_c650:/home/amin/cobot/cobot_ws/install/mycobot_communication:/home/amin/cobot/cobot_ws/install/mecharm_communication:/home/amin/cobot/cobot_ws/install/mycobot_interfaces:/home/amin/cobot/cobot_ws/install/mycobot_630:/home/amin/cobot/cobot_ws/install/mycobot_600:/home/amin/cobot/cobot_ws/install/mycobot_320pi:/home/amin/cobot/cobot_ws/install/mycobot_320_riscv:/home/amin/cobot/cobot_ws/install/mycobot_320:/home/amin/cobot/cobot_ws/install/mycobot_280rdkx5_moveit2:/home/amin/cobot/cobot_ws/install/mycobot_280pi:/home/amin/cobot/cobot_ws/install/mycobot_280jn:/home/amin/cobot/cobot_ws/install/mycobot_280arduino_moveit2:/home/amin/cobot/cobot_ws/install/mycobot_280_x3pi:/home/amin/cobot/cobot_ws/install/mycobot_280_riscv:/home/amin/cobot/cobot_ws/install/mycobot_280_rdkx5:/home/amin/cobot/cobot_ws/install/mycobot_280_moveit2_control:/home/amin/cobot/cobot_ws/install/mycobot_280_moveit2:/home/amin/cobot/cobot_ws/install/mycobot_280_gazebo_jazzy:/home/amin/cobot/cobot_ws/install/mycobot_280_gazebo:/home/amin/cobot/cobot_ws/install/mycobot_280_arduino:/home/amin/cobot/cobot_ws/install/mycobot_280:/home/amin/cobot/cobot_ws/install/mybuddy:/home/amin/cobot/cobot_ws/install/myarm_300:/home/amin/cobot/cobot_ws/install/mecharm_pi:/home/amin/cobot/cobot_ws/install/mecharm:/home/amin/cobot/cobot_ws/install/mecharm_interfaces:/opt/ros/jazzy CMAKE_PREFIX_PATH=${CMAKE_PREFIX_PATH}:/home/amin/cobot/cobot_ws/install/ultraarm:/home/amin/cobot/cobot_ws/install/pro450_moveit2_control:/home/amin/cobot/cobot_ws/install/mypalletizer_communication:/home/amin/cobot/cobot_ws/install/mypalletizer_260_pi:/home/amin/cobot/cobot_ws/install/mypalletizer_260:/home/amin/cobot/cobot_ws/install/mycobot_pro_450:/home/amin/cobot/cobot_ws/install/myarm_m750:/home/amin/cobot/cobot_ws/install/myarm_c650:/home/amin/cobot/cobot_ws/install/mycobot_communication:/home/amin/cobot/cobot_ws/install/mecharm_communication:/home/amin/cobot/cobot_ws/install/mycobot_630:/home/amin/cobot/cobot_ws/install/mycobot_600:/home/amin/cobot/cobot_ws/install/mycobot_320pi:/home/amin/cobot/cobot_ws/install/mycobot_320_riscv:/home/amin/cobot/cobot_ws/install/mycobot_320:/home/amin/cobot/cobot_ws/install/mycobot_280pi:/home/amin/cobot/cobot_ws/install/mycobot_280jn:/home/amin/cobot/cobot_ws/install/mycobot_280_x3pi:/home/amin/cobot/cobot_ws/install/mycobot_280_riscv:/home/amin/cobot/cobot_ws/install/mycobot_280_rdkx5:/home/amin/cobot/cobot_ws/install/mycobot_280_moveit2_control:/home/amin/cobot/cobot_ws/install/mycobot_280_arduino:/home/amin/cobot/cobot_ws/install/mycobot_280:/home/amin/cobot/cobot_ws/install/mybuddy:/home/amin/cobot/cobot_ws/install/myarm_300:/home/amin/cobot/cobot_ws/install/mecharm_pi:/home/amin/cobot/cobot_ws/install/mecharm:/home/amin/cobot/cobot_ws/install/mycobot_description:/opt/ros/jazzy DEBUGINFOD_URLS=https://debuginfod.ubuntu.com PYTHONPATH=/home/amin/cobot/cobot_ws/install/mycobot_description/lib/python3.12/site-packages:/home/amin/cobot/cobot_ws/install/ultraarm/lib/python3.12/site-packages:/home/amin/cobot/cobot_ws/install/pro450_moveit2_control/lib/python3.12/site-packages:/home/amin/cobot/cobot_ws/install/mypalletizer_communication/lib/python3.12/site-packages:/home/amin/cobot/cobot_ws/install/mypalletizer_interfaces/lib/python3.12/site-packages:/home/amin/cobot/cobot_ws/install/mypalletizer_260_pi/lib/python3.12/site-packages:/home/amin/cobot/cobot_ws/install/mypalletizer_260/lib/python3.12/site-packages:/home/amin/cobot/cobot_ws/install/mycobot_pro_450/lib/python3.12/site-packages:/home/amin/cobot/cobot_ws/install/mycobot_pro450_interfaces/lib/python3.12/site-packages:/home/amin/cobot/cobot_ws/install/myarm_m750/lib/python3.12/site-packages:/home/amin/cobot/cobot_ws/install/myarm_c650/lib/python3.12/site-packages:/home/amin/cobot/cobot_ws/install/mycobot_communication/lib/python3.12/site-packages:/home/amin/cobot/cobot_ws/install/mecharm_communication/lib/python3.12/site-packages:/home/amin/cobot/cobot_ws/install/mycobot_interfaces/lib/python3.12/site-packages:/home/amin/cobot/cobot_ws/install/mycobot_630/lib/python3.12/site-packages:/home/amin/cobot/cobot_ws/install/mycobot_600/lib/python3.12/site-packages:/home/amin/cobot/cobot_ws/install/mycobot_320pi/lib/python3.12/site-packages:/home/amin/cobot/cobot_ws/install/mycobot_320_riscv/lib/python3.12/site-packages:/home/amin/cobot/cobot_ws/install/mycobot_320/lib/python3.12/site-packages:/home/amin/cobot/cobot_ws/install/mycobot_280pi/lib/python3.12/site-packages:/home/amin/cobot/cobot_ws/install/mycobot_280jn/lib/python3.12/site-packages:/home/amin/cobot/cobot_ws/install/mycobot_280_x3pi/lib/python3.12/site-packages:/home/amin/cobot/cobot_ws/install/mycobot_280_riscv/lib/python3.12/site-packages:/home/amin/cobot/cobot_ws/install/mycobot_280_rdkx5/lib/python3.12/site-packages:/home/amin/cobot/cobot_ws/install/mycobot_280_moveit2_control/lib/python3.12/site-packages:/home/amin/cobot/cobot_ws/install/mycobot_280_arduino/lib/python3.12/site-packages:/home/amin/cobot/cobot_ws/install/mycobot_280/lib/python3.12/site-packages:/home/amin/cobot/cobot_ws/install/mybuddy/lib/python3.12/site-packages:/home/amin/cobot/cobot_ws/install/myarm_300/lib/python3.12/site-packages:/home/amin/cobot/cobot_ws/install/mecharm_pi/lib/python3.12/site-packages:/home/amin/cobot/cobot_ws/install/mecharm/lib/python3.12/site-packages:/home/amin/cobot/cobot_ws/install/mecharm_interfaces/lib/python3.12/site-packages:/opt/ros/jazzy/lib/python3.12/site-packages /usr/bin/cmake --install /home/amin/cobot/cobot_ws/build/mycobot_280_gazebo_jazzy
[4.161s] Level 1:colcon.colcon_core.environment:checking '/home/amin/cobot/cobot_ws/install/mycobot_280_gazebo_jazzy/bin'
[4.161s] INFO:colcon.colcon_core.shell:Creating package script '/home/amin/cobot/cobot_ws/install/mycobot_280_gazebo_jazzy/share/mycobot_280_gazebo_jazzy/package.ps1'
[4.162s] INFO:colcon.colcon_core.shell:Creating package descriptor '/home/amin/cobot/cobot_ws/install/mycobot_280_gazebo_jazzy/share/mycobot_280_gazebo_jazzy/package.dsv'
[4.164s] INFO:colcon.colcon_core.shell:Creating package script '/home/amin/cobot/cobot_ws/install/mycobot_280_gazebo_jazzy/share/mycobot_280_gazebo_jazzy/package.sh'
[4.164s] INFO:colcon.colcon_core.shell:Creating package script '/home/amin/cobot/cobot_ws/install/mycobot_280_gazebo_jazzy/share/mycobot_280_gazebo_jazzy/package.bash'
[4.164s] INFO:colcon.colcon_core.shell:Creating package script '/home/amin/cobot/cobot_ws/install/mycobot_280_gazebo_jazzy/share/mycobot_280_gazebo_jazzy/package.zsh'
[4.165s] Level 1:colcon.colcon_core.environment:create_file_with_runtime_dependencies(/home/amin/cobot/cobot_ws/install/mycobot_280_gazebo_jazzy/share/colcon-core/packages/mycobot_280_gazebo_jazzy)
[4.168s] INFO:colcon.colcon_ros.task.ament_cmake.build:Building ROS package in '/home/amin/cobot/cobot_ws/src/mycobot_ros2/mycobot_280/mycobot_280_moveit2' with build type 'ament_cmake'
[4.168s] INFO:colcon.colcon_cmake.task.cmake.build:Building CMake package in '/home/amin/cobot/cobot_ws/src/mycobot_ros2/mycobot_280/mycobot_280_moveit2'
[4.169s] INFO:colcon.colcon_core.shell:Skip shell extension 'powershell' for command environment: Not usable outside of PowerShell
[4.169s] DEBUG:colcon.colcon_core.shell:Skip shell extension 'dsv' for command environment
[4.177s] Level 1:colcon.colcon_core.environment:create_environment_scripts_only(mycobot_280_gazebo)
[4.177s] Level 1:colcon.colcon_core.environment:checking '/home/amin/cobot/cobot_ws/install/mycobot_280_gazebo' for CMake module files
[4.178s] Level 1:colcon.colcon_core.environment:checking '/home/amin/cobot/cobot_ws/install/mycobot_280_gazebo' for CMake config files
[4.178s] Level 1:colcon.colcon_core.shell:create_environment_hook('mycobot_280_gazebo', 'cmake_prefix_path')
[4.178s] INFO:colcon.colcon_core.shell:Creating environment hook '/home/amin/cobot/cobot_ws/install/mycobot_280_gazebo/share/mycobot_280_gazebo/hook/cmake_prefix_path.ps1'
[4.179s] DEBUG:colcon.colcon_core.event_handler.log_command:Invoked command in '/home/amin/cobot/cobot_ws/build/mycobot_280_gazebo' returned '0': AMENT_PREFIX_PATH=/home/amin/cobot/cobot_ws/install/mycobot_description:/home/amin/cobot/cobot_ws/install/ultraarm:/home/amin/cobot/cobot_ws/install/pro450_moveit2_control:/home/amin/cobot/cobot_ws/install/pro450_moveit2:/home/amin/cobot/cobot_ws/install/mypalletizer_communication:/home/amin/cobot/cobot_ws/install/mypalletizer_interfaces:/home/amin/cobot/cobot_ws/install/mypalletizer_260_pi:/home/amin/cobot/cobot_ws/install/mypalletizer_260:/home/amin/cobot/cobot_ws/install/mycobot_pro_450:/home/amin/cobot/cobot_ws/install/mycobot_pro450_interfaces:/home/amin/cobot/cobot_ws/install/myarm_m750:/home/amin/cobot/cobot_ws/install/myarm_c650:/home/amin/cobot/cobot_ws/install/mycobot_communication:/home/amin/cobot/cobot_ws/install/mecharm_communication:/home/amin/cobot/cobot_ws/install/mycobot_interfaces:/home/amin/cobot/cobot_ws/install/mycobot_630:/home/amin/cobot/cobot_ws/install/mycobot_600:/home/amin/cobot/cobot_ws/install/mycobot_320pi:/home/amin/cobot/cobot_ws/install/mycobot_320_riscv:/home/amin/cobot/cobot_ws/install/mycobot_320:/home/amin/cobot/cobot_ws/install/mycobot_280rdkx5_moveit2:/home/amin/cobot/cobot_ws/install/mycobot_280pi:/home/amin/cobot/cobot_ws/install/mycobot_280jn:/home/amin/cobot/cobot_ws/install/mycobot_280arduino_moveit2:/home/amin/cobot/cobot_ws/install/mycobot_280_x3pi:/home/amin/cobot/cobot_ws/install/mycobot_280_riscv:/home/amin/cobot/cobot_ws/install/mycobot_280_rdkx5:/home/amin/cobot/cobot_ws/install/mycobot_280_moveit2_control:/home/amin/cobot/cobot_ws/install/mycobot_280_moveit2:/home/amin/cobot/cobot_ws/install/mycobot_280_gazebo_jazzy:/home/amin/cobot/cobot_ws/install/mycobot_280_gazebo:/home/amin/cobot/cobot_ws/install/mycobot_280_arduino:/home/amin/cobot/cobot_ws/install/mycobot_280:/home/amin/cobot/cobot_ws/install/mybuddy:/home/amin/cobot/cobot_ws/install/myarm_300:/home/amin/cobot/cobot_ws/install/mecharm_pi:/home/amin/cobot/cobot_ws/install/mecharm:/home/amin/cobot/cobot_ws/install/mecharm_interfaces:/opt/ros/jazzy CMAKE_PREFIX_PATH=${CMAKE_PREFIX_PATH}:/home/amin/cobot/cobot_ws/install/ultraarm:/home/amin/cobot/cobot_ws/install/pro450_moveit2_control:/home/amin/cobot/cobot_ws/install/mypalletizer_communication:/home/amin/cobot/cobot_ws/install/mypalletizer_260_pi:/home/amin/cobot/cobot_ws/install/mypalletizer_260:/home/amin/cobot/cobot_ws/install/mycobot_pro_450:/home/amin/cobot/cobot_ws/install/myarm_m750:/home/amin/cobot/cobot_ws/install/myarm_c650:/home/amin/cobot/cobot_ws/install/mycobot_communication:/home/amin/cobot/cobot_ws/install/mecharm_communication:/home/amin/cobot/cobot_ws/install/mycobot_630:/home/amin/cobot/cobot_ws/install/mycobot_600:/home/amin/cobot/cobot_ws/install/mycobot_320pi:/home/amin/cobot/cobot_ws/install/mycobot_320_riscv:/home/amin/cobot/cobot_ws/install/mycobot_320:/home/amin/cobot/cobot_ws/install/mycobot_280pi:/home/amin/cobot/cobot_ws/install/mycobot_280jn:/home/amin/cobot/cobot_ws/install/mycobot_280_x3pi:/home/amin/cobot/cobot_ws/install/mycobot_280_riscv:/home/amin/cobot/cobot_ws/install/mycobot_280_rdkx5:/home/amin/cobot/cobot_ws/install/mycobot_280_moveit2_control:/home/amin/cobot/cobot_ws/install/mycobot_280_arduino:/home/amin/cobot/cobot_ws/install/mycobot_280:/home/amin/cobot/cobot_ws/install/mybuddy:/home/amin/cobot/cobot_ws/install/myarm_300:/home/amin/cobot/cobot_ws/install/mecharm_pi:/home/amin/cobot/cobot_ws/install/mecharm:/home/amin/cobot/cobot_ws/install/mycobot_description:/opt/ros/jazzy DEBUGINFOD_URLS=https://debuginfod.ubuntu.com PYTHONPATH=/home/amin/cobot/cobot_ws/install/mycobot_description/lib/python3.12/site-packages:/home/amin/cobot/cobot_ws/install/ultraarm/lib/python3.12/site-packages:/home/amin/cobot/cobot_ws/install/pro450_moveit2_control/lib/python3.12/site-packages:/home/amin/cobot/cobot_ws/install/mypalletizer_communication/lib/python3.12/site-packages:/home/amin/cobot/cobot_ws/install/mypalletizer_interfaces/lib/python3.12/site-packages:/home/amin/cobot/cobot_ws/install/mypalletizer_260_pi/lib/python3.12/site-packages:/home/amin/cobot/cobot_ws/install/mypalletizer_260/lib/python3.12/site-packages:/home/amin/cobot/cobot_ws/install/mycobot_pro_450/lib/python3.12/site-packages:/home/amin/cobot/cobot_ws/install/mycobot_pro450_interfaces/lib/python3.12/site-packages:/home/amin/cobot/cobot_ws/install/myarm_m750/lib/python3.12/site-packages:/home/amin/cobot/cobot_ws/install/myarm_c650/lib/python3.12/site-packages:/home/amin/cobot/cobot_ws/install/mycobot_communication/lib/python3.12/site-packages:/home/amin/cobot/cobot_ws/install/mecharm_communication/lib/python3.12/site-packages:/home/amin/cobot/cobot_ws/install/mycobot_interfaces/lib/python3.12/site-packages:/home/amin/cobot/cobot_ws/install/mycobot_630/lib/python3.12/site-packages:/home/amin/cobot/cobot_ws/install/mycobot_600/lib/python3.12/site-packages:/home/amin/cobot/cobot_ws/install/mycobot_320pi/lib/python3.12/site-packages:/home/amin/cobot/cobot_ws/install/mycobot_320_riscv/lib/python3.12/site-packages:/home/amin/cobot/cobot_ws/install/mycobot_320/lib/python3.12/site-packages:/home/amin/cobot/cobot_ws/install/mycobot_280pi/lib/python3.12/site-packages:/home/amin/cobot/cobot_ws/install/mycobot_280jn/lib/python3.12/site-packages:/home/amin/cobot/cobot_ws/install/mycobot_280_x3pi/lib/python3.12/site-packages:/home/amin/cobot/cobot_ws/install/mycobot_280_riscv/lib/python3.12/site-packages:/home/amin/cobot/cobot_ws/install/mycobot_280_rdkx5/lib/python3.12/site-packages:/home/amin/cobot/cobot_ws/install/mycobot_280_moveit2_control/lib/python3.12/site-packages:/home/amin/cobot/cobot_ws/install/mycobot_280_arduino/lib/python3.12/site-packages:/home/amin/cobot/cobot_ws/install/mycobot_280/lib/python3.12/site-packages:/home/amin/cobot/cobot_ws/install/mybuddy/lib/python3.12/site-packages:/home/amin/cobot/cobot_ws/install/myarm_300/lib/python3.12/site-packages:/home/amin/cobot/cobot_ws/install/mecharm_pi/lib/python3.12/site-packages:/home/amin/cobot/cobot_ws/install/mecharm/lib/python3.12/site-packages:/home/amin/cobot/cobot_ws/install/mecharm_interfaces/lib/python3.12/site-packages:/opt/ros/jazzy/lib/python3.12/site-packages /usr/bin/cmake --install /home/amin/cobot/cobot_ws/build/mycobot_280_gazebo
[4.179s] INFO:colcon.colcon_core.shell:Creating environment descriptor '/home/amin/cobot/cobot_ws/install/mycobot_280_gazebo/share/mycobot_280_gazebo/hook/cmake_prefix_path.dsv'
[4.179s] INFO:colcon.colcon_core.shell:Creating environment hook '/home/amin/cobot/cobot_ws/install/mycobot_280_gazebo/share/mycobot_280_gazebo/hook/cmake_prefix_path.sh'
[4.180s] Level 1:colcon.colcon_core.environment:checking '/home/amin/cobot/cobot_ws/install/mycobot_280_gazebo/lib'
[4.180s] Level 1:colcon.colcon_core.environment:checking '/home/amin/cobot/cobot_ws/install/mycobot_280_gazebo/bin'
[4.180s] Level 1:colcon.colcon_core.environment:checking '/home/amin/cobot/cobot_ws/install/mycobot_280_gazebo/lib/pkgconfig/mycobot_280_gazebo.pc'
[4.180s] Level 1:colcon.colcon_core.environment:checking '/home/amin/cobot/cobot_ws/install/mycobot_280_gazebo/lib/python3.12/site-packages'
[4.181s] Level 1:colcon.colcon_core.environment:checking '/home/amin/cobot/cobot_ws/install/mycobot_280_gazebo/bin'
[4.181s] INFO:colcon.colcon_core.shell:Creating package script '/home/amin/cobot/cobot_ws/install/mycobot_280_gazebo/share/mycobot_280_gazebo/package.ps1'
[4.184s] INFO:colcon.colcon_core.shell:Creating package descriptor '/home/amin/cobot/cobot_ws/install/mycobot_280_gazebo/share/mycobot_280_gazebo/package.dsv'
[4.184s] INFO:colcon.colcon_core.shell:Creating package script '/home/amin/cobot/cobot_ws/install/mycobot_280_gazebo/share/mycobot_280_gazebo/package.sh'
[4.184s] INFO:colcon.colcon_core.shell:Creating package script '/home/amin/cobot/cobot_ws/install/mycobot_280_gazebo/share/mycobot_280_gazebo/package.bash'
[4.185s] INFO:colcon.colcon_core.shell:Creating package script '/home/amin/cobot/cobot_ws/install/mycobot_280_gazebo/share/mycobot_280_gazebo/package.zsh'
[4.185s] Level 1:colcon.colcon_core.environment:create_file_with_runtime_dependencies(/home/amin/cobot/cobot_ws/install/mycobot_280_gazebo/share/colcon-core/packages/mycobot_280_gazebo)
[4.187s] Level 1:colcon.colcon_core.environment:create_environment_scripts_only(mycobot_280_gazebo)
[4.188s] Level 1:colcon.colcon_core.environment:checking '/home/amin/cobot/cobot_ws/install/mycobot_280_gazebo' for CMake module files
[4.189s] Level 1:colcon.colcon_core.environment:checking '/home/amin/cobot/cobot_ws/install/mycobot_280_gazebo' for CMake config files
[4.189s] Level 1:colcon.colcon_core.shell:create_environment_hook('mycobot_280_gazebo', 'cmake_prefix_path')
[4.190s] INFO:colcon.colcon_core.shell:Creating environment hook '/home/amin/cobot/cobot_ws/install/mycobot_280_gazebo/share/mycobot_280_gazebo/hook/cmake_prefix_path.ps1'
[4.190s] INFO:colcon.colcon_core.shell:Creating environment descriptor '/home/amin/cobot/cobot_ws/install/mycobot_280_gazebo/share/mycobot_280_gazebo/hook/cmake_prefix_path.dsv'
[4.191s] INFO:colcon.colcon_core.shell:Creating environment hook '/home/amin/cobot/cobot_ws/install/mycobot_280_gazebo/share/mycobot_280_gazebo/hook/cmake_prefix_path.sh'
[4.192s] Level 1:colcon.colcon_core.environment:checking '/home/amin/cobot/cobot_ws/install/mycobot_280_gazebo/lib'
[4.192s] Level 1:colcon.colcon_core.environment:checking '/home/amin/cobot/cobot_ws/install/mycobot_280_gazebo/bin'
[4.192s] Level 1:colcon.colcon_core.environment:checking '/home/amin/cobot/cobot_ws/install/mycobot_280_gazebo/lib/pkgconfig/mycobot_280_gazebo.pc'
[4.192s] Level 1:colcon.colcon_core.environment:checking '/home/amin/cobot/cobot_ws/install/mycobot_280_gazebo/lib/python3.12/site-packages'
[4.193s] Level 1:colcon.colcon_core.environment:checking '/home/amin/cobot/cobot_ws/install/mycobot_280_gazebo/bin'
[4.193s] INFO:colcon.colcon_core.shell:Creating package script '/home/amin/cobot/cobot_ws/install/mycobot_280_gazebo/share/mycobot_280_gazebo/package.ps1'
[4.193s] INFO:colcon.colcon_core.shell:Creating package descriptor '/home/amin/cobot/cobot_ws/install/mycobot_280_gazebo/share/mycobot_280_gazebo/package.dsv'
[4.194s] INFO:colcon.colcon_core.shell:Creating package script '/home/amin/cobot/cobot_ws/install/mycobot_280_gazebo/share/mycobot_280_gazebo/package.sh'
[4.194s] INFO:colcon.colcon_core.shell:Creating package script '/home/amin/cobot/cobot_ws/install/mycobot_280_gazebo/share/mycobot_280_gazebo/package.bash'
[4.195s] INFO:colcon.colcon_core.shell:Creating package script '/home/amin/cobot/cobot_ws/install/mycobot_280_gazebo/share/mycobot_280_gazebo/package.zsh'
[4.195s] Level 1:colcon.colcon_core.environment:create_file_with_runtime_dependencies(/home/amin/cobot/cobot_ws/install/mycobot_280_gazebo/share/colcon-core/packages/mycobot_280_gazebo)
[4.196s] INFO:colcon.colcon_ros.task.ament_python.build:Building ROS package in '/home/amin/cobot/cobot_ws/src/mycobot_ros2/mycobot_280/mycobot_280_moveit2_control' with build type 'ament_python'
[4.197s] Level 1:colcon.colcon_core.shell:create_environment_hook('mycobot_280_moveit2_control', 'ament_prefix_path')
[4.197s] INFO:colcon.colcon_core.shell:Creating environment hook '/home/amin/cobot/cobot_ws/install/mycobot_280_moveit2_control/share/mycobot_280_moveit2_control/hook/ament_prefix_path.ps1'
[4.197s] INFO:colcon.colcon_core.shell:Creating environment descriptor '/home/amin/cobot/cobot_ws/install/mycobot_280_moveit2_control/share/mycobot_280_moveit2_control/hook/ament_prefix_path.dsv'
[4.198s] INFO:colcon.colcon_core.shell:Creating environment hook '/home/amin/cobot/cobot_ws/install/mycobot_280_moveit2_control/share/mycobot_280_moveit2_control/hook/ament_prefix_path.sh'
[4.198s] INFO:colcon.colcon_core.shell:Skip shell extension 'powershell' for command environment: Not usable outside of PowerShell
[4.198s] DEBUG:colcon.colcon_core.shell:Skip shell extension 'dsv' for command environment
[4.207s] DEBUG:colcon.colcon_core.event_handler.log_command:Invoking command in '/home/amin/cobot/cobot_ws/build/mycobot_280_moveit2': AMENT_PREFIX_PATH=/home/amin/cobot/cobot_ws/install/mycobot_description:/home/amin/cobot/cobot_ws/install/ultraarm:/home/amin/cobot/cobot_ws/install/pro450_moveit2_control:/home/amin/cobot/cobot_ws/install/pro450_moveit2:/home/amin/cobot/cobot_ws/install/mypalletizer_communication:/home/amin/cobot/cobot_ws/install/mypalletizer_interfaces:/home/amin/cobot/cobot_ws/install/mypalletizer_260_pi:/home/amin/cobot/cobot_ws/install/mypalletizer_260:/home/amin/cobot/cobot_ws/install/mycobot_pro_450:/home/amin/cobot/cobot_ws/install/mycobot_pro450_interfaces:/home/amin/cobot/cobot_ws/install/myarm_m750:/home/amin/cobot/cobot_ws/install/myarm_c650:/home/amin/cobot/cobot_ws/install/mycobot_communication:/home/amin/cobot/cobot_ws/install/mecharm_communication:/home/amin/cobot/cobot_ws/install/mycobot_interfaces:/home/amin/cobot/cobot_ws/install/mycobot_630:/home/amin/cobot/cobot_ws/install/mycobot_600:/home/amin/cobot/cobot_ws/install/mycobot_320pi:/home/amin/cobot/cobot_ws/install/mycobot_320_riscv:/home/amin/cobot/cobot_ws/install/mycobot_320:/home/amin/cobot/cobot_ws/install/mycobot_280rdkx5_moveit2:/home/amin/cobot/cobot_ws/install/mycobot_280pi:/home/amin/cobot/cobot_ws/install/mycobot_280jn:/home/amin/cobot/cobot_ws/install/mycobot_280arduino_moveit2:/home/amin/cobot/cobot_ws/install/mycobot_280_x3pi:/home/amin/cobot/cobot_ws/install/mycobot_280_riscv:/home/amin/cobot/cobot_ws/install/mycobot_280_rdkx5:/home/amin/cobot/cobot_ws/install/mycobot_280_moveit2_control:/home/amin/cobot/cobot_ws/install/mycobot_280_moveit2:/home/amin/cobot/cobot_ws/install/mycobot_280_gazebo_jazzy:/home/amin/cobot/cobot_ws/install/mycobot_280_gazebo:/home/amin/cobot/cobot_ws/install/mycobot_280_arduino:/home/amin/cobot/cobot_ws/install/mycobot_280:/home/amin/cobot/cobot_ws/install/mybuddy:/home/amin/cobot/cobot_ws/install/myarm_300:/home/amin/cobot/cobot_ws/install/mecharm_pi:/home/amin/cobot/cobot_ws/install/mecharm:/home/amin/cobot/cobot_ws/install/mecharm_interfaces:/opt/ros/jazzy CMAKE_PREFIX_PATH=${CMAKE_PREFIX_PATH}:/home/amin/cobot/cobot_ws/install/ultraarm:/home/amin/cobot/cobot_ws/install/pro450_moveit2_control:/home/amin/cobot/cobot_ws/install/mypalletizer_communication:/home/amin/cobot/cobot_ws/install/mypalletizer_260_pi:/home/amin/cobot/cobot_ws/install/mypalletizer_260:/home/amin/cobot/cobot_ws/install/mycobot_pro_450:/home/amin/cobot/cobot_ws/install/myarm_m750:/home/amin/cobot/cobot_ws/install/myarm_c650:/home/amin/cobot/cobot_ws/install/mycobot_communication:/home/amin/cobot/cobot_ws/install/mecharm_communication:/home/amin/cobot/cobot_ws/install/mycobot_630:/home/amin/cobot/cobot_ws/install/mycobot_600:/home/amin/cobot/cobot_ws/install/mycobot_320pi:/home/amin/cobot/cobot_ws/install/mycobot_320_riscv:/home/amin/cobot/cobot_ws/install/mycobot_320:/home/amin/cobot/cobot_ws/install/mycobot_280pi:/home/amin/cobot/cobot_ws/install/mycobot_280jn:/home/amin/cobot/cobot_ws/install/mycobot_280_x3pi:/home/amin/cobot/cobot_ws/install/mycobot_280_riscv:/home/amin/cobot/cobot_ws/install/mycobot_280_rdkx5:/home/amin/cobot/cobot_ws/install/mycobot_280_moveit2_control:/home/amin/cobot/cobot_ws/install/mycobot_280_arduino:/home/amin/cobot/cobot_ws/install/mycobot_280:/home/amin/cobot/cobot_ws/install/mybuddy:/home/amin/cobot/cobot_ws/install/myarm_300:/home/amin/cobot/cobot_ws/install/mecharm_pi:/home/amin/cobot/cobot_ws/install/mecharm:/home/amin/cobot/cobot_ws/install/mycobot_description:/opt/ros/jazzy DEBUGINFOD_URLS=https://debuginfod.ubuntu.com PYTHONPATH=/home/amin/cobot/cobot_ws/install/mycobot_description/lib/python3.12/site-packages:/home/amin/cobot/cobot_ws/install/ultraarm/lib/python3.12/site-packages:/home/amin/cobot/cobot_ws/install/pro450_moveit2_control/lib/python3.12/site-packages:/home/amin/cobot/cobot_ws/install/mypalletizer_communication/lib/python3.12/site-packages:/home/amin/cobot/cobot_ws/install/mypalletizer_interfaces/lib/python3.12/site-packages:/home/amin/cobot/cobot_ws/install/mypalletizer_260_pi/lib/python3.12/site-packages:/home/amin/cobot/cobot_ws/install/mypalletizer_260/lib/python3.12/site-packages:/home/amin/cobot/cobot_ws/install/mycobot_pro_450/lib/python3.12/site-packages:/home/amin/cobot/cobot_ws/install/mycobot_pro450_interfaces/lib/python3.12/site-packages:/home/amin/cobot/cobot_ws/install/myarm_m750/lib/python3.12/site-packages:/home/amin/cobot/cobot_ws/install/myarm_c650/lib/python3.12/site-packages:/home/amin/cobot/cobot_ws/install/mycobot_communication/lib/python3.12/site-packages:/home/amin/cobot/cobot_ws/install/mecharm_communication/lib/python3.12/site-packages:/home/amin/cobot/cobot_ws/install/mycobot_interfaces/lib/python3.12/site-packages:/home/amin/cobot/cobot_ws/install/mycobot_630/lib/python3.12/site-packages:/home/amin/cobot/cobot_ws/install/mycobot_600/lib/python3.12/site-packages:/home/amin/cobot/cobot_ws/install/mycobot_320pi/lib/python3.12/site-packages:/home/amin/cobot/cobot_ws/install/mycobot_320_riscv/lib/python3.12/site-packages:/home/amin/cobot/cobot_ws/install/mycobot_320/lib/python3.12/site-packages:/home/amin/cobot/cobot_ws/install/mycobot_280pi/lib/python3.12/site-packages:/home/amin/cobot/cobot_ws/install/mycobot_280jn/lib/python3.12/site-packages:/home/amin/cobot/cobot_ws/install/mycobot_280_x3pi/lib/python3.12/site-packages:/home/amin/cobot/cobot_ws/install/mycobot_280_riscv/lib/python3.12/site-packages:/home/amin/cobot/cobot_ws/install/mycobot_280_rdkx5/lib/python3.12/site-packages:/home/amin/cobot/cobot_ws/install/mycobot_280_moveit2_control/lib/python3.12/site-packages:/home/amin/cobot/cobot_ws/install/mycobot_280_arduino/lib/python3.12/site-packages:/home/amin/cobot/cobot_ws/install/mycobot_280/lib/python3.12/site-packages:/home/amin/cobot/cobot_ws/install/mybuddy/lib/python3.12/site-packages:/home/amin/cobot/cobot_ws/install/myarm_300/lib/python3.12/site-packages:/home/amin/cobot/cobot_ws/install/mecharm_pi/lib/python3.12/site-packages:/home/amin/cobot/cobot_ws/install/mecharm/lib/python3.12/site-packages:/home/amin/cobot/cobot_ws/install/mecharm_interfaces/lib/python3.12/site-packages:/opt/ros/jazzy/lib/python3.12/site-packages /usr/bin/cmake --build /home/amin/cobot/cobot_ws/build/mycobot_280_moveit2 -- -j8 -l8
[4.500s] INFO:colcon.colcon_core.task.python.build:Building Python package in '/home/amin/cobot/cobot_ws/src/mycobot_ros2/mycobot_280/mycobot_280_moveit2_control'
[4.501s] INFO:colcon.colcon_core.shell:Skip shell extension 'powershell' for command environment: Not usable outside of PowerShell
[4.501s] DEBUG:colcon.colcon_core.shell:Skip shell extension 'dsv' for command environment
[4.512s] DEBUG:colcon.colcon_core.event_handler.log_command:Invoking command in '/home/amin/cobot/cobot_ws/src/mycobot_ros2/mycobot_280/mycobot_280_arduino': AMENT_PREFIX_PATH=/home/amin/cobot/cobot_ws/install/mycobot_description:/home/amin/cobot/cobot_ws/install/ultraarm:/home/amin/cobot/cobot_ws/install/pro450_moveit2_control:/home/amin/cobot/cobot_ws/install/pro450_moveit2:/home/amin/cobot/cobot_ws/install/mypalletizer_communication:/home/amin/cobot/cobot_ws/install/mypalletizer_interfaces:/home/amin/cobot/cobot_ws/install/mypalletizer_260_pi:/home/amin/cobot/cobot_ws/install/mypalletizer_260:/home/amin/cobot/cobot_ws/install/mycobot_pro_450:/home/amin/cobot/cobot_ws/install/mycobot_pro450_interfaces:/home/amin/cobot/cobot_ws/install/myarm_m750:/home/amin/cobot/cobot_ws/install/myarm_c650:/home/amin/cobot/cobot_ws/install/mycobot_communication:/home/amin/cobot/cobot_ws/install/mecharm_communication:/home/amin/cobot/cobot_ws/install/mycobot_interfaces:/home/amin/cobot/cobot_ws/install/mycobot_630:/home/amin/cobot/cobot_ws/install/mycobot_600:/home/amin/cobot/cobot_ws/install/mycobot_320pi:/home/amin/cobot/cobot_ws/install/mycobot_320_riscv:/home/amin/cobot/cobot_ws/install/mycobot_320:/home/amin/cobot/cobot_ws/install/mycobot_280rdkx5_moveit2:/home/amin/cobot/cobot_ws/install/mycobot_280pi:/home/amin/cobot/cobot_ws/install/mycobot_280jn:/home/amin/cobot/cobot_ws/install/mycobot_280arduino_moveit2:/home/amin/cobot/cobot_ws/install/mycobot_280_x3pi:/home/amin/cobot/cobot_ws/install/mycobot_280_riscv:/home/amin/cobot/cobot_ws/install/mycobot_280_rdkx5:/home/amin/cobot/cobot_ws/install/mycobot_280_moveit2_control:/home/amin/cobot/cobot_ws/install/mycobot_280_moveit2:/home/amin/cobot/cobot_ws/install/mycobot_280_gazebo_jazzy:/home/amin/cobot/cobot_ws/install/mycobot_280_gazebo:/home/amin/cobot/cobot_ws/install/mycobot_280_arduino:/home/amin/cobot/cobot_ws/install/mycobot_280:/home/amin/cobot/cobot_ws/install/mybuddy:/home/amin/cobot/cobot_ws/install/myarm_300:/home/amin/cobot/cobot_ws/install/mecharm_pi:/home/amin/cobot/cobot_ws/install/mecharm:/home/amin/cobot/cobot_ws/install/mecharm_interfaces:/opt/ros/jazzy DEBUGINFOD_URLS=https://debuginfod.ubuntu.com PYTHONPATH=/home/amin/cobot/cobot_ws/build/mycobot_280_arduino/prefix_override:/usr/lib/python3/dist-packages/colcon_core/task/python/colcon_distutils_commands:/home/amin/cobot/cobot_ws/install/mycobot_280_arduino/lib/python3.12/site-packages:/home/amin/cobot/cobot_ws/install/mycobot_description/lib/python3.12/site-packages:/home/amin/cobot/cobot_ws/install/ultraarm/lib/python3.12/site-packages:/home/amin/cobot/cobot_ws/install/pro450_moveit2_control/lib/python3.12/site-packages:/home/amin/cobot/cobot_ws/install/mypalletizer_communication/lib/python3.12/site-packages:/home/amin/cobot/cobot_ws/install/mypalletizer_interfaces/lib/python3.12/site-packages:/home/amin/cobot/cobot_ws/install/mypalletizer_260_pi/lib/python3.12/site-packages:/home/amin/cobot/cobot_ws/install/mypalletizer_260/lib/python3.12/site-packages:/home/amin/cobot/cobot_ws/install/mycobot_pro_450/lib/python3.12/site-packages:/home/amin/cobot/cobot_ws/install/mycobot_pro450_interfaces/lib/python3.12/site-packages:/home/amin/cobot/cobot_ws/install/myarm_m750/lib/python3.12/site-packages:/home/amin/cobot/cobot_ws/install/myarm_c650/lib/python3.12/site-packages:/home/amin/cobot/cobot_ws/install/mycobot_communication/lib/python3.12/site-packages:/home/amin/cobot/cobot_ws/install/mecharm_communication/lib/python3.12/site-packages:/home/amin/cobot/cobot_ws/install/mycobot_interfaces/lib/python3.12/site-packages:/home/amin/cobot/cobot_ws/install/mycobot_630/lib/python3.12/site-packages:/home/amin/cobot/cobot_ws/install/mycobot_600/lib/python3.12/site-packages:/home/amin/cobot/cobot_ws/install/mycobot_320pi/lib/python3.12/site-packages:/home/amin/cobot/cobot_ws/install/mycobot_320_riscv/lib/python3.12/site-packages:/home/amin/cobot/cobot_ws/install/mycobot_320/lib/python3.12/site-packages:/home/amin/cobot/cobot_ws/install/mycobot_280pi/lib/python3.12/site-packages:/home/amin/cobot/cobot_ws/install/mycobot_280jn/lib/python3.12/site-packages:/home/amin/cobot/cobot_ws/install/mycobot_280_x3pi/lib/python3.12/site-packages:/home/amin/cobot/cobot_ws/install/mycobot_280_riscv/lib/python3.12/site-packages:/home/amin/cobot/cobot_ws/install/mycobot_280_rdkx5/lib/python3.12/site-packages:/home/amin/cobot/cobot_ws/install/mycobot_280_moveit2_control/lib/python3.12/site-packages:/home/amin/cobot/cobot_ws/install/mycobot_280_arduino/lib/python3.12/site-packages:/home/amin/cobot/cobot_ws/install/mycobot_280/lib/python3.12/site-packages:/home/amin/cobot/cobot_ws/install/mybuddy/lib/python3.12/site-packages:/home/amin/cobot/cobot_ws/install/myarm_300/lib/python3.12/site-packages:/home/amin/cobot/cobot_ws/install/mecharm_pi/lib/python3.12/site-packages:/home/amin/cobot/cobot_ws/install/mecharm/lib/python3.12/site-packages:/home/amin/cobot/cobot_ws/install/mecharm_interfaces/lib/python3.12/site-packages:/opt/ros/jazzy/lib/python3.12/site-packages /usr/bin/python3 -W ignore:setup.py install is deprecated -W ignore:easy_install command is deprecated setup.py egg_info --egg-base ../../../../build/mycobot_280_arduino build --build-base /home/amin/cobot/cobot_ws/build/mycobot_280_arduino/build install --record /home/amin/cobot/cobot_ws/build/mycobot_280_arduino/install.log --single-version-externally-managed install_data
[4.513s] DEBUG:colcon.colcon_core.event_handler.log_command:Invoked command in '/home/amin/cobot/cobot_ws/build/mycobot_280_moveit2' returned '0': AMENT_PREFIX_PATH=/home/amin/cobot/cobot_ws/install/mycobot_description:/home/amin/cobot/cobot_ws/install/ultraarm:/home/amin/cobot/cobot_ws/install/pro450_moveit2_control:/home/amin/cobot/cobot_ws/install/pro450_moveit2:/home/amin/cobot/cobot_ws/install/mypalletizer_communication:/home/amin/cobot/cobot_ws/install/mypalletizer_interfaces:/home/amin/cobot/cobot_ws/install/mypalletizer_260_pi:/home/amin/cobot/cobot_ws/install/mypalletizer_260:/home/amin/cobot/cobot_ws/install/mycobot_pro_450:/home/amin/cobot/cobot_ws/install/mycobot_pro450_interfaces:/home/amin/cobot/cobot_ws/install/myarm_m750:/home/amin/cobot/cobot_ws/install/myarm_c650:/home/amin/cobot/cobot_ws/install/mycobot_communication:/home/amin/cobot/cobot_ws/install/mecharm_communication:/home/amin/cobot/cobot_ws/install/mycobot_interfaces:/home/amin/cobot/cobot_ws/install/mycobot_630:/home/amin/cobot/cobot_ws/install/mycobot_600:/home/amin/cobot/cobot_ws/install/mycobot_320pi:/home/amin/cobot/cobot_ws/install/mycobot_320_riscv:/home/amin/cobot/cobot_ws/install/mycobot_320:/home/amin/cobot/cobot_ws/install/mycobot_280rdkx5_moveit2:/home/amin/cobot/cobot_ws/install/mycobot_280pi:/home/amin/cobot/cobot_ws/install/mycobot_280jn:/home/amin/cobot/cobot_ws/install/mycobot_280arduino_moveit2:/home/amin/cobot/cobot_ws/install/mycobot_280_x3pi:/home/amin/cobot/cobot_ws/install/mycobot_280_riscv:/home/amin/cobot/cobot_ws/install/mycobot_280_rdkx5:/home/amin/cobot/cobot_ws/install/mycobot_280_moveit2_control:/home/amin/cobot/cobot_ws/install/mycobot_280_moveit2:/home/amin/cobot/cobot_ws/install/mycobot_280_gazebo_jazzy:/home/amin/cobot/cobot_ws/install/mycobot_280_gazebo:/home/amin/cobot/cobot_ws/install/mycobot_280_arduino:/home/amin/cobot/cobot_ws/install/mycobot_280:/home/amin/cobot/cobot_ws/install/mybuddy:/home/amin/cobot/cobot_ws/install/myarm_300:/home/amin/cobot/cobot_ws/install/mecharm_pi:/home/amin/cobot/cobot_ws/install/mecharm:/home/amin/cobot/cobot_ws/install/mecharm_interfaces:/opt/ros/jazzy CMAKE_PREFIX_PATH=${CMAKE_PREFIX_PATH}:/home/amin/cobot/cobot_ws/install/ultraarm:/home/amin/cobot/cobot_ws/install/pro450_moveit2_control:/home/amin/cobot/cobot_ws/install/mypalletizer_communication:/home/amin/cobot/cobot_ws/install/mypalletizer_260_pi:/home/amin/cobot/cobot_ws/install/mypalletizer_260:/home/amin/cobot/cobot_ws/install/mycobot_pro_450:/home/amin/cobot/cobot_ws/install/myarm_m750:/home/amin/cobot/cobot_ws/install/myarm_c650:/home/amin/cobot/cobot_ws/install/mycobot_communication:/home/amin/cobot/cobot_ws/install/mecharm_communication:/home/amin/cobot/cobot_ws/install/mycobot_630:/home/amin/cobot/cobot_ws/install/mycobot_600:/home/amin/cobot/cobot_ws/install/mycobot_320pi:/home/amin/cobot/cobot_ws/install/mycobot_320_riscv:/home/amin/cobot/cobot_ws/install/mycobot_320:/home/amin/cobot/cobot_ws/install/mycobot_280pi:/home/amin/cobot/cobot_ws/install/mycobot_280jn:/home/amin/cobot/cobot_ws/install/mycobot_280_x3pi:/home/amin/cobot/cobot_ws/install/mycobot_280_riscv:/home/amin/cobot/cobot_ws/install/mycobot_280_rdkx5:/home/amin/cobot/cobot_ws/install/mycobot_280_moveit2_control:/home/amin/cobot/cobot_ws/install/mycobot_280_arduino:/home/amin/cobot/cobot_ws/install/mycobot_280:/home/amin/cobot/cobot_ws/install/mybuddy:/home/amin/cobot/cobot_ws/install/myarm_300:/home/amin/cobot/cobot_ws/install/mecharm_pi:/home/amin/cobot/cobot_ws/install/mecharm:/home/amin/cobot/cobot_ws/install/mycobot_description:/opt/ros/jazzy DEBUGINFOD_URLS=https://debuginfod.ubuntu.com PYTHONPATH=/home/amin/cobot/cobot_ws/install/mycobot_description/lib/python3.12/site-packages:/home/amin/cobot/cobot_ws/install/ultraarm/lib/python3.12/site-packages:/home/amin/cobot/cobot_ws/install/pro450_moveit2_control/lib/python3.12/site-packages:/home/amin/cobot/cobot_ws/install/mypalletizer_communication/lib/python3.12/site-packages:/home/amin/cobot/cobot_ws/install/mypalletizer_interfaces/lib/python3.12/site-packages:/home/amin/cobot/cobot_ws/install/mypalletizer_260_pi/lib/python3.12/site-packages:/home/amin/cobot/cobot_ws/install/mypalletizer_260/lib/python3.12/site-packages:/home/amin/cobot/cobot_ws/install/mycobot_pro_450/lib/python3.12/site-packages:/home/amin/cobot/cobot_ws/install/mycobot_pro450_interfaces/lib/python3.12/site-packages:/home/amin/cobot/cobot_ws/install/myarm_m750/lib/python3.12/site-packages:/home/amin/cobot/cobot_ws/install/myarm_c650/lib/python3.12/site-packages:/home/amin/cobot/cobot_ws/install/mycobot_communication/lib/python3.12/site-packages:/home/amin/cobot/cobot_ws/install/mecharm_communication/lib/python3.12/site-packages:/home/amin/cobot/cobot_ws/install/mycobot_interfaces/lib/python3.12/site-packages:/home/amin/cobot/cobot_ws/install/mycobot_630/lib/python3.12/site-packages:/home/amin/cobot/cobot_ws/install/mycobot_600/lib/python3.12/site-packages:/home/amin/cobot/cobot_ws/install/mycobot_320pi/lib/python3.12/site-packages:/home/amin/cobot/cobot_ws/install/mycobot_320_riscv/lib/python3.12/site-packages:/home/amin/cobot/cobot_ws/install/mycobot_320/lib/python3.12/site-packages:/home/amin/cobot/cobot_ws/install/mycobot_280pi/lib/python3.12/site-packages:/home/amin/cobot/cobot_ws/install/mycobot_280jn/lib/python3.12/site-packages:/home/amin/cobot/cobot_ws/install/mycobot_280_x3pi/lib/python3.12/site-packages:/home/amin/cobot/cobot_ws/install/mycobot_280_riscv/lib/python3.12/site-packages:/home/amin/cobot/cobot_ws/install/mycobot_280_rdkx5/lib/python3.12/site-packages:/home/amin/cobot/cobot_ws/install/mycobot_280_moveit2_control/lib/python3.12/site-packages:/home/amin/cobot/cobot_ws/install/mycobot_280_arduino/lib/python3.12/site-packages:/home/amin/cobot/cobot_ws/install/mycobot_280/lib/python3.12/site-packages:/home/amin/cobot/cobot_ws/install/mybuddy/lib/python3.12/site-packages:/home/amin/cobot/cobot_ws/install/myarm_300/lib/python3.12/site-packages:/home/amin/cobot/cobot_ws/install/mecharm_pi/lib/python3.12/site-packages:/home/amin/cobot/cobot_ws/install/mecharm/lib/python3.12/site-packages:/home/amin/cobot/cobot_ws/install/mecharm_interfaces/lib/python3.12/site-packages:/opt/ros/jazzy/lib/python3.12/site-packages /usr/bin/cmake --build /home/amin/cobot/cobot_ws/build/mycobot_280_moveit2 -- -j8 -l8
[4.514s] DEBUG:colcon.colcon_core.event_handler.log_command:Invoking command in '/home/amin/cobot/cobot_ws/build/mycobot_280_moveit2': AMENT_PREFIX_PATH=/home/amin/cobot/cobot_ws/install/mycobot_description:/home/amin/cobot/cobot_ws/install/ultraarm:/home/amin/cobot/cobot_ws/install/pro450_moveit2_control:/home/amin/cobot/cobot_ws/install/pro450_moveit2:/home/amin/cobot/cobot_ws/install/mypalletizer_communication:/home/amin/cobot/cobot_ws/install/mypalletizer_interfaces:/home/amin/cobot/cobot_ws/install/mypalletizer_260_pi:/home/amin/cobot/cobot_ws/install/mypalletizer_260:/home/amin/cobot/cobot_ws/install/mycobot_pro_450:/home/amin/cobot/cobot_ws/install/mycobot_pro450_interfaces:/home/amin/cobot/cobot_ws/install/myarm_m750:/home/amin/cobot/cobot_ws/install/myarm_c650:/home/amin/cobot/cobot_ws/install/mycobot_communication:/home/amin/cobot/cobot_ws/install/mecharm_communication:/home/amin/cobot/cobot_ws/install/mycobot_interfaces:/home/amin/cobot/cobot_ws/install/mycobot_630:/home/amin/cobot/cobot_ws/install/mycobot_600:/home/amin/cobot/cobot_ws/install/mycobot_320pi:/home/amin/cobot/cobot_ws/install/mycobot_320_riscv:/home/amin/cobot/cobot_ws/install/mycobot_320:/home/amin/cobot/cobot_ws/install/mycobot_280rdkx5_moveit2:/home/amin/cobot/cobot_ws/install/mycobot_280pi:/home/amin/cobot/cobot_ws/install/mycobot_280jn:/home/amin/cobot/cobot_ws/install/mycobot_280arduino_moveit2:/home/amin/cobot/cobot_ws/install/mycobot_280_x3pi:/home/amin/cobot/cobot_ws/install/mycobot_280_riscv:/home/amin/cobot/cobot_ws/install/mycobot_280_rdkx5:/home/amin/cobot/cobot_ws/install/mycobot_280_moveit2_control:/home/amin/cobot/cobot_ws/install/mycobot_280_moveit2:/home/amin/cobot/cobot_ws/install/mycobot_280_gazebo_jazzy:/home/amin/cobot/cobot_ws/install/mycobot_280_gazebo:/home/amin/cobot/cobot_ws/install/mycobot_280_arduino:/home/amin/cobot/cobot_ws/install/mycobot_280:/home/amin/cobot/cobot_ws/install/mybuddy:/home/amin/cobot/cobot_ws/install/myarm_300:/home/amin/cobot/cobot_ws/install/mecharm_pi:/home/amin/cobot/cobot_ws/install/mecharm:/home/amin/cobot/cobot_ws/install/mecharm_interfaces:/opt/ros/jazzy CMAKE_PREFIX_PATH=${CMAKE_PREFIX_PATH}:/home/amin/cobot/cobot_ws/install/ultraarm:/home/amin/cobot/cobot_ws/install/pro450_moveit2_control:/home/amin/cobot/cobot_ws/install/mypalletizer_communication:/home/amin/cobot/cobot_ws/install/mypalletizer_260_pi:/home/amin/cobot/cobot_ws/install/mypalletizer_260:/home/amin/cobot/cobot_ws/install/mycobot_pro_450:/home/amin/cobot/cobot_ws/install/myarm_m750:/home/amin/cobot/cobot_ws/install/myarm_c650:/home/amin/cobot/cobot_ws/install/mycobot_communication:/home/amin/cobot/cobot_ws/install/mecharm_communication:/home/amin/cobot/cobot_ws/install/mycobot_630:/home/amin/cobot/cobot_ws/install/mycobot_600:/home/amin/cobot/cobot_ws/install/mycobot_320pi:/home/amin/cobot/cobot_ws/install/mycobot_320_riscv:/home/amin/cobot/cobot_ws/install/mycobot_320:/home/amin/cobot/cobot_ws/install/mycobot_280pi:/home/amin/cobot/cobot_ws/install/mycobot_280jn:/home/amin/cobot/cobot_ws/install/mycobot_280_x3pi:/home/amin/cobot/cobot_ws/install/mycobot_280_riscv:/home/amin/cobot/cobot_ws/install/mycobot_280_rdkx5:/home/amin/cobot/cobot_ws/install/mycobot_280_moveit2_control:/home/amin/cobot/cobot_ws/install/mycobot_280_arduino:/home/amin/cobot/cobot_ws/install/mycobot_280:/home/amin/cobot/cobot_ws/install/mybuddy:/home/amin/cobot/cobot_ws/install/myarm_300:/home/amin/cobot/cobot_ws/install/mecharm_pi:/home/amin/cobot/cobot_ws/install/mecharm:/home/amin/cobot/cobot_ws/install/mycobot_description:/opt/ros/jazzy DEBUGINFOD_URLS=https://debuginfod.ubuntu.com PYTHONPATH=/home/amin/cobot/cobot_ws/install/mycobot_description/lib/python3.12/site-packages:/home/amin/cobot/cobot_ws/install/ultraarm/lib/python3.12/site-packages:/home/amin/cobot/cobot_ws/install/pro450_moveit2_control/lib/python3.12/site-packages:/home/amin/cobot/cobot_ws/install/mypalletizer_communication/lib/python3.12/site-packages:/home/amin/cobot/cobot_ws/install/mypalletizer_interfaces/lib/python3.12/site-packages:/home/amin/cobot/cobot_ws/install/mypalletizer_260_pi/lib/python3.12/site-packages:/home/amin/cobot/cobot_ws/install/mypalletizer_260/lib/python3.12/site-packages:/home/amin/cobot/cobot_ws/install/mycobot_pro_450/lib/python3.12/site-packages:/home/amin/cobot/cobot_ws/install/mycobot_pro450_interfaces/lib/python3.12/site-packages:/home/amin/cobot/cobot_ws/install/myarm_m750/lib/python3.12/site-packages:/home/amin/cobot/cobot_ws/install/myarm_c650/lib/python3.12/site-packages:/home/amin/cobot/cobot_ws/install/mycobot_communication/lib/python3.12/site-packages:/home/amin/cobot/cobot_ws/install/mecharm_communication/lib/python3.12/site-packages:/home/amin/cobot/cobot_ws/install/mycobot_interfaces/lib/python3.12/site-packages:/home/amin/cobot/cobot_ws/install/mycobot_630/lib/python3.12/site-packages:/home/amin/cobot/cobot_ws/install/mycobot_600/lib/python3.12/site-packages:/home/amin/cobot/cobot_ws/install/mycobot_320pi/lib/python3.12/site-packages:/home/amin/cobot/cobot_ws/install/mycobot_320_riscv/lib/python3.12/site-packages:/home/amin/cobot/cobot_ws/install/mycobot_320/lib/python3.12/site-packages:/home/amin/cobot/cobot_ws/install/mycobot_280pi/lib/python3.12/site-packages:/home/amin/cobot/cobot_ws/install/mycobot_280jn/lib/python3.12/site-packages:/home/amin/cobot/cobot_ws/install/mycobot_280_x3pi/lib/python3.12/site-packages:/home/amin/cobot/cobot_ws/install/mycobot_280_riscv/lib/python3.12/site-packages:/home/amin/cobot/cobot_ws/install/mycobot_280_rdkx5/lib/python3.12/site-packages:/home/amin/cobot/cobot_ws/install/mycobot_280_moveit2_control/lib/python3.12/site-packages:/home/amin/cobot/cobot_ws/install/mycobot_280_arduino/lib/python3.12/site-packages:/home/amin/cobot/cobot_ws/install/mycobot_280/lib/python3.12/site-packages:/home/amin/cobot/cobot_ws/install/mybuddy/lib/python3.12/site-packages:/home/amin/cobot/cobot_ws/install/myarm_300/lib/python3.12/site-packages:/home/amin/cobot/cobot_ws/install/mecharm_pi/lib/python3.12/site-packages:/home/amin/cobot/cobot_ws/install/mecharm/lib/python3.12/site-packages:/home/amin/cobot/cobot_ws/install/mecharm_interfaces/lib/python3.12/site-packages:/opt/ros/jazzy/lib/python3.12/site-packages /usr/bin/cmake --install /home/amin/cobot/cobot_ws/build/mycobot_280_moveit2
[4.631s] Level 1:colcon.colcon_core.environment:checking '/home/amin/cobot/cobot_ws/install/myarm_300' for CMake module files
[4.635s] Level 1:colcon.colcon_core.environment:checking '/home/amin/cobot/cobot_ws/install/myarm_300' for CMake config files
[4.635s] Level 1:colcon.colcon_core.environment:checking '/home/amin/cobot/cobot_ws/install/myarm_300/lib'
[4.635s] Level 1:colcon.colcon_core.environment:checking '/home/amin/cobot/cobot_ws/install/myarm_300/bin'
[4.636s] Level 1:colcon.colcon_core.environment:checking '/home/amin/cobot/cobot_ws/install/myarm_300/lib/pkgconfig/myarm_300.pc'
[4.636s] Level 1:colcon.colcon_core.environment:checking '/home/amin/cobot/cobot_ws/install/myarm_300/lib/python3.12/site-packages'
[4.636s] Level 1:colcon.colcon_core.shell:create_environment_hook('myarm_300', 'pythonpath')
[4.636s] INFO:colcon.colcon_core.shell:Creating environment hook '/home/amin/cobot/cobot_ws/install/myarm_300/share/myarm_300/hook/pythonpath.ps1'
[4.637s] INFO:colcon.colcon_core.shell:Creating environment descriptor '/home/amin/cobot/cobot_ws/install/myarm_300/share/myarm_300/hook/pythonpath.dsv'
[4.637s] INFO:colcon.colcon_core.shell:Creating environment hook '/home/amin/cobot/cobot_ws/install/myarm_300/share/myarm_300/hook/pythonpath.sh'
[4.638s] Level 1:colcon.colcon_core.environment:checking '/home/amin/cobot/cobot_ws/install/myarm_300/bin'
[4.634s] DEBUG:colcon.colcon_core.event_handler.log_command:Invoked command in '/home/amin/cobot/cobot_ws/src/mycobot_ros2/myArm/myarm_300' returned '0': AMENT_PREFIX_PATH=/home/amin/cobot/cobot_ws/install/mycobot_description:/home/amin/cobot/cobot_ws/install/ultraarm:/home/amin/cobot/cobot_ws/install/pro450_moveit2_control:/home/amin/cobot/cobot_ws/install/pro450_moveit2:/home/amin/cobot/cobot_ws/install/mypalletizer_communication:/home/amin/cobot/cobot_ws/install/mypalletizer_interfaces:/home/amin/cobot/cobot_ws/install/mypalletizer_260_pi:/home/amin/cobot/cobot_ws/install/mypalletizer_260:/home/amin/cobot/cobot_ws/install/mycobot_pro_450:/home/amin/cobot/cobot_ws/install/mycobot_pro450_interfaces:/home/amin/cobot/cobot_ws/install/myarm_m750:/home/amin/cobot/cobot_ws/install/myarm_c650:/home/amin/cobot/cobot_ws/install/mycobot_communication:/home/amin/cobot/cobot_ws/install/mecharm_communication:/home/amin/cobot/cobot_ws/install/mycobot_interfaces:/home/amin/cobot/cobot_ws/install/mycobot_630:/home/amin/cobot/cobot_ws/install/mycobot_600:/home/amin/cobot/cobot_ws/install/mycobot_320pi:/home/amin/cobot/cobot_ws/install/mycobot_320_riscv:/home/amin/cobot/cobot_ws/install/mycobot_320:/home/amin/cobot/cobot_ws/install/mycobot_280rdkx5_moveit2:/home/amin/cobot/cobot_ws/install/mycobot_280pi:/home/amin/cobot/cobot_ws/install/mycobot_280jn:/home/amin/cobot/cobot_ws/install/mycobot_280arduino_moveit2:/home/amin/cobot/cobot_ws/install/mycobot_280_x3pi:/home/amin/cobot/cobot_ws/install/mycobot_280_riscv:/home/amin/cobot/cobot_ws/install/mycobot_280_rdkx5:/home/amin/cobot/cobot_ws/install/mycobot_280_moveit2_control:/home/amin/cobot/cobot_ws/install/mycobot_280_moveit2:/home/amin/cobot/cobot_ws/install/mycobot_280_gazebo_jazzy:/home/amin/cobot/cobot_ws/install/mycobot_280_gazebo:/home/amin/cobot/cobot_ws/install/mycobot_280_arduino:/home/amin/cobot/cobot_ws/install/mycobot_280:/home/amin/cobot/cobot_ws/install/mybuddy:/home/amin/cobot/cobot_ws/install/myarm_300:/home/amin/cobot/cobot_ws/install/mecharm_pi:/home/amin/cobot/cobot_ws/install/mecharm:/home/amin/cobot/cobot_ws/install/mecharm_interfaces:/opt/ros/jazzy DEBUGINFOD_URLS=https://debuginfod.ubuntu.com PYTHONPATH=/home/amin/cobot/cobot_ws/build/myarm_300/prefix_override:/usr/lib/python3/dist-packages/colcon_core/task/python/colcon_distutils_commands:/home/amin/cobot/cobot_ws/install/myarm_300/lib/python3.12/site-packages:/home/amin/cobot/cobot_ws/install/mycobot_description/lib/python3.12/site-packages:/home/amin/cobot/cobot_ws/install/ultraarm/lib/python3.12/site-packages:/home/amin/cobot/cobot_ws/install/pro450_moveit2_control/lib/python3.12/site-packages:/home/amin/cobot/cobot_ws/install/mypalletizer_communication/lib/python3.12/site-packages:/home/amin/cobot/cobot_ws/install/mypalletizer_interfaces/lib/python3.12/site-packages:/home/amin/cobot/cobot_ws/install/mypalletizer_260_pi/lib/python3.12/site-packages:/home/amin/cobot/cobot_ws/install/mypalletizer_260/lib/python3.12/site-packages:/home/amin/cobot/cobot_ws/install/mycobot_pro_450/lib/python3.12/site-packages:/home/amin/cobot/cobot_ws/install/mycobot_pro450_interfaces/lib/python3.12/site-packages:/home/amin/cobot/cobot_ws/install/myarm_m750/lib/python3.12/site-packages:/home/amin/cobot/cobot_ws/install/myarm_c650/lib/python3.12/site-packages:/home/amin/cobot/cobot_ws/install/mycobot_communication/lib/python3.12/site-packages:/home/amin/cobot/cobot_ws/install/mecharm_communication/lib/python3.12/site-packages:/home/amin/cobot/cobot_ws/install/mycobot_interfaces/lib/python3.12/site-packages:/home/amin/cobot/cobot_ws/install/mycobot_630/lib/python3.12/site-packages:/home/amin/cobot/cobot_ws/install/mycobot_600/lib/python3.12/site-packages:/home/amin/cobot/cobot_ws/install/mycobot_320pi/lib/python3.12/site-packages:/home/amin/cobot/cobot_ws/install/mycobot_320_riscv/lib/python3.12/site-packages:/home/amin/cobot/cobot_ws/install/mycobot_320/lib/python3.12/site-packages:/home/amin/cobot/cobot_ws/install/mycobot_280pi/lib/python3.12/site-packages:/home/amin/cobot/cobot_ws/install/mycobot_280jn/lib/python3.12/site-packages:/home/amin/cobot/cobot_ws/install/mycobot_280_x3pi/lib/python3.12/site-packages:/home/amin/cobot/cobot_ws/install/mycobot_280_riscv/lib/python3.12/site-packages:/home/amin/cobot/cobot_ws/install/mycobot_280_rdkx5/lib/python3.12/site-packages:/home/amin/cobot/cobot_ws/install/mycobot_280_moveit2_control/lib/python3.12/site-packages:/home/amin/cobot/cobot_ws/install/mycobot_280_arduino/lib/python3.12/site-packages:/home/amin/cobot/cobot_ws/install/mycobot_280/lib/python3.12/site-packages:/home/amin/cobot/cobot_ws/install/mybuddy/lib/python3.12/site-packages:/home/amin/cobot/cobot_ws/install/myarm_300/lib/python3.12/site-packages:/home/amin/cobot/cobot_ws/install/mecharm_pi/lib/python3.12/site-packages:/home/amin/cobot/cobot_ws/install/mecharm/lib/python3.12/site-packages:/home/amin/cobot/cobot_ws/install/mecharm_interfaces/lib/python3.12/site-packages:/opt/ros/jazzy/lib/python3.12/site-packages /usr/bin/python3 -W ignore:setup.py install is deprecated -W ignore:easy_install command is deprecated setup.py egg_info --egg-base ../../../../build/myarm_300 build --build-base /home/amin/cobot/cobot_ws/build/myarm_300/build install --record /home/amin/cobot/cobot_ws/build/myarm_300/install.log --single-version-externally-managed install_data
[4.638s] Level 1:colcon.colcon_core.environment:create_environment_scripts_only(myarm_300)
[4.638s] INFO:colcon.colcon_core.shell:Creating package script '/home/amin/cobot/cobot_ws/install/myarm_300/share/myarm_300/package.ps1'
[4.639s] INFO:colcon.colcon_core.shell:Creating package descriptor '/home/amin/cobot/cobot_ws/install/myarm_300/share/myarm_300/package.dsv'
[4.639s] INFO:colcon.colcon_core.shell:Creating package script '/home/amin/cobot/cobot_ws/install/myarm_300/share/myarm_300/package.sh'
[4.639s] INFO:colcon.colcon_core.shell:Creating package script '/home/amin/cobot/cobot_ws/install/myarm_300/share/myarm_300/package.bash'
[4.640s] INFO:colcon.colcon_core.shell:Creating package script '/home/amin/cobot/cobot_ws/install/myarm_300/share/myarm_300/package.zsh'
[4.640s] Level 1:colcon.colcon_core.environment:create_file_with_runtime_dependencies(/home/amin/cobot/cobot_ws/install/myarm_300/share/colcon-core/packages/myarm_300)
[4.640s] Level 1:colcon.colcon_core.environment:create_environment_scripts_only(mycobot_280_moveit2)
[4.641s] DEBUG:colcon.colcon_core.event_handler.log_command:Invoked command in '/home/amin/cobot/cobot_ws/build/mycobot_280_moveit2' returned '0': AMENT_PREFIX_PATH=/home/amin/cobot/cobot_ws/install/mycobot_description:/home/amin/cobot/cobot_ws/install/ultraarm:/home/amin/cobot/cobot_ws/install/pro450_moveit2_control:/home/amin/cobot/cobot_ws/install/pro450_moveit2:/home/amin/cobot/cobot_ws/install/mypalletizer_communication:/home/amin/cobot/cobot_ws/install/mypalletizer_interfaces:/home/amin/cobot/cobot_ws/install/mypalletizer_260_pi:/home/amin/cobot/cobot_ws/install/mypalletizer_260:/home/amin/cobot/cobot_ws/install/mycobot_pro_450:/home/amin/cobot/cobot_ws/install/mycobot_pro450_interfaces:/home/amin/cobot/cobot_ws/install/myarm_m750:/home/amin/cobot/cobot_ws/install/myarm_c650:/home/amin/cobot/cobot_ws/install/mycobot_communication:/home/amin/cobot/cobot_ws/install/mecharm_communication:/home/amin/cobot/cobot_ws/install/mycobot_interfaces:/home/amin/cobot/cobot_ws/install/mycobot_630:/home/amin/cobot/cobot_ws/install/mycobot_600:/home/amin/cobot/cobot_ws/install/mycobot_320pi:/home/amin/cobot/cobot_ws/install/mycobot_320_riscv:/home/amin/cobot/cobot_ws/install/mycobot_320:/home/amin/cobot/cobot_ws/install/mycobot_280rdkx5_moveit2:/home/amin/cobot/cobot_ws/install/mycobot_280pi:/home/amin/cobot/cobot_ws/install/mycobot_280jn:/home/amin/cobot/cobot_ws/install/mycobot_280arduino_moveit2:/home/amin/cobot/cobot_ws/install/mycobot_280_x3pi:/home/amin/cobot/cobot_ws/install/mycobot_280_riscv:/home/amin/cobot/cobot_ws/install/mycobot_280_rdkx5:/home/amin/cobot/cobot_ws/install/mycobot_280_moveit2_control:/home/amin/cobot/cobot_ws/install/mycobot_280_moveit2:/home/amin/cobot/cobot_ws/install/mycobot_280_gazebo_jazzy:/home/amin/cobot/cobot_ws/install/mycobot_280_gazebo:/home/amin/cobot/cobot_ws/install/mycobot_280_arduino:/home/amin/cobot/cobot_ws/install/mycobot_280:/home/amin/cobot/cobot_ws/install/mybuddy:/home/amin/cobot/cobot_ws/install/myarm_300:/home/amin/cobot/cobot_ws/install/mecharm_pi:/home/amin/cobot/cobot_ws/install/mecharm:/home/amin/cobot/cobot_ws/install/mecharm_interfaces:/opt/ros/jazzy CMAKE_PREFIX_PATH=${CMAKE_PREFIX_PATH}:/home/amin/cobot/cobot_ws/install/ultraarm:/home/amin/cobot/cobot_ws/install/pro450_moveit2_control:/home/amin/cobot/cobot_ws/install/mypalletizer_communication:/home/amin/cobot/cobot_ws/install/mypalletizer_260_pi:/home/amin/cobot/cobot_ws/install/mypalletizer_260:/home/amin/cobot/cobot_ws/install/mycobot_pro_450:/home/amin/cobot/cobot_ws/install/myarm_m750:/home/amin/cobot/cobot_ws/install/myarm_c650:/home/amin/cobot/cobot_ws/install/mycobot_communication:/home/amin/cobot/cobot_ws/install/mecharm_communication:/home/amin/cobot/cobot_ws/install/mycobot_630:/home/amin/cobot/cobot_ws/install/mycobot_600:/home/amin/cobot/cobot_ws/install/mycobot_320pi:/home/amin/cobot/cobot_ws/install/mycobot_320_riscv:/home/amin/cobot/cobot_ws/install/mycobot_320:/home/amin/cobot/cobot_ws/install/mycobot_280pi:/home/amin/cobot/cobot_ws/install/mycobot_280jn:/home/amin/cobot/cobot_ws/install/mycobot_280_x3pi:/home/amin/cobot/cobot_ws/install/mycobot_280_riscv:/home/amin/cobot/cobot_ws/install/mycobot_280_rdkx5:/home/amin/cobot/cobot_ws/install/mycobot_280_moveit2_control:/home/amin/cobot/cobot_ws/install/mycobot_280_arduino:/home/amin/cobot/cobot_ws/install/mycobot_280:/home/amin/cobot/cobot_ws/install/mybuddy:/home/amin/cobot/cobot_ws/install/myarm_300:/home/amin/cobot/cobot_ws/install/mecharm_pi:/home/amin/cobot/cobot_ws/install/mecharm:/home/amin/cobot/cobot_ws/install/mycobot_description:/opt/ros/jazzy DEBUGINFOD_URLS=https://debuginfod.ubuntu.com PYTHONPATH=/home/amin/cobot/cobot_ws/install/mycobot_description/lib/python3.12/site-packages:/home/amin/cobot/cobot_ws/install/ultraarm/lib/python3.12/site-packages:/home/amin/cobot/cobot_ws/install/pro450_moveit2_control/lib/python3.12/site-packages:/home/amin/cobot/cobot_ws/install/mypalletizer_communication/lib/python3.12/site-packages:/home/amin/cobot/cobot_ws/install/mypalletizer_interfaces/lib/python3.12/site-packages:/home/amin/cobot/cobot_ws/install/mypalletizer_260_pi/lib/python3.12/site-packages:/home/amin/cobot/cobot_ws/install/mypalletizer_260/lib/python3.12/site-packages:/home/amin/cobot/cobot_ws/install/mycobot_pro_450/lib/python3.12/site-packages:/home/amin/cobot/cobot_ws/install/mycobot_pro450_interfaces/lib/python3.12/site-packages:/home/amin/cobot/cobot_ws/install/myarm_m750/lib/python3.12/site-packages:/home/amin/cobot/cobot_ws/install/myarm_c650/lib/python3.12/site-packages:/home/amin/cobot/cobot_ws/install/mycobot_communication/lib/python3.12/site-packages:/home/amin/cobot/cobot_ws/install/mecharm_communication/lib/python3.12/site-packages:/home/amin/cobot/cobot_ws/install/mycobot_interfaces/lib/python3.12/site-packages:/home/amin/cobot/cobot_ws/install/mycobot_630/lib/python3.12/site-packages:/home/amin/cobot/cobot_ws/install/mycobot_600/lib/python3.12/site-packages:/home/amin/cobot/cobot_ws/install/mycobot_320pi/lib/python3.12/site-packages:/home/amin/cobot/cobot_ws/install/mycobot_320_riscv/lib/python3.12/site-packages:/home/amin/cobot/cobot_ws/install/mycobot_320/lib/python3.12/site-packages:/home/amin/cobot/cobot_ws/install/mycobot_280pi/lib/python3.12/site-packages:/home/amin/cobot/cobot_ws/install/mycobot_280jn/lib/python3.12/site-packages:/home/amin/cobot/cobot_ws/install/mycobot_280_x3pi/lib/python3.12/site-packages:/home/amin/cobot/cobot_ws/install/mycobot_280_riscv/lib/python3.12/site-packages:/home/amin/cobot/cobot_ws/install/mycobot_280_rdkx5/lib/python3.12/site-packages:/home/amin/cobot/cobot_ws/install/mycobot_280_moveit2_control/lib/python3.12/site-packages:/home/amin/cobot/cobot_ws/install/mycobot_280_arduino/lib/python3.12/site-packages:/home/amin/cobot/cobot_ws/install/mycobot_280/lib/python3.12/site-packages:/home/amin/cobot/cobot_ws/install/mybuddy/lib/python3.12/site-packages:/home/amin/cobot/cobot_ws/install/myarm_300/lib/python3.12/site-packages:/home/amin/cobot/cobot_ws/install/mecharm_pi/lib/python3.12/site-packages:/home/amin/cobot/cobot_ws/install/mecharm/lib/python3.12/site-packages:/home/amin/cobot/cobot_ws/install/mecharm_interfaces/lib/python3.12/site-packages:/opt/ros/jazzy/lib/python3.12/site-packages /usr/bin/cmake --install /home/amin/cobot/cobot_ws/build/mycobot_280_moveit2
[4.641s] Level 1:colcon.colcon_core.environment:checking '/home/amin/cobot/cobot_ws/install/mycobot_280_moveit2' for CMake module files
[4.641s] Level 1:colcon.colcon_core.environment:checking '/home/amin/cobot/cobot_ws/install/mycobot_280_moveit2' for CMake config files
[4.642s] Level 1:colcon.colcon_core.shell:create_environment_hook('mycobot_280_moveit2', 'cmake_prefix_path')
[4.642s] INFO:colcon.colcon_core.shell:Creating environment hook '/home/amin/cobot/cobot_ws/install/mycobot_280_moveit2/share/mycobot_280_moveit2/hook/cmake_prefix_path.ps1'
[4.642s] INFO:colcon.colcon_core.shell:Creating environment descriptor '/home/amin/cobot/cobot_ws/install/mycobot_280_moveit2/share/mycobot_280_moveit2/hook/cmake_prefix_path.dsv'
[4.642s] INFO:colcon.colcon_core.shell:Creating environment hook '/home/amin/cobot/cobot_ws/install/mycobot_280_moveit2/share/mycobot_280_moveit2/hook/cmake_prefix_path.sh'
[4.643s] Level 1:colcon.colcon_core.environment:checking '/home/amin/cobot/cobot_ws/install/mycobot_280_moveit2/bin'
[4.643s] Level 1:colcon.colcon_core.environment:checking '/home/amin/cobot/cobot_ws/install/mycobot_280_moveit2/lib/pkgconfig/mycobot_280_moveit2.pc'
[4.643s] Level 1:colcon.colcon_core.environment:checking '/home/amin/cobot/cobot_ws/install/mycobot_280_moveit2/lib/python3.12/site-packages'
[4.644s] Level 1:colcon.colcon_core.environment:checking '/home/amin/cobot/cobot_ws/install/mycobot_280_moveit2/bin'
[4.644s] INFO:colcon.colcon_core.shell:Creating package script '/home/amin/cobot/cobot_ws/install/mycobot_280_moveit2/share/mycobot_280_moveit2/package.ps1'
[4.645s] INFO:colcon.colcon_core.shell:Creating package descriptor '/home/amin/cobot/cobot_ws/install/mycobot_280_moveit2/share/mycobot_280_moveit2/package.dsv'
[4.645s] INFO:colcon.colcon_core.shell:Creating package script '/home/amin/cobot/cobot_ws/install/mycobot_280_moveit2/share/mycobot_280_moveit2/package.sh'
[4.646s] INFO:colcon.colcon_core.shell:Creating package script '/home/amin/cobot/cobot_ws/install/mycobot_280_moveit2/share/mycobot_280_moveit2/package.bash'
[4.646s] INFO:colcon.colcon_core.shell:Creating package script '/home/amin/cobot/cobot_ws/install/mycobot_280_moveit2/share/mycobot_280_moveit2/package.zsh'
[4.646s] Level 1:colcon.colcon_core.environment:create_file_with_runtime_dependencies(/home/amin/cobot/cobot_ws/install/mycobot_280_moveit2/share/colcon-core/packages/mycobot_280_moveit2)
[4.647s] Level 1:colcon.colcon_core.environment:create_environment_scripts_only(mycobot_280_moveit2)
[4.647s] Level 1:colcon.colcon_core.environment:checking '/home/amin/cobot/cobot_ws/install/mycobot_280_moveit2' for CMake module files
[4.648s] Level 1:colcon.colcon_core.environment:checking '/home/amin/cobot/cobot_ws/install/mycobot_280_moveit2' for CMake config files
[4.648s] Level 1:colcon.colcon_core.shell:create_environment_hook('mycobot_280_moveit2', 'cmake_prefix_path')
[4.648s] INFO:colcon.colcon_core.shell:Creating environment hook '/home/amin/cobot/cobot_ws/install/mycobot_280_moveit2/share/mycobot_280_moveit2/hook/cmake_prefix_path.ps1'
[4.648s] INFO:colcon.colcon_core.shell:Creating environment descriptor '/home/amin/cobot/cobot_ws/install/mycobot_280_moveit2/share/mycobot_280_moveit2/hook/cmake_prefix_path.dsv'
[4.649s] INFO:colcon.colcon_core.shell:Creating environment hook '/home/amin/cobot/cobot_ws/install/mycobot_280_moveit2/share/mycobot_280_moveit2/hook/cmake_prefix_path.sh'
[4.649s] Level 1:colcon.colcon_core.environment:checking '/home/amin/cobot/cobot_ws/install/mycobot_280_moveit2/bin'
[4.649s] Level 1:colcon.colcon_core.environment:checking '/home/amin/cobot/cobot_ws/install/mycobot_280_moveit2/lib/pkgconfig/mycobot_280_moveit2.pc'
[4.650s] Level 1:colcon.colcon_core.environment:checking '/home/amin/cobot/cobot_ws/install/mycobot_280_moveit2/lib/python3.12/site-packages'
[4.650s] Level 1:colcon.colcon_core.environment:checking '/home/amin/cobot/cobot_ws/install/mycobot_280_moveit2/bin'
[4.650s] INFO:colcon.colcon_core.shell:Creating package script '/home/amin/cobot/cobot_ws/install/mycobot_280_moveit2/share/mycobot_280_moveit2/package.ps1'
[4.651s] INFO:colcon.colcon_core.shell:Creating package descriptor '/home/amin/cobot/cobot_ws/install/mycobot_280_moveit2/share/mycobot_280_moveit2/package.dsv'
[4.651s] INFO:colcon.colcon_core.shell:Creating package script '/home/amin/cobot/cobot_ws/install/mycobot_280_moveit2/share/mycobot_280_moveit2/package.sh'
[4.651s] INFO:colcon.colcon_core.shell:Creating package script '/home/amin/cobot/cobot_ws/install/mycobot_280_moveit2/share/mycobot_280_moveit2/package.bash'
[4.652s] INFO:colcon.colcon_core.shell:Creating package script '/home/amin/cobot/cobot_ws/install/mycobot_280_moveit2/share/mycobot_280_moveit2/package.zsh'
[4.652s] Level 1:colcon.colcon_core.environment:create_file_with_runtime_dependencies(/home/amin/cobot/cobot_ws/install/mycobot_280_moveit2/share/colcon-core/packages/mycobot_280_moveit2)
[4.653s] INFO:colcon.colcon_ros.task.ament_python.build:Building ROS package in '/home/amin/cobot/cobot_ws/src/mycobot_ros2/mycobot_280/mycobot_280_riscv' with build type 'ament_python'
[4.653s] Level 1:colcon.colcon_core.shell:create_environment_hook('mycobot_280_riscv', 'ament_prefix_path')
[4.653s] INFO:colcon.colcon_core.shell:Creating environment hook '/home/amin/cobot/cobot_ws/install/mycobot_280_riscv/share/mycobot_280_riscv/hook/ament_prefix_path.ps1'
[4.654s] INFO:colcon.colcon_core.shell:Creating environment descriptor '/home/amin/cobot/cobot_ws/install/mycobot_280_riscv/share/mycobot_280_riscv/hook/ament_prefix_path.dsv'
[4.654s] INFO:colcon.colcon_core.shell:Creating environment hook '/home/amin/cobot/cobot_ws/install/mycobot_280_riscv/share/mycobot_280_riscv/hook/ament_prefix_path.sh'
[4.654s] INFO:colcon.colcon_core.shell:Skip shell extension 'powershell' for command environment: Not usable outside of PowerShell
[4.654s] DEBUG:colcon.colcon_core.shell:Skip shell extension 'dsv' for command environment
[4.662s] INFO:colcon.colcon_ros.task.ament_python.build:Building ROS package in '/home/amin/cobot/cobot_ws/src/mycobot_ros2/mycobot_280/mycobot_280_x3pi' with build type 'ament_python'
[4.662s] Level 1:colcon.colcon_core.shell:create_environment_hook('mycobot_280_x3pi', 'ament_prefix_path')
[4.663s] INFO:colcon.colcon_core.shell:Creating environment hook '/home/amin/cobot/cobot_ws/install/mycobot_280_x3pi/share/mycobot_280_x3pi/hook/ament_prefix_path.ps1'
[4.663s] INFO:colcon.colcon_core.shell:Creating environment descriptor '/home/amin/cobot/cobot_ws/install/mycobot_280_x3pi/share/mycobot_280_x3pi/hook/ament_prefix_path.dsv'
[4.663s] INFO:colcon.colcon_core.shell:Creating environment hook '/home/amin/cobot/cobot_ws/install/mycobot_280_x3pi/share/mycobot_280_x3pi/hook/ament_prefix_path.sh'
[4.664s] INFO:colcon.colcon_core.shell:Skip shell extension 'powershell' for command environment: Not usable outside of PowerShell
[4.664s] DEBUG:colcon.colcon_core.shell:Skip shell extension 'dsv' for command environment
[4.939s] INFO:colcon.colcon_core.task.python.build:Building Python package in '/home/amin/cobot/cobot_ws/src/mycobot_ros2/mycobot_280/mycobot_280_riscv'
[4.939s] INFO:colcon.colcon_core.shell:Skip shell extension 'powershell' for command environment: Not usable outside of PowerShell
[4.939s] DEBUG:colcon.colcon_core.shell:Skip shell extension 'dsv' for command environment
[4.944s] Level 1:colcon.colcon_core.environment:checking '/home/amin/cobot/cobot_ws/install/mecharm' for CMake module files
[4.945s] DEBUG:colcon.colcon_core.event_handler.log_command:Invoked command in '/home/amin/cobot/cobot_ws/src/mycobot_ros2/mecharm/mecharm' returned '0': AMENT_PREFIX_PATH=/home/amin/cobot/cobot_ws/install/mycobot_description:/home/amin/cobot/cobot_ws/install/ultraarm:/home/amin/cobot/cobot_ws/install/pro450_moveit2_control:/home/amin/cobot/cobot_ws/install/pro450_moveit2:/home/amin/cobot/cobot_ws/install/mypalletizer_communication:/home/amin/cobot/cobot_ws/install/mypalletizer_interfaces:/home/amin/cobot/cobot_ws/install/mypalletizer_260_pi:/home/amin/cobot/cobot_ws/install/mypalletizer_260:/home/amin/cobot/cobot_ws/install/mycobot_pro_450:/home/amin/cobot/cobot_ws/install/mycobot_pro450_interfaces:/home/amin/cobot/cobot_ws/install/myarm_m750:/home/amin/cobot/cobot_ws/install/myarm_c650:/home/amin/cobot/cobot_ws/install/mycobot_communication:/home/amin/cobot/cobot_ws/install/mecharm_communication:/home/amin/cobot/cobot_ws/install/mycobot_interfaces:/home/amin/cobot/cobot_ws/install/mycobot_630:/home/amin/cobot/cobot_ws/install/mycobot_600:/home/amin/cobot/cobot_ws/install/mycobot_320pi:/home/amin/cobot/cobot_ws/install/mycobot_320_riscv:/home/amin/cobot/cobot_ws/install/mycobot_320:/home/amin/cobot/cobot_ws/install/mycobot_280rdkx5_moveit2:/home/amin/cobot/cobot_ws/install/mycobot_280pi:/home/amin/cobot/cobot_ws/install/mycobot_280jn:/home/amin/cobot/cobot_ws/install/mycobot_280arduino_moveit2:/home/amin/cobot/cobot_ws/install/mycobot_280_x3pi:/home/amin/cobot/cobot_ws/install/mycobot_280_riscv:/home/amin/cobot/cobot_ws/install/mycobot_280_rdkx5:/home/amin/cobot/cobot_ws/install/mycobot_280_moveit2_control:/home/amin/cobot/cobot_ws/install/mycobot_280_moveit2:/home/amin/cobot/cobot_ws/install/mycobot_280_gazebo_jazzy:/home/amin/cobot/cobot_ws/install/mycobot_280_gazebo:/home/amin/cobot/cobot_ws/install/mycobot_280_arduino:/home/amin/cobot/cobot_ws/install/mycobot_280:/home/amin/cobot/cobot_ws/install/mybuddy:/home/amin/cobot/cobot_ws/install/myarm_300:/home/amin/cobot/cobot_ws/install/mecharm_pi:/home/amin/cobot/cobot_ws/install/mecharm:/home/amin/cobot/cobot_ws/install/mecharm_interfaces:/opt/ros/jazzy DEBUGINFOD_URLS=https://debuginfod.ubuntu.com PYTHONPATH=/home/amin/cobot/cobot_ws/build/mecharm/prefix_override:/usr/lib/python3/dist-packages/colcon_core/task/python/colcon_distutils_commands:/home/amin/cobot/cobot_ws/install/mecharm/lib/python3.12/site-packages:/home/amin/cobot/cobot_ws/install/mycobot_description/lib/python3.12/site-packages:/home/amin/cobot/cobot_ws/install/ultraarm/lib/python3.12/site-packages:/home/amin/cobot/cobot_ws/install/pro450_moveit2_control/lib/python3.12/site-packages:/home/amin/cobot/cobot_ws/install/mypalletizer_communication/lib/python3.12/site-packages:/home/amin/cobot/cobot_ws/install/mypalletizer_interfaces/lib/python3.12/site-packages:/home/amin/cobot/cobot_ws/install/mypalletizer_260_pi/lib/python3.12/site-packages:/home/amin/cobot/cobot_ws/install/mypalletizer_260/lib/python3.12/site-packages:/home/amin/cobot/cobot_ws/install/mycobot_pro_450/lib/python3.12/site-packages:/home/amin/cobot/cobot_ws/install/mycobot_pro450_interfaces/lib/python3.12/site-packages:/home/amin/cobot/cobot_ws/install/myarm_m750/lib/python3.12/site-packages:/home/amin/cobot/cobot_ws/install/myarm_c650/lib/python3.12/site-packages:/home/amin/cobot/cobot_ws/install/mycobot_communication/lib/python3.12/site-packages:/home/amin/cobot/cobot_ws/install/mecharm_communication/lib/python3.12/site-packages:/home/amin/cobot/cobot_ws/install/mycobot_interfaces/lib/python3.12/site-packages:/home/amin/cobot/cobot_ws/install/mycobot_630/lib/python3.12/site-packages:/home/amin/cobot/cobot_ws/install/mycobot_600/lib/python3.12/site-packages:/home/amin/cobot/cobot_ws/install/mycobot_320pi/lib/python3.12/site-packages:/home/amin/cobot/cobot_ws/install/mycobot_320_riscv/lib/python3.12/site-packages:/home/amin/cobot/cobot_ws/install/mycobot_320/lib/python3.12/site-packages:/home/amin/cobot/cobot_ws/install/mycobot_280pi/lib/python3.12/site-packages:/home/amin/cobot/cobot_ws/install/mycobot_280jn/lib/python3.12/site-packages:/home/amin/cobot/cobot_ws/install/mycobot_280_x3pi/lib/python3.12/site-packages:/home/amin/cobot/cobot_ws/install/mycobot_280_riscv/lib/python3.12/site-packages:/home/amin/cobot/cobot_ws/install/mycobot_280_rdkx5/lib/python3.12/site-packages:/home/amin/cobot/cobot_ws/install/mycobot_280_moveit2_control/lib/python3.12/site-packages:/home/amin/cobot/cobot_ws/install/mycobot_280_arduino/lib/python3.12/site-packages:/home/amin/cobot/cobot_ws/install/mycobot_280/lib/python3.12/site-packages:/home/amin/cobot/cobot_ws/install/mybuddy/lib/python3.12/site-packages:/home/amin/cobot/cobot_ws/install/myarm_300/lib/python3.12/site-packages:/home/amin/cobot/cobot_ws/install/mecharm_pi/lib/python3.12/site-packages:/home/amin/cobot/cobot_ws/install/mecharm/lib/python3.12/site-packages:/home/amin/cobot/cobot_ws/install/mecharm_interfaces/lib/python3.12/site-packages:/opt/ros/jazzy/lib/python3.12/site-packages /usr/bin/python3 -W ignore:setup.py install is deprecated -W ignore:easy_install command is deprecated setup.py egg_info --egg-base ../../../../build/mecharm build --build-base /home/amin/cobot/cobot_ws/build/mecharm/build install --record /home/amin/cobot/cobot_ws/build/mecharm/install.log --single-version-externally-managed install_data
[4.945s] Level 1:colcon.colcon_core.environment:checking '/home/amin/cobot/cobot_ws/install/mecharm' for CMake config files
[4.946s] Level 1:colcon.colcon_core.environment:checking '/home/amin/cobot/cobot_ws/install/mecharm/lib'
[4.946s] Level 1:colcon.colcon_core.environment:checking '/home/amin/cobot/cobot_ws/install/mecharm/bin'
[4.946s] Level 1:colcon.colcon_core.environment:checking '/home/amin/cobot/cobot_ws/install/mecharm/lib/pkgconfig/mecharm.pc'
[4.946s] Level 1:colcon.colcon_core.environment:checking '/home/amin/cobot/cobot_ws/install/mecharm/lib/python3.12/site-packages'
[4.947s] Level 1:colcon.colcon_core.shell:create_environment_hook('mecharm', 'pythonpath')
[4.947s] INFO:colcon.colcon_core.shell:Creating environment hook '/home/amin/cobot/cobot_ws/install/mecharm/share/mecharm/hook/pythonpath.ps1'
[4.947s] INFO:colcon.colcon_core.shell:Creating environment descriptor '/home/amin/cobot/cobot_ws/install/mecharm/share/mecharm/hook/pythonpath.dsv'
[4.947s] INFO:colcon.colcon_core.shell:Creating environment hook '/home/amin/cobot/cobot_ws/install/mecharm/share/mecharm/hook/pythonpath.sh'
[4.948s] Level 1:colcon.colcon_core.environment:checking '/home/amin/cobot/cobot_ws/install/mecharm/bin'
[4.948s] Level 1:colcon.colcon_core.environment:create_environment_scripts_only(mecharm)
[4.948s] INFO:colcon.colcon_core.shell:Creating package script '/home/amin/cobot/cobot_ws/install/mecharm/share/mecharm/package.ps1'
[4.949s] INFO:colcon.colcon_core.shell:Creating package descriptor '/home/amin/cobot/cobot_ws/install/mecharm/share/mecharm/package.dsv'
[4.949s] INFO:colcon.colcon_core.shell:Creating package script '/home/amin/cobot/cobot_ws/install/mecharm/share/mecharm/package.sh'
[4.950s] INFO:colcon.colcon_core.shell:Creating package script '/home/amin/cobot/cobot_ws/install/mecharm/share/mecharm/package.bash'
[4.950s] INFO:colcon.colcon_core.shell:Creating package script '/home/amin/cobot/cobot_ws/install/mecharm/share/mecharm/package.zsh'
[4.950s] Level 1:colcon.colcon_core.environment:create_file_with_runtime_dependencies(/home/amin/cobot/cobot_ws/install/mecharm/share/colcon-core/packages/mecharm)
[4.950s] Level 1:colcon.colcon_core.environment:checking '/home/amin/cobot/cobot_ws/install/mecharm_pi' for CMake module files
[4.951s] Level 1:colcon.colcon_core.environment:checking '/home/amin/cobot/cobot_ws/install/mecharm_pi' for CMake config files
[4.952s] DEBUG:colcon.colcon_core.event_handler.log_command:Invoked command in '/home/amin/cobot/cobot_ws/src/mycobot_ros2/mecharm/mecharm_pi' returned '0': AMENT_PREFIX_PATH=/home/amin/cobot/cobot_ws/install/mycobot_description:/home/amin/cobot/cobot_ws/install/ultraarm:/home/amin/cobot/cobot_ws/install/pro450_moveit2_control:/home/amin/cobot/cobot_ws/install/pro450_moveit2:/home/amin/cobot/cobot_ws/install/mypalletizer_communication:/home/amin/cobot/cobot_ws/install/mypalletizer_interfaces:/home/amin/cobot/cobot_ws/install/mypalletizer_260_pi:/home/amin/cobot/cobot_ws/install/mypalletizer_260:/home/amin/cobot/cobot_ws/install/mycobot_pro_450:/home/amin/cobot/cobot_ws/install/mycobot_pro450_interfaces:/home/amin/cobot/cobot_ws/install/myarm_m750:/home/amin/cobot/cobot_ws/install/myarm_c650:/home/amin/cobot/cobot_ws/install/mycobot_communication:/home/amin/cobot/cobot_ws/install/mecharm_communication:/home/amin/cobot/cobot_ws/install/mycobot_interfaces:/home/amin/cobot/cobot_ws/install/mycobot_630:/home/amin/cobot/cobot_ws/install/mycobot_600:/home/amin/cobot/cobot_ws/install/mycobot_320pi:/home/amin/cobot/cobot_ws/install/mycobot_320_riscv:/home/amin/cobot/cobot_ws/install/mycobot_320:/home/amin/cobot/cobot_ws/install/mycobot_280rdkx5_moveit2:/home/amin/cobot/cobot_ws/install/mycobot_280pi:/home/amin/cobot/cobot_ws/install/mycobot_280jn:/home/amin/cobot/cobot_ws/install/mycobot_280arduino_moveit2:/home/amin/cobot/cobot_ws/install/mycobot_280_x3pi:/home/amin/cobot/cobot_ws/install/mycobot_280_riscv:/home/amin/cobot/cobot_ws/install/mycobot_280_rdkx5:/home/amin/cobot/cobot_ws/install/mycobot_280_moveit2_control:/home/amin/cobot/cobot_ws/install/mycobot_280_moveit2:/home/amin/cobot/cobot_ws/install/mycobot_280_gazebo_jazzy:/home/amin/cobot/cobot_ws/install/mycobot_280_gazebo:/home/amin/cobot/cobot_ws/install/mycobot_280_arduino:/home/amin/cobot/cobot_ws/install/mycobot_280:/home/amin/cobot/cobot_ws/install/mybuddy:/home/amin/cobot/cobot_ws/install/myarm_300:/home/amin/cobot/cobot_ws/install/mecharm_pi:/home/amin/cobot/cobot_ws/install/mecharm:/home/amin/cobot/cobot_ws/install/mecharm_interfaces:/opt/ros/jazzy DEBUGINFOD_URLS=https://debuginfod.ubuntu.com PYTHONPATH=/home/amin/cobot/cobot_ws/build/mecharm_pi/prefix_override:/usr/lib/python3/dist-packages/colcon_core/task/python/colcon_distutils_commands:/home/amin/cobot/cobot_ws/install/mecharm_pi/lib/python3.12/site-packages:/home/amin/cobot/cobot_ws/install/mycobot_description/lib/python3.12/site-packages:/home/amin/cobot/cobot_ws/install/ultraarm/lib/python3.12/site-packages:/home/amin/cobot/cobot_ws/install/pro450_moveit2_control/lib/python3.12/site-packages:/home/amin/cobot/cobot_ws/install/mypalletizer_communication/lib/python3.12/site-packages:/home/amin/cobot/cobot_ws/install/mypalletizer_interfaces/lib/python3.12/site-packages:/home/amin/cobot/cobot_ws/install/mypalletizer_260_pi/lib/python3.12/site-packages:/home/amin/cobot/cobot_ws/install/mypalletizer_260/lib/python3.12/site-packages:/home/amin/cobot/cobot_ws/install/mycobot_pro_450/lib/python3.12/site-packages:/home/amin/cobot/cobot_ws/install/mycobot_pro450_interfaces/lib/python3.12/site-packages:/home/amin/cobot/cobot_ws/install/myarm_m750/lib/python3.12/site-packages:/home/amin/cobot/cobot_ws/install/myarm_c650/lib/python3.12/site-packages:/home/amin/cobot/cobot_ws/install/mycobot_communication/lib/python3.12/site-packages:/home/amin/cobot/cobot_ws/install/mecharm_communication/lib/python3.12/site-packages:/home/amin/cobot/cobot_ws/install/mycobot_interfaces/lib/python3.12/site-packages:/home/amin/cobot/cobot_ws/install/mycobot_630/lib/python3.12/site-packages:/home/amin/cobot/cobot_ws/install/mycobot_600/lib/python3.12/site-packages:/home/amin/cobot/cobot_ws/install/mycobot_320pi/lib/python3.12/site-packages:/home/amin/cobot/cobot_ws/install/mycobot_320_riscv/lib/python3.12/site-packages:/home/amin/cobot/cobot_ws/install/mycobot_320/lib/python3.12/site-packages:/home/amin/cobot/cobot_ws/install/mycobot_280pi/lib/python3.12/site-packages:/home/amin/cobot/cobot_ws/install/mycobot_280jn/lib/python3.12/site-packages:/home/amin/cobot/cobot_ws/install/mycobot_280_x3pi/lib/python3.12/site-packages:/home/amin/cobot/cobot_ws/install/mycobot_280_riscv/lib/python3.12/site-packages:/home/amin/cobot/cobot_ws/install/mycobot_280_rdkx5/lib/python3.12/site-packages:/home/amin/cobot/cobot_ws/install/mycobot_280_moveit2_control/lib/python3.12/site-packages:/home/amin/cobot/cobot_ws/install/mycobot_280_arduino/lib/python3.12/site-packages:/home/amin/cobot/cobot_ws/install/mycobot_280/lib/python3.12/site-packages:/home/amin/cobot/cobot_ws/install/mybuddy/lib/python3.12/site-packages:/home/amin/cobot/cobot_ws/install/myarm_300/lib/python3.12/site-packages:/home/amin/cobot/cobot_ws/install/mecharm_pi/lib/python3.12/site-packages:/home/amin/cobot/cobot_ws/install/mecharm/lib/python3.12/site-packages:/home/amin/cobot/cobot_ws/install/mecharm_interfaces/lib/python3.12/site-packages:/opt/ros/jazzy/lib/python3.12/site-packages /usr/bin/python3 -W ignore:setup.py install is deprecated -W ignore:easy_install command is deprecated setup.py egg_info --egg-base ../../../../build/mecharm_pi build --build-base /home/amin/cobot/cobot_ws/build/mecharm_pi/build install --record /home/amin/cobot/cobot_ws/build/mecharm_pi/install.log --single-version-externally-managed install_data
[4.952s] Level 1:colcon.colcon_core.environment:checking '/home/amin/cobot/cobot_ws/install/mecharm_pi/lib'
[4.952s] Level 1:colcon.colcon_core.environment:checking '/home/amin/cobot/cobot_ws/install/mecharm_pi/bin'
[4.952s] Level 1:colcon.colcon_core.environment:checking '/home/amin/cobot/cobot_ws/install/mecharm_pi/lib/pkgconfig/mecharm_pi.pc'
[4.953s] Level 1:colcon.colcon_core.environment:checking '/home/amin/cobot/cobot_ws/install/mecharm_pi/lib/python3.12/site-packages'
[4.953s] Level 1:colcon.colcon_core.shell:create_environment_hook('mecharm_pi', 'pythonpath')
[4.953s] INFO:colcon.colcon_core.shell:Creating environment hook '/home/amin/cobot/cobot_ws/install/mecharm_pi/share/mecharm_pi/hook/pythonpath.ps1'
[4.953s] INFO:colcon.colcon_core.shell:Creating environment descriptor '/home/amin/cobot/cobot_ws/install/mecharm_pi/share/mecharm_pi/hook/pythonpath.dsv'
[4.954s] INFO:colcon.colcon_core.shell:Creating environment hook '/home/amin/cobot/cobot_ws/install/mecharm_pi/share/mecharm_pi/hook/pythonpath.sh'
[4.954s] Level 1:colcon.colcon_core.environment:checking '/home/amin/cobot/cobot_ws/install/mecharm_pi/bin'
[4.955s] Level 1:colcon.colcon_core.environment:create_environment_scripts_only(mecharm_pi)
[4.955s] INFO:colcon.colcon_core.shell:Creating package script '/home/amin/cobot/cobot_ws/install/mecharm_pi/share/mecharm_pi/package.ps1'
[4.956s] INFO:colcon.colcon_core.shell:Creating package descriptor '/home/amin/cobot/cobot_ws/install/mecharm_pi/share/mecharm_pi/package.dsv'
[4.956s] INFO:colcon.colcon_core.shell:Creating package script '/home/amin/cobot/cobot_ws/install/mecharm_pi/share/mecharm_pi/package.sh'
[4.957s] INFO:colcon.colcon_core.shell:Creating package script '/home/amin/cobot/cobot_ws/install/mecharm_pi/share/mecharm_pi/package.bash'
[4.957s] INFO:colcon.colcon_core.shell:Creating package script '/home/amin/cobot/cobot_ws/install/mecharm_pi/share/mecharm_pi/package.zsh'
[4.957s] Level 1:colcon.colcon_core.environment:create_file_with_runtime_dependencies(/home/amin/cobot/cobot_ws/install/mecharm_pi/share/colcon-core/packages/mecharm_pi)
[5.137s] INFO:colcon.colcon_core.task.python.build:Building Python package in '/home/amin/cobot/cobot_ws/src/mycobot_ros2/mycobot_280/mycobot_280_x3pi'
[5.137s] INFO:colcon.colcon_core.shell:Skip shell extension 'powershell' for command environment: Not usable outside of PowerShell
[5.137s] DEBUG:colcon.colcon_core.shell:Skip shell extension 'dsv' for command environment
[5.141s] Level 1:colcon.colcon_core.environment:checking '/home/amin/cobot/cobot_ws/install/mycobot_280' for CMake module files
[5.142s] DEBUG:colcon.colcon_core.event_handler.log_command:Invoked command in '/home/amin/cobot/cobot_ws/src/mycobot_ros2/mycobot_280/mycobot_280' returned '0': AMENT_PREFIX_PATH=/home/amin/cobot/cobot_ws/install/mycobot_description:/home/amin/cobot/cobot_ws/install/ultraarm:/home/amin/cobot/cobot_ws/install/pro450_moveit2_control:/home/amin/cobot/cobot_ws/install/pro450_moveit2:/home/amin/cobot/cobot_ws/install/mypalletizer_communication:/home/amin/cobot/cobot_ws/install/mypalletizer_interfaces:/home/amin/cobot/cobot_ws/install/mypalletizer_260_pi:/home/amin/cobot/cobot_ws/install/mypalletizer_260:/home/amin/cobot/cobot_ws/install/mycobot_pro_450:/home/amin/cobot/cobot_ws/install/mycobot_pro450_interfaces:/home/amin/cobot/cobot_ws/install/myarm_m750:/home/amin/cobot/cobot_ws/install/myarm_c650:/home/amin/cobot/cobot_ws/install/mycobot_communication:/home/amin/cobot/cobot_ws/install/mecharm_communication:/home/amin/cobot/cobot_ws/install/mycobot_interfaces:/home/amin/cobot/cobot_ws/install/mycobot_630:/home/amin/cobot/cobot_ws/install/mycobot_600:/home/amin/cobot/cobot_ws/install/mycobot_320pi:/home/amin/cobot/cobot_ws/install/mycobot_320_riscv:/home/amin/cobot/cobot_ws/install/mycobot_320:/home/amin/cobot/cobot_ws/install/mycobot_280rdkx5_moveit2:/home/amin/cobot/cobot_ws/install/mycobot_280pi:/home/amin/cobot/cobot_ws/install/mycobot_280jn:/home/amin/cobot/cobot_ws/install/mycobot_280arduino_moveit2:/home/amin/cobot/cobot_ws/install/mycobot_280_x3pi:/home/amin/cobot/cobot_ws/install/mycobot_280_riscv:/home/amin/cobot/cobot_ws/install/mycobot_280_rdkx5:/home/amin/cobot/cobot_ws/install/mycobot_280_moveit2_control:/home/amin/cobot/cobot_ws/install/mycobot_280_moveit2:/home/amin/cobot/cobot_ws/install/mycobot_280_gazebo_jazzy:/home/amin/cobot/cobot_ws/install/mycobot_280_gazebo:/home/amin/cobot/cobot_ws/install/mycobot_280_arduino:/home/amin/cobot/cobot_ws/install/mycobot_280:/home/amin/cobot/cobot_ws/install/mybuddy:/home/amin/cobot/cobot_ws/install/myarm_300:/home/amin/cobot/cobot_ws/install/mecharm_pi:/home/amin/cobot/cobot_ws/install/mecharm:/home/amin/cobot/cobot_ws/install/mecharm_interfaces:/opt/ros/jazzy DEBUGINFOD_URLS=https://debuginfod.ubuntu.com PYTHONPATH=/home/amin/cobot/cobot_ws/build/mycobot_280/prefix_override:/usr/lib/python3/dist-packages/colcon_core/task/python/colcon_distutils_commands:/home/amin/cobot/cobot_ws/install/mycobot_280/lib/python3.12/site-packages:/home/amin/cobot/cobot_ws/install/mycobot_description/lib/python3.12/site-packages:/home/amin/cobot/cobot_ws/install/ultraarm/lib/python3.12/site-packages:/home/amin/cobot/cobot_ws/install/pro450_moveit2_control/lib/python3.12/site-packages:/home/amin/cobot/cobot_ws/install/mypalletizer_communication/lib/python3.12/site-packages:/home/amin/cobot/cobot_ws/install/mypalletizer_interfaces/lib/python3.12/site-packages:/home/amin/cobot/cobot_ws/install/mypalletizer_260_pi/lib/python3.12/site-packages:/home/amin/cobot/cobot_ws/install/mypalletizer_260/lib/python3.12/site-packages:/home/amin/cobot/cobot_ws/install/mycobot_pro_450/lib/python3.12/site-packages:/home/amin/cobot/cobot_ws/install/mycobot_pro450_interfaces/lib/python3.12/site-packages:/home/amin/cobot/cobot_ws/install/myarm_m750/lib/python3.12/site-packages:/home/amin/cobot/cobot_ws/install/myarm_c650/lib/python3.12/site-packages:/home/amin/cobot/cobot_ws/install/mycobot_communication/lib/python3.12/site-packages:/home/amin/cobot/cobot_ws/install/mecharm_communication/lib/python3.12/site-packages:/home/amin/cobot/cobot_ws/install/mycobot_interfaces/lib/python3.12/site-packages:/home/amin/cobot/cobot_ws/install/mycobot_630/lib/python3.12/site-packages:/home/amin/cobot/cobot_ws/install/mycobot_600/lib/python3.12/site-packages:/home/amin/cobot/cobot_ws/install/mycobot_320pi/lib/python3.12/site-packages:/home/amin/cobot/cobot_ws/install/mycobot_320_riscv/lib/python3.12/site-packages:/home/amin/cobot/cobot_ws/install/mycobot_320/lib/python3.12/site-packages:/home/amin/cobot/cobot_ws/install/mycobot_280pi/lib/python3.12/site-packages:/home/amin/cobot/cobot_ws/install/mycobot_280jn/lib/python3.12/site-packages:/home/amin/cobot/cobot_ws/install/mycobot_280_x3pi/lib/python3.12/site-packages:/home/amin/cobot/cobot_ws/install/mycobot_280_riscv/lib/python3.12/site-packages:/home/amin/cobot/cobot_ws/install/mycobot_280_rdkx5/lib/python3.12/site-packages:/home/amin/cobot/cobot_ws/install/mycobot_280_moveit2_control/lib/python3.12/site-packages:/home/amin/cobot/cobot_ws/install/mycobot_280_arduino/lib/python3.12/site-packages:/home/amin/cobot/cobot_ws/install/mycobot_280/lib/python3.12/site-packages:/home/amin/cobot/cobot_ws/install/mybuddy/lib/python3.12/site-packages:/home/amin/cobot/cobot_ws/install/myarm_300/lib/python3.12/site-packages:/home/amin/cobot/cobot_ws/install/mecharm_pi/lib/python3.12/site-packages:/home/amin/cobot/cobot_ws/install/mecharm/lib/python3.12/site-packages:/home/amin/cobot/cobot_ws/install/mecharm_interfaces/lib/python3.12/site-packages:/opt/ros/jazzy/lib/python3.12/site-packages /usr/bin/python3 -W ignore:setup.py install is deprecated -W ignore:easy_install command is deprecated setup.py egg_info --egg-base ../../../../build/mycobot_280 build --build-base /home/amin/cobot/cobot_ws/build/mycobot_280/build install --record /home/amin/cobot/cobot_ws/build/mycobot_280/install.log --single-version-externally-managed install_data
[5.142s] Level 1:colcon.colcon_core.environment:checking '/home/amin/cobot/cobot_ws/install/mycobot_280' for CMake config files
[5.143s] Level 1:colcon.colcon_core.environment:checking '/home/amin/cobot/cobot_ws/install/mycobot_280/lib'
[5.143s] Level 1:colcon.colcon_core.environment:checking '/home/amin/cobot/cobot_ws/install/mycobot_280/bin'
[5.143s] Level 1:colcon.colcon_core.environment:checking '/home/amin/cobot/cobot_ws/install/mycobot_280/lib/pkgconfig/mycobot_280.pc'
[5.143s] Level 1:colcon.colcon_core.environment:checking '/home/amin/cobot/cobot_ws/install/mycobot_280/lib/python3.12/site-packages'
[5.143s] Level 1:colcon.colcon_core.shell:create_environment_hook('mycobot_280', 'pythonpath')
[5.143s] INFO:colcon.colcon_core.shell:Creating environment hook '/home/amin/cobot/cobot_ws/install/mycobot_280/share/mycobot_280/hook/pythonpath.ps1'
[5.143s] INFO:colcon.colcon_core.shell:Creating environment descriptor '/home/amin/cobot/cobot_ws/install/mycobot_280/share/mycobot_280/hook/pythonpath.dsv'
[5.144s] INFO:colcon.colcon_core.shell:Creating environment hook '/home/amin/cobot/cobot_ws/install/mycobot_280/share/mycobot_280/hook/pythonpath.sh'
[5.144s] Level 1:colcon.colcon_core.environment:checking '/home/amin/cobot/cobot_ws/install/mycobot_280/bin'
[5.144s] Level 1:colcon.colcon_core.environment:create_environment_scripts_only(mycobot_280)
[5.144s] INFO:colcon.colcon_core.shell:Creating package script '/home/amin/cobot/cobot_ws/install/mycobot_280/share/mycobot_280/package.ps1'
[5.145s] INFO:colcon.colcon_core.shell:Creating package descriptor '/home/amin/cobot/cobot_ws/install/mycobot_280/share/mycobot_280/package.dsv'
[5.145s] INFO:colcon.colcon_core.shell:Creating package script '/home/amin/cobot/cobot_ws/install/mycobot_280/share/mycobot_280/package.sh'
[5.145s] INFO:colcon.colcon_core.shell:Creating package script '/home/amin/cobot/cobot_ws/install/mycobot_280/share/mycobot_280/package.bash'
[5.146s] INFO:colcon.colcon_core.shell:Creating package script '/home/amin/cobot/cobot_ws/install/mycobot_280/share/mycobot_280/package.zsh'
[5.146s] Level 1:colcon.colcon_core.environment:create_file_with_runtime_dependencies(/home/amin/cobot/cobot_ws/install/mycobot_280/share/colcon-core/packages/mycobot_280)
[5.146s] Level 1:colcon.colcon_core.environment:checking '/home/amin/cobot/cobot_ws/install/mybuddy' for CMake module files
[5.147s] Level 1:colcon.colcon_core.environment:checking '/home/amin/cobot/cobot_ws/install/mybuddy' for CMake config files
[5.147s] DEBUG:colcon.colcon_core.event_handler.log_command:Invoked command in '/home/amin/cobot/cobot_ws/src/mycobot_ros2/Mybuddy/mybuddy' returned '0': AMENT_PREFIX_PATH=/home/amin/cobot/cobot_ws/install/mycobot_description:/home/amin/cobot/cobot_ws/install/ultraarm:/home/amin/cobot/cobot_ws/install/pro450_moveit2_control:/home/amin/cobot/cobot_ws/install/pro450_moveit2:/home/amin/cobot/cobot_ws/install/mypalletizer_communication:/home/amin/cobot/cobot_ws/install/mypalletizer_interfaces:/home/amin/cobot/cobot_ws/install/mypalletizer_260_pi:/home/amin/cobot/cobot_ws/install/mypalletizer_260:/home/amin/cobot/cobot_ws/install/mycobot_pro_450:/home/amin/cobot/cobot_ws/install/mycobot_pro450_interfaces:/home/amin/cobot/cobot_ws/install/myarm_m750:/home/amin/cobot/cobot_ws/install/myarm_c650:/home/amin/cobot/cobot_ws/install/mycobot_communication:/home/amin/cobot/cobot_ws/install/mecharm_communication:/home/amin/cobot/cobot_ws/install/mycobot_interfaces:/home/amin/cobot/cobot_ws/install/mycobot_630:/home/amin/cobot/cobot_ws/install/mycobot_600:/home/amin/cobot/cobot_ws/install/mycobot_320pi:/home/amin/cobot/cobot_ws/install/mycobot_320_riscv:/home/amin/cobot/cobot_ws/install/mycobot_320:/home/amin/cobot/cobot_ws/install/mycobot_280rdkx5_moveit2:/home/amin/cobot/cobot_ws/install/mycobot_280pi:/home/amin/cobot/cobot_ws/install/mycobot_280jn:/home/amin/cobot/cobot_ws/install/mycobot_280arduino_moveit2:/home/amin/cobot/cobot_ws/install/mycobot_280_x3pi:/home/amin/cobot/cobot_ws/install/mycobot_280_riscv:/home/amin/cobot/cobot_ws/install/mycobot_280_rdkx5:/home/amin/cobot/cobot_ws/install/mycobot_280_moveit2_control:/home/amin/cobot/cobot_ws/install/mycobot_280_moveit2:/home/amin/cobot/cobot_ws/install/mycobot_280_gazebo_jazzy:/home/amin/cobot/cobot_ws/install/mycobot_280_gazebo:/home/amin/cobot/cobot_ws/install/mycobot_280_arduino:/home/amin/cobot/cobot_ws/install/mycobot_280:/home/amin/cobot/cobot_ws/install/mybuddy:/home/amin/cobot/cobot_ws/install/myarm_300:/home/amin/cobot/cobot_ws/install/mecharm_pi:/home/amin/cobot/cobot_ws/install/mecharm:/home/amin/cobot/cobot_ws/install/mecharm_interfaces:/opt/ros/jazzy DEBUGINFOD_URLS=https://debuginfod.ubuntu.com PYTHONPATH=/home/amin/cobot/cobot_ws/build/mybuddy/prefix_override:/usr/lib/python3/dist-packages/colcon_core/task/python/colcon_distutils_commands:/home/amin/cobot/cobot_ws/install/mybuddy/lib/python3.12/site-packages:/home/amin/cobot/cobot_ws/install/mycobot_description/lib/python3.12/site-packages:/home/amin/cobot/cobot_ws/install/ultraarm/lib/python3.12/site-packages:/home/amin/cobot/cobot_ws/install/pro450_moveit2_control/lib/python3.12/site-packages:/home/amin/cobot/cobot_ws/install/mypalletizer_communication/lib/python3.12/site-packages:/home/amin/cobot/cobot_ws/install/mypalletizer_interfaces/lib/python3.12/site-packages:/home/amin/cobot/cobot_ws/install/mypalletizer_260_pi/lib/python3.12/site-packages:/home/amin/cobot/cobot_ws/install/mypalletizer_260/lib/python3.12/site-packages:/home/amin/cobot/cobot_ws/install/mycobot_pro_450/lib/python3.12/site-packages:/home/amin/cobot/cobot_ws/install/mycobot_pro450_interfaces/lib/python3.12/site-packages:/home/amin/cobot/cobot_ws/install/myarm_m750/lib/python3.12/site-packages:/home/amin/cobot/cobot_ws/install/myarm_c650/lib/python3.12/site-packages:/home/amin/cobot/cobot_ws/install/mycobot_communication/lib/python3.12/site-packages:/home/amin/cobot/cobot_ws/install/mecharm_communication/lib/python3.12/site-packages:/home/amin/cobot/cobot_ws/install/mycobot_interfaces/lib/python3.12/site-packages:/home/amin/cobot/cobot_ws/install/mycobot_630/lib/python3.12/site-packages:/home/amin/cobot/cobot_ws/install/mycobot_600/lib/python3.12/site-packages:/home/amin/cobot/cobot_ws/install/mycobot_320pi/lib/python3.12/site-packages:/home/amin/cobot/cobot_ws/install/mycobot_320_riscv/lib/python3.12/site-packages:/home/amin/cobot/cobot_ws/install/mycobot_320/lib/python3.12/site-packages:/home/amin/cobot/cobot_ws/install/mycobot_280pi/lib/python3.12/site-packages:/home/amin/cobot/cobot_ws/install/mycobot_280jn/lib/python3.12/site-packages:/home/amin/cobot/cobot_ws/install/mycobot_280_x3pi/lib/python3.12/site-packages:/home/amin/cobot/cobot_ws/install/mycobot_280_riscv/lib/python3.12/site-packages:/home/amin/cobot/cobot_ws/install/mycobot_280_rdkx5/lib/python3.12/site-packages:/home/amin/cobot/cobot_ws/install/mycobot_280_moveit2_control/lib/python3.12/site-packages:/home/amin/cobot/cobot_ws/install/mycobot_280_arduino/lib/python3.12/site-packages:/home/amin/cobot/cobot_ws/install/mycobot_280/lib/python3.12/site-packages:/home/amin/cobot/cobot_ws/install/mybuddy/lib/python3.12/site-packages:/home/amin/cobot/cobot_ws/install/myarm_300/lib/python3.12/site-packages:/home/amin/cobot/cobot_ws/install/mecharm_pi/lib/python3.12/site-packages:/home/amin/cobot/cobot_ws/install/mecharm/lib/python3.12/site-packages:/home/amin/cobot/cobot_ws/install/mecharm_interfaces/lib/python3.12/site-packages:/opt/ros/jazzy/lib/python3.12/site-packages /usr/bin/python3 -W ignore:setup.py install is deprecated -W ignore:easy_install command is deprecated setup.py egg_info --egg-base ../../../../build/mybuddy build --build-base /home/amin/cobot/cobot_ws/build/mybuddy/build install --record /home/amin/cobot/cobot_ws/build/mybuddy/install.log --single-version-externally-managed install_data
[5.147s] Level 1:colcon.colcon_core.environment:checking '/home/amin/cobot/cobot_ws/install/mybuddy/lib'
[5.148s] Level 1:colcon.colcon_core.environment:checking '/home/amin/cobot/cobot_ws/install/mybuddy/bin'
[5.148s] Level 1:colcon.colcon_core.environment:checking '/home/amin/cobot/cobot_ws/install/mybuddy/lib/pkgconfig/mybuddy.pc'
[5.148s] Level 1:colcon.colcon_core.environment:checking '/home/amin/cobot/cobot_ws/install/mybuddy/lib/python3.12/site-packages'
[5.148s] Level 1:colcon.colcon_core.shell:create_environment_hook('mybuddy', 'pythonpath')
[5.148s] INFO:colcon.colcon_core.shell:Creating environment hook '/home/amin/cobot/cobot_ws/install/mybuddy/share/mybuddy/hook/pythonpath.ps1'
[5.149s] INFO:colcon.colcon_core.shell:Creating environment descriptor '/home/amin/cobot/cobot_ws/install/mybuddy/share/mybuddy/hook/pythonpath.dsv'
[5.150s] INFO:colcon.colcon_core.shell:Creating environment hook '/home/amin/cobot/cobot_ws/install/mybuddy/share/mybuddy/hook/pythonpath.sh'
[5.150s] Level 1:colcon.colcon_core.environment:checking '/home/amin/cobot/cobot_ws/install/mybuddy/bin'
[5.150s] Level 1:colcon.colcon_core.environment:create_environment_scripts_only(mybuddy)
[5.150s] INFO:colcon.colcon_core.shell:Creating package script '/home/amin/cobot/cobot_ws/install/mybuddy/share/mybuddy/package.ps1'
[5.151s] INFO:colcon.colcon_core.shell:Creating package descriptor '/home/amin/cobot/cobot_ws/install/mybuddy/share/mybuddy/package.dsv'
[5.151s] INFO:colcon.colcon_core.shell:Creating package script '/home/amin/cobot/cobot_ws/install/mybuddy/share/mybuddy/package.sh'
[5.152s] INFO:colcon.colcon_core.shell:Creating package script '/home/amin/cobot/cobot_ws/install/mybuddy/share/mybuddy/package.bash'
[5.152s] INFO:colcon.colcon_core.shell:Creating package script '/home/amin/cobot/cobot_ws/install/mybuddy/share/mybuddy/package.zsh'
[5.152s] Level 1:colcon.colcon_core.environment:create_file_with_runtime_dependencies(/home/amin/cobot/cobot_ws/install/mybuddy/share/colcon-core/packages/mybuddy)
[5.153s] INFO:colcon.colcon_ros.task.ament_cmake.build:Building ROS package in '/home/amin/cobot/cobot_ws/src/mycobot_ros2/mycobot_280/mycobot_280arduino_moveit2' with build type 'ament_cmake'
[5.153s] INFO:colcon.colcon_cmake.task.cmake.build:Building CMake package in '/home/amin/cobot/cobot_ws/src/mycobot_ros2/mycobot_280/mycobot_280arduino_moveit2'
[5.153s] INFO:colcon.colcon_core.shell:Skip shell extension 'powershell' for command environment: Not usable outside of PowerShell
[5.153s] DEBUG:colcon.colcon_core.shell:Skip shell extension 'dsv' for command environment
[5.157s] INFO:colcon.colcon_ros.task.ament_python.build:Building ROS package in '/home/amin/cobot/cobot_ws/src/mycobot_ros2/mycobot_280/mycobot_280jn' with build type 'ament_python'
[5.157s] Level 1:colcon.colcon_core.shell:create_environment_hook('mycobot_280jn', 'ament_prefix_path')
[5.157s] INFO:colcon.colcon_core.shell:Creating environment hook '/home/amin/cobot/cobot_ws/install/mycobot_280jn/share/mycobot_280jn/hook/ament_prefix_path.ps1'
[5.158s] INFO:colcon.colcon_core.shell:Creating environment descriptor '/home/amin/cobot/cobot_ws/install/mycobot_280jn/share/mycobot_280jn/hook/ament_prefix_path.dsv'
[5.158s] INFO:colcon.colcon_core.shell:Creating environment hook '/home/amin/cobot/cobot_ws/install/mycobot_280jn/share/mycobot_280jn/hook/ament_prefix_path.sh'
[5.158s] INFO:colcon.colcon_core.shell:Skip shell extension 'powershell' for command environment: Not usable outside of PowerShell
[5.158s] DEBUG:colcon.colcon_core.shell:Skip shell extension 'dsv' for command environment
[5.162s] INFO:colcon.colcon_ros.task.ament_python.build:Building ROS package in '/home/amin/cobot/cobot_ws/src/mycobot_ros2/mycobot_280/mycobot_280pi' with build type 'ament_python'
[5.162s] Level 1:colcon.colcon_core.shell:create_environment_hook('mycobot_280pi', 'ament_prefix_path')
[5.162s] INFO:colcon.colcon_core.shell:Creating environment hook '/home/amin/cobot/cobot_ws/install/mycobot_280pi/share/mycobot_280pi/hook/ament_prefix_path.ps1'
[5.162s] INFO:colcon.colcon_core.shell:Creating environment descriptor '/home/amin/cobot/cobot_ws/install/mycobot_280pi/share/mycobot_280pi/hook/ament_prefix_path.dsv'
[5.162s] INFO:colcon.colcon_core.shell:Creating environment hook '/home/amin/cobot/cobot_ws/install/mycobot_280pi/share/mycobot_280pi/hook/ament_prefix_path.sh'
[5.163s] INFO:colcon.colcon_core.shell:Skip shell extension 'powershell' for command environment: Not usable outside of PowerShell
[5.163s] DEBUG:colcon.colcon_core.shell:Skip shell extension 'dsv' for command environment
[5.166s] INFO:colcon.colcon_ros.task.ament_cmake.build:Building ROS package in '/home/amin/cobot/cobot_ws/src/mycobot_ros2/mycobot_280/mycobot_280rdkx5_moveit2' with build type 'ament_cmake'
[5.166s] INFO:colcon.colcon_cmake.task.cmake.build:Building CMake package in '/home/amin/cobot/cobot_ws/src/mycobot_ros2/mycobot_280/mycobot_280rdkx5_moveit2'
[5.166s] INFO:colcon.colcon_core.shell:Skip shell extension 'powershell' for command environment: Not usable outside of PowerShell
[5.166s] DEBUG:colcon.colcon_core.shell:Skip shell extension 'dsv' for command environment
[5.177s] Level 1:colcon.colcon_core.environment:checking '/home/amin/cobot/cobot_ws/install/mycobot_280_arduino' for CMake module files
[5.178s] Level 1:colcon.colcon_core.environment:checking '/home/amin/cobot/cobot_ws/install/mycobot_280_arduino' for CMake config files
[5.178s] DEBUG:colcon.colcon_core.event_handler.log_command:Invoking command in '/home/amin/cobot/cobot_ws/src/mycobot_ros2/mycobot_280/mycobot_280_moveit2_control': AMENT_PREFIX_PATH=/home/amin/cobot/cobot_ws/install/mycobot_description:/home/amin/cobot/cobot_ws/install/ultraarm:/home/amin/cobot/cobot_ws/install/pro450_moveit2_control:/home/amin/cobot/cobot_ws/install/pro450_moveit2:/home/amin/cobot/cobot_ws/install/mypalletizer_communication:/home/amin/cobot/cobot_ws/install/mypalletizer_interfaces:/home/amin/cobot/cobot_ws/install/mypalletizer_260_pi:/home/amin/cobot/cobot_ws/install/mypalletizer_260:/home/amin/cobot/cobot_ws/install/mycobot_pro_450:/home/amin/cobot/cobot_ws/install/mycobot_pro450_interfaces:/home/amin/cobot/cobot_ws/install/myarm_m750:/home/amin/cobot/cobot_ws/install/myarm_c650:/home/amin/cobot/cobot_ws/install/mycobot_communication:/home/amin/cobot/cobot_ws/install/mecharm_communication:/home/amin/cobot/cobot_ws/install/mycobot_interfaces:/home/amin/cobot/cobot_ws/install/mycobot_630:/home/amin/cobot/cobot_ws/install/mycobot_600:/home/amin/cobot/cobot_ws/install/mycobot_320pi:/home/amin/cobot/cobot_ws/install/mycobot_320_riscv:/home/amin/cobot/cobot_ws/install/mycobot_320:/home/amin/cobot/cobot_ws/install/mycobot_280rdkx5_moveit2:/home/amin/cobot/cobot_ws/install/mycobot_280pi:/home/amin/cobot/cobot_ws/install/mycobot_280jn:/home/amin/cobot/cobot_ws/install/mycobot_280arduino_moveit2:/home/amin/cobot/cobot_ws/install/mycobot_280_x3pi:/home/amin/cobot/cobot_ws/install/mycobot_280_riscv:/home/amin/cobot/cobot_ws/install/mycobot_280_rdkx5:/home/amin/cobot/cobot_ws/install/mycobot_280_moveit2_control:/home/amin/cobot/cobot_ws/install/mycobot_280_moveit2:/home/amin/cobot/cobot_ws/install/mycobot_280_gazebo_jazzy:/home/amin/cobot/cobot_ws/install/mycobot_280_gazebo:/home/amin/cobot/cobot_ws/install/mycobot_280_arduino:/home/amin/cobot/cobot_ws/install/mycobot_280:/home/amin/cobot/cobot_ws/install/mybuddy:/home/amin/cobot/cobot_ws/install/myarm_300:/home/amin/cobot/cobot_ws/install/mecharm_pi:/home/amin/cobot/cobot_ws/install/mecharm:/home/amin/cobot/cobot_ws/install/mecharm_interfaces:/opt/ros/jazzy DEBUGINFOD_URLS=https://debuginfod.ubuntu.com PYTHONPATH=/home/amin/cobot/cobot_ws/build/mycobot_280_moveit2_control/prefix_override:/usr/lib/python3/dist-packages/colcon_core/task/python/colcon_distutils_commands:/home/amin/cobot/cobot_ws/install/mycobot_280_moveit2_control/lib/python3.12/site-packages:/home/amin/cobot/cobot_ws/install/mycobot_description/lib/python3.12/site-packages:/home/amin/cobot/cobot_ws/install/ultraarm/lib/python3.12/site-packages:/home/amin/cobot/cobot_ws/install/pro450_moveit2_control/lib/python3.12/site-packages:/home/amin/cobot/cobot_ws/install/mypalletizer_communication/lib/python3.12/site-packages:/home/amin/cobot/cobot_ws/install/mypalletizer_interfaces/lib/python3.12/site-packages:/home/amin/cobot/cobot_ws/install/mypalletizer_260_pi/lib/python3.12/site-packages:/home/amin/cobot/cobot_ws/install/mypalletizer_260/lib/python3.12/site-packages:/home/amin/cobot/cobot_ws/install/mycobot_pro_450/lib/python3.12/site-packages:/home/amin/cobot/cobot_ws/install/mycobot_pro450_interfaces/lib/python3.12/site-packages:/home/amin/cobot/cobot_ws/install/myarm_m750/lib/python3.12/site-packages:/home/amin/cobot/cobot_ws/install/myarm_c650/lib/python3.12/site-packages:/home/amin/cobot/cobot_ws/install/mycobot_communication/lib/python3.12/site-packages:/home/amin/cobot/cobot_ws/install/mecharm_communication/lib/python3.12/site-packages:/home/amin/cobot/cobot_ws/install/mycobot_interfaces/lib/python3.12/site-packages:/home/amin/cobot/cobot_ws/install/mycobot_630/lib/python3.12/site-packages:/home/amin/cobot/cobot_ws/install/mycobot_600/lib/python3.12/site-packages:/home/amin/cobot/cobot_ws/install/mycobot_320pi/lib/python3.12/site-packages:/home/amin/cobot/cobot_ws/install/mycobot_320_riscv/lib/python3.12/site-packages:/home/amin/cobot/cobot_ws/install/mycobot_320/lib/python3.12/site-packages:/home/amin/cobot/cobot_ws/install/mycobot_280pi/lib/python3.12/site-packages:/home/amin/cobot/cobot_ws/install/mycobot_280jn/lib/python3.12/site-packages:/home/amin/cobot/cobot_ws/install/mycobot_280_x3pi/lib/python3.12/site-packages:/home/amin/cobot/cobot_ws/install/mycobot_280_riscv/lib/python3.12/site-packages:/home/amin/cobot/cobot_ws/install/mycobot_280_rdkx5/lib/python3.12/site-packages:/home/amin/cobot/cobot_ws/install/mycobot_280_moveit2_control/lib/python3.12/site-packages:/home/amin/cobot/cobot_ws/install/mycobot_280_arduino/lib/python3.12/site-packages:/home/amin/cobot/cobot_ws/install/mycobot_280/lib/python3.12/site-packages:/home/amin/cobot/cobot_ws/install/mybuddy/lib/python3.12/site-packages:/home/amin/cobot/cobot_ws/install/myarm_300/lib/python3.12/site-packages:/home/amin/cobot/cobot_ws/install/mecharm_pi/lib/python3.12/site-packages:/home/amin/cobot/cobot_ws/install/mecharm/lib/python3.12/site-packages:/home/amin/cobot/cobot_ws/install/mecharm_interfaces/lib/python3.12/site-packages:/opt/ros/jazzy/lib/python3.12/site-packages /usr/bin/python3 -W ignore:setup.py install is deprecated -W ignore:easy_install command is deprecated setup.py egg_info --egg-base ../../../../build/mycobot_280_moveit2_control build --build-base /home/amin/cobot/cobot_ws/build/mycobot_280_moveit2_control/build install --record /home/amin/cobot/cobot_ws/build/mycobot_280_moveit2_control/install.log --single-version-externally-managed install_data
[5.178s] DEBUG:colcon.colcon_core.event_handler.log_command:Invoked command in '/home/amin/cobot/cobot_ws/src/mycobot_ros2/mycobot_280/mycobot_280_arduino' returned '0': AMENT_PREFIX_PATH=/home/amin/cobot/cobot_ws/install/mycobot_description:/home/amin/cobot/cobot_ws/install/ultraarm:/home/amin/cobot/cobot_ws/install/pro450_moveit2_control:/home/amin/cobot/cobot_ws/install/pro450_moveit2:/home/amin/cobot/cobot_ws/install/mypalletizer_communication:/home/amin/cobot/cobot_ws/install/mypalletizer_interfaces:/home/amin/cobot/cobot_ws/install/mypalletizer_260_pi:/home/amin/cobot/cobot_ws/install/mypalletizer_260:/home/amin/cobot/cobot_ws/install/mycobot_pro_450:/home/amin/cobot/cobot_ws/install/mycobot_pro450_interfaces:/home/amin/cobot/cobot_ws/install/myarm_m750:/home/amin/cobot/cobot_ws/install/myarm_c650:/home/amin/cobot/cobot_ws/install/mycobot_communication:/home/amin/cobot/cobot_ws/install/mecharm_communication:/home/amin/cobot/cobot_ws/install/mycobot_interfaces:/home/amin/cobot/cobot_ws/install/mycobot_630:/home/amin/cobot/cobot_ws/install/mycobot_600:/home/amin/cobot/cobot_ws/install/mycobot_320pi:/home/amin/cobot/cobot_ws/install/mycobot_320_riscv:/home/amin/cobot/cobot_ws/install/mycobot_320:/home/amin/cobot/cobot_ws/install/mycobot_280rdkx5_moveit2:/home/amin/cobot/cobot_ws/install/mycobot_280pi:/home/amin/cobot/cobot_ws/install/mycobot_280jn:/home/amin/cobot/cobot_ws/install/mycobot_280arduino_moveit2:/home/amin/cobot/cobot_ws/install/mycobot_280_x3pi:/home/amin/cobot/cobot_ws/install/mycobot_280_riscv:/home/amin/cobot/cobot_ws/install/mycobot_280_rdkx5:/home/amin/cobot/cobot_ws/install/mycobot_280_moveit2_control:/home/amin/cobot/cobot_ws/install/mycobot_280_moveit2:/home/amin/cobot/cobot_ws/install/mycobot_280_gazebo_jazzy:/home/amin/cobot/cobot_ws/install/mycobot_280_gazebo:/home/amin/cobot/cobot_ws/install/mycobot_280_arduino:/home/amin/cobot/cobot_ws/install/mycobot_280:/home/amin/cobot/cobot_ws/install/mybuddy:/home/amin/cobot/cobot_ws/install/myarm_300:/home/amin/cobot/cobot_ws/install/mecharm_pi:/home/amin/cobot/cobot_ws/install/mecharm:/home/amin/cobot/cobot_ws/install/mecharm_interfaces:/opt/ros/jazzy DEBUGINFOD_URLS=https://debuginfod.ubuntu.com PYTHONPATH=/home/amin/cobot/cobot_ws/build/mycobot_280_arduino/prefix_override:/usr/lib/python3/dist-packages/colcon_core/task/python/colcon_distutils_commands:/home/amin/cobot/cobot_ws/install/mycobot_280_arduino/lib/python3.12/site-packages:/home/amin/cobot/cobot_ws/install/mycobot_description/lib/python3.12/site-packages:/home/amin/cobot/cobot_ws/install/ultraarm/lib/python3.12/site-packages:/home/amin/cobot/cobot_ws/install/pro450_moveit2_control/lib/python3.12/site-packages:/home/amin/cobot/cobot_ws/install/mypalletizer_communication/lib/python3.12/site-packages:/home/amin/cobot/cobot_ws/install/mypalletizer_interfaces/lib/python3.12/site-packages:/home/amin/cobot/cobot_ws/install/mypalletizer_260_pi/lib/python3.12/site-packages:/home/amin/cobot/cobot_ws/install/mypalletizer_260/lib/python3.12/site-packages:/home/amin/cobot/cobot_ws/install/mycobot_pro_450/lib/python3.12/site-packages:/home/amin/cobot/cobot_ws/install/mycobot_pro450_interfaces/lib/python3.12/site-packages:/home/amin/cobot/cobot_ws/install/myarm_m750/lib/python3.12/site-packages:/home/amin/cobot/cobot_ws/install/myarm_c650/lib/python3.12/site-packages:/home/amin/cobot/cobot_ws/install/mycobot_communication/lib/python3.12/site-packages:/home/amin/cobot/cobot_ws/install/mecharm_communication/lib/python3.12/site-packages:/home/amin/cobot/cobot_ws/install/mycobot_interfaces/lib/python3.12/site-packages:/home/amin/cobot/cobot_ws/install/mycobot_630/lib/python3.12/site-packages:/home/amin/cobot/cobot_ws/install/mycobot_600/lib/python3.12/site-packages:/home/amin/cobot/cobot_ws/install/mycobot_320pi/lib/python3.12/site-packages:/home/amin/cobot/cobot_ws/install/mycobot_320_riscv/lib/python3.12/site-packages:/home/amin/cobot/cobot_ws/install/mycobot_320/lib/python3.12/site-packages:/home/amin/cobot/cobot_ws/install/mycobot_280pi/lib/python3.12/site-packages:/home/amin/cobot/cobot_ws/install/mycobot_280jn/lib/python3.12/site-packages:/home/amin/cobot/cobot_ws/install/mycobot_280_x3pi/lib/python3.12/site-packages:/home/amin/cobot/cobot_ws/install/mycobot_280_riscv/lib/python3.12/site-packages:/home/amin/cobot/cobot_ws/install/mycobot_280_rdkx5/lib/python3.12/site-packages:/home/amin/cobot/cobot_ws/install/mycobot_280_moveit2_control/lib/python3.12/site-packages:/home/amin/cobot/cobot_ws/install/mycobot_280_arduino/lib/python3.12/site-packages:/home/amin/cobot/cobot_ws/install/mycobot_280/lib/python3.12/site-packages:/home/amin/cobot/cobot_ws/install/mybuddy/lib/python3.12/site-packages:/home/amin/cobot/cobot_ws/install/myarm_300/lib/python3.12/site-packages:/home/amin/cobot/cobot_ws/install/mecharm_pi/lib/python3.12/site-packages:/home/amin/cobot/cobot_ws/install/mecharm/lib/python3.12/site-packages:/home/amin/cobot/cobot_ws/install/mecharm_interfaces/lib/python3.12/site-packages:/opt/ros/jazzy/lib/python3.12/site-packages /usr/bin/python3 -W ignore:setup.py install is deprecated -W ignore:easy_install command is deprecated setup.py egg_info --egg-base ../../../../build/mycobot_280_arduino build --build-base /home/amin/cobot/cobot_ws/build/mycobot_280_arduino/build install --record /home/amin/cobot/cobot_ws/build/mycobot_280_arduino/install.log --single-version-externally-managed install_data
[5.178s] Level 1:colcon.colcon_core.environment:checking '/home/amin/cobot/cobot_ws/install/mycobot_280_arduino/lib'
[5.178s] Level 1:colcon.colcon_core.environment:checking '/home/amin/cobot/cobot_ws/install/mycobot_280_arduino/bin'
[5.178s] Level 1:colcon.colcon_core.environment:checking '/home/amin/cobot/cobot_ws/install/mycobot_280_arduino/lib/pkgconfig/mycobot_280_arduino.pc'
[5.179s] Level 1:colcon.colcon_core.environment:checking '/home/amin/cobot/cobot_ws/install/mycobot_280_arduino/lib/python3.12/site-packages'
[5.179s] Level 1:colcon.colcon_core.shell:create_environment_hook('mycobot_280_arduino', 'pythonpath')
[5.179s] INFO:colcon.colcon_core.shell:Creating environment hook '/home/amin/cobot/cobot_ws/install/mycobot_280_arduino/share/mycobot_280_arduino/hook/pythonpath.ps1'
[5.179s] INFO:colcon.colcon_core.shell:Creating environment descriptor '/home/amin/cobot/cobot_ws/install/mycobot_280_arduino/share/mycobot_280_arduino/hook/pythonpath.dsv'
[5.179s] INFO:colcon.colcon_core.shell:Creating environment hook '/home/amin/cobot/cobot_ws/install/mycobot_280_arduino/share/mycobot_280_arduino/hook/pythonpath.sh'
[5.180s] Level 1:colcon.colcon_core.environment:checking '/home/amin/cobot/cobot_ws/install/mycobot_280_arduino/bin'
[5.180s] Level 1:colcon.colcon_core.environment:create_environment_scripts_only(mycobot_280_arduino)
[5.180s] INFO:colcon.colcon_core.shell:Creating package script '/home/amin/cobot/cobot_ws/install/mycobot_280_arduino/share/mycobot_280_arduino/package.ps1'
[5.180s] INFO:colcon.colcon_core.shell:Creating package descriptor '/home/amin/cobot/cobot_ws/install/mycobot_280_arduino/share/mycobot_280_arduino/package.dsv'
[5.180s] INFO:colcon.colcon_core.shell:Creating package script '/home/amin/cobot/cobot_ws/install/mycobot_280_arduino/share/mycobot_280_arduino/package.sh'
[5.181s] INFO:colcon.colcon_core.shell:Creating package script '/home/amin/cobot/cobot_ws/install/mycobot_280_arduino/share/mycobot_280_arduino/package.bash'
[5.181s] INFO:colcon.colcon_core.shell:Creating package script '/home/amin/cobot/cobot_ws/install/mycobot_280_arduino/share/mycobot_280_arduino/package.zsh'
[5.181s] Level 1:colcon.colcon_core.environment:create_file_with_runtime_dependencies(/home/amin/cobot/cobot_ws/install/mycobot_280_arduino/share/colcon-core/packages/mycobot_280_arduino)
[5.183s] INFO:colcon.colcon_ros.task.ament_python.build:Building ROS package in '/home/amin/cobot/cobot_ws/src/mycobot_ros2/mycobot_320/mycobot_320' with build type 'ament_python'
[5.183s] Level 1:colcon.colcon_core.shell:create_environment_hook('mycobot_320', 'ament_prefix_path')
[5.183s] INFO:colcon.colcon_core.shell:Creating environment hook '/home/amin/cobot/cobot_ws/install/mycobot_320/share/mycobot_320/hook/ament_prefix_path.ps1'
[5.184s] INFO:colcon.colcon_core.shell:Creating environment descriptor '/home/amin/cobot/cobot_ws/install/mycobot_320/share/mycobot_320/hook/ament_prefix_path.dsv'
[5.184s] INFO:colcon.colcon_core.shell:Creating environment hook '/home/amin/cobot/cobot_ws/install/mycobot_320/share/mycobot_320/hook/ament_prefix_path.sh'
[5.184s] INFO:colcon.colcon_core.shell:Skip shell extension 'powershell' for command environment: Not usable outside of PowerShell
[5.184s] DEBUG:colcon.colcon_core.shell:Skip shell extension 'dsv' for command environment
[5.190s] DEBUG:colcon.colcon_core.event_handler.log_command:Invoking command in '/home/amin/cobot/cobot_ws/build/mycobot_280arduino_moveit2': AMENT_PREFIX_PATH=/home/amin/cobot/cobot_ws/install/mycobot_description:/home/amin/cobot/cobot_ws/install/ultraarm:/home/amin/cobot/cobot_ws/install/pro450_moveit2_control:/home/amin/cobot/cobot_ws/install/pro450_moveit2:/home/amin/cobot/cobot_ws/install/mypalletizer_communication:/home/amin/cobot/cobot_ws/install/mypalletizer_interfaces:/home/amin/cobot/cobot_ws/install/mypalletizer_260_pi:/home/amin/cobot/cobot_ws/install/mypalletizer_260:/home/amin/cobot/cobot_ws/install/mycobot_pro_450:/home/amin/cobot/cobot_ws/install/mycobot_pro450_interfaces:/home/amin/cobot/cobot_ws/install/myarm_m750:/home/amin/cobot/cobot_ws/install/myarm_c650:/home/amin/cobot/cobot_ws/install/mycobot_communication:/home/amin/cobot/cobot_ws/install/mecharm_communication:/home/amin/cobot/cobot_ws/install/mycobot_interfaces:/home/amin/cobot/cobot_ws/install/mycobot_630:/home/amin/cobot/cobot_ws/install/mycobot_600:/home/amin/cobot/cobot_ws/install/mycobot_320pi:/home/amin/cobot/cobot_ws/install/mycobot_320_riscv:/home/amin/cobot/cobot_ws/install/mycobot_320:/home/amin/cobot/cobot_ws/install/mycobot_280rdkx5_moveit2:/home/amin/cobot/cobot_ws/install/mycobot_280pi:/home/amin/cobot/cobot_ws/install/mycobot_280jn:/home/amin/cobot/cobot_ws/install/mycobot_280arduino_moveit2:/home/amin/cobot/cobot_ws/install/mycobot_280_x3pi:/home/amin/cobot/cobot_ws/install/mycobot_280_riscv:/home/amin/cobot/cobot_ws/install/mycobot_280_rdkx5:/home/amin/cobot/cobot_ws/install/mycobot_280_moveit2_control:/home/amin/cobot/cobot_ws/install/mycobot_280_moveit2:/home/amin/cobot/cobot_ws/install/mycobot_280_gazebo_jazzy:/home/amin/cobot/cobot_ws/install/mycobot_280_gazebo:/home/amin/cobot/cobot_ws/install/mycobot_280_arduino:/home/amin/cobot/cobot_ws/install/mycobot_280:/home/amin/cobot/cobot_ws/install/mybuddy:/home/amin/cobot/cobot_ws/install/myarm_300:/home/amin/cobot/cobot_ws/install/mecharm_pi:/home/amin/cobot/cobot_ws/install/mecharm:/home/amin/cobot/cobot_ws/install/mecharm_interfaces:/opt/ros/jazzy CMAKE_PREFIX_PATH=${CMAKE_PREFIX_PATH}:/home/amin/cobot/cobot_ws/install/ultraarm:/home/amin/cobot/cobot_ws/install/pro450_moveit2_control:/home/amin/cobot/cobot_ws/install/mypalletizer_communication:/home/amin/cobot/cobot_ws/install/mypalletizer_260_pi:/home/amin/cobot/cobot_ws/install/mypalletizer_260:/home/amin/cobot/cobot_ws/install/mycobot_pro_450:/home/amin/cobot/cobot_ws/install/myarm_m750:/home/amin/cobot/cobot_ws/install/myarm_c650:/home/amin/cobot/cobot_ws/install/mycobot_communication:/home/amin/cobot/cobot_ws/install/mecharm_communication:/home/amin/cobot/cobot_ws/install/mycobot_630:/home/amin/cobot/cobot_ws/install/mycobot_600:/home/amin/cobot/cobot_ws/install/mycobot_320pi:/home/amin/cobot/cobot_ws/install/mycobot_320_riscv:/home/amin/cobot/cobot_ws/install/mycobot_320:/home/amin/cobot/cobot_ws/install/mycobot_280pi:/home/amin/cobot/cobot_ws/install/mycobot_280jn:/home/amin/cobot/cobot_ws/install/mycobot_280_x3pi:/home/amin/cobot/cobot_ws/install/mycobot_280_riscv:/home/amin/cobot/cobot_ws/install/mycobot_280_rdkx5:/home/amin/cobot/cobot_ws/install/mycobot_280_moveit2_control:/home/amin/cobot/cobot_ws/install/mycobot_280_arduino:/home/amin/cobot/cobot_ws/install/mycobot_280:/home/amin/cobot/cobot_ws/install/mybuddy:/home/amin/cobot/cobot_ws/install/myarm_300:/home/amin/cobot/cobot_ws/install/mecharm_pi:/home/amin/cobot/cobot_ws/install/mecharm:/home/amin/cobot/cobot_ws/install/mycobot_description:/opt/ros/jazzy DEBUGINFOD_URLS=https://debuginfod.ubuntu.com PYTHONPATH=/home/amin/cobot/cobot_ws/install/mycobot_description/lib/python3.12/site-packages:/home/amin/cobot/cobot_ws/install/ultraarm/lib/python3.12/site-packages:/home/amin/cobot/cobot_ws/install/pro450_moveit2_control/lib/python3.12/site-packages:/home/amin/cobot/cobot_ws/install/mypalletizer_communication/lib/python3.12/site-packages:/home/amin/cobot/cobot_ws/install/mypalletizer_interfaces/lib/python3.12/site-packages:/home/amin/cobot/cobot_ws/install/mypalletizer_260_pi/lib/python3.12/site-packages:/home/amin/cobot/cobot_ws/install/mypalletizer_260/lib/python3.12/site-packages:/home/amin/cobot/cobot_ws/install/mycobot_pro_450/lib/python3.12/site-packages:/home/amin/cobot/cobot_ws/install/mycobot_pro450_interfaces/lib/python3.12/site-packages:/home/amin/cobot/cobot_ws/install/myarm_m750/lib/python3.12/site-packages:/home/amin/cobot/cobot_ws/install/myarm_c650/lib/python3.12/site-packages:/home/amin/cobot/cobot_ws/install/mycobot_communication/lib/python3.12/site-packages:/home/amin/cobot/cobot_ws/install/mecharm_communication/lib/python3.12/site-packages:/home/amin/cobot/cobot_ws/install/mycobot_interfaces/lib/python3.12/site-packages:/home/amin/cobot/cobot_ws/install/mycobot_630/lib/python3.12/site-packages:/home/amin/cobot/cobot_ws/install/mycobot_600/lib/python3.12/site-packages:/home/amin/cobot/cobot_ws/install/mycobot_320pi/lib/python3.12/site-packages:/home/amin/cobot/cobot_ws/install/mycobot_320_riscv/lib/python3.12/site-packages:/home/amin/cobot/cobot_ws/install/mycobot_320/lib/python3.12/site-packages:/home/amin/cobot/cobot_ws/install/mycobot_280pi/lib/python3.12/site-packages:/home/amin/cobot/cobot_ws/install/mycobot_280jn/lib/python3.12/site-packages:/home/amin/cobot/cobot_ws/install/mycobot_280_x3pi/lib/python3.12/site-packages:/home/amin/cobot/cobot_ws/install/mycobot_280_riscv/lib/python3.12/site-packages:/home/amin/cobot/cobot_ws/install/mycobot_280_rdkx5/lib/python3.12/site-packages:/home/amin/cobot/cobot_ws/install/mycobot_280_moveit2_control/lib/python3.12/site-packages:/home/amin/cobot/cobot_ws/install/mycobot_280_arduino/lib/python3.12/site-packages:/home/amin/cobot/cobot_ws/install/mycobot_280/lib/python3.12/site-packages:/home/amin/cobot/cobot_ws/install/mybuddy/lib/python3.12/site-packages:/home/amin/cobot/cobot_ws/install/myarm_300/lib/python3.12/site-packages:/home/amin/cobot/cobot_ws/install/mecharm_pi/lib/python3.12/site-packages:/home/amin/cobot/cobot_ws/install/mecharm/lib/python3.12/site-packages:/home/amin/cobot/cobot_ws/install/mecharm_interfaces/lib/python3.12/site-packages:/opt/ros/jazzy/lib/python3.12/site-packages /usr/bin/cmake --build /home/amin/cobot/cobot_ws/build/mycobot_280arduino_moveit2 -- -j8 -l8
[5.384s] INFO:colcon.colcon_core.task.python.build:Building Python package in '/home/amin/cobot/cobot_ws/src/mycobot_ros2/mycobot_280/mycobot_280jn'
[5.384s] INFO:colcon.colcon_core.shell:Skip shell extension 'powershell' for command environment: Not usable outside of PowerShell
[5.384s] DEBUG:colcon.colcon_core.shell:Skip shell extension 'dsv' for command environment
[5.577s] INFO:colcon.colcon_core.task.python.build:Building Python package in '/home/amin/cobot/cobot_ws/src/mycobot_ros2/mycobot_280/mycobot_280pi'
[5.577s] INFO:colcon.colcon_core.shell:Skip shell extension 'powershell' for command environment: Not usable outside of PowerShell
[5.577s] DEBUG:colcon.colcon_core.shell:Skip shell extension 'dsv' for command environment
[5.587s] DEBUG:colcon.colcon_core.event_handler.log_command:Invoking command in '/home/amin/cobot/cobot_ws/build/mycobot_280rdkx5_moveit2': AMENT_PREFIX_PATH=/home/amin/cobot/cobot_ws/install/mycobot_description:/home/amin/cobot/cobot_ws/install/ultraarm:/home/amin/cobot/cobot_ws/install/pro450_moveit2_control:/home/amin/cobot/cobot_ws/install/pro450_moveit2:/home/amin/cobot/cobot_ws/install/mypalletizer_communication:/home/amin/cobot/cobot_ws/install/mypalletizer_interfaces:/home/amin/cobot/cobot_ws/install/mypalletizer_260_pi:/home/amin/cobot/cobot_ws/install/mypalletizer_260:/home/amin/cobot/cobot_ws/install/mycobot_pro_450:/home/amin/cobot/cobot_ws/install/mycobot_pro450_interfaces:/home/amin/cobot/cobot_ws/install/myarm_m750:/home/amin/cobot/cobot_ws/install/myarm_c650:/home/amin/cobot/cobot_ws/install/mycobot_communication:/home/amin/cobot/cobot_ws/install/mecharm_communication:/home/amin/cobot/cobot_ws/install/mycobot_interfaces:/home/amin/cobot/cobot_ws/install/mycobot_630:/home/amin/cobot/cobot_ws/install/mycobot_600:/home/amin/cobot/cobot_ws/install/mycobot_320pi:/home/amin/cobot/cobot_ws/install/mycobot_320_riscv:/home/amin/cobot/cobot_ws/install/mycobot_320:/home/amin/cobot/cobot_ws/install/mycobot_280rdkx5_moveit2:/home/amin/cobot/cobot_ws/install/mycobot_280pi:/home/amin/cobot/cobot_ws/install/mycobot_280jn:/home/amin/cobot/cobot_ws/install/mycobot_280arduino_moveit2:/home/amin/cobot/cobot_ws/install/mycobot_280_x3pi:/home/amin/cobot/cobot_ws/install/mycobot_280_riscv:/home/amin/cobot/cobot_ws/install/mycobot_280_rdkx5:/home/amin/cobot/cobot_ws/install/mycobot_280_moveit2_control:/home/amin/cobot/cobot_ws/install/mycobot_280_moveit2:/home/amin/cobot/cobot_ws/install/mycobot_280_gazebo_jazzy:/home/amin/cobot/cobot_ws/install/mycobot_280_gazebo:/home/amin/cobot/cobot_ws/install/mycobot_280_arduino:/home/amin/cobot/cobot_ws/install/mycobot_280:/home/amin/cobot/cobot_ws/install/mybuddy:/home/amin/cobot/cobot_ws/install/myarm_300:/home/amin/cobot/cobot_ws/install/mecharm_pi:/home/amin/cobot/cobot_ws/install/mecharm:/home/amin/cobot/cobot_ws/install/mecharm_interfaces:/opt/ros/jazzy CMAKE_PREFIX_PATH=${CMAKE_PREFIX_PATH}:/home/amin/cobot/cobot_ws/install/ultraarm:/home/amin/cobot/cobot_ws/install/pro450_moveit2_control:/home/amin/cobot/cobot_ws/install/mypalletizer_communication:/home/amin/cobot/cobot_ws/install/mypalletizer_260_pi:/home/amin/cobot/cobot_ws/install/mypalletizer_260:/home/amin/cobot/cobot_ws/install/mycobot_pro_450:/home/amin/cobot/cobot_ws/install/myarm_m750:/home/amin/cobot/cobot_ws/install/myarm_c650:/home/amin/cobot/cobot_ws/install/mycobot_communication:/home/amin/cobot/cobot_ws/install/mecharm_communication:/home/amin/cobot/cobot_ws/install/mycobot_630:/home/amin/cobot/cobot_ws/install/mycobot_600:/home/amin/cobot/cobot_ws/install/mycobot_320pi:/home/amin/cobot/cobot_ws/install/mycobot_320_riscv:/home/amin/cobot/cobot_ws/install/mycobot_320:/home/amin/cobot/cobot_ws/install/mycobot_280pi:/home/amin/cobot/cobot_ws/install/mycobot_280jn:/home/amin/cobot/cobot_ws/install/mycobot_280_x3pi:/home/amin/cobot/cobot_ws/install/mycobot_280_riscv:/home/amin/cobot/cobot_ws/install/mycobot_280_rdkx5:/home/amin/cobot/cobot_ws/install/mycobot_280_moveit2_control:/home/amin/cobot/cobot_ws/install/mycobot_280_arduino:/home/amin/cobot/cobot_ws/install/mycobot_280:/home/amin/cobot/cobot_ws/install/mybuddy:/home/amin/cobot/cobot_ws/install/myarm_300:/home/amin/cobot/cobot_ws/install/mecharm_pi:/home/amin/cobot/cobot_ws/install/mecharm:/home/amin/cobot/cobot_ws/install/mycobot_description:/opt/ros/jazzy DEBUGINFOD_URLS=https://debuginfod.ubuntu.com PYTHONPATH=/home/amin/cobot/cobot_ws/install/mycobot_description/lib/python3.12/site-packages:/home/amin/cobot/cobot_ws/install/ultraarm/lib/python3.12/site-packages:/home/amin/cobot/cobot_ws/install/pro450_moveit2_control/lib/python3.12/site-packages:/home/amin/cobot/cobot_ws/install/mypalletizer_communication/lib/python3.12/site-packages:/home/amin/cobot/cobot_ws/install/mypalletizer_interfaces/lib/python3.12/site-packages:/home/amin/cobot/cobot_ws/install/mypalletizer_260_pi/lib/python3.12/site-packages:/home/amin/cobot/cobot_ws/install/mypalletizer_260/lib/python3.12/site-packages:/home/amin/cobot/cobot_ws/install/mycobot_pro_450/lib/python3.12/site-packages:/home/amin/cobot/cobot_ws/install/mycobot_pro450_interfaces/lib/python3.12/site-packages:/home/amin/cobot/cobot_ws/install/myarm_m750/lib/python3.12/site-packages:/home/amin/cobot/cobot_ws/install/myarm_c650/lib/python3.12/site-packages:/home/amin/cobot/cobot_ws/install/mycobot_communication/lib/python3.12/site-packages:/home/amin/cobot/cobot_ws/install/mecharm_communication/lib/python3.12/site-packages:/home/amin/cobot/cobot_ws/install/mycobot_interfaces/lib/python3.12/site-packages:/home/amin/cobot/cobot_ws/install/mycobot_630/lib/python3.12/site-packages:/home/amin/cobot/cobot_ws/install/mycobot_600/lib/python3.12/site-packages:/home/amin/cobot/cobot_ws/install/mycobot_320pi/lib/python3.12/site-packages:/home/amin/cobot/cobot_ws/install/mycobot_320_riscv/lib/python3.12/site-packages:/home/amin/cobot/cobot_ws/install/mycobot_320/lib/python3.12/site-packages:/home/amin/cobot/cobot_ws/install/mycobot_280pi/lib/python3.12/site-packages:/home/amin/cobot/cobot_ws/install/mycobot_280jn/lib/python3.12/site-packages:/home/amin/cobot/cobot_ws/install/mycobot_280_x3pi/lib/python3.12/site-packages:/home/amin/cobot/cobot_ws/install/mycobot_280_riscv/lib/python3.12/site-packages:/home/amin/cobot/cobot_ws/install/mycobot_280_rdkx5/lib/python3.12/site-packages:/home/amin/cobot/cobot_ws/install/mycobot_280_moveit2_control/lib/python3.12/site-packages:/home/amin/cobot/cobot_ws/install/mycobot_280_arduino/lib/python3.12/site-packages:/home/amin/cobot/cobot_ws/install/mycobot_280/lib/python3.12/site-packages:/home/amin/cobot/cobot_ws/install/mybuddy/lib/python3.12/site-packages:/home/amin/cobot/cobot_ws/install/myarm_300/lib/python3.12/site-packages:/home/amin/cobot/cobot_ws/install/mecharm_pi/lib/python3.12/site-packages:/home/amin/cobot/cobot_ws/install/mecharm/lib/python3.12/site-packages:/home/amin/cobot/cobot_ws/install/mecharm_interfaces/lib/python3.12/site-packages:/opt/ros/jazzy/lib/python3.12/site-packages /usr/bin/cmake --build /home/amin/cobot/cobot_ws/build/mycobot_280rdkx5_moveit2 -- -j8 -l8
[5.588s] DEBUG:colcon.colcon_core.event_handler.log_command:Invoked command in '/home/amin/cobot/cobot_ws/build/mycobot_280arduino_moveit2' returned '0': AMENT_PREFIX_PATH=/home/amin/cobot/cobot_ws/install/mycobot_description:/home/amin/cobot/cobot_ws/install/ultraarm:/home/amin/cobot/cobot_ws/install/pro450_moveit2_control:/home/amin/cobot/cobot_ws/install/pro450_moveit2:/home/amin/cobot/cobot_ws/install/mypalletizer_communication:/home/amin/cobot/cobot_ws/install/mypalletizer_interfaces:/home/amin/cobot/cobot_ws/install/mypalletizer_260_pi:/home/amin/cobot/cobot_ws/install/mypalletizer_260:/home/amin/cobot/cobot_ws/install/mycobot_pro_450:/home/amin/cobot/cobot_ws/install/mycobot_pro450_interfaces:/home/amin/cobot/cobot_ws/install/myarm_m750:/home/amin/cobot/cobot_ws/install/myarm_c650:/home/amin/cobot/cobot_ws/install/mycobot_communication:/home/amin/cobot/cobot_ws/install/mecharm_communication:/home/amin/cobot/cobot_ws/install/mycobot_interfaces:/home/amin/cobot/cobot_ws/install/mycobot_630:/home/amin/cobot/cobot_ws/install/mycobot_600:/home/amin/cobot/cobot_ws/install/mycobot_320pi:/home/amin/cobot/cobot_ws/install/mycobot_320_riscv:/home/amin/cobot/cobot_ws/install/mycobot_320:/home/amin/cobot/cobot_ws/install/mycobot_280rdkx5_moveit2:/home/amin/cobot/cobot_ws/install/mycobot_280pi:/home/amin/cobot/cobot_ws/install/mycobot_280jn:/home/amin/cobot/cobot_ws/install/mycobot_280arduino_moveit2:/home/amin/cobot/cobot_ws/install/mycobot_280_x3pi:/home/amin/cobot/cobot_ws/install/mycobot_280_riscv:/home/amin/cobot/cobot_ws/install/mycobot_280_rdkx5:/home/amin/cobot/cobot_ws/install/mycobot_280_moveit2_control:/home/amin/cobot/cobot_ws/install/mycobot_280_moveit2:/home/amin/cobot/cobot_ws/install/mycobot_280_gazebo_jazzy:/home/amin/cobot/cobot_ws/install/mycobot_280_gazebo:/home/amin/cobot/cobot_ws/install/mycobot_280_arduino:/home/amin/cobot/cobot_ws/install/mycobot_280:/home/amin/cobot/cobot_ws/install/mybuddy:/home/amin/cobot/cobot_ws/install/myarm_300:/home/amin/cobot/cobot_ws/install/mecharm_pi:/home/amin/cobot/cobot_ws/install/mecharm:/home/amin/cobot/cobot_ws/install/mecharm_interfaces:/opt/ros/jazzy CMAKE_PREFIX_PATH=${CMAKE_PREFIX_PATH}:/home/amin/cobot/cobot_ws/install/ultraarm:/home/amin/cobot/cobot_ws/install/pro450_moveit2_control:/home/amin/cobot/cobot_ws/install/mypalletizer_communication:/home/amin/cobot/cobot_ws/install/mypalletizer_260_pi:/home/amin/cobot/cobot_ws/install/mypalletizer_260:/home/amin/cobot/cobot_ws/install/mycobot_pro_450:/home/amin/cobot/cobot_ws/install/myarm_m750:/home/amin/cobot/cobot_ws/install/myarm_c650:/home/amin/cobot/cobot_ws/install/mycobot_communication:/home/amin/cobot/cobot_ws/install/mecharm_communication:/home/amin/cobot/cobot_ws/install/mycobot_630:/home/amin/cobot/cobot_ws/install/mycobot_600:/home/amin/cobot/cobot_ws/install/mycobot_320pi:/home/amin/cobot/cobot_ws/install/mycobot_320_riscv:/home/amin/cobot/cobot_ws/install/mycobot_320:/home/amin/cobot/cobot_ws/install/mycobot_280pi:/home/amin/cobot/cobot_ws/install/mycobot_280jn:/home/amin/cobot/cobot_ws/install/mycobot_280_x3pi:/home/amin/cobot/cobot_ws/install/mycobot_280_riscv:/home/amin/cobot/cobot_ws/install/mycobot_280_rdkx5:/home/amin/cobot/cobot_ws/install/mycobot_280_moveit2_control:/home/amin/cobot/cobot_ws/install/mycobot_280_arduino:/home/amin/cobot/cobot_ws/install/mycobot_280:/home/amin/cobot/cobot_ws/install/mybuddy:/home/amin/cobot/cobot_ws/install/myarm_300:/home/amin/cobot/cobot_ws/install/mecharm_pi:/home/amin/cobot/cobot_ws/install/mecharm:/home/amin/cobot/cobot_ws/install/mycobot_description:/opt/ros/jazzy DEBUGINFOD_URLS=https://debuginfod.ubuntu.com PYTHONPATH=/home/amin/cobot/cobot_ws/install/mycobot_description/lib/python3.12/site-packages:/home/amin/cobot/cobot_ws/install/ultraarm/lib/python3.12/site-packages:/home/amin/cobot/cobot_ws/install/pro450_moveit2_control/lib/python3.12/site-packages:/home/amin/cobot/cobot_ws/install/mypalletizer_communication/lib/python3.12/site-packages:/home/amin/cobot/cobot_ws/install/mypalletizer_interfaces/lib/python3.12/site-packages:/home/amin/cobot/cobot_ws/install/mypalletizer_260_pi/lib/python3.12/site-packages:/home/amin/cobot/cobot_ws/install/mypalletizer_260/lib/python3.12/site-packages:/home/amin/cobot/cobot_ws/install/mycobot_pro_450/lib/python3.12/site-packages:/home/amin/cobot/cobot_ws/install/mycobot_pro450_interfaces/lib/python3.12/site-packages:/home/amin/cobot/cobot_ws/install/myarm_m750/lib/python3.12/site-packages:/home/amin/cobot/cobot_ws/install/myarm_c650/lib/python3.12/site-packages:/home/amin/cobot/cobot_ws/install/mycobot_communication/lib/python3.12/site-packages:/home/amin/cobot/cobot_ws/install/mecharm_communication/lib/python3.12/site-packages:/home/amin/cobot/cobot_ws/install/mycobot_interfaces/lib/python3.12/site-packages:/home/amin/cobot/cobot_ws/install/mycobot_630/lib/python3.12/site-packages:/home/amin/cobot/cobot_ws/install/mycobot_600/lib/python3.12/site-packages:/home/amin/cobot/cobot_ws/install/mycobot_320pi/lib/python3.12/site-packages:/home/amin/cobot/cobot_ws/install/mycobot_320_riscv/lib/python3.12/site-packages:/home/amin/cobot/cobot_ws/install/mycobot_320/lib/python3.12/site-packages:/home/amin/cobot/cobot_ws/install/mycobot_280pi/lib/python3.12/site-packages:/home/amin/cobot/cobot_ws/install/mycobot_280jn/lib/python3.12/site-packages:/home/amin/cobot/cobot_ws/install/mycobot_280_x3pi/lib/python3.12/site-packages:/home/amin/cobot/cobot_ws/install/mycobot_280_riscv/lib/python3.12/site-packages:/home/amin/cobot/cobot_ws/install/mycobot_280_rdkx5/lib/python3.12/site-packages:/home/amin/cobot/cobot_ws/install/mycobot_280_moveit2_control/lib/python3.12/site-packages:/home/amin/cobot/cobot_ws/install/mycobot_280_arduino/lib/python3.12/site-packages:/home/amin/cobot/cobot_ws/install/mycobot_280/lib/python3.12/site-packages:/home/amin/cobot/cobot_ws/install/mybuddy/lib/python3.12/site-packages:/home/amin/cobot/cobot_ws/install/myarm_300/lib/python3.12/site-packages:/home/amin/cobot/cobot_ws/install/mecharm_pi/lib/python3.12/site-packages:/home/amin/cobot/cobot_ws/install/mecharm/lib/python3.12/site-packages:/home/amin/cobot/cobot_ws/install/mecharm_interfaces/lib/python3.12/site-packages:/opt/ros/jazzy/lib/python3.12/site-packages /usr/bin/cmake --build /home/amin/cobot/cobot_ws/build/mycobot_280arduino_moveit2 -- -j8 -l8
[5.589s] DEBUG:colcon.colcon_core.event_handler.log_command:Invoking command in '/home/amin/cobot/cobot_ws/build/mycobot_280arduino_moveit2': AMENT_PREFIX_PATH=/home/amin/cobot/cobot_ws/install/mycobot_description:/home/amin/cobot/cobot_ws/install/ultraarm:/home/amin/cobot/cobot_ws/install/pro450_moveit2_control:/home/amin/cobot/cobot_ws/install/pro450_moveit2:/home/amin/cobot/cobot_ws/install/mypalletizer_communication:/home/amin/cobot/cobot_ws/install/mypalletizer_interfaces:/home/amin/cobot/cobot_ws/install/mypalletizer_260_pi:/home/amin/cobot/cobot_ws/install/mypalletizer_260:/home/amin/cobot/cobot_ws/install/mycobot_pro_450:/home/amin/cobot/cobot_ws/install/mycobot_pro450_interfaces:/home/amin/cobot/cobot_ws/install/myarm_m750:/home/amin/cobot/cobot_ws/install/myarm_c650:/home/amin/cobot/cobot_ws/install/mycobot_communication:/home/amin/cobot/cobot_ws/install/mecharm_communication:/home/amin/cobot/cobot_ws/install/mycobot_interfaces:/home/amin/cobot/cobot_ws/install/mycobot_630:/home/amin/cobot/cobot_ws/install/mycobot_600:/home/amin/cobot/cobot_ws/install/mycobot_320pi:/home/amin/cobot/cobot_ws/install/mycobot_320_riscv:/home/amin/cobot/cobot_ws/install/mycobot_320:/home/amin/cobot/cobot_ws/install/mycobot_280rdkx5_moveit2:/home/amin/cobot/cobot_ws/install/mycobot_280pi:/home/amin/cobot/cobot_ws/install/mycobot_280jn:/home/amin/cobot/cobot_ws/install/mycobot_280arduino_moveit2:/home/amin/cobot/cobot_ws/install/mycobot_280_x3pi:/home/amin/cobot/cobot_ws/install/mycobot_280_riscv:/home/amin/cobot/cobot_ws/install/mycobot_280_rdkx5:/home/amin/cobot/cobot_ws/install/mycobot_280_moveit2_control:/home/amin/cobot/cobot_ws/install/mycobot_280_moveit2:/home/amin/cobot/cobot_ws/install/mycobot_280_gazebo_jazzy:/home/amin/cobot/cobot_ws/install/mycobot_280_gazebo:/home/amin/cobot/cobot_ws/install/mycobot_280_arduino:/home/amin/cobot/cobot_ws/install/mycobot_280:/home/amin/cobot/cobot_ws/install/mybuddy:/home/amin/cobot/cobot_ws/install/myarm_300:/home/amin/cobot/cobot_ws/install/mecharm_pi:/home/amin/cobot/cobot_ws/install/mecharm:/home/amin/cobot/cobot_ws/install/mecharm_interfaces:/opt/ros/jazzy CMAKE_PREFIX_PATH=${CMAKE_PREFIX_PATH}:/home/amin/cobot/cobot_ws/install/ultraarm:/home/amin/cobot/cobot_ws/install/pro450_moveit2_control:/home/amin/cobot/cobot_ws/install/mypalletizer_communication:/home/amin/cobot/cobot_ws/install/mypalletizer_260_pi:/home/amin/cobot/cobot_ws/install/mypalletizer_260:/home/amin/cobot/cobot_ws/install/mycobot_pro_450:/home/amin/cobot/cobot_ws/install/myarm_m750:/home/amin/cobot/cobot_ws/install/myarm_c650:/home/amin/cobot/cobot_ws/install/mycobot_communication:/home/amin/cobot/cobot_ws/install/mecharm_communication:/home/amin/cobot/cobot_ws/install/mycobot_630:/home/amin/cobot/cobot_ws/install/mycobot_600:/home/amin/cobot/cobot_ws/install/mycobot_320pi:/home/amin/cobot/cobot_ws/install/mycobot_320_riscv:/home/amin/cobot/cobot_ws/install/mycobot_320:/home/amin/cobot/cobot_ws/install/mycobot_280pi:/home/amin/cobot/cobot_ws/install/mycobot_280jn:/home/amin/cobot/cobot_ws/install/mycobot_280_x3pi:/home/amin/cobot/cobot_ws/install/mycobot_280_riscv:/home/amin/cobot/cobot_ws/install/mycobot_280_rdkx5:/home/amin/cobot/cobot_ws/install/mycobot_280_moveit2_control:/home/amin/cobot/cobot_ws/install/mycobot_280_arduino:/home/amin/cobot/cobot_ws/install/mycobot_280:/home/amin/cobot/cobot_ws/install/mybuddy:/home/amin/cobot/cobot_ws/install/myarm_300:/home/amin/cobot/cobot_ws/install/mecharm_pi:/home/amin/cobot/cobot_ws/install/mecharm:/home/amin/cobot/cobot_ws/install/mycobot_description:/opt/ros/jazzy DEBUGINFOD_URLS=https://debuginfod.ubuntu.com PYTHONPATH=/home/amin/cobot/cobot_ws/install/mycobot_description/lib/python3.12/site-packages:/home/amin/cobot/cobot_ws/install/ultraarm/lib/python3.12/site-packages:/home/amin/cobot/cobot_ws/install/pro450_moveit2_control/lib/python3.12/site-packages:/home/amin/cobot/cobot_ws/install/mypalletizer_communication/lib/python3.12/site-packages:/home/amin/cobot/cobot_ws/install/mypalletizer_interfaces/lib/python3.12/site-packages:/home/amin/cobot/cobot_ws/install/mypalletizer_260_pi/lib/python3.12/site-packages:/home/amin/cobot/cobot_ws/install/mypalletizer_260/lib/python3.12/site-packages:/home/amin/cobot/cobot_ws/install/mycobot_pro_450/lib/python3.12/site-packages:/home/amin/cobot/cobot_ws/install/mycobot_pro450_interfaces/lib/python3.12/site-packages:/home/amin/cobot/cobot_ws/install/myarm_m750/lib/python3.12/site-packages:/home/amin/cobot/cobot_ws/install/myarm_c650/lib/python3.12/site-packages:/home/amin/cobot/cobot_ws/install/mycobot_communication/lib/python3.12/site-packages:/home/amin/cobot/cobot_ws/install/mecharm_communication/lib/python3.12/site-packages:/home/amin/cobot/cobot_ws/install/mycobot_interfaces/lib/python3.12/site-packages:/home/amin/cobot/cobot_ws/install/mycobot_630/lib/python3.12/site-packages:/home/amin/cobot/cobot_ws/install/mycobot_600/lib/python3.12/site-packages:/home/amin/cobot/cobot_ws/install/mycobot_320pi/lib/python3.12/site-packages:/home/amin/cobot/cobot_ws/install/mycobot_320_riscv/lib/python3.12/site-packages:/home/amin/cobot/cobot_ws/install/mycobot_320/lib/python3.12/site-packages:/home/amin/cobot/cobot_ws/install/mycobot_280pi/lib/python3.12/site-packages:/home/amin/cobot/cobot_ws/install/mycobot_280jn/lib/python3.12/site-packages:/home/amin/cobot/cobot_ws/install/mycobot_280_x3pi/lib/python3.12/site-packages:/home/amin/cobot/cobot_ws/install/mycobot_280_riscv/lib/python3.12/site-packages:/home/amin/cobot/cobot_ws/install/mycobot_280_rdkx5/lib/python3.12/site-packages:/home/amin/cobot/cobot_ws/install/mycobot_280_moveit2_control/lib/python3.12/site-packages:/home/amin/cobot/cobot_ws/install/mycobot_280_arduino/lib/python3.12/site-packages:/home/amin/cobot/cobot_ws/install/mycobot_280/lib/python3.12/site-packages:/home/amin/cobot/cobot_ws/install/mybuddy/lib/python3.12/site-packages:/home/amin/cobot/cobot_ws/install/myarm_300/lib/python3.12/site-packages:/home/amin/cobot/cobot_ws/install/mecharm_pi/lib/python3.12/site-packages:/home/amin/cobot/cobot_ws/install/mecharm/lib/python3.12/site-packages:/home/amin/cobot/cobot_ws/install/mecharm_interfaces/lib/python3.12/site-packages:/opt/ros/jazzy/lib/python3.12/site-packages /usr/bin/cmake --install /home/amin/cobot/cobot_ws/build/mycobot_280arduino_moveit2
[5.794s] INFO:colcon.colcon_core.task.python.build:Building Python package in '/home/amin/cobot/cobot_ws/src/mycobot_ros2/mycobot_320/mycobot_320'
[5.794s] INFO:colcon.colcon_core.shell:Skip shell extension 'powershell' for command environment: Not usable outside of PowerShell
[5.794s] DEBUG:colcon.colcon_core.shell:Skip shell extension 'dsv' for command environment
[5.801s] DEBUG:colcon.colcon_core.event_handler.log_command:Invoked command in '/home/amin/cobot/cobot_ws/build/mycobot_280rdkx5_moveit2' returned '0': AMENT_PREFIX_PATH=/home/amin/cobot/cobot_ws/install/mycobot_description:/home/amin/cobot/cobot_ws/install/ultraarm:/home/amin/cobot/cobot_ws/install/pro450_moveit2_control:/home/amin/cobot/cobot_ws/install/pro450_moveit2:/home/amin/cobot/cobot_ws/install/mypalletizer_communication:/home/amin/cobot/cobot_ws/install/mypalletizer_interfaces:/home/amin/cobot/cobot_ws/install/mypalletizer_260_pi:/home/amin/cobot/cobot_ws/install/mypalletizer_260:/home/amin/cobot/cobot_ws/install/mycobot_pro_450:/home/amin/cobot/cobot_ws/install/mycobot_pro450_interfaces:/home/amin/cobot/cobot_ws/install/myarm_m750:/home/amin/cobot/cobot_ws/install/myarm_c650:/home/amin/cobot/cobot_ws/install/mycobot_communication:/home/amin/cobot/cobot_ws/install/mecharm_communication:/home/amin/cobot/cobot_ws/install/mycobot_interfaces:/home/amin/cobot/cobot_ws/install/mycobot_630:/home/amin/cobot/cobot_ws/install/mycobot_600:/home/amin/cobot/cobot_ws/install/mycobot_320pi:/home/amin/cobot/cobot_ws/install/mycobot_320_riscv:/home/amin/cobot/cobot_ws/install/mycobot_320:/home/amin/cobot/cobot_ws/install/mycobot_280rdkx5_moveit2:/home/amin/cobot/cobot_ws/install/mycobot_280pi:/home/amin/cobot/cobot_ws/install/mycobot_280jn:/home/amin/cobot/cobot_ws/install/mycobot_280arduino_moveit2:/home/amin/cobot/cobot_ws/install/mycobot_280_x3pi:/home/amin/cobot/cobot_ws/install/mycobot_280_riscv:/home/amin/cobot/cobot_ws/install/mycobot_280_rdkx5:/home/amin/cobot/cobot_ws/install/mycobot_280_moveit2_control:/home/amin/cobot/cobot_ws/install/mycobot_280_moveit2:/home/amin/cobot/cobot_ws/install/mycobot_280_gazebo_jazzy:/home/amin/cobot/cobot_ws/install/mycobot_280_gazebo:/home/amin/cobot/cobot_ws/install/mycobot_280_arduino:/home/amin/cobot/cobot_ws/install/mycobot_280:/home/amin/cobot/cobot_ws/install/mybuddy:/home/amin/cobot/cobot_ws/install/myarm_300:/home/amin/cobot/cobot_ws/install/mecharm_pi:/home/amin/cobot/cobot_ws/install/mecharm:/home/amin/cobot/cobot_ws/install/mecharm_interfaces:/opt/ros/jazzy CMAKE_PREFIX_PATH=${CMAKE_PREFIX_PATH}:/home/amin/cobot/cobot_ws/install/ultraarm:/home/amin/cobot/cobot_ws/install/pro450_moveit2_control:/home/amin/cobot/cobot_ws/install/mypalletizer_communication:/home/amin/cobot/cobot_ws/install/mypalletizer_260_pi:/home/amin/cobot/cobot_ws/install/mypalletizer_260:/home/amin/cobot/cobot_ws/install/mycobot_pro_450:/home/amin/cobot/cobot_ws/install/myarm_m750:/home/amin/cobot/cobot_ws/install/myarm_c650:/home/amin/cobot/cobot_ws/install/mycobot_communication:/home/amin/cobot/cobot_ws/install/mecharm_communication:/home/amin/cobot/cobot_ws/install/mycobot_630:/home/amin/cobot/cobot_ws/install/mycobot_600:/home/amin/cobot/cobot_ws/install/mycobot_320pi:/home/amin/cobot/cobot_ws/install/mycobot_320_riscv:/home/amin/cobot/cobot_ws/install/mycobot_320:/home/amin/cobot/cobot_ws/install/mycobot_280pi:/home/amin/cobot/cobot_ws/install/mycobot_280jn:/home/amin/cobot/cobot_ws/install/mycobot_280_x3pi:/home/amin/cobot/cobot_ws/install/mycobot_280_riscv:/home/amin/cobot/cobot_ws/install/mycobot_280_rdkx5:/home/amin/cobot/cobot_ws/install/mycobot_280_moveit2_control:/home/amin/cobot/cobot_ws/install/mycobot_280_arduino:/home/amin/cobot/cobot_ws/install/mycobot_280:/home/amin/cobot/cobot_ws/install/mybuddy:/home/amin/cobot/cobot_ws/install/myarm_300:/home/amin/cobot/cobot_ws/install/mecharm_pi:/home/amin/cobot/cobot_ws/install/mecharm:/home/amin/cobot/cobot_ws/install/mycobot_description:/opt/ros/jazzy DEBUGINFOD_URLS=https://debuginfod.ubuntu.com PYTHONPATH=/home/amin/cobot/cobot_ws/install/mycobot_description/lib/python3.12/site-packages:/home/amin/cobot/cobot_ws/install/ultraarm/lib/python3.12/site-packages:/home/amin/cobot/cobot_ws/install/pro450_moveit2_control/lib/python3.12/site-packages:/home/amin/cobot/cobot_ws/install/mypalletizer_communication/lib/python3.12/site-packages:/home/amin/cobot/cobot_ws/install/mypalletizer_interfaces/lib/python3.12/site-packages:/home/amin/cobot/cobot_ws/install/mypalletizer_260_pi/lib/python3.12/site-packages:/home/amin/cobot/cobot_ws/install/mypalletizer_260/lib/python3.12/site-packages:/home/amin/cobot/cobot_ws/install/mycobot_pro_450/lib/python3.12/site-packages:/home/amin/cobot/cobot_ws/install/mycobot_pro450_interfaces/lib/python3.12/site-packages:/home/amin/cobot/cobot_ws/install/myarm_m750/lib/python3.12/site-packages:/home/amin/cobot/cobot_ws/install/myarm_c650/lib/python3.12/site-packages:/home/amin/cobot/cobot_ws/install/mycobot_communication/lib/python3.12/site-packages:/home/amin/cobot/cobot_ws/install/mecharm_communication/lib/python3.12/site-packages:/home/amin/cobot/cobot_ws/install/mycobot_interfaces/lib/python3.12/site-packages:/home/amin/cobot/cobot_ws/install/mycobot_630/lib/python3.12/site-packages:/home/amin/cobot/cobot_ws/install/mycobot_600/lib/python3.12/site-packages:/home/amin/cobot/cobot_ws/install/mycobot_320pi/lib/python3.12/site-packages:/home/amin/cobot/cobot_ws/install/mycobot_320_riscv/lib/python3.12/site-packages:/home/amin/cobot/cobot_ws/install/mycobot_320/lib/python3.12/site-packages:/home/amin/cobot/cobot_ws/install/mycobot_280pi/lib/python3.12/site-packages:/home/amin/cobot/cobot_ws/install/mycobot_280jn/lib/python3.12/site-packages:/home/amin/cobot/cobot_ws/install/mycobot_280_x3pi/lib/python3.12/site-packages:/home/amin/cobot/cobot_ws/install/mycobot_280_riscv/lib/python3.12/site-packages:/home/amin/cobot/cobot_ws/install/mycobot_280_rdkx5/lib/python3.12/site-packages:/home/amin/cobot/cobot_ws/install/mycobot_280_moveit2_control/lib/python3.12/site-packages:/home/amin/cobot/cobot_ws/install/mycobot_280_arduino/lib/python3.12/site-packages:/home/amin/cobot/cobot_ws/install/mycobot_280/lib/python3.12/site-packages:/home/amin/cobot/cobot_ws/install/mybuddy/lib/python3.12/site-packages:/home/amin/cobot/cobot_ws/install/myarm_300/lib/python3.12/site-packages:/home/amin/cobot/cobot_ws/install/mecharm_pi/lib/python3.12/site-packages:/home/amin/cobot/cobot_ws/install/mecharm/lib/python3.12/site-packages:/home/amin/cobot/cobot_ws/install/mecharm_interfaces/lib/python3.12/site-packages:/opt/ros/jazzy/lib/python3.12/site-packages /usr/bin/cmake --build /home/amin/cobot/cobot_ws/build/mycobot_280rdkx5_moveit2 -- -j8 -l8
[5.802s] DEBUG:colcon.colcon_core.event_handler.log_command:Invoking command in '/home/amin/cobot/cobot_ws/build/mycobot_280rdkx5_moveit2': AMENT_PREFIX_PATH=/home/amin/cobot/cobot_ws/install/mycobot_description:/home/amin/cobot/cobot_ws/install/ultraarm:/home/amin/cobot/cobot_ws/install/pro450_moveit2_control:/home/amin/cobot/cobot_ws/install/pro450_moveit2:/home/amin/cobot/cobot_ws/install/mypalletizer_communication:/home/amin/cobot/cobot_ws/install/mypalletizer_interfaces:/home/amin/cobot/cobot_ws/install/mypalletizer_260_pi:/home/amin/cobot/cobot_ws/install/mypalletizer_260:/home/amin/cobot/cobot_ws/install/mycobot_pro_450:/home/amin/cobot/cobot_ws/install/mycobot_pro450_interfaces:/home/amin/cobot/cobot_ws/install/myarm_m750:/home/amin/cobot/cobot_ws/install/myarm_c650:/home/amin/cobot/cobot_ws/install/mycobot_communication:/home/amin/cobot/cobot_ws/install/mecharm_communication:/home/amin/cobot/cobot_ws/install/mycobot_interfaces:/home/amin/cobot/cobot_ws/install/mycobot_630:/home/amin/cobot/cobot_ws/install/mycobot_600:/home/amin/cobot/cobot_ws/install/mycobot_320pi:/home/amin/cobot/cobot_ws/install/mycobot_320_riscv:/home/amin/cobot/cobot_ws/install/mycobot_320:/home/amin/cobot/cobot_ws/install/mycobot_280rdkx5_moveit2:/home/amin/cobot/cobot_ws/install/mycobot_280pi:/home/amin/cobot/cobot_ws/install/mycobot_280jn:/home/amin/cobot/cobot_ws/install/mycobot_280arduino_moveit2:/home/amin/cobot/cobot_ws/install/mycobot_280_x3pi:/home/amin/cobot/cobot_ws/install/mycobot_280_riscv:/home/amin/cobot/cobot_ws/install/mycobot_280_rdkx5:/home/amin/cobot/cobot_ws/install/mycobot_280_moveit2_control:/home/amin/cobot/cobot_ws/install/mycobot_280_moveit2:/home/amin/cobot/cobot_ws/install/mycobot_280_gazebo_jazzy:/home/amin/cobot/cobot_ws/install/mycobot_280_gazebo:/home/amin/cobot/cobot_ws/install/mycobot_280_arduino:/home/amin/cobot/cobot_ws/install/mycobot_280:/home/amin/cobot/cobot_ws/install/mybuddy:/home/amin/cobot/cobot_ws/install/myarm_300:/home/amin/cobot/cobot_ws/install/mecharm_pi:/home/amin/cobot/cobot_ws/install/mecharm:/home/amin/cobot/cobot_ws/install/mecharm_interfaces:/opt/ros/jazzy CMAKE_PREFIX_PATH=${CMAKE_PREFIX_PATH}:/home/amin/cobot/cobot_ws/install/ultraarm:/home/amin/cobot/cobot_ws/install/pro450_moveit2_control:/home/amin/cobot/cobot_ws/install/mypalletizer_communication:/home/amin/cobot/cobot_ws/install/mypalletizer_260_pi:/home/amin/cobot/cobot_ws/install/mypalletizer_260:/home/amin/cobot/cobot_ws/install/mycobot_pro_450:/home/amin/cobot/cobot_ws/install/myarm_m750:/home/amin/cobot/cobot_ws/install/myarm_c650:/home/amin/cobot/cobot_ws/install/mycobot_communication:/home/amin/cobot/cobot_ws/install/mecharm_communication:/home/amin/cobot/cobot_ws/install/mycobot_630:/home/amin/cobot/cobot_ws/install/mycobot_600:/home/amin/cobot/cobot_ws/install/mycobot_320pi:/home/amin/cobot/cobot_ws/install/mycobot_320_riscv:/home/amin/cobot/cobot_ws/install/mycobot_320:/home/amin/cobot/cobot_ws/install/mycobot_280pi:/home/amin/cobot/cobot_ws/install/mycobot_280jn:/home/amin/cobot/cobot_ws/install/mycobot_280_x3pi:/home/amin/cobot/cobot_ws/install/mycobot_280_riscv:/home/amin/cobot/cobot_ws/install/mycobot_280_rdkx5:/home/amin/cobot/cobot_ws/install/mycobot_280_moveit2_control:/home/amin/cobot/cobot_ws/install/mycobot_280_arduino:/home/amin/cobot/cobot_ws/install/mycobot_280:/home/amin/cobot/cobot_ws/install/mybuddy:/home/amin/cobot/cobot_ws/install/myarm_300:/home/amin/cobot/cobot_ws/install/mecharm_pi:/home/amin/cobot/cobot_ws/install/mecharm:/home/amin/cobot/cobot_ws/install/mycobot_description:/opt/ros/jazzy DEBUGINFOD_URLS=https://debuginfod.ubuntu.com PYTHONPATH=/home/amin/cobot/cobot_ws/install/mycobot_description/lib/python3.12/site-packages:/home/amin/cobot/cobot_ws/install/ultraarm/lib/python3.12/site-packages:/home/amin/cobot/cobot_ws/install/pro450_moveit2_control/lib/python3.12/site-packages:/home/amin/cobot/cobot_ws/install/mypalletizer_communication/lib/python3.12/site-packages:/home/amin/cobot/cobot_ws/install/mypalletizer_interfaces/lib/python3.12/site-packages:/home/amin/cobot/cobot_ws/install/mypalletizer_260_pi/lib/python3.12/site-packages:/home/amin/cobot/cobot_ws/install/mypalletizer_260/lib/python3.12/site-packages:/home/amin/cobot/cobot_ws/install/mycobot_pro_450/lib/python3.12/site-packages:/home/amin/cobot/cobot_ws/install/mycobot_pro450_interfaces/lib/python3.12/site-packages:/home/amin/cobot/cobot_ws/install/myarm_m750/lib/python3.12/site-packages:/home/amin/cobot/cobot_ws/install/myarm_c650/lib/python3.12/site-packages:/home/amin/cobot/cobot_ws/install/mycobot_communication/lib/python3.12/site-packages:/home/amin/cobot/cobot_ws/install/mecharm_communication/lib/python3.12/site-packages:/home/amin/cobot/cobot_ws/install/mycobot_interfaces/lib/python3.12/site-packages:/home/amin/cobot/cobot_ws/install/mycobot_630/lib/python3.12/site-packages:/home/amin/cobot/cobot_ws/install/mycobot_600/lib/python3.12/site-packages:/home/amin/cobot/cobot_ws/install/mycobot_320pi/lib/python3.12/site-packages:/home/amin/cobot/cobot_ws/install/mycobot_320_riscv/lib/python3.12/site-packages:/home/amin/cobot/cobot_ws/install/mycobot_320/lib/python3.12/site-packages:/home/amin/cobot/cobot_ws/install/mycobot_280pi/lib/python3.12/site-packages:/home/amin/cobot/cobot_ws/install/mycobot_280jn/lib/python3.12/site-packages:/home/amin/cobot/cobot_ws/install/mycobot_280_x3pi/lib/python3.12/site-packages:/home/amin/cobot/cobot_ws/install/mycobot_280_riscv/lib/python3.12/site-packages:/home/amin/cobot/cobot_ws/install/mycobot_280_rdkx5/lib/python3.12/site-packages:/home/amin/cobot/cobot_ws/install/mycobot_280_moveit2_control/lib/python3.12/site-packages:/home/amin/cobot/cobot_ws/install/mycobot_280_arduino/lib/python3.12/site-packages:/home/amin/cobot/cobot_ws/install/mycobot_280/lib/python3.12/site-packages:/home/amin/cobot/cobot_ws/install/mybuddy/lib/python3.12/site-packages:/home/amin/cobot/cobot_ws/install/myarm_300/lib/python3.12/site-packages:/home/amin/cobot/cobot_ws/install/mecharm_pi/lib/python3.12/site-packages:/home/amin/cobot/cobot_ws/install/mecharm/lib/python3.12/site-packages:/home/amin/cobot/cobot_ws/install/mecharm_interfaces/lib/python3.12/site-packages:/opt/ros/jazzy/lib/python3.12/site-packages /usr/bin/cmake --install /home/amin/cobot/cobot_ws/build/mycobot_280rdkx5_moveit2
[5.804s] DEBUG:colcon.colcon_core.event_handler.log_command:Invoking command in '/home/amin/cobot/cobot_ws/src/mycobot_ros2/mycobot_280/mycobot_280_riscv': AMENT_PREFIX_PATH=/home/amin/cobot/cobot_ws/install/mycobot_description:/home/amin/cobot/cobot_ws/install/ultraarm:/home/amin/cobot/cobot_ws/install/pro450_moveit2_control:/home/amin/cobot/cobot_ws/install/pro450_moveit2:/home/amin/cobot/cobot_ws/install/mypalletizer_communication:/home/amin/cobot/cobot_ws/install/mypalletizer_interfaces:/home/amin/cobot/cobot_ws/install/mypalletizer_260_pi:/home/amin/cobot/cobot_ws/install/mypalletizer_260:/home/amin/cobot/cobot_ws/install/mycobot_pro_450:/home/amin/cobot/cobot_ws/install/mycobot_pro450_interfaces:/home/amin/cobot/cobot_ws/install/myarm_m750:/home/amin/cobot/cobot_ws/install/myarm_c650:/home/amin/cobot/cobot_ws/install/mycobot_communication:/home/amin/cobot/cobot_ws/install/mecharm_communication:/home/amin/cobot/cobot_ws/install/mycobot_interfaces:/home/amin/cobot/cobot_ws/install/mycobot_630:/home/amin/cobot/cobot_ws/install/mycobot_600:/home/amin/cobot/cobot_ws/install/mycobot_320pi:/home/amin/cobot/cobot_ws/install/mycobot_320_riscv:/home/amin/cobot/cobot_ws/install/mycobot_320:/home/amin/cobot/cobot_ws/install/mycobot_280rdkx5_moveit2:/home/amin/cobot/cobot_ws/install/mycobot_280pi:/home/amin/cobot/cobot_ws/install/mycobot_280jn:/home/amin/cobot/cobot_ws/install/mycobot_280arduino_moveit2:/home/amin/cobot/cobot_ws/install/mycobot_280_x3pi:/home/amin/cobot/cobot_ws/install/mycobot_280_riscv:/home/amin/cobot/cobot_ws/install/mycobot_280_rdkx5:/home/amin/cobot/cobot_ws/install/mycobot_280_moveit2_control:/home/amin/cobot/cobot_ws/install/mycobot_280_moveit2:/home/amin/cobot/cobot_ws/install/mycobot_280_gazebo_jazzy:/home/amin/cobot/cobot_ws/install/mycobot_280_gazebo:/home/amin/cobot/cobot_ws/install/mycobot_280_arduino:/home/amin/cobot/cobot_ws/install/mycobot_280:/home/amin/cobot/cobot_ws/install/mybuddy:/home/amin/cobot/cobot_ws/install/myarm_300:/home/amin/cobot/cobot_ws/install/mecharm_pi:/home/amin/cobot/cobot_ws/install/mecharm:/home/amin/cobot/cobot_ws/install/mecharm_interfaces:/opt/ros/jazzy DEBUGINFOD_URLS=https://debuginfod.ubuntu.com PYTHONPATH=/home/amin/cobot/cobot_ws/build/mycobot_280_riscv/prefix_override:/usr/lib/python3/dist-packages/colcon_core/task/python/colcon_distutils_commands:/home/amin/cobot/cobot_ws/install/mycobot_280_riscv/lib/python3.12/site-packages:/home/amin/cobot/cobot_ws/install/mycobot_description/lib/python3.12/site-packages:/home/amin/cobot/cobot_ws/install/ultraarm/lib/python3.12/site-packages:/home/amin/cobot/cobot_ws/install/pro450_moveit2_control/lib/python3.12/site-packages:/home/amin/cobot/cobot_ws/install/mypalletizer_communication/lib/python3.12/site-packages:/home/amin/cobot/cobot_ws/install/mypalletizer_interfaces/lib/python3.12/site-packages:/home/amin/cobot/cobot_ws/install/mypalletizer_260_pi/lib/python3.12/site-packages:/home/amin/cobot/cobot_ws/install/mypalletizer_260/lib/python3.12/site-packages:/home/amin/cobot/cobot_ws/install/mycobot_pro_450/lib/python3.12/site-packages:/home/amin/cobot/cobot_ws/install/mycobot_pro450_interfaces/lib/python3.12/site-packages:/home/amin/cobot/cobot_ws/install/myarm_m750/lib/python3.12/site-packages:/home/amin/cobot/cobot_ws/install/myarm_c650/lib/python3.12/site-packages:/home/amin/cobot/cobot_ws/install/mycobot_communication/lib/python3.12/site-packages:/home/amin/cobot/cobot_ws/install/mecharm_communication/lib/python3.12/site-packages:/home/amin/cobot/cobot_ws/install/mycobot_interfaces/lib/python3.12/site-packages:/home/amin/cobot/cobot_ws/install/mycobot_630/lib/python3.12/site-packages:/home/amin/cobot/cobot_ws/install/mycobot_600/lib/python3.12/site-packages:/home/amin/cobot/cobot_ws/install/mycobot_320pi/lib/python3.12/site-packages:/home/amin/cobot/cobot_ws/install/mycobot_320_riscv/lib/python3.12/site-packages:/home/amin/cobot/cobot_ws/install/mycobot_320/lib/python3.12/site-packages:/home/amin/cobot/cobot_ws/install/mycobot_280pi/lib/python3.12/site-packages:/home/amin/cobot/cobot_ws/install/mycobot_280jn/lib/python3.12/site-packages:/home/amin/cobot/cobot_ws/install/mycobot_280_x3pi/lib/python3.12/site-packages:/home/amin/cobot/cobot_ws/install/mycobot_280_riscv/lib/python3.12/site-packages:/home/amin/cobot/cobot_ws/install/mycobot_280_rdkx5/lib/python3.12/site-packages:/home/amin/cobot/cobot_ws/install/mycobot_280_moveit2_control/lib/python3.12/site-packages:/home/amin/cobot/cobot_ws/install/mycobot_280_arduino/lib/python3.12/site-packages:/home/amin/cobot/cobot_ws/install/mycobot_280/lib/python3.12/site-packages:/home/amin/cobot/cobot_ws/install/mybuddy/lib/python3.12/site-packages:/home/amin/cobot/cobot_ws/install/myarm_300/lib/python3.12/site-packages:/home/amin/cobot/cobot_ws/install/mecharm_pi/lib/python3.12/site-packages:/home/amin/cobot/cobot_ws/install/mecharm/lib/python3.12/site-packages:/home/amin/cobot/cobot_ws/install/mecharm_interfaces/lib/python3.12/site-packages:/opt/ros/jazzy/lib/python3.12/site-packages /usr/bin/python3 -W ignore:setup.py install is deprecated -W ignore:easy_install command is deprecated setup.py egg_info --egg-base ../../../../build/mycobot_280_riscv build --build-base /home/amin/cobot/cobot_ws/build/mycobot_280_riscv/build install --record /home/amin/cobot/cobot_ws/build/mycobot_280_riscv/install.log --single-version-externally-managed install_data
[5.804s] Level 1:colcon.colcon_core.environment:create_environment_scripts_only(mycobot_280arduino_moveit2)
[5.805s] Level 1:colcon.colcon_core.environment:checking '/home/amin/cobot/cobot_ws/install/mycobot_280arduino_moveit2' for CMake module files
[5.805s] Level 1:colcon.colcon_core.environment:checking '/home/amin/cobot/cobot_ws/install/mycobot_280arduino_moveit2' for CMake config files
[5.806s] DEBUG:colcon.colcon_core.event_handler.log_command:Invoking command in '/home/amin/cobot/cobot_ws/src/mycobot_ros2/mycobot_280/mycobot_280_x3pi': AMENT_PREFIX_PATH=/home/amin/cobot/cobot_ws/install/mycobot_description:/home/amin/cobot/cobot_ws/install/ultraarm:/home/amin/cobot/cobot_ws/install/pro450_moveit2_control:/home/amin/cobot/cobot_ws/install/pro450_moveit2:/home/amin/cobot/cobot_ws/install/mypalletizer_communication:/home/amin/cobot/cobot_ws/install/mypalletizer_interfaces:/home/amin/cobot/cobot_ws/install/mypalletizer_260_pi:/home/amin/cobot/cobot_ws/install/mypalletizer_260:/home/amin/cobot/cobot_ws/install/mycobot_pro_450:/home/amin/cobot/cobot_ws/install/mycobot_pro450_interfaces:/home/amin/cobot/cobot_ws/install/myarm_m750:/home/amin/cobot/cobot_ws/install/myarm_c650:/home/amin/cobot/cobot_ws/install/mycobot_communication:/home/amin/cobot/cobot_ws/install/mecharm_communication:/home/amin/cobot/cobot_ws/install/mycobot_interfaces:/home/amin/cobot/cobot_ws/install/mycobot_630:/home/amin/cobot/cobot_ws/install/mycobot_600:/home/amin/cobot/cobot_ws/install/mycobot_320pi:/home/amin/cobot/cobot_ws/install/mycobot_320_riscv:/home/amin/cobot/cobot_ws/install/mycobot_320:/home/amin/cobot/cobot_ws/install/mycobot_280rdkx5_moveit2:/home/amin/cobot/cobot_ws/install/mycobot_280pi:/home/amin/cobot/cobot_ws/install/mycobot_280jn:/home/amin/cobot/cobot_ws/install/mycobot_280arduino_moveit2:/home/amin/cobot/cobot_ws/install/mycobot_280_x3pi:/home/amin/cobot/cobot_ws/install/mycobot_280_riscv:/home/amin/cobot/cobot_ws/install/mycobot_280_rdkx5:/home/amin/cobot/cobot_ws/install/mycobot_280_moveit2_control:/home/amin/cobot/cobot_ws/install/mycobot_280_moveit2:/home/amin/cobot/cobot_ws/install/mycobot_280_gazebo_jazzy:/home/amin/cobot/cobot_ws/install/mycobot_280_gazebo:/home/amin/cobot/cobot_ws/install/mycobot_280_arduino:/home/amin/cobot/cobot_ws/install/mycobot_280:/home/amin/cobot/cobot_ws/install/mybuddy:/home/amin/cobot/cobot_ws/install/myarm_300:/home/amin/cobot/cobot_ws/install/mecharm_pi:/home/amin/cobot/cobot_ws/install/mecharm:/home/amin/cobot/cobot_ws/install/mecharm_interfaces:/opt/ros/jazzy DEBUGINFOD_URLS=https://debuginfod.ubuntu.com PYTHONPATH=/home/amin/cobot/cobot_ws/build/mycobot_280_x3pi/prefix_override:/usr/lib/python3/dist-packages/colcon_core/task/python/colcon_distutils_commands:/home/amin/cobot/cobot_ws/install/mycobot_280_x3pi/lib/python3.12/site-packages:/home/amin/cobot/cobot_ws/install/mycobot_description/lib/python3.12/site-packages:/home/amin/cobot/cobot_ws/install/ultraarm/lib/python3.12/site-packages:/home/amin/cobot/cobot_ws/install/pro450_moveit2_control/lib/python3.12/site-packages:/home/amin/cobot/cobot_ws/install/mypalletizer_communication/lib/python3.12/site-packages:/home/amin/cobot/cobot_ws/install/mypalletizer_interfaces/lib/python3.12/site-packages:/home/amin/cobot/cobot_ws/install/mypalletizer_260_pi/lib/python3.12/site-packages:/home/amin/cobot/cobot_ws/install/mypalletizer_260/lib/python3.12/site-packages:/home/amin/cobot/cobot_ws/install/mycobot_pro_450/lib/python3.12/site-packages:/home/amin/cobot/cobot_ws/install/mycobot_pro450_interfaces/lib/python3.12/site-packages:/home/amin/cobot/cobot_ws/install/myarm_m750/lib/python3.12/site-packages:/home/amin/cobot/cobot_ws/install/myarm_c650/lib/python3.12/site-packages:/home/amin/cobot/cobot_ws/install/mycobot_communication/lib/python3.12/site-packages:/home/amin/cobot/cobot_ws/install/mecharm_communication/lib/python3.12/site-packages:/home/amin/cobot/cobot_ws/install/mycobot_interfaces/lib/python3.12/site-packages:/home/amin/cobot/cobot_ws/install/mycobot_630/lib/python3.12/site-packages:/home/amin/cobot/cobot_ws/install/mycobot_600/lib/python3.12/site-packages:/home/amin/cobot/cobot_ws/install/mycobot_320pi/lib/python3.12/site-packages:/home/amin/cobot/cobot_ws/install/mycobot_320_riscv/lib/python3.12/site-packages:/home/amin/cobot/cobot_ws/install/mycobot_320/lib/python3.12/site-packages:/home/amin/cobot/cobot_ws/install/mycobot_280pi/lib/python3.12/site-packages:/home/amin/cobot/cobot_ws/install/mycobot_280jn/lib/python3.12/site-packages:/home/amin/cobot/cobot_ws/install/mycobot_280_x3pi/lib/python3.12/site-packages:/home/amin/cobot/cobot_ws/install/mycobot_280_riscv/lib/python3.12/site-packages:/home/amin/cobot/cobot_ws/install/mycobot_280_rdkx5/lib/python3.12/site-packages:/home/amin/cobot/cobot_ws/install/mycobot_280_moveit2_control/lib/python3.12/site-packages:/home/amin/cobot/cobot_ws/install/mycobot_280_arduino/lib/python3.12/site-packages:/home/amin/cobot/cobot_ws/install/mycobot_280/lib/python3.12/site-packages:/home/amin/cobot/cobot_ws/install/mybuddy/lib/python3.12/site-packages:/home/amin/cobot/cobot_ws/install/myarm_300/lib/python3.12/site-packages:/home/amin/cobot/cobot_ws/install/mecharm_pi/lib/python3.12/site-packages:/home/amin/cobot/cobot_ws/install/mecharm/lib/python3.12/site-packages:/home/amin/cobot/cobot_ws/install/mecharm_interfaces/lib/python3.12/site-packages:/opt/ros/jazzy/lib/python3.12/site-packages /usr/bin/python3 -W ignore:setup.py install is deprecated -W ignore:easy_install command is deprecated setup.py egg_info --egg-base ../../../../build/mycobot_280_x3pi build --build-base /home/amin/cobot/cobot_ws/build/mycobot_280_x3pi/build install --record /home/amin/cobot/cobot_ws/build/mycobot_280_x3pi/install.log --single-version-externally-managed install_data
[5.806s] DEBUG:colcon.colcon_core.event_handler.log_command:Invoked command in '/home/amin/cobot/cobot_ws/build/mycobot_280arduino_moveit2' returned '0': AMENT_PREFIX_PATH=/home/amin/cobot/cobot_ws/install/mycobot_description:/home/amin/cobot/cobot_ws/install/ultraarm:/home/amin/cobot/cobot_ws/install/pro450_moveit2_control:/home/amin/cobot/cobot_ws/install/pro450_moveit2:/home/amin/cobot/cobot_ws/install/mypalletizer_communication:/home/amin/cobot/cobot_ws/install/mypalletizer_interfaces:/home/amin/cobot/cobot_ws/install/mypalletizer_260_pi:/home/amin/cobot/cobot_ws/install/mypalletizer_260:/home/amin/cobot/cobot_ws/install/mycobot_pro_450:/home/amin/cobot/cobot_ws/install/mycobot_pro450_interfaces:/home/amin/cobot/cobot_ws/install/myarm_m750:/home/amin/cobot/cobot_ws/install/myarm_c650:/home/amin/cobot/cobot_ws/install/mycobot_communication:/home/amin/cobot/cobot_ws/install/mecharm_communication:/home/amin/cobot/cobot_ws/install/mycobot_interfaces:/home/amin/cobot/cobot_ws/install/mycobot_630:/home/amin/cobot/cobot_ws/install/mycobot_600:/home/amin/cobot/cobot_ws/install/mycobot_320pi:/home/amin/cobot/cobot_ws/install/mycobot_320_riscv:/home/amin/cobot/cobot_ws/install/mycobot_320:/home/amin/cobot/cobot_ws/install/mycobot_280rdkx5_moveit2:/home/amin/cobot/cobot_ws/install/mycobot_280pi:/home/amin/cobot/cobot_ws/install/mycobot_280jn:/home/amin/cobot/cobot_ws/install/mycobot_280arduino_moveit2:/home/amin/cobot/cobot_ws/install/mycobot_280_x3pi:/home/amin/cobot/cobot_ws/install/mycobot_280_riscv:/home/amin/cobot/cobot_ws/install/mycobot_280_rdkx5:/home/amin/cobot/cobot_ws/install/mycobot_280_moveit2_control:/home/amin/cobot/cobot_ws/install/mycobot_280_moveit2:/home/amin/cobot/cobot_ws/install/mycobot_280_gazebo_jazzy:/home/amin/cobot/cobot_ws/install/mycobot_280_gazebo:/home/amin/cobot/cobot_ws/install/mycobot_280_arduino:/home/amin/cobot/cobot_ws/install/mycobot_280:/home/amin/cobot/cobot_ws/install/mybuddy:/home/amin/cobot/cobot_ws/install/myarm_300:/home/amin/cobot/cobot_ws/install/mecharm_pi:/home/amin/cobot/cobot_ws/install/mecharm:/home/amin/cobot/cobot_ws/install/mecharm_interfaces:/opt/ros/jazzy CMAKE_PREFIX_PATH=${CMAKE_PREFIX_PATH}:/home/amin/cobot/cobot_ws/install/ultraarm:/home/amin/cobot/cobot_ws/install/pro450_moveit2_control:/home/amin/cobot/cobot_ws/install/mypalletizer_communication:/home/amin/cobot/cobot_ws/install/mypalletizer_260_pi:/home/amin/cobot/cobot_ws/install/mypalletizer_260:/home/amin/cobot/cobot_ws/install/mycobot_pro_450:/home/amin/cobot/cobot_ws/install/myarm_m750:/home/amin/cobot/cobot_ws/install/myarm_c650:/home/amin/cobot/cobot_ws/install/mycobot_communication:/home/amin/cobot/cobot_ws/install/mecharm_communication:/home/amin/cobot/cobot_ws/install/mycobot_630:/home/amin/cobot/cobot_ws/install/mycobot_600:/home/amin/cobot/cobot_ws/install/mycobot_320pi:/home/amin/cobot/cobot_ws/install/mycobot_320_riscv:/home/amin/cobot/cobot_ws/install/mycobot_320:/home/amin/cobot/cobot_ws/install/mycobot_280pi:/home/amin/cobot/cobot_ws/install/mycobot_280jn:/home/amin/cobot/cobot_ws/install/mycobot_280_x3pi:/home/amin/cobot/cobot_ws/install/mycobot_280_riscv:/home/amin/cobot/cobot_ws/install/mycobot_280_rdkx5:/home/amin/cobot/cobot_ws/install/mycobot_280_moveit2_control:/home/amin/cobot/cobot_ws/install/mycobot_280_arduino:/home/amin/cobot/cobot_ws/install/mycobot_280:/home/amin/cobot/cobot_ws/install/mybuddy:/home/amin/cobot/cobot_ws/install/myarm_300:/home/amin/cobot/cobot_ws/install/mecharm_pi:/home/amin/cobot/cobot_ws/install/mecharm:/home/amin/cobot/cobot_ws/install/mycobot_description:/opt/ros/jazzy DEBUGINFOD_URLS=https://debuginfod.ubuntu.com PYTHONPATH=/home/amin/cobot/cobot_ws/install/mycobot_description/lib/python3.12/site-packages:/home/amin/cobot/cobot_ws/install/ultraarm/lib/python3.12/site-packages:/home/amin/cobot/cobot_ws/install/pro450_moveit2_control/lib/python3.12/site-packages:/home/amin/cobot/cobot_ws/install/mypalletizer_communication/lib/python3.12/site-packages:/home/amin/cobot/cobot_ws/install/mypalletizer_interfaces/lib/python3.12/site-packages:/home/amin/cobot/cobot_ws/install/mypalletizer_260_pi/lib/python3.12/site-packages:/home/amin/cobot/cobot_ws/install/mypalletizer_260/lib/python3.12/site-packages:/home/amin/cobot/cobot_ws/install/mycobot_pro_450/lib/python3.12/site-packages:/home/amin/cobot/cobot_ws/install/mycobot_pro450_interfaces/lib/python3.12/site-packages:/home/amin/cobot/cobot_ws/install/myarm_m750/lib/python3.12/site-packages:/home/amin/cobot/cobot_ws/install/myarm_c650/lib/python3.12/site-packages:/home/amin/cobot/cobot_ws/install/mycobot_communication/lib/python3.12/site-packages:/home/amin/cobot/cobot_ws/install/mecharm_communication/lib/python3.12/site-packages:/home/amin/cobot/cobot_ws/install/mycobot_interfaces/lib/python3.12/site-packages:/home/amin/cobot/cobot_ws/install/mycobot_630/lib/python3.12/site-packages:/home/amin/cobot/cobot_ws/install/mycobot_600/lib/python3.12/site-packages:/home/amin/cobot/cobot_ws/install/mycobot_320pi/lib/python3.12/site-packages:/home/amin/cobot/cobot_ws/install/mycobot_320_riscv/lib/python3.12/site-packages:/home/amin/cobot/cobot_ws/install/mycobot_320/lib/python3.12/site-packages:/home/amin/cobot/cobot_ws/install/mycobot_280pi/lib/python3.12/site-packages:/home/amin/cobot/cobot_ws/install/mycobot_280jn/lib/python3.12/site-packages:/home/amin/cobot/cobot_ws/install/mycobot_280_x3pi/lib/python3.12/site-packages:/home/amin/cobot/cobot_ws/install/mycobot_280_riscv/lib/python3.12/site-packages:/home/amin/cobot/cobot_ws/install/mycobot_280_rdkx5/lib/python3.12/site-packages:/home/amin/cobot/cobot_ws/install/mycobot_280_moveit2_control/lib/python3.12/site-packages:/home/amin/cobot/cobot_ws/install/mycobot_280_arduino/lib/python3.12/site-packages:/home/amin/cobot/cobot_ws/install/mycobot_280/lib/python3.12/site-packages:/home/amin/cobot/cobot_ws/install/mybuddy/lib/python3.12/site-packages:/home/amin/cobot/cobot_ws/install/myarm_300/lib/python3.12/site-packages:/home/amin/cobot/cobot_ws/install/mecharm_pi/lib/python3.12/site-packages:/home/amin/cobot/cobot_ws/install/mecharm/lib/python3.12/site-packages:/home/amin/cobot/cobot_ws/install/mecharm_interfaces/lib/python3.12/site-packages:/opt/ros/jazzy/lib/python3.12/site-packages /usr/bin/cmake --install /home/amin/cobot/cobot_ws/build/mycobot_280arduino_moveit2
[5.806s] Level 1:colcon.colcon_core.shell:create_environment_hook('mycobot_280arduino_moveit2', 'cmake_prefix_path')
[5.806s] INFO:colcon.colcon_core.shell:Creating environment hook '/home/amin/cobot/cobot_ws/install/mycobot_280arduino_moveit2/share/mycobot_280arduino_moveit2/hook/cmake_prefix_path.ps1'
[5.807s] INFO:colcon.colcon_core.shell:Creating environment descriptor '/home/amin/cobot/cobot_ws/install/mycobot_280arduino_moveit2/share/mycobot_280arduino_moveit2/hook/cmake_prefix_path.dsv'
[5.807s] INFO:colcon.colcon_core.shell:Creating environment hook '/home/amin/cobot/cobot_ws/install/mycobot_280arduino_moveit2/share/mycobot_280arduino_moveit2/hook/cmake_prefix_path.sh'
[5.808s] Level 1:colcon.colcon_core.environment:checking '/home/amin/cobot/cobot_ws/install/mycobot_280arduino_moveit2/bin'
[5.808s] Level 1:colcon.colcon_core.environment:checking '/home/amin/cobot/cobot_ws/install/mycobot_280arduino_moveit2/lib/pkgconfig/mycobot_280arduino_moveit2.pc'
[5.808s] Level 1:colcon.colcon_core.environment:checking '/home/amin/cobot/cobot_ws/install/mycobot_280arduino_moveit2/lib/python3.12/site-packages'
[5.808s] Level 1:colcon.colcon_core.environment:checking '/home/amin/cobot/cobot_ws/install/mycobot_280arduino_moveit2/bin'
[5.809s] INFO:colcon.colcon_core.shell:Creating package script '/home/amin/cobot/cobot_ws/install/mycobot_280arduino_moveit2/share/mycobot_280arduino_moveit2/package.ps1'
[5.809s] INFO:colcon.colcon_core.shell:Creating package descriptor '/home/amin/cobot/cobot_ws/install/mycobot_280arduino_moveit2/share/mycobot_280arduino_moveit2/package.dsv'
[5.810s] INFO:colcon.colcon_core.shell:Creating package script '/home/amin/cobot/cobot_ws/install/mycobot_280arduino_moveit2/share/mycobot_280arduino_moveit2/package.sh'
[5.810s] INFO:colcon.colcon_core.shell:Creating package script '/home/amin/cobot/cobot_ws/install/mycobot_280arduino_moveit2/share/mycobot_280arduino_moveit2/package.bash'
[5.810s] INFO:colcon.colcon_core.shell:Creating package script '/home/amin/cobot/cobot_ws/install/mycobot_280arduino_moveit2/share/mycobot_280arduino_moveit2/package.zsh'
[5.811s] Level 1:colcon.colcon_core.environment:create_file_with_runtime_dependencies(/home/amin/cobot/cobot_ws/install/mycobot_280arduino_moveit2/share/colcon-core/packages/mycobot_280arduino_moveit2)
[5.811s] Level 1:colcon.colcon_core.environment:create_environment_scripts_only(mycobot_280arduino_moveit2)
[5.811s] Level 1:colcon.colcon_core.environment:checking '/home/amin/cobot/cobot_ws/install/mycobot_280arduino_moveit2' for CMake module files
[5.812s] Level 1:colcon.colcon_core.environment:checking '/home/amin/cobot/cobot_ws/install/mycobot_280arduino_moveit2' for CMake config files
[5.812s] Level 1:colcon.colcon_core.shell:create_environment_hook('mycobot_280arduino_moveit2', 'cmake_prefix_path')
[5.812s] INFO:colcon.colcon_core.shell:Creating environment hook '/home/amin/cobot/cobot_ws/install/mycobot_280arduino_moveit2/share/mycobot_280arduino_moveit2/hook/cmake_prefix_path.ps1'
[5.812s] INFO:colcon.colcon_core.shell:Creating environment descriptor '/home/amin/cobot/cobot_ws/install/mycobot_280arduino_moveit2/share/mycobot_280arduino_moveit2/hook/cmake_prefix_path.dsv'
[5.813s] INFO:colcon.colcon_core.shell:Creating environment hook '/home/amin/cobot/cobot_ws/install/mycobot_280arduino_moveit2/share/mycobot_280arduino_moveit2/hook/cmake_prefix_path.sh'
[5.813s] Level 1:colcon.colcon_core.environment:checking '/home/amin/cobot/cobot_ws/install/mycobot_280arduino_moveit2/bin'
[5.813s] Level 1:colcon.colcon_core.environment:checking '/home/amin/cobot/cobot_ws/install/mycobot_280arduino_moveit2/lib/pkgconfig/mycobot_280arduino_moveit2.pc'
[5.814s] Level 1:colcon.colcon_core.environment:checking '/home/amin/cobot/cobot_ws/install/mycobot_280arduino_moveit2/lib/python3.12/site-packages'
[5.814s] Level 1:colcon.colcon_core.environment:checking '/home/amin/cobot/cobot_ws/install/mycobot_280arduino_moveit2/bin'
[5.814s] INFO:colcon.colcon_core.shell:Creating package script '/home/amin/cobot/cobot_ws/install/mycobot_280arduino_moveit2/share/mycobot_280arduino_moveit2/package.ps1'
[5.815s] INFO:colcon.colcon_core.shell:Creating package descriptor '/home/amin/cobot/cobot_ws/install/mycobot_280arduino_moveit2/share/mycobot_280arduino_moveit2/package.dsv'
[5.815s] INFO:colcon.colcon_core.shell:Creating package script '/home/amin/cobot/cobot_ws/install/mycobot_280arduino_moveit2/share/mycobot_280arduino_moveit2/package.sh'
[5.815s] INFO:colcon.colcon_core.shell:Creating package script '/home/amin/cobot/cobot_ws/install/mycobot_280arduino_moveit2/share/mycobot_280arduino_moveit2/package.bash'
[5.816s] INFO:colcon.colcon_core.shell:Creating package script '/home/amin/cobot/cobot_ws/install/mycobot_280arduino_moveit2/share/mycobot_280arduino_moveit2/package.zsh'
[5.816s] Level 1:colcon.colcon_core.environment:create_file_with_runtime_dependencies(/home/amin/cobot/cobot_ws/install/mycobot_280arduino_moveit2/share/colcon-core/packages/mycobot_280arduino_moveit2)
[5.822s] Level 1:colcon.colcon_core.environment:checking '/home/amin/cobot/cobot_ws/install/mycobot_280_moveit2_control' for CMake module files
[5.823s] Level 1:colcon.colcon_core.environment:checking '/home/amin/cobot/cobot_ws/install/mycobot_280_moveit2_control' for CMake config files
[5.823s] Level 1:colcon.colcon_core.environment:checking '/home/amin/cobot/cobot_ws/install/mycobot_280_moveit2_control/lib'
[5.823s] Level 1:colcon.colcon_core.environment:checking '/home/amin/cobot/cobot_ws/install/mycobot_280_moveit2_control/bin'
[5.823s] Level 1:colcon.colcon_core.environment:checking '/home/amin/cobot/cobot_ws/install/mycobot_280_moveit2_control/lib/pkgconfig/mycobot_280_moveit2_control.pc'
[5.824s] Level 1:colcon.colcon_core.environment:checking '/home/amin/cobot/cobot_ws/install/mycobot_280_moveit2_control/lib/python3.12/site-packages'
[5.824s] Level 1:colcon.colcon_core.shell:create_environment_hook('mycobot_280_moveit2_control', 'pythonpath')
[5.824s] INFO:colcon.colcon_core.shell:Creating environment hook '/home/amin/cobot/cobot_ws/install/mycobot_280_moveit2_control/share/mycobot_280_moveit2_control/hook/pythonpath.ps1'
[5.825s] INFO:colcon.colcon_core.shell:Creating environment descriptor '/home/amin/cobot/cobot_ws/install/mycobot_280_moveit2_control/share/mycobot_280_moveit2_control/hook/pythonpath.dsv'
[5.828s] DEBUG:colcon.colcon_core.event_handler.log_command:Invoked command in '/home/amin/cobot/cobot_ws/src/mycobot_ros2/mycobot_280/mycobot_280_moveit2_control' returned '0': AMENT_PREFIX_PATH=/home/amin/cobot/cobot_ws/install/mycobot_description:/home/amin/cobot/cobot_ws/install/ultraarm:/home/amin/cobot/cobot_ws/install/pro450_moveit2_control:/home/amin/cobot/cobot_ws/install/pro450_moveit2:/home/amin/cobot/cobot_ws/install/mypalletizer_communication:/home/amin/cobot/cobot_ws/install/mypalletizer_interfaces:/home/amin/cobot/cobot_ws/install/mypalletizer_260_pi:/home/amin/cobot/cobot_ws/install/mypalletizer_260:/home/amin/cobot/cobot_ws/install/mycobot_pro_450:/home/amin/cobot/cobot_ws/install/mycobot_pro450_interfaces:/home/amin/cobot/cobot_ws/install/myarm_m750:/home/amin/cobot/cobot_ws/install/myarm_c650:/home/amin/cobot/cobot_ws/install/mycobot_communication:/home/amin/cobot/cobot_ws/install/mecharm_communication:/home/amin/cobot/cobot_ws/install/mycobot_interfaces:/home/amin/cobot/cobot_ws/install/mycobot_630:/home/amin/cobot/cobot_ws/install/mycobot_600:/home/amin/cobot/cobot_ws/install/mycobot_320pi:/home/amin/cobot/cobot_ws/install/mycobot_320_riscv:/home/amin/cobot/cobot_ws/install/mycobot_320:/home/amin/cobot/cobot_ws/install/mycobot_280rdkx5_moveit2:/home/amin/cobot/cobot_ws/install/mycobot_280pi:/home/amin/cobot/cobot_ws/install/mycobot_280jn:/home/amin/cobot/cobot_ws/install/mycobot_280arduino_moveit2:/home/amin/cobot/cobot_ws/install/mycobot_280_x3pi:/home/amin/cobot/cobot_ws/install/mycobot_280_riscv:/home/amin/cobot/cobot_ws/install/mycobot_280_rdkx5:/home/amin/cobot/cobot_ws/install/mycobot_280_moveit2_control:/home/amin/cobot/cobot_ws/install/mycobot_280_moveit2:/home/amin/cobot/cobot_ws/install/mycobot_280_gazebo_jazzy:/home/amin/cobot/cobot_ws/install/mycobot_280_gazebo:/home/amin/cobot/cobot_ws/install/mycobot_280_arduino:/home/amin/cobot/cobot_ws/install/mycobot_280:/home/amin/cobot/cobot_ws/install/mybuddy:/home/amin/cobot/cobot_ws/install/myarm_300:/home/amin/cobot/cobot_ws/install/mecharm_pi:/home/amin/cobot/cobot_ws/install/mecharm:/home/amin/cobot/cobot_ws/install/mecharm_interfaces:/opt/ros/jazzy DEBUGINFOD_URLS=https://debuginfod.ubuntu.com PYTHONPATH=/home/amin/cobot/cobot_ws/build/mycobot_280_moveit2_control/prefix_override:/usr/lib/python3/dist-packages/colcon_core/task/python/colcon_distutils_commands:/home/amin/cobot/cobot_ws/install/mycobot_280_moveit2_control/lib/python3.12/site-packages:/home/amin/cobot/cobot_ws/install/mycobot_description/lib/python3.12/site-packages:/home/amin/cobot/cobot_ws/install/ultraarm/lib/python3.12/site-packages:/home/amin/cobot/cobot_ws/install/pro450_moveit2_control/lib/python3.12/site-packages:/home/amin/cobot/cobot_ws/install/mypalletizer_communication/lib/python3.12/site-packages:/home/amin/cobot/cobot_ws/install/mypalletizer_interfaces/lib/python3.12/site-packages:/home/amin/cobot/cobot_ws/install/mypalletizer_260_pi/lib/python3.12/site-packages:/home/amin/cobot/cobot_ws/install/mypalletizer_260/lib/python3.12/site-packages:/home/amin/cobot/cobot_ws/install/mycobot_pro_450/lib/python3.12/site-packages:/home/amin/cobot/cobot_ws/install/mycobot_pro450_interfaces/lib/python3.12/site-packages:/home/amin/cobot/cobot_ws/install/myarm_m750/lib/python3.12/site-packages:/home/amin/cobot/cobot_ws/install/myarm_c650/lib/python3.12/site-packages:/home/amin/cobot/cobot_ws/install/mycobot_communication/lib/python3.12/site-packages:/home/amin/cobot/cobot_ws/install/mecharm_communication/lib/python3.12/site-packages:/home/amin/cobot/cobot_ws/install/mycobot_interfaces/lib/python3.12/site-packages:/home/amin/cobot/cobot_ws/install/mycobot_630/lib/python3.12/site-packages:/home/amin/cobot/cobot_ws/install/mycobot_600/lib/python3.12/site-packages:/home/amin/cobot/cobot_ws/install/mycobot_320pi/lib/python3.12/site-packages:/home/amin/cobot/cobot_ws/install/mycobot_320_riscv/lib/python3.12/site-packages:/home/amin/cobot/cobot_ws/install/mycobot_320/lib/python3.12/site-packages:/home/amin/cobot/cobot_ws/install/mycobot_280pi/lib/python3.12/site-packages:/home/amin/cobot/cobot_ws/install/mycobot_280jn/lib/python3.12/site-packages:/home/amin/cobot/cobot_ws/install/mycobot_280_x3pi/lib/python3.12/site-packages:/home/amin/cobot/cobot_ws/install/mycobot_280_riscv/lib/python3.12/site-packages:/home/amin/cobot/cobot_ws/install/mycobot_280_rdkx5/lib/python3.12/site-packages:/home/amin/cobot/cobot_ws/install/mycobot_280_moveit2_control/lib/python3.12/site-packages:/home/amin/cobot/cobot_ws/install/mycobot_280_arduino/lib/python3.12/site-packages:/home/amin/cobot/cobot_ws/install/mycobot_280/lib/python3.12/site-packages:/home/amin/cobot/cobot_ws/install/mybuddy/lib/python3.12/site-packages:/home/amin/cobot/cobot_ws/install/myarm_300/lib/python3.12/site-packages:/home/amin/cobot/cobot_ws/install/mecharm_pi/lib/python3.12/site-packages:/home/amin/cobot/cobot_ws/install/mecharm/lib/python3.12/site-packages:/home/amin/cobot/cobot_ws/install/mecharm_interfaces/lib/python3.12/site-packages:/opt/ros/jazzy/lib/python3.12/site-packages /usr/bin/python3 -W ignore:setup.py install is deprecated -W ignore:easy_install command is deprecated setup.py egg_info --egg-base ../../../../build/mycobot_280_moveit2_control build --build-base /home/amin/cobot/cobot_ws/build/mycobot_280_moveit2_control/build install --record /home/amin/cobot/cobot_ws/build/mycobot_280_moveit2_control/install.log --single-version-externally-managed install_data
[5.828s] INFO:colcon.colcon_core.shell:Creating environment hook '/home/amin/cobot/cobot_ws/install/mycobot_280_moveit2_control/share/mycobot_280_moveit2_control/hook/pythonpath.sh'
[5.829s] Level 1:colcon.colcon_core.environment:checking '/home/amin/cobot/cobot_ws/install/mycobot_280_moveit2_control/bin'
[5.829s] Level 1:colcon.colcon_core.environment:create_environment_scripts_only(mycobot_280_moveit2_control)
[5.830s] INFO:colcon.colcon_core.shell:Creating package script '/home/amin/cobot/cobot_ws/install/mycobot_280_moveit2_control/share/mycobot_280_moveit2_control/package.ps1'
[5.830s] INFO:colcon.colcon_core.shell:Creating package descriptor '/home/amin/cobot/cobot_ws/install/mycobot_280_moveit2_control/share/mycobot_280_moveit2_control/package.dsv'
[5.831s] INFO:colcon.colcon_core.shell:Creating package script '/home/amin/cobot/cobot_ws/install/mycobot_280_moveit2_control/share/mycobot_280_moveit2_control/package.sh'
[5.831s] INFO:colcon.colcon_core.shell:Creating package script '/home/amin/cobot/cobot_ws/install/mycobot_280_moveit2_control/share/mycobot_280_moveit2_control/package.bash'
[5.831s] INFO:colcon.colcon_core.shell:Creating package script '/home/amin/cobot/cobot_ws/install/mycobot_280_moveit2_control/share/mycobot_280_moveit2_control/package.zsh'
[5.832s] Level 1:colcon.colcon_core.environment:create_file_with_runtime_dependencies(/home/amin/cobot/cobot_ws/install/mycobot_280_moveit2_control/share/colcon-core/packages/mycobot_280_moveit2_control)
[5.832s] INFO:colcon.colcon_ros.task.ament_python.build:Building ROS package in '/home/amin/cobot/cobot_ws/src/mycobot_ros2/mycobot_320/mycobot_320_riscv' with build type 'ament_python'
[5.832s] Level 1:colcon.colcon_core.shell:create_environment_hook('mycobot_320_riscv', 'ament_prefix_path')
[5.832s] INFO:colcon.colcon_core.shell:Creating environment hook '/home/amin/cobot/cobot_ws/install/mycobot_320_riscv/share/mycobot_320_riscv/hook/ament_prefix_path.ps1'
[5.834s] INFO:colcon.colcon_core.shell:Creating environment descriptor '/home/amin/cobot/cobot_ws/install/mycobot_320_riscv/share/mycobot_320_riscv/hook/ament_prefix_path.dsv'
[5.834s] INFO:colcon.colcon_core.shell:Creating environment hook '/home/amin/cobot/cobot_ws/install/mycobot_320_riscv/share/mycobot_320_riscv/hook/ament_prefix_path.sh'
[5.835s] INFO:colcon.colcon_core.shell:Skip shell extension 'powershell' for command environment: Not usable outside of PowerShell
[5.835s] DEBUG:colcon.colcon_core.shell:Skip shell extension 'dsv' for command environment
[5.842s] INFO:colcon.colcon_ros.task.ament_python.build:Building ROS package in '/home/amin/cobot/cobot_ws/src/mycobot_ros2/mycobot_320/mycobot_320pi' with build type 'ament_python'
[5.842s] Level 1:colcon.colcon_core.shell:create_environment_hook('mycobot_320pi', 'ament_prefix_path')
[5.842s] INFO:colcon.colcon_core.shell:Creating environment hook '/home/amin/cobot/cobot_ws/install/mycobot_320pi/share/mycobot_320pi/hook/ament_prefix_path.ps1'
[5.843s] INFO:colcon.colcon_core.shell:Creating environment descriptor '/home/amin/cobot/cobot_ws/install/mycobot_320pi/share/mycobot_320pi/hook/ament_prefix_path.dsv'
[5.844s] INFO:colcon.colcon_core.shell:Creating environment hook '/home/amin/cobot/cobot_ws/install/mycobot_320pi/share/mycobot_320pi/hook/ament_prefix_path.sh'
[5.845s] INFO:colcon.colcon_core.shell:Skip shell extension 'powershell' for command environment: Not usable outside of PowerShell
[5.845s] DEBUG:colcon.colcon_core.shell:Skip shell extension 'dsv' for command environment
[5.857s] Level 1:colcon.colcon_core.environment:create_environment_scripts_only(mycobot_280rdkx5_moveit2)
[5.858s] Level 1:colcon.colcon_core.environment:checking '/home/amin/cobot/cobot_ws/install/mycobot_280rdkx5_moveit2' for CMake module files
[5.859s] Level 1:colcon.colcon_core.environment:checking '/home/amin/cobot/cobot_ws/install/mycobot_280rdkx5_moveit2' for CMake config files
[5.859s] Level 1:colcon.colcon_core.shell:create_environment_hook('mycobot_280rdkx5_moveit2', 'cmake_prefix_path')
[5.859s] INFO:colcon.colcon_core.shell:Creating environment hook '/home/amin/cobot/cobot_ws/install/mycobot_280rdkx5_moveit2/share/mycobot_280rdkx5_moveit2/hook/cmake_prefix_path.ps1'
[5.857s] DEBUG:colcon.colcon_core.event_handler.log_command:Invoked command in '/home/amin/cobot/cobot_ws/build/mycobot_280rdkx5_moveit2' returned '0': AMENT_PREFIX_PATH=/home/amin/cobot/cobot_ws/install/mycobot_description:/home/amin/cobot/cobot_ws/install/ultraarm:/home/amin/cobot/cobot_ws/install/pro450_moveit2_control:/home/amin/cobot/cobot_ws/install/pro450_moveit2:/home/amin/cobot/cobot_ws/install/mypalletizer_communication:/home/amin/cobot/cobot_ws/install/mypalletizer_interfaces:/home/amin/cobot/cobot_ws/install/mypalletizer_260_pi:/home/amin/cobot/cobot_ws/install/mypalletizer_260:/home/amin/cobot/cobot_ws/install/mycobot_pro_450:/home/amin/cobot/cobot_ws/install/mycobot_pro450_interfaces:/home/amin/cobot/cobot_ws/install/myarm_m750:/home/amin/cobot/cobot_ws/install/myarm_c650:/home/amin/cobot/cobot_ws/install/mycobot_communication:/home/amin/cobot/cobot_ws/install/mecharm_communication:/home/amin/cobot/cobot_ws/install/mycobot_interfaces:/home/amin/cobot/cobot_ws/install/mycobot_630:/home/amin/cobot/cobot_ws/install/mycobot_600:/home/amin/cobot/cobot_ws/install/mycobot_320pi:/home/amin/cobot/cobot_ws/install/mycobot_320_riscv:/home/amin/cobot/cobot_ws/install/mycobot_320:/home/amin/cobot/cobot_ws/install/mycobot_280rdkx5_moveit2:/home/amin/cobot/cobot_ws/install/mycobot_280pi:/home/amin/cobot/cobot_ws/install/mycobot_280jn:/home/amin/cobot/cobot_ws/install/mycobot_280arduino_moveit2:/home/amin/cobot/cobot_ws/install/mycobot_280_x3pi:/home/amin/cobot/cobot_ws/install/mycobot_280_riscv:/home/amin/cobot/cobot_ws/install/mycobot_280_rdkx5:/home/amin/cobot/cobot_ws/install/mycobot_280_moveit2_control:/home/amin/cobot/cobot_ws/install/mycobot_280_moveit2:/home/amin/cobot/cobot_ws/install/mycobot_280_gazebo_jazzy:/home/amin/cobot/cobot_ws/install/mycobot_280_gazebo:/home/amin/cobot/cobot_ws/install/mycobot_280_arduino:/home/amin/cobot/cobot_ws/install/mycobot_280:/home/amin/cobot/cobot_ws/install/mybuddy:/home/amin/cobot/cobot_ws/install/myarm_300:/home/amin/cobot/cobot_ws/install/mecharm_pi:/home/amin/cobot/cobot_ws/install/mecharm:/home/amin/cobot/cobot_ws/install/mecharm_interfaces:/opt/ros/jazzy CMAKE_PREFIX_PATH=${CMAKE_PREFIX_PATH}:/home/amin/cobot/cobot_ws/install/ultraarm:/home/amin/cobot/cobot_ws/install/pro450_moveit2_control:/home/amin/cobot/cobot_ws/install/mypalletizer_communication:/home/amin/cobot/cobot_ws/install/mypalletizer_260_pi:/home/amin/cobot/cobot_ws/install/mypalletizer_260:/home/amin/cobot/cobot_ws/install/mycobot_pro_450:/home/amin/cobot/cobot_ws/install/myarm_m750:/home/amin/cobot/cobot_ws/install/myarm_c650:/home/amin/cobot/cobot_ws/install/mycobot_communication:/home/amin/cobot/cobot_ws/install/mecharm_communication:/home/amin/cobot/cobot_ws/install/mycobot_630:/home/amin/cobot/cobot_ws/install/mycobot_600:/home/amin/cobot/cobot_ws/install/mycobot_320pi:/home/amin/cobot/cobot_ws/install/mycobot_320_riscv:/home/amin/cobot/cobot_ws/install/mycobot_320:/home/amin/cobot/cobot_ws/install/mycobot_280pi:/home/amin/cobot/cobot_ws/install/mycobot_280jn:/home/amin/cobot/cobot_ws/install/mycobot_280_x3pi:/home/amin/cobot/cobot_ws/install/mycobot_280_riscv:/home/amin/cobot/cobot_ws/install/mycobot_280_rdkx5:/home/amin/cobot/cobot_ws/install/mycobot_280_moveit2_control:/home/amin/cobot/cobot_ws/install/mycobot_280_arduino:/home/amin/cobot/cobot_ws/install/mycobot_280:/home/amin/cobot/cobot_ws/install/mybuddy:/home/amin/cobot/cobot_ws/install/myarm_300:/home/amin/cobot/cobot_ws/install/mecharm_pi:/home/amin/cobot/cobot_ws/install/mecharm:/home/amin/cobot/cobot_ws/install/mycobot_description:/opt/ros/jazzy DEBUGINFOD_URLS=https://debuginfod.ubuntu.com PYTHONPATH=/home/amin/cobot/cobot_ws/install/mycobot_description/lib/python3.12/site-packages:/home/amin/cobot/cobot_ws/install/ultraarm/lib/python3.12/site-packages:/home/amin/cobot/cobot_ws/install/pro450_moveit2_control/lib/python3.12/site-packages:/home/amin/cobot/cobot_ws/install/mypalletizer_communication/lib/python3.12/site-packages:/home/amin/cobot/cobot_ws/install/mypalletizer_interfaces/lib/python3.12/site-packages:/home/amin/cobot/cobot_ws/install/mypalletizer_260_pi/lib/python3.12/site-packages:/home/amin/cobot/cobot_ws/install/mypalletizer_260/lib/python3.12/site-packages:/home/amin/cobot/cobot_ws/install/mycobot_pro_450/lib/python3.12/site-packages:/home/amin/cobot/cobot_ws/install/mycobot_pro450_interfaces/lib/python3.12/site-packages:/home/amin/cobot/cobot_ws/install/myarm_m750/lib/python3.12/site-packages:/home/amin/cobot/cobot_ws/install/myarm_c650/lib/python3.12/site-packages:/home/amin/cobot/cobot_ws/install/mycobot_communication/lib/python3.12/site-packages:/home/amin/cobot/cobot_ws/install/mecharm_communication/lib/python3.12/site-packages:/home/amin/cobot/cobot_ws/install/mycobot_interfaces/lib/python3.12/site-packages:/home/amin/cobot/cobot_ws/install/mycobot_630/lib/python3.12/site-packages:/home/amin/cobot/cobot_ws/install/mycobot_600/lib/python3.12/site-packages:/home/amin/cobot/cobot_ws/install/mycobot_320pi/lib/python3.12/site-packages:/home/amin/cobot/cobot_ws/install/mycobot_320_riscv/lib/python3.12/site-packages:/home/amin/cobot/cobot_ws/install/mycobot_320/lib/python3.12/site-packages:/home/amin/cobot/cobot_ws/install/mycobot_280pi/lib/python3.12/site-packages:/home/amin/cobot/cobot_ws/install/mycobot_280jn/lib/python3.12/site-packages:/home/amin/cobot/cobot_ws/install/mycobot_280_x3pi/lib/python3.12/site-packages:/home/amin/cobot/cobot_ws/install/mycobot_280_riscv/lib/python3.12/site-packages:/home/amin/cobot/cobot_ws/install/mycobot_280_rdkx5/lib/python3.12/site-packages:/home/amin/cobot/cobot_ws/install/mycobot_280_moveit2_control/lib/python3.12/site-packages:/home/amin/cobot/cobot_ws/install/mycobot_280_arduino/lib/python3.12/site-packages:/home/amin/cobot/cobot_ws/install/mycobot_280/lib/python3.12/site-packages:/home/amin/cobot/cobot_ws/install/mybuddy/lib/python3.12/site-packages:/home/amin/cobot/cobot_ws/install/myarm_300/lib/python3.12/site-packages:/home/amin/cobot/cobot_ws/install/mecharm_pi/lib/python3.12/site-packages:/home/amin/cobot/cobot_ws/install/mecharm/lib/python3.12/site-packages:/home/amin/cobot/cobot_ws/install/mecharm_interfaces/lib/python3.12/site-packages:/opt/ros/jazzy/lib/python3.12/site-packages /usr/bin/cmake --install /home/amin/cobot/cobot_ws/build/mycobot_280rdkx5_moveit2
[5.860s] INFO:colcon.colcon_core.shell:Creating environment descriptor '/home/amin/cobot/cobot_ws/install/mycobot_280rdkx5_moveit2/share/mycobot_280rdkx5_moveit2/hook/cmake_prefix_path.dsv'
[5.861s] INFO:colcon.colcon_core.shell:Creating environment hook '/home/amin/cobot/cobot_ws/install/mycobot_280rdkx5_moveit2/share/mycobot_280rdkx5_moveit2/hook/cmake_prefix_path.sh'
[5.862s] Level 1:colcon.colcon_core.environment:checking '/home/amin/cobot/cobot_ws/install/mycobot_280rdkx5_moveit2/bin'
[5.862s] Level 1:colcon.colcon_core.environment:checking '/home/amin/cobot/cobot_ws/install/mycobot_280rdkx5_moveit2/lib/pkgconfig/mycobot_280rdkx5_moveit2.pc'
[5.862s] Level 1:colcon.colcon_core.environment:checking '/home/amin/cobot/cobot_ws/install/mycobot_280rdkx5_moveit2/lib/python3.12/site-packages'
[5.863s] Level 1:colcon.colcon_core.environment:checking '/home/amin/cobot/cobot_ws/install/mycobot_280rdkx5_moveit2/bin'
[5.863s] INFO:colcon.colcon_core.shell:Creating package script '/home/amin/cobot/cobot_ws/install/mycobot_280rdkx5_moveit2/share/mycobot_280rdkx5_moveit2/package.ps1'
[5.863s] INFO:colcon.colcon_core.shell:Creating package descriptor '/home/amin/cobot/cobot_ws/install/mycobot_280rdkx5_moveit2/share/mycobot_280rdkx5_moveit2/package.dsv'
[5.864s] INFO:colcon.colcon_core.shell:Creating package script '/home/amin/cobot/cobot_ws/install/mycobot_280rdkx5_moveit2/share/mycobot_280rdkx5_moveit2/package.sh'
[5.864s] INFO:colcon.colcon_core.shell:Creating package script '/home/amin/cobot/cobot_ws/install/mycobot_280rdkx5_moveit2/share/mycobot_280rdkx5_moveit2/package.bash'
[5.865s] INFO:colcon.colcon_core.shell:Creating package script '/home/amin/cobot/cobot_ws/install/mycobot_280rdkx5_moveit2/share/mycobot_280rdkx5_moveit2/package.zsh'
[5.865s] Level 1:colcon.colcon_core.environment:create_file_with_runtime_dependencies(/home/amin/cobot/cobot_ws/install/mycobot_280rdkx5_moveit2/share/colcon-core/packages/mycobot_280rdkx5_moveit2)
[5.865s] Level 1:colcon.colcon_core.environment:create_environment_scripts_only(mycobot_280rdkx5_moveit2)
[5.866s] Level 1:colcon.colcon_core.environment:checking '/home/amin/cobot/cobot_ws/install/mycobot_280rdkx5_moveit2' for CMake module files
[5.866s] Level 1:colcon.colcon_core.environment:checking '/home/amin/cobot/cobot_ws/install/mycobot_280rdkx5_moveit2' for CMake config files
[5.866s] Level 1:colcon.colcon_core.shell:create_environment_hook('mycobot_280rdkx5_moveit2', 'cmake_prefix_path')
[5.867s] INFO:colcon.colcon_core.shell:Creating environment hook '/home/amin/cobot/cobot_ws/install/mycobot_280rdkx5_moveit2/share/mycobot_280rdkx5_moveit2/hook/cmake_prefix_path.ps1'
[5.867s] INFO:colcon.colcon_core.shell:Creating environment descriptor '/home/amin/cobot/cobot_ws/install/mycobot_280rdkx5_moveit2/share/mycobot_280rdkx5_moveit2/hook/cmake_prefix_path.dsv'
[5.867s] INFO:colcon.colcon_core.shell:Creating environment hook '/home/amin/cobot/cobot_ws/install/mycobot_280rdkx5_moveit2/share/mycobot_280rdkx5_moveit2/hook/cmake_prefix_path.sh'
[5.868s] Level 1:colcon.colcon_core.environment:checking '/home/amin/cobot/cobot_ws/install/mycobot_280rdkx5_moveit2/bin'
[5.868s] Level 1:colcon.colcon_core.environment:checking '/home/amin/cobot/cobot_ws/install/mycobot_280rdkx5_moveit2/lib/pkgconfig/mycobot_280rdkx5_moveit2.pc'
[5.868s] Level 1:colcon.colcon_core.environment:checking '/home/amin/cobot/cobot_ws/install/mycobot_280rdkx5_moveit2/lib/python3.12/site-packages'
[5.869s] Level 1:colcon.colcon_core.environment:checking '/home/amin/cobot/cobot_ws/install/mycobot_280rdkx5_moveit2/bin'
[5.869s] INFO:colcon.colcon_core.shell:Creating package script '/home/amin/cobot/cobot_ws/install/mycobot_280rdkx5_moveit2/share/mycobot_280rdkx5_moveit2/package.ps1'
[5.870s] INFO:colcon.colcon_core.shell:Creating package descriptor '/home/amin/cobot/cobot_ws/install/mycobot_280rdkx5_moveit2/share/mycobot_280rdkx5_moveit2/package.dsv'
[5.870s] INFO:colcon.colcon_core.shell:Creating package script '/home/amin/cobot/cobot_ws/install/mycobot_280rdkx5_moveit2/share/mycobot_280rdkx5_moveit2/package.sh'
[5.871s] INFO:colcon.colcon_core.shell:Creating package script '/home/amin/cobot/cobot_ws/install/mycobot_280rdkx5_moveit2/share/mycobot_280rdkx5_moveit2/package.bash'
[5.872s] INFO:colcon.colcon_core.shell:Creating package script '/home/amin/cobot/cobot_ws/install/mycobot_280rdkx5_moveit2/share/mycobot_280rdkx5_moveit2/package.zsh'
[5.872s] Level 1:colcon.colcon_core.environment:create_file_with_runtime_dependencies(/home/amin/cobot/cobot_ws/install/mycobot_280rdkx5_moveit2/share/colcon-core/packages/mycobot_280rdkx5_moveit2)
[5.875s] INFO:colcon.colcon_ros.task.ament_python.build:Building ROS package in '/home/amin/cobot/cobot_ws/src/mycobot_ros2/mycobot_pro/mycobot_600' with build type 'ament_python'
[5.876s] Level 1:colcon.colcon_core.shell:create_environment_hook('mycobot_600', 'ament_prefix_path')
[5.876s] INFO:colcon.colcon_core.shell:Creating environment hook '/home/amin/cobot/cobot_ws/install/mycobot_600/share/mycobot_600/hook/ament_prefix_path.ps1'
[5.877s] INFO:colcon.colcon_core.shell:Creating environment descriptor '/home/amin/cobot/cobot_ws/install/mycobot_600/share/mycobot_600/hook/ament_prefix_path.dsv'
[5.877s] INFO:colcon.colcon_core.shell:Creating environment hook '/home/amin/cobot/cobot_ws/install/mycobot_600/share/mycobot_600/hook/ament_prefix_path.sh'
[5.878s] INFO:colcon.colcon_core.shell:Skip shell extension 'powershell' for command environment: Not usable outside of PowerShell
[5.878s] DEBUG:colcon.colcon_core.shell:Skip shell extension 'dsv' for command environment
[6.185s] INFO:colcon.colcon_core.task.python.build:Building Python package in '/home/amin/cobot/cobot_ws/src/mycobot_ros2/mycobot_320/mycobot_320_riscv'
[6.185s] INFO:colcon.colcon_core.shell:Skip shell extension 'powershell' for command environment: Not usable outside of PowerShell
[6.186s] DEBUG:colcon.colcon_core.shell:Skip shell extension 'dsv' for command environment
[6.429s] INFO:colcon.colcon_core.task.python.build:Building Python package in '/home/amin/cobot/cobot_ws/src/mycobot_ros2/mycobot_320/mycobot_320pi'
[6.429s] INFO:colcon.colcon_core.shell:Skip shell extension 'powershell' for command environment: Not usable outside of PowerShell
[6.429s] DEBUG:colcon.colcon_core.shell:Skip shell extension 'dsv' for command environment
[6.636s] INFO:colcon.colcon_core.task.python.build:Building Python package in '/home/amin/cobot/cobot_ws/src/mycobot_ros2/mycobot_pro/mycobot_600'
[6.636s] INFO:colcon.colcon_core.shell:Skip shell extension 'powershell' for command environment: Not usable outside of PowerShell
[6.636s] DEBUG:colcon.colcon_core.shell:Skip shell extension 'dsv' for command environment
[6.641s] Level 1:colcon.colcon_core.environment:checking '/home/amin/cobot/cobot_ws/install/mycobot_280_x3pi' for CMake module files
[6.641s] DEBUG:colcon.colcon_core.event_handler.log_command:Invoked command in '/home/amin/cobot/cobot_ws/src/mycobot_ros2/mycobot_280/mycobot_280_x3pi' returned '0': AMENT_PREFIX_PATH=/home/amin/cobot/cobot_ws/install/mycobot_description:/home/amin/cobot/cobot_ws/install/ultraarm:/home/amin/cobot/cobot_ws/install/pro450_moveit2_control:/home/amin/cobot/cobot_ws/install/pro450_moveit2:/home/amin/cobot/cobot_ws/install/mypalletizer_communication:/home/amin/cobot/cobot_ws/install/mypalletizer_interfaces:/home/amin/cobot/cobot_ws/install/mypalletizer_260_pi:/home/amin/cobot/cobot_ws/install/mypalletizer_260:/home/amin/cobot/cobot_ws/install/mycobot_pro_450:/home/amin/cobot/cobot_ws/install/mycobot_pro450_interfaces:/home/amin/cobot/cobot_ws/install/myarm_m750:/home/amin/cobot/cobot_ws/install/myarm_c650:/home/amin/cobot/cobot_ws/install/mycobot_communication:/home/amin/cobot/cobot_ws/install/mecharm_communication:/home/amin/cobot/cobot_ws/install/mycobot_interfaces:/home/amin/cobot/cobot_ws/install/mycobot_630:/home/amin/cobot/cobot_ws/install/mycobot_600:/home/amin/cobot/cobot_ws/install/mycobot_320pi:/home/amin/cobot/cobot_ws/install/mycobot_320_riscv:/home/amin/cobot/cobot_ws/install/mycobot_320:/home/amin/cobot/cobot_ws/install/mycobot_280rdkx5_moveit2:/home/amin/cobot/cobot_ws/install/mycobot_280pi:/home/amin/cobot/cobot_ws/install/mycobot_280jn:/home/amin/cobot/cobot_ws/install/mycobot_280arduino_moveit2:/home/amin/cobot/cobot_ws/install/mycobot_280_x3pi:/home/amin/cobot/cobot_ws/install/mycobot_280_riscv:/home/amin/cobot/cobot_ws/install/mycobot_280_rdkx5:/home/amin/cobot/cobot_ws/install/mycobot_280_moveit2_control:/home/amin/cobot/cobot_ws/install/mycobot_280_moveit2:/home/amin/cobot/cobot_ws/install/mycobot_280_gazebo_jazzy:/home/amin/cobot/cobot_ws/install/mycobot_280_gazebo:/home/amin/cobot/cobot_ws/install/mycobot_280_arduino:/home/amin/cobot/cobot_ws/install/mycobot_280:/home/amin/cobot/cobot_ws/install/mybuddy:/home/amin/cobot/cobot_ws/install/myarm_300:/home/amin/cobot/cobot_ws/install/mecharm_pi:/home/amin/cobot/cobot_ws/install/mecharm:/home/amin/cobot/cobot_ws/install/mecharm_interfaces:/opt/ros/jazzy DEBUGINFOD_URLS=https://debuginfod.ubuntu.com PYTHONPATH=/home/amin/cobot/cobot_ws/build/mycobot_280_x3pi/prefix_override:/usr/lib/python3/dist-packages/colcon_core/task/python/colcon_distutils_commands:/home/amin/cobot/cobot_ws/install/mycobot_280_x3pi/lib/python3.12/site-packages:/home/amin/cobot/cobot_ws/install/mycobot_description/lib/python3.12/site-packages:/home/amin/cobot/cobot_ws/install/ultraarm/lib/python3.12/site-packages:/home/amin/cobot/cobot_ws/install/pro450_moveit2_control/lib/python3.12/site-packages:/home/amin/cobot/cobot_ws/install/mypalletizer_communication/lib/python3.12/site-packages:/home/amin/cobot/cobot_ws/install/mypalletizer_interfaces/lib/python3.12/site-packages:/home/amin/cobot/cobot_ws/install/mypalletizer_260_pi/lib/python3.12/site-packages:/home/amin/cobot/cobot_ws/install/mypalletizer_260/lib/python3.12/site-packages:/home/amin/cobot/cobot_ws/install/mycobot_pro_450/lib/python3.12/site-packages:/home/amin/cobot/cobot_ws/install/mycobot_pro450_interfaces/lib/python3.12/site-packages:/home/amin/cobot/cobot_ws/install/myarm_m750/lib/python3.12/site-packages:/home/amin/cobot/cobot_ws/install/myarm_c650/lib/python3.12/site-packages:/home/amin/cobot/cobot_ws/install/mycobot_communication/lib/python3.12/site-packages:/home/amin/cobot/cobot_ws/install/mecharm_communication/lib/python3.12/site-packages:/home/amin/cobot/cobot_ws/install/mycobot_interfaces/lib/python3.12/site-packages:/home/amin/cobot/cobot_ws/install/mycobot_630/lib/python3.12/site-packages:/home/amin/cobot/cobot_ws/install/mycobot_600/lib/python3.12/site-packages:/home/amin/cobot/cobot_ws/install/mycobot_320pi/lib/python3.12/site-packages:/home/amin/cobot/cobot_ws/install/mycobot_320_riscv/lib/python3.12/site-packages:/home/amin/cobot/cobot_ws/install/mycobot_320/lib/python3.12/site-packages:/home/amin/cobot/cobot_ws/install/mycobot_280pi/lib/python3.12/site-packages:/home/amin/cobot/cobot_ws/install/mycobot_280jn/lib/python3.12/site-packages:/home/amin/cobot/cobot_ws/install/mycobot_280_x3pi/lib/python3.12/site-packages:/home/amin/cobot/cobot_ws/install/mycobot_280_riscv/lib/python3.12/site-packages:/home/amin/cobot/cobot_ws/install/mycobot_280_rdkx5/lib/python3.12/site-packages:/home/amin/cobot/cobot_ws/install/mycobot_280_moveit2_control/lib/python3.12/site-packages:/home/amin/cobot/cobot_ws/install/mycobot_280_arduino/lib/python3.12/site-packages:/home/amin/cobot/cobot_ws/install/mycobot_280/lib/python3.12/site-packages:/home/amin/cobot/cobot_ws/install/mybuddy/lib/python3.12/site-packages:/home/amin/cobot/cobot_ws/install/myarm_300/lib/python3.12/site-packages:/home/amin/cobot/cobot_ws/install/mecharm_pi/lib/python3.12/site-packages:/home/amin/cobot/cobot_ws/install/mecharm/lib/python3.12/site-packages:/home/amin/cobot/cobot_ws/install/mecharm_interfaces/lib/python3.12/site-packages:/opt/ros/jazzy/lib/python3.12/site-packages /usr/bin/python3 -W ignore:setup.py install is deprecated -W ignore:easy_install command is deprecated setup.py egg_info --egg-base ../../../../build/mycobot_280_x3pi build --build-base /home/amin/cobot/cobot_ws/build/mycobot_280_x3pi/build install --record /home/amin/cobot/cobot_ws/build/mycobot_280_x3pi/install.log --single-version-externally-managed install_data
[6.642s] Level 1:colcon.colcon_core.environment:checking '/home/amin/cobot/cobot_ws/install/mycobot_280_x3pi' for CMake config files
[6.642s] Level 1:colcon.colcon_core.environment:checking '/home/amin/cobot/cobot_ws/install/mycobot_280_x3pi/lib'
[6.642s] Level 1:colcon.colcon_core.environment:checking '/home/amin/cobot/cobot_ws/install/mycobot_280_x3pi/bin'
[6.642s] Level 1:colcon.colcon_core.environment:checking '/home/amin/cobot/cobot_ws/install/mycobot_280_x3pi/lib/pkgconfig/mycobot_280_x3pi.pc'
[6.642s] Level 1:colcon.colcon_core.environment:checking '/home/amin/cobot/cobot_ws/install/mycobot_280_x3pi/lib/python3.12/site-packages'
[6.642s] Level 1:colcon.colcon_core.shell:create_environment_hook('mycobot_280_x3pi', 'pythonpath')
[6.642s] INFO:colcon.colcon_core.shell:Creating environment hook '/home/amin/cobot/cobot_ws/install/mycobot_280_x3pi/share/mycobot_280_x3pi/hook/pythonpath.ps1'
[6.643s] INFO:colcon.colcon_core.shell:Creating environment descriptor '/home/amin/cobot/cobot_ws/install/mycobot_280_x3pi/share/mycobot_280_x3pi/hook/pythonpath.dsv'
[6.643s] INFO:colcon.colcon_core.shell:Creating environment hook '/home/amin/cobot/cobot_ws/install/mycobot_280_x3pi/share/mycobot_280_x3pi/hook/pythonpath.sh'
[6.643s] Level 1:colcon.colcon_core.environment:checking '/home/amin/cobot/cobot_ws/install/mycobot_280_x3pi/bin'
[6.643s] Level 1:colcon.colcon_core.environment:create_environment_scripts_only(mycobot_280_x3pi)
[6.644s] INFO:colcon.colcon_core.shell:Creating package script '/home/amin/cobot/cobot_ws/install/mycobot_280_x3pi/share/mycobot_280_x3pi/package.ps1'
[6.644s] INFO:colcon.colcon_core.shell:Creating package descriptor '/home/amin/cobot/cobot_ws/install/mycobot_280_x3pi/share/mycobot_280_x3pi/package.dsv'
[6.644s] INFO:colcon.colcon_core.shell:Creating package script '/home/amin/cobot/cobot_ws/install/mycobot_280_x3pi/share/mycobot_280_x3pi/package.sh'
[6.644s] INFO:colcon.colcon_core.shell:Creating package script '/home/amin/cobot/cobot_ws/install/mycobot_280_x3pi/share/mycobot_280_x3pi/package.bash'
[6.644s] INFO:colcon.colcon_core.shell:Creating package script '/home/amin/cobot/cobot_ws/install/mycobot_280_x3pi/share/mycobot_280_x3pi/package.zsh'
[6.645s] Level 1:colcon.colcon_core.environment:create_file_with_runtime_dependencies(/home/amin/cobot/cobot_ws/install/mycobot_280_x3pi/share/colcon-core/packages/mycobot_280_x3pi)
[6.645s] Level 1:colcon.colcon_core.environment:checking '/home/amin/cobot/cobot_ws/install/mycobot_280_riscv' for CMake module files
[6.645s] Level 1:colcon.colcon_core.environment:checking '/home/amin/cobot/cobot_ws/install/mycobot_280_riscv' for CMake config files
[6.646s] DEBUG:colcon.colcon_core.event_handler.log_command:Invoked command in '/home/amin/cobot/cobot_ws/src/mycobot_ros2/mycobot_280/mycobot_280_riscv' returned '0': AMENT_PREFIX_PATH=/home/amin/cobot/cobot_ws/install/mycobot_description:/home/amin/cobot/cobot_ws/install/ultraarm:/home/amin/cobot/cobot_ws/install/pro450_moveit2_control:/home/amin/cobot/cobot_ws/install/pro450_moveit2:/home/amin/cobot/cobot_ws/install/mypalletizer_communication:/home/amin/cobot/cobot_ws/install/mypalletizer_interfaces:/home/amin/cobot/cobot_ws/install/mypalletizer_260_pi:/home/amin/cobot/cobot_ws/install/mypalletizer_260:/home/amin/cobot/cobot_ws/install/mycobot_pro_450:/home/amin/cobot/cobot_ws/install/mycobot_pro450_interfaces:/home/amin/cobot/cobot_ws/install/myarm_m750:/home/amin/cobot/cobot_ws/install/myarm_c650:/home/amin/cobot/cobot_ws/install/mycobot_communication:/home/amin/cobot/cobot_ws/install/mecharm_communication:/home/amin/cobot/cobot_ws/install/mycobot_interfaces:/home/amin/cobot/cobot_ws/install/mycobot_630:/home/amin/cobot/cobot_ws/install/mycobot_600:/home/amin/cobot/cobot_ws/install/mycobot_320pi:/home/amin/cobot/cobot_ws/install/mycobot_320_riscv:/home/amin/cobot/cobot_ws/install/mycobot_320:/home/amin/cobot/cobot_ws/install/mycobot_280rdkx5_moveit2:/home/amin/cobot/cobot_ws/install/mycobot_280pi:/home/amin/cobot/cobot_ws/install/mycobot_280jn:/home/amin/cobot/cobot_ws/install/mycobot_280arduino_moveit2:/home/amin/cobot/cobot_ws/install/mycobot_280_x3pi:/home/amin/cobot/cobot_ws/install/mycobot_280_riscv:/home/amin/cobot/cobot_ws/install/mycobot_280_rdkx5:/home/amin/cobot/cobot_ws/install/mycobot_280_moveit2_control:/home/amin/cobot/cobot_ws/install/mycobot_280_moveit2:/home/amin/cobot/cobot_ws/install/mycobot_280_gazebo_jazzy:/home/amin/cobot/cobot_ws/install/mycobot_280_gazebo:/home/amin/cobot/cobot_ws/install/mycobot_280_arduino:/home/amin/cobot/cobot_ws/install/mycobot_280:/home/amin/cobot/cobot_ws/install/mybuddy:/home/amin/cobot/cobot_ws/install/myarm_300:/home/amin/cobot/cobot_ws/install/mecharm_pi:/home/amin/cobot/cobot_ws/install/mecharm:/home/amin/cobot/cobot_ws/install/mecharm_interfaces:/opt/ros/jazzy DEBUGINFOD_URLS=https://debuginfod.ubuntu.com PYTHONPATH=/home/amin/cobot/cobot_ws/build/mycobot_280_riscv/prefix_override:/usr/lib/python3/dist-packages/colcon_core/task/python/colcon_distutils_commands:/home/amin/cobot/cobot_ws/install/mycobot_280_riscv/lib/python3.12/site-packages:/home/amin/cobot/cobot_ws/install/mycobot_description/lib/python3.12/site-packages:/home/amin/cobot/cobot_ws/install/ultraarm/lib/python3.12/site-packages:/home/amin/cobot/cobot_ws/install/pro450_moveit2_control/lib/python3.12/site-packages:/home/amin/cobot/cobot_ws/install/mypalletizer_communication/lib/python3.12/site-packages:/home/amin/cobot/cobot_ws/install/mypalletizer_interfaces/lib/python3.12/site-packages:/home/amin/cobot/cobot_ws/install/mypalletizer_260_pi/lib/python3.12/site-packages:/home/amin/cobot/cobot_ws/install/mypalletizer_260/lib/python3.12/site-packages:/home/amin/cobot/cobot_ws/install/mycobot_pro_450/lib/python3.12/site-packages:/home/amin/cobot/cobot_ws/install/mycobot_pro450_interfaces/lib/python3.12/site-packages:/home/amin/cobot/cobot_ws/install/myarm_m750/lib/python3.12/site-packages:/home/amin/cobot/cobot_ws/install/myarm_c650/lib/python3.12/site-packages:/home/amin/cobot/cobot_ws/install/mycobot_communication/lib/python3.12/site-packages:/home/amin/cobot/cobot_ws/install/mecharm_communication/lib/python3.12/site-packages:/home/amin/cobot/cobot_ws/install/mycobot_interfaces/lib/python3.12/site-packages:/home/amin/cobot/cobot_ws/install/mycobot_630/lib/python3.12/site-packages:/home/amin/cobot/cobot_ws/install/mycobot_600/lib/python3.12/site-packages:/home/amin/cobot/cobot_ws/install/mycobot_320pi/lib/python3.12/site-packages:/home/amin/cobot/cobot_ws/install/mycobot_320_riscv/lib/python3.12/site-packages:/home/amin/cobot/cobot_ws/install/mycobot_320/lib/python3.12/site-packages:/home/amin/cobot/cobot_ws/install/mycobot_280pi/lib/python3.12/site-packages:/home/amin/cobot/cobot_ws/install/mycobot_280jn/lib/python3.12/site-packages:/home/amin/cobot/cobot_ws/install/mycobot_280_x3pi/lib/python3.12/site-packages:/home/amin/cobot/cobot_ws/install/mycobot_280_riscv/lib/python3.12/site-packages:/home/amin/cobot/cobot_ws/install/mycobot_280_rdkx5/lib/python3.12/site-packages:/home/amin/cobot/cobot_ws/install/mycobot_280_moveit2_control/lib/python3.12/site-packages:/home/amin/cobot/cobot_ws/install/mycobot_280_arduino/lib/python3.12/site-packages:/home/amin/cobot/cobot_ws/install/mycobot_280/lib/python3.12/site-packages:/home/amin/cobot/cobot_ws/install/mybuddy/lib/python3.12/site-packages:/home/amin/cobot/cobot_ws/install/myarm_300/lib/python3.12/site-packages:/home/amin/cobot/cobot_ws/install/mecharm_pi/lib/python3.12/site-packages:/home/amin/cobot/cobot_ws/install/mecharm/lib/python3.12/site-packages:/home/amin/cobot/cobot_ws/install/mecharm_interfaces/lib/python3.12/site-packages:/opt/ros/jazzy/lib/python3.12/site-packages /usr/bin/python3 -W ignore:setup.py install is deprecated -W ignore:easy_install command is deprecated setup.py egg_info --egg-base ../../../../build/mycobot_280_riscv build --build-base /home/amin/cobot/cobot_ws/build/mycobot_280_riscv/build install --record /home/amin/cobot/cobot_ws/build/mycobot_280_riscv/install.log --single-version-externally-managed install_data
[6.646s] Level 1:colcon.colcon_core.environment:checking '/home/amin/cobot/cobot_ws/install/mycobot_280_riscv/lib'
[6.646s] Level 1:colcon.colcon_core.environment:checking '/home/amin/cobot/cobot_ws/install/mycobot_280_riscv/bin'
[6.646s] Level 1:colcon.colcon_core.environment:checking '/home/amin/cobot/cobot_ws/install/mycobot_280_riscv/lib/pkgconfig/mycobot_280_riscv.pc'
[6.646s] Level 1:colcon.colcon_core.environment:checking '/home/amin/cobot/cobot_ws/install/mycobot_280_riscv/lib/python3.12/site-packages'
[6.647s] Level 1:colcon.colcon_core.shell:create_environment_hook('mycobot_280_riscv', 'pythonpath')
[6.647s] INFO:colcon.colcon_core.shell:Creating environment hook '/home/amin/cobot/cobot_ws/install/mycobot_280_riscv/share/mycobot_280_riscv/hook/pythonpath.ps1'
[6.647s] INFO:colcon.colcon_core.shell:Creating environment descriptor '/home/amin/cobot/cobot_ws/install/mycobot_280_riscv/share/mycobot_280_riscv/hook/pythonpath.dsv'
[6.647s] INFO:colcon.colcon_core.shell:Creating environment hook '/home/amin/cobot/cobot_ws/install/mycobot_280_riscv/share/mycobot_280_riscv/hook/pythonpath.sh'
[6.648s] Level 1:colcon.colcon_core.environment:checking '/home/amin/cobot/cobot_ws/install/mycobot_280_riscv/bin'
[6.648s] Level 1:colcon.colcon_core.environment:create_environment_scripts_only(mycobot_280_riscv)
[6.648s] INFO:colcon.colcon_core.shell:Creating package script '/home/amin/cobot/cobot_ws/install/mycobot_280_riscv/share/mycobot_280_riscv/package.ps1'
[6.649s] INFO:colcon.colcon_core.shell:Creating package descriptor '/home/amin/cobot/cobot_ws/install/mycobot_280_riscv/share/mycobot_280_riscv/package.dsv'
[6.649s] INFO:colcon.colcon_core.shell:Creating package script '/home/amin/cobot/cobot_ws/install/mycobot_280_riscv/share/mycobot_280_riscv/package.sh'
[6.650s] INFO:colcon.colcon_core.shell:Creating package script '/home/amin/cobot/cobot_ws/install/mycobot_280_riscv/share/mycobot_280_riscv/package.bash'
[6.650s] INFO:colcon.colcon_core.shell:Creating package script '/home/amin/cobot/cobot_ws/install/mycobot_280_riscv/share/mycobot_280_riscv/package.zsh'
[6.650s] Level 1:colcon.colcon_core.environment:create_file_with_runtime_dependencies(/home/amin/cobot/cobot_ws/install/mycobot_280_riscv/share/colcon-core/packages/mycobot_280_riscv)
[6.651s] INFO:colcon.colcon_ros.task.ament_python.build:Building ROS package in '/home/amin/cobot/cobot_ws/src/mycobot_ros2/mycobot_pro/mycobot_630' with build type 'ament_python'
[6.651s] Level 1:colcon.colcon_core.shell:create_environment_hook('mycobot_630', 'ament_prefix_path')
[6.651s] INFO:colcon.colcon_core.shell:Creating environment hook '/home/amin/cobot/cobot_ws/install/mycobot_630/share/mycobot_630/hook/ament_prefix_path.ps1'
[6.652s] INFO:colcon.colcon_core.shell:Creating environment descriptor '/home/amin/cobot/cobot_ws/install/mycobot_630/share/mycobot_630/hook/ament_prefix_path.dsv'
[6.652s] INFO:colcon.colcon_core.shell:Creating environment hook '/home/amin/cobot/cobot_ws/install/mycobot_630/share/mycobot_630/hook/ament_prefix_path.sh'
[6.652s] INFO:colcon.colcon_core.shell:Skip shell extension 'powershell' for command environment: Not usable outside of PowerShell
[6.652s] DEBUG:colcon.colcon_core.shell:Skip shell extension 'dsv' for command environment
[6.656s] INFO:colcon.colcon_ros.task.ament_python.build:Building ROS package in '/home/amin/cobot/cobot_ws/src/mycobot_ros2/mycobot_pro/mycobot_pro_450' with build type 'ament_python'
[6.656s] Level 1:colcon.colcon_core.shell:create_environment_hook('mycobot_pro_450', 'ament_prefix_path')
[6.656s] INFO:colcon.colcon_core.shell:Creating environment hook '/home/amin/cobot/cobot_ws/install/mycobot_pro_450/share/mycobot_pro_450/hook/ament_prefix_path.ps1'
[6.656s] INFO:colcon.colcon_core.shell:Creating environment descriptor '/home/amin/cobot/cobot_ws/install/mycobot_pro_450/share/mycobot_pro_450/hook/ament_prefix_path.dsv'
[6.657s] INFO:colcon.colcon_core.shell:Creating environment hook '/home/amin/cobot/cobot_ws/install/mycobot_pro_450/share/mycobot_pro_450/hook/ament_prefix_path.sh'
[6.657s] INFO:colcon.colcon_core.shell:Skip shell extension 'powershell' for command environment: Not usable outside of PowerShell
[6.657s] DEBUG:colcon.colcon_core.shell:Skip shell extension 'dsv' for command environment
[6.664s] DEBUG:colcon.colcon_core.event_handler.log_command:Invoking command in '/home/amin/cobot/cobot_ws/src/mycobot_ros2/mycobot_280/mycobot_280jn': AMENT_PREFIX_PATH=/home/amin/cobot/cobot_ws/install/mycobot_description:/home/amin/cobot/cobot_ws/install/ultraarm:/home/amin/cobot/cobot_ws/install/pro450_moveit2_control:/home/amin/cobot/cobot_ws/install/pro450_moveit2:/home/amin/cobot/cobot_ws/install/mypalletizer_communication:/home/amin/cobot/cobot_ws/install/mypalletizer_interfaces:/home/amin/cobot/cobot_ws/install/mypalletizer_260_pi:/home/amin/cobot/cobot_ws/install/mypalletizer_260:/home/amin/cobot/cobot_ws/install/mycobot_pro_450:/home/amin/cobot/cobot_ws/install/mycobot_pro450_interfaces:/home/amin/cobot/cobot_ws/install/myarm_m750:/home/amin/cobot/cobot_ws/install/myarm_c650:/home/amin/cobot/cobot_ws/install/mycobot_communication:/home/amin/cobot/cobot_ws/install/mecharm_communication:/home/amin/cobot/cobot_ws/install/mycobot_interfaces:/home/amin/cobot/cobot_ws/install/mycobot_630:/home/amin/cobot/cobot_ws/install/mycobot_600:/home/amin/cobot/cobot_ws/install/mycobot_320pi:/home/amin/cobot/cobot_ws/install/mycobot_320_riscv:/home/amin/cobot/cobot_ws/install/mycobot_320:/home/amin/cobot/cobot_ws/install/mycobot_280rdkx5_moveit2:/home/amin/cobot/cobot_ws/install/mycobot_280pi:/home/amin/cobot/cobot_ws/install/mycobot_280jn:/home/amin/cobot/cobot_ws/install/mycobot_280arduino_moveit2:/home/amin/cobot/cobot_ws/install/mycobot_280_x3pi:/home/amin/cobot/cobot_ws/install/mycobot_280_riscv:/home/amin/cobot/cobot_ws/install/mycobot_280_rdkx5:/home/amin/cobot/cobot_ws/install/mycobot_280_moveit2_control:/home/amin/cobot/cobot_ws/install/mycobot_280_moveit2:/home/amin/cobot/cobot_ws/install/mycobot_280_gazebo_jazzy:/home/amin/cobot/cobot_ws/install/mycobot_280_gazebo:/home/amin/cobot/cobot_ws/install/mycobot_280_arduino:/home/amin/cobot/cobot_ws/install/mycobot_280:/home/amin/cobot/cobot_ws/install/mybuddy:/home/amin/cobot/cobot_ws/install/myarm_300:/home/amin/cobot/cobot_ws/install/mecharm_pi:/home/amin/cobot/cobot_ws/install/mecharm:/home/amin/cobot/cobot_ws/install/mecharm_interfaces:/opt/ros/jazzy DEBUGINFOD_URLS=https://debuginfod.ubuntu.com PYTHONPATH=/home/amin/cobot/cobot_ws/build/mycobot_280jn/prefix_override:/usr/lib/python3/dist-packages/colcon_core/task/python/colcon_distutils_commands:/home/amin/cobot/cobot_ws/install/mycobot_280jn/lib/python3.12/site-packages:/home/amin/cobot/cobot_ws/install/mycobot_description/lib/python3.12/site-packages:/home/amin/cobot/cobot_ws/install/ultraarm/lib/python3.12/site-packages:/home/amin/cobot/cobot_ws/install/pro450_moveit2_control/lib/python3.12/site-packages:/home/amin/cobot/cobot_ws/install/mypalletizer_communication/lib/python3.12/site-packages:/home/amin/cobot/cobot_ws/install/mypalletizer_interfaces/lib/python3.12/site-packages:/home/amin/cobot/cobot_ws/install/mypalletizer_260_pi/lib/python3.12/site-packages:/home/amin/cobot/cobot_ws/install/mypalletizer_260/lib/python3.12/site-packages:/home/amin/cobot/cobot_ws/install/mycobot_pro_450/lib/python3.12/site-packages:/home/amin/cobot/cobot_ws/install/mycobot_pro450_interfaces/lib/python3.12/site-packages:/home/amin/cobot/cobot_ws/install/myarm_m750/lib/python3.12/site-packages:/home/amin/cobot/cobot_ws/install/myarm_c650/lib/python3.12/site-packages:/home/amin/cobot/cobot_ws/install/mycobot_communication/lib/python3.12/site-packages:/home/amin/cobot/cobot_ws/install/mecharm_communication/lib/python3.12/site-packages:/home/amin/cobot/cobot_ws/install/mycobot_interfaces/lib/python3.12/site-packages:/home/amin/cobot/cobot_ws/install/mycobot_630/lib/python3.12/site-packages:/home/amin/cobot/cobot_ws/install/mycobot_600/lib/python3.12/site-packages:/home/amin/cobot/cobot_ws/install/mycobot_320pi/lib/python3.12/site-packages:/home/amin/cobot/cobot_ws/install/mycobot_320_riscv/lib/python3.12/site-packages:/home/amin/cobot/cobot_ws/install/mycobot_320/lib/python3.12/site-packages:/home/amin/cobot/cobot_ws/install/mycobot_280pi/lib/python3.12/site-packages:/home/amin/cobot/cobot_ws/install/mycobot_280jn/lib/python3.12/site-packages:/home/amin/cobot/cobot_ws/install/mycobot_280_x3pi/lib/python3.12/site-packages:/home/amin/cobot/cobot_ws/install/mycobot_280_riscv/lib/python3.12/site-packages:/home/amin/cobot/cobot_ws/install/mycobot_280_rdkx5/lib/python3.12/site-packages:/home/amin/cobot/cobot_ws/install/mycobot_280_moveit2_control/lib/python3.12/site-packages:/home/amin/cobot/cobot_ws/install/mycobot_280_arduino/lib/python3.12/site-packages:/home/amin/cobot/cobot_ws/install/mycobot_280/lib/python3.12/site-packages:/home/amin/cobot/cobot_ws/install/mybuddy/lib/python3.12/site-packages:/home/amin/cobot/cobot_ws/install/myarm_300/lib/python3.12/site-packages:/home/amin/cobot/cobot_ws/install/mecharm_pi/lib/python3.12/site-packages:/home/amin/cobot/cobot_ws/install/mecharm/lib/python3.12/site-packages:/home/amin/cobot/cobot_ws/install/mecharm_interfaces/lib/python3.12/site-packages:/opt/ros/jazzy/lib/python3.12/site-packages /usr/bin/python3 -W ignore:setup.py install is deprecated -W ignore:easy_install command is deprecated setup.py egg_info --egg-base ../../../../build/mycobot_280jn build --build-base /home/amin/cobot/cobot_ws/build/mycobot_280jn/build install --record /home/amin/cobot/cobot_ws/build/mycobot_280jn/install.log --single-version-externally-managed install_data
[6.665s] DEBUG:colcon.colcon_core.event_handler.log_command:Invoking command in '/home/amin/cobot/cobot_ws/src/mycobot_ros2/mycobot_320/mycobot_320': AMENT_PREFIX_PATH=/home/amin/cobot/cobot_ws/install/mycobot_description:/home/amin/cobot/cobot_ws/install/ultraarm:/home/amin/cobot/cobot_ws/install/pro450_moveit2_control:/home/amin/cobot/cobot_ws/install/pro450_moveit2:/home/amin/cobot/cobot_ws/install/mypalletizer_communication:/home/amin/cobot/cobot_ws/install/mypalletizer_interfaces:/home/amin/cobot/cobot_ws/install/mypalletizer_260_pi:/home/amin/cobot/cobot_ws/install/mypalletizer_260:/home/amin/cobot/cobot_ws/install/mycobot_pro_450:/home/amin/cobot/cobot_ws/install/mycobot_pro450_interfaces:/home/amin/cobot/cobot_ws/install/myarm_m750:/home/amin/cobot/cobot_ws/install/myarm_c650:/home/amin/cobot/cobot_ws/install/mycobot_communication:/home/amin/cobot/cobot_ws/install/mecharm_communication:/home/amin/cobot/cobot_ws/install/mycobot_interfaces:/home/amin/cobot/cobot_ws/install/mycobot_630:/home/amin/cobot/cobot_ws/install/mycobot_600:/home/amin/cobot/cobot_ws/install/mycobot_320pi:/home/amin/cobot/cobot_ws/install/mycobot_320_riscv:/home/amin/cobot/cobot_ws/install/mycobot_320:/home/amin/cobot/cobot_ws/install/mycobot_280rdkx5_moveit2:/home/amin/cobot/cobot_ws/install/mycobot_280pi:/home/amin/cobot/cobot_ws/install/mycobot_280jn:/home/amin/cobot/cobot_ws/install/mycobot_280arduino_moveit2:/home/amin/cobot/cobot_ws/install/mycobot_280_x3pi:/home/amin/cobot/cobot_ws/install/mycobot_280_riscv:/home/amin/cobot/cobot_ws/install/mycobot_280_rdkx5:/home/amin/cobot/cobot_ws/install/mycobot_280_moveit2_control:/home/amin/cobot/cobot_ws/install/mycobot_280_moveit2:/home/amin/cobot/cobot_ws/install/mycobot_280_gazebo_jazzy:/home/amin/cobot/cobot_ws/install/mycobot_280_gazebo:/home/amin/cobot/cobot_ws/install/mycobot_280_arduino:/home/amin/cobot/cobot_ws/install/mycobot_280:/home/amin/cobot/cobot_ws/install/mybuddy:/home/amin/cobot/cobot_ws/install/myarm_300:/home/amin/cobot/cobot_ws/install/mecharm_pi:/home/amin/cobot/cobot_ws/install/mecharm:/home/amin/cobot/cobot_ws/install/mecharm_interfaces:/opt/ros/jazzy DEBUGINFOD_URLS=https://debuginfod.ubuntu.com PYTHONPATH=/home/amin/cobot/cobot_ws/build/mycobot_320/prefix_override:/usr/lib/python3/dist-packages/colcon_core/task/python/colcon_distutils_commands:/home/amin/cobot/cobot_ws/install/mycobot_320/lib/python3.12/site-packages:/home/amin/cobot/cobot_ws/install/mycobot_description/lib/python3.12/site-packages:/home/amin/cobot/cobot_ws/install/ultraarm/lib/python3.12/site-packages:/home/amin/cobot/cobot_ws/install/pro450_moveit2_control/lib/python3.12/site-packages:/home/amin/cobot/cobot_ws/install/mypalletizer_communication/lib/python3.12/site-packages:/home/amin/cobot/cobot_ws/install/mypalletizer_interfaces/lib/python3.12/site-packages:/home/amin/cobot/cobot_ws/install/mypalletizer_260_pi/lib/python3.12/site-packages:/home/amin/cobot/cobot_ws/install/mypalletizer_260/lib/python3.12/site-packages:/home/amin/cobot/cobot_ws/install/mycobot_pro_450/lib/python3.12/site-packages:/home/amin/cobot/cobot_ws/install/mycobot_pro450_interfaces/lib/python3.12/site-packages:/home/amin/cobot/cobot_ws/install/myarm_m750/lib/python3.12/site-packages:/home/amin/cobot/cobot_ws/install/myarm_c650/lib/python3.12/site-packages:/home/amin/cobot/cobot_ws/install/mycobot_communication/lib/python3.12/site-packages:/home/amin/cobot/cobot_ws/install/mecharm_communication/lib/python3.12/site-packages:/home/amin/cobot/cobot_ws/install/mycobot_interfaces/lib/python3.12/site-packages:/home/amin/cobot/cobot_ws/install/mycobot_630/lib/python3.12/site-packages:/home/amin/cobot/cobot_ws/install/mycobot_600/lib/python3.12/site-packages:/home/amin/cobot/cobot_ws/install/mycobot_320pi/lib/python3.12/site-packages:/home/amin/cobot/cobot_ws/install/mycobot_320_riscv/lib/python3.12/site-packages:/home/amin/cobot/cobot_ws/install/mycobot_320/lib/python3.12/site-packages:/home/amin/cobot/cobot_ws/install/mycobot_280pi/lib/python3.12/site-packages:/home/amin/cobot/cobot_ws/install/mycobot_280jn/lib/python3.12/site-packages:/home/amin/cobot/cobot_ws/install/mycobot_280_x3pi/lib/python3.12/site-packages:/home/amin/cobot/cobot_ws/install/mycobot_280_riscv/lib/python3.12/site-packages:/home/amin/cobot/cobot_ws/install/mycobot_280_rdkx5/lib/python3.12/site-packages:/home/amin/cobot/cobot_ws/install/mycobot_280_moveit2_control/lib/python3.12/site-packages:/home/amin/cobot/cobot_ws/install/mycobot_280_arduino/lib/python3.12/site-packages:/home/amin/cobot/cobot_ws/install/mycobot_280/lib/python3.12/site-packages:/home/amin/cobot/cobot_ws/install/mybuddy/lib/python3.12/site-packages:/home/amin/cobot/cobot_ws/install/myarm_300/lib/python3.12/site-packages:/home/amin/cobot/cobot_ws/install/mecharm_pi/lib/python3.12/site-packages:/home/amin/cobot/cobot_ws/install/mecharm/lib/python3.12/site-packages:/home/amin/cobot/cobot_ws/install/mecharm_interfaces/lib/python3.12/site-packages:/opt/ros/jazzy/lib/python3.12/site-packages /usr/bin/python3 -W ignore:setup.py install is deprecated -W ignore:easy_install command is deprecated setup.py egg_info --egg-base ../../../../build/mycobot_320 build --build-base /home/amin/cobot/cobot_ws/build/mycobot_320/build install --record /home/amin/cobot/cobot_ws/build/mycobot_320/install.log --single-version-externally-managed install_data
[6.666s] DEBUG:colcon.colcon_core.event_handler.log_command:Invoking command in '/home/amin/cobot/cobot_ws/src/mycobot_ros2/mycobot_280/mycobot_280pi': AMENT_PREFIX_PATH=/home/amin/cobot/cobot_ws/install/mycobot_description:/home/amin/cobot/cobot_ws/install/ultraarm:/home/amin/cobot/cobot_ws/install/pro450_moveit2_control:/home/amin/cobot/cobot_ws/install/pro450_moveit2:/home/amin/cobot/cobot_ws/install/mypalletizer_communication:/home/amin/cobot/cobot_ws/install/mypalletizer_interfaces:/home/amin/cobot/cobot_ws/install/mypalletizer_260_pi:/home/amin/cobot/cobot_ws/install/mypalletizer_260:/home/amin/cobot/cobot_ws/install/mycobot_pro_450:/home/amin/cobot/cobot_ws/install/mycobot_pro450_interfaces:/home/amin/cobot/cobot_ws/install/myarm_m750:/home/amin/cobot/cobot_ws/install/myarm_c650:/home/amin/cobot/cobot_ws/install/mycobot_communication:/home/amin/cobot/cobot_ws/install/mecharm_communication:/home/amin/cobot/cobot_ws/install/mycobot_interfaces:/home/amin/cobot/cobot_ws/install/mycobot_630:/home/amin/cobot/cobot_ws/install/mycobot_600:/home/amin/cobot/cobot_ws/install/mycobot_320pi:/home/amin/cobot/cobot_ws/install/mycobot_320_riscv:/home/amin/cobot/cobot_ws/install/mycobot_320:/home/amin/cobot/cobot_ws/install/mycobot_280rdkx5_moveit2:/home/amin/cobot/cobot_ws/install/mycobot_280pi:/home/amin/cobot/cobot_ws/install/mycobot_280jn:/home/amin/cobot/cobot_ws/install/mycobot_280arduino_moveit2:/home/amin/cobot/cobot_ws/install/mycobot_280_x3pi:/home/amin/cobot/cobot_ws/install/mycobot_280_riscv:/home/amin/cobot/cobot_ws/install/mycobot_280_rdkx5:/home/amin/cobot/cobot_ws/install/mycobot_280_moveit2_control:/home/amin/cobot/cobot_ws/install/mycobot_280_moveit2:/home/amin/cobot/cobot_ws/install/mycobot_280_gazebo_jazzy:/home/amin/cobot/cobot_ws/install/mycobot_280_gazebo:/home/amin/cobot/cobot_ws/install/mycobot_280_arduino:/home/amin/cobot/cobot_ws/install/mycobot_280:/home/amin/cobot/cobot_ws/install/mybuddy:/home/amin/cobot/cobot_ws/install/myarm_300:/home/amin/cobot/cobot_ws/install/mecharm_pi:/home/amin/cobot/cobot_ws/install/mecharm:/home/amin/cobot/cobot_ws/install/mecharm_interfaces:/opt/ros/jazzy DEBUGINFOD_URLS=https://debuginfod.ubuntu.com PYTHONPATH=/home/amin/cobot/cobot_ws/build/mycobot_280pi/prefix_override:/usr/lib/python3/dist-packages/colcon_core/task/python/colcon_distutils_commands:/home/amin/cobot/cobot_ws/install/mycobot_280pi/lib/python3.12/site-packages:/home/amin/cobot/cobot_ws/install/mycobot_description/lib/python3.12/site-packages:/home/amin/cobot/cobot_ws/install/ultraarm/lib/python3.12/site-packages:/home/amin/cobot/cobot_ws/install/pro450_moveit2_control/lib/python3.12/site-packages:/home/amin/cobot/cobot_ws/install/mypalletizer_communication/lib/python3.12/site-packages:/home/amin/cobot/cobot_ws/install/mypalletizer_interfaces/lib/python3.12/site-packages:/home/amin/cobot/cobot_ws/install/mypalletizer_260_pi/lib/python3.12/site-packages:/home/amin/cobot/cobot_ws/install/mypalletizer_260/lib/python3.12/site-packages:/home/amin/cobot/cobot_ws/install/mycobot_pro_450/lib/python3.12/site-packages:/home/amin/cobot/cobot_ws/install/mycobot_pro450_interfaces/lib/python3.12/site-packages:/home/amin/cobot/cobot_ws/install/myarm_m750/lib/python3.12/site-packages:/home/amin/cobot/cobot_ws/install/myarm_c650/lib/python3.12/site-packages:/home/amin/cobot/cobot_ws/install/mycobot_communication/lib/python3.12/site-packages:/home/amin/cobot/cobot_ws/install/mecharm_communication/lib/python3.12/site-packages:/home/amin/cobot/cobot_ws/install/mycobot_interfaces/lib/python3.12/site-packages:/home/amin/cobot/cobot_ws/install/mycobot_630/lib/python3.12/site-packages:/home/amin/cobot/cobot_ws/install/mycobot_600/lib/python3.12/site-packages:/home/amin/cobot/cobot_ws/install/mycobot_320pi/lib/python3.12/site-packages:/home/amin/cobot/cobot_ws/install/mycobot_320_riscv/lib/python3.12/site-packages:/home/amin/cobot/cobot_ws/install/mycobot_320/lib/python3.12/site-packages:/home/amin/cobot/cobot_ws/install/mycobot_280pi/lib/python3.12/site-packages:/home/amin/cobot/cobot_ws/install/mycobot_280jn/lib/python3.12/site-packages:/home/amin/cobot/cobot_ws/install/mycobot_280_x3pi/lib/python3.12/site-packages:/home/amin/cobot/cobot_ws/install/mycobot_280_riscv/lib/python3.12/site-packages:/home/amin/cobot/cobot_ws/install/mycobot_280_rdkx5/lib/python3.12/site-packages:/home/amin/cobot/cobot_ws/install/mycobot_280_moveit2_control/lib/python3.12/site-packages:/home/amin/cobot/cobot_ws/install/mycobot_280_arduino/lib/python3.12/site-packages:/home/amin/cobot/cobot_ws/install/mycobot_280/lib/python3.12/site-packages:/home/amin/cobot/cobot_ws/install/mybuddy/lib/python3.12/site-packages:/home/amin/cobot/cobot_ws/install/myarm_300/lib/python3.12/site-packages:/home/amin/cobot/cobot_ws/install/mecharm_pi/lib/python3.12/site-packages:/home/amin/cobot/cobot_ws/install/mecharm/lib/python3.12/site-packages:/home/amin/cobot/cobot_ws/install/mecharm_interfaces/lib/python3.12/site-packages:/opt/ros/jazzy/lib/python3.12/site-packages /usr/bin/python3 -W ignore:setup.py install is deprecated -W ignore:easy_install command is deprecated setup.py egg_info --egg-base ../../../../build/mycobot_280pi build --build-base /home/amin/cobot/cobot_ws/build/mycobot_280pi/build install --record /home/amin/cobot/cobot_ws/build/mycobot_280pi/install.log --single-version-externally-managed install_data
[6.959s] INFO:colcon.colcon_core.task.python.build:Building Python package in '/home/amin/cobot/cobot_ws/src/mycobot_ros2/mycobot_pro/mycobot_630'
[6.959s] INFO:colcon.colcon_core.shell:Skip shell extension 'powershell' for command environment: Not usable outside of PowerShell
[6.959s] DEBUG:colcon.colcon_core.shell:Skip shell extension 'dsv' for command environment
[7.222s] INFO:colcon.colcon_core.task.python.build:Building Python package in '/home/amin/cobot/cobot_ws/src/mycobot_ros2/mycobot_pro/mycobot_pro_450'
[7.223s] INFO:colcon.colcon_core.shell:Skip shell extension 'powershell' for command environment: Not usable outside of PowerShell
[7.223s] DEBUG:colcon.colcon_core.shell:Skip shell extension 'dsv' for command environment
[7.232s] DEBUG:colcon.colcon_core.event_handler.log_command:Invoking command in '/home/amin/cobot/cobot_ws/src/mycobot_ros2/mycobot_320/mycobot_320_riscv': AMENT_PREFIX_PATH=/home/amin/cobot/cobot_ws/install/mycobot_description:/home/amin/cobot/cobot_ws/install/ultraarm:/home/amin/cobot/cobot_ws/install/pro450_moveit2_control:/home/amin/cobot/cobot_ws/install/pro450_moveit2:/home/amin/cobot/cobot_ws/install/mypalletizer_communication:/home/amin/cobot/cobot_ws/install/mypalletizer_interfaces:/home/amin/cobot/cobot_ws/install/mypalletizer_260_pi:/home/amin/cobot/cobot_ws/install/mypalletizer_260:/home/amin/cobot/cobot_ws/install/mycobot_pro_450:/home/amin/cobot/cobot_ws/install/mycobot_pro450_interfaces:/home/amin/cobot/cobot_ws/install/myarm_m750:/home/amin/cobot/cobot_ws/install/myarm_c650:/home/amin/cobot/cobot_ws/install/mycobot_communication:/home/amin/cobot/cobot_ws/install/mecharm_communication:/home/amin/cobot/cobot_ws/install/mycobot_interfaces:/home/amin/cobot/cobot_ws/install/mycobot_630:/home/amin/cobot/cobot_ws/install/mycobot_600:/home/amin/cobot/cobot_ws/install/mycobot_320pi:/home/amin/cobot/cobot_ws/install/mycobot_320_riscv:/home/amin/cobot/cobot_ws/install/mycobot_320:/home/amin/cobot/cobot_ws/install/mycobot_280rdkx5_moveit2:/home/amin/cobot/cobot_ws/install/mycobot_280pi:/home/amin/cobot/cobot_ws/install/mycobot_280jn:/home/amin/cobot/cobot_ws/install/mycobot_280arduino_moveit2:/home/amin/cobot/cobot_ws/install/mycobot_280_x3pi:/home/amin/cobot/cobot_ws/install/mycobot_280_riscv:/home/amin/cobot/cobot_ws/install/mycobot_280_rdkx5:/home/amin/cobot/cobot_ws/install/mycobot_280_moveit2_control:/home/amin/cobot/cobot_ws/install/mycobot_280_moveit2:/home/amin/cobot/cobot_ws/install/mycobot_280_gazebo_jazzy:/home/amin/cobot/cobot_ws/install/mycobot_280_gazebo:/home/amin/cobot/cobot_ws/install/mycobot_280_arduino:/home/amin/cobot/cobot_ws/install/mycobot_280:/home/amin/cobot/cobot_ws/install/mybuddy:/home/amin/cobot/cobot_ws/install/myarm_300:/home/amin/cobot/cobot_ws/install/mecharm_pi:/home/amin/cobot/cobot_ws/install/mecharm:/home/amin/cobot/cobot_ws/install/mecharm_interfaces:/opt/ros/jazzy DEBUGINFOD_URLS=https://debuginfod.ubuntu.com PYTHONPATH=/home/amin/cobot/cobot_ws/build/mycobot_320_riscv/prefix_override:/usr/lib/python3/dist-packages/colcon_core/task/python/colcon_distutils_commands:/home/amin/cobot/cobot_ws/install/mycobot_320_riscv/lib/python3.12/site-packages:/home/amin/cobot/cobot_ws/install/mycobot_description/lib/python3.12/site-packages:/home/amin/cobot/cobot_ws/install/ultraarm/lib/python3.12/site-packages:/home/amin/cobot/cobot_ws/install/pro450_moveit2_control/lib/python3.12/site-packages:/home/amin/cobot/cobot_ws/install/mypalletizer_communication/lib/python3.12/site-packages:/home/amin/cobot/cobot_ws/install/mypalletizer_interfaces/lib/python3.12/site-packages:/home/amin/cobot/cobot_ws/install/mypalletizer_260_pi/lib/python3.12/site-packages:/home/amin/cobot/cobot_ws/install/mypalletizer_260/lib/python3.12/site-packages:/home/amin/cobot/cobot_ws/install/mycobot_pro_450/lib/python3.12/site-packages:/home/amin/cobot/cobot_ws/install/mycobot_pro450_interfaces/lib/python3.12/site-packages:/home/amin/cobot/cobot_ws/install/myarm_m750/lib/python3.12/site-packages:/home/amin/cobot/cobot_ws/install/myarm_c650/lib/python3.12/site-packages:/home/amin/cobot/cobot_ws/install/mycobot_communication/lib/python3.12/site-packages:/home/amin/cobot/cobot_ws/install/mecharm_communication/lib/python3.12/site-packages:/home/amin/cobot/cobot_ws/install/mycobot_interfaces/lib/python3.12/site-packages:/home/amin/cobot/cobot_ws/install/mycobot_630/lib/python3.12/site-packages:/home/amin/cobot/cobot_ws/install/mycobot_600/lib/python3.12/site-packages:/home/amin/cobot/cobot_ws/install/mycobot_320pi/lib/python3.12/site-packages:/home/amin/cobot/cobot_ws/install/mycobot_320_riscv/lib/python3.12/site-packages:/home/amin/cobot/cobot_ws/install/mycobot_320/lib/python3.12/site-packages:/home/amin/cobot/cobot_ws/install/mycobot_280pi/lib/python3.12/site-packages:/home/amin/cobot/cobot_ws/install/mycobot_280jn/lib/python3.12/site-packages:/home/amin/cobot/cobot_ws/install/mycobot_280_x3pi/lib/python3.12/site-packages:/home/amin/cobot/cobot_ws/install/mycobot_280_riscv/lib/python3.12/site-packages:/home/amin/cobot/cobot_ws/install/mycobot_280_rdkx5/lib/python3.12/site-packages:/home/amin/cobot/cobot_ws/install/mycobot_280_moveit2_control/lib/python3.12/site-packages:/home/amin/cobot/cobot_ws/install/mycobot_280_arduino/lib/python3.12/site-packages:/home/amin/cobot/cobot_ws/install/mycobot_280/lib/python3.12/site-packages:/home/amin/cobot/cobot_ws/install/mybuddy/lib/python3.12/site-packages:/home/amin/cobot/cobot_ws/install/myarm_300/lib/python3.12/site-packages:/home/amin/cobot/cobot_ws/install/mecharm_pi/lib/python3.12/site-packages:/home/amin/cobot/cobot_ws/install/mecharm/lib/python3.12/site-packages:/home/amin/cobot/cobot_ws/install/mecharm_interfaces/lib/python3.12/site-packages:/opt/ros/jazzy/lib/python3.12/site-packages /usr/bin/python3 -W ignore:setup.py install is deprecated -W ignore:easy_install command is deprecated setup.py egg_info --egg-base ../../../../build/mycobot_320_riscv build --build-base /home/amin/cobot/cobot_ws/build/mycobot_320_riscv/build install --record /home/amin/cobot/cobot_ws/build/mycobot_320_riscv/install.log --single-version-externally-managed install_data
[7.435s] Level 1:colcon.colcon_core.environment:checking '/home/amin/cobot/cobot_ws/install/mycobot_280jn' for CMake module files
[7.436s] DEBUG:colcon.colcon_core.event_handler.log_command:Invoked command in '/home/amin/cobot/cobot_ws/src/mycobot_ros2/mycobot_280/mycobot_280jn' returned '0': AMENT_PREFIX_PATH=/home/amin/cobot/cobot_ws/install/mycobot_description:/home/amin/cobot/cobot_ws/install/ultraarm:/home/amin/cobot/cobot_ws/install/pro450_moveit2_control:/home/amin/cobot/cobot_ws/install/pro450_moveit2:/home/amin/cobot/cobot_ws/install/mypalletizer_communication:/home/amin/cobot/cobot_ws/install/mypalletizer_interfaces:/home/amin/cobot/cobot_ws/install/mypalletizer_260_pi:/home/amin/cobot/cobot_ws/install/mypalletizer_260:/home/amin/cobot/cobot_ws/install/mycobot_pro_450:/home/amin/cobot/cobot_ws/install/mycobot_pro450_interfaces:/home/amin/cobot/cobot_ws/install/myarm_m750:/home/amin/cobot/cobot_ws/install/myarm_c650:/home/amin/cobot/cobot_ws/install/mycobot_communication:/home/amin/cobot/cobot_ws/install/mecharm_communication:/home/amin/cobot/cobot_ws/install/mycobot_interfaces:/home/amin/cobot/cobot_ws/install/mycobot_630:/home/amin/cobot/cobot_ws/install/mycobot_600:/home/amin/cobot/cobot_ws/install/mycobot_320pi:/home/amin/cobot/cobot_ws/install/mycobot_320_riscv:/home/amin/cobot/cobot_ws/install/mycobot_320:/home/amin/cobot/cobot_ws/install/mycobot_280rdkx5_moveit2:/home/amin/cobot/cobot_ws/install/mycobot_280pi:/home/amin/cobot/cobot_ws/install/mycobot_280jn:/home/amin/cobot/cobot_ws/install/mycobot_280arduino_moveit2:/home/amin/cobot/cobot_ws/install/mycobot_280_x3pi:/home/amin/cobot/cobot_ws/install/mycobot_280_riscv:/home/amin/cobot/cobot_ws/install/mycobot_280_rdkx5:/home/amin/cobot/cobot_ws/install/mycobot_280_moveit2_control:/home/amin/cobot/cobot_ws/install/mycobot_280_moveit2:/home/amin/cobot/cobot_ws/install/mycobot_280_gazebo_jazzy:/home/amin/cobot/cobot_ws/install/mycobot_280_gazebo:/home/amin/cobot/cobot_ws/install/mycobot_280_arduino:/home/amin/cobot/cobot_ws/install/mycobot_280:/home/amin/cobot/cobot_ws/install/mybuddy:/home/amin/cobot/cobot_ws/install/myarm_300:/home/amin/cobot/cobot_ws/install/mecharm_pi:/home/amin/cobot/cobot_ws/install/mecharm:/home/amin/cobot/cobot_ws/install/mecharm_interfaces:/opt/ros/jazzy DEBUGINFOD_URLS=https://debuginfod.ubuntu.com PYTHONPATH=/home/amin/cobot/cobot_ws/build/mycobot_280jn/prefix_override:/usr/lib/python3/dist-packages/colcon_core/task/python/colcon_distutils_commands:/home/amin/cobot/cobot_ws/install/mycobot_280jn/lib/python3.12/site-packages:/home/amin/cobot/cobot_ws/install/mycobot_description/lib/python3.12/site-packages:/home/amin/cobot/cobot_ws/install/ultraarm/lib/python3.12/site-packages:/home/amin/cobot/cobot_ws/install/pro450_moveit2_control/lib/python3.12/site-packages:/home/amin/cobot/cobot_ws/install/mypalletizer_communication/lib/python3.12/site-packages:/home/amin/cobot/cobot_ws/install/mypalletizer_interfaces/lib/python3.12/site-packages:/home/amin/cobot/cobot_ws/install/mypalletizer_260_pi/lib/python3.12/site-packages:/home/amin/cobot/cobot_ws/install/mypalletizer_260/lib/python3.12/site-packages:/home/amin/cobot/cobot_ws/install/mycobot_pro_450/lib/python3.12/site-packages:/home/amin/cobot/cobot_ws/install/mycobot_pro450_interfaces/lib/python3.12/site-packages:/home/amin/cobot/cobot_ws/install/myarm_m750/lib/python3.12/site-packages:/home/amin/cobot/cobot_ws/install/myarm_c650/lib/python3.12/site-packages:/home/amin/cobot/cobot_ws/install/mycobot_communication/lib/python3.12/site-packages:/home/amin/cobot/cobot_ws/install/mecharm_communication/lib/python3.12/site-packages:/home/amin/cobot/cobot_ws/install/mycobot_interfaces/lib/python3.12/site-packages:/home/amin/cobot/cobot_ws/install/mycobot_630/lib/python3.12/site-packages:/home/amin/cobot/cobot_ws/install/mycobot_600/lib/python3.12/site-packages:/home/amin/cobot/cobot_ws/install/mycobot_320pi/lib/python3.12/site-packages:/home/amin/cobot/cobot_ws/install/mycobot_320_riscv/lib/python3.12/site-packages:/home/amin/cobot/cobot_ws/install/mycobot_320/lib/python3.12/site-packages:/home/amin/cobot/cobot_ws/install/mycobot_280pi/lib/python3.12/site-packages:/home/amin/cobot/cobot_ws/install/mycobot_280jn/lib/python3.12/site-packages:/home/amin/cobot/cobot_ws/install/mycobot_280_x3pi/lib/python3.12/site-packages:/home/amin/cobot/cobot_ws/install/mycobot_280_riscv/lib/python3.12/site-packages:/home/amin/cobot/cobot_ws/install/mycobot_280_rdkx5/lib/python3.12/site-packages:/home/amin/cobot/cobot_ws/install/mycobot_280_moveit2_control/lib/python3.12/site-packages:/home/amin/cobot/cobot_ws/install/mycobot_280_arduino/lib/python3.12/site-packages:/home/amin/cobot/cobot_ws/install/mycobot_280/lib/python3.12/site-packages:/home/amin/cobot/cobot_ws/install/mybuddy/lib/python3.12/site-packages:/home/amin/cobot/cobot_ws/install/myarm_300/lib/python3.12/site-packages:/home/amin/cobot/cobot_ws/install/mecharm_pi/lib/python3.12/site-packages:/home/amin/cobot/cobot_ws/install/mecharm/lib/python3.12/site-packages:/home/amin/cobot/cobot_ws/install/mecharm_interfaces/lib/python3.12/site-packages:/opt/ros/jazzy/lib/python3.12/site-packages /usr/bin/python3 -W ignore:setup.py install is deprecated -W ignore:easy_install command is deprecated setup.py egg_info --egg-base ../../../../build/mycobot_280jn build --build-base /home/amin/cobot/cobot_ws/build/mycobot_280jn/build install --record /home/amin/cobot/cobot_ws/build/mycobot_280jn/install.log --single-version-externally-managed install_data
[7.437s] Level 1:colcon.colcon_core.environment:checking '/home/amin/cobot/cobot_ws/install/mycobot_280jn' for CMake config files
[7.438s] Level 1:colcon.colcon_core.environment:checking '/home/amin/cobot/cobot_ws/install/mycobot_280jn/lib'
[7.438s] Level 1:colcon.colcon_core.environment:checking '/home/amin/cobot/cobot_ws/install/mycobot_280jn/bin'
[7.438s] Level 1:colcon.colcon_core.environment:checking '/home/amin/cobot/cobot_ws/install/mycobot_280jn/lib/pkgconfig/mycobot_280jn.pc'
[7.438s] Level 1:colcon.colcon_core.environment:checking '/home/amin/cobot/cobot_ws/install/mycobot_280jn/lib/python3.12/site-packages'
[7.439s] Level 1:colcon.colcon_core.shell:create_environment_hook('mycobot_280jn', 'pythonpath')
[7.439s] INFO:colcon.colcon_core.shell:Creating environment hook '/home/amin/cobot/cobot_ws/install/mycobot_280jn/share/mycobot_280jn/hook/pythonpath.ps1'
[7.440s] INFO:colcon.colcon_core.shell:Creating environment descriptor '/home/amin/cobot/cobot_ws/install/mycobot_280jn/share/mycobot_280jn/hook/pythonpath.dsv'
[7.441s] INFO:colcon.colcon_core.shell:Creating environment hook '/home/amin/cobot/cobot_ws/install/mycobot_280jn/share/mycobot_280jn/hook/pythonpath.sh'
[7.442s] Level 1:colcon.colcon_core.environment:checking '/home/amin/cobot/cobot_ws/install/mycobot_280jn/bin'
[7.442s] Level 1:colcon.colcon_core.environment:create_environment_scripts_only(mycobot_280jn)
[7.443s] INFO:colcon.colcon_core.shell:Creating package script '/home/amin/cobot/cobot_ws/install/mycobot_280jn/share/mycobot_280jn/package.ps1'
[7.443s] INFO:colcon.colcon_core.shell:Creating package descriptor '/home/amin/cobot/cobot_ws/install/mycobot_280jn/share/mycobot_280jn/package.dsv'
[7.444s] INFO:colcon.colcon_core.shell:Creating package script '/home/amin/cobot/cobot_ws/install/mycobot_280jn/share/mycobot_280jn/package.sh'
[7.445s] INFO:colcon.colcon_core.shell:Creating package script '/home/amin/cobot/cobot_ws/install/mycobot_280jn/share/mycobot_280jn/package.bash'
[7.446s] INFO:colcon.colcon_core.shell:Creating package script '/home/amin/cobot/cobot_ws/install/mycobot_280jn/share/mycobot_280jn/package.zsh'
[7.446s] Level 1:colcon.colcon_core.environment:create_file_with_runtime_dependencies(/home/amin/cobot/cobot_ws/install/mycobot_280jn/share/colcon-core/packages/mycobot_280jn)
[7.447s] INFO:colcon.colcon_ros.task.ament_python.build:Building ROS package in '/home/amin/cobot/cobot_ws/src/mycobot_ros2/mypalletizer_260/mypalletizer_260' with build type 'ament_python'
[7.447s] Level 1:colcon.colcon_core.shell:create_environment_hook('mypalletizer_260', 'ament_prefix_path')
[7.447s] INFO:colcon.colcon_core.shell:Creating environment hook '/home/amin/cobot/cobot_ws/install/mypalletizer_260/share/mypalletizer_260/hook/ament_prefix_path.ps1'
[7.448s] INFO:colcon.colcon_core.shell:Creating environment descriptor '/home/amin/cobot/cobot_ws/install/mypalletizer_260/share/mypalletizer_260/hook/ament_prefix_path.dsv'
[7.448s] INFO:colcon.colcon_core.shell:Creating environment hook '/home/amin/cobot/cobot_ws/install/mypalletizer_260/share/mypalletizer_260/hook/ament_prefix_path.sh'
[7.450s] INFO:colcon.colcon_core.shell:Skip shell extension 'powershell' for command environment: Not usable outside of PowerShell
[7.451s] DEBUG:colcon.colcon_core.shell:Skip shell extension 'dsv' for command environment
[7.687s] INFO:colcon.colcon_core.task.python.build:Building Python package in '/home/amin/cobot/cobot_ws/src/mycobot_ros2/mypalletizer_260/mypalletizer_260'
[7.687s] INFO:colcon.colcon_core.shell:Skip shell extension 'powershell' for command environment: Not usable outside of PowerShell
[7.687s] DEBUG:colcon.colcon_core.shell:Skip shell extension 'dsv' for command environment
[7.695s] Level 1:colcon.colcon_core.environment:checking '/home/amin/cobot/cobot_ws/install/mycobot_320' for CMake module files
[7.696s] DEBUG:colcon.colcon_core.event_handler.log_command:Invoked command in '/home/amin/cobot/cobot_ws/src/mycobot_ros2/mycobot_320/mycobot_320' returned '0': AMENT_PREFIX_PATH=/home/amin/cobot/cobot_ws/install/mycobot_description:/home/amin/cobot/cobot_ws/install/ultraarm:/home/amin/cobot/cobot_ws/install/pro450_moveit2_control:/home/amin/cobot/cobot_ws/install/pro450_moveit2:/home/amin/cobot/cobot_ws/install/mypalletizer_communication:/home/amin/cobot/cobot_ws/install/mypalletizer_interfaces:/home/amin/cobot/cobot_ws/install/mypalletizer_260_pi:/home/amin/cobot/cobot_ws/install/mypalletizer_260:/home/amin/cobot/cobot_ws/install/mycobot_pro_450:/home/amin/cobot/cobot_ws/install/mycobot_pro450_interfaces:/home/amin/cobot/cobot_ws/install/myarm_m750:/home/amin/cobot/cobot_ws/install/myarm_c650:/home/amin/cobot/cobot_ws/install/mycobot_communication:/home/amin/cobot/cobot_ws/install/mecharm_communication:/home/amin/cobot/cobot_ws/install/mycobot_interfaces:/home/amin/cobot/cobot_ws/install/mycobot_630:/home/amin/cobot/cobot_ws/install/mycobot_600:/home/amin/cobot/cobot_ws/install/mycobot_320pi:/home/amin/cobot/cobot_ws/install/mycobot_320_riscv:/home/amin/cobot/cobot_ws/install/mycobot_320:/home/amin/cobot/cobot_ws/install/mycobot_280rdkx5_moveit2:/home/amin/cobot/cobot_ws/install/mycobot_280pi:/home/amin/cobot/cobot_ws/install/mycobot_280jn:/home/amin/cobot/cobot_ws/install/mycobot_280arduino_moveit2:/home/amin/cobot/cobot_ws/install/mycobot_280_x3pi:/home/amin/cobot/cobot_ws/install/mycobot_280_riscv:/home/amin/cobot/cobot_ws/install/mycobot_280_rdkx5:/home/amin/cobot/cobot_ws/install/mycobot_280_moveit2_control:/home/amin/cobot/cobot_ws/install/mycobot_280_moveit2:/home/amin/cobot/cobot_ws/install/mycobot_280_gazebo_jazzy:/home/amin/cobot/cobot_ws/install/mycobot_280_gazebo:/home/amin/cobot/cobot_ws/install/mycobot_280_arduino:/home/amin/cobot/cobot_ws/install/mycobot_280:/home/amin/cobot/cobot_ws/install/mybuddy:/home/amin/cobot/cobot_ws/install/myarm_300:/home/amin/cobot/cobot_ws/install/mecharm_pi:/home/amin/cobot/cobot_ws/install/mecharm:/home/amin/cobot/cobot_ws/install/mecharm_interfaces:/opt/ros/jazzy DEBUGINFOD_URLS=https://debuginfod.ubuntu.com PYTHONPATH=/home/amin/cobot/cobot_ws/build/mycobot_320/prefix_override:/usr/lib/python3/dist-packages/colcon_core/task/python/colcon_distutils_commands:/home/amin/cobot/cobot_ws/install/mycobot_320/lib/python3.12/site-packages:/home/amin/cobot/cobot_ws/install/mycobot_description/lib/python3.12/site-packages:/home/amin/cobot/cobot_ws/install/ultraarm/lib/python3.12/site-packages:/home/amin/cobot/cobot_ws/install/pro450_moveit2_control/lib/python3.12/site-packages:/home/amin/cobot/cobot_ws/install/mypalletizer_communication/lib/python3.12/site-packages:/home/amin/cobot/cobot_ws/install/mypalletizer_interfaces/lib/python3.12/site-packages:/home/amin/cobot/cobot_ws/install/mypalletizer_260_pi/lib/python3.12/site-packages:/home/amin/cobot/cobot_ws/install/mypalletizer_260/lib/python3.12/site-packages:/home/amin/cobot/cobot_ws/install/mycobot_pro_450/lib/python3.12/site-packages:/home/amin/cobot/cobot_ws/install/mycobot_pro450_interfaces/lib/python3.12/site-packages:/home/amin/cobot/cobot_ws/install/myarm_m750/lib/python3.12/site-packages:/home/amin/cobot/cobot_ws/install/myarm_c650/lib/python3.12/site-packages:/home/amin/cobot/cobot_ws/install/mycobot_communication/lib/python3.12/site-packages:/home/amin/cobot/cobot_ws/install/mecharm_communication/lib/python3.12/site-packages:/home/amin/cobot/cobot_ws/install/mycobot_interfaces/lib/python3.12/site-packages:/home/amin/cobot/cobot_ws/install/mycobot_630/lib/python3.12/site-packages:/home/amin/cobot/cobot_ws/install/mycobot_600/lib/python3.12/site-packages:/home/amin/cobot/cobot_ws/install/mycobot_320pi/lib/python3.12/site-packages:/home/amin/cobot/cobot_ws/install/mycobot_320_riscv/lib/python3.12/site-packages:/home/amin/cobot/cobot_ws/install/mycobot_320/lib/python3.12/site-packages:/home/amin/cobot/cobot_ws/install/mycobot_280pi/lib/python3.12/site-packages:/home/amin/cobot/cobot_ws/install/mycobot_280jn/lib/python3.12/site-packages:/home/amin/cobot/cobot_ws/install/mycobot_280_x3pi/lib/python3.12/site-packages:/home/amin/cobot/cobot_ws/install/mycobot_280_riscv/lib/python3.12/site-packages:/home/amin/cobot/cobot_ws/install/mycobot_280_rdkx5/lib/python3.12/site-packages:/home/amin/cobot/cobot_ws/install/mycobot_280_moveit2_control/lib/python3.12/site-packages:/home/amin/cobot/cobot_ws/install/mycobot_280_arduino/lib/python3.12/site-packages:/home/amin/cobot/cobot_ws/install/mycobot_280/lib/python3.12/site-packages:/home/amin/cobot/cobot_ws/install/mybuddy/lib/python3.12/site-packages:/home/amin/cobot/cobot_ws/install/myarm_300/lib/python3.12/site-packages:/home/amin/cobot/cobot_ws/install/mecharm_pi/lib/python3.12/site-packages:/home/amin/cobot/cobot_ws/install/mecharm/lib/python3.12/site-packages:/home/amin/cobot/cobot_ws/install/mecharm_interfaces/lib/python3.12/site-packages:/opt/ros/jazzy/lib/python3.12/site-packages /usr/bin/python3 -W ignore:setup.py install is deprecated -W ignore:easy_install command is deprecated setup.py egg_info --egg-base ../../../../build/mycobot_320 build --build-base /home/amin/cobot/cobot_ws/build/mycobot_320/build install --record /home/amin/cobot/cobot_ws/build/mycobot_320/install.log --single-version-externally-managed install_data
[7.697s] Level 1:colcon.colcon_core.environment:checking '/home/amin/cobot/cobot_ws/install/mycobot_320' for CMake config files
[7.698s] Level 1:colcon.colcon_core.environment:checking '/home/amin/cobot/cobot_ws/install/mycobot_320/lib'
[7.698s] Level 1:colcon.colcon_core.environment:checking '/home/amin/cobot/cobot_ws/install/mycobot_320/bin'
[7.698s] Level 1:colcon.colcon_core.environment:checking '/home/amin/cobot/cobot_ws/install/mycobot_320/lib/pkgconfig/mycobot_320.pc'
[7.698s] Level 1:colcon.colcon_core.environment:checking '/home/amin/cobot/cobot_ws/install/mycobot_320/lib/python3.12/site-packages'
[7.698s] Level 1:colcon.colcon_core.shell:create_environment_hook('mycobot_320', 'pythonpath')
[7.698s] INFO:colcon.colcon_core.shell:Creating environment hook '/home/amin/cobot/cobot_ws/install/mycobot_320/share/mycobot_320/hook/pythonpath.ps1'
[7.699s] INFO:colcon.colcon_core.shell:Creating environment descriptor '/home/amin/cobot/cobot_ws/install/mycobot_320/share/mycobot_320/hook/pythonpath.dsv'
[7.699s] INFO:colcon.colcon_core.shell:Creating environment hook '/home/amin/cobot/cobot_ws/install/mycobot_320/share/mycobot_320/hook/pythonpath.sh'
[7.700s] Level 1:colcon.colcon_core.environment:checking '/home/amin/cobot/cobot_ws/install/mycobot_320/bin'
[7.700s] Level 1:colcon.colcon_core.environment:create_environment_scripts_only(mycobot_320)
[7.700s] INFO:colcon.colcon_core.shell:Creating package script '/home/amin/cobot/cobot_ws/install/mycobot_320/share/mycobot_320/package.ps1'
[7.700s] INFO:colcon.colcon_core.shell:Creating package descriptor '/home/amin/cobot/cobot_ws/install/mycobot_320/share/mycobot_320/package.dsv'
[7.701s] INFO:colcon.colcon_core.shell:Creating package script '/home/amin/cobot/cobot_ws/install/mycobot_320/share/mycobot_320/package.sh'
[7.701s] INFO:colcon.colcon_core.shell:Creating package script '/home/amin/cobot/cobot_ws/install/mycobot_320/share/mycobot_320/package.bash'
[7.702s] INFO:colcon.colcon_core.shell:Creating package script '/home/amin/cobot/cobot_ws/install/mycobot_320/share/mycobot_320/package.zsh'
[7.702s] Level 1:colcon.colcon_core.environment:create_file_with_runtime_dependencies(/home/amin/cobot/cobot_ws/install/mycobot_320/share/colcon-core/packages/mycobot_320)
[7.704s] DEBUG:colcon.colcon_core.event_handler.log_command:Invoking command in '/home/amin/cobot/cobot_ws/src/mycobot_ros2/mycobot_320/mycobot_320pi': AMENT_PREFIX_PATH=/home/amin/cobot/cobot_ws/install/mycobot_description:/home/amin/cobot/cobot_ws/install/ultraarm:/home/amin/cobot/cobot_ws/install/pro450_moveit2_control:/home/amin/cobot/cobot_ws/install/pro450_moveit2:/home/amin/cobot/cobot_ws/install/mypalletizer_communication:/home/amin/cobot/cobot_ws/install/mypalletizer_interfaces:/home/amin/cobot/cobot_ws/install/mypalletizer_260_pi:/home/amin/cobot/cobot_ws/install/mypalletizer_260:/home/amin/cobot/cobot_ws/install/mycobot_pro_450:/home/amin/cobot/cobot_ws/install/mycobot_pro450_interfaces:/home/amin/cobot/cobot_ws/install/myarm_m750:/home/amin/cobot/cobot_ws/install/myarm_c650:/home/amin/cobot/cobot_ws/install/mycobot_communication:/home/amin/cobot/cobot_ws/install/mecharm_communication:/home/amin/cobot/cobot_ws/install/mycobot_interfaces:/home/amin/cobot/cobot_ws/install/mycobot_630:/home/amin/cobot/cobot_ws/install/mycobot_600:/home/amin/cobot/cobot_ws/install/mycobot_320pi:/home/amin/cobot/cobot_ws/install/mycobot_320_riscv:/home/amin/cobot/cobot_ws/install/mycobot_320:/home/amin/cobot/cobot_ws/install/mycobot_280rdkx5_moveit2:/home/amin/cobot/cobot_ws/install/mycobot_280pi:/home/amin/cobot/cobot_ws/install/mycobot_280jn:/home/amin/cobot/cobot_ws/install/mycobot_280arduino_moveit2:/home/amin/cobot/cobot_ws/install/mycobot_280_x3pi:/home/amin/cobot/cobot_ws/install/mycobot_280_riscv:/home/amin/cobot/cobot_ws/install/mycobot_280_rdkx5:/home/amin/cobot/cobot_ws/install/mycobot_280_moveit2_control:/home/amin/cobot/cobot_ws/install/mycobot_280_moveit2:/home/amin/cobot/cobot_ws/install/mycobot_280_gazebo_jazzy:/home/amin/cobot/cobot_ws/install/mycobot_280_gazebo:/home/amin/cobot/cobot_ws/install/mycobot_280_arduino:/home/amin/cobot/cobot_ws/install/mycobot_280:/home/amin/cobot/cobot_ws/install/mybuddy:/home/amin/cobot/cobot_ws/install/myarm_300:/home/amin/cobot/cobot_ws/install/mecharm_pi:/home/amin/cobot/cobot_ws/install/mecharm:/home/amin/cobot/cobot_ws/install/mecharm_interfaces:/opt/ros/jazzy DEBUGINFOD_URLS=https://debuginfod.ubuntu.com PYTHONPATH=/home/amin/cobot/cobot_ws/build/mycobot_320pi/prefix_override:/usr/lib/python3/dist-packages/colcon_core/task/python/colcon_distutils_commands:/home/amin/cobot/cobot_ws/install/mycobot_320pi/lib/python3.12/site-packages:/home/amin/cobot/cobot_ws/install/mycobot_description/lib/python3.12/site-packages:/home/amin/cobot/cobot_ws/install/ultraarm/lib/python3.12/site-packages:/home/amin/cobot/cobot_ws/install/pro450_moveit2_control/lib/python3.12/site-packages:/home/amin/cobot/cobot_ws/install/mypalletizer_communication/lib/python3.12/site-packages:/home/amin/cobot/cobot_ws/install/mypalletizer_interfaces/lib/python3.12/site-packages:/home/amin/cobot/cobot_ws/install/mypalletizer_260_pi/lib/python3.12/site-packages:/home/amin/cobot/cobot_ws/install/mypalletizer_260/lib/python3.12/site-packages:/home/amin/cobot/cobot_ws/install/mycobot_pro_450/lib/python3.12/site-packages:/home/amin/cobot/cobot_ws/install/mycobot_pro450_interfaces/lib/python3.12/site-packages:/home/amin/cobot/cobot_ws/install/myarm_m750/lib/python3.12/site-packages:/home/amin/cobot/cobot_ws/install/myarm_c650/lib/python3.12/site-packages:/home/amin/cobot/cobot_ws/install/mycobot_communication/lib/python3.12/site-packages:/home/amin/cobot/cobot_ws/install/mecharm_communication/lib/python3.12/site-packages:/home/amin/cobot/cobot_ws/install/mycobot_interfaces/lib/python3.12/site-packages:/home/amin/cobot/cobot_ws/install/mycobot_630/lib/python3.12/site-packages:/home/amin/cobot/cobot_ws/install/mycobot_600/lib/python3.12/site-packages:/home/amin/cobot/cobot_ws/install/mycobot_320pi/lib/python3.12/site-packages:/home/amin/cobot/cobot_ws/install/mycobot_320_riscv/lib/python3.12/site-packages:/home/amin/cobot/cobot_ws/install/mycobot_320/lib/python3.12/site-packages:/home/amin/cobot/cobot_ws/install/mycobot_280pi/lib/python3.12/site-packages:/home/amin/cobot/cobot_ws/install/mycobot_280jn/lib/python3.12/site-packages:/home/amin/cobot/cobot_ws/install/mycobot_280_x3pi/lib/python3.12/site-packages:/home/amin/cobot/cobot_ws/install/mycobot_280_riscv/lib/python3.12/site-packages:/home/amin/cobot/cobot_ws/install/mycobot_280_rdkx5/lib/python3.12/site-packages:/home/amin/cobot/cobot_ws/install/mycobot_280_moveit2_control/lib/python3.12/site-packages:/home/amin/cobot/cobot_ws/install/mycobot_280_arduino/lib/python3.12/site-packages:/home/amin/cobot/cobot_ws/install/mycobot_280/lib/python3.12/site-packages:/home/amin/cobot/cobot_ws/install/mybuddy/lib/python3.12/site-packages:/home/amin/cobot/cobot_ws/install/myarm_300/lib/python3.12/site-packages:/home/amin/cobot/cobot_ws/install/mecharm_pi/lib/python3.12/site-packages:/home/amin/cobot/cobot_ws/install/mecharm/lib/python3.12/site-packages:/home/amin/cobot/cobot_ws/install/mecharm_interfaces/lib/python3.12/site-packages:/opt/ros/jazzy/lib/python3.12/site-packages /usr/bin/python3 -W ignore:setup.py install is deprecated -W ignore:easy_install command is deprecated setup.py egg_info --egg-base ../../../../build/mycobot_320pi build --build-base /home/amin/cobot/cobot_ws/build/mycobot_320pi/build install --record /home/amin/cobot/cobot_ws/build/mycobot_320pi/install.log --single-version-externally-managed install_data
[7.707s] DEBUG:colcon.colcon_core.event_handler.log_command:Invoking command in '/home/amin/cobot/cobot_ws/src/mycobot_ros2/mycobot_pro/mycobot_600': AMENT_PREFIX_PATH=/home/amin/cobot/cobot_ws/install/mycobot_description:/home/amin/cobot/cobot_ws/install/ultraarm:/home/amin/cobot/cobot_ws/install/pro450_moveit2_control:/home/amin/cobot/cobot_ws/install/pro450_moveit2:/home/amin/cobot/cobot_ws/install/mypalletizer_communication:/home/amin/cobot/cobot_ws/install/mypalletizer_interfaces:/home/amin/cobot/cobot_ws/install/mypalletizer_260_pi:/home/amin/cobot/cobot_ws/install/mypalletizer_260:/home/amin/cobot/cobot_ws/install/mycobot_pro_450:/home/amin/cobot/cobot_ws/install/mycobot_pro450_interfaces:/home/amin/cobot/cobot_ws/install/myarm_m750:/home/amin/cobot/cobot_ws/install/myarm_c650:/home/amin/cobot/cobot_ws/install/mycobot_communication:/home/amin/cobot/cobot_ws/install/mecharm_communication:/home/amin/cobot/cobot_ws/install/mycobot_interfaces:/home/amin/cobot/cobot_ws/install/mycobot_630:/home/amin/cobot/cobot_ws/install/mycobot_600:/home/amin/cobot/cobot_ws/install/mycobot_320pi:/home/amin/cobot/cobot_ws/install/mycobot_320_riscv:/home/amin/cobot/cobot_ws/install/mycobot_320:/home/amin/cobot/cobot_ws/install/mycobot_280rdkx5_moveit2:/home/amin/cobot/cobot_ws/install/mycobot_280pi:/home/amin/cobot/cobot_ws/install/mycobot_280jn:/home/amin/cobot/cobot_ws/install/mycobot_280arduino_moveit2:/home/amin/cobot/cobot_ws/install/mycobot_280_x3pi:/home/amin/cobot/cobot_ws/install/mycobot_280_riscv:/home/amin/cobot/cobot_ws/install/mycobot_280_rdkx5:/home/amin/cobot/cobot_ws/install/mycobot_280_moveit2_control:/home/amin/cobot/cobot_ws/install/mycobot_280_moveit2:/home/amin/cobot/cobot_ws/install/mycobot_280_gazebo_jazzy:/home/amin/cobot/cobot_ws/install/mycobot_280_gazebo:/home/amin/cobot/cobot_ws/install/mycobot_280_arduino:/home/amin/cobot/cobot_ws/install/mycobot_280:/home/amin/cobot/cobot_ws/install/mybuddy:/home/amin/cobot/cobot_ws/install/myarm_300:/home/amin/cobot/cobot_ws/install/mecharm_pi:/home/amin/cobot/cobot_ws/install/mecharm:/home/amin/cobot/cobot_ws/install/mecharm_interfaces:/opt/ros/jazzy DEBUGINFOD_URLS=https://debuginfod.ubuntu.com PYTHONPATH=/home/amin/cobot/cobot_ws/build/mycobot_600/prefix_override:/usr/lib/python3/dist-packages/colcon_core/task/python/colcon_distutils_commands:/home/amin/cobot/cobot_ws/install/mycobot_600/lib/python3.12/site-packages:/home/amin/cobot/cobot_ws/install/mycobot_description/lib/python3.12/site-packages:/home/amin/cobot/cobot_ws/install/ultraarm/lib/python3.12/site-packages:/home/amin/cobot/cobot_ws/install/pro450_moveit2_control/lib/python3.12/site-packages:/home/amin/cobot/cobot_ws/install/mypalletizer_communication/lib/python3.12/site-packages:/home/amin/cobot/cobot_ws/install/mypalletizer_interfaces/lib/python3.12/site-packages:/home/amin/cobot/cobot_ws/install/mypalletizer_260_pi/lib/python3.12/site-packages:/home/amin/cobot/cobot_ws/install/mypalletizer_260/lib/python3.12/site-packages:/home/amin/cobot/cobot_ws/install/mycobot_pro_450/lib/python3.12/site-packages:/home/amin/cobot/cobot_ws/install/mycobot_pro450_interfaces/lib/python3.12/site-packages:/home/amin/cobot/cobot_ws/install/myarm_m750/lib/python3.12/site-packages:/home/amin/cobot/cobot_ws/install/myarm_c650/lib/python3.12/site-packages:/home/amin/cobot/cobot_ws/install/mycobot_communication/lib/python3.12/site-packages:/home/amin/cobot/cobot_ws/install/mecharm_communication/lib/python3.12/site-packages:/home/amin/cobot/cobot_ws/install/mycobot_interfaces/lib/python3.12/site-packages:/home/amin/cobot/cobot_ws/install/mycobot_630/lib/python3.12/site-packages:/home/amin/cobot/cobot_ws/install/mycobot_600/lib/python3.12/site-packages:/home/amin/cobot/cobot_ws/install/mycobot_320pi/lib/python3.12/site-packages:/home/amin/cobot/cobot_ws/install/mycobot_320_riscv/lib/python3.12/site-packages:/home/amin/cobot/cobot_ws/install/mycobot_320/lib/python3.12/site-packages:/home/amin/cobot/cobot_ws/install/mycobot_280pi/lib/python3.12/site-packages:/home/amin/cobot/cobot_ws/install/mycobot_280jn/lib/python3.12/site-packages:/home/amin/cobot/cobot_ws/install/mycobot_280_x3pi/lib/python3.12/site-packages:/home/amin/cobot/cobot_ws/install/mycobot_280_riscv/lib/python3.12/site-packages:/home/amin/cobot/cobot_ws/install/mycobot_280_rdkx5/lib/python3.12/site-packages:/home/amin/cobot/cobot_ws/install/mycobot_280_moveit2_control/lib/python3.12/site-packages:/home/amin/cobot/cobot_ws/install/mycobot_280_arduino/lib/python3.12/site-packages:/home/amin/cobot/cobot_ws/install/mycobot_280/lib/python3.12/site-packages:/home/amin/cobot/cobot_ws/install/mybuddy/lib/python3.12/site-packages:/home/amin/cobot/cobot_ws/install/myarm_300/lib/python3.12/site-packages:/home/amin/cobot/cobot_ws/install/mecharm_pi/lib/python3.12/site-packages:/home/amin/cobot/cobot_ws/install/mecharm/lib/python3.12/site-packages:/home/amin/cobot/cobot_ws/install/mecharm_interfaces/lib/python3.12/site-packages:/opt/ros/jazzy/lib/python3.12/site-packages /usr/bin/python3 -W ignore:setup.py install is deprecated -W ignore:easy_install command is deprecated setup.py egg_info --egg-base ../../../../build/mycobot_600 build --build-base /home/amin/cobot/cobot_ws/build/mycobot_600/build install --record /home/amin/cobot/cobot_ws/build/mycobot_600/install.log --single-version-externally-managed install_data
[7.707s] INFO:colcon.colcon_ros.task.ament_python.build:Building ROS package in '/home/amin/cobot/cobot_ws/src/mycobot_ros2/mypalletizer_260/mypalletizer_260_pi' with build type 'ament_python'
[7.707s] Level 1:colcon.colcon_core.shell:create_environment_hook('mypalletizer_260_pi', 'ament_prefix_path')
[7.708s] INFO:colcon.colcon_core.shell:Creating environment hook '/home/amin/cobot/cobot_ws/install/mypalletizer_260_pi/share/mypalletizer_260_pi/hook/ament_prefix_path.ps1'
[7.708s] INFO:colcon.colcon_core.shell:Creating environment descriptor '/home/amin/cobot/cobot_ws/install/mypalletizer_260_pi/share/mypalletizer_260_pi/hook/ament_prefix_path.dsv'
[7.709s] INFO:colcon.colcon_core.shell:Creating environment hook '/home/amin/cobot/cobot_ws/install/mypalletizer_260_pi/share/mypalletizer_260_pi/hook/ament_prefix_path.sh'
[7.710s] INFO:colcon.colcon_core.shell:Skip shell extension 'powershell' for command environment: Not usable outside of PowerShell
[7.710s] DEBUG:colcon.colcon_core.shell:Skip shell extension 'dsv' for command environment
[7.718s] Level 1:colcon.colcon_core.environment:checking '/home/amin/cobot/cobot_ws/install/mycobot_280pi' for CMake module files
[7.719s] DEBUG:colcon.colcon_core.event_handler.log_command:Invoked command in '/home/amin/cobot/cobot_ws/src/mycobot_ros2/mycobot_280/mycobot_280pi' returned '0': AMENT_PREFIX_PATH=/home/amin/cobot/cobot_ws/install/mycobot_description:/home/amin/cobot/cobot_ws/install/ultraarm:/home/amin/cobot/cobot_ws/install/pro450_moveit2_control:/home/amin/cobot/cobot_ws/install/pro450_moveit2:/home/amin/cobot/cobot_ws/install/mypalletizer_communication:/home/amin/cobot/cobot_ws/install/mypalletizer_interfaces:/home/amin/cobot/cobot_ws/install/mypalletizer_260_pi:/home/amin/cobot/cobot_ws/install/mypalletizer_260:/home/amin/cobot/cobot_ws/install/mycobot_pro_450:/home/amin/cobot/cobot_ws/install/mycobot_pro450_interfaces:/home/amin/cobot/cobot_ws/install/myarm_m750:/home/amin/cobot/cobot_ws/install/myarm_c650:/home/amin/cobot/cobot_ws/install/mycobot_communication:/home/amin/cobot/cobot_ws/install/mecharm_communication:/home/amin/cobot/cobot_ws/install/mycobot_interfaces:/home/amin/cobot/cobot_ws/install/mycobot_630:/home/amin/cobot/cobot_ws/install/mycobot_600:/home/amin/cobot/cobot_ws/install/mycobot_320pi:/home/amin/cobot/cobot_ws/install/mycobot_320_riscv:/home/amin/cobot/cobot_ws/install/mycobot_320:/home/amin/cobot/cobot_ws/install/mycobot_280rdkx5_moveit2:/home/amin/cobot/cobot_ws/install/mycobot_280pi:/home/amin/cobot/cobot_ws/install/mycobot_280jn:/home/amin/cobot/cobot_ws/install/mycobot_280arduino_moveit2:/home/amin/cobot/cobot_ws/install/mycobot_280_x3pi:/home/amin/cobot/cobot_ws/install/mycobot_280_riscv:/home/amin/cobot/cobot_ws/install/mycobot_280_rdkx5:/home/amin/cobot/cobot_ws/install/mycobot_280_moveit2_control:/home/amin/cobot/cobot_ws/install/mycobot_280_moveit2:/home/amin/cobot/cobot_ws/install/mycobot_280_gazebo_jazzy:/home/amin/cobot/cobot_ws/install/mycobot_280_gazebo:/home/amin/cobot/cobot_ws/install/mycobot_280_arduino:/home/amin/cobot/cobot_ws/install/mycobot_280:/home/amin/cobot/cobot_ws/install/mybuddy:/home/amin/cobot/cobot_ws/install/myarm_300:/home/amin/cobot/cobot_ws/install/mecharm_pi:/home/amin/cobot/cobot_ws/install/mecharm:/home/amin/cobot/cobot_ws/install/mecharm_interfaces:/opt/ros/jazzy DEBUGINFOD_URLS=https://debuginfod.ubuntu.com PYTHONPATH=/home/amin/cobot/cobot_ws/build/mycobot_280pi/prefix_override:/usr/lib/python3/dist-packages/colcon_core/task/python/colcon_distutils_commands:/home/amin/cobot/cobot_ws/install/mycobot_280pi/lib/python3.12/site-packages:/home/amin/cobot/cobot_ws/install/mycobot_description/lib/python3.12/site-packages:/home/amin/cobot/cobot_ws/install/ultraarm/lib/python3.12/site-packages:/home/amin/cobot/cobot_ws/install/pro450_moveit2_control/lib/python3.12/site-packages:/home/amin/cobot/cobot_ws/install/mypalletizer_communication/lib/python3.12/site-packages:/home/amin/cobot/cobot_ws/install/mypalletizer_interfaces/lib/python3.12/site-packages:/home/amin/cobot/cobot_ws/install/mypalletizer_260_pi/lib/python3.12/site-packages:/home/amin/cobot/cobot_ws/install/mypalletizer_260/lib/python3.12/site-packages:/home/amin/cobot/cobot_ws/install/mycobot_pro_450/lib/python3.12/site-packages:/home/amin/cobot/cobot_ws/install/mycobot_pro450_interfaces/lib/python3.12/site-packages:/home/amin/cobot/cobot_ws/install/myarm_m750/lib/python3.12/site-packages:/home/amin/cobot/cobot_ws/install/myarm_c650/lib/python3.12/site-packages:/home/amin/cobot/cobot_ws/install/mycobot_communication/lib/python3.12/site-packages:/home/amin/cobot/cobot_ws/install/mecharm_communication/lib/python3.12/site-packages:/home/amin/cobot/cobot_ws/install/mycobot_interfaces/lib/python3.12/site-packages:/home/amin/cobot/cobot_ws/install/mycobot_630/lib/python3.12/site-packages:/home/amin/cobot/cobot_ws/install/mycobot_600/lib/python3.12/site-packages:/home/amin/cobot/cobot_ws/install/mycobot_320pi/lib/python3.12/site-packages:/home/amin/cobot/cobot_ws/install/mycobot_320_riscv/lib/python3.12/site-packages:/home/amin/cobot/cobot_ws/install/mycobot_320/lib/python3.12/site-packages:/home/amin/cobot/cobot_ws/install/mycobot_280pi/lib/python3.12/site-packages:/home/amin/cobot/cobot_ws/install/mycobot_280jn/lib/python3.12/site-packages:/home/amin/cobot/cobot_ws/install/mycobot_280_x3pi/lib/python3.12/site-packages:/home/amin/cobot/cobot_ws/install/mycobot_280_riscv/lib/python3.12/site-packages:/home/amin/cobot/cobot_ws/install/mycobot_280_rdkx5/lib/python3.12/site-packages:/home/amin/cobot/cobot_ws/install/mycobot_280_moveit2_control/lib/python3.12/site-packages:/home/amin/cobot/cobot_ws/install/mycobot_280_arduino/lib/python3.12/site-packages:/home/amin/cobot/cobot_ws/install/mycobot_280/lib/python3.12/site-packages:/home/amin/cobot/cobot_ws/install/mybuddy/lib/python3.12/site-packages:/home/amin/cobot/cobot_ws/install/myarm_300/lib/python3.12/site-packages:/home/amin/cobot/cobot_ws/install/mecharm_pi/lib/python3.12/site-packages:/home/amin/cobot/cobot_ws/install/mecharm/lib/python3.12/site-packages:/home/amin/cobot/cobot_ws/install/mecharm_interfaces/lib/python3.12/site-packages:/opt/ros/jazzy/lib/python3.12/site-packages /usr/bin/python3 -W ignore:setup.py install is deprecated -W ignore:easy_install command is deprecated setup.py egg_info --egg-base ../../../../build/mycobot_280pi build --build-base /home/amin/cobot/cobot_ws/build/mycobot_280pi/build install --record /home/amin/cobot/cobot_ws/build/mycobot_280pi/install.log --single-version-externally-managed install_data
[7.719s] Level 1:colcon.colcon_core.environment:checking '/home/amin/cobot/cobot_ws/install/mycobot_280pi' for CMake config files
[7.720s] Level 1:colcon.colcon_core.environment:checking '/home/amin/cobot/cobot_ws/install/mycobot_280pi/lib'
[7.720s] Level 1:colcon.colcon_core.environment:checking '/home/amin/cobot/cobot_ws/install/mycobot_280pi/bin'
[7.720s] Level 1:colcon.colcon_core.environment:checking '/home/amin/cobot/cobot_ws/install/mycobot_280pi/lib/pkgconfig/mycobot_280pi.pc'
[7.720s] Level 1:colcon.colcon_core.environment:checking '/home/amin/cobot/cobot_ws/install/mycobot_280pi/lib/python3.12/site-packages'
[7.721s] Level 1:colcon.colcon_core.shell:create_environment_hook('mycobot_280pi', 'pythonpath')
[7.721s] INFO:colcon.colcon_core.shell:Creating environment hook '/home/amin/cobot/cobot_ws/install/mycobot_280pi/share/mycobot_280pi/hook/pythonpath.ps1'
[7.721s] INFO:colcon.colcon_core.shell:Creating environment descriptor '/home/amin/cobot/cobot_ws/install/mycobot_280pi/share/mycobot_280pi/hook/pythonpath.dsv'
[7.722s] INFO:colcon.colcon_core.shell:Creating environment hook '/home/amin/cobot/cobot_ws/install/mycobot_280pi/share/mycobot_280pi/hook/pythonpath.sh'
[7.722s] Level 1:colcon.colcon_core.environment:checking '/home/amin/cobot/cobot_ws/install/mycobot_280pi/bin'
[7.722s] Level 1:colcon.colcon_core.environment:create_environment_scripts_only(mycobot_280pi)
[7.723s] INFO:colcon.colcon_core.shell:Creating package script '/home/amin/cobot/cobot_ws/install/mycobot_280pi/share/mycobot_280pi/package.ps1'
[7.724s] INFO:colcon.colcon_core.shell:Creating package descriptor '/home/amin/cobot/cobot_ws/install/mycobot_280pi/share/mycobot_280pi/package.dsv'
[7.725s] INFO:colcon.colcon_core.shell:Creating package script '/home/amin/cobot/cobot_ws/install/mycobot_280pi/share/mycobot_280pi/package.sh'
[7.725s] INFO:colcon.colcon_core.shell:Creating package script '/home/amin/cobot/cobot_ws/install/mycobot_280pi/share/mycobot_280pi/package.bash'
[7.726s] INFO:colcon.colcon_core.shell:Creating package script '/home/amin/cobot/cobot_ws/install/mycobot_280pi/share/mycobot_280pi/package.zsh'
[7.726s] Level 1:colcon.colcon_core.environment:create_file_with_runtime_dependencies(/home/amin/cobot/cobot_ws/install/mycobot_280pi/share/colcon-core/packages/mycobot_280pi)
[7.726s] INFO:colcon.colcon_ros.task.ament_cmake.build:Building ROS package in '/home/amin/cobot/cobot_ws/src/mycobot_ros2/mycobot_pro/pro450_moveit2' with build type 'ament_cmake'
[7.727s] INFO:colcon.colcon_cmake.task.cmake.build:Building CMake package in '/home/amin/cobot/cobot_ws/src/mycobot_ros2/mycobot_pro/pro450_moveit2'
[7.727s] INFO:colcon.colcon_core.shell:Skip shell extension 'powershell' for command environment: Not usable outside of PowerShell
[7.727s] DEBUG:colcon.colcon_core.shell:Skip shell extension 'dsv' for command environment
[7.947s] INFO:colcon.colcon_core.task.python.build:Building Python package in '/home/amin/cobot/cobot_ws/src/mycobot_ros2/mypalletizer_260/mypalletizer_260_pi'
[7.947s] INFO:colcon.colcon_core.shell:Skip shell extension 'powershell' for command environment: Not usable outside of PowerShell
[7.947s] DEBUG:colcon.colcon_core.shell:Skip shell extension 'dsv' for command environment
[7.957s] DEBUG:colcon.colcon_core.event_handler.log_command:Invoking command in '/home/amin/cobot/cobot_ws/build/pro450_moveit2': AMENT_PREFIX_PATH=/home/amin/cobot/cobot_ws/install/mycobot_description:/home/amin/cobot/cobot_ws/install/ultraarm:/home/amin/cobot/cobot_ws/install/pro450_moveit2_control:/home/amin/cobot/cobot_ws/install/pro450_moveit2:/home/amin/cobot/cobot_ws/install/mypalletizer_communication:/home/amin/cobot/cobot_ws/install/mypalletizer_interfaces:/home/amin/cobot/cobot_ws/install/mypalletizer_260_pi:/home/amin/cobot/cobot_ws/install/mypalletizer_260:/home/amin/cobot/cobot_ws/install/mycobot_pro_450:/home/amin/cobot/cobot_ws/install/mycobot_pro450_interfaces:/home/amin/cobot/cobot_ws/install/myarm_m750:/home/amin/cobot/cobot_ws/install/myarm_c650:/home/amin/cobot/cobot_ws/install/mycobot_communication:/home/amin/cobot/cobot_ws/install/mecharm_communication:/home/amin/cobot/cobot_ws/install/mycobot_interfaces:/home/amin/cobot/cobot_ws/install/mycobot_630:/home/amin/cobot/cobot_ws/install/mycobot_600:/home/amin/cobot/cobot_ws/install/mycobot_320pi:/home/amin/cobot/cobot_ws/install/mycobot_320_riscv:/home/amin/cobot/cobot_ws/install/mycobot_320:/home/amin/cobot/cobot_ws/install/mycobot_280rdkx5_moveit2:/home/amin/cobot/cobot_ws/install/mycobot_280pi:/home/amin/cobot/cobot_ws/install/mycobot_280jn:/home/amin/cobot/cobot_ws/install/mycobot_280arduino_moveit2:/home/amin/cobot/cobot_ws/install/mycobot_280_x3pi:/home/amin/cobot/cobot_ws/install/mycobot_280_riscv:/home/amin/cobot/cobot_ws/install/mycobot_280_rdkx5:/home/amin/cobot/cobot_ws/install/mycobot_280_moveit2_control:/home/amin/cobot/cobot_ws/install/mycobot_280_moveit2:/home/amin/cobot/cobot_ws/install/mycobot_280_gazebo_jazzy:/home/amin/cobot/cobot_ws/install/mycobot_280_gazebo:/home/amin/cobot/cobot_ws/install/mycobot_280_arduino:/home/amin/cobot/cobot_ws/install/mycobot_280:/home/amin/cobot/cobot_ws/install/mybuddy:/home/amin/cobot/cobot_ws/install/myarm_300:/home/amin/cobot/cobot_ws/install/mecharm_pi:/home/amin/cobot/cobot_ws/install/mecharm:/home/amin/cobot/cobot_ws/install/mecharm_interfaces:/opt/ros/jazzy CMAKE_PREFIX_PATH=${CMAKE_PREFIX_PATH}:/home/amin/cobot/cobot_ws/install/ultraarm:/home/amin/cobot/cobot_ws/install/pro450_moveit2_control:/home/amin/cobot/cobot_ws/install/mypalletizer_communication:/home/amin/cobot/cobot_ws/install/mypalletizer_260_pi:/home/amin/cobot/cobot_ws/install/mypalletizer_260:/home/amin/cobot/cobot_ws/install/mycobot_pro_450:/home/amin/cobot/cobot_ws/install/myarm_m750:/home/amin/cobot/cobot_ws/install/myarm_c650:/home/amin/cobot/cobot_ws/install/mycobot_communication:/home/amin/cobot/cobot_ws/install/mecharm_communication:/home/amin/cobot/cobot_ws/install/mycobot_630:/home/amin/cobot/cobot_ws/install/mycobot_600:/home/amin/cobot/cobot_ws/install/mycobot_320pi:/home/amin/cobot/cobot_ws/install/mycobot_320_riscv:/home/amin/cobot/cobot_ws/install/mycobot_320:/home/amin/cobot/cobot_ws/install/mycobot_280pi:/home/amin/cobot/cobot_ws/install/mycobot_280jn:/home/amin/cobot/cobot_ws/install/mycobot_280_x3pi:/home/amin/cobot/cobot_ws/install/mycobot_280_riscv:/home/amin/cobot/cobot_ws/install/mycobot_280_rdkx5:/home/amin/cobot/cobot_ws/install/mycobot_280_moveit2_control:/home/amin/cobot/cobot_ws/install/mycobot_280_arduino:/home/amin/cobot/cobot_ws/install/mycobot_280:/home/amin/cobot/cobot_ws/install/mybuddy:/home/amin/cobot/cobot_ws/install/myarm_300:/home/amin/cobot/cobot_ws/install/mecharm_pi:/home/amin/cobot/cobot_ws/install/mecharm:/home/amin/cobot/cobot_ws/install/mycobot_description:/opt/ros/jazzy DEBUGINFOD_URLS=https://debuginfod.ubuntu.com PYTHONPATH=/home/amin/cobot/cobot_ws/install/mycobot_description/lib/python3.12/site-packages:/home/amin/cobot/cobot_ws/install/ultraarm/lib/python3.12/site-packages:/home/amin/cobot/cobot_ws/install/pro450_moveit2_control/lib/python3.12/site-packages:/home/amin/cobot/cobot_ws/install/mypalletizer_communication/lib/python3.12/site-packages:/home/amin/cobot/cobot_ws/install/mypalletizer_interfaces/lib/python3.12/site-packages:/home/amin/cobot/cobot_ws/install/mypalletizer_260_pi/lib/python3.12/site-packages:/home/amin/cobot/cobot_ws/install/mypalletizer_260/lib/python3.12/site-packages:/home/amin/cobot/cobot_ws/install/mycobot_pro_450/lib/python3.12/site-packages:/home/amin/cobot/cobot_ws/install/mycobot_pro450_interfaces/lib/python3.12/site-packages:/home/amin/cobot/cobot_ws/install/myarm_m750/lib/python3.12/site-packages:/home/amin/cobot/cobot_ws/install/myarm_c650/lib/python3.12/site-packages:/home/amin/cobot/cobot_ws/install/mycobot_communication/lib/python3.12/site-packages:/home/amin/cobot/cobot_ws/install/mecharm_communication/lib/python3.12/site-packages:/home/amin/cobot/cobot_ws/install/mycobot_interfaces/lib/python3.12/site-packages:/home/amin/cobot/cobot_ws/install/mycobot_630/lib/python3.12/site-packages:/home/amin/cobot/cobot_ws/install/mycobot_600/lib/python3.12/site-packages:/home/amin/cobot/cobot_ws/install/mycobot_320pi/lib/python3.12/site-packages:/home/amin/cobot/cobot_ws/install/mycobot_320_riscv/lib/python3.12/site-packages:/home/amin/cobot/cobot_ws/install/mycobot_320/lib/python3.12/site-packages:/home/amin/cobot/cobot_ws/install/mycobot_280pi/lib/python3.12/site-packages:/home/amin/cobot/cobot_ws/install/mycobot_280jn/lib/python3.12/site-packages:/home/amin/cobot/cobot_ws/install/mycobot_280_x3pi/lib/python3.12/site-packages:/home/amin/cobot/cobot_ws/install/mycobot_280_riscv/lib/python3.12/site-packages:/home/amin/cobot/cobot_ws/install/mycobot_280_rdkx5/lib/python3.12/site-packages:/home/amin/cobot/cobot_ws/install/mycobot_280_moveit2_control/lib/python3.12/site-packages:/home/amin/cobot/cobot_ws/install/mycobot_280_arduino/lib/python3.12/site-packages:/home/amin/cobot/cobot_ws/install/mycobot_280/lib/python3.12/site-packages:/home/amin/cobot/cobot_ws/install/mybuddy/lib/python3.12/site-packages:/home/amin/cobot/cobot_ws/install/myarm_300/lib/python3.12/site-packages:/home/amin/cobot/cobot_ws/install/mecharm_pi/lib/python3.12/site-packages:/home/amin/cobot/cobot_ws/install/mecharm/lib/python3.12/site-packages:/home/amin/cobot/cobot_ws/install/mecharm_interfaces/lib/python3.12/site-packages:/opt/ros/jazzy/lib/python3.12/site-packages /usr/bin/cmake --build /home/amin/cobot/cobot_ws/build/pro450_moveit2 -- -j8 -l8
[7.959s] DEBUG:colcon.colcon_core.event_handler.log_command:Invoking command in '/home/amin/cobot/cobot_ws/src/mycobot_ros2/mycobot_pro/mycobot_630': AMENT_PREFIX_PATH=/home/amin/cobot/cobot_ws/install/mycobot_description:/home/amin/cobot/cobot_ws/install/ultraarm:/home/amin/cobot/cobot_ws/install/pro450_moveit2_control:/home/amin/cobot/cobot_ws/install/pro450_moveit2:/home/amin/cobot/cobot_ws/install/mypalletizer_communication:/home/amin/cobot/cobot_ws/install/mypalletizer_interfaces:/home/amin/cobot/cobot_ws/install/mypalletizer_260_pi:/home/amin/cobot/cobot_ws/install/mypalletizer_260:/home/amin/cobot/cobot_ws/install/mycobot_pro_450:/home/amin/cobot/cobot_ws/install/mycobot_pro450_interfaces:/home/amin/cobot/cobot_ws/install/myarm_m750:/home/amin/cobot/cobot_ws/install/myarm_c650:/home/amin/cobot/cobot_ws/install/mycobot_communication:/home/amin/cobot/cobot_ws/install/mecharm_communication:/home/amin/cobot/cobot_ws/install/mycobot_interfaces:/home/amin/cobot/cobot_ws/install/mycobot_630:/home/amin/cobot/cobot_ws/install/mycobot_600:/home/amin/cobot/cobot_ws/install/mycobot_320pi:/home/amin/cobot/cobot_ws/install/mycobot_320_riscv:/home/amin/cobot/cobot_ws/install/mycobot_320:/home/amin/cobot/cobot_ws/install/mycobot_280rdkx5_moveit2:/home/amin/cobot/cobot_ws/install/mycobot_280pi:/home/amin/cobot/cobot_ws/install/mycobot_280jn:/home/amin/cobot/cobot_ws/install/mycobot_280arduino_moveit2:/home/amin/cobot/cobot_ws/install/mycobot_280_x3pi:/home/amin/cobot/cobot_ws/install/mycobot_280_riscv:/home/amin/cobot/cobot_ws/install/mycobot_280_rdkx5:/home/amin/cobot/cobot_ws/install/mycobot_280_moveit2_control:/home/amin/cobot/cobot_ws/install/mycobot_280_moveit2:/home/amin/cobot/cobot_ws/install/mycobot_280_gazebo_jazzy:/home/amin/cobot/cobot_ws/install/mycobot_280_gazebo:/home/amin/cobot/cobot_ws/install/mycobot_280_arduino:/home/amin/cobot/cobot_ws/install/mycobot_280:/home/amin/cobot/cobot_ws/install/mybuddy:/home/amin/cobot/cobot_ws/install/myarm_300:/home/amin/cobot/cobot_ws/install/mecharm_pi:/home/amin/cobot/cobot_ws/install/mecharm:/home/amin/cobot/cobot_ws/install/mecharm_interfaces:/opt/ros/jazzy DEBUGINFOD_URLS=https://debuginfod.ubuntu.com PYTHONPATH=/home/amin/cobot/cobot_ws/build/mycobot_630/prefix_override:/usr/lib/python3/dist-packages/colcon_core/task/python/colcon_distutils_commands:/home/amin/cobot/cobot_ws/install/mycobot_630/lib/python3.12/site-packages:/home/amin/cobot/cobot_ws/install/mycobot_description/lib/python3.12/site-packages:/home/amin/cobot/cobot_ws/install/ultraarm/lib/python3.12/site-packages:/home/amin/cobot/cobot_ws/install/pro450_moveit2_control/lib/python3.12/site-packages:/home/amin/cobot/cobot_ws/install/mypalletizer_communication/lib/python3.12/site-packages:/home/amin/cobot/cobot_ws/install/mypalletizer_interfaces/lib/python3.12/site-packages:/home/amin/cobot/cobot_ws/install/mypalletizer_260_pi/lib/python3.12/site-packages:/home/amin/cobot/cobot_ws/install/mypalletizer_260/lib/python3.12/site-packages:/home/amin/cobot/cobot_ws/install/mycobot_pro_450/lib/python3.12/site-packages:/home/amin/cobot/cobot_ws/install/mycobot_pro450_interfaces/lib/python3.12/site-packages:/home/amin/cobot/cobot_ws/install/myarm_m750/lib/python3.12/site-packages:/home/amin/cobot/cobot_ws/install/myarm_c650/lib/python3.12/site-packages:/home/amin/cobot/cobot_ws/install/mycobot_communication/lib/python3.12/site-packages:/home/amin/cobot/cobot_ws/install/mecharm_communication/lib/python3.12/site-packages:/home/amin/cobot/cobot_ws/install/mycobot_interfaces/lib/python3.12/site-packages:/home/amin/cobot/cobot_ws/install/mycobot_630/lib/python3.12/site-packages:/home/amin/cobot/cobot_ws/install/mycobot_600/lib/python3.12/site-packages:/home/amin/cobot/cobot_ws/install/mycobot_320pi/lib/python3.12/site-packages:/home/amin/cobot/cobot_ws/install/mycobot_320_riscv/lib/python3.12/site-packages:/home/amin/cobot/cobot_ws/install/mycobot_320/lib/python3.12/site-packages:/home/amin/cobot/cobot_ws/install/mycobot_280pi/lib/python3.12/site-packages:/home/amin/cobot/cobot_ws/install/mycobot_280jn/lib/python3.12/site-packages:/home/amin/cobot/cobot_ws/install/mycobot_280_x3pi/lib/python3.12/site-packages:/home/amin/cobot/cobot_ws/install/mycobot_280_riscv/lib/python3.12/site-packages:/home/amin/cobot/cobot_ws/install/mycobot_280_rdkx5/lib/python3.12/site-packages:/home/amin/cobot/cobot_ws/install/mycobot_280_moveit2_control/lib/python3.12/site-packages:/home/amin/cobot/cobot_ws/install/mycobot_280_arduino/lib/python3.12/site-packages:/home/amin/cobot/cobot_ws/install/mycobot_280/lib/python3.12/site-packages:/home/amin/cobot/cobot_ws/install/mybuddy/lib/python3.12/site-packages:/home/amin/cobot/cobot_ws/install/myarm_300/lib/python3.12/site-packages:/home/amin/cobot/cobot_ws/install/mecharm_pi/lib/python3.12/site-packages:/home/amin/cobot/cobot_ws/install/mecharm/lib/python3.12/site-packages:/home/amin/cobot/cobot_ws/install/mecharm_interfaces/lib/python3.12/site-packages:/opt/ros/jazzy/lib/python3.12/site-packages /usr/bin/python3 -W ignore:setup.py install is deprecated -W ignore:easy_install command is deprecated setup.py egg_info --egg-base ../../../../build/mycobot_630 build --build-base /home/amin/cobot/cobot_ws/build/mycobot_630/build install --record /home/amin/cobot/cobot_ws/build/mycobot_630/install.log --single-version-externally-managed install_data
[7.960s] Level 1:colcon.colcon_core.environment:checking '/home/amin/cobot/cobot_ws/install/mycobot_320_riscv' for CMake module files
[7.961s] Level 1:colcon.colcon_core.environment:checking '/home/amin/cobot/cobot_ws/install/mycobot_320_riscv' for CMake config files
[7.961s] DEBUG:colcon.colcon_core.event_handler.log_command:Invoking command in '/home/amin/cobot/cobot_ws/src/mycobot_ros2/mycobot_pro/mycobot_pro_450': AMENT_PREFIX_PATH=/home/amin/cobot/cobot_ws/install/mycobot_description:/home/amin/cobot/cobot_ws/install/ultraarm:/home/amin/cobot/cobot_ws/install/pro450_moveit2_control:/home/amin/cobot/cobot_ws/install/pro450_moveit2:/home/amin/cobot/cobot_ws/install/mypalletizer_communication:/home/amin/cobot/cobot_ws/install/mypalletizer_interfaces:/home/amin/cobot/cobot_ws/install/mypalletizer_260_pi:/home/amin/cobot/cobot_ws/install/mypalletizer_260:/home/amin/cobot/cobot_ws/install/mycobot_pro_450:/home/amin/cobot/cobot_ws/install/mycobot_pro450_interfaces:/home/amin/cobot/cobot_ws/install/myarm_m750:/home/amin/cobot/cobot_ws/install/myarm_c650:/home/amin/cobot/cobot_ws/install/mycobot_communication:/home/amin/cobot/cobot_ws/install/mecharm_communication:/home/amin/cobot/cobot_ws/install/mycobot_interfaces:/home/amin/cobot/cobot_ws/install/mycobot_630:/home/amin/cobot/cobot_ws/install/mycobot_600:/home/amin/cobot/cobot_ws/install/mycobot_320pi:/home/amin/cobot/cobot_ws/install/mycobot_320_riscv:/home/amin/cobot/cobot_ws/install/mycobot_320:/home/amin/cobot/cobot_ws/install/mycobot_280rdkx5_moveit2:/home/amin/cobot/cobot_ws/install/mycobot_280pi:/home/amin/cobot/cobot_ws/install/mycobot_280jn:/home/amin/cobot/cobot_ws/install/mycobot_280arduino_moveit2:/home/amin/cobot/cobot_ws/install/mycobot_280_x3pi:/home/amin/cobot/cobot_ws/install/mycobot_280_riscv:/home/amin/cobot/cobot_ws/install/mycobot_280_rdkx5:/home/amin/cobot/cobot_ws/install/mycobot_280_moveit2_control:/home/amin/cobot/cobot_ws/install/mycobot_280_moveit2:/home/amin/cobot/cobot_ws/install/mycobot_280_gazebo_jazzy:/home/amin/cobot/cobot_ws/install/mycobot_280_gazebo:/home/amin/cobot/cobot_ws/install/mycobot_280_arduino:/home/amin/cobot/cobot_ws/install/mycobot_280:/home/amin/cobot/cobot_ws/install/mybuddy:/home/amin/cobot/cobot_ws/install/myarm_300:/home/amin/cobot/cobot_ws/install/mecharm_pi:/home/amin/cobot/cobot_ws/install/mecharm:/home/amin/cobot/cobot_ws/install/mecharm_interfaces:/opt/ros/jazzy DEBUGINFOD_URLS=https://debuginfod.ubuntu.com PYTHONPATH=/home/amin/cobot/cobot_ws/build/mycobot_pro_450/prefix_override:/usr/lib/python3/dist-packages/colcon_core/task/python/colcon_distutils_commands:/home/amin/cobot/cobot_ws/install/mycobot_pro_450/lib/python3.12/site-packages:/home/amin/cobot/cobot_ws/install/mycobot_description/lib/python3.12/site-packages:/home/amin/cobot/cobot_ws/install/ultraarm/lib/python3.12/site-packages:/home/amin/cobot/cobot_ws/install/pro450_moveit2_control/lib/python3.12/site-packages:/home/amin/cobot/cobot_ws/install/mypalletizer_communication/lib/python3.12/site-packages:/home/amin/cobot/cobot_ws/install/mypalletizer_interfaces/lib/python3.12/site-packages:/home/amin/cobot/cobot_ws/install/mypalletizer_260_pi/lib/python3.12/site-packages:/home/amin/cobot/cobot_ws/install/mypalletizer_260/lib/python3.12/site-packages:/home/amin/cobot/cobot_ws/install/mycobot_pro_450/lib/python3.12/site-packages:/home/amin/cobot/cobot_ws/install/mycobot_pro450_interfaces/lib/python3.12/site-packages:/home/amin/cobot/cobot_ws/install/myarm_m750/lib/python3.12/site-packages:/home/amin/cobot/cobot_ws/install/myarm_c650/lib/python3.12/site-packages:/home/amin/cobot/cobot_ws/install/mycobot_communication/lib/python3.12/site-packages:/home/amin/cobot/cobot_ws/install/mecharm_communication/lib/python3.12/site-packages:/home/amin/cobot/cobot_ws/install/mycobot_interfaces/lib/python3.12/site-packages:/home/amin/cobot/cobot_ws/install/mycobot_630/lib/python3.12/site-packages:/home/amin/cobot/cobot_ws/install/mycobot_600/lib/python3.12/site-packages:/home/amin/cobot/cobot_ws/install/mycobot_320pi/lib/python3.12/site-packages:/home/amin/cobot/cobot_ws/install/mycobot_320_riscv/lib/python3.12/site-packages:/home/amin/cobot/cobot_ws/install/mycobot_320/lib/python3.12/site-packages:/home/amin/cobot/cobot_ws/install/mycobot_280pi/lib/python3.12/site-packages:/home/amin/cobot/cobot_ws/install/mycobot_280jn/lib/python3.12/site-packages:/home/amin/cobot/cobot_ws/install/mycobot_280_x3pi/lib/python3.12/site-packages:/home/amin/cobot/cobot_ws/install/mycobot_280_riscv/lib/python3.12/site-packages:/home/amin/cobot/cobot_ws/install/mycobot_280_rdkx5/lib/python3.12/site-packages:/home/amin/cobot/cobot_ws/install/mycobot_280_moveit2_control/lib/python3.12/site-packages:/home/amin/cobot/cobot_ws/install/mycobot_280_arduino/lib/python3.12/site-packages:/home/amin/cobot/cobot_ws/install/mycobot_280/lib/python3.12/site-packages:/home/amin/cobot/cobot_ws/install/mybuddy/lib/python3.12/site-packages:/home/amin/cobot/cobot_ws/install/myarm_300/lib/python3.12/site-packages:/home/amin/cobot/cobot_ws/install/mecharm_pi/lib/python3.12/site-packages:/home/amin/cobot/cobot_ws/install/mecharm/lib/python3.12/site-packages:/home/amin/cobot/cobot_ws/install/mecharm_interfaces/lib/python3.12/site-packages:/opt/ros/jazzy/lib/python3.12/site-packages /usr/bin/python3 -W ignore:setup.py install is deprecated -W ignore:easy_install command is deprecated setup.py egg_info --egg-base ../../../../build/mycobot_pro_450 build --build-base /home/amin/cobot/cobot_ws/build/mycobot_pro_450/build install --record /home/amin/cobot/cobot_ws/build/mycobot_pro_450/install.log --single-version-externally-managed install_data
[7.962s] Level 1:colcon.colcon_core.environment:checking '/home/amin/cobot/cobot_ws/install/mycobot_320_riscv/lib'
[7.962s] Level 1:colcon.colcon_core.environment:checking '/home/amin/cobot/cobot_ws/install/mycobot_320_riscv/bin'
[7.962s] DEBUG:colcon.colcon_core.event_handler.log_command:Invoked command in '/home/amin/cobot/cobot_ws/src/mycobot_ros2/mycobot_320/mycobot_320_riscv' returned '0': AMENT_PREFIX_PATH=/home/amin/cobot/cobot_ws/install/mycobot_description:/home/amin/cobot/cobot_ws/install/ultraarm:/home/amin/cobot/cobot_ws/install/pro450_moveit2_control:/home/amin/cobot/cobot_ws/install/pro450_moveit2:/home/amin/cobot/cobot_ws/install/mypalletizer_communication:/home/amin/cobot/cobot_ws/install/mypalletizer_interfaces:/home/amin/cobot/cobot_ws/install/mypalletizer_260_pi:/home/amin/cobot/cobot_ws/install/mypalletizer_260:/home/amin/cobot/cobot_ws/install/mycobot_pro_450:/home/amin/cobot/cobot_ws/install/mycobot_pro450_interfaces:/home/amin/cobot/cobot_ws/install/myarm_m750:/home/amin/cobot/cobot_ws/install/myarm_c650:/home/amin/cobot/cobot_ws/install/mycobot_communication:/home/amin/cobot/cobot_ws/install/mecharm_communication:/home/amin/cobot/cobot_ws/install/mycobot_interfaces:/home/amin/cobot/cobot_ws/install/mycobot_630:/home/amin/cobot/cobot_ws/install/mycobot_600:/home/amin/cobot/cobot_ws/install/mycobot_320pi:/home/amin/cobot/cobot_ws/install/mycobot_320_riscv:/home/amin/cobot/cobot_ws/install/mycobot_320:/home/amin/cobot/cobot_ws/install/mycobot_280rdkx5_moveit2:/home/amin/cobot/cobot_ws/install/mycobot_280pi:/home/amin/cobot/cobot_ws/install/mycobot_280jn:/home/amin/cobot/cobot_ws/install/mycobot_280arduino_moveit2:/home/amin/cobot/cobot_ws/install/mycobot_280_x3pi:/home/amin/cobot/cobot_ws/install/mycobot_280_riscv:/home/amin/cobot/cobot_ws/install/mycobot_280_rdkx5:/home/amin/cobot/cobot_ws/install/mycobot_280_moveit2_control:/home/amin/cobot/cobot_ws/install/mycobot_280_moveit2:/home/amin/cobot/cobot_ws/install/mycobot_280_gazebo_jazzy:/home/amin/cobot/cobot_ws/install/mycobot_280_gazebo:/home/amin/cobot/cobot_ws/install/mycobot_280_arduino:/home/amin/cobot/cobot_ws/install/mycobot_280:/home/amin/cobot/cobot_ws/install/mybuddy:/home/amin/cobot/cobot_ws/install/myarm_300:/home/amin/cobot/cobot_ws/install/mecharm_pi:/home/amin/cobot/cobot_ws/install/mecharm:/home/amin/cobot/cobot_ws/install/mecharm_interfaces:/opt/ros/jazzy DEBUGINFOD_URLS=https://debuginfod.ubuntu.com PYTHONPATH=/home/amin/cobot/cobot_ws/build/mycobot_320_riscv/prefix_override:/usr/lib/python3/dist-packages/colcon_core/task/python/colcon_distutils_commands:/home/amin/cobot/cobot_ws/install/mycobot_320_riscv/lib/python3.12/site-packages:/home/amin/cobot/cobot_ws/install/mycobot_description/lib/python3.12/site-packages:/home/amin/cobot/cobot_ws/install/ultraarm/lib/python3.12/site-packages:/home/amin/cobot/cobot_ws/install/pro450_moveit2_control/lib/python3.12/site-packages:/home/amin/cobot/cobot_ws/install/mypalletizer_communication/lib/python3.12/site-packages:/home/amin/cobot/cobot_ws/install/mypalletizer_interfaces/lib/python3.12/site-packages:/home/amin/cobot/cobot_ws/install/mypalletizer_260_pi/lib/python3.12/site-packages:/home/amin/cobot/cobot_ws/install/mypalletizer_260/lib/python3.12/site-packages:/home/amin/cobot/cobot_ws/install/mycobot_pro_450/lib/python3.12/site-packages:/home/amin/cobot/cobot_ws/install/mycobot_pro450_interfaces/lib/python3.12/site-packages:/home/amin/cobot/cobot_ws/install/myarm_m750/lib/python3.12/site-packages:/home/amin/cobot/cobot_ws/install/myarm_c650/lib/python3.12/site-packages:/home/amin/cobot/cobot_ws/install/mycobot_communication/lib/python3.12/site-packages:/home/amin/cobot/cobot_ws/install/mecharm_communication/lib/python3.12/site-packages:/home/amin/cobot/cobot_ws/install/mycobot_interfaces/lib/python3.12/site-packages:/home/amin/cobot/cobot_ws/install/mycobot_630/lib/python3.12/site-packages:/home/amin/cobot/cobot_ws/install/mycobot_600/lib/python3.12/site-packages:/home/amin/cobot/cobot_ws/install/mycobot_320pi/lib/python3.12/site-packages:/home/amin/cobot/cobot_ws/install/mycobot_320_riscv/lib/python3.12/site-packages:/home/amin/cobot/cobot_ws/install/mycobot_320/lib/python3.12/site-packages:/home/amin/cobot/cobot_ws/install/mycobot_280pi/lib/python3.12/site-packages:/home/amin/cobot/cobot_ws/install/mycobot_280jn/lib/python3.12/site-packages:/home/amin/cobot/cobot_ws/install/mycobot_280_x3pi/lib/python3.12/site-packages:/home/amin/cobot/cobot_ws/install/mycobot_280_riscv/lib/python3.12/site-packages:/home/amin/cobot/cobot_ws/install/mycobot_280_rdkx5/lib/python3.12/site-packages:/home/amin/cobot/cobot_ws/install/mycobot_280_moveit2_control/lib/python3.12/site-packages:/home/amin/cobot/cobot_ws/install/mycobot_280_arduino/lib/python3.12/site-packages:/home/amin/cobot/cobot_ws/install/mycobot_280/lib/python3.12/site-packages:/home/amin/cobot/cobot_ws/install/mybuddy/lib/python3.12/site-packages:/home/amin/cobot/cobot_ws/install/myarm_300/lib/python3.12/site-packages:/home/amin/cobot/cobot_ws/install/mecharm_pi/lib/python3.12/site-packages:/home/amin/cobot/cobot_ws/install/mecharm/lib/python3.12/site-packages:/home/amin/cobot/cobot_ws/install/mecharm_interfaces/lib/python3.12/site-packages:/opt/ros/jazzy/lib/python3.12/site-packages /usr/bin/python3 -W ignore:setup.py install is deprecated -W ignore:easy_install command is deprecated setup.py egg_info --egg-base ../../../../build/mycobot_320_riscv build --build-base /home/amin/cobot/cobot_ws/build/mycobot_320_riscv/build install --record /home/amin/cobot/cobot_ws/build/mycobot_320_riscv/install.log --single-version-externally-managed install_data
[7.962s] Level 1:colcon.colcon_core.environment:checking '/home/amin/cobot/cobot_ws/install/mycobot_320_riscv/lib/pkgconfig/mycobot_320_riscv.pc'
[7.963s] Level 1:colcon.colcon_core.environment:checking '/home/amin/cobot/cobot_ws/install/mycobot_320_riscv/lib/python3.12/site-packages'
[7.963s] Level 1:colcon.colcon_core.shell:create_environment_hook('mycobot_320_riscv', 'pythonpath')
[7.963s] INFO:colcon.colcon_core.shell:Creating environment hook '/home/amin/cobot/cobot_ws/install/mycobot_320_riscv/share/mycobot_320_riscv/hook/pythonpath.ps1'
[7.963s] INFO:colcon.colcon_core.shell:Creating environment descriptor '/home/amin/cobot/cobot_ws/install/mycobot_320_riscv/share/mycobot_320_riscv/hook/pythonpath.dsv'
[7.964s] INFO:colcon.colcon_core.shell:Creating environment hook '/home/amin/cobot/cobot_ws/install/mycobot_320_riscv/share/mycobot_320_riscv/hook/pythonpath.sh'
[7.964s] Level 1:colcon.colcon_core.environment:checking '/home/amin/cobot/cobot_ws/install/mycobot_320_riscv/bin'
[7.964s] Level 1:colcon.colcon_core.environment:create_environment_scripts_only(mycobot_320_riscv)
[7.965s] INFO:colcon.colcon_core.shell:Creating package script '/home/amin/cobot/cobot_ws/install/mycobot_320_riscv/share/mycobot_320_riscv/package.ps1'
[7.965s] INFO:colcon.colcon_core.shell:Creating package descriptor '/home/amin/cobot/cobot_ws/install/mycobot_320_riscv/share/mycobot_320_riscv/package.dsv'
[7.966s] INFO:colcon.colcon_core.shell:Creating package script '/home/amin/cobot/cobot_ws/install/mycobot_320_riscv/share/mycobot_320_riscv/package.sh'
[7.966s] INFO:colcon.colcon_core.shell:Creating package script '/home/amin/cobot/cobot_ws/install/mycobot_320_riscv/share/mycobot_320_riscv/package.bash'
[7.966s] INFO:colcon.colcon_core.shell:Creating package script '/home/amin/cobot/cobot_ws/install/mycobot_320_riscv/share/mycobot_320_riscv/package.zsh'
[7.967s] Level 1:colcon.colcon_core.environment:create_file_with_runtime_dependencies(/home/amin/cobot/cobot_ws/install/mycobot_320_riscv/share/colcon-core/packages/mycobot_320_riscv)
[7.967s] INFO:colcon.colcon_ros.task.ament_python.build:Building ROS package in '/home/amin/cobot/cobot_ws/src/mycobot_ros2/mycobot_pro/pro450_moveit2_control' with build type 'ament_python'
[7.967s] Level 1:colcon.colcon_core.shell:create_environment_hook('pro450_moveit2_control', 'ament_prefix_path')
[7.968s] INFO:colcon.colcon_core.shell:Creating environment hook '/home/amin/cobot/cobot_ws/install/pro450_moveit2_control/share/pro450_moveit2_control/hook/ament_prefix_path.ps1'
[7.968s] INFO:colcon.colcon_core.shell:Creating environment descriptor '/home/amin/cobot/cobot_ws/install/pro450_moveit2_control/share/pro450_moveit2_control/hook/ament_prefix_path.dsv'
[7.968s] INFO:colcon.colcon_core.shell:Creating environment hook '/home/amin/cobot/cobot_ws/install/pro450_moveit2_control/share/pro450_moveit2_control/hook/ament_prefix_path.sh'
[7.969s] INFO:colcon.colcon_core.shell:Skip shell extension 'powershell' for command environment: Not usable outside of PowerShell
[7.969s] DEBUG:colcon.colcon_core.shell:Skip shell extension 'dsv' for command environment
[8.286s] INFO:colcon.colcon_core.task.python.build:Building Python package in '/home/amin/cobot/cobot_ws/src/mycobot_ros2/mycobot_pro/pro450_moveit2_control'
[8.286s] INFO:colcon.colcon_core.shell:Skip shell extension 'powershell' for command environment: Not usable outside of PowerShell
[8.286s] DEBUG:colcon.colcon_core.shell:Skip shell extension 'dsv' for command environment
[8.294s] Level 1:colcon.colcon_core.environment:checking '/home/amin/cobot/cobot_ws/install/mycobot_600' for CMake module files
[8.295s] DEBUG:colcon.colcon_core.event_handler.log_command:Invoked command in '/home/amin/cobot/cobot_ws/src/mycobot_ros2/mycobot_pro/mycobot_600' returned '0': AMENT_PREFIX_PATH=/home/amin/cobot/cobot_ws/install/mycobot_description:/home/amin/cobot/cobot_ws/install/ultraarm:/home/amin/cobot/cobot_ws/install/pro450_moveit2_control:/home/amin/cobot/cobot_ws/install/pro450_moveit2:/home/amin/cobot/cobot_ws/install/mypalletizer_communication:/home/amin/cobot/cobot_ws/install/mypalletizer_interfaces:/home/amin/cobot/cobot_ws/install/mypalletizer_260_pi:/home/amin/cobot/cobot_ws/install/mypalletizer_260:/home/amin/cobot/cobot_ws/install/mycobot_pro_450:/home/amin/cobot/cobot_ws/install/mycobot_pro450_interfaces:/home/amin/cobot/cobot_ws/install/myarm_m750:/home/amin/cobot/cobot_ws/install/myarm_c650:/home/amin/cobot/cobot_ws/install/mycobot_communication:/home/amin/cobot/cobot_ws/install/mecharm_communication:/home/amin/cobot/cobot_ws/install/mycobot_interfaces:/home/amin/cobot/cobot_ws/install/mycobot_630:/home/amin/cobot/cobot_ws/install/mycobot_600:/home/amin/cobot/cobot_ws/install/mycobot_320pi:/home/amin/cobot/cobot_ws/install/mycobot_320_riscv:/home/amin/cobot/cobot_ws/install/mycobot_320:/home/amin/cobot/cobot_ws/install/mycobot_280rdkx5_moveit2:/home/amin/cobot/cobot_ws/install/mycobot_280pi:/home/amin/cobot/cobot_ws/install/mycobot_280jn:/home/amin/cobot/cobot_ws/install/mycobot_280arduino_moveit2:/home/amin/cobot/cobot_ws/install/mycobot_280_x3pi:/home/amin/cobot/cobot_ws/install/mycobot_280_riscv:/home/amin/cobot/cobot_ws/install/mycobot_280_rdkx5:/home/amin/cobot/cobot_ws/install/mycobot_280_moveit2_control:/home/amin/cobot/cobot_ws/install/mycobot_280_moveit2:/home/amin/cobot/cobot_ws/install/mycobot_280_gazebo_jazzy:/home/amin/cobot/cobot_ws/install/mycobot_280_gazebo:/home/amin/cobot/cobot_ws/install/mycobot_280_arduino:/home/amin/cobot/cobot_ws/install/mycobot_280:/home/amin/cobot/cobot_ws/install/mybuddy:/home/amin/cobot/cobot_ws/install/myarm_300:/home/amin/cobot/cobot_ws/install/mecharm_pi:/home/amin/cobot/cobot_ws/install/mecharm:/home/amin/cobot/cobot_ws/install/mecharm_interfaces:/opt/ros/jazzy DEBUGINFOD_URLS=https://debuginfod.ubuntu.com PYTHONPATH=/home/amin/cobot/cobot_ws/build/mycobot_600/prefix_override:/usr/lib/python3/dist-packages/colcon_core/task/python/colcon_distutils_commands:/home/amin/cobot/cobot_ws/install/mycobot_600/lib/python3.12/site-packages:/home/amin/cobot/cobot_ws/install/mycobot_description/lib/python3.12/site-packages:/home/amin/cobot/cobot_ws/install/ultraarm/lib/python3.12/site-packages:/home/amin/cobot/cobot_ws/install/pro450_moveit2_control/lib/python3.12/site-packages:/home/amin/cobot/cobot_ws/install/mypalletizer_communication/lib/python3.12/site-packages:/home/amin/cobot/cobot_ws/install/mypalletizer_interfaces/lib/python3.12/site-packages:/home/amin/cobot/cobot_ws/install/mypalletizer_260_pi/lib/python3.12/site-packages:/home/amin/cobot/cobot_ws/install/mypalletizer_260/lib/python3.12/site-packages:/home/amin/cobot/cobot_ws/install/mycobot_pro_450/lib/python3.12/site-packages:/home/amin/cobot/cobot_ws/install/mycobot_pro450_interfaces/lib/python3.12/site-packages:/home/amin/cobot/cobot_ws/install/myarm_m750/lib/python3.12/site-packages:/home/amin/cobot/cobot_ws/install/myarm_c650/lib/python3.12/site-packages:/home/amin/cobot/cobot_ws/install/mycobot_communication/lib/python3.12/site-packages:/home/amin/cobot/cobot_ws/install/mecharm_communication/lib/python3.12/site-packages:/home/amin/cobot/cobot_ws/install/mycobot_interfaces/lib/python3.12/site-packages:/home/amin/cobot/cobot_ws/install/mycobot_630/lib/python3.12/site-packages:/home/amin/cobot/cobot_ws/install/mycobot_600/lib/python3.12/site-packages:/home/amin/cobot/cobot_ws/install/mycobot_320pi/lib/python3.12/site-packages:/home/amin/cobot/cobot_ws/install/mycobot_320_riscv/lib/python3.12/site-packages:/home/amin/cobot/cobot_ws/install/mycobot_320/lib/python3.12/site-packages:/home/amin/cobot/cobot_ws/install/mycobot_280pi/lib/python3.12/site-packages:/home/amin/cobot/cobot_ws/install/mycobot_280jn/lib/python3.12/site-packages:/home/amin/cobot/cobot_ws/install/mycobot_280_x3pi/lib/python3.12/site-packages:/home/amin/cobot/cobot_ws/install/mycobot_280_riscv/lib/python3.12/site-packages:/home/amin/cobot/cobot_ws/install/mycobot_280_rdkx5/lib/python3.12/site-packages:/home/amin/cobot/cobot_ws/install/mycobot_280_moveit2_control/lib/python3.12/site-packages:/home/amin/cobot/cobot_ws/install/mycobot_280_arduino/lib/python3.12/site-packages:/home/amin/cobot/cobot_ws/install/mycobot_280/lib/python3.12/site-packages:/home/amin/cobot/cobot_ws/install/mybuddy/lib/python3.12/site-packages:/home/amin/cobot/cobot_ws/install/myarm_300/lib/python3.12/site-packages:/home/amin/cobot/cobot_ws/install/mecharm_pi/lib/python3.12/site-packages:/home/amin/cobot/cobot_ws/install/mecharm/lib/python3.12/site-packages:/home/amin/cobot/cobot_ws/install/mecharm_interfaces/lib/python3.12/site-packages:/opt/ros/jazzy/lib/python3.12/site-packages /usr/bin/python3 -W ignore:setup.py install is deprecated -W ignore:easy_install command is deprecated setup.py egg_info --egg-base ../../../../build/mycobot_600 build --build-base /home/amin/cobot/cobot_ws/build/mycobot_600/build install --record /home/amin/cobot/cobot_ws/build/mycobot_600/install.log --single-version-externally-managed install_data
[8.295s] Level 1:colcon.colcon_core.environment:checking '/home/amin/cobot/cobot_ws/install/mycobot_600' for CMake config files
[8.296s] Level 1:colcon.colcon_core.environment:checking '/home/amin/cobot/cobot_ws/install/mycobot_600/lib'
[8.296s] Level 1:colcon.colcon_core.environment:checking '/home/amin/cobot/cobot_ws/install/mycobot_600/bin'
[8.296s] Level 1:colcon.colcon_core.environment:checking '/home/amin/cobot/cobot_ws/install/mycobot_600/lib/pkgconfig/mycobot_600.pc'
[8.296s] Level 1:colcon.colcon_core.environment:checking '/home/amin/cobot/cobot_ws/install/mycobot_600/lib/python3.12/site-packages'
[8.296s] Level 1:colcon.colcon_core.shell:create_environment_hook('mycobot_600', 'pythonpath')
[8.296s] INFO:colcon.colcon_core.shell:Creating environment hook '/home/amin/cobot/cobot_ws/install/mycobot_600/share/mycobot_600/hook/pythonpath.ps1'
[8.297s] INFO:colcon.colcon_core.shell:Creating environment descriptor '/home/amin/cobot/cobot_ws/install/mycobot_600/share/mycobot_600/hook/pythonpath.dsv'
[8.297s] INFO:colcon.colcon_core.shell:Creating environment hook '/home/amin/cobot/cobot_ws/install/mycobot_600/share/mycobot_600/hook/pythonpath.sh'
[8.297s] Level 1:colcon.colcon_core.environment:checking '/home/amin/cobot/cobot_ws/install/mycobot_600/bin'
[8.297s] Level 1:colcon.colcon_core.environment:create_environment_scripts_only(mycobot_600)
[8.297s] INFO:colcon.colcon_core.shell:Creating package script '/home/amin/cobot/cobot_ws/install/mycobot_600/share/mycobot_600/package.ps1'
[8.298s] INFO:colcon.colcon_core.shell:Creating package descriptor '/home/amin/cobot/cobot_ws/install/mycobot_600/share/mycobot_600/package.dsv'
[8.298s] INFO:colcon.colcon_core.shell:Creating package script '/home/amin/cobot/cobot_ws/install/mycobot_600/share/mycobot_600/package.sh'
[8.298s] INFO:colcon.colcon_core.shell:Creating package script '/home/amin/cobot/cobot_ws/install/mycobot_600/share/mycobot_600/package.bash'
[8.298s] INFO:colcon.colcon_core.shell:Creating package script '/home/amin/cobot/cobot_ws/install/mycobot_600/share/mycobot_600/package.zsh'
[8.299s] Level 1:colcon.colcon_core.environment:create_file_with_runtime_dependencies(/home/amin/cobot/cobot_ws/install/mycobot_600/share/colcon-core/packages/mycobot_600)
[8.299s] INFO:colcon.colcon_ros.task.ament_python.build:Building ROS package in '/home/amin/cobot/cobot_ws/src/mycobot_ros2/ultraArm/ultraarm' with build type 'ament_python'
[8.299s] Level 1:colcon.colcon_core.shell:create_environment_hook('ultraarm', 'ament_prefix_path')
[8.299s] INFO:colcon.colcon_core.shell:Creating environment hook '/home/amin/cobot/cobot_ws/install/ultraarm/share/ultraarm/hook/ament_prefix_path.ps1'
[8.300s] INFO:colcon.colcon_core.shell:Creating environment descriptor '/home/amin/cobot/cobot_ws/install/ultraarm/share/ultraarm/hook/ament_prefix_path.dsv'
[8.300s] INFO:colcon.colcon_core.shell:Creating environment hook '/home/amin/cobot/cobot_ws/install/ultraarm/share/ultraarm/hook/ament_prefix_path.sh'
[8.301s] INFO:colcon.colcon_core.shell:Skip shell extension 'powershell' for command environment: Not usable outside of PowerShell
[8.301s] DEBUG:colcon.colcon_core.shell:Skip shell extension 'dsv' for command environment
[8.309s] DEBUG:colcon.colcon_core.event_handler.log_command:Invoked command in '/home/amin/cobot/cobot_ws/build/pro450_moveit2' returned '0': AMENT_PREFIX_PATH=/home/amin/cobot/cobot_ws/install/mycobot_description:/home/amin/cobot/cobot_ws/install/ultraarm:/home/amin/cobot/cobot_ws/install/pro450_moveit2_control:/home/amin/cobot/cobot_ws/install/pro450_moveit2:/home/amin/cobot/cobot_ws/install/mypalletizer_communication:/home/amin/cobot/cobot_ws/install/mypalletizer_interfaces:/home/amin/cobot/cobot_ws/install/mypalletizer_260_pi:/home/amin/cobot/cobot_ws/install/mypalletizer_260:/home/amin/cobot/cobot_ws/install/mycobot_pro_450:/home/amin/cobot/cobot_ws/install/mycobot_pro450_interfaces:/home/amin/cobot/cobot_ws/install/myarm_m750:/home/amin/cobot/cobot_ws/install/myarm_c650:/home/amin/cobot/cobot_ws/install/mycobot_communication:/home/amin/cobot/cobot_ws/install/mecharm_communication:/home/amin/cobot/cobot_ws/install/mycobot_interfaces:/home/amin/cobot/cobot_ws/install/mycobot_630:/home/amin/cobot/cobot_ws/install/mycobot_600:/home/amin/cobot/cobot_ws/install/mycobot_320pi:/home/amin/cobot/cobot_ws/install/mycobot_320_riscv:/home/amin/cobot/cobot_ws/install/mycobot_320:/home/amin/cobot/cobot_ws/install/mycobot_280rdkx5_moveit2:/home/amin/cobot/cobot_ws/install/mycobot_280pi:/home/amin/cobot/cobot_ws/install/mycobot_280jn:/home/amin/cobot/cobot_ws/install/mycobot_280arduino_moveit2:/home/amin/cobot/cobot_ws/install/mycobot_280_x3pi:/home/amin/cobot/cobot_ws/install/mycobot_280_riscv:/home/amin/cobot/cobot_ws/install/mycobot_280_rdkx5:/home/amin/cobot/cobot_ws/install/mycobot_280_moveit2_control:/home/amin/cobot/cobot_ws/install/mycobot_280_moveit2:/home/amin/cobot/cobot_ws/install/mycobot_280_gazebo_jazzy:/home/amin/cobot/cobot_ws/install/mycobot_280_gazebo:/home/amin/cobot/cobot_ws/install/mycobot_280_arduino:/home/amin/cobot/cobot_ws/install/mycobot_280:/home/amin/cobot/cobot_ws/install/mybuddy:/home/amin/cobot/cobot_ws/install/myarm_300:/home/amin/cobot/cobot_ws/install/mecharm_pi:/home/amin/cobot/cobot_ws/install/mecharm:/home/amin/cobot/cobot_ws/install/mecharm_interfaces:/opt/ros/jazzy CMAKE_PREFIX_PATH=${CMAKE_PREFIX_PATH}:/home/amin/cobot/cobot_ws/install/ultraarm:/home/amin/cobot/cobot_ws/install/pro450_moveit2_control:/home/amin/cobot/cobot_ws/install/mypalletizer_communication:/home/amin/cobot/cobot_ws/install/mypalletizer_260_pi:/home/amin/cobot/cobot_ws/install/mypalletizer_260:/home/amin/cobot/cobot_ws/install/mycobot_pro_450:/home/amin/cobot/cobot_ws/install/myarm_m750:/home/amin/cobot/cobot_ws/install/myarm_c650:/home/amin/cobot/cobot_ws/install/mycobot_communication:/home/amin/cobot/cobot_ws/install/mecharm_communication:/home/amin/cobot/cobot_ws/install/mycobot_630:/home/amin/cobot/cobot_ws/install/mycobot_600:/home/amin/cobot/cobot_ws/install/mycobot_320pi:/home/amin/cobot/cobot_ws/install/mycobot_320_riscv:/home/amin/cobot/cobot_ws/install/mycobot_320:/home/amin/cobot/cobot_ws/install/mycobot_280pi:/home/amin/cobot/cobot_ws/install/mycobot_280jn:/home/amin/cobot/cobot_ws/install/mycobot_280_x3pi:/home/amin/cobot/cobot_ws/install/mycobot_280_riscv:/home/amin/cobot/cobot_ws/install/mycobot_280_rdkx5:/home/amin/cobot/cobot_ws/install/mycobot_280_moveit2_control:/home/amin/cobot/cobot_ws/install/mycobot_280_arduino:/home/amin/cobot/cobot_ws/install/mycobot_280:/home/amin/cobot/cobot_ws/install/mybuddy:/home/amin/cobot/cobot_ws/install/myarm_300:/home/amin/cobot/cobot_ws/install/mecharm_pi:/home/amin/cobot/cobot_ws/install/mecharm:/home/amin/cobot/cobot_ws/install/mycobot_description:/opt/ros/jazzy DEBUGINFOD_URLS=https://debuginfod.ubuntu.com PYTHONPATH=/home/amin/cobot/cobot_ws/install/mycobot_description/lib/python3.12/site-packages:/home/amin/cobot/cobot_ws/install/ultraarm/lib/python3.12/site-packages:/home/amin/cobot/cobot_ws/install/pro450_moveit2_control/lib/python3.12/site-packages:/home/amin/cobot/cobot_ws/install/mypalletizer_communication/lib/python3.12/site-packages:/home/amin/cobot/cobot_ws/install/mypalletizer_interfaces/lib/python3.12/site-packages:/home/amin/cobot/cobot_ws/install/mypalletizer_260_pi/lib/python3.12/site-packages:/home/amin/cobot/cobot_ws/install/mypalletizer_260/lib/python3.12/site-packages:/home/amin/cobot/cobot_ws/install/mycobot_pro_450/lib/python3.12/site-packages:/home/amin/cobot/cobot_ws/install/mycobot_pro450_interfaces/lib/python3.12/site-packages:/home/amin/cobot/cobot_ws/install/myarm_m750/lib/python3.12/site-packages:/home/amin/cobot/cobot_ws/install/myarm_c650/lib/python3.12/site-packages:/home/amin/cobot/cobot_ws/install/mycobot_communication/lib/python3.12/site-packages:/home/amin/cobot/cobot_ws/install/mecharm_communication/lib/python3.12/site-packages:/home/amin/cobot/cobot_ws/install/mycobot_interfaces/lib/python3.12/site-packages:/home/amin/cobot/cobot_ws/install/mycobot_630/lib/python3.12/site-packages:/home/amin/cobot/cobot_ws/install/mycobot_600/lib/python3.12/site-packages:/home/amin/cobot/cobot_ws/install/mycobot_320pi/lib/python3.12/site-packages:/home/amin/cobot/cobot_ws/install/mycobot_320_riscv/lib/python3.12/site-packages:/home/amin/cobot/cobot_ws/install/mycobot_320/lib/python3.12/site-packages:/home/amin/cobot/cobot_ws/install/mycobot_280pi/lib/python3.12/site-packages:/home/amin/cobot/cobot_ws/install/mycobot_280jn/lib/python3.12/site-packages:/home/amin/cobot/cobot_ws/install/mycobot_280_x3pi/lib/python3.12/site-packages:/home/amin/cobot/cobot_ws/install/mycobot_280_riscv/lib/python3.12/site-packages:/home/amin/cobot/cobot_ws/install/mycobot_280_rdkx5/lib/python3.12/site-packages:/home/amin/cobot/cobot_ws/install/mycobot_280_moveit2_control/lib/python3.12/site-packages:/home/amin/cobot/cobot_ws/install/mycobot_280_arduino/lib/python3.12/site-packages:/home/amin/cobot/cobot_ws/install/mycobot_280/lib/python3.12/site-packages:/home/amin/cobot/cobot_ws/install/mybuddy/lib/python3.12/site-packages:/home/amin/cobot/cobot_ws/install/myarm_300/lib/python3.12/site-packages:/home/amin/cobot/cobot_ws/install/mecharm_pi/lib/python3.12/site-packages:/home/amin/cobot/cobot_ws/install/mecharm/lib/python3.12/site-packages:/home/amin/cobot/cobot_ws/install/mecharm_interfaces/lib/python3.12/site-packages:/opt/ros/jazzy/lib/python3.12/site-packages /usr/bin/cmake --build /home/amin/cobot/cobot_ws/build/pro450_moveit2 -- -j8 -l8
[8.310s] DEBUG:colcon.colcon_core.event_handler.log_command:Invoking command in '/home/amin/cobot/cobot_ws/build/pro450_moveit2': AMENT_PREFIX_PATH=/home/amin/cobot/cobot_ws/install/mycobot_description:/home/amin/cobot/cobot_ws/install/ultraarm:/home/amin/cobot/cobot_ws/install/pro450_moveit2_control:/home/amin/cobot/cobot_ws/install/pro450_moveit2:/home/amin/cobot/cobot_ws/install/mypalletizer_communication:/home/amin/cobot/cobot_ws/install/mypalletizer_interfaces:/home/amin/cobot/cobot_ws/install/mypalletizer_260_pi:/home/amin/cobot/cobot_ws/install/mypalletizer_260:/home/amin/cobot/cobot_ws/install/mycobot_pro_450:/home/amin/cobot/cobot_ws/install/mycobot_pro450_interfaces:/home/amin/cobot/cobot_ws/install/myarm_m750:/home/amin/cobot/cobot_ws/install/myarm_c650:/home/amin/cobot/cobot_ws/install/mycobot_communication:/home/amin/cobot/cobot_ws/install/mecharm_communication:/home/amin/cobot/cobot_ws/install/mycobot_interfaces:/home/amin/cobot/cobot_ws/install/mycobot_630:/home/amin/cobot/cobot_ws/install/mycobot_600:/home/amin/cobot/cobot_ws/install/mycobot_320pi:/home/amin/cobot/cobot_ws/install/mycobot_320_riscv:/home/amin/cobot/cobot_ws/install/mycobot_320:/home/amin/cobot/cobot_ws/install/mycobot_280rdkx5_moveit2:/home/amin/cobot/cobot_ws/install/mycobot_280pi:/home/amin/cobot/cobot_ws/install/mycobot_280jn:/home/amin/cobot/cobot_ws/install/mycobot_280arduino_moveit2:/home/amin/cobot/cobot_ws/install/mycobot_280_x3pi:/home/amin/cobot/cobot_ws/install/mycobot_280_riscv:/home/amin/cobot/cobot_ws/install/mycobot_280_rdkx5:/home/amin/cobot/cobot_ws/install/mycobot_280_moveit2_control:/home/amin/cobot/cobot_ws/install/mycobot_280_moveit2:/home/amin/cobot/cobot_ws/install/mycobot_280_gazebo_jazzy:/home/amin/cobot/cobot_ws/install/mycobot_280_gazebo:/home/amin/cobot/cobot_ws/install/mycobot_280_arduino:/home/amin/cobot/cobot_ws/install/mycobot_280:/home/amin/cobot/cobot_ws/install/mybuddy:/home/amin/cobot/cobot_ws/install/myarm_300:/home/amin/cobot/cobot_ws/install/mecharm_pi:/home/amin/cobot/cobot_ws/install/mecharm:/home/amin/cobot/cobot_ws/install/mecharm_interfaces:/opt/ros/jazzy CMAKE_PREFIX_PATH=${CMAKE_PREFIX_PATH}:/home/amin/cobot/cobot_ws/install/ultraarm:/home/amin/cobot/cobot_ws/install/pro450_moveit2_control:/home/amin/cobot/cobot_ws/install/mypalletizer_communication:/home/amin/cobot/cobot_ws/install/mypalletizer_260_pi:/home/amin/cobot/cobot_ws/install/mypalletizer_260:/home/amin/cobot/cobot_ws/install/mycobot_pro_450:/home/amin/cobot/cobot_ws/install/myarm_m750:/home/amin/cobot/cobot_ws/install/myarm_c650:/home/amin/cobot/cobot_ws/install/mycobot_communication:/home/amin/cobot/cobot_ws/install/mecharm_communication:/home/amin/cobot/cobot_ws/install/mycobot_630:/home/amin/cobot/cobot_ws/install/mycobot_600:/home/amin/cobot/cobot_ws/install/mycobot_320pi:/home/amin/cobot/cobot_ws/install/mycobot_320_riscv:/home/amin/cobot/cobot_ws/install/mycobot_320:/home/amin/cobot/cobot_ws/install/mycobot_280pi:/home/amin/cobot/cobot_ws/install/mycobot_280jn:/home/amin/cobot/cobot_ws/install/mycobot_280_x3pi:/home/amin/cobot/cobot_ws/install/mycobot_280_riscv:/home/amin/cobot/cobot_ws/install/mycobot_280_rdkx5:/home/amin/cobot/cobot_ws/install/mycobot_280_moveit2_control:/home/amin/cobot/cobot_ws/install/mycobot_280_arduino:/home/amin/cobot/cobot_ws/install/mycobot_280:/home/amin/cobot/cobot_ws/install/mybuddy:/home/amin/cobot/cobot_ws/install/myarm_300:/home/amin/cobot/cobot_ws/install/mecharm_pi:/home/amin/cobot/cobot_ws/install/mecharm:/home/amin/cobot/cobot_ws/install/mycobot_description:/opt/ros/jazzy DEBUGINFOD_URLS=https://debuginfod.ubuntu.com PYTHONPATH=/home/amin/cobot/cobot_ws/install/mycobot_description/lib/python3.12/site-packages:/home/amin/cobot/cobot_ws/install/ultraarm/lib/python3.12/site-packages:/home/amin/cobot/cobot_ws/install/pro450_moveit2_control/lib/python3.12/site-packages:/home/amin/cobot/cobot_ws/install/mypalletizer_communication/lib/python3.12/site-packages:/home/amin/cobot/cobot_ws/install/mypalletizer_interfaces/lib/python3.12/site-packages:/home/amin/cobot/cobot_ws/install/mypalletizer_260_pi/lib/python3.12/site-packages:/home/amin/cobot/cobot_ws/install/mypalletizer_260/lib/python3.12/site-packages:/home/amin/cobot/cobot_ws/install/mycobot_pro_450/lib/python3.12/site-packages:/home/amin/cobot/cobot_ws/install/mycobot_pro450_interfaces/lib/python3.12/site-packages:/home/amin/cobot/cobot_ws/install/myarm_m750/lib/python3.12/site-packages:/home/amin/cobot/cobot_ws/install/myarm_c650/lib/python3.12/site-packages:/home/amin/cobot/cobot_ws/install/mycobot_communication/lib/python3.12/site-packages:/home/amin/cobot/cobot_ws/install/mecharm_communication/lib/python3.12/site-packages:/home/amin/cobot/cobot_ws/install/mycobot_interfaces/lib/python3.12/site-packages:/home/amin/cobot/cobot_ws/install/mycobot_630/lib/python3.12/site-packages:/home/amin/cobot/cobot_ws/install/mycobot_600/lib/python3.12/site-packages:/home/amin/cobot/cobot_ws/install/mycobot_320pi/lib/python3.12/site-packages:/home/amin/cobot/cobot_ws/install/mycobot_320_riscv/lib/python3.12/site-packages:/home/amin/cobot/cobot_ws/install/mycobot_320/lib/python3.12/site-packages:/home/amin/cobot/cobot_ws/install/mycobot_280pi/lib/python3.12/site-packages:/home/amin/cobot/cobot_ws/install/mycobot_280jn/lib/python3.12/site-packages:/home/amin/cobot/cobot_ws/install/mycobot_280_x3pi/lib/python3.12/site-packages:/home/amin/cobot/cobot_ws/install/mycobot_280_riscv/lib/python3.12/site-packages:/home/amin/cobot/cobot_ws/install/mycobot_280_rdkx5/lib/python3.12/site-packages:/home/amin/cobot/cobot_ws/install/mycobot_280_moveit2_control/lib/python3.12/site-packages:/home/amin/cobot/cobot_ws/install/mycobot_280_arduino/lib/python3.12/site-packages:/home/amin/cobot/cobot_ws/install/mycobot_280/lib/python3.12/site-packages:/home/amin/cobot/cobot_ws/install/mybuddy/lib/python3.12/site-packages:/home/amin/cobot/cobot_ws/install/myarm_300/lib/python3.12/site-packages:/home/amin/cobot/cobot_ws/install/mecharm_pi/lib/python3.12/site-packages:/home/amin/cobot/cobot_ws/install/mecharm/lib/python3.12/site-packages:/home/amin/cobot/cobot_ws/install/mecharm_interfaces/lib/python3.12/site-packages:/opt/ros/jazzy/lib/python3.12/site-packages /usr/bin/cmake --install /home/amin/cobot/cobot_ws/build/pro450_moveit2
[8.587s] INFO:colcon.colcon_core.task.python.build:Building Python package in '/home/amin/cobot/cobot_ws/src/mycobot_ros2/ultraArm/ultraarm'
[8.587s] INFO:colcon.colcon_core.shell:Skip shell extension 'powershell' for command environment: Not usable outside of PowerShell
[8.587s] DEBUG:colcon.colcon_core.shell:Skip shell extension 'dsv' for command environment
[8.597s] Level 1:colcon.colcon_core.environment:create_environment_scripts_only(pro450_moveit2)
[8.597s] Level 1:colcon.colcon_core.environment:checking '/home/amin/cobot/cobot_ws/install/pro450_moveit2' for CMake module files
[8.598s] Level 1:colcon.colcon_core.environment:checking '/home/amin/cobot/cobot_ws/install/pro450_moveit2' for CMake config files
[8.598s] DEBUG:colcon.colcon_core.event_handler.log_command:Invoking command in '/home/amin/cobot/cobot_ws/src/mycobot_ros2/mypalletizer_260/mypalletizer_260': AMENT_PREFIX_PATH=/home/amin/cobot/cobot_ws/install/mycobot_description:/home/amin/cobot/cobot_ws/install/ultraarm:/home/amin/cobot/cobot_ws/install/pro450_moveit2_control:/home/amin/cobot/cobot_ws/install/pro450_moveit2:/home/amin/cobot/cobot_ws/install/mypalletizer_communication:/home/amin/cobot/cobot_ws/install/mypalletizer_interfaces:/home/amin/cobot/cobot_ws/install/mypalletizer_260_pi:/home/amin/cobot/cobot_ws/install/mypalletizer_260:/home/amin/cobot/cobot_ws/install/mycobot_pro_450:/home/amin/cobot/cobot_ws/install/mycobot_pro450_interfaces:/home/amin/cobot/cobot_ws/install/myarm_m750:/home/amin/cobot/cobot_ws/install/myarm_c650:/home/amin/cobot/cobot_ws/install/mycobot_communication:/home/amin/cobot/cobot_ws/install/mecharm_communication:/home/amin/cobot/cobot_ws/install/mycobot_interfaces:/home/amin/cobot/cobot_ws/install/mycobot_630:/home/amin/cobot/cobot_ws/install/mycobot_600:/home/amin/cobot/cobot_ws/install/mycobot_320pi:/home/amin/cobot/cobot_ws/install/mycobot_320_riscv:/home/amin/cobot/cobot_ws/install/mycobot_320:/home/amin/cobot/cobot_ws/install/mycobot_280rdkx5_moveit2:/home/amin/cobot/cobot_ws/install/mycobot_280pi:/home/amin/cobot/cobot_ws/install/mycobot_280jn:/home/amin/cobot/cobot_ws/install/mycobot_280arduino_moveit2:/home/amin/cobot/cobot_ws/install/mycobot_280_x3pi:/home/amin/cobot/cobot_ws/install/mycobot_280_riscv:/home/amin/cobot/cobot_ws/install/mycobot_280_rdkx5:/home/amin/cobot/cobot_ws/install/mycobot_280_moveit2_control:/home/amin/cobot/cobot_ws/install/mycobot_280_moveit2:/home/amin/cobot/cobot_ws/install/mycobot_280_gazebo_jazzy:/home/amin/cobot/cobot_ws/install/mycobot_280_gazebo:/home/amin/cobot/cobot_ws/install/mycobot_280_arduino:/home/amin/cobot/cobot_ws/install/mycobot_280:/home/amin/cobot/cobot_ws/install/mybuddy:/home/amin/cobot/cobot_ws/install/myarm_300:/home/amin/cobot/cobot_ws/install/mecharm_pi:/home/amin/cobot/cobot_ws/install/mecharm:/home/amin/cobot/cobot_ws/install/mecharm_interfaces:/opt/ros/jazzy DEBUGINFOD_URLS=https://debuginfod.ubuntu.com PYTHONPATH=/home/amin/cobot/cobot_ws/build/mypalletizer_260/prefix_override:/usr/lib/python3/dist-packages/colcon_core/task/python/colcon_distutils_commands:/home/amin/cobot/cobot_ws/install/mypalletizer_260/lib/python3.12/site-packages:/home/amin/cobot/cobot_ws/install/mycobot_description/lib/python3.12/site-packages:/home/amin/cobot/cobot_ws/install/ultraarm/lib/python3.12/site-packages:/home/amin/cobot/cobot_ws/install/pro450_moveit2_control/lib/python3.12/site-packages:/home/amin/cobot/cobot_ws/install/mypalletizer_communication/lib/python3.12/site-packages:/home/amin/cobot/cobot_ws/install/mypalletizer_interfaces/lib/python3.12/site-packages:/home/amin/cobot/cobot_ws/install/mypalletizer_260_pi/lib/python3.12/site-packages:/home/amin/cobot/cobot_ws/install/mypalletizer_260/lib/python3.12/site-packages:/home/amin/cobot/cobot_ws/install/mycobot_pro_450/lib/python3.12/site-packages:/home/amin/cobot/cobot_ws/install/mycobot_pro450_interfaces/lib/python3.12/site-packages:/home/amin/cobot/cobot_ws/install/myarm_m750/lib/python3.12/site-packages:/home/amin/cobot/cobot_ws/install/myarm_c650/lib/python3.12/site-packages:/home/amin/cobot/cobot_ws/install/mycobot_communication/lib/python3.12/site-packages:/home/amin/cobot/cobot_ws/install/mecharm_communication/lib/python3.12/site-packages:/home/amin/cobot/cobot_ws/install/mycobot_interfaces/lib/python3.12/site-packages:/home/amin/cobot/cobot_ws/install/mycobot_630/lib/python3.12/site-packages:/home/amin/cobot/cobot_ws/install/mycobot_600/lib/python3.12/site-packages:/home/amin/cobot/cobot_ws/install/mycobot_320pi/lib/python3.12/site-packages:/home/amin/cobot/cobot_ws/install/mycobot_320_riscv/lib/python3.12/site-packages:/home/amin/cobot/cobot_ws/install/mycobot_320/lib/python3.12/site-packages:/home/amin/cobot/cobot_ws/install/mycobot_280pi/lib/python3.12/site-packages:/home/amin/cobot/cobot_ws/install/mycobot_280jn/lib/python3.12/site-packages:/home/amin/cobot/cobot_ws/install/mycobot_280_x3pi/lib/python3.12/site-packages:/home/amin/cobot/cobot_ws/install/mycobot_280_riscv/lib/python3.12/site-packages:/home/amin/cobot/cobot_ws/install/mycobot_280_rdkx5/lib/python3.12/site-packages:/home/amin/cobot/cobot_ws/install/mycobot_280_moveit2_control/lib/python3.12/site-packages:/home/amin/cobot/cobot_ws/install/mycobot_280_arduino/lib/python3.12/site-packages:/home/amin/cobot/cobot_ws/install/mycobot_280/lib/python3.12/site-packages:/home/amin/cobot/cobot_ws/install/mybuddy/lib/python3.12/site-packages:/home/amin/cobot/cobot_ws/install/myarm_300/lib/python3.12/site-packages:/home/amin/cobot/cobot_ws/install/mecharm_pi/lib/python3.12/site-packages:/home/amin/cobot/cobot_ws/install/mecharm/lib/python3.12/site-packages:/home/amin/cobot/cobot_ws/install/mecharm_interfaces/lib/python3.12/site-packages:/opt/ros/jazzy/lib/python3.12/site-packages /usr/bin/python3 -W ignore:setup.py install is deprecated -W ignore:easy_install command is deprecated setup.py egg_info --egg-base ../../../../build/mypalletizer_260 build --build-base /home/amin/cobot/cobot_ws/build/mypalletizer_260/build install --record /home/amin/cobot/cobot_ws/build/mypalletizer_260/install.log --single-version-externally-managed install_data
[8.599s] DEBUG:colcon.colcon_core.event_handler.log_command:Invoked command in '/home/amin/cobot/cobot_ws/build/pro450_moveit2' returned '0': AMENT_PREFIX_PATH=/home/amin/cobot/cobot_ws/install/mycobot_description:/home/amin/cobot/cobot_ws/install/ultraarm:/home/amin/cobot/cobot_ws/install/pro450_moveit2_control:/home/amin/cobot/cobot_ws/install/pro450_moveit2:/home/amin/cobot/cobot_ws/install/mypalletizer_communication:/home/amin/cobot/cobot_ws/install/mypalletizer_interfaces:/home/amin/cobot/cobot_ws/install/mypalletizer_260_pi:/home/amin/cobot/cobot_ws/install/mypalletizer_260:/home/amin/cobot/cobot_ws/install/mycobot_pro_450:/home/amin/cobot/cobot_ws/install/mycobot_pro450_interfaces:/home/amin/cobot/cobot_ws/install/myarm_m750:/home/amin/cobot/cobot_ws/install/myarm_c650:/home/amin/cobot/cobot_ws/install/mycobot_communication:/home/amin/cobot/cobot_ws/install/mecharm_communication:/home/amin/cobot/cobot_ws/install/mycobot_interfaces:/home/amin/cobot/cobot_ws/install/mycobot_630:/home/amin/cobot/cobot_ws/install/mycobot_600:/home/amin/cobot/cobot_ws/install/mycobot_320pi:/home/amin/cobot/cobot_ws/install/mycobot_320_riscv:/home/amin/cobot/cobot_ws/install/mycobot_320:/home/amin/cobot/cobot_ws/install/mycobot_280rdkx5_moveit2:/home/amin/cobot/cobot_ws/install/mycobot_280pi:/home/amin/cobot/cobot_ws/install/mycobot_280jn:/home/amin/cobot/cobot_ws/install/mycobot_280arduino_moveit2:/home/amin/cobot/cobot_ws/install/mycobot_280_x3pi:/home/amin/cobot/cobot_ws/install/mycobot_280_riscv:/home/amin/cobot/cobot_ws/install/mycobot_280_rdkx5:/home/amin/cobot/cobot_ws/install/mycobot_280_moveit2_control:/home/amin/cobot/cobot_ws/install/mycobot_280_moveit2:/home/amin/cobot/cobot_ws/install/mycobot_280_gazebo_jazzy:/home/amin/cobot/cobot_ws/install/mycobot_280_gazebo:/home/amin/cobot/cobot_ws/install/mycobot_280_arduino:/home/amin/cobot/cobot_ws/install/mycobot_280:/home/amin/cobot/cobot_ws/install/mybuddy:/home/amin/cobot/cobot_ws/install/myarm_300:/home/amin/cobot/cobot_ws/install/mecharm_pi:/home/amin/cobot/cobot_ws/install/mecharm:/home/amin/cobot/cobot_ws/install/mecharm_interfaces:/opt/ros/jazzy CMAKE_PREFIX_PATH=${CMAKE_PREFIX_PATH}:/home/amin/cobot/cobot_ws/install/ultraarm:/home/amin/cobot/cobot_ws/install/pro450_moveit2_control:/home/amin/cobot/cobot_ws/install/mypalletizer_communication:/home/amin/cobot/cobot_ws/install/mypalletizer_260_pi:/home/amin/cobot/cobot_ws/install/mypalletizer_260:/home/amin/cobot/cobot_ws/install/mycobot_pro_450:/home/amin/cobot/cobot_ws/install/myarm_m750:/home/amin/cobot/cobot_ws/install/myarm_c650:/home/amin/cobot/cobot_ws/install/mycobot_communication:/home/amin/cobot/cobot_ws/install/mecharm_communication:/home/amin/cobot/cobot_ws/install/mycobot_630:/home/amin/cobot/cobot_ws/install/mycobot_600:/home/amin/cobot/cobot_ws/install/mycobot_320pi:/home/amin/cobot/cobot_ws/install/mycobot_320_riscv:/home/amin/cobot/cobot_ws/install/mycobot_320:/home/amin/cobot/cobot_ws/install/mycobot_280pi:/home/amin/cobot/cobot_ws/install/mycobot_280jn:/home/amin/cobot/cobot_ws/install/mycobot_280_x3pi:/home/amin/cobot/cobot_ws/install/mycobot_280_riscv:/home/amin/cobot/cobot_ws/install/mycobot_280_rdkx5:/home/amin/cobot/cobot_ws/install/mycobot_280_moveit2_control:/home/amin/cobot/cobot_ws/install/mycobot_280_arduino:/home/amin/cobot/cobot_ws/install/mycobot_280:/home/amin/cobot/cobot_ws/install/mybuddy:/home/amin/cobot/cobot_ws/install/myarm_300:/home/amin/cobot/cobot_ws/install/mecharm_pi:/home/amin/cobot/cobot_ws/install/mecharm:/home/amin/cobot/cobot_ws/install/mycobot_description:/opt/ros/jazzy DEBUGINFOD_URLS=https://debuginfod.ubuntu.com PYTHONPATH=/home/amin/cobot/cobot_ws/install/mycobot_description/lib/python3.12/site-packages:/home/amin/cobot/cobot_ws/install/ultraarm/lib/python3.12/site-packages:/home/amin/cobot/cobot_ws/install/pro450_moveit2_control/lib/python3.12/site-packages:/home/amin/cobot/cobot_ws/install/mypalletizer_communication/lib/python3.12/site-packages:/home/amin/cobot/cobot_ws/install/mypalletizer_interfaces/lib/python3.12/site-packages:/home/amin/cobot/cobot_ws/install/mypalletizer_260_pi/lib/python3.12/site-packages:/home/amin/cobot/cobot_ws/install/mypalletizer_260/lib/python3.12/site-packages:/home/amin/cobot/cobot_ws/install/mycobot_pro_450/lib/python3.12/site-packages:/home/amin/cobot/cobot_ws/install/mycobot_pro450_interfaces/lib/python3.12/site-packages:/home/amin/cobot/cobot_ws/install/myarm_m750/lib/python3.12/site-packages:/home/amin/cobot/cobot_ws/install/myarm_c650/lib/python3.12/site-packages:/home/amin/cobot/cobot_ws/install/mycobot_communication/lib/python3.12/site-packages:/home/amin/cobot/cobot_ws/install/mecharm_communication/lib/python3.12/site-packages:/home/amin/cobot/cobot_ws/install/mycobot_interfaces/lib/python3.12/site-packages:/home/amin/cobot/cobot_ws/install/mycobot_630/lib/python3.12/site-packages:/home/amin/cobot/cobot_ws/install/mycobot_600/lib/python3.12/site-packages:/home/amin/cobot/cobot_ws/install/mycobot_320pi/lib/python3.12/site-packages:/home/amin/cobot/cobot_ws/install/mycobot_320_riscv/lib/python3.12/site-packages:/home/amin/cobot/cobot_ws/install/mycobot_320/lib/python3.12/site-packages:/home/amin/cobot/cobot_ws/install/mycobot_280pi/lib/python3.12/site-packages:/home/amin/cobot/cobot_ws/install/mycobot_280jn/lib/python3.12/site-packages:/home/amin/cobot/cobot_ws/install/mycobot_280_x3pi/lib/python3.12/site-packages:/home/amin/cobot/cobot_ws/install/mycobot_280_riscv/lib/python3.12/site-packages:/home/amin/cobot/cobot_ws/install/mycobot_280_rdkx5/lib/python3.12/site-packages:/home/amin/cobot/cobot_ws/install/mycobot_280_moveit2_control/lib/python3.12/site-packages:/home/amin/cobot/cobot_ws/install/mycobot_280_arduino/lib/python3.12/site-packages:/home/amin/cobot/cobot_ws/install/mycobot_280/lib/python3.12/site-packages:/home/amin/cobot/cobot_ws/install/mybuddy/lib/python3.12/site-packages:/home/amin/cobot/cobot_ws/install/myarm_300/lib/python3.12/site-packages:/home/amin/cobot/cobot_ws/install/mecharm_pi/lib/python3.12/site-packages:/home/amin/cobot/cobot_ws/install/mecharm/lib/python3.12/site-packages:/home/amin/cobot/cobot_ws/install/mecharm_interfaces/lib/python3.12/site-packages:/opt/ros/jazzy/lib/python3.12/site-packages /usr/bin/cmake --install /home/amin/cobot/cobot_ws/build/pro450_moveit2
[8.599s] Level 1:colcon.colcon_core.shell:create_environment_hook('pro450_moveit2', 'cmake_prefix_path')
[8.599s] INFO:colcon.colcon_core.shell:Creating environment hook '/home/amin/cobot/cobot_ws/install/pro450_moveit2/share/pro450_moveit2/hook/cmake_prefix_path.ps1'
[8.599s] INFO:colcon.colcon_core.shell:Creating environment descriptor '/home/amin/cobot/cobot_ws/install/pro450_moveit2/share/pro450_moveit2/hook/cmake_prefix_path.dsv'
[8.600s] INFO:colcon.colcon_core.shell:Creating environment hook '/home/amin/cobot/cobot_ws/install/pro450_moveit2/share/pro450_moveit2/hook/cmake_prefix_path.sh'
[8.600s] Level 1:colcon.colcon_core.environment:checking '/home/amin/cobot/cobot_ws/install/pro450_moveit2/bin'
[8.600s] Level 1:colcon.colcon_core.environment:checking '/home/amin/cobot/cobot_ws/install/pro450_moveit2/lib/pkgconfig/pro450_moveit2.pc'
[8.601s] Level 1:colcon.colcon_core.environment:checking '/home/amin/cobot/cobot_ws/install/pro450_moveit2/lib/python3.12/site-packages'
[8.601s] Level 1:colcon.colcon_core.environment:checking '/home/amin/cobot/cobot_ws/install/pro450_moveit2/bin'
[8.601s] INFO:colcon.colcon_core.shell:Creating package script '/home/amin/cobot/cobot_ws/install/pro450_moveit2/share/pro450_moveit2/package.ps1'
[8.602s] INFO:colcon.colcon_core.shell:Creating package descriptor '/home/amin/cobot/cobot_ws/install/pro450_moveit2/share/pro450_moveit2/package.dsv'
[8.602s] INFO:colcon.colcon_core.shell:Creating package script '/home/amin/cobot/cobot_ws/install/pro450_moveit2/share/pro450_moveit2/package.sh'
[8.602s] INFO:colcon.colcon_core.shell:Creating package script '/home/amin/cobot/cobot_ws/install/pro450_moveit2/share/pro450_moveit2/package.bash'
[8.603s] INFO:colcon.colcon_core.shell:Creating package script '/home/amin/cobot/cobot_ws/install/pro450_moveit2/share/pro450_moveit2/package.zsh'
[8.603s] Level 1:colcon.colcon_core.environment:create_file_with_runtime_dependencies(/home/amin/cobot/cobot_ws/install/pro450_moveit2/share/colcon-core/packages/pro450_moveit2)
[8.603s] Level 1:colcon.colcon_core.environment:create_environment_scripts_only(pro450_moveit2)
[8.603s] Level 1:colcon.colcon_core.environment:checking '/home/amin/cobot/cobot_ws/install/pro450_moveit2' for CMake module files
[8.604s] Level 1:colcon.colcon_core.environment:checking '/home/amin/cobot/cobot_ws/install/pro450_moveit2' for CMake config files
[8.604s] Level 1:colcon.colcon_core.shell:create_environment_hook('pro450_moveit2', 'cmake_prefix_path')
[8.604s] INFO:colcon.colcon_core.shell:Creating environment hook '/home/amin/cobot/cobot_ws/install/pro450_moveit2/share/pro450_moveit2/hook/cmake_prefix_path.ps1'
[8.605s] INFO:colcon.colcon_core.shell:Creating environment descriptor '/home/amin/cobot/cobot_ws/install/pro450_moveit2/share/pro450_moveit2/hook/cmake_prefix_path.dsv'
[8.606s] INFO:colcon.colcon_core.shell:Creating environment hook '/home/amin/cobot/cobot_ws/install/pro450_moveit2/share/pro450_moveit2/hook/cmake_prefix_path.sh'
[8.607s] Level 1:colcon.colcon_core.environment:checking '/home/amin/cobot/cobot_ws/install/pro450_moveit2/bin'
[8.607s] Level 1:colcon.colcon_core.environment:checking '/home/amin/cobot/cobot_ws/install/pro450_moveit2/lib/pkgconfig/pro450_moveit2.pc'
[8.607s] Level 1:colcon.colcon_core.environment:checking '/home/amin/cobot/cobot_ws/install/pro450_moveit2/lib/python3.12/site-packages'
[8.608s] Level 1:colcon.colcon_core.environment:checking '/home/amin/cobot/cobot_ws/install/pro450_moveit2/bin'
[8.608s] INFO:colcon.colcon_core.shell:Creating package script '/home/amin/cobot/cobot_ws/install/pro450_moveit2/share/pro450_moveit2/package.ps1'
[8.609s] INFO:colcon.colcon_core.shell:Creating package descriptor '/home/amin/cobot/cobot_ws/install/pro450_moveit2/share/pro450_moveit2/package.dsv'
[8.609s] INFO:colcon.colcon_core.shell:Creating package script '/home/amin/cobot/cobot_ws/install/pro450_moveit2/share/pro450_moveit2/package.sh'
[8.609s] INFO:colcon.colcon_core.shell:Creating package script '/home/amin/cobot/cobot_ws/install/pro450_moveit2/share/pro450_moveit2/package.bash'
[8.610s] INFO:colcon.colcon_core.shell:Creating package script '/home/amin/cobot/cobot_ws/install/pro450_moveit2/share/pro450_moveit2/package.zsh'
[8.610s] Level 1:colcon.colcon_core.environment:create_file_with_runtime_dependencies(/home/amin/cobot/cobot_ws/install/pro450_moveit2/share/colcon-core/packages/pro450_moveit2)
[8.611s] Level 1:colcon.colcon_core.environment:checking '/home/amin/cobot/cobot_ws/install/mycobot_320pi' for CMake module files
[8.612s] Level 1:colcon.colcon_core.environment:checking '/home/amin/cobot/cobot_ws/install/mycobot_320pi' for CMake config files
[8.612s] Level 1:colcon.colcon_core.environment:checking '/home/amin/cobot/cobot_ws/install/mycobot_320pi/lib'
[8.611s] DEBUG:colcon.colcon_core.event_handler.log_command:Invoked command in '/home/amin/cobot/cobot_ws/src/mycobot_ros2/mycobot_320/mycobot_320pi' returned '0': AMENT_PREFIX_PATH=/home/amin/cobot/cobot_ws/install/mycobot_description:/home/amin/cobot/cobot_ws/install/ultraarm:/home/amin/cobot/cobot_ws/install/pro450_moveit2_control:/home/amin/cobot/cobot_ws/install/pro450_moveit2:/home/amin/cobot/cobot_ws/install/mypalletizer_communication:/home/amin/cobot/cobot_ws/install/mypalletizer_interfaces:/home/amin/cobot/cobot_ws/install/mypalletizer_260_pi:/home/amin/cobot/cobot_ws/install/mypalletizer_260:/home/amin/cobot/cobot_ws/install/mycobot_pro_450:/home/amin/cobot/cobot_ws/install/mycobot_pro450_interfaces:/home/amin/cobot/cobot_ws/install/myarm_m750:/home/amin/cobot/cobot_ws/install/myarm_c650:/home/amin/cobot/cobot_ws/install/mycobot_communication:/home/amin/cobot/cobot_ws/install/mecharm_communication:/home/amin/cobot/cobot_ws/install/mycobot_interfaces:/home/amin/cobot/cobot_ws/install/mycobot_630:/home/amin/cobot/cobot_ws/install/mycobot_600:/home/amin/cobot/cobot_ws/install/mycobot_320pi:/home/amin/cobot/cobot_ws/install/mycobot_320_riscv:/home/amin/cobot/cobot_ws/install/mycobot_320:/home/amin/cobot/cobot_ws/install/mycobot_280rdkx5_moveit2:/home/amin/cobot/cobot_ws/install/mycobot_280pi:/home/amin/cobot/cobot_ws/install/mycobot_280jn:/home/amin/cobot/cobot_ws/install/mycobot_280arduino_moveit2:/home/amin/cobot/cobot_ws/install/mycobot_280_x3pi:/home/amin/cobot/cobot_ws/install/mycobot_280_riscv:/home/amin/cobot/cobot_ws/install/mycobot_280_rdkx5:/home/amin/cobot/cobot_ws/install/mycobot_280_moveit2_control:/home/amin/cobot/cobot_ws/install/mycobot_280_moveit2:/home/amin/cobot/cobot_ws/install/mycobot_280_gazebo_jazzy:/home/amin/cobot/cobot_ws/install/mycobot_280_gazebo:/home/amin/cobot/cobot_ws/install/mycobot_280_arduino:/home/amin/cobot/cobot_ws/install/mycobot_280:/home/amin/cobot/cobot_ws/install/mybuddy:/home/amin/cobot/cobot_ws/install/myarm_300:/home/amin/cobot/cobot_ws/install/mecharm_pi:/home/amin/cobot/cobot_ws/install/mecharm:/home/amin/cobot/cobot_ws/install/mecharm_interfaces:/opt/ros/jazzy DEBUGINFOD_URLS=https://debuginfod.ubuntu.com PYTHONPATH=/home/amin/cobot/cobot_ws/build/mycobot_320pi/prefix_override:/usr/lib/python3/dist-packages/colcon_core/task/python/colcon_distutils_commands:/home/amin/cobot/cobot_ws/install/mycobot_320pi/lib/python3.12/site-packages:/home/amin/cobot/cobot_ws/install/mycobot_description/lib/python3.12/site-packages:/home/amin/cobot/cobot_ws/install/ultraarm/lib/python3.12/site-packages:/home/amin/cobot/cobot_ws/install/pro450_moveit2_control/lib/python3.12/site-packages:/home/amin/cobot/cobot_ws/install/mypalletizer_communication/lib/python3.12/site-packages:/home/amin/cobot/cobot_ws/install/mypalletizer_interfaces/lib/python3.12/site-packages:/home/amin/cobot/cobot_ws/install/mypalletizer_260_pi/lib/python3.12/site-packages:/home/amin/cobot/cobot_ws/install/mypalletizer_260/lib/python3.12/site-packages:/home/amin/cobot/cobot_ws/install/mycobot_pro_450/lib/python3.12/site-packages:/home/amin/cobot/cobot_ws/install/mycobot_pro450_interfaces/lib/python3.12/site-packages:/home/amin/cobot/cobot_ws/install/myarm_m750/lib/python3.12/site-packages:/home/amin/cobot/cobot_ws/install/myarm_c650/lib/python3.12/site-packages:/home/amin/cobot/cobot_ws/install/mycobot_communication/lib/python3.12/site-packages:/home/amin/cobot/cobot_ws/install/mecharm_communication/lib/python3.12/site-packages:/home/amin/cobot/cobot_ws/install/mycobot_interfaces/lib/python3.12/site-packages:/home/amin/cobot/cobot_ws/install/mycobot_630/lib/python3.12/site-packages:/home/amin/cobot/cobot_ws/install/mycobot_600/lib/python3.12/site-packages:/home/amin/cobot/cobot_ws/install/mycobot_320pi/lib/python3.12/site-packages:/home/amin/cobot/cobot_ws/install/mycobot_320_riscv/lib/python3.12/site-packages:/home/amin/cobot/cobot_ws/install/mycobot_320/lib/python3.12/site-packages:/home/amin/cobot/cobot_ws/install/mycobot_280pi/lib/python3.12/site-packages:/home/amin/cobot/cobot_ws/install/mycobot_280jn/lib/python3.12/site-packages:/home/amin/cobot/cobot_ws/install/mycobot_280_x3pi/lib/python3.12/site-packages:/home/amin/cobot/cobot_ws/install/mycobot_280_riscv/lib/python3.12/site-packages:/home/amin/cobot/cobot_ws/install/mycobot_280_rdkx5/lib/python3.12/site-packages:/home/amin/cobot/cobot_ws/install/mycobot_280_moveit2_control/lib/python3.12/site-packages:/home/amin/cobot/cobot_ws/install/mycobot_280_arduino/lib/python3.12/site-packages:/home/amin/cobot/cobot_ws/install/mycobot_280/lib/python3.12/site-packages:/home/amin/cobot/cobot_ws/install/mybuddy/lib/python3.12/site-packages:/home/amin/cobot/cobot_ws/install/myarm_300/lib/python3.12/site-packages:/home/amin/cobot/cobot_ws/install/mecharm_pi/lib/python3.12/site-packages:/home/amin/cobot/cobot_ws/install/mecharm/lib/python3.12/site-packages:/home/amin/cobot/cobot_ws/install/mecharm_interfaces/lib/python3.12/site-packages:/opt/ros/jazzy/lib/python3.12/site-packages /usr/bin/python3 -W ignore:setup.py install is deprecated -W ignore:easy_install command is deprecated setup.py egg_info --egg-base ../../../../build/mycobot_320pi build --build-base /home/amin/cobot/cobot_ws/build/mycobot_320pi/build install --record /home/amin/cobot/cobot_ws/build/mycobot_320pi/install.log --single-version-externally-managed install_data
[8.613s] Level 1:colcon.colcon_core.environment:checking '/home/amin/cobot/cobot_ws/install/mycobot_320pi/bin'
[8.614s] Level 1:colcon.colcon_core.environment:checking '/home/amin/cobot/cobot_ws/install/mycobot_320pi/lib/pkgconfig/mycobot_320pi.pc'
[8.614s] Level 1:colcon.colcon_core.environment:checking '/home/amin/cobot/cobot_ws/install/mycobot_320pi/lib/python3.12/site-packages'
[8.614s] Level 1:colcon.colcon_core.shell:create_environment_hook('mycobot_320pi', 'pythonpath')
[8.617s] INFO:colcon.colcon_core.shell:Creating environment hook '/home/amin/cobot/cobot_ws/install/mycobot_320pi/share/mycobot_320pi/hook/pythonpath.ps1'
[8.618s] INFO:colcon.colcon_core.shell:Creating environment descriptor '/home/amin/cobot/cobot_ws/install/mycobot_320pi/share/mycobot_320pi/hook/pythonpath.dsv'
[8.618s] INFO:colcon.colcon_core.shell:Creating environment hook '/home/amin/cobot/cobot_ws/install/mycobot_320pi/share/mycobot_320pi/hook/pythonpath.sh'
[8.619s] Level 1:colcon.colcon_core.environment:checking '/home/amin/cobot/cobot_ws/install/mycobot_320pi/bin'
[8.619s] Level 1:colcon.colcon_core.environment:create_environment_scripts_only(mycobot_320pi)
[8.620s] INFO:colcon.colcon_core.shell:Creating package script '/home/amin/cobot/cobot_ws/install/mycobot_320pi/share/mycobot_320pi/package.ps1'
[8.620s] INFO:colcon.colcon_core.shell:Creating package descriptor '/home/amin/cobot/cobot_ws/install/mycobot_320pi/share/mycobot_320pi/package.dsv'
[8.621s] INFO:colcon.colcon_core.shell:Creating package script '/home/amin/cobot/cobot_ws/install/mycobot_320pi/share/mycobot_320pi/package.sh'
[8.621s] INFO:colcon.colcon_core.shell:Creating package script '/home/amin/cobot/cobot_ws/install/mycobot_320pi/share/mycobot_320pi/package.bash'
[8.621s] INFO:colcon.colcon_core.shell:Creating package script '/home/amin/cobot/cobot_ws/install/mycobot_320pi/share/mycobot_320pi/package.zsh'
[8.622s] Level 1:colcon.colcon_core.environment:create_file_with_runtime_dependencies(/home/amin/cobot/cobot_ws/install/mycobot_320pi/share/colcon-core/packages/mycobot_320pi)
[8.622s] INFO:colcon.colcon_ros.task.ament_python.build:Building ROS package in '/home/amin/cobot/cobot_ws/src/mycobot_ros2/myArm/myarm_c650' with build type 'ament_python'
[8.623s] Level 1:colcon.colcon_core.shell:create_environment_hook('myarm_c650', 'ament_prefix_path')
[8.623s] INFO:colcon.colcon_core.shell:Creating environment hook '/home/amin/cobot/cobot_ws/install/myarm_c650/share/myarm_c650/hook/ament_prefix_path.ps1'
[8.623s] INFO:colcon.colcon_core.shell:Creating environment descriptor '/home/amin/cobot/cobot_ws/install/myarm_c650/share/myarm_c650/hook/ament_prefix_path.dsv'
[8.624s] INFO:colcon.colcon_core.shell:Creating environment hook '/home/amin/cobot/cobot_ws/install/myarm_c650/share/myarm_c650/hook/ament_prefix_path.sh'
[8.624s] INFO:colcon.colcon_core.shell:Skip shell extension 'powershell' for command environment: Not usable outside of PowerShell
[8.624s] DEBUG:colcon.colcon_core.shell:Skip shell extension 'dsv' for command environment
[8.632s] INFO:colcon.colcon_ros.task.ament_python.build:Building ROS package in '/home/amin/cobot/cobot_ws/src/mycobot_ros2/myArm/myarm_m750' with build type 'ament_python'
[8.632s] Level 1:colcon.colcon_core.shell:create_environment_hook('myarm_m750', 'ament_prefix_path')
[8.632s] INFO:colcon.colcon_core.shell:Creating environment hook '/home/amin/cobot/cobot_ws/install/myarm_m750/share/myarm_m750/hook/ament_prefix_path.ps1'
[8.633s] INFO:colcon.colcon_core.shell:Creating environment descriptor '/home/amin/cobot/cobot_ws/install/myarm_m750/share/myarm_m750/hook/ament_prefix_path.dsv'
[8.633s] INFO:colcon.colcon_core.shell:Creating environment hook '/home/amin/cobot/cobot_ws/install/myarm_m750/share/myarm_m750/hook/ament_prefix_path.sh'
[8.634s] INFO:colcon.colcon_core.shell:Skip shell extension 'powershell' for command environment: Not usable outside of PowerShell
[8.634s] DEBUG:colcon.colcon_core.shell:Skip shell extension 'dsv' for command environment
[8.649s] Level 1:colcon.colcon_core.environment:checking '/home/amin/cobot/cobot_ws/install/mycobot_pro_450' for CMake module files
[8.649s] DEBUG:colcon.colcon_core.event_handler.log_command:Invoked command in '/home/amin/cobot/cobot_ws/src/mycobot_ros2/mycobot_pro/mycobot_pro_450' returned '0': AMENT_PREFIX_PATH=/home/amin/cobot/cobot_ws/install/mycobot_description:/home/amin/cobot/cobot_ws/install/ultraarm:/home/amin/cobot/cobot_ws/install/pro450_moveit2_control:/home/amin/cobot/cobot_ws/install/pro450_moveit2:/home/amin/cobot/cobot_ws/install/mypalletizer_communication:/home/amin/cobot/cobot_ws/install/mypalletizer_interfaces:/home/amin/cobot/cobot_ws/install/mypalletizer_260_pi:/home/amin/cobot/cobot_ws/install/mypalletizer_260:/home/amin/cobot/cobot_ws/install/mycobot_pro_450:/home/amin/cobot/cobot_ws/install/mycobot_pro450_interfaces:/home/amin/cobot/cobot_ws/install/myarm_m750:/home/amin/cobot/cobot_ws/install/myarm_c650:/home/amin/cobot/cobot_ws/install/mycobot_communication:/home/amin/cobot/cobot_ws/install/mecharm_communication:/home/amin/cobot/cobot_ws/install/mycobot_interfaces:/home/amin/cobot/cobot_ws/install/mycobot_630:/home/amin/cobot/cobot_ws/install/mycobot_600:/home/amin/cobot/cobot_ws/install/mycobot_320pi:/home/amin/cobot/cobot_ws/install/mycobot_320_riscv:/home/amin/cobot/cobot_ws/install/mycobot_320:/home/amin/cobot/cobot_ws/install/mycobot_280rdkx5_moveit2:/home/amin/cobot/cobot_ws/install/mycobot_280pi:/home/amin/cobot/cobot_ws/install/mycobot_280jn:/home/amin/cobot/cobot_ws/install/mycobot_280arduino_moveit2:/home/amin/cobot/cobot_ws/install/mycobot_280_x3pi:/home/amin/cobot/cobot_ws/install/mycobot_280_riscv:/home/amin/cobot/cobot_ws/install/mycobot_280_rdkx5:/home/amin/cobot/cobot_ws/install/mycobot_280_moveit2_control:/home/amin/cobot/cobot_ws/install/mycobot_280_moveit2:/home/amin/cobot/cobot_ws/install/mycobot_280_gazebo_jazzy:/home/amin/cobot/cobot_ws/install/mycobot_280_gazebo:/home/amin/cobot/cobot_ws/install/mycobot_280_arduino:/home/amin/cobot/cobot_ws/install/mycobot_280:/home/amin/cobot/cobot_ws/install/mybuddy:/home/amin/cobot/cobot_ws/install/myarm_300:/home/amin/cobot/cobot_ws/install/mecharm_pi:/home/amin/cobot/cobot_ws/install/mecharm:/home/amin/cobot/cobot_ws/install/mecharm_interfaces:/opt/ros/jazzy DEBUGINFOD_URLS=https://debuginfod.ubuntu.com PYTHONPATH=/home/amin/cobot/cobot_ws/build/mycobot_pro_450/prefix_override:/usr/lib/python3/dist-packages/colcon_core/task/python/colcon_distutils_commands:/home/amin/cobot/cobot_ws/install/mycobot_pro_450/lib/python3.12/site-packages:/home/amin/cobot/cobot_ws/install/mycobot_description/lib/python3.12/site-packages:/home/amin/cobot/cobot_ws/install/ultraarm/lib/python3.12/site-packages:/home/amin/cobot/cobot_ws/install/pro450_moveit2_control/lib/python3.12/site-packages:/home/amin/cobot/cobot_ws/install/mypalletizer_communication/lib/python3.12/site-packages:/home/amin/cobot/cobot_ws/install/mypalletizer_interfaces/lib/python3.12/site-packages:/home/amin/cobot/cobot_ws/install/mypalletizer_260_pi/lib/python3.12/site-packages:/home/amin/cobot/cobot_ws/install/mypalletizer_260/lib/python3.12/site-packages:/home/amin/cobot/cobot_ws/install/mycobot_pro_450/lib/python3.12/site-packages:/home/amin/cobot/cobot_ws/install/mycobot_pro450_interfaces/lib/python3.12/site-packages:/home/amin/cobot/cobot_ws/install/myarm_m750/lib/python3.12/site-packages:/home/amin/cobot/cobot_ws/install/myarm_c650/lib/python3.12/site-packages:/home/amin/cobot/cobot_ws/install/mycobot_communication/lib/python3.12/site-packages:/home/amin/cobot/cobot_ws/install/mecharm_communication/lib/python3.12/site-packages:/home/amin/cobot/cobot_ws/install/mycobot_interfaces/lib/python3.12/site-packages:/home/amin/cobot/cobot_ws/install/mycobot_630/lib/python3.12/site-packages:/home/amin/cobot/cobot_ws/install/mycobot_600/lib/python3.12/site-packages:/home/amin/cobot/cobot_ws/install/mycobot_320pi/lib/python3.12/site-packages:/home/amin/cobot/cobot_ws/install/mycobot_320_riscv/lib/python3.12/site-packages:/home/amin/cobot/cobot_ws/install/mycobot_320/lib/python3.12/site-packages:/home/amin/cobot/cobot_ws/install/mycobot_280pi/lib/python3.12/site-packages:/home/amin/cobot/cobot_ws/install/mycobot_280jn/lib/python3.12/site-packages:/home/amin/cobot/cobot_ws/install/mycobot_280_x3pi/lib/python3.12/site-packages:/home/amin/cobot/cobot_ws/install/mycobot_280_riscv/lib/python3.12/site-packages:/home/amin/cobot/cobot_ws/install/mycobot_280_rdkx5/lib/python3.12/site-packages:/home/amin/cobot/cobot_ws/install/mycobot_280_moveit2_control/lib/python3.12/site-packages:/home/amin/cobot/cobot_ws/install/mycobot_280_arduino/lib/python3.12/site-packages:/home/amin/cobot/cobot_ws/install/mycobot_280/lib/python3.12/site-packages:/home/amin/cobot/cobot_ws/install/mybuddy/lib/python3.12/site-packages:/home/amin/cobot/cobot_ws/install/myarm_300/lib/python3.12/site-packages:/home/amin/cobot/cobot_ws/install/mecharm_pi/lib/python3.12/site-packages:/home/amin/cobot/cobot_ws/install/mecharm/lib/python3.12/site-packages:/home/amin/cobot/cobot_ws/install/mecharm_interfaces/lib/python3.12/site-packages:/opt/ros/jazzy/lib/python3.12/site-packages /usr/bin/python3 -W ignore:setup.py install is deprecated -W ignore:easy_install command is deprecated setup.py egg_info --egg-base ../../../../build/mycobot_pro_450 build --build-base /home/amin/cobot/cobot_ws/build/mycobot_pro_450/build install --record /home/amin/cobot/cobot_ws/build/mycobot_pro_450/install.log --single-version-externally-managed install_data
[8.650s] Level 1:colcon.colcon_core.environment:checking '/home/amin/cobot/cobot_ws/install/mycobot_pro_450' for CMake config files
[8.650s] Level 1:colcon.colcon_core.environment:checking '/home/amin/cobot/cobot_ws/install/mycobot_pro_450/lib'
[8.651s] Level 1:colcon.colcon_core.environment:checking '/home/amin/cobot/cobot_ws/install/mycobot_pro_450/bin'
[8.651s] Level 1:colcon.colcon_core.environment:checking '/home/amin/cobot/cobot_ws/install/mycobot_pro_450/lib/pkgconfig/mycobot_pro_450.pc'
[8.651s] Level 1:colcon.colcon_core.environment:checking '/home/amin/cobot/cobot_ws/install/mycobot_pro_450/lib/python3.12/site-packages'
[8.651s] Level 1:colcon.colcon_core.shell:create_environment_hook('mycobot_pro_450', 'pythonpath')
[8.651s] INFO:colcon.colcon_core.shell:Creating environment hook '/home/amin/cobot/cobot_ws/install/mycobot_pro_450/share/mycobot_pro_450/hook/pythonpath.ps1'
[8.652s] INFO:colcon.colcon_core.shell:Creating environment descriptor '/home/amin/cobot/cobot_ws/install/mycobot_pro_450/share/mycobot_pro_450/hook/pythonpath.dsv'
[8.652s] INFO:colcon.colcon_core.shell:Creating environment hook '/home/amin/cobot/cobot_ws/install/mycobot_pro_450/share/mycobot_pro_450/hook/pythonpath.sh'
[8.656s] Level 1:colcon.colcon_core.environment:checking '/home/amin/cobot/cobot_ws/install/mycobot_pro_450/bin'
[8.656s] Level 1:colcon.colcon_core.environment:create_environment_scripts_only(mycobot_pro_450)
[8.657s] INFO:colcon.colcon_core.shell:Creating package script '/home/amin/cobot/cobot_ws/install/mycobot_pro_450/share/mycobot_pro_450/package.ps1'
[8.657s] INFO:colcon.colcon_core.shell:Creating package descriptor '/home/amin/cobot/cobot_ws/install/mycobot_pro_450/share/mycobot_pro_450/package.dsv'
[8.658s] INFO:colcon.colcon_core.shell:Creating package script '/home/amin/cobot/cobot_ws/install/mycobot_pro_450/share/mycobot_pro_450/package.sh'
[8.658s] INFO:colcon.colcon_core.shell:Creating package script '/home/amin/cobot/cobot_ws/install/mycobot_pro_450/share/mycobot_pro_450/package.bash'
[8.658s] INFO:colcon.colcon_core.shell:Creating package script '/home/amin/cobot/cobot_ws/install/mycobot_pro_450/share/mycobot_pro_450/package.zsh'
[8.659s] Level 1:colcon.colcon_core.environment:create_file_with_runtime_dependencies(/home/amin/cobot/cobot_ws/install/mycobot_pro_450/share/colcon-core/packages/mycobot_pro_450)
[8.847s] INFO:colcon.colcon_core.task.python.build:Building Python package in '/home/amin/cobot/cobot_ws/src/mycobot_ros2/myArm/myarm_c650'
[8.847s] INFO:colcon.colcon_core.shell:Skip shell extension 'powershell' for command environment: Not usable outside of PowerShell
[8.847s] DEBUG:colcon.colcon_core.shell:Skip shell extension 'dsv' for command environment
[8.851s] INFO:colcon.colcon_ros.task.ament_python.build:Building ROS package in '/home/amin/cobot/cobot_ws/src/mycobot_ros2/mycobot_280/mycobot_280_rdkx5' with build type 'ament_python'
[8.852s] Level 1:colcon.colcon_core.shell:create_environment_hook('mycobot_280_rdkx5', 'ament_prefix_path')
[8.852s] INFO:colcon.colcon_core.shell:Creating environment hook '/home/amin/cobot/cobot_ws/install/mycobot_280_rdkx5/share/mycobot_280_rdkx5/hook/ament_prefix_path.ps1'
[8.852s] INFO:colcon.colcon_core.shell:Creating environment descriptor '/home/amin/cobot/cobot_ws/install/mycobot_280_rdkx5/share/mycobot_280_rdkx5/hook/ament_prefix_path.dsv'
[8.853s] INFO:colcon.colcon_core.shell:Creating environment hook '/home/amin/cobot/cobot_ws/install/mycobot_280_rdkx5/share/mycobot_280_rdkx5/hook/ament_prefix_path.sh'
[8.853s] INFO:colcon.colcon_core.shell:Skip shell extension 'powershell' for command environment: Not usable outside of PowerShell
[8.853s] DEBUG:colcon.colcon_core.shell:Skip shell extension 'dsv' for command environment
[9.041s] INFO:colcon.colcon_core.task.python.build:Building Python package in '/home/amin/cobot/cobot_ws/src/mycobot_ros2/myArm/myarm_m750'
[9.041s] INFO:colcon.colcon_core.shell:Skip shell extension 'powershell' for command environment: Not usable outside of PowerShell
[9.041s] DEBUG:colcon.colcon_core.shell:Skip shell extension 'dsv' for command environment
[9.048s] Level 1:colcon.colcon_core.environment:checking '/home/amin/cobot/cobot_ws/install/mycobot_630' for CMake module files
[9.049s] DEBUG:colcon.colcon_core.event_handler.log_command:Invoked command in '/home/amin/cobot/cobot_ws/src/mycobot_ros2/mycobot_pro/mycobot_630' returned '0': AMENT_PREFIX_PATH=/home/amin/cobot/cobot_ws/install/mycobot_description:/home/amin/cobot/cobot_ws/install/ultraarm:/home/amin/cobot/cobot_ws/install/pro450_moveit2_control:/home/amin/cobot/cobot_ws/install/pro450_moveit2:/home/amin/cobot/cobot_ws/install/mypalletizer_communication:/home/amin/cobot/cobot_ws/install/mypalletizer_interfaces:/home/amin/cobot/cobot_ws/install/mypalletizer_260_pi:/home/amin/cobot/cobot_ws/install/mypalletizer_260:/home/amin/cobot/cobot_ws/install/mycobot_pro_450:/home/amin/cobot/cobot_ws/install/mycobot_pro450_interfaces:/home/amin/cobot/cobot_ws/install/myarm_m750:/home/amin/cobot/cobot_ws/install/myarm_c650:/home/amin/cobot/cobot_ws/install/mycobot_communication:/home/amin/cobot/cobot_ws/install/mecharm_communication:/home/amin/cobot/cobot_ws/install/mycobot_interfaces:/home/amin/cobot/cobot_ws/install/mycobot_630:/home/amin/cobot/cobot_ws/install/mycobot_600:/home/amin/cobot/cobot_ws/install/mycobot_320pi:/home/amin/cobot/cobot_ws/install/mycobot_320_riscv:/home/amin/cobot/cobot_ws/install/mycobot_320:/home/amin/cobot/cobot_ws/install/mycobot_280rdkx5_moveit2:/home/amin/cobot/cobot_ws/install/mycobot_280pi:/home/amin/cobot/cobot_ws/install/mycobot_280jn:/home/amin/cobot/cobot_ws/install/mycobot_280arduino_moveit2:/home/amin/cobot/cobot_ws/install/mycobot_280_x3pi:/home/amin/cobot/cobot_ws/install/mycobot_280_riscv:/home/amin/cobot/cobot_ws/install/mycobot_280_rdkx5:/home/amin/cobot/cobot_ws/install/mycobot_280_moveit2_control:/home/amin/cobot/cobot_ws/install/mycobot_280_moveit2:/home/amin/cobot/cobot_ws/install/mycobot_280_gazebo_jazzy:/home/amin/cobot/cobot_ws/install/mycobot_280_gazebo:/home/amin/cobot/cobot_ws/install/mycobot_280_arduino:/home/amin/cobot/cobot_ws/install/mycobot_280:/home/amin/cobot/cobot_ws/install/mybuddy:/home/amin/cobot/cobot_ws/install/myarm_300:/home/amin/cobot/cobot_ws/install/mecharm_pi:/home/amin/cobot/cobot_ws/install/mecharm:/home/amin/cobot/cobot_ws/install/mecharm_interfaces:/opt/ros/jazzy DEBUGINFOD_URLS=https://debuginfod.ubuntu.com PYTHONPATH=/home/amin/cobot/cobot_ws/build/mycobot_630/prefix_override:/usr/lib/python3/dist-packages/colcon_core/task/python/colcon_distutils_commands:/home/amin/cobot/cobot_ws/install/mycobot_630/lib/python3.12/site-packages:/home/amin/cobot/cobot_ws/install/mycobot_description/lib/python3.12/site-packages:/home/amin/cobot/cobot_ws/install/ultraarm/lib/python3.12/site-packages:/home/amin/cobot/cobot_ws/install/pro450_moveit2_control/lib/python3.12/site-packages:/home/amin/cobot/cobot_ws/install/mypalletizer_communication/lib/python3.12/site-packages:/home/amin/cobot/cobot_ws/install/mypalletizer_interfaces/lib/python3.12/site-packages:/home/amin/cobot/cobot_ws/install/mypalletizer_260_pi/lib/python3.12/site-packages:/home/amin/cobot/cobot_ws/install/mypalletizer_260/lib/python3.12/site-packages:/home/amin/cobot/cobot_ws/install/mycobot_pro_450/lib/python3.12/site-packages:/home/amin/cobot/cobot_ws/install/mycobot_pro450_interfaces/lib/python3.12/site-packages:/home/amin/cobot/cobot_ws/install/myarm_m750/lib/python3.12/site-packages:/home/amin/cobot/cobot_ws/install/myarm_c650/lib/python3.12/site-packages:/home/amin/cobot/cobot_ws/install/mycobot_communication/lib/python3.12/site-packages:/home/amin/cobot/cobot_ws/install/mecharm_communication/lib/python3.12/site-packages:/home/amin/cobot/cobot_ws/install/mycobot_interfaces/lib/python3.12/site-packages:/home/amin/cobot/cobot_ws/install/mycobot_630/lib/python3.12/site-packages:/home/amin/cobot/cobot_ws/install/mycobot_600/lib/python3.12/site-packages:/home/amin/cobot/cobot_ws/install/mycobot_320pi/lib/python3.12/site-packages:/home/amin/cobot/cobot_ws/install/mycobot_320_riscv/lib/python3.12/site-packages:/home/amin/cobot/cobot_ws/install/mycobot_320/lib/python3.12/site-packages:/home/amin/cobot/cobot_ws/install/mycobot_280pi/lib/python3.12/site-packages:/home/amin/cobot/cobot_ws/install/mycobot_280jn/lib/python3.12/site-packages:/home/amin/cobot/cobot_ws/install/mycobot_280_x3pi/lib/python3.12/site-packages:/home/amin/cobot/cobot_ws/install/mycobot_280_riscv/lib/python3.12/site-packages:/home/amin/cobot/cobot_ws/install/mycobot_280_rdkx5/lib/python3.12/site-packages:/home/amin/cobot/cobot_ws/install/mycobot_280_moveit2_control/lib/python3.12/site-packages:/home/amin/cobot/cobot_ws/install/mycobot_280_arduino/lib/python3.12/site-packages:/home/amin/cobot/cobot_ws/install/mycobot_280/lib/python3.12/site-packages:/home/amin/cobot/cobot_ws/install/mybuddy/lib/python3.12/site-packages:/home/amin/cobot/cobot_ws/install/myarm_300/lib/python3.12/site-packages:/home/amin/cobot/cobot_ws/install/mecharm_pi/lib/python3.12/site-packages:/home/amin/cobot/cobot_ws/install/mecharm/lib/python3.12/site-packages:/home/amin/cobot/cobot_ws/install/mecharm_interfaces/lib/python3.12/site-packages:/opt/ros/jazzy/lib/python3.12/site-packages /usr/bin/python3 -W ignore:setup.py install is deprecated -W ignore:easy_install command is deprecated setup.py egg_info --egg-base ../../../../build/mycobot_630 build --build-base /home/amin/cobot/cobot_ws/build/mycobot_630/build install --record /home/amin/cobot/cobot_ws/build/mycobot_630/install.log --single-version-externally-managed install_data
[9.049s] Level 1:colcon.colcon_core.environment:checking '/home/amin/cobot/cobot_ws/install/mycobot_630' for CMake config files
[9.050s] Level 1:colcon.colcon_core.environment:checking '/home/amin/cobot/cobot_ws/install/mycobot_630/lib'
[9.050s] Level 1:colcon.colcon_core.environment:checking '/home/amin/cobot/cobot_ws/install/mycobot_630/bin'
[9.050s] Level 1:colcon.colcon_core.environment:checking '/home/amin/cobot/cobot_ws/install/mycobot_630/lib/pkgconfig/mycobot_630.pc'
[9.050s] Level 1:colcon.colcon_core.environment:checking '/home/amin/cobot/cobot_ws/install/mycobot_630/lib/python3.12/site-packages'
[9.050s] Level 1:colcon.colcon_core.shell:create_environment_hook('mycobot_630', 'pythonpath')
[9.050s] INFO:colcon.colcon_core.shell:Creating environment hook '/home/amin/cobot/cobot_ws/install/mycobot_630/share/mycobot_630/hook/pythonpath.ps1'
[9.051s] INFO:colcon.colcon_core.shell:Creating environment descriptor '/home/amin/cobot/cobot_ws/install/mycobot_630/share/mycobot_630/hook/pythonpath.dsv'
[9.051s] INFO:colcon.colcon_core.shell:Creating environment hook '/home/amin/cobot/cobot_ws/install/mycobot_630/share/mycobot_630/hook/pythonpath.sh'
[9.052s] Level 1:colcon.colcon_core.environment:checking '/home/amin/cobot/cobot_ws/install/mycobot_630/bin'
[9.052s] Level 1:colcon.colcon_core.environment:create_environment_scripts_only(mycobot_630)
[9.052s] INFO:colcon.colcon_core.shell:Creating package script '/home/amin/cobot/cobot_ws/install/mycobot_630/share/mycobot_630/package.ps1'
[9.052s] INFO:colcon.colcon_core.shell:Creating package descriptor '/home/amin/cobot/cobot_ws/install/mycobot_630/share/mycobot_630/package.dsv'
[9.053s] INFO:colcon.colcon_core.shell:Creating package script '/home/amin/cobot/cobot_ws/install/mycobot_630/share/mycobot_630/package.sh'
[9.053s] INFO:colcon.colcon_core.shell:Creating package script '/home/amin/cobot/cobot_ws/install/mycobot_630/share/mycobot_630/package.bash'
[9.053s] INFO:colcon.colcon_core.shell:Creating package script '/home/amin/cobot/cobot_ws/install/mycobot_630/share/mycobot_630/package.zsh'
[9.054s] Level 1:colcon.colcon_core.environment:create_file_with_runtime_dependencies(/home/amin/cobot/cobot_ws/install/mycobot_630/share/colcon-core/packages/mycobot_630)
[9.056s] DEBUG:colcon.colcon_core.event_handler.log_command:Invoking command in '/home/amin/cobot/cobot_ws/src/mycobot_ros2/mypalletizer_260/mypalletizer_260_pi': AMENT_PREFIX_PATH=/home/amin/cobot/cobot_ws/install/mycobot_description:/home/amin/cobot/cobot_ws/install/ultraarm:/home/amin/cobot/cobot_ws/install/pro450_moveit2_control:/home/amin/cobot/cobot_ws/install/pro450_moveit2:/home/amin/cobot/cobot_ws/install/mypalletizer_communication:/home/amin/cobot/cobot_ws/install/mypalletizer_interfaces:/home/amin/cobot/cobot_ws/install/mypalletizer_260_pi:/home/amin/cobot/cobot_ws/install/mypalletizer_260:/home/amin/cobot/cobot_ws/install/mycobot_pro_450:/home/amin/cobot/cobot_ws/install/mycobot_pro450_interfaces:/home/amin/cobot/cobot_ws/install/myarm_m750:/home/amin/cobot/cobot_ws/install/myarm_c650:/home/amin/cobot/cobot_ws/install/mycobot_communication:/home/amin/cobot/cobot_ws/install/mecharm_communication:/home/amin/cobot/cobot_ws/install/mycobot_interfaces:/home/amin/cobot/cobot_ws/install/mycobot_630:/home/amin/cobot/cobot_ws/install/mycobot_600:/home/amin/cobot/cobot_ws/install/mycobot_320pi:/home/amin/cobot/cobot_ws/install/mycobot_320_riscv:/home/amin/cobot/cobot_ws/install/mycobot_320:/home/amin/cobot/cobot_ws/install/mycobot_280rdkx5_moveit2:/home/amin/cobot/cobot_ws/install/mycobot_280pi:/home/amin/cobot/cobot_ws/install/mycobot_280jn:/home/amin/cobot/cobot_ws/install/mycobot_280arduino_moveit2:/home/amin/cobot/cobot_ws/install/mycobot_280_x3pi:/home/amin/cobot/cobot_ws/install/mycobot_280_riscv:/home/amin/cobot/cobot_ws/install/mycobot_280_rdkx5:/home/amin/cobot/cobot_ws/install/mycobot_280_moveit2_control:/home/amin/cobot/cobot_ws/install/mycobot_280_moveit2:/home/amin/cobot/cobot_ws/install/mycobot_280_gazebo_jazzy:/home/amin/cobot/cobot_ws/install/mycobot_280_gazebo:/home/amin/cobot/cobot_ws/install/mycobot_280_arduino:/home/amin/cobot/cobot_ws/install/mycobot_280:/home/amin/cobot/cobot_ws/install/mybuddy:/home/amin/cobot/cobot_ws/install/myarm_300:/home/amin/cobot/cobot_ws/install/mecharm_pi:/home/amin/cobot/cobot_ws/install/mecharm:/home/amin/cobot/cobot_ws/install/mecharm_interfaces:/opt/ros/jazzy DEBUGINFOD_URLS=https://debuginfod.ubuntu.com PYTHONPATH=/home/amin/cobot/cobot_ws/build/mypalletizer_260_pi/prefix_override:/usr/lib/python3/dist-packages/colcon_core/task/python/colcon_distutils_commands:/home/amin/cobot/cobot_ws/install/mypalletizer_260_pi/lib/python3.12/site-packages:/home/amin/cobot/cobot_ws/install/mycobot_description/lib/python3.12/site-packages:/home/amin/cobot/cobot_ws/install/ultraarm/lib/python3.12/site-packages:/home/amin/cobot/cobot_ws/install/pro450_moveit2_control/lib/python3.12/site-packages:/home/amin/cobot/cobot_ws/install/mypalletizer_communication/lib/python3.12/site-packages:/home/amin/cobot/cobot_ws/install/mypalletizer_interfaces/lib/python3.12/site-packages:/home/amin/cobot/cobot_ws/install/mypalletizer_260_pi/lib/python3.12/site-packages:/home/amin/cobot/cobot_ws/install/mypalletizer_260/lib/python3.12/site-packages:/home/amin/cobot/cobot_ws/install/mycobot_pro_450/lib/python3.12/site-packages:/home/amin/cobot/cobot_ws/install/mycobot_pro450_interfaces/lib/python3.12/site-packages:/home/amin/cobot/cobot_ws/install/myarm_m750/lib/python3.12/site-packages:/home/amin/cobot/cobot_ws/install/myarm_c650/lib/python3.12/site-packages:/home/amin/cobot/cobot_ws/install/mycobot_communication/lib/python3.12/site-packages:/home/amin/cobot/cobot_ws/install/mecharm_communication/lib/python3.12/site-packages:/home/amin/cobot/cobot_ws/install/mycobot_interfaces/lib/python3.12/site-packages:/home/amin/cobot/cobot_ws/install/mycobot_630/lib/python3.12/site-packages:/home/amin/cobot/cobot_ws/install/mycobot_600/lib/python3.12/site-packages:/home/amin/cobot/cobot_ws/install/mycobot_320pi/lib/python3.12/site-packages:/home/amin/cobot/cobot_ws/install/mycobot_320_riscv/lib/python3.12/site-packages:/home/amin/cobot/cobot_ws/install/mycobot_320/lib/python3.12/site-packages:/home/amin/cobot/cobot_ws/install/mycobot_280pi/lib/python3.12/site-packages:/home/amin/cobot/cobot_ws/install/mycobot_280jn/lib/python3.12/site-packages:/home/amin/cobot/cobot_ws/install/mycobot_280_x3pi/lib/python3.12/site-packages:/home/amin/cobot/cobot_ws/install/mycobot_280_riscv/lib/python3.12/site-packages:/home/amin/cobot/cobot_ws/install/mycobot_280_rdkx5/lib/python3.12/site-packages:/home/amin/cobot/cobot_ws/install/mycobot_280_moveit2_control/lib/python3.12/site-packages:/home/amin/cobot/cobot_ws/install/mycobot_280_arduino/lib/python3.12/site-packages:/home/amin/cobot/cobot_ws/install/mycobot_280/lib/python3.12/site-packages:/home/amin/cobot/cobot_ws/install/mybuddy/lib/python3.12/site-packages:/home/amin/cobot/cobot_ws/install/myarm_300/lib/python3.12/site-packages:/home/amin/cobot/cobot_ws/install/mecharm_pi/lib/python3.12/site-packages:/home/amin/cobot/cobot_ws/install/mecharm/lib/python3.12/site-packages:/home/amin/cobot/cobot_ws/install/mecharm_interfaces/lib/python3.12/site-packages:/opt/ros/jazzy/lib/python3.12/site-packages /usr/bin/python3 -W ignore:setup.py install is deprecated -W ignore:easy_install command is deprecated setup.py egg_info --egg-base ../../../../build/mypalletizer_260_pi build --build-base /home/amin/cobot/cobot_ws/build/mypalletizer_260_pi/build install --record /home/amin/cobot/cobot_ws/build/mypalletizer_260_pi/install.log --single-version-externally-managed install_data
[9.297s] INFO:colcon.colcon_core.task.python.build:Building Python package in '/home/amin/cobot/cobot_ws/src/mycobot_ros2/mycobot_280/mycobot_280_rdkx5'
[9.297s] INFO:colcon.colcon_core.shell:Skip shell extension 'powershell' for command environment: Not usable outside of PowerShell
[9.297s] DEBUG:colcon.colcon_core.shell:Skip shell extension 'dsv' for command environment
[9.306s] DEBUG:colcon.colcon_core.event_handler.log_command:Invoking command in '/home/amin/cobot/cobot_ws/src/mycobot_ros2/mycobot_pro/pro450_moveit2_control': AMENT_PREFIX_PATH=/home/amin/cobot/cobot_ws/install/mycobot_description:/home/amin/cobot/cobot_ws/install/ultraarm:/home/amin/cobot/cobot_ws/install/pro450_moveit2_control:/home/amin/cobot/cobot_ws/install/pro450_moveit2:/home/amin/cobot/cobot_ws/install/mypalletizer_communication:/home/amin/cobot/cobot_ws/install/mypalletizer_interfaces:/home/amin/cobot/cobot_ws/install/mypalletizer_260_pi:/home/amin/cobot/cobot_ws/install/mypalletizer_260:/home/amin/cobot/cobot_ws/install/mycobot_pro_450:/home/amin/cobot/cobot_ws/install/mycobot_pro450_interfaces:/home/amin/cobot/cobot_ws/install/myarm_m750:/home/amin/cobot/cobot_ws/install/myarm_c650:/home/amin/cobot/cobot_ws/install/mycobot_communication:/home/amin/cobot/cobot_ws/install/mecharm_communication:/home/amin/cobot/cobot_ws/install/mycobot_interfaces:/home/amin/cobot/cobot_ws/install/mycobot_630:/home/amin/cobot/cobot_ws/install/mycobot_600:/home/amin/cobot/cobot_ws/install/mycobot_320pi:/home/amin/cobot/cobot_ws/install/mycobot_320_riscv:/home/amin/cobot/cobot_ws/install/mycobot_320:/home/amin/cobot/cobot_ws/install/mycobot_280rdkx5_moveit2:/home/amin/cobot/cobot_ws/install/mycobot_280pi:/home/amin/cobot/cobot_ws/install/mycobot_280jn:/home/amin/cobot/cobot_ws/install/mycobot_280arduino_moveit2:/home/amin/cobot/cobot_ws/install/mycobot_280_x3pi:/home/amin/cobot/cobot_ws/install/mycobot_280_riscv:/home/amin/cobot/cobot_ws/install/mycobot_280_rdkx5:/home/amin/cobot/cobot_ws/install/mycobot_280_moveit2_control:/home/amin/cobot/cobot_ws/install/mycobot_280_moveit2:/home/amin/cobot/cobot_ws/install/mycobot_280_gazebo_jazzy:/home/amin/cobot/cobot_ws/install/mycobot_280_gazebo:/home/amin/cobot/cobot_ws/install/mycobot_280_arduino:/home/amin/cobot/cobot_ws/install/mycobot_280:/home/amin/cobot/cobot_ws/install/mybuddy:/home/amin/cobot/cobot_ws/install/myarm_300:/home/amin/cobot/cobot_ws/install/mecharm_pi:/home/amin/cobot/cobot_ws/install/mecharm:/home/amin/cobot/cobot_ws/install/mecharm_interfaces:/opt/ros/jazzy DEBUGINFOD_URLS=https://debuginfod.ubuntu.com PYTHONPATH=/home/amin/cobot/cobot_ws/build/pro450_moveit2_control/prefix_override:/usr/lib/python3/dist-packages/colcon_core/task/python/colcon_distutils_commands:/home/amin/cobot/cobot_ws/install/pro450_moveit2_control/lib/python3.12/site-packages:/home/amin/cobot/cobot_ws/install/mycobot_description/lib/python3.12/site-packages:/home/amin/cobot/cobot_ws/install/ultraarm/lib/python3.12/site-packages:/home/amin/cobot/cobot_ws/install/pro450_moveit2_control/lib/python3.12/site-packages:/home/amin/cobot/cobot_ws/install/mypalletizer_communication/lib/python3.12/site-packages:/home/amin/cobot/cobot_ws/install/mypalletizer_interfaces/lib/python3.12/site-packages:/home/amin/cobot/cobot_ws/install/mypalletizer_260_pi/lib/python3.12/site-packages:/home/amin/cobot/cobot_ws/install/mypalletizer_260/lib/python3.12/site-packages:/home/amin/cobot/cobot_ws/install/mycobot_pro_450/lib/python3.12/site-packages:/home/amin/cobot/cobot_ws/install/mycobot_pro450_interfaces/lib/python3.12/site-packages:/home/amin/cobot/cobot_ws/install/myarm_m750/lib/python3.12/site-packages:/home/amin/cobot/cobot_ws/install/myarm_c650/lib/python3.12/site-packages:/home/amin/cobot/cobot_ws/install/mycobot_communication/lib/python3.12/site-packages:/home/amin/cobot/cobot_ws/install/mecharm_communication/lib/python3.12/site-packages:/home/amin/cobot/cobot_ws/install/mycobot_interfaces/lib/python3.12/site-packages:/home/amin/cobot/cobot_ws/install/mycobot_630/lib/python3.12/site-packages:/home/amin/cobot/cobot_ws/install/mycobot_600/lib/python3.12/site-packages:/home/amin/cobot/cobot_ws/install/mycobot_320pi/lib/python3.12/site-packages:/home/amin/cobot/cobot_ws/install/mycobot_320_riscv/lib/python3.12/site-packages:/home/amin/cobot/cobot_ws/install/mycobot_320/lib/python3.12/site-packages:/home/amin/cobot/cobot_ws/install/mycobot_280pi/lib/python3.12/site-packages:/home/amin/cobot/cobot_ws/install/mycobot_280jn/lib/python3.12/site-packages:/home/amin/cobot/cobot_ws/install/mycobot_280_x3pi/lib/python3.12/site-packages:/home/amin/cobot/cobot_ws/install/mycobot_280_riscv/lib/python3.12/site-packages:/home/amin/cobot/cobot_ws/install/mycobot_280_rdkx5/lib/python3.12/site-packages:/home/amin/cobot/cobot_ws/install/mycobot_280_moveit2_control/lib/python3.12/site-packages:/home/amin/cobot/cobot_ws/install/mycobot_280_arduino/lib/python3.12/site-packages:/home/amin/cobot/cobot_ws/install/mycobot_280/lib/python3.12/site-packages:/home/amin/cobot/cobot_ws/install/mybuddy/lib/python3.12/site-packages:/home/amin/cobot/cobot_ws/install/myarm_300/lib/python3.12/site-packages:/home/amin/cobot/cobot_ws/install/mecharm_pi/lib/python3.12/site-packages:/home/amin/cobot/cobot_ws/install/mecharm/lib/python3.12/site-packages:/home/amin/cobot/cobot_ws/install/mecharm_interfaces/lib/python3.12/site-packages:/opt/ros/jazzy/lib/python3.12/site-packages /usr/bin/python3 -W ignore:setup.py install is deprecated -W ignore:easy_install command is deprecated setup.py egg_info --egg-base ../../../../build/pro450_moveit2_control build --build-base /home/amin/cobot/cobot_ws/build/pro450_moveit2_control/build install --record /home/amin/cobot/cobot_ws/build/pro450_moveit2_control/install.log --single-version-externally-managed install_data
[9.310s] Level 1:colcon.colcon_core.environment:checking '/home/amin/cobot/cobot_ws/install/mypalletizer_260' for CMake module files
[9.310s] DEBUG:colcon.colcon_core.event_handler.log_command:Invoking command in '/home/amin/cobot/cobot_ws/src/mycobot_ros2/ultraArm/ultraarm': AMENT_PREFIX_PATH=/home/amin/cobot/cobot_ws/install/mycobot_description:/home/amin/cobot/cobot_ws/install/ultraarm:/home/amin/cobot/cobot_ws/install/pro450_moveit2_control:/home/amin/cobot/cobot_ws/install/pro450_moveit2:/home/amin/cobot/cobot_ws/install/mypalletizer_communication:/home/amin/cobot/cobot_ws/install/mypalletizer_interfaces:/home/amin/cobot/cobot_ws/install/mypalletizer_260_pi:/home/amin/cobot/cobot_ws/install/mypalletizer_260:/home/amin/cobot/cobot_ws/install/mycobot_pro_450:/home/amin/cobot/cobot_ws/install/mycobot_pro450_interfaces:/home/amin/cobot/cobot_ws/install/myarm_m750:/home/amin/cobot/cobot_ws/install/myarm_c650:/home/amin/cobot/cobot_ws/install/mycobot_communication:/home/amin/cobot/cobot_ws/install/mecharm_communication:/home/amin/cobot/cobot_ws/install/mycobot_interfaces:/home/amin/cobot/cobot_ws/install/mycobot_630:/home/amin/cobot/cobot_ws/install/mycobot_600:/home/amin/cobot/cobot_ws/install/mycobot_320pi:/home/amin/cobot/cobot_ws/install/mycobot_320_riscv:/home/amin/cobot/cobot_ws/install/mycobot_320:/home/amin/cobot/cobot_ws/install/mycobot_280rdkx5_moveit2:/home/amin/cobot/cobot_ws/install/mycobot_280pi:/home/amin/cobot/cobot_ws/install/mycobot_280jn:/home/amin/cobot/cobot_ws/install/mycobot_280arduino_moveit2:/home/amin/cobot/cobot_ws/install/mycobot_280_x3pi:/home/amin/cobot/cobot_ws/install/mycobot_280_riscv:/home/amin/cobot/cobot_ws/install/mycobot_280_rdkx5:/home/amin/cobot/cobot_ws/install/mycobot_280_moveit2_control:/home/amin/cobot/cobot_ws/install/mycobot_280_moveit2:/home/amin/cobot/cobot_ws/install/mycobot_280_gazebo_jazzy:/home/amin/cobot/cobot_ws/install/mycobot_280_gazebo:/home/amin/cobot/cobot_ws/install/mycobot_280_arduino:/home/amin/cobot/cobot_ws/install/mycobot_280:/home/amin/cobot/cobot_ws/install/mybuddy:/home/amin/cobot/cobot_ws/install/myarm_300:/home/amin/cobot/cobot_ws/install/mecharm_pi:/home/amin/cobot/cobot_ws/install/mecharm:/home/amin/cobot/cobot_ws/install/mecharm_interfaces:/opt/ros/jazzy DEBUGINFOD_URLS=https://debuginfod.ubuntu.com PYTHONPATH=/home/amin/cobot/cobot_ws/build/ultraarm/prefix_override:/usr/lib/python3/dist-packages/colcon_core/task/python/colcon_distutils_commands:/home/amin/cobot/cobot_ws/install/ultraarm/lib/python3.12/site-packages:/home/amin/cobot/cobot_ws/install/mycobot_description/lib/python3.12/site-packages:/home/amin/cobot/cobot_ws/install/ultraarm/lib/python3.12/site-packages:/home/amin/cobot/cobot_ws/install/pro450_moveit2_control/lib/python3.12/site-packages:/home/amin/cobot/cobot_ws/install/mypalletizer_communication/lib/python3.12/site-packages:/home/amin/cobot/cobot_ws/install/mypalletizer_interfaces/lib/python3.12/site-packages:/home/amin/cobot/cobot_ws/install/mypalletizer_260_pi/lib/python3.12/site-packages:/home/amin/cobot/cobot_ws/install/mypalletizer_260/lib/python3.12/site-packages:/home/amin/cobot/cobot_ws/install/mycobot_pro_450/lib/python3.12/site-packages:/home/amin/cobot/cobot_ws/install/mycobot_pro450_interfaces/lib/python3.12/site-packages:/home/amin/cobot/cobot_ws/install/myarm_m750/lib/python3.12/site-packages:/home/amin/cobot/cobot_ws/install/myarm_c650/lib/python3.12/site-packages:/home/amin/cobot/cobot_ws/install/mycobot_communication/lib/python3.12/site-packages:/home/amin/cobot/cobot_ws/install/mecharm_communication/lib/python3.12/site-packages:/home/amin/cobot/cobot_ws/install/mycobot_interfaces/lib/python3.12/site-packages:/home/amin/cobot/cobot_ws/install/mycobot_630/lib/python3.12/site-packages:/home/amin/cobot/cobot_ws/install/mycobot_600/lib/python3.12/site-packages:/home/amin/cobot/cobot_ws/install/mycobot_320pi/lib/python3.12/site-packages:/home/amin/cobot/cobot_ws/install/mycobot_320_riscv/lib/python3.12/site-packages:/home/amin/cobot/cobot_ws/install/mycobot_320/lib/python3.12/site-packages:/home/amin/cobot/cobot_ws/install/mycobot_280pi/lib/python3.12/site-packages:/home/amin/cobot/cobot_ws/install/mycobot_280jn/lib/python3.12/site-packages:/home/amin/cobot/cobot_ws/install/mycobot_280_x3pi/lib/python3.12/site-packages:/home/amin/cobot/cobot_ws/install/mycobot_280_riscv/lib/python3.12/site-packages:/home/amin/cobot/cobot_ws/install/mycobot_280_rdkx5/lib/python3.12/site-packages:/home/amin/cobot/cobot_ws/install/mycobot_280_moveit2_control/lib/python3.12/site-packages:/home/amin/cobot/cobot_ws/install/mycobot_280_arduino/lib/python3.12/site-packages:/home/amin/cobot/cobot_ws/install/mycobot_280/lib/python3.12/site-packages:/home/amin/cobot/cobot_ws/install/mybuddy/lib/python3.12/site-packages:/home/amin/cobot/cobot_ws/install/myarm_300/lib/python3.12/site-packages:/home/amin/cobot/cobot_ws/install/mecharm_pi/lib/python3.12/site-packages:/home/amin/cobot/cobot_ws/install/mecharm/lib/python3.12/site-packages:/home/amin/cobot/cobot_ws/install/mecharm_interfaces/lib/python3.12/site-packages:/opt/ros/jazzy/lib/python3.12/site-packages /usr/bin/python3 -W ignore:setup.py install is deprecated -W ignore:easy_install command is deprecated setup.py egg_info --egg-base ../../../../build/ultraarm build --build-base /home/amin/cobot/cobot_ws/build/ultraarm/build install --record /home/amin/cobot/cobot_ws/build/ultraarm/install.log --single-version-externally-managed install_data
[9.311s] Level 1:colcon.colcon_core.environment:checking '/home/amin/cobot/cobot_ws/install/mypalletizer_260' for CMake config files
[9.311s] DEBUG:colcon.colcon_core.event_handler.log_command:Invoked command in '/home/amin/cobot/cobot_ws/src/mycobot_ros2/mypalletizer_260/mypalletizer_260' returned '0': AMENT_PREFIX_PATH=/home/amin/cobot/cobot_ws/install/mycobot_description:/home/amin/cobot/cobot_ws/install/ultraarm:/home/amin/cobot/cobot_ws/install/pro450_moveit2_control:/home/amin/cobot/cobot_ws/install/pro450_moveit2:/home/amin/cobot/cobot_ws/install/mypalletizer_communication:/home/amin/cobot/cobot_ws/install/mypalletizer_interfaces:/home/amin/cobot/cobot_ws/install/mypalletizer_260_pi:/home/amin/cobot/cobot_ws/install/mypalletizer_260:/home/amin/cobot/cobot_ws/install/mycobot_pro_450:/home/amin/cobot/cobot_ws/install/mycobot_pro450_interfaces:/home/amin/cobot/cobot_ws/install/myarm_m750:/home/amin/cobot/cobot_ws/install/myarm_c650:/home/amin/cobot/cobot_ws/install/mycobot_communication:/home/amin/cobot/cobot_ws/install/mecharm_communication:/home/amin/cobot/cobot_ws/install/mycobot_interfaces:/home/amin/cobot/cobot_ws/install/mycobot_630:/home/amin/cobot/cobot_ws/install/mycobot_600:/home/amin/cobot/cobot_ws/install/mycobot_320pi:/home/amin/cobot/cobot_ws/install/mycobot_320_riscv:/home/amin/cobot/cobot_ws/install/mycobot_320:/home/amin/cobot/cobot_ws/install/mycobot_280rdkx5_moveit2:/home/amin/cobot/cobot_ws/install/mycobot_280pi:/home/amin/cobot/cobot_ws/install/mycobot_280jn:/home/amin/cobot/cobot_ws/install/mycobot_280arduino_moveit2:/home/amin/cobot/cobot_ws/install/mycobot_280_x3pi:/home/amin/cobot/cobot_ws/install/mycobot_280_riscv:/home/amin/cobot/cobot_ws/install/mycobot_280_rdkx5:/home/amin/cobot/cobot_ws/install/mycobot_280_moveit2_control:/home/amin/cobot/cobot_ws/install/mycobot_280_moveit2:/home/amin/cobot/cobot_ws/install/mycobot_280_gazebo_jazzy:/home/amin/cobot/cobot_ws/install/mycobot_280_gazebo:/home/amin/cobot/cobot_ws/install/mycobot_280_arduino:/home/amin/cobot/cobot_ws/install/mycobot_280:/home/amin/cobot/cobot_ws/install/mybuddy:/home/amin/cobot/cobot_ws/install/myarm_300:/home/amin/cobot/cobot_ws/install/mecharm_pi:/home/amin/cobot/cobot_ws/install/mecharm:/home/amin/cobot/cobot_ws/install/mecharm_interfaces:/opt/ros/jazzy DEBUGINFOD_URLS=https://debuginfod.ubuntu.com PYTHONPATH=/home/amin/cobot/cobot_ws/build/mypalletizer_260/prefix_override:/usr/lib/python3/dist-packages/colcon_core/task/python/colcon_distutils_commands:/home/amin/cobot/cobot_ws/install/mypalletizer_260/lib/python3.12/site-packages:/home/amin/cobot/cobot_ws/install/mycobot_description/lib/python3.12/site-packages:/home/amin/cobot/cobot_ws/install/ultraarm/lib/python3.12/site-packages:/home/amin/cobot/cobot_ws/install/pro450_moveit2_control/lib/python3.12/site-packages:/home/amin/cobot/cobot_ws/install/mypalletizer_communication/lib/python3.12/site-packages:/home/amin/cobot/cobot_ws/install/mypalletizer_interfaces/lib/python3.12/site-packages:/home/amin/cobot/cobot_ws/install/mypalletizer_260_pi/lib/python3.12/site-packages:/home/amin/cobot/cobot_ws/install/mypalletizer_260/lib/python3.12/site-packages:/home/amin/cobot/cobot_ws/install/mycobot_pro_450/lib/python3.12/site-packages:/home/amin/cobot/cobot_ws/install/mycobot_pro450_interfaces/lib/python3.12/site-packages:/home/amin/cobot/cobot_ws/install/myarm_m750/lib/python3.12/site-packages:/home/amin/cobot/cobot_ws/install/myarm_c650/lib/python3.12/site-packages:/home/amin/cobot/cobot_ws/install/mycobot_communication/lib/python3.12/site-packages:/home/amin/cobot/cobot_ws/install/mecharm_communication/lib/python3.12/site-packages:/home/amin/cobot/cobot_ws/install/mycobot_interfaces/lib/python3.12/site-packages:/home/amin/cobot/cobot_ws/install/mycobot_630/lib/python3.12/site-packages:/home/amin/cobot/cobot_ws/install/mycobot_600/lib/python3.12/site-packages:/home/amin/cobot/cobot_ws/install/mycobot_320pi/lib/python3.12/site-packages:/home/amin/cobot/cobot_ws/install/mycobot_320_riscv/lib/python3.12/site-packages:/home/amin/cobot/cobot_ws/install/mycobot_320/lib/python3.12/site-packages:/home/amin/cobot/cobot_ws/install/mycobot_280pi/lib/python3.12/site-packages:/home/amin/cobot/cobot_ws/install/mycobot_280jn/lib/python3.12/site-packages:/home/amin/cobot/cobot_ws/install/mycobot_280_x3pi/lib/python3.12/site-packages:/home/amin/cobot/cobot_ws/install/mycobot_280_riscv/lib/python3.12/site-packages:/home/amin/cobot/cobot_ws/install/mycobot_280_rdkx5/lib/python3.12/site-packages:/home/amin/cobot/cobot_ws/install/mycobot_280_moveit2_control/lib/python3.12/site-packages:/home/amin/cobot/cobot_ws/install/mycobot_280_arduino/lib/python3.12/site-packages:/home/amin/cobot/cobot_ws/install/mycobot_280/lib/python3.12/site-packages:/home/amin/cobot/cobot_ws/install/mybuddy/lib/python3.12/site-packages:/home/amin/cobot/cobot_ws/install/myarm_300/lib/python3.12/site-packages:/home/amin/cobot/cobot_ws/install/mecharm_pi/lib/python3.12/site-packages:/home/amin/cobot/cobot_ws/install/mecharm/lib/python3.12/site-packages:/home/amin/cobot/cobot_ws/install/mecharm_interfaces/lib/python3.12/site-packages:/opt/ros/jazzy/lib/python3.12/site-packages /usr/bin/python3 -W ignore:setup.py install is deprecated -W ignore:easy_install command is deprecated setup.py egg_info --egg-base ../../../../build/mypalletizer_260 build --build-base /home/amin/cobot/cobot_ws/build/mypalletizer_260/build install --record /home/amin/cobot/cobot_ws/build/mypalletizer_260/install.log --single-version-externally-managed install_data
[9.312s] Level 1:colcon.colcon_core.environment:checking '/home/amin/cobot/cobot_ws/install/mypalletizer_260/lib'
[9.312s] Level 1:colcon.colcon_core.environment:checking '/home/amin/cobot/cobot_ws/install/mypalletizer_260/bin'
[9.312s] Level 1:colcon.colcon_core.environment:checking '/home/amin/cobot/cobot_ws/install/mypalletizer_260/lib/pkgconfig/mypalletizer_260.pc'
[9.312s] Level 1:colcon.colcon_core.environment:checking '/home/amin/cobot/cobot_ws/install/mypalletizer_260/lib/python3.12/site-packages'
[9.312s] Level 1:colcon.colcon_core.shell:create_environment_hook('mypalletizer_260', 'pythonpath')
[9.312s] INFO:colcon.colcon_core.shell:Creating environment hook '/home/amin/cobot/cobot_ws/install/mypalletizer_260/share/mypalletizer_260/hook/pythonpath.ps1'
[9.313s] INFO:colcon.colcon_core.shell:Creating environment descriptor '/home/amin/cobot/cobot_ws/install/mypalletizer_260/share/mypalletizer_260/hook/pythonpath.dsv'
[9.313s] INFO:colcon.colcon_core.shell:Creating environment hook '/home/amin/cobot/cobot_ws/install/mypalletizer_260/share/mypalletizer_260/hook/pythonpath.sh'
[9.314s] Level 1:colcon.colcon_core.environment:checking '/home/amin/cobot/cobot_ws/install/mypalletizer_260/bin'
[9.314s] Level 1:colcon.colcon_core.environment:create_environment_scripts_only(mypalletizer_260)
[9.314s] INFO:colcon.colcon_core.shell:Creating package script '/home/amin/cobot/cobot_ws/install/mypalletizer_260/share/mypalletizer_260/package.ps1'
[9.315s] INFO:colcon.colcon_core.shell:Creating package descriptor '/home/amin/cobot/cobot_ws/install/mypalletizer_260/share/mypalletizer_260/package.dsv'
[9.315s] INFO:colcon.colcon_core.shell:Creating package script '/home/amin/cobot/cobot_ws/install/mypalletizer_260/share/mypalletizer_260/package.sh'
[9.316s] INFO:colcon.colcon_core.shell:Creating package script '/home/amin/cobot/cobot_ws/install/mypalletizer_260/share/mypalletizer_260/package.bash'
[9.316s] INFO:colcon.colcon_core.shell:Creating package script '/home/amin/cobot/cobot_ws/install/mypalletizer_260/share/mypalletizer_260/package.zsh'
[9.317s] Level 1:colcon.colcon_core.environment:create_file_with_runtime_dependencies(/home/amin/cobot/cobot_ws/install/mypalletizer_260/share/colcon-core/packages/mypalletizer_260)
[9.608s] DEBUG:colcon.colcon_core.event_handler.log_command:Invoking command in '/home/amin/cobot/cobot_ws/src/mycobot_ros2/myArm/myarm_c650': AMENT_PREFIX_PATH=/home/amin/cobot/cobot_ws/install/mycobot_communication:/home/amin/cobot/cobot_ws/install/mycobot_description:/home/amin/cobot/cobot_ws/install/ultraarm:/home/amin/cobot/cobot_ws/install/pro450_moveit2_control:/home/amin/cobot/cobot_ws/install/pro450_moveit2:/home/amin/cobot/cobot_ws/install/mypalletizer_communication:/home/amin/cobot/cobot_ws/install/mypalletizer_interfaces:/home/amin/cobot/cobot_ws/install/mypalletizer_260_pi:/home/amin/cobot/cobot_ws/install/mypalletizer_260:/home/amin/cobot/cobot_ws/install/mycobot_pro_450:/home/amin/cobot/cobot_ws/install/mycobot_pro450_interfaces:/home/amin/cobot/cobot_ws/install/myarm_m750:/home/amin/cobot/cobot_ws/install/myarm_c650:/home/amin/cobot/cobot_ws/install/mecharm_communication:/home/amin/cobot/cobot_ws/install/mycobot_interfaces:/home/amin/cobot/cobot_ws/install/mycobot_630:/home/amin/cobot/cobot_ws/install/mycobot_600:/home/amin/cobot/cobot_ws/install/mycobot_320pi:/home/amin/cobot/cobot_ws/install/mycobot_320_riscv:/home/amin/cobot/cobot_ws/install/mycobot_320:/home/amin/cobot/cobot_ws/install/mycobot_280rdkx5_moveit2:/home/amin/cobot/cobot_ws/install/mycobot_280pi:/home/amin/cobot/cobot_ws/install/mycobot_280jn:/home/amin/cobot/cobot_ws/install/mycobot_280arduino_moveit2:/home/amin/cobot/cobot_ws/install/mycobot_280_x3pi:/home/amin/cobot/cobot_ws/install/mycobot_280_riscv:/home/amin/cobot/cobot_ws/install/mycobot_280_rdkx5:/home/amin/cobot/cobot_ws/install/mycobot_280_moveit2_control:/home/amin/cobot/cobot_ws/install/mycobot_280_moveit2:/home/amin/cobot/cobot_ws/install/mycobot_280_gazebo_jazzy:/home/amin/cobot/cobot_ws/install/mycobot_280_gazebo:/home/amin/cobot/cobot_ws/install/mycobot_280_arduino:/home/amin/cobot/cobot_ws/install/mycobot_280:/home/amin/cobot/cobot_ws/install/mybuddy:/home/amin/cobot/cobot_ws/install/myarm_300:/home/amin/cobot/cobot_ws/install/mecharm_pi:/home/amin/cobot/cobot_ws/install/mecharm:/home/amin/cobot/cobot_ws/install/mecharm_interfaces:/opt/ros/jazzy CMAKE_PREFIX_PATH=/home/amin/cobot/cobot_ws/install/mycobot_interfaces:/home/amin/cobot/cobot_ws/install/pro450_moveit2:/home/amin/cobot/cobot_ws/install/mypalletizer_interfaces:/home/amin/cobot/cobot_ws/install/mycobot_pro450_interfaces:/home/amin/cobot/cobot_ws/install/mycobot_280rdkx5_moveit2:/home/amin/cobot/cobot_ws/install/mycobot_280arduino_moveit2:/home/amin/cobot/cobot_ws/install/mycobot_280_moveit2:/home/amin/cobot/cobot_ws/install/mycobot_280_gazebo_jazzy:/home/amin/cobot/cobot_ws/install/mycobot_280_gazebo:/home/amin/cobot/cobot_ws/install/mecharm_interfaces:/opt/ros/jazzy/opt/gz_sim_vendor:/opt/ros/jazzy/opt/gz_sensors_vendor:/opt/ros/jazzy/opt/gz_physics_vendor:/opt/ros/jazzy/opt/sdformat_vendor:/opt/ros/jazzy/opt/gz_gui_vendor:/opt/ros/jazzy/opt/gz_transport_vendor:/opt/ros/jazzy/opt/gz_rendering_vendor:/opt/ros/jazzy/opt/gz_plugin_vendor:/opt/ros/jazzy/opt/gz_fuel_tools_vendor:/opt/ros/jazzy/opt/gz_msgs_vendor:/opt/ros/jazzy/opt/gz_common_vendor:/opt/ros/jazzy/opt/gz_math_vendor:/opt/ros/jazzy/opt/gz_utils_vendor:/opt/ros/jazzy/opt/gz_tools_vendor:/opt/ros/jazzy/opt/gz_ogre_next_vendor:/opt/ros/jazzy/opt/gz_dartsim_vendor:/opt/ros/jazzy/opt/gz_cmake_vendor DEBUGINFOD_URLS=https://debuginfod.ubuntu.com LD_LIBRARY_PATH=/home/amin/cobot/cobot_ws/install/mycobot_interfaces/lib:/home/amin/cobot/cobot_ws/install/mypalletizer_interfaces/lib:/home/amin/cobot/cobot_ws/install/mycobot_pro450_interfaces/lib:/home/amin/cobot/cobot_ws/install/mecharm_interfaces/lib:/opt/ros/jazzy/opt/gz_sim_vendor/lib:/opt/ros/jazzy/opt/gz_sensors_vendor/lib:/opt/ros/jazzy/opt/gz_physics_vendor/lib:/opt/ros/jazzy/opt/sdformat_vendor/lib:/opt/ros/jazzy/opt/rviz_ogre_vendor/lib:/opt/ros/jazzy/lib/x86_64-linux-gnu:/opt/ros/jazzy/opt/gz_gui_vendor/lib:/opt/ros/jazzy/opt/gz_transport_vendor/lib:/opt/ros/jazzy/opt/gz_rendering_vendor/lib:/opt/ros/jazzy/opt/gz_plugin_vendor/lib:/opt/ros/jazzy/opt/gz_fuel_tools_vendor/lib:/opt/ros/jazzy/opt/gz_msgs_vendor/lib:/opt/ros/jazzy/opt/gz_common_vendor/lib:/opt/ros/jazzy/opt/gz_math_vendor/lib:/opt/ros/jazzy/opt/gz_utils_vendor/lib:/opt/ros/jazzy/opt/gz_tools_vendor/lib:/opt/ros/jazzy/opt/gz_ogre_next_vendor/lib:/opt/ros/jazzy/opt/gz_dartsim_vendor/lib:/opt/ros/jazzy/opt/gz_cmake_vendor/lib:/opt/ros/jazzy/lib PYTHONPATH=/home/amin/cobot/cobot_ws/build/myarm_c650/prefix_override:/usr/lib/python3/dist-packages/colcon_core/task/python/colcon_distutils_commands:/home/amin/cobot/cobot_ws/install/myarm_c650/lib/python3.12/site-packages:/home/amin/cobot/cobot_ws/install/mycobot_communication/lib/python3.12/site-packages:/home/amin/cobot/cobot_ws/install/mycobot_interfaces/lib/python3.12/site-packages:/home/amin/cobot/cobot_ws/install/mycobot_description/lib/python3.12/site-packages:/home/amin/cobot/cobot_ws/install/ultraarm/lib/python3.12/site-packages:/home/amin/cobot/cobot_ws/install/pro450_moveit2_control/lib/python3.12/site-packages:/home/amin/cobot/cobot_ws/install/mypalletizer_communication/lib/python3.12/site-packages:/home/amin/cobot/cobot_ws/install/mypalletizer_interfaces/lib/python3.12/site-packages:/home/amin/cobot/cobot_ws/install/mypalletizer_260_pi/lib/python3.12/site-packages:/home/amin/cobot/cobot_ws/install/mypalletizer_260/lib/python3.12/site-packages:/home/amin/cobot/cobot_ws/install/mycobot_pro_450/lib/python3.12/site-packages:/home/amin/cobot/cobot_ws/install/mycobot_pro450_interfaces/lib/python3.12/site-packages:/home/amin/cobot/cobot_ws/install/myarm_m750/lib/python3.12/site-packages:/home/amin/cobot/cobot_ws/install/myarm_c650/lib/python3.12/site-packages:/home/amin/cobot/cobot_ws/install/mecharm_communication/lib/python3.12/site-packages:/home/amin/cobot/cobot_ws/install/mycobot_630/lib/python3.12/site-packages:/home/amin/cobot/cobot_ws/install/mycobot_600/lib/python3.12/site-packages:/home/amin/cobot/cobot_ws/install/mycobot_320pi/lib/python3.12/site-packages:/home/amin/cobot/cobot_ws/install/mycobot_320_riscv/lib/python3.12/site-packages:/home/amin/cobot/cobot_ws/install/mycobot_320/lib/python3.12/site-packages:/home/amin/cobot/cobot_ws/install/mycobot_280pi/lib/python3.12/site-packages:/home/amin/cobot/cobot_ws/install/mycobot_280jn/lib/python3.12/site-packages:/home/amin/cobot/cobot_ws/install/mycobot_280_x3pi/lib/python3.12/site-packages:/home/amin/cobot/cobot_ws/install/mycobot_280_riscv/lib/python3.12/site-packages:/home/amin/cobot/cobot_ws/install/mycobot_280_rdkx5/lib/python3.12/site-packages:/home/amin/cobot/cobot_ws/install/mycobot_280_moveit2_control/lib/python3.12/site-packages:/home/amin/cobot/cobot_ws/install/mycobot_280_arduino/lib/python3.12/site-packages:/home/amin/cobot/cobot_ws/install/mycobot_280/lib/python3.12/site-packages:/home/amin/cobot/cobot_ws/install/mybuddy/lib/python3.12/site-packages:/home/amin/cobot/cobot_ws/install/myarm_300/lib/python3.12/site-packages:/home/amin/cobot/cobot_ws/install/mecharm_pi/lib/python3.12/site-packages:/home/amin/cobot/cobot_ws/install/mecharm/lib/python3.12/site-packages:/home/amin/cobot/cobot_ws/install/mecharm_interfaces/lib/python3.12/site-packages:/opt/ros/jazzy/lib/python3.12/site-packages /usr/bin/python3 -W ignore:setup.py install is deprecated -W ignore:easy_install command is deprecated setup.py egg_info --egg-base ../../../../build/myarm_c650 build --build-base /home/amin/cobot/cobot_ws/build/myarm_c650/build install --record /home/amin/cobot/cobot_ws/build/myarm_c650/install.log --single-version-externally-managed install_data
[9.677s] Level 1:colcon.colcon_core.environment:checking '/home/amin/cobot/cobot_ws/install/mypalletizer_260_pi' for CMake module files
[9.677s] DEBUG:colcon.colcon_core.event_handler.log_command:Invoked command in '/home/amin/cobot/cobot_ws/src/mycobot_ros2/mypalletizer_260/mypalletizer_260_pi' returned '0': AMENT_PREFIX_PATH=/home/amin/cobot/cobot_ws/install/mycobot_description:/home/amin/cobot/cobot_ws/install/ultraarm:/home/amin/cobot/cobot_ws/install/pro450_moveit2_control:/home/amin/cobot/cobot_ws/install/pro450_moveit2:/home/amin/cobot/cobot_ws/install/mypalletizer_communication:/home/amin/cobot/cobot_ws/install/mypalletizer_interfaces:/home/amin/cobot/cobot_ws/install/mypalletizer_260_pi:/home/amin/cobot/cobot_ws/install/mypalletizer_260:/home/amin/cobot/cobot_ws/install/mycobot_pro_450:/home/amin/cobot/cobot_ws/install/mycobot_pro450_interfaces:/home/amin/cobot/cobot_ws/install/myarm_m750:/home/amin/cobot/cobot_ws/install/myarm_c650:/home/amin/cobot/cobot_ws/install/mycobot_communication:/home/amin/cobot/cobot_ws/install/mecharm_communication:/home/amin/cobot/cobot_ws/install/mycobot_interfaces:/home/amin/cobot/cobot_ws/install/mycobot_630:/home/amin/cobot/cobot_ws/install/mycobot_600:/home/amin/cobot/cobot_ws/install/mycobot_320pi:/home/amin/cobot/cobot_ws/install/mycobot_320_riscv:/home/amin/cobot/cobot_ws/install/mycobot_320:/home/amin/cobot/cobot_ws/install/mycobot_280rdkx5_moveit2:/home/amin/cobot/cobot_ws/install/mycobot_280pi:/home/amin/cobot/cobot_ws/install/mycobot_280jn:/home/amin/cobot/cobot_ws/install/mycobot_280arduino_moveit2:/home/amin/cobot/cobot_ws/install/mycobot_280_x3pi:/home/amin/cobot/cobot_ws/install/mycobot_280_riscv:/home/amin/cobot/cobot_ws/install/mycobot_280_rdkx5:/home/amin/cobot/cobot_ws/install/mycobot_280_moveit2_control:/home/amin/cobot/cobot_ws/install/mycobot_280_moveit2:/home/amin/cobot/cobot_ws/install/mycobot_280_gazebo_jazzy:/home/amin/cobot/cobot_ws/install/mycobot_280_gazebo:/home/amin/cobot/cobot_ws/install/mycobot_280_arduino:/home/amin/cobot/cobot_ws/install/mycobot_280:/home/amin/cobot/cobot_ws/install/mybuddy:/home/amin/cobot/cobot_ws/install/myarm_300:/home/amin/cobot/cobot_ws/install/mecharm_pi:/home/amin/cobot/cobot_ws/install/mecharm:/home/amin/cobot/cobot_ws/install/mecharm_interfaces:/opt/ros/jazzy DEBUGINFOD_URLS=https://debuginfod.ubuntu.com PYTHONPATH=/home/amin/cobot/cobot_ws/build/mypalletizer_260_pi/prefix_override:/usr/lib/python3/dist-packages/colcon_core/task/python/colcon_distutils_commands:/home/amin/cobot/cobot_ws/install/mypalletizer_260_pi/lib/python3.12/site-packages:/home/amin/cobot/cobot_ws/install/mycobot_description/lib/python3.12/site-packages:/home/amin/cobot/cobot_ws/install/ultraarm/lib/python3.12/site-packages:/home/amin/cobot/cobot_ws/install/pro450_moveit2_control/lib/python3.12/site-packages:/home/amin/cobot/cobot_ws/install/mypalletizer_communication/lib/python3.12/site-packages:/home/amin/cobot/cobot_ws/install/mypalletizer_interfaces/lib/python3.12/site-packages:/home/amin/cobot/cobot_ws/install/mypalletizer_260_pi/lib/python3.12/site-packages:/home/amin/cobot/cobot_ws/install/mypalletizer_260/lib/python3.12/site-packages:/home/amin/cobot/cobot_ws/install/mycobot_pro_450/lib/python3.12/site-packages:/home/amin/cobot/cobot_ws/install/mycobot_pro450_interfaces/lib/python3.12/site-packages:/home/amin/cobot/cobot_ws/install/myarm_m750/lib/python3.12/site-packages:/home/amin/cobot/cobot_ws/install/myarm_c650/lib/python3.12/site-packages:/home/amin/cobot/cobot_ws/install/mycobot_communication/lib/python3.12/site-packages:/home/amin/cobot/cobot_ws/install/mecharm_communication/lib/python3.12/site-packages:/home/amin/cobot/cobot_ws/install/mycobot_interfaces/lib/python3.12/site-packages:/home/amin/cobot/cobot_ws/install/mycobot_630/lib/python3.12/site-packages:/home/amin/cobot/cobot_ws/install/mycobot_600/lib/python3.12/site-packages:/home/amin/cobot/cobot_ws/install/mycobot_320pi/lib/python3.12/site-packages:/home/amin/cobot/cobot_ws/install/mycobot_320_riscv/lib/python3.12/site-packages:/home/amin/cobot/cobot_ws/install/mycobot_320/lib/python3.12/site-packages:/home/amin/cobot/cobot_ws/install/mycobot_280pi/lib/python3.12/site-packages:/home/amin/cobot/cobot_ws/install/mycobot_280jn/lib/python3.12/site-packages:/home/amin/cobot/cobot_ws/install/mycobot_280_x3pi/lib/python3.12/site-packages:/home/amin/cobot/cobot_ws/install/mycobot_280_riscv/lib/python3.12/site-packages:/home/amin/cobot/cobot_ws/install/mycobot_280_rdkx5/lib/python3.12/site-packages:/home/amin/cobot/cobot_ws/install/mycobot_280_moveit2_control/lib/python3.12/site-packages:/home/amin/cobot/cobot_ws/install/mycobot_280_arduino/lib/python3.12/site-packages:/home/amin/cobot/cobot_ws/install/mycobot_280/lib/python3.12/site-packages:/home/amin/cobot/cobot_ws/install/mybuddy/lib/python3.12/site-packages:/home/amin/cobot/cobot_ws/install/myarm_300/lib/python3.12/site-packages:/home/amin/cobot/cobot_ws/install/mecharm_pi/lib/python3.12/site-packages:/home/amin/cobot/cobot_ws/install/mecharm/lib/python3.12/site-packages:/home/amin/cobot/cobot_ws/install/mecharm_interfaces/lib/python3.12/site-packages:/opt/ros/jazzy/lib/python3.12/site-packages /usr/bin/python3 -W ignore:setup.py install is deprecated -W ignore:easy_install command is deprecated setup.py egg_info --egg-base ../../../../build/mypalletizer_260_pi build --build-base /home/amin/cobot/cobot_ws/build/mypalletizer_260_pi/build install --record /home/amin/cobot/cobot_ws/build/mypalletizer_260_pi/install.log --single-version-externally-managed install_data
[9.678s] Level 1:colcon.colcon_core.environment:checking '/home/amin/cobot/cobot_ws/install/mypalletizer_260_pi' for CMake config files
[9.678s] Level 1:colcon.colcon_core.environment:checking '/home/amin/cobot/cobot_ws/install/mypalletizer_260_pi/lib'
[9.679s] Level 1:colcon.colcon_core.environment:checking '/home/amin/cobot/cobot_ws/install/mypalletizer_260_pi/bin'
[9.679s] Level 1:colcon.colcon_core.environment:checking '/home/amin/cobot/cobot_ws/install/mypalletizer_260_pi/lib/pkgconfig/mypalletizer_260_pi.pc'
[9.679s] Level 1:colcon.colcon_core.environment:checking '/home/amin/cobot/cobot_ws/install/mypalletizer_260_pi/lib/python3.12/site-packages'
[9.679s] Level 1:colcon.colcon_core.shell:create_environment_hook('mypalletizer_260_pi', 'pythonpath')
[9.680s] INFO:colcon.colcon_core.shell:Creating environment hook '/home/amin/cobot/cobot_ws/install/mypalletizer_260_pi/share/mypalletizer_260_pi/hook/pythonpath.ps1'
[9.680s] INFO:colcon.colcon_core.shell:Creating environment descriptor '/home/amin/cobot/cobot_ws/install/mypalletizer_260_pi/share/mypalletizer_260_pi/hook/pythonpath.dsv'
[9.681s] INFO:colcon.colcon_core.shell:Creating environment hook '/home/amin/cobot/cobot_ws/install/mypalletizer_260_pi/share/mypalletizer_260_pi/hook/pythonpath.sh'
[9.682s] Level 1:colcon.colcon_core.environment:checking '/home/amin/cobot/cobot_ws/install/mypalletizer_260_pi/bin'
[9.682s] Level 1:colcon.colcon_core.environment:create_environment_scripts_only(mypalletizer_260_pi)
[9.682s] INFO:colcon.colcon_core.shell:Creating package script '/home/amin/cobot/cobot_ws/install/mypalletizer_260_pi/share/mypalletizer_260_pi/package.ps1'
[9.683s] INFO:colcon.colcon_core.shell:Creating package descriptor '/home/amin/cobot/cobot_ws/install/mypalletizer_260_pi/share/mypalletizer_260_pi/package.dsv'
[9.683s] INFO:colcon.colcon_core.shell:Creating package script '/home/amin/cobot/cobot_ws/install/mypalletizer_260_pi/share/mypalletizer_260_pi/package.sh'
[9.684s] INFO:colcon.colcon_core.shell:Creating package script '/home/amin/cobot/cobot_ws/install/mypalletizer_260_pi/share/mypalletizer_260_pi/package.bash'
[9.684s] INFO:colcon.colcon_core.shell:Creating package script '/home/amin/cobot/cobot_ws/install/mypalletizer_260_pi/share/mypalletizer_260_pi/package.zsh'
[9.684s] Level 1:colcon.colcon_core.environment:create_file_with_runtime_dependencies(/home/amin/cobot/cobot_ws/install/mypalletizer_260_pi/share/colcon-core/packages/mypalletizer_260_pi)
[9.788s] Level 1:colcon.colcon_core.environment:checking '/home/amin/cobot/cobot_ws/install/pro450_moveit2_control' for CMake module files
[9.789s] DEBUG:colcon.colcon_core.event_handler.log_command:Invoked command in '/home/amin/cobot/cobot_ws/src/mycobot_ros2/mycobot_pro/pro450_moveit2_control' returned '0': AMENT_PREFIX_PATH=/home/amin/cobot/cobot_ws/install/mycobot_description:/home/amin/cobot/cobot_ws/install/ultraarm:/home/amin/cobot/cobot_ws/install/pro450_moveit2_control:/home/amin/cobot/cobot_ws/install/pro450_moveit2:/home/amin/cobot/cobot_ws/install/mypalletizer_communication:/home/amin/cobot/cobot_ws/install/mypalletizer_interfaces:/home/amin/cobot/cobot_ws/install/mypalletizer_260_pi:/home/amin/cobot/cobot_ws/install/mypalletizer_260:/home/amin/cobot/cobot_ws/install/mycobot_pro_450:/home/amin/cobot/cobot_ws/install/mycobot_pro450_interfaces:/home/amin/cobot/cobot_ws/install/myarm_m750:/home/amin/cobot/cobot_ws/install/myarm_c650:/home/amin/cobot/cobot_ws/install/mycobot_communication:/home/amin/cobot/cobot_ws/install/mecharm_communication:/home/amin/cobot/cobot_ws/install/mycobot_interfaces:/home/amin/cobot/cobot_ws/install/mycobot_630:/home/amin/cobot/cobot_ws/install/mycobot_600:/home/amin/cobot/cobot_ws/install/mycobot_320pi:/home/amin/cobot/cobot_ws/install/mycobot_320_riscv:/home/amin/cobot/cobot_ws/install/mycobot_320:/home/amin/cobot/cobot_ws/install/mycobot_280rdkx5_moveit2:/home/amin/cobot/cobot_ws/install/mycobot_280pi:/home/amin/cobot/cobot_ws/install/mycobot_280jn:/home/amin/cobot/cobot_ws/install/mycobot_280arduino_moveit2:/home/amin/cobot/cobot_ws/install/mycobot_280_x3pi:/home/amin/cobot/cobot_ws/install/mycobot_280_riscv:/home/amin/cobot/cobot_ws/install/mycobot_280_rdkx5:/home/amin/cobot/cobot_ws/install/mycobot_280_moveit2_control:/home/amin/cobot/cobot_ws/install/mycobot_280_moveit2:/home/amin/cobot/cobot_ws/install/mycobot_280_gazebo_jazzy:/home/amin/cobot/cobot_ws/install/mycobot_280_gazebo:/home/amin/cobot/cobot_ws/install/mycobot_280_arduino:/home/amin/cobot/cobot_ws/install/mycobot_280:/home/amin/cobot/cobot_ws/install/mybuddy:/home/amin/cobot/cobot_ws/install/myarm_300:/home/amin/cobot/cobot_ws/install/mecharm_pi:/home/amin/cobot/cobot_ws/install/mecharm:/home/amin/cobot/cobot_ws/install/mecharm_interfaces:/opt/ros/jazzy DEBUGINFOD_URLS=https://debuginfod.ubuntu.com PYTHONPATH=/home/amin/cobot/cobot_ws/build/pro450_moveit2_control/prefix_override:/usr/lib/python3/dist-packages/colcon_core/task/python/colcon_distutils_commands:/home/amin/cobot/cobot_ws/install/pro450_moveit2_control/lib/python3.12/site-packages:/home/amin/cobot/cobot_ws/install/mycobot_description/lib/python3.12/site-packages:/home/amin/cobot/cobot_ws/install/ultraarm/lib/python3.12/site-packages:/home/amin/cobot/cobot_ws/install/pro450_moveit2_control/lib/python3.12/site-packages:/home/amin/cobot/cobot_ws/install/mypalletizer_communication/lib/python3.12/site-packages:/home/amin/cobot/cobot_ws/install/mypalletizer_interfaces/lib/python3.12/site-packages:/home/amin/cobot/cobot_ws/install/mypalletizer_260_pi/lib/python3.12/site-packages:/home/amin/cobot/cobot_ws/install/mypalletizer_260/lib/python3.12/site-packages:/home/amin/cobot/cobot_ws/install/mycobot_pro_450/lib/python3.12/site-packages:/home/amin/cobot/cobot_ws/install/mycobot_pro450_interfaces/lib/python3.12/site-packages:/home/amin/cobot/cobot_ws/install/myarm_m750/lib/python3.12/site-packages:/home/amin/cobot/cobot_ws/install/myarm_c650/lib/python3.12/site-packages:/home/amin/cobot/cobot_ws/install/mycobot_communication/lib/python3.12/site-packages:/home/amin/cobot/cobot_ws/install/mecharm_communication/lib/python3.12/site-packages:/home/amin/cobot/cobot_ws/install/mycobot_interfaces/lib/python3.12/site-packages:/home/amin/cobot/cobot_ws/install/mycobot_630/lib/python3.12/site-packages:/home/amin/cobot/cobot_ws/install/mycobot_600/lib/python3.12/site-packages:/home/amin/cobot/cobot_ws/install/mycobot_320pi/lib/python3.12/site-packages:/home/amin/cobot/cobot_ws/install/mycobot_320_riscv/lib/python3.12/site-packages:/home/amin/cobot/cobot_ws/install/mycobot_320/lib/python3.12/site-packages:/home/amin/cobot/cobot_ws/install/mycobot_280pi/lib/python3.12/site-packages:/home/amin/cobot/cobot_ws/install/mycobot_280jn/lib/python3.12/site-packages:/home/amin/cobot/cobot_ws/install/mycobot_280_x3pi/lib/python3.12/site-packages:/home/amin/cobot/cobot_ws/install/mycobot_280_riscv/lib/python3.12/site-packages:/home/amin/cobot/cobot_ws/install/mycobot_280_rdkx5/lib/python3.12/site-packages:/home/amin/cobot/cobot_ws/install/mycobot_280_moveit2_control/lib/python3.12/site-packages:/home/amin/cobot/cobot_ws/install/mycobot_280_arduino/lib/python3.12/site-packages:/home/amin/cobot/cobot_ws/install/mycobot_280/lib/python3.12/site-packages:/home/amin/cobot/cobot_ws/install/mybuddy/lib/python3.12/site-packages:/home/amin/cobot/cobot_ws/install/myarm_300/lib/python3.12/site-packages:/home/amin/cobot/cobot_ws/install/mecharm_pi/lib/python3.12/site-packages:/home/amin/cobot/cobot_ws/install/mecharm/lib/python3.12/site-packages:/home/amin/cobot/cobot_ws/install/mecharm_interfaces/lib/python3.12/site-packages:/opt/ros/jazzy/lib/python3.12/site-packages /usr/bin/python3 -W ignore:setup.py install is deprecated -W ignore:easy_install command is deprecated setup.py egg_info --egg-base ../../../../build/pro450_moveit2_control build --build-base /home/amin/cobot/cobot_ws/build/pro450_moveit2_control/build install --record /home/amin/cobot/cobot_ws/build/pro450_moveit2_control/install.log --single-version-externally-managed install_data
[9.790s] Level 1:colcon.colcon_core.environment:checking '/home/amin/cobot/cobot_ws/install/pro450_moveit2_control' for CMake config files
[9.790s] Level 1:colcon.colcon_core.environment:checking '/home/amin/cobot/cobot_ws/install/pro450_moveit2_control/lib'
[9.791s] Level 1:colcon.colcon_core.environment:checking '/home/amin/cobot/cobot_ws/install/pro450_moveit2_control/bin'
[9.791s] Level 1:colcon.colcon_core.environment:checking '/home/amin/cobot/cobot_ws/install/pro450_moveit2_control/lib/pkgconfig/pro450_moveit2_control.pc'
[9.791s] Level 1:colcon.colcon_core.environment:checking '/home/amin/cobot/cobot_ws/install/pro450_moveit2_control/lib/python3.12/site-packages'
[9.791s] Level 1:colcon.colcon_core.shell:create_environment_hook('pro450_moveit2_control', 'pythonpath')
[9.791s] INFO:colcon.colcon_core.shell:Creating environment hook '/home/amin/cobot/cobot_ws/install/pro450_moveit2_control/share/pro450_moveit2_control/hook/pythonpath.ps1'
[9.792s] INFO:colcon.colcon_core.shell:Creating environment descriptor '/home/amin/cobot/cobot_ws/install/pro450_moveit2_control/share/pro450_moveit2_control/hook/pythonpath.dsv'
[9.792s] INFO:colcon.colcon_core.shell:Creating environment hook '/home/amin/cobot/cobot_ws/install/pro450_moveit2_control/share/pro450_moveit2_control/hook/pythonpath.sh'
[9.792s] Level 1:colcon.colcon_core.environment:checking '/home/amin/cobot/cobot_ws/install/pro450_moveit2_control/bin'
[9.793s] Level 1:colcon.colcon_core.environment:create_environment_scripts_only(pro450_moveit2_control)
[9.793s] INFO:colcon.colcon_core.shell:Creating package script '/home/amin/cobot/cobot_ws/install/pro450_moveit2_control/share/pro450_moveit2_control/package.ps1'
[9.793s] INFO:colcon.colcon_core.shell:Creating package descriptor '/home/amin/cobot/cobot_ws/install/pro450_moveit2_control/share/pro450_moveit2_control/package.dsv'
[9.793s] INFO:colcon.colcon_core.shell:Creating package script '/home/amin/cobot/cobot_ws/install/pro450_moveit2_control/share/pro450_moveit2_control/package.sh'
[9.794s] INFO:colcon.colcon_core.shell:Creating package script '/home/amin/cobot/cobot_ws/install/pro450_moveit2_control/share/pro450_moveit2_control/package.bash'
[9.794s] INFO:colcon.colcon_core.shell:Creating package script '/home/amin/cobot/cobot_ws/install/pro450_moveit2_control/share/pro450_moveit2_control/package.zsh'
[9.794s] Level 1:colcon.colcon_core.environment:create_file_with_runtime_dependencies(/home/amin/cobot/cobot_ws/install/pro450_moveit2_control/share/colcon-core/packages/pro450_moveit2_control)
[9.942s] DEBUG:colcon.colcon_core.event_handler.log_command:Invoking command in '/home/amin/cobot/cobot_ws/src/mycobot_ros2/mycobot_280/mycobot_280_rdkx5': AMENT_PREFIX_PATH=/home/amin/cobot/cobot_ws/install/mycobot_communication:/home/amin/cobot/cobot_ws/install/mycobot_description:/home/amin/cobot/cobot_ws/install/ultraarm:/home/amin/cobot/cobot_ws/install/pro450_moveit2_control:/home/amin/cobot/cobot_ws/install/pro450_moveit2:/home/amin/cobot/cobot_ws/install/mypalletizer_communication:/home/amin/cobot/cobot_ws/install/mypalletizer_interfaces:/home/amin/cobot/cobot_ws/install/mypalletizer_260_pi:/home/amin/cobot/cobot_ws/install/mypalletizer_260:/home/amin/cobot/cobot_ws/install/mycobot_pro_450:/home/amin/cobot/cobot_ws/install/mycobot_pro450_interfaces:/home/amin/cobot/cobot_ws/install/myarm_m750:/home/amin/cobot/cobot_ws/install/myarm_c650:/home/amin/cobot/cobot_ws/install/mecharm_communication:/home/amin/cobot/cobot_ws/install/mycobot_interfaces:/home/amin/cobot/cobot_ws/install/mycobot_630:/home/amin/cobot/cobot_ws/install/mycobot_600:/home/amin/cobot/cobot_ws/install/mycobot_320pi:/home/amin/cobot/cobot_ws/install/mycobot_320_riscv:/home/amin/cobot/cobot_ws/install/mycobot_320:/home/amin/cobot/cobot_ws/install/mycobot_280rdkx5_moveit2:/home/amin/cobot/cobot_ws/install/mycobot_280pi:/home/amin/cobot/cobot_ws/install/mycobot_280jn:/home/amin/cobot/cobot_ws/install/mycobot_280arduino_moveit2:/home/amin/cobot/cobot_ws/install/mycobot_280_x3pi:/home/amin/cobot/cobot_ws/install/mycobot_280_riscv:/home/amin/cobot/cobot_ws/install/mycobot_280_rdkx5:/home/amin/cobot/cobot_ws/install/mycobot_280_moveit2_control:/home/amin/cobot/cobot_ws/install/mycobot_280_moveit2:/home/amin/cobot/cobot_ws/install/mycobot_280_gazebo_jazzy:/home/amin/cobot/cobot_ws/install/mycobot_280_gazebo:/home/amin/cobot/cobot_ws/install/mycobot_280_arduino:/home/amin/cobot/cobot_ws/install/mycobot_280:/home/amin/cobot/cobot_ws/install/mybuddy:/home/amin/cobot/cobot_ws/install/myarm_300:/home/amin/cobot/cobot_ws/install/mecharm_pi:/home/amin/cobot/cobot_ws/install/mecharm:/home/amin/cobot/cobot_ws/install/mecharm_interfaces:/opt/ros/jazzy CMAKE_PREFIX_PATH=/home/amin/cobot/cobot_ws/install/mycobot_interfaces:/home/amin/cobot/cobot_ws/install/pro450_moveit2:/home/amin/cobot/cobot_ws/install/mypalletizer_interfaces:/home/amin/cobot/cobot_ws/install/mycobot_pro450_interfaces:/home/amin/cobot/cobot_ws/install/mycobot_280rdkx5_moveit2:/home/amin/cobot/cobot_ws/install/mycobot_280arduino_moveit2:/home/amin/cobot/cobot_ws/install/mycobot_280_moveit2:/home/amin/cobot/cobot_ws/install/mycobot_280_gazebo_jazzy:/home/amin/cobot/cobot_ws/install/mycobot_280_gazebo:/home/amin/cobot/cobot_ws/install/mecharm_interfaces:/opt/ros/jazzy/opt/gz_sim_vendor:/opt/ros/jazzy/opt/gz_sensors_vendor:/opt/ros/jazzy/opt/gz_physics_vendor:/opt/ros/jazzy/opt/sdformat_vendor:/opt/ros/jazzy/opt/gz_gui_vendor:/opt/ros/jazzy/opt/gz_transport_vendor:/opt/ros/jazzy/opt/gz_rendering_vendor:/opt/ros/jazzy/opt/gz_plugin_vendor:/opt/ros/jazzy/opt/gz_fuel_tools_vendor:/opt/ros/jazzy/opt/gz_msgs_vendor:/opt/ros/jazzy/opt/gz_common_vendor:/opt/ros/jazzy/opt/gz_math_vendor:/opt/ros/jazzy/opt/gz_utils_vendor:/opt/ros/jazzy/opt/gz_tools_vendor:/opt/ros/jazzy/opt/gz_ogre_next_vendor:/opt/ros/jazzy/opt/gz_dartsim_vendor:/opt/ros/jazzy/opt/gz_cmake_vendor DEBUGINFOD_URLS=https://debuginfod.ubuntu.com LD_LIBRARY_PATH=/home/amin/cobot/cobot_ws/install/mycobot_interfaces/lib:/home/amin/cobot/cobot_ws/install/mypalletizer_interfaces/lib:/home/amin/cobot/cobot_ws/install/mycobot_pro450_interfaces/lib:/home/amin/cobot/cobot_ws/install/mecharm_interfaces/lib:/opt/ros/jazzy/opt/gz_sim_vendor/lib:/opt/ros/jazzy/opt/gz_sensors_vendor/lib:/opt/ros/jazzy/opt/gz_physics_vendor/lib:/opt/ros/jazzy/opt/sdformat_vendor/lib:/opt/ros/jazzy/opt/rviz_ogre_vendor/lib:/opt/ros/jazzy/lib/x86_64-linux-gnu:/opt/ros/jazzy/opt/gz_gui_vendor/lib:/opt/ros/jazzy/opt/gz_transport_vendor/lib:/opt/ros/jazzy/opt/gz_rendering_vendor/lib:/opt/ros/jazzy/opt/gz_plugin_vendor/lib:/opt/ros/jazzy/opt/gz_fuel_tools_vendor/lib:/opt/ros/jazzy/opt/gz_msgs_vendor/lib:/opt/ros/jazzy/opt/gz_common_vendor/lib:/opt/ros/jazzy/opt/gz_math_vendor/lib:/opt/ros/jazzy/opt/gz_utils_vendor/lib:/opt/ros/jazzy/opt/gz_tools_vendor/lib:/opt/ros/jazzy/opt/gz_ogre_next_vendor/lib:/opt/ros/jazzy/opt/gz_dartsim_vendor/lib:/opt/ros/jazzy/opt/gz_cmake_vendor/lib:/opt/ros/jazzy/lib PYTHONPATH=/home/amin/cobot/cobot_ws/build/mycobot_280_rdkx5/prefix_override:/usr/lib/python3/dist-packages/colcon_core/task/python/colcon_distutils_commands:/home/amin/cobot/cobot_ws/install/mycobot_280_rdkx5/lib/python3.12/site-packages:/home/amin/cobot/cobot_ws/install/mycobot_communication/lib/python3.12/site-packages:/home/amin/cobot/cobot_ws/install/mycobot_interfaces/lib/python3.12/site-packages:/home/amin/cobot/cobot_ws/install/mycobot_description/lib/python3.12/site-packages:/home/amin/cobot/cobot_ws/install/ultraarm/lib/python3.12/site-packages:/home/amin/cobot/cobot_ws/install/pro450_moveit2_control/lib/python3.12/site-packages:/home/amin/cobot/cobot_ws/install/mypalletizer_communication/lib/python3.12/site-packages:/home/amin/cobot/cobot_ws/install/mypalletizer_interfaces/lib/python3.12/site-packages:/home/amin/cobot/cobot_ws/install/mypalletizer_260_pi/lib/python3.12/site-packages:/home/amin/cobot/cobot_ws/install/mypalletizer_260/lib/python3.12/site-packages:/home/amin/cobot/cobot_ws/install/mycobot_pro_450/lib/python3.12/site-packages:/home/amin/cobot/cobot_ws/install/mycobot_pro450_interfaces/lib/python3.12/site-packages:/home/amin/cobot/cobot_ws/install/myarm_m750/lib/python3.12/site-packages:/home/amin/cobot/cobot_ws/install/myarm_c650/lib/python3.12/site-packages:/home/amin/cobot/cobot_ws/install/mecharm_communication/lib/python3.12/site-packages:/home/amin/cobot/cobot_ws/install/mycobot_630/lib/python3.12/site-packages:/home/amin/cobot/cobot_ws/install/mycobot_600/lib/python3.12/site-packages:/home/amin/cobot/cobot_ws/install/mycobot_320pi/lib/python3.12/site-packages:/home/amin/cobot/cobot_ws/install/mycobot_320_riscv/lib/python3.12/site-packages:/home/amin/cobot/cobot_ws/install/mycobot_320/lib/python3.12/site-packages:/home/amin/cobot/cobot_ws/install/mycobot_280pi/lib/python3.12/site-packages:/home/amin/cobot/cobot_ws/install/mycobot_280jn/lib/python3.12/site-packages:/home/amin/cobot/cobot_ws/install/mycobot_280_x3pi/lib/python3.12/site-packages:/home/amin/cobot/cobot_ws/install/mycobot_280_riscv/lib/python3.12/site-packages:/home/amin/cobot/cobot_ws/install/mycobot_280_rdkx5/lib/python3.12/site-packages:/home/amin/cobot/cobot_ws/install/mycobot_280_moveit2_control/lib/python3.12/site-packages:/home/amin/cobot/cobot_ws/install/mycobot_280_arduino/lib/python3.12/site-packages:/home/amin/cobot/cobot_ws/install/mycobot_280/lib/python3.12/site-packages:/home/amin/cobot/cobot_ws/install/mybuddy/lib/python3.12/site-packages:/home/amin/cobot/cobot_ws/install/myarm_300/lib/python3.12/site-packages:/home/amin/cobot/cobot_ws/install/mecharm_pi/lib/python3.12/site-packages:/home/amin/cobot/cobot_ws/install/mecharm/lib/python3.12/site-packages:/home/amin/cobot/cobot_ws/install/mecharm_interfaces/lib/python3.12/site-packages:/opt/ros/jazzy/lib/python3.12/site-packages /usr/bin/python3 -W ignore:setup.py install is deprecated -W ignore:easy_install command is deprecated setup.py egg_info --egg-base ../../../../build/mycobot_280_rdkx5 build --build-base /home/amin/cobot/cobot_ws/build/mycobot_280_rdkx5/build install --record /home/amin/cobot/cobot_ws/build/mycobot_280_rdkx5/install.log --single-version-externally-managed install_data
[9.971s] Level 1:colcon.colcon_core.environment:checking '/home/amin/cobot/cobot_ws/install/ultraarm' for CMake module files
[9.972s] DEBUG:colcon.colcon_core.event_handler.log_command:Invoked command in '/home/amin/cobot/cobot_ws/src/mycobot_ros2/ultraArm/ultraarm' returned '0': AMENT_PREFIX_PATH=/home/amin/cobot/cobot_ws/install/mycobot_description:/home/amin/cobot/cobot_ws/install/ultraarm:/home/amin/cobot/cobot_ws/install/pro450_moveit2_control:/home/amin/cobot/cobot_ws/install/pro450_moveit2:/home/amin/cobot/cobot_ws/install/mypalletizer_communication:/home/amin/cobot/cobot_ws/install/mypalletizer_interfaces:/home/amin/cobot/cobot_ws/install/mypalletizer_260_pi:/home/amin/cobot/cobot_ws/install/mypalletizer_260:/home/amin/cobot/cobot_ws/install/mycobot_pro_450:/home/amin/cobot/cobot_ws/install/mycobot_pro450_interfaces:/home/amin/cobot/cobot_ws/install/myarm_m750:/home/amin/cobot/cobot_ws/install/myarm_c650:/home/amin/cobot/cobot_ws/install/mycobot_communication:/home/amin/cobot/cobot_ws/install/mecharm_communication:/home/amin/cobot/cobot_ws/install/mycobot_interfaces:/home/amin/cobot/cobot_ws/install/mycobot_630:/home/amin/cobot/cobot_ws/install/mycobot_600:/home/amin/cobot/cobot_ws/install/mycobot_320pi:/home/amin/cobot/cobot_ws/install/mycobot_320_riscv:/home/amin/cobot/cobot_ws/install/mycobot_320:/home/amin/cobot/cobot_ws/install/mycobot_280rdkx5_moveit2:/home/amin/cobot/cobot_ws/install/mycobot_280pi:/home/amin/cobot/cobot_ws/install/mycobot_280jn:/home/amin/cobot/cobot_ws/install/mycobot_280arduino_moveit2:/home/amin/cobot/cobot_ws/install/mycobot_280_x3pi:/home/amin/cobot/cobot_ws/install/mycobot_280_riscv:/home/amin/cobot/cobot_ws/install/mycobot_280_rdkx5:/home/amin/cobot/cobot_ws/install/mycobot_280_moveit2_control:/home/amin/cobot/cobot_ws/install/mycobot_280_moveit2:/home/amin/cobot/cobot_ws/install/mycobot_280_gazebo_jazzy:/home/amin/cobot/cobot_ws/install/mycobot_280_gazebo:/home/amin/cobot/cobot_ws/install/mycobot_280_arduino:/home/amin/cobot/cobot_ws/install/mycobot_280:/home/amin/cobot/cobot_ws/install/mybuddy:/home/amin/cobot/cobot_ws/install/myarm_300:/home/amin/cobot/cobot_ws/install/mecharm_pi:/home/amin/cobot/cobot_ws/install/mecharm:/home/amin/cobot/cobot_ws/install/mecharm_interfaces:/opt/ros/jazzy DEBUGINFOD_URLS=https://debuginfod.ubuntu.com PYTHONPATH=/home/amin/cobot/cobot_ws/build/ultraarm/prefix_override:/usr/lib/python3/dist-packages/colcon_core/task/python/colcon_distutils_commands:/home/amin/cobot/cobot_ws/install/ultraarm/lib/python3.12/site-packages:/home/amin/cobot/cobot_ws/install/mycobot_description/lib/python3.12/site-packages:/home/amin/cobot/cobot_ws/install/ultraarm/lib/python3.12/site-packages:/home/amin/cobot/cobot_ws/install/pro450_moveit2_control/lib/python3.12/site-packages:/home/amin/cobot/cobot_ws/install/mypalletizer_communication/lib/python3.12/site-packages:/home/amin/cobot/cobot_ws/install/mypalletizer_interfaces/lib/python3.12/site-packages:/home/amin/cobot/cobot_ws/install/mypalletizer_260_pi/lib/python3.12/site-packages:/home/amin/cobot/cobot_ws/install/mypalletizer_260/lib/python3.12/site-packages:/home/amin/cobot/cobot_ws/install/mycobot_pro_450/lib/python3.12/site-packages:/home/amin/cobot/cobot_ws/install/mycobot_pro450_interfaces/lib/python3.12/site-packages:/home/amin/cobot/cobot_ws/install/myarm_m750/lib/python3.12/site-packages:/home/amin/cobot/cobot_ws/install/myarm_c650/lib/python3.12/site-packages:/home/amin/cobot/cobot_ws/install/mycobot_communication/lib/python3.12/site-packages:/home/amin/cobot/cobot_ws/install/mecharm_communication/lib/python3.12/site-packages:/home/amin/cobot/cobot_ws/install/mycobot_interfaces/lib/python3.12/site-packages:/home/amin/cobot/cobot_ws/install/mycobot_630/lib/python3.12/site-packages:/home/amin/cobot/cobot_ws/install/mycobot_600/lib/python3.12/site-packages:/home/amin/cobot/cobot_ws/install/mycobot_320pi/lib/python3.12/site-packages:/home/amin/cobot/cobot_ws/install/mycobot_320_riscv/lib/python3.12/site-packages:/home/amin/cobot/cobot_ws/install/mycobot_320/lib/python3.12/site-packages:/home/amin/cobot/cobot_ws/install/mycobot_280pi/lib/python3.12/site-packages:/home/amin/cobot/cobot_ws/install/mycobot_280jn/lib/python3.12/site-packages:/home/amin/cobot/cobot_ws/install/mycobot_280_x3pi/lib/python3.12/site-packages:/home/amin/cobot/cobot_ws/install/mycobot_280_riscv/lib/python3.12/site-packages:/home/amin/cobot/cobot_ws/install/mycobot_280_rdkx5/lib/python3.12/site-packages:/home/amin/cobot/cobot_ws/install/mycobot_280_moveit2_control/lib/python3.12/site-packages:/home/amin/cobot/cobot_ws/install/mycobot_280_arduino/lib/python3.12/site-packages:/home/amin/cobot/cobot_ws/install/mycobot_280/lib/python3.12/site-packages:/home/amin/cobot/cobot_ws/install/mybuddy/lib/python3.12/site-packages:/home/amin/cobot/cobot_ws/install/myarm_300/lib/python3.12/site-packages:/home/amin/cobot/cobot_ws/install/mecharm_pi/lib/python3.12/site-packages:/home/amin/cobot/cobot_ws/install/mecharm/lib/python3.12/site-packages:/home/amin/cobot/cobot_ws/install/mecharm_interfaces/lib/python3.12/site-packages:/opt/ros/jazzy/lib/python3.12/site-packages /usr/bin/python3 -W ignore:setup.py install is deprecated -W ignore:easy_install command is deprecated setup.py egg_info --egg-base ../../../../build/ultraarm build --build-base /home/amin/cobot/cobot_ws/build/ultraarm/build install --record /home/amin/cobot/cobot_ws/build/ultraarm/install.log --single-version-externally-managed install_data
[9.972s] Level 1:colcon.colcon_core.environment:checking '/home/amin/cobot/cobot_ws/install/ultraarm' for CMake config files
[9.973s] Level 1:colcon.colcon_core.environment:checking '/home/amin/cobot/cobot_ws/install/ultraarm/lib'
[9.973s] Level 1:colcon.colcon_core.environment:checking '/home/amin/cobot/cobot_ws/install/ultraarm/bin'
[9.973s] Level 1:colcon.colcon_core.environment:checking '/home/amin/cobot/cobot_ws/install/ultraarm/lib/pkgconfig/ultraarm.pc'
[9.973s] Level 1:colcon.colcon_core.environment:checking '/home/amin/cobot/cobot_ws/install/ultraarm/lib/python3.12/site-packages'
[9.973s] Level 1:colcon.colcon_core.shell:create_environment_hook('ultraarm', 'pythonpath')
[9.974s] INFO:colcon.colcon_core.shell:Creating environment hook '/home/amin/cobot/cobot_ws/install/ultraarm/share/ultraarm/hook/pythonpath.ps1'
[9.974s] INFO:colcon.colcon_core.shell:Creating environment descriptor '/home/amin/cobot/cobot_ws/install/ultraarm/share/ultraarm/hook/pythonpath.dsv'
[9.974s] INFO:colcon.colcon_core.shell:Creating environment hook '/home/amin/cobot/cobot_ws/install/ultraarm/share/ultraarm/hook/pythonpath.sh'
[9.975s] Level 1:colcon.colcon_core.environment:checking '/home/amin/cobot/cobot_ws/install/ultraarm/bin'
[9.975s] Level 1:colcon.colcon_core.environment:create_environment_scripts_only(ultraarm)
[9.976s] INFO:colcon.colcon_core.shell:Creating package script '/home/amin/cobot/cobot_ws/install/ultraarm/share/ultraarm/package.ps1'
[9.976s] INFO:colcon.colcon_core.shell:Creating package descriptor '/home/amin/cobot/cobot_ws/install/ultraarm/share/ultraarm/package.dsv'
[9.976s] INFO:colcon.colcon_core.shell:Creating package script '/home/amin/cobot/cobot_ws/install/ultraarm/share/ultraarm/package.sh'
[9.977s] INFO:colcon.colcon_core.shell:Creating package script '/home/amin/cobot/cobot_ws/install/ultraarm/share/ultraarm/package.bash'
[9.977s] INFO:colcon.colcon_core.shell:Creating package script '/home/amin/cobot/cobot_ws/install/ultraarm/share/ultraarm/package.zsh'
[9.977s] Level 1:colcon.colcon_core.environment:create_file_with_runtime_dependencies(/home/amin/cobot/cobot_ws/install/ultraarm/share/colcon-core/packages/ultraarm)
[10.003s] DEBUG:colcon.colcon_core.event_handler.log_command:Invoking command in '/home/amin/cobot/cobot_ws/src/mycobot_ros2/myArm/myarm_m750': AMENT_PREFIX_PATH=/home/amin/cobot/cobot_ws/install/mycobot_communication:/home/amin/cobot/cobot_ws/install/mycobot_description:/home/amin/cobot/cobot_ws/install/ultraarm:/home/amin/cobot/cobot_ws/install/pro450_moveit2_control:/home/amin/cobot/cobot_ws/install/pro450_moveit2:/home/amin/cobot/cobot_ws/install/mypalletizer_communication:/home/amin/cobot/cobot_ws/install/mypalletizer_interfaces:/home/amin/cobot/cobot_ws/install/mypalletizer_260_pi:/home/amin/cobot/cobot_ws/install/mypalletizer_260:/home/amin/cobot/cobot_ws/install/mycobot_pro_450:/home/amin/cobot/cobot_ws/install/mycobot_pro450_interfaces:/home/amin/cobot/cobot_ws/install/myarm_m750:/home/amin/cobot/cobot_ws/install/myarm_c650:/home/amin/cobot/cobot_ws/install/mecharm_communication:/home/amin/cobot/cobot_ws/install/mycobot_interfaces:/home/amin/cobot/cobot_ws/install/mycobot_630:/home/amin/cobot/cobot_ws/install/mycobot_600:/home/amin/cobot/cobot_ws/install/mycobot_320pi:/home/amin/cobot/cobot_ws/install/mycobot_320_riscv:/home/amin/cobot/cobot_ws/install/mycobot_320:/home/amin/cobot/cobot_ws/install/mycobot_280rdkx5_moveit2:/home/amin/cobot/cobot_ws/install/mycobot_280pi:/home/amin/cobot/cobot_ws/install/mycobot_280jn:/home/amin/cobot/cobot_ws/install/mycobot_280arduino_moveit2:/home/amin/cobot/cobot_ws/install/mycobot_280_x3pi:/home/amin/cobot/cobot_ws/install/mycobot_280_riscv:/home/amin/cobot/cobot_ws/install/mycobot_280_rdkx5:/home/amin/cobot/cobot_ws/install/mycobot_280_moveit2_control:/home/amin/cobot/cobot_ws/install/mycobot_280_moveit2:/home/amin/cobot/cobot_ws/install/mycobot_280_gazebo_jazzy:/home/amin/cobot/cobot_ws/install/mycobot_280_gazebo:/home/amin/cobot/cobot_ws/install/mycobot_280_arduino:/home/amin/cobot/cobot_ws/install/mycobot_280:/home/amin/cobot/cobot_ws/install/mybuddy:/home/amin/cobot/cobot_ws/install/myarm_300:/home/amin/cobot/cobot_ws/install/mecharm_pi:/home/amin/cobot/cobot_ws/install/mecharm:/home/amin/cobot/cobot_ws/install/mecharm_interfaces:/opt/ros/jazzy CMAKE_PREFIX_PATH=/home/amin/cobot/cobot_ws/install/mycobot_interfaces:/home/amin/cobot/cobot_ws/install/pro450_moveit2:/home/amin/cobot/cobot_ws/install/mypalletizer_interfaces:/home/amin/cobot/cobot_ws/install/mycobot_pro450_interfaces:/home/amin/cobot/cobot_ws/install/mycobot_280rdkx5_moveit2:/home/amin/cobot/cobot_ws/install/mycobot_280arduino_moveit2:/home/amin/cobot/cobot_ws/install/mycobot_280_moveit2:/home/amin/cobot/cobot_ws/install/mycobot_280_gazebo_jazzy:/home/amin/cobot/cobot_ws/install/mycobot_280_gazebo:/home/amin/cobot/cobot_ws/install/mecharm_interfaces:/opt/ros/jazzy/opt/gz_sim_vendor:/opt/ros/jazzy/opt/gz_sensors_vendor:/opt/ros/jazzy/opt/gz_physics_vendor:/opt/ros/jazzy/opt/sdformat_vendor:/opt/ros/jazzy/opt/gz_gui_vendor:/opt/ros/jazzy/opt/gz_transport_vendor:/opt/ros/jazzy/opt/gz_rendering_vendor:/opt/ros/jazzy/opt/gz_plugin_vendor:/opt/ros/jazzy/opt/gz_fuel_tools_vendor:/opt/ros/jazzy/opt/gz_msgs_vendor:/opt/ros/jazzy/opt/gz_common_vendor:/opt/ros/jazzy/opt/gz_math_vendor:/opt/ros/jazzy/opt/gz_utils_vendor:/opt/ros/jazzy/opt/gz_tools_vendor:/opt/ros/jazzy/opt/gz_ogre_next_vendor:/opt/ros/jazzy/opt/gz_dartsim_vendor:/opt/ros/jazzy/opt/gz_cmake_vendor DEBUGINFOD_URLS=https://debuginfod.ubuntu.com LD_LIBRARY_PATH=/home/amin/cobot/cobot_ws/install/mycobot_interfaces/lib:/home/amin/cobot/cobot_ws/install/mypalletizer_interfaces/lib:/home/amin/cobot/cobot_ws/install/mycobot_pro450_interfaces/lib:/home/amin/cobot/cobot_ws/install/mecharm_interfaces/lib:/opt/ros/jazzy/opt/gz_sim_vendor/lib:/opt/ros/jazzy/opt/gz_sensors_vendor/lib:/opt/ros/jazzy/opt/gz_physics_vendor/lib:/opt/ros/jazzy/opt/sdformat_vendor/lib:/opt/ros/jazzy/opt/rviz_ogre_vendor/lib:/opt/ros/jazzy/lib/x86_64-linux-gnu:/opt/ros/jazzy/opt/gz_gui_vendor/lib:/opt/ros/jazzy/opt/gz_transport_vendor/lib:/opt/ros/jazzy/opt/gz_rendering_vendor/lib:/opt/ros/jazzy/opt/gz_plugin_vendor/lib:/opt/ros/jazzy/opt/gz_fuel_tools_vendor/lib:/opt/ros/jazzy/opt/gz_msgs_vendor/lib:/opt/ros/jazzy/opt/gz_common_vendor/lib:/opt/ros/jazzy/opt/gz_math_vendor/lib:/opt/ros/jazzy/opt/gz_utils_vendor/lib:/opt/ros/jazzy/opt/gz_tools_vendor/lib:/opt/ros/jazzy/opt/gz_ogre_next_vendor/lib:/opt/ros/jazzy/opt/gz_dartsim_vendor/lib:/opt/ros/jazzy/opt/gz_cmake_vendor/lib:/opt/ros/jazzy/lib PYTHONPATH=/home/amin/cobot/cobot_ws/build/myarm_m750/prefix_override:/usr/lib/python3/dist-packages/colcon_core/task/python/colcon_distutils_commands:/home/amin/cobot/cobot_ws/install/myarm_m750/lib/python3.12/site-packages:/home/amin/cobot/cobot_ws/install/mycobot_communication/lib/python3.12/site-packages:/home/amin/cobot/cobot_ws/install/mycobot_interfaces/lib/python3.12/site-packages:/home/amin/cobot/cobot_ws/install/mycobot_description/lib/python3.12/site-packages:/home/amin/cobot/cobot_ws/install/ultraarm/lib/python3.12/site-packages:/home/amin/cobot/cobot_ws/install/pro450_moveit2_control/lib/python3.12/site-packages:/home/amin/cobot/cobot_ws/install/mypalletizer_communication/lib/python3.12/site-packages:/home/amin/cobot/cobot_ws/install/mypalletizer_interfaces/lib/python3.12/site-packages:/home/amin/cobot/cobot_ws/install/mypalletizer_260_pi/lib/python3.12/site-packages:/home/amin/cobot/cobot_ws/install/mypalletizer_260/lib/python3.12/site-packages:/home/amin/cobot/cobot_ws/install/mycobot_pro_450/lib/python3.12/site-packages:/home/amin/cobot/cobot_ws/install/mycobot_pro450_interfaces/lib/python3.12/site-packages:/home/amin/cobot/cobot_ws/install/myarm_m750/lib/python3.12/site-packages:/home/amin/cobot/cobot_ws/install/myarm_c650/lib/python3.12/site-packages:/home/amin/cobot/cobot_ws/install/mecharm_communication/lib/python3.12/site-packages:/home/amin/cobot/cobot_ws/install/mycobot_630/lib/python3.12/site-packages:/home/amin/cobot/cobot_ws/install/mycobot_600/lib/python3.12/site-packages:/home/amin/cobot/cobot_ws/install/mycobot_320pi/lib/python3.12/site-packages:/home/amin/cobot/cobot_ws/install/mycobot_320_riscv/lib/python3.12/site-packages:/home/amin/cobot/cobot_ws/install/mycobot_320/lib/python3.12/site-packages:/home/amin/cobot/cobot_ws/install/mycobot_280pi/lib/python3.12/site-packages:/home/amin/cobot/cobot_ws/install/mycobot_280jn/lib/python3.12/site-packages:/home/amin/cobot/cobot_ws/install/mycobot_280_x3pi/lib/python3.12/site-packages:/home/amin/cobot/cobot_ws/install/mycobot_280_riscv/lib/python3.12/site-packages:/home/amin/cobot/cobot_ws/install/mycobot_280_rdkx5/lib/python3.12/site-packages:/home/amin/cobot/cobot_ws/install/mycobot_280_moveit2_control/lib/python3.12/site-packages:/home/amin/cobot/cobot_ws/install/mycobot_280_arduino/lib/python3.12/site-packages:/home/amin/cobot/cobot_ws/install/mycobot_280/lib/python3.12/site-packages:/home/amin/cobot/cobot_ws/install/mybuddy/lib/python3.12/site-packages:/home/amin/cobot/cobot_ws/install/myarm_300/lib/python3.12/site-packages:/home/amin/cobot/cobot_ws/install/mecharm_pi/lib/python3.12/site-packages:/home/amin/cobot/cobot_ws/install/mecharm/lib/python3.12/site-packages:/home/amin/cobot/cobot_ws/install/mecharm_interfaces/lib/python3.12/site-packages:/opt/ros/jazzy/lib/python3.12/site-packages /usr/bin/python3 -W ignore:setup.py install is deprecated -W ignore:easy_install command is deprecated setup.py egg_info --egg-base ../../../../build/myarm_m750 build --build-base /home/amin/cobot/cobot_ws/build/myarm_m750/build install --record /home/amin/cobot/cobot_ws/build/myarm_m750/install.log --single-version-externally-managed install_data
[10.084s] Level 1:colcon.colcon_core.environment:checking '/home/amin/cobot/cobot_ws/install/myarm_c650' for CMake module files
[10.085s] DEBUG:colcon.colcon_core.event_handler.log_command:Invoked command in '/home/amin/cobot/cobot_ws/src/mycobot_ros2/myArm/myarm_c650' returned '0': AMENT_PREFIX_PATH=/home/amin/cobot/cobot_ws/install/mycobot_communication:/home/amin/cobot/cobot_ws/install/mycobot_description:/home/amin/cobot/cobot_ws/install/ultraarm:/home/amin/cobot/cobot_ws/install/pro450_moveit2_control:/home/amin/cobot/cobot_ws/install/pro450_moveit2:/home/amin/cobot/cobot_ws/install/mypalletizer_communication:/home/amin/cobot/cobot_ws/install/mypalletizer_interfaces:/home/amin/cobot/cobot_ws/install/mypalletizer_260_pi:/home/amin/cobot/cobot_ws/install/mypalletizer_260:/home/amin/cobot/cobot_ws/install/mycobot_pro_450:/home/amin/cobot/cobot_ws/install/mycobot_pro450_interfaces:/home/amin/cobot/cobot_ws/install/myarm_m750:/home/amin/cobot/cobot_ws/install/myarm_c650:/home/amin/cobot/cobot_ws/install/mecharm_communication:/home/amin/cobot/cobot_ws/install/mycobot_interfaces:/home/amin/cobot/cobot_ws/install/mycobot_630:/home/amin/cobot/cobot_ws/install/mycobot_600:/home/amin/cobot/cobot_ws/install/mycobot_320pi:/home/amin/cobot/cobot_ws/install/mycobot_320_riscv:/home/amin/cobot/cobot_ws/install/mycobot_320:/home/amin/cobot/cobot_ws/install/mycobot_280rdkx5_moveit2:/home/amin/cobot/cobot_ws/install/mycobot_280pi:/home/amin/cobot/cobot_ws/install/mycobot_280jn:/home/amin/cobot/cobot_ws/install/mycobot_280arduino_moveit2:/home/amin/cobot/cobot_ws/install/mycobot_280_x3pi:/home/amin/cobot/cobot_ws/install/mycobot_280_riscv:/home/amin/cobot/cobot_ws/install/mycobot_280_rdkx5:/home/amin/cobot/cobot_ws/install/mycobot_280_moveit2_control:/home/amin/cobot/cobot_ws/install/mycobot_280_moveit2:/home/amin/cobot/cobot_ws/install/mycobot_280_gazebo_jazzy:/home/amin/cobot/cobot_ws/install/mycobot_280_gazebo:/home/amin/cobot/cobot_ws/install/mycobot_280_arduino:/home/amin/cobot/cobot_ws/install/mycobot_280:/home/amin/cobot/cobot_ws/install/mybuddy:/home/amin/cobot/cobot_ws/install/myarm_300:/home/amin/cobot/cobot_ws/install/mecharm_pi:/home/amin/cobot/cobot_ws/install/mecharm:/home/amin/cobot/cobot_ws/install/mecharm_interfaces:/opt/ros/jazzy CMAKE_PREFIX_PATH=/home/amin/cobot/cobot_ws/install/mycobot_interfaces:/home/amin/cobot/cobot_ws/install/pro450_moveit2:/home/amin/cobot/cobot_ws/install/mypalletizer_interfaces:/home/amin/cobot/cobot_ws/install/mycobot_pro450_interfaces:/home/amin/cobot/cobot_ws/install/mycobot_280rdkx5_moveit2:/home/amin/cobot/cobot_ws/install/mycobot_280arduino_moveit2:/home/amin/cobot/cobot_ws/install/mycobot_280_moveit2:/home/amin/cobot/cobot_ws/install/mycobot_280_gazebo_jazzy:/home/amin/cobot/cobot_ws/install/mycobot_280_gazebo:/home/amin/cobot/cobot_ws/install/mecharm_interfaces:/opt/ros/jazzy/opt/gz_sim_vendor:/opt/ros/jazzy/opt/gz_sensors_vendor:/opt/ros/jazzy/opt/gz_physics_vendor:/opt/ros/jazzy/opt/sdformat_vendor:/opt/ros/jazzy/opt/gz_gui_vendor:/opt/ros/jazzy/opt/gz_transport_vendor:/opt/ros/jazzy/opt/gz_rendering_vendor:/opt/ros/jazzy/opt/gz_plugin_vendor:/opt/ros/jazzy/opt/gz_fuel_tools_vendor:/opt/ros/jazzy/opt/gz_msgs_vendor:/opt/ros/jazzy/opt/gz_common_vendor:/opt/ros/jazzy/opt/gz_math_vendor:/opt/ros/jazzy/opt/gz_utils_vendor:/opt/ros/jazzy/opt/gz_tools_vendor:/opt/ros/jazzy/opt/gz_ogre_next_vendor:/opt/ros/jazzy/opt/gz_dartsim_vendor:/opt/ros/jazzy/opt/gz_cmake_vendor DEBUGINFOD_URLS=https://debuginfod.ubuntu.com LD_LIBRARY_PATH=/home/amin/cobot/cobot_ws/install/mycobot_interfaces/lib:/home/amin/cobot/cobot_ws/install/mypalletizer_interfaces/lib:/home/amin/cobot/cobot_ws/install/mycobot_pro450_interfaces/lib:/home/amin/cobot/cobot_ws/install/mecharm_interfaces/lib:/opt/ros/jazzy/opt/gz_sim_vendor/lib:/opt/ros/jazzy/opt/gz_sensors_vendor/lib:/opt/ros/jazzy/opt/gz_physics_vendor/lib:/opt/ros/jazzy/opt/sdformat_vendor/lib:/opt/ros/jazzy/opt/rviz_ogre_vendor/lib:/opt/ros/jazzy/lib/x86_64-linux-gnu:/opt/ros/jazzy/opt/gz_gui_vendor/lib:/opt/ros/jazzy/opt/gz_transport_vendor/lib:/opt/ros/jazzy/opt/gz_rendering_vendor/lib:/opt/ros/jazzy/opt/gz_plugin_vendor/lib:/opt/ros/jazzy/opt/gz_fuel_tools_vendor/lib:/opt/ros/jazzy/opt/gz_msgs_vendor/lib:/opt/ros/jazzy/opt/gz_common_vendor/lib:/opt/ros/jazzy/opt/gz_math_vendor/lib:/opt/ros/jazzy/opt/gz_utils_vendor/lib:/opt/ros/jazzy/opt/gz_tools_vendor/lib:/opt/ros/jazzy/opt/gz_ogre_next_vendor/lib:/opt/ros/jazzy/opt/gz_dartsim_vendor/lib:/opt/ros/jazzy/opt/gz_cmake_vendor/lib:/opt/ros/jazzy/lib PYTHONPATH=/home/amin/cobot/cobot_ws/build/myarm_c650/prefix_override:/usr/lib/python3/dist-packages/colcon_core/task/python/colcon_distutils_commands:/home/amin/cobot/cobot_ws/install/myarm_c650/lib/python3.12/site-packages:/home/amin/cobot/cobot_ws/install/mycobot_communication/lib/python3.12/site-packages:/home/amin/cobot/cobot_ws/install/mycobot_interfaces/lib/python3.12/site-packages:/home/amin/cobot/cobot_ws/install/mycobot_description/lib/python3.12/site-packages:/home/amin/cobot/cobot_ws/install/ultraarm/lib/python3.12/site-packages:/home/amin/cobot/cobot_ws/install/pro450_moveit2_control/lib/python3.12/site-packages:/home/amin/cobot/cobot_ws/install/mypalletizer_communication/lib/python3.12/site-packages:/home/amin/cobot/cobot_ws/install/mypalletizer_interfaces/lib/python3.12/site-packages:/home/amin/cobot/cobot_ws/install/mypalletizer_260_pi/lib/python3.12/site-packages:/home/amin/cobot/cobot_ws/install/mypalletizer_260/lib/python3.12/site-packages:/home/amin/cobot/cobot_ws/install/mycobot_pro_450/lib/python3.12/site-packages:/home/amin/cobot/cobot_ws/install/mycobot_pro450_interfaces/lib/python3.12/site-packages:/home/amin/cobot/cobot_ws/install/myarm_m750/lib/python3.12/site-packages:/home/amin/cobot/cobot_ws/install/myarm_c650/lib/python3.12/site-packages:/home/amin/cobot/cobot_ws/install/mecharm_communication/lib/python3.12/site-packages:/home/amin/cobot/cobot_ws/install/mycobot_630/lib/python3.12/site-packages:/home/amin/cobot/cobot_ws/install/mycobot_600/lib/python3.12/site-packages:/home/amin/cobot/cobot_ws/install/mycobot_320pi/lib/python3.12/site-packages:/home/amin/cobot/cobot_ws/install/mycobot_320_riscv/lib/python3.12/site-packages:/home/amin/cobot/cobot_ws/install/mycobot_320/lib/python3.12/site-packages:/home/amin/cobot/cobot_ws/install/mycobot_280pi/lib/python3.12/site-packages:/home/amin/cobot/cobot_ws/install/mycobot_280jn/lib/python3.12/site-packages:/home/amin/cobot/cobot_ws/install/mycobot_280_x3pi/lib/python3.12/site-packages:/home/amin/cobot/cobot_ws/install/mycobot_280_riscv/lib/python3.12/site-packages:/home/amin/cobot/cobot_ws/install/mycobot_280_rdkx5/lib/python3.12/site-packages:/home/amin/cobot/cobot_ws/install/mycobot_280_moveit2_control/lib/python3.12/site-packages:/home/amin/cobot/cobot_ws/install/mycobot_280_arduino/lib/python3.12/site-packages:/home/amin/cobot/cobot_ws/install/mycobot_280/lib/python3.12/site-packages:/home/amin/cobot/cobot_ws/install/mybuddy/lib/python3.12/site-packages:/home/amin/cobot/cobot_ws/install/myarm_300/lib/python3.12/site-packages:/home/amin/cobot/cobot_ws/install/mecharm_pi/lib/python3.12/site-packages:/home/amin/cobot/cobot_ws/install/mecharm/lib/python3.12/site-packages:/home/amin/cobot/cobot_ws/install/mecharm_interfaces/lib/python3.12/site-packages:/opt/ros/jazzy/lib/python3.12/site-packages /usr/bin/python3 -W ignore:setup.py install is deprecated -W ignore:easy_install command is deprecated setup.py egg_info --egg-base ../../../../build/myarm_c650 build --build-base /home/amin/cobot/cobot_ws/build/myarm_c650/build install --record /home/amin/cobot/cobot_ws/build/myarm_c650/install.log --single-version-externally-managed install_data
[10.085s] Level 1:colcon.colcon_core.environment:checking '/home/amin/cobot/cobot_ws/install/myarm_c650' for CMake config files
[10.086s] Level 1:colcon.colcon_core.environment:checking '/home/amin/cobot/cobot_ws/install/myarm_c650/lib'
[10.086s] Level 1:colcon.colcon_core.environment:checking '/home/amin/cobot/cobot_ws/install/myarm_c650/bin'
[10.086s] Level 1:colcon.colcon_core.environment:checking '/home/amin/cobot/cobot_ws/install/myarm_c650/lib/pkgconfig/myarm_c650.pc'
[10.086s] Level 1:colcon.colcon_core.environment:checking '/home/amin/cobot/cobot_ws/install/myarm_c650/lib/python3.12/site-packages'
[10.086s] Level 1:colcon.colcon_core.shell:create_environment_hook('myarm_c650', 'pythonpath')
[10.087s] INFO:colcon.colcon_core.shell:Creating environment hook '/home/amin/cobot/cobot_ws/install/myarm_c650/share/myarm_c650/hook/pythonpath.ps1'
[10.088s] INFO:colcon.colcon_core.shell:Creating environment descriptor '/home/amin/cobot/cobot_ws/install/myarm_c650/share/myarm_c650/hook/pythonpath.dsv'
[10.089s] INFO:colcon.colcon_core.shell:Creating environment hook '/home/amin/cobot/cobot_ws/install/myarm_c650/share/myarm_c650/hook/pythonpath.sh'
[10.089s] Level 1:colcon.colcon_core.environment:checking '/home/amin/cobot/cobot_ws/install/myarm_c650/bin'
[10.089s] Level 1:colcon.colcon_core.environment:create_environment_scripts_only(myarm_c650)
[10.090s] INFO:colcon.colcon_core.shell:Creating package script '/home/amin/cobot/cobot_ws/install/myarm_c650/share/myarm_c650/package.ps1'
[10.090s] INFO:colcon.colcon_core.shell:Creating package descriptor '/home/amin/cobot/cobot_ws/install/myarm_c650/share/myarm_c650/package.dsv'
[10.091s] INFO:colcon.colcon_core.shell:Creating package script '/home/amin/cobot/cobot_ws/install/myarm_c650/share/myarm_c650/package.sh'
[10.091s] INFO:colcon.colcon_core.shell:Creating package script '/home/amin/cobot/cobot_ws/install/myarm_c650/share/myarm_c650/package.bash'
[10.091s] INFO:colcon.colcon_core.shell:Creating package script '/home/amin/cobot/cobot_ws/install/myarm_c650/share/myarm_c650/package.zsh'
[10.092s] Level 1:colcon.colcon_core.environment:create_file_with_runtime_dependencies(/home/amin/cobot/cobot_ws/install/myarm_c650/share/colcon-core/packages/myarm_c650)
[10.386s] Level 1:colcon.colcon_core.environment:checking '/home/amin/cobot/cobot_ws/install/mycobot_280_rdkx5' for CMake module files
[10.387s] DEBUG:colcon.colcon_core.event_handler.log_command:Invoked command in '/home/amin/cobot/cobot_ws/src/mycobot_ros2/mycobot_280/mycobot_280_rdkx5' returned '0': AMENT_PREFIX_PATH=/home/amin/cobot/cobot_ws/install/mycobot_communication:/home/amin/cobot/cobot_ws/install/mycobot_description:/home/amin/cobot/cobot_ws/install/ultraarm:/home/amin/cobot/cobot_ws/install/pro450_moveit2_control:/home/amin/cobot/cobot_ws/install/pro450_moveit2:/home/amin/cobot/cobot_ws/install/mypalletizer_communication:/home/amin/cobot/cobot_ws/install/mypalletizer_interfaces:/home/amin/cobot/cobot_ws/install/mypalletizer_260_pi:/home/amin/cobot/cobot_ws/install/mypalletizer_260:/home/amin/cobot/cobot_ws/install/mycobot_pro_450:/home/amin/cobot/cobot_ws/install/mycobot_pro450_interfaces:/home/amin/cobot/cobot_ws/install/myarm_m750:/home/amin/cobot/cobot_ws/install/myarm_c650:/home/amin/cobot/cobot_ws/install/mecharm_communication:/home/amin/cobot/cobot_ws/install/mycobot_interfaces:/home/amin/cobot/cobot_ws/install/mycobot_630:/home/amin/cobot/cobot_ws/install/mycobot_600:/home/amin/cobot/cobot_ws/install/mycobot_320pi:/home/amin/cobot/cobot_ws/install/mycobot_320_riscv:/home/amin/cobot/cobot_ws/install/mycobot_320:/home/amin/cobot/cobot_ws/install/mycobot_280rdkx5_moveit2:/home/amin/cobot/cobot_ws/install/mycobot_280pi:/home/amin/cobot/cobot_ws/install/mycobot_280jn:/home/amin/cobot/cobot_ws/install/mycobot_280arduino_moveit2:/home/amin/cobot/cobot_ws/install/mycobot_280_x3pi:/home/amin/cobot/cobot_ws/install/mycobot_280_riscv:/home/amin/cobot/cobot_ws/install/mycobot_280_rdkx5:/home/amin/cobot/cobot_ws/install/mycobot_280_moveit2_control:/home/amin/cobot/cobot_ws/install/mycobot_280_moveit2:/home/amin/cobot/cobot_ws/install/mycobot_280_gazebo_jazzy:/home/amin/cobot/cobot_ws/install/mycobot_280_gazebo:/home/amin/cobot/cobot_ws/install/mycobot_280_arduino:/home/amin/cobot/cobot_ws/install/mycobot_280:/home/amin/cobot/cobot_ws/install/mybuddy:/home/amin/cobot/cobot_ws/install/myarm_300:/home/amin/cobot/cobot_ws/install/mecharm_pi:/home/amin/cobot/cobot_ws/install/mecharm:/home/amin/cobot/cobot_ws/install/mecharm_interfaces:/opt/ros/jazzy CMAKE_PREFIX_PATH=/home/amin/cobot/cobot_ws/install/mycobot_interfaces:/home/amin/cobot/cobot_ws/install/pro450_moveit2:/home/amin/cobot/cobot_ws/install/mypalletizer_interfaces:/home/amin/cobot/cobot_ws/install/mycobot_pro450_interfaces:/home/amin/cobot/cobot_ws/install/mycobot_280rdkx5_moveit2:/home/amin/cobot/cobot_ws/install/mycobot_280arduino_moveit2:/home/amin/cobot/cobot_ws/install/mycobot_280_moveit2:/home/amin/cobot/cobot_ws/install/mycobot_280_gazebo_jazzy:/home/amin/cobot/cobot_ws/install/mycobot_280_gazebo:/home/amin/cobot/cobot_ws/install/mecharm_interfaces:/opt/ros/jazzy/opt/gz_sim_vendor:/opt/ros/jazzy/opt/gz_sensors_vendor:/opt/ros/jazzy/opt/gz_physics_vendor:/opt/ros/jazzy/opt/sdformat_vendor:/opt/ros/jazzy/opt/gz_gui_vendor:/opt/ros/jazzy/opt/gz_transport_vendor:/opt/ros/jazzy/opt/gz_rendering_vendor:/opt/ros/jazzy/opt/gz_plugin_vendor:/opt/ros/jazzy/opt/gz_fuel_tools_vendor:/opt/ros/jazzy/opt/gz_msgs_vendor:/opt/ros/jazzy/opt/gz_common_vendor:/opt/ros/jazzy/opt/gz_math_vendor:/opt/ros/jazzy/opt/gz_utils_vendor:/opt/ros/jazzy/opt/gz_tools_vendor:/opt/ros/jazzy/opt/gz_ogre_next_vendor:/opt/ros/jazzy/opt/gz_dartsim_vendor:/opt/ros/jazzy/opt/gz_cmake_vendor DEBUGINFOD_URLS=https://debuginfod.ubuntu.com LD_LIBRARY_PATH=/home/amin/cobot/cobot_ws/install/mycobot_interfaces/lib:/home/amin/cobot/cobot_ws/install/mypalletizer_interfaces/lib:/home/amin/cobot/cobot_ws/install/mycobot_pro450_interfaces/lib:/home/amin/cobot/cobot_ws/install/mecharm_interfaces/lib:/opt/ros/jazzy/opt/gz_sim_vendor/lib:/opt/ros/jazzy/opt/gz_sensors_vendor/lib:/opt/ros/jazzy/opt/gz_physics_vendor/lib:/opt/ros/jazzy/opt/sdformat_vendor/lib:/opt/ros/jazzy/opt/rviz_ogre_vendor/lib:/opt/ros/jazzy/lib/x86_64-linux-gnu:/opt/ros/jazzy/opt/gz_gui_vendor/lib:/opt/ros/jazzy/opt/gz_transport_vendor/lib:/opt/ros/jazzy/opt/gz_rendering_vendor/lib:/opt/ros/jazzy/opt/gz_plugin_vendor/lib:/opt/ros/jazzy/opt/gz_fuel_tools_vendor/lib:/opt/ros/jazzy/opt/gz_msgs_vendor/lib:/opt/ros/jazzy/opt/gz_common_vendor/lib:/opt/ros/jazzy/opt/gz_math_vendor/lib:/opt/ros/jazzy/opt/gz_utils_vendor/lib:/opt/ros/jazzy/opt/gz_tools_vendor/lib:/opt/ros/jazzy/opt/gz_ogre_next_vendor/lib:/opt/ros/jazzy/opt/gz_dartsim_vendor/lib:/opt/ros/jazzy/opt/gz_cmake_vendor/lib:/opt/ros/jazzy/lib PYTHONPATH=/home/amin/cobot/cobot_ws/build/mycobot_280_rdkx5/prefix_override:/usr/lib/python3/dist-packages/colcon_core/task/python/colcon_distutils_commands:/home/amin/cobot/cobot_ws/install/mycobot_280_rdkx5/lib/python3.12/site-packages:/home/amin/cobot/cobot_ws/install/mycobot_communication/lib/python3.12/site-packages:/home/amin/cobot/cobot_ws/install/mycobot_interfaces/lib/python3.12/site-packages:/home/amin/cobot/cobot_ws/install/mycobot_description/lib/python3.12/site-packages:/home/amin/cobot/cobot_ws/install/ultraarm/lib/python3.12/site-packages:/home/amin/cobot/cobot_ws/install/pro450_moveit2_control/lib/python3.12/site-packages:/home/amin/cobot/cobot_ws/install/mypalletizer_communication/lib/python3.12/site-packages:/home/amin/cobot/cobot_ws/install/mypalletizer_interfaces/lib/python3.12/site-packages:/home/amin/cobot/cobot_ws/install/mypalletizer_260_pi/lib/python3.12/site-packages:/home/amin/cobot/cobot_ws/install/mypalletizer_260/lib/python3.12/site-packages:/home/amin/cobot/cobot_ws/install/mycobot_pro_450/lib/python3.12/site-packages:/home/amin/cobot/cobot_ws/install/mycobot_pro450_interfaces/lib/python3.12/site-packages:/home/amin/cobot/cobot_ws/install/myarm_m750/lib/python3.12/site-packages:/home/amin/cobot/cobot_ws/install/myarm_c650/lib/python3.12/site-packages:/home/amin/cobot/cobot_ws/install/mecharm_communication/lib/python3.12/site-packages:/home/amin/cobot/cobot_ws/install/mycobot_630/lib/python3.12/site-packages:/home/amin/cobot/cobot_ws/install/mycobot_600/lib/python3.12/site-packages:/home/amin/cobot/cobot_ws/install/mycobot_320pi/lib/python3.12/site-packages:/home/amin/cobot/cobot_ws/install/mycobot_320_riscv/lib/python3.12/site-packages:/home/amin/cobot/cobot_ws/install/mycobot_320/lib/python3.12/site-packages:/home/amin/cobot/cobot_ws/install/mycobot_280pi/lib/python3.12/site-packages:/home/amin/cobot/cobot_ws/install/mycobot_280jn/lib/python3.12/site-packages:/home/amin/cobot/cobot_ws/install/mycobot_280_x3pi/lib/python3.12/site-packages:/home/amin/cobot/cobot_ws/install/mycobot_280_riscv/lib/python3.12/site-packages:/home/amin/cobot/cobot_ws/install/mycobot_280_rdkx5/lib/python3.12/site-packages:/home/amin/cobot/cobot_ws/install/mycobot_280_moveit2_control/lib/python3.12/site-packages:/home/amin/cobot/cobot_ws/install/mycobot_280_arduino/lib/python3.12/site-packages:/home/amin/cobot/cobot_ws/install/mycobot_280/lib/python3.12/site-packages:/home/amin/cobot/cobot_ws/install/mybuddy/lib/python3.12/site-packages:/home/amin/cobot/cobot_ws/install/myarm_300/lib/python3.12/site-packages:/home/amin/cobot/cobot_ws/install/mecharm_pi/lib/python3.12/site-packages:/home/amin/cobot/cobot_ws/install/mecharm/lib/python3.12/site-packages:/home/amin/cobot/cobot_ws/install/mecharm_interfaces/lib/python3.12/site-packages:/opt/ros/jazzy/lib/python3.12/site-packages /usr/bin/python3 -W ignore:setup.py install is deprecated -W ignore:easy_install command is deprecated setup.py egg_info --egg-base ../../../../build/mycobot_280_rdkx5 build --build-base /home/amin/cobot/cobot_ws/build/mycobot_280_rdkx5/build install --record /home/amin/cobot/cobot_ws/build/mycobot_280_rdkx5/install.log --single-version-externally-managed install_data
[10.387s] Level 1:colcon.colcon_core.environment:checking '/home/amin/cobot/cobot_ws/install/mycobot_280_rdkx5' for CMake config files
[10.388s] Level 1:colcon.colcon_core.environment:checking '/home/amin/cobot/cobot_ws/install/mycobot_280_rdkx5/lib'
[10.388s] Level 1:colcon.colcon_core.environment:checking '/home/amin/cobot/cobot_ws/install/mycobot_280_rdkx5/bin'
[10.388s] Level 1:colcon.colcon_core.environment:checking '/home/amin/cobot/cobot_ws/install/mycobot_280_rdkx5/lib/pkgconfig/mycobot_280_rdkx5.pc'
[10.388s] Level 1:colcon.colcon_core.environment:checking '/home/amin/cobot/cobot_ws/install/mycobot_280_rdkx5/lib/python3.12/site-packages'
[10.388s] Level 1:colcon.colcon_core.shell:create_environment_hook('mycobot_280_rdkx5', 'pythonpath')
[10.389s] INFO:colcon.colcon_core.shell:Creating environment hook '/home/amin/cobot/cobot_ws/install/mycobot_280_rdkx5/share/mycobot_280_rdkx5/hook/pythonpath.ps1'
[10.389s] INFO:colcon.colcon_core.shell:Creating environment descriptor '/home/amin/cobot/cobot_ws/install/mycobot_280_rdkx5/share/mycobot_280_rdkx5/hook/pythonpath.dsv'
[10.390s] INFO:colcon.colcon_core.shell:Creating environment hook '/home/amin/cobot/cobot_ws/install/mycobot_280_rdkx5/share/mycobot_280_rdkx5/hook/pythonpath.sh'
[10.390s] Level 1:colcon.colcon_core.environment:checking '/home/amin/cobot/cobot_ws/install/mycobot_280_rdkx5/bin'
[10.390s] Level 1:colcon.colcon_core.environment:create_environment_scripts_only(mycobot_280_rdkx5)
[10.390s] INFO:colcon.colcon_core.shell:Creating package script '/home/amin/cobot/cobot_ws/install/mycobot_280_rdkx5/share/mycobot_280_rdkx5/package.ps1'
[10.391s] INFO:colcon.colcon_core.shell:Creating package descriptor '/home/amin/cobot/cobot_ws/install/mycobot_280_rdkx5/share/mycobot_280_rdkx5/package.dsv'
[10.391s] INFO:colcon.colcon_core.shell:Creating package script '/home/amin/cobot/cobot_ws/install/mycobot_280_rdkx5/share/mycobot_280_rdkx5/package.sh'
[10.391s] INFO:colcon.colcon_core.shell:Creating package script '/home/amin/cobot/cobot_ws/install/mycobot_280_rdkx5/share/mycobot_280_rdkx5/package.bash'
[10.391s] INFO:colcon.colcon_core.shell:Creating package script '/home/amin/cobot/cobot_ws/install/mycobot_280_rdkx5/share/mycobot_280_rdkx5/package.zsh'
[10.391s] Level 1:colcon.colcon_core.environment:create_file_with_runtime_dependencies(/home/amin/cobot/cobot_ws/install/mycobot_280_rdkx5/share/colcon-core/packages/mycobot_280_rdkx5)
[10.441s] Level 1:colcon.colcon_core.environment:checking '/home/amin/cobot/cobot_ws/install/myarm_m750' for CMake module files
[10.442s] DEBUG:colcon.colcon_core.event_handler.log_command:Invoked command in '/home/amin/cobot/cobot_ws/src/mycobot_ros2/myArm/myarm_m750' returned '0': AMENT_PREFIX_PATH=/home/amin/cobot/cobot_ws/install/mycobot_communication:/home/amin/cobot/cobot_ws/install/mycobot_description:/home/amin/cobot/cobot_ws/install/ultraarm:/home/amin/cobot/cobot_ws/install/pro450_moveit2_control:/home/amin/cobot/cobot_ws/install/pro450_moveit2:/home/amin/cobot/cobot_ws/install/mypalletizer_communication:/home/amin/cobot/cobot_ws/install/mypalletizer_interfaces:/home/amin/cobot/cobot_ws/install/mypalletizer_260_pi:/home/amin/cobot/cobot_ws/install/mypalletizer_260:/home/amin/cobot/cobot_ws/install/mycobot_pro_450:/home/amin/cobot/cobot_ws/install/mycobot_pro450_interfaces:/home/amin/cobot/cobot_ws/install/myarm_m750:/home/amin/cobot/cobot_ws/install/myarm_c650:/home/amin/cobot/cobot_ws/install/mecharm_communication:/home/amin/cobot/cobot_ws/install/mycobot_interfaces:/home/amin/cobot/cobot_ws/install/mycobot_630:/home/amin/cobot/cobot_ws/install/mycobot_600:/home/amin/cobot/cobot_ws/install/mycobot_320pi:/home/amin/cobot/cobot_ws/install/mycobot_320_riscv:/home/amin/cobot/cobot_ws/install/mycobot_320:/home/amin/cobot/cobot_ws/install/mycobot_280rdkx5_moveit2:/home/amin/cobot/cobot_ws/install/mycobot_280pi:/home/amin/cobot/cobot_ws/install/mycobot_280jn:/home/amin/cobot/cobot_ws/install/mycobot_280arduino_moveit2:/home/amin/cobot/cobot_ws/install/mycobot_280_x3pi:/home/amin/cobot/cobot_ws/install/mycobot_280_riscv:/home/amin/cobot/cobot_ws/install/mycobot_280_rdkx5:/home/amin/cobot/cobot_ws/install/mycobot_280_moveit2_control:/home/amin/cobot/cobot_ws/install/mycobot_280_moveit2:/home/amin/cobot/cobot_ws/install/mycobot_280_gazebo_jazzy:/home/amin/cobot/cobot_ws/install/mycobot_280_gazebo:/home/amin/cobot/cobot_ws/install/mycobot_280_arduino:/home/amin/cobot/cobot_ws/install/mycobot_280:/home/amin/cobot/cobot_ws/install/mybuddy:/home/amin/cobot/cobot_ws/install/myarm_300:/home/amin/cobot/cobot_ws/install/mecharm_pi:/home/amin/cobot/cobot_ws/install/mecharm:/home/amin/cobot/cobot_ws/install/mecharm_interfaces:/opt/ros/jazzy CMAKE_PREFIX_PATH=/home/amin/cobot/cobot_ws/install/mycobot_interfaces:/home/amin/cobot/cobot_ws/install/pro450_moveit2:/home/amin/cobot/cobot_ws/install/mypalletizer_interfaces:/home/amin/cobot/cobot_ws/install/mycobot_pro450_interfaces:/home/amin/cobot/cobot_ws/install/mycobot_280rdkx5_moveit2:/home/amin/cobot/cobot_ws/install/mycobot_280arduino_moveit2:/home/amin/cobot/cobot_ws/install/mycobot_280_moveit2:/home/amin/cobot/cobot_ws/install/mycobot_280_gazebo_jazzy:/home/amin/cobot/cobot_ws/install/mycobot_280_gazebo:/home/amin/cobot/cobot_ws/install/mecharm_interfaces:/opt/ros/jazzy/opt/gz_sim_vendor:/opt/ros/jazzy/opt/gz_sensors_vendor:/opt/ros/jazzy/opt/gz_physics_vendor:/opt/ros/jazzy/opt/sdformat_vendor:/opt/ros/jazzy/opt/gz_gui_vendor:/opt/ros/jazzy/opt/gz_transport_vendor:/opt/ros/jazzy/opt/gz_rendering_vendor:/opt/ros/jazzy/opt/gz_plugin_vendor:/opt/ros/jazzy/opt/gz_fuel_tools_vendor:/opt/ros/jazzy/opt/gz_msgs_vendor:/opt/ros/jazzy/opt/gz_common_vendor:/opt/ros/jazzy/opt/gz_math_vendor:/opt/ros/jazzy/opt/gz_utils_vendor:/opt/ros/jazzy/opt/gz_tools_vendor:/opt/ros/jazzy/opt/gz_ogre_next_vendor:/opt/ros/jazzy/opt/gz_dartsim_vendor:/opt/ros/jazzy/opt/gz_cmake_vendor DEBUGINFOD_URLS=https://debuginfod.ubuntu.com LD_LIBRARY_PATH=/home/amin/cobot/cobot_ws/install/mycobot_interfaces/lib:/home/amin/cobot/cobot_ws/install/mypalletizer_interfaces/lib:/home/amin/cobot/cobot_ws/install/mycobot_pro450_interfaces/lib:/home/amin/cobot/cobot_ws/install/mecharm_interfaces/lib:/opt/ros/jazzy/opt/gz_sim_vendor/lib:/opt/ros/jazzy/opt/gz_sensors_vendor/lib:/opt/ros/jazzy/opt/gz_physics_vendor/lib:/opt/ros/jazzy/opt/sdformat_vendor/lib:/opt/ros/jazzy/opt/rviz_ogre_vendor/lib:/opt/ros/jazzy/lib/x86_64-linux-gnu:/opt/ros/jazzy/opt/gz_gui_vendor/lib:/opt/ros/jazzy/opt/gz_transport_vendor/lib:/opt/ros/jazzy/opt/gz_rendering_vendor/lib:/opt/ros/jazzy/opt/gz_plugin_vendor/lib:/opt/ros/jazzy/opt/gz_fuel_tools_vendor/lib:/opt/ros/jazzy/opt/gz_msgs_vendor/lib:/opt/ros/jazzy/opt/gz_common_vendor/lib:/opt/ros/jazzy/opt/gz_math_vendor/lib:/opt/ros/jazzy/opt/gz_utils_vendor/lib:/opt/ros/jazzy/opt/gz_tools_vendor/lib:/opt/ros/jazzy/opt/gz_ogre_next_vendor/lib:/opt/ros/jazzy/opt/gz_dartsim_vendor/lib:/opt/ros/jazzy/opt/gz_cmake_vendor/lib:/opt/ros/jazzy/lib PYTHONPATH=/home/amin/cobot/cobot_ws/build/myarm_m750/prefix_override:/usr/lib/python3/dist-packages/colcon_core/task/python/colcon_distutils_commands:/home/amin/cobot/cobot_ws/install/myarm_m750/lib/python3.12/site-packages:/home/amin/cobot/cobot_ws/install/mycobot_communication/lib/python3.12/site-packages:/home/amin/cobot/cobot_ws/install/mycobot_interfaces/lib/python3.12/site-packages:/home/amin/cobot/cobot_ws/install/mycobot_description/lib/python3.12/site-packages:/home/amin/cobot/cobot_ws/install/ultraarm/lib/python3.12/site-packages:/home/amin/cobot/cobot_ws/install/pro450_moveit2_control/lib/python3.12/site-packages:/home/amin/cobot/cobot_ws/install/mypalletizer_communication/lib/python3.12/site-packages:/home/amin/cobot/cobot_ws/install/mypalletizer_interfaces/lib/python3.12/site-packages:/home/amin/cobot/cobot_ws/install/mypalletizer_260_pi/lib/python3.12/site-packages:/home/amin/cobot/cobot_ws/install/mypalletizer_260/lib/python3.12/site-packages:/home/amin/cobot/cobot_ws/install/mycobot_pro_450/lib/python3.12/site-packages:/home/amin/cobot/cobot_ws/install/mycobot_pro450_interfaces/lib/python3.12/site-packages:/home/amin/cobot/cobot_ws/install/myarm_m750/lib/python3.12/site-packages:/home/amin/cobot/cobot_ws/install/myarm_c650/lib/python3.12/site-packages:/home/amin/cobot/cobot_ws/install/mecharm_communication/lib/python3.12/site-packages:/home/amin/cobot/cobot_ws/install/mycobot_630/lib/python3.12/site-packages:/home/amin/cobot/cobot_ws/install/mycobot_600/lib/python3.12/site-packages:/home/amin/cobot/cobot_ws/install/mycobot_320pi/lib/python3.12/site-packages:/home/amin/cobot/cobot_ws/install/mycobot_320_riscv/lib/python3.12/site-packages:/home/amin/cobot/cobot_ws/install/mycobot_320/lib/python3.12/site-packages:/home/amin/cobot/cobot_ws/install/mycobot_280pi/lib/python3.12/site-packages:/home/amin/cobot/cobot_ws/install/mycobot_280jn/lib/python3.12/site-packages:/home/amin/cobot/cobot_ws/install/mycobot_280_x3pi/lib/python3.12/site-packages:/home/amin/cobot/cobot_ws/install/mycobot_280_riscv/lib/python3.12/site-packages:/home/amin/cobot/cobot_ws/install/mycobot_280_rdkx5/lib/python3.12/site-packages:/home/amin/cobot/cobot_ws/install/mycobot_280_moveit2_control/lib/python3.12/site-packages:/home/amin/cobot/cobot_ws/install/mycobot_280_arduino/lib/python3.12/site-packages:/home/amin/cobot/cobot_ws/install/mycobot_280/lib/python3.12/site-packages:/home/amin/cobot/cobot_ws/install/mybuddy/lib/python3.12/site-packages:/home/amin/cobot/cobot_ws/install/myarm_300/lib/python3.12/site-packages:/home/amin/cobot/cobot_ws/install/mecharm_pi/lib/python3.12/site-packages:/home/amin/cobot/cobot_ws/install/mecharm/lib/python3.12/site-packages:/home/amin/cobot/cobot_ws/install/mecharm_interfaces/lib/python3.12/site-packages:/opt/ros/jazzy/lib/python3.12/site-packages /usr/bin/python3 -W ignore:setup.py install is deprecated -W ignore:easy_install command is deprecated setup.py egg_info --egg-base ../../../../build/myarm_m750 build --build-base /home/amin/cobot/cobot_ws/build/myarm_m750/build install --record /home/amin/cobot/cobot_ws/build/myarm_m750/install.log --single-version-externally-managed install_data
[10.442s] Level 1:colcon.colcon_core.environment:checking '/home/amin/cobot/cobot_ws/install/myarm_m750' for CMake config files
[10.442s] Level 1:colcon.colcon_core.environment:checking '/home/amin/cobot/cobot_ws/install/myarm_m750/lib'
[10.442s] Level 1:colcon.colcon_core.environment:checking '/home/amin/cobot/cobot_ws/install/myarm_m750/bin'
[10.442s] Level 1:colcon.colcon_core.environment:checking '/home/amin/cobot/cobot_ws/install/myarm_m750/lib/pkgconfig/myarm_m750.pc'
[10.442s] Level 1:colcon.colcon_core.environment:checking '/home/amin/cobot/cobot_ws/install/myarm_m750/lib/python3.12/site-packages'
[10.442s] Level 1:colcon.colcon_core.shell:create_environment_hook('myarm_m750', 'pythonpath')
[10.443s] INFO:colcon.colcon_core.shell:Creating environment hook '/home/amin/cobot/cobot_ws/install/myarm_m750/share/myarm_m750/hook/pythonpath.ps1'
[10.443s] INFO:colcon.colcon_core.shell:Creating environment descriptor '/home/amin/cobot/cobot_ws/install/myarm_m750/share/myarm_m750/hook/pythonpath.dsv'
[10.443s] INFO:colcon.colcon_core.shell:Creating environment hook '/home/amin/cobot/cobot_ws/install/myarm_m750/share/myarm_m750/hook/pythonpath.sh'
[10.444s] Level 1:colcon.colcon_core.environment:checking '/home/amin/cobot/cobot_ws/install/myarm_m750/bin'
[10.444s] Level 1:colcon.colcon_core.environment:create_environment_scripts_only(myarm_m750)
[10.444s] INFO:colcon.colcon_core.shell:Creating package script '/home/amin/cobot/cobot_ws/install/myarm_m750/share/myarm_m750/package.ps1'
[10.444s] INFO:colcon.colcon_core.shell:Creating package descriptor '/home/amin/cobot/cobot_ws/install/myarm_m750/share/myarm_m750/package.dsv'
[10.444s] INFO:colcon.colcon_core.shell:Creating package script '/home/amin/cobot/cobot_ws/install/myarm_m750/share/myarm_m750/package.sh'
[10.445s] INFO:colcon.colcon_core.shell:Creating package script '/home/amin/cobot/cobot_ws/install/myarm_m750/share/myarm_m750/package.bash'
[10.445s] INFO:colcon.colcon_core.shell:Creating package script '/home/amin/cobot/cobot_ws/install/myarm_m750/share/myarm_m750/package.zsh'
[10.445s] Level 1:colcon.colcon_core.environment:create_file_with_runtime_dependencies(/home/amin/cobot/cobot_ws/install/myarm_m750/share/colcon-core/packages/myarm_m750)
[10.445s] DEBUG:colcon.colcon_parallel_executor.executor.parallel:closing loop
[10.445s] DEBUG:colcon.colcon_parallel_executor.executor.parallel:loop closed
[10.445s] DEBUG:colcon.colcon_parallel_executor.executor.parallel:run_until_complete finished with '0'
[10.446s] DEBUG:colcon.colcon_core.event_reactor:joining thread
[10.452s] INFO:colcon.colcon_core.plugin_system:Skipping extension 'colcon_notification.desktop_notification.terminal_notifier': Not used on non-Darwin systems
[10.452s] INFO:colcon.colcon_core.plugin_system:Skipping extension 'colcon_notification.desktop_notification.win32': Not used on non-Windows systems
[10.452s] INFO:colcon.colcon_notification.desktop_notification:Sending desktop notification using 'notify2'
[10.464s] DEBUG:colcon.colcon_core.event_reactor:joined thread
[10.464s] INFO:colcon.colcon_core.shell:Creating prefix script '/home/amin/cobot/cobot_ws/install/local_setup.ps1'
[10.465s] INFO:colcon.colcon_core.shell:Creating prefix util module '/home/amin/cobot/cobot_ws/install/_local_setup_util_ps1.py'
[10.466s] INFO:colcon.colcon_core.shell:Creating prefix chain script '/home/amin/cobot/cobot_ws/install/setup.ps1'
[10.468s] INFO:colcon.colcon_core.shell:Creating prefix script '/home/amin/cobot/cobot_ws/install/local_setup.sh'
[10.468s] INFO:colcon.colcon_core.shell:Creating prefix util module '/home/amin/cobot/cobot_ws/install/_local_setup_util_sh.py'
[10.469s] INFO:colcon.colcon_core.shell:Creating prefix chain script '/home/amin/cobot/cobot_ws/install/setup.sh'
[10.470s] INFO:colcon.colcon_core.shell:Creating prefix script '/home/amin/cobot/cobot_ws/install/local_setup.bash'
[10.470s] INFO:colcon.colcon_core.shell:Creating prefix chain script '/home/amin/cobot/cobot_ws/install/setup.bash'
[10.471s] INFO:colcon.colcon_core.shell:Creating prefix script '/home/amin/cobot/cobot_ws/install/local_setup.zsh'
[10.472s] INFO:colcon.colcon_core.shell:Creating prefix chain script '/home/amin/cobot/cobot_ws/install/setup.zsh'
