[0.075s] DEBUG:colcon:Command line arguments: ['/usr/bin/colcon', 'build']
[0.075s] DEBUG:colcon:Parsed command line arguments: Namespace(log_base=None, log_level=None, verb_name='build', build_base='build', install_base='install', merge_install=False, symlink_install=False, test_result_base=None, continue_on_error=False, executor='parallel', parallel_workers=8, event_handlers=None, ignore_user_meta=False, metas=['./colcon.meta'], base_paths=['.'], packages_ignore=None, packages_ignore_regex=None, paths=None, packages_up_to=None, packages_up_to_regex=None, packages_above=None, packages_above_and_dependencies=None, packages_above_depth=None, packages_select_by_dep=None, packages_skip_by_dep=None, packages_skip_up_to=None, packages_select_build_failed=False, packages_skip_build_finished=False, packages_select_test_failures=False, packages_skip_test_passed=False, packages_select=None, packages_skip=None, packages_select_regex=None, packages_skip_regex=None, packages_start=None, packages_end=None, allow_overriding=[], cmake_args=None, cmake_target=None, cmake_target_skip_unavailable=False, cmake_clean_cache=False, cmake_clean_first=False, cmake_force_configure=False, ament_cmake_args=None, catkin_cmake_args=None, catkin_skip_building_tests=False, mixin_files=None, mixin=None, verb_parser=<colcon_mixin.mixin.mixin_argument.MixinArgumentDecorator object at 0x7e63d4bd1e20>, verb_extension=<colcon_core.verb.build.BuildVerb object at 0x7e63d4bd1670>, main=<bound method BuildVerb.main of <colcon_core.verb.build.BuildVerb object at 0x7e63d4bd1670>>, mixin_verb=('build',))
[0.100s] Level 1:colcon.colcon_core.package_discovery:discover_packages(colcon_meta) check parameters
[0.100s] Level 1:colcon.colcon_core.package_discovery:discover_packages(recursive) check parameters
[0.100s] Level 1:colcon.colcon_core.package_discovery:discover_packages(ignore) check parameters
[0.100s] Level 1:colcon.colcon_core.package_discovery:discover_packages(path) check parameters
[0.100s] Level 1:colcon.colcon_core.package_discovery:discover_packages(colcon_meta) discover
[0.100s] Level 1:colcon.colcon_core.package_discovery:discover_packages(recursive) discover
[0.100s] INFO:colcon.colcon_core.package_discovery:Crawling recursively for packages in '/home/amin/cobot/cobot_ws'
[0.100s] Level 1:colcon.colcon_core.package_identification:_identify(.) by extensions ['ignore', 'ignore_ament_install']
[0.100s] Level 1:colcon.colcon_core.package_identification:_identify(.) by extension 'ignore'
[0.100s] Level 1:colcon.colcon_core.package_identification:_identify(.) by extension 'ignore_ament_install'
[0.100s] Level 1:colcon.colcon_core.package_identification:_identify(.) by extensions ['colcon_pkg']
[0.100s] Level 1:colcon.colcon_core.package_identification:_identify(.) by extension 'colcon_pkg'
[0.100s] Level 1:colcon.colcon_core.package_identification:_identify(.) by extensions ['colcon_meta']
[0.100s] Level 1:colcon.colcon_core.package_identification:_identify(.) by extension 'colcon_meta'
[0.100s] Level 1:colcon.colcon_core.package_identification:_identify(.) by extensions ['ros']
[0.100s] Level 1:colcon.colcon_core.package_identification:_identify(.) by extension 'ros'
[0.118s] Level 1:colcon.colcon_core.package_identification:_identify(.) by extensions ['cmake', 'python']
[0.118s] Level 1:colcon.colcon_core.package_identification:_identify(.) by extension 'cmake'
[0.118s] Level 1:colcon.colcon_core.package_identification:_identify(.) by extension 'python'
[0.118s] Level 1:colcon.colcon_core.package_identification:_identify(.) by extensions ['python_setup_py']
[0.118s] Level 1:colcon.colcon_core.package_identification:_identify(.) by extension 'python_setup_py'
[0.118s] Level 1:colcon.colcon_core.package_identification:_identify(build) by extensions ['ignore', 'ignore_ament_install']
[0.118s] Level 1:colcon.colcon_core.package_identification:_identify(build) by extension 'ignore'
[0.118s] Level 1:colcon.colcon_core.package_identification:_identify(build) ignored
[0.118s] Level 1:colcon.colcon_core.package_identification:_identify(install) by extensions ['ignore', 'ignore_ament_install']
[0.118s] Level 1:colcon.colcon_core.package_identification:_identify(install) by extension 'ignore'
[0.118s] Level 1:colcon.colcon_core.package_identification:_identify(install) ignored
[0.118s] Level 1:colcon.colcon_core.package_identification:_identify(log) by extensions ['ignore', 'ignore_ament_install']
[0.118s] Level 1:colcon.colcon_core.package_identification:_identify(log) by extension 'ignore'
[0.118s] Level 1:colcon.colcon_core.package_identification:_identify(log) ignored
[0.118s] Level 1:colcon.colcon_core.package_identification:_identify(src) by extensions ['ignore', 'ignore_ament_install']
[0.118s] Level 1:colcon.colcon_core.package_identification:_identify(src) by extension 'ignore'
[0.118s] Level 1:colcon.colcon_core.package_identification:_identify(src) by extension 'ignore_ament_install'
[0.118s] Level 1:colcon.colcon_core.package_identification:_identify(src) by extensions ['colcon_pkg']
[0.118s] Level 1:colcon.colcon_core.package_identification:_identify(src) by extension 'colcon_pkg'
[0.119s] Level 1:colcon.colcon_core.package_identification:_identify(src) by extensions ['colcon_meta']
[0.119s] Level 1:colcon.colcon_core.package_identification:_identify(src) by extension 'colcon_meta'
[0.119s] Level 1:colcon.colcon_core.package_identification:_identify(src) by extensions ['ros']
[0.119s] Level 1:colcon.colcon_core.package_identification:_identify(src) by extension 'ros'
[0.119s] Level 1:colcon.colcon_core.package_identification:_identify(src) by extensions ['cmake', 'python']
[0.119s] Level 1:colcon.colcon_core.package_identification:_identify(src) by extension 'cmake'
[0.119s] Level 1:colcon.colcon_core.package_identification:_identify(src) by extension 'python'
[0.119s] Level 1:colcon.colcon_core.package_identification:_identify(src) by extensions ['python_setup_py']
[0.119s] Level 1:colcon.colcon_core.package_identification:_identify(src) by extension 'python_setup_py'
[0.119s] Level 1:colcon.colcon_core.package_identification:_identify(src/mycobot_ros2) by extensions ['ignore', 'ignore_ament_install']
[0.119s] Level 1:colcon.colcon_core.package_identification:_identify(src/mycobot_ros2) by extension 'ignore'
[0.119s] Level 1:colcon.colcon_core.package_identification:_identify(src/mycobot_ros2) by extension 'ignore_ament_install'
[0.119s] Level 1:colcon.colcon_core.package_identification:_identify(src/mycobot_ros2) by extensions ['colcon_pkg']
[0.119s] Level 1:colcon.colcon_core.package_identification:_identify(src/mycobot_ros2) by extension 'colcon_pkg'
[0.119s] Level 1:colcon.colcon_core.package_identification:_identify(src/mycobot_ros2) by extensions ['colcon_meta']
[0.119s] Level 1:colcon.colcon_core.package_identification:_identify(src/mycobot_ros2) by extension 'colcon_meta'
[0.119s] Level 1:colcon.colcon_core.package_identification:_identify(src/mycobot_ros2) by extensions ['ros']
[0.119s] Level 1:colcon.colcon_core.package_identification:_identify(src/mycobot_ros2) by extension 'ros'
[0.119s] Level 1:colcon.colcon_core.package_identification:_identify(src/mycobot_ros2) by extensions ['cmake', 'python']
[0.119s] Level 1:colcon.colcon_core.package_identification:_identify(src/mycobot_ros2) by extension 'cmake'
[0.119s] Level 1:colcon.colcon_core.package_identification:_identify(src/mycobot_ros2) by extension 'python'
[0.119s] Level 1:colcon.colcon_core.package_identification:_identify(src/mycobot_ros2) by extensions ['python_setup_py']
[0.119s] Level 1:colcon.colcon_core.package_identification:_identify(src/mycobot_ros2) by extension 'python_setup_py'
[0.119s] Level 1:colcon.colcon_core.package_identification:_identify(src/mycobot_ros2/Mybuddy) by extensions ['ignore', 'ignore_ament_install']
[0.119s] Level 1:colcon.colcon_core.package_identification:_identify(src/mycobot_ros2/Mybuddy) by extension 'ignore'
[0.119s] Level 1:colcon.colcon_core.package_identification:_identify(src/mycobot_ros2/Mybuddy) by extension 'ignore_ament_install'
[0.119s] Level 1:colcon.colcon_core.package_identification:_identify(src/mycobot_ros2/Mybuddy) by extensions ['colcon_pkg']
[0.119s] Level 1:colcon.colcon_core.package_identification:_identify(src/mycobot_ros2/Mybuddy) by extension 'colcon_pkg'
[0.119s] Level 1:colcon.colcon_core.package_identification:_identify(src/mycobot_ros2/Mybuddy) by extensions ['colcon_meta']
[0.119s] Level 1:colcon.colcon_core.package_identification:_identify(src/mycobot_ros2/Mybuddy) by extension 'colcon_meta'
[0.119s] Level 1:colcon.colcon_core.package_identification:_identify(src/mycobot_ros2/Mybuddy) by extensions ['ros']
[0.119s] Level 1:colcon.colcon_core.package_identification:_identify(src/mycobot_ros2/Mybuddy) by extension 'ros'
[0.119s] Level 1:colcon.colcon_core.package_identification:_identify(src/mycobot_ros2/Mybuddy) by extensions ['cmake', 'python']
[0.120s] Level 1:colcon.colcon_core.package_identification:_identify(src/mycobot_ros2/Mybuddy) by extension 'cmake'
[0.120s] Level 1:colcon.colcon_core.package_identification:_identify(src/mycobot_ros2/Mybuddy) by extension 'python'
[0.120s] Level 1:colcon.colcon_core.package_identification:_identify(src/mycobot_ros2/Mybuddy) by extensions ['python_setup_py']
[0.120s] Level 1:colcon.colcon_core.package_identification:_identify(src/mycobot_ros2/Mybuddy) by extension 'python_setup_py'
[0.120s] Level 1:colcon.colcon_core.package_identification:_identify(src/mycobot_ros2/Mybuddy/mybuddy) by extensions ['ignore', 'ignore_ament_install']
[0.120s] Level 1:colcon.colcon_core.package_identification:_identify(src/mycobot_ros2/Mybuddy/mybuddy) by extension 'ignore'
[0.120s] Level 1:colcon.colcon_core.package_identification:_identify(src/mycobot_ros2/Mybuddy/mybuddy) by extension 'ignore_ament_install'
[0.120s] Level 1:colcon.colcon_core.package_identification:_identify(src/mycobot_ros2/Mybuddy/mybuddy) by extensions ['colcon_pkg']
[0.120s] Level 1:colcon.colcon_core.package_identification:_identify(src/mycobot_ros2/Mybuddy/mybuddy) by extension 'colcon_pkg'
[0.120s] Level 1:colcon.colcon_core.package_identification:_identify(src/mycobot_ros2/Mybuddy/mybuddy) by extensions ['colcon_meta']
[0.120s] Level 1:colcon.colcon_core.package_identification:_identify(src/mycobot_ros2/Mybuddy/mybuddy) by extension 'colcon_meta'
[0.120s] Level 1:colcon.colcon_core.package_identification:_identify(src/mycobot_ros2/Mybuddy/mybuddy) by extensions ['ros']
[0.120s] Level 1:colcon.colcon_core.package_identification:_identify(src/mycobot_ros2/Mybuddy/mybuddy) by extension 'ros'
[0.121s] DEBUG:colcon.colcon_core.package_identification:Package 'src/mycobot_ros2/Mybuddy/mybuddy' with type 'ros.ament_python' and name 'mybuddy'
[0.122s] Level 1:colcon.colcon_core.package_identification:_identify(src/mycobot_ros2/demo_img) by extensions ['ignore', 'ignore_ament_install']
[0.122s] Level 1:colcon.colcon_core.package_identification:_identify(src/mycobot_ros2/demo_img) by extension 'ignore'
[0.122s] Level 1:colcon.colcon_core.package_identification:_identify(src/mycobot_ros2/demo_img) by extension 'ignore_ament_install'
[0.122s] Level 1:colcon.colcon_core.package_identification:_identify(src/mycobot_ros2/demo_img) by extensions ['colcon_pkg']
[0.122s] Level 1:colcon.colcon_core.package_identification:_identify(src/mycobot_ros2/demo_img) by extension 'colcon_pkg'
[0.122s] Level 1:colcon.colcon_core.package_identification:_identify(src/mycobot_ros2/demo_img) by extensions ['colcon_meta']
[0.122s] Level 1:colcon.colcon_core.package_identification:_identify(src/mycobot_ros2/demo_img) by extension 'colcon_meta'
[0.122s] Level 1:colcon.colcon_core.package_identification:_identify(src/mycobot_ros2/demo_img) by extensions ['ros']
[0.122s] Level 1:colcon.colcon_core.package_identification:_identify(src/mycobot_ros2/demo_img) by extension 'ros'
[0.122s] Level 1:colcon.colcon_core.package_identification:_identify(src/mycobot_ros2/demo_img) by extensions ['cmake', 'python']
[0.122s] Level 1:colcon.colcon_core.package_identification:_identify(src/mycobot_ros2/demo_img) by extension 'cmake'
[0.122s] Level 1:colcon.colcon_core.package_identification:_identify(src/mycobot_ros2/demo_img) by extension 'python'
[0.122s] Level 1:colcon.colcon_core.package_identification:_identify(src/mycobot_ros2/demo_img) by extensions ['python_setup_py']
[0.122s] Level 1:colcon.colcon_core.package_identification:_identify(src/mycobot_ros2/demo_img) by extension 'python_setup_py'
[0.122s] Level 1:colcon.colcon_core.package_identification:_identify(src/mycobot_ros2/demo_img/260m5) by extensions ['ignore', 'ignore_ament_install']
[0.122s] Level 1:colcon.colcon_core.package_identification:_identify(src/mycobot_ros2/demo_img/260m5) by extension 'ignore'
[0.122s] Level 1:colcon.colcon_core.package_identification:_identify(src/mycobot_ros2/demo_img/260m5) by extension 'ignore_ament_install'
[0.122s] Level 1:colcon.colcon_core.package_identification:_identify(src/mycobot_ros2/demo_img/260m5) by extensions ['colcon_pkg']
[0.122s] Level 1:colcon.colcon_core.package_identification:_identify(src/mycobot_ros2/demo_img/260m5) by extension 'colcon_pkg'
[0.122s] Level 1:colcon.colcon_core.package_identification:_identify(src/mycobot_ros2/demo_img/260m5) by extensions ['colcon_meta']
[0.122s] Level 1:colcon.colcon_core.package_identification:_identify(src/mycobot_ros2/demo_img/260m5) by extension 'colcon_meta'
[0.122s] Level 1:colcon.colcon_core.package_identification:_identify(src/mycobot_ros2/demo_img/260m5) by extensions ['ros']
[0.122s] Level 1:colcon.colcon_core.package_identification:_identify(src/mycobot_ros2/demo_img/260m5) by extension 'ros'
[0.122s] Level 1:colcon.colcon_core.package_identification:_identify(src/mycobot_ros2/demo_img/260m5) by extensions ['cmake', 'python']
[0.122s] Level 1:colcon.colcon_core.package_identification:_identify(src/mycobot_ros2/demo_img/260m5) by extension 'cmake'
[0.122s] Level 1:colcon.colcon_core.package_identification:_identify(src/mycobot_ros2/demo_img/260m5) by extension 'python'
[0.122s] Level 1:colcon.colcon_core.package_identification:_identify(src/mycobot_ros2/demo_img/260m5) by extensions ['python_setup_py']
[0.122s] Level 1:colcon.colcon_core.package_identification:_identify(src/mycobot_ros2/demo_img/260m5) by extension 'python_setup_py'
[0.122s] Level 1:colcon.colcon_core.package_identification:_identify(src/mycobot_ros2/demo_img/260pi) by extensions ['ignore', 'ignore_ament_install']
[0.123s] Level 1:colcon.colcon_core.package_identification:_identify(src/mycobot_ros2/demo_img/260pi) by extension 'ignore'
[0.123s] Level 1:colcon.colcon_core.package_identification:_identify(src/mycobot_ros2/demo_img/260pi) by extension 'ignore_ament_install'
[0.123s] Level 1:colcon.colcon_core.package_identification:_identify(src/mycobot_ros2/demo_img/260pi) by extensions ['colcon_pkg']
[0.123s] Level 1:colcon.colcon_core.package_identification:_identify(src/mycobot_ros2/demo_img/260pi) by extension 'colcon_pkg'
[0.123s] Level 1:colcon.colcon_core.package_identification:_identify(src/mycobot_ros2/demo_img/260pi) by extensions ['colcon_meta']
[0.123s] Level 1:colcon.colcon_core.package_identification:_identify(src/mycobot_ros2/demo_img/260pi) by extension 'colcon_meta'
[0.123s] Level 1:colcon.colcon_core.package_identification:_identify(src/mycobot_ros2/demo_img/260pi) by extensions ['ros']
[0.123s] Level 1:colcon.colcon_core.package_identification:_identify(src/mycobot_ros2/demo_img/260pi) by extension 'ros'
[0.123s] Level 1:colcon.colcon_core.package_identification:_identify(src/mycobot_ros2/demo_img/260pi) by extensions ['cmake', 'python']
[0.123s] Level 1:colcon.colcon_core.package_identification:_identify(src/mycobot_ros2/demo_img/260pi) by extension 'cmake'
[0.123s] Level 1:colcon.colcon_core.package_identification:_identify(src/mycobot_ros2/demo_img/260pi) by extension 'python'
[0.123s] Level 1:colcon.colcon_core.package_identification:_identify(src/mycobot_ros2/demo_img/260pi) by extensions ['python_setup_py']
[0.123s] Level 1:colcon.colcon_core.package_identification:_identify(src/mycobot_ros2/demo_img/260pi) by extension 'python_setup_py'
[0.123s] Level 1:colcon.colcon_core.package_identification:_identify(src/mycobot_ros2/demo_img/270m5) by extensions ['ignore', 'ignore_ament_install']
[0.123s] Level 1:colcon.colcon_core.package_identification:_identify(src/mycobot_ros2/demo_img/270m5) by extension 'ignore'
[0.123s] Level 1:colcon.colcon_core.package_identification:_identify(src/mycobot_ros2/demo_img/270m5) by extension 'ignore_ament_install'
[0.123s] Level 1:colcon.colcon_core.package_identification:_identify(src/mycobot_ros2/demo_img/270m5) by extensions ['colcon_pkg']
[0.123s] Level 1:colcon.colcon_core.package_identification:_identify(src/mycobot_ros2/demo_img/270m5) by extension 'colcon_pkg'
[0.123s] Level 1:colcon.colcon_core.package_identification:_identify(src/mycobot_ros2/demo_img/270m5) by extensions ['colcon_meta']
[0.123s] Level 1:colcon.colcon_core.package_identification:_identify(src/mycobot_ros2/demo_img/270m5) by extension 'colcon_meta'
[0.123s] Level 1:colcon.colcon_core.package_identification:_identify(src/mycobot_ros2/demo_img/270m5) by extensions ['ros']
[0.123s] Level 1:colcon.colcon_core.package_identification:_identify(src/mycobot_ros2/demo_img/270m5) by extension 'ros'
[0.123s] Level 1:colcon.colcon_core.package_identification:_identify(src/mycobot_ros2/demo_img/270m5) by extensions ['cmake', 'python']
[0.123s] Level 1:colcon.colcon_core.package_identification:_identify(src/mycobot_ros2/demo_img/270m5) by extension 'cmake'
[0.123s] Level 1:colcon.colcon_core.package_identification:_identify(src/mycobot_ros2/demo_img/270m5) by extension 'python'
[0.123s] Level 1:colcon.colcon_core.package_identification:_identify(src/mycobot_ros2/demo_img/270m5) by extensions ['python_setup_py']
[0.123s] Level 1:colcon.colcon_core.package_identification:_identify(src/mycobot_ros2/demo_img/270m5) by extension 'python_setup_py'
[0.123s] Level 1:colcon.colcon_core.package_identification:_identify(src/mycobot_ros2/demo_img/270pi) by extensions ['ignore', 'ignore_ament_install']
[0.123s] Level 1:colcon.colcon_core.package_identification:_identify(src/mycobot_ros2/demo_img/270pi) by extension 'ignore'
[0.123s] Level 1:colcon.colcon_core.package_identification:_identify(src/mycobot_ros2/demo_img/270pi) by extension 'ignore_ament_install'
[0.123s] Level 1:colcon.colcon_core.package_identification:_identify(src/mycobot_ros2/demo_img/270pi) by extensions ['colcon_pkg']
[0.124s] Level 1:colcon.colcon_core.package_identification:_identify(src/mycobot_ros2/demo_img/270pi) by extension 'colcon_pkg'
[0.124s] Level 1:colcon.colcon_core.package_identification:_identify(src/mycobot_ros2/demo_img/270pi) by extensions ['colcon_meta']
[0.124s] Level 1:colcon.colcon_core.package_identification:_identify(src/mycobot_ros2/demo_img/270pi) by extension 'colcon_meta'
[0.124s] Level 1:colcon.colcon_core.package_identification:_identify(src/mycobot_ros2/demo_img/270pi) by extensions ['ros']
[0.124s] Level 1:colcon.colcon_core.package_identification:_identify(src/mycobot_ros2/demo_img/270pi) by extension 'ros'
[0.124s] Level 1:colcon.colcon_core.package_identification:_identify(src/mycobot_ros2/demo_img/270pi) by extensions ['cmake', 'python']
[0.124s] Level 1:colcon.colcon_core.package_identification:_identify(src/mycobot_ros2/demo_img/270pi) by extension 'cmake'
[0.124s] Level 1:colcon.colcon_core.package_identification:_identify(src/mycobot_ros2/demo_img/270pi) by extension 'python'
[0.124s] Level 1:colcon.colcon_core.package_identification:_identify(src/mycobot_ros2/demo_img/270pi) by extensions ['python_setup_py']
[0.124s] Level 1:colcon.colcon_core.package_identification:_identify(src/mycobot_ros2/demo_img/270pi) by extension 'python_setup_py'
[0.124s] Level 1:colcon.colcon_core.package_identification:_identify(src/mycobot_ros2/demo_img/280ar) by extensions ['ignore', 'ignore_ament_install']
[0.124s] Level 1:colcon.colcon_core.package_identification:_identify(src/mycobot_ros2/demo_img/280ar) by extension 'ignore'
[0.124s] Level 1:colcon.colcon_core.package_identification:_identify(src/mycobot_ros2/demo_img/280ar) by extension 'ignore_ament_install'
[0.124s] Level 1:colcon.colcon_core.package_identification:_identify(src/mycobot_ros2/demo_img/280ar) by extensions ['colcon_pkg']
[0.124s] Level 1:colcon.colcon_core.package_identification:_identify(src/mycobot_ros2/demo_img/280ar) by extension 'colcon_pkg'
[0.124s] Level 1:colcon.colcon_core.package_identification:_identify(src/mycobot_ros2/demo_img/280ar) by extensions ['colcon_meta']
[0.124s] Level 1:colcon.colcon_core.package_identification:_identify(src/mycobot_ros2/demo_img/280ar) by extension 'colcon_meta'
[0.124s] Level 1:colcon.colcon_core.package_identification:_identify(src/mycobot_ros2/demo_img/280ar) by extensions ['ros']
[0.124s] Level 1:colcon.colcon_core.package_identification:_identify(src/mycobot_ros2/demo_img/280ar) by extension 'ros'
[0.124s] Level 1:colcon.colcon_core.package_identification:_identify(src/mycobot_ros2/demo_img/280ar) by extensions ['cmake', 'python']
[0.124s] Level 1:colcon.colcon_core.package_identification:_identify(src/mycobot_ros2/demo_img/280ar) by extension 'cmake'
[0.124s] Level 1:colcon.colcon_core.package_identification:_identify(src/mycobot_ros2/demo_img/280ar) by extension 'python'
[0.124s] Level 1:colcon.colcon_core.package_identification:_identify(src/mycobot_ros2/demo_img/280ar) by extensions ['python_setup_py']
[0.124s] Level 1:colcon.colcon_core.package_identification:_identify(src/mycobot_ros2/demo_img/280ar) by extension 'python_setup_py'
[0.124s] Level 1:colcon.colcon_core.package_identification:_identify(src/mycobot_ros2/demo_img/280jn) by extensions ['ignore', 'ignore_ament_install']
[0.124s] Level 1:colcon.colcon_core.package_identification:_identify(src/mycobot_ros2/demo_img/280jn) by extension 'ignore'
[0.124s] Level 1:colcon.colcon_core.package_identification:_identify(src/mycobot_ros2/demo_img/280jn) by extension 'ignore_ament_install'
[0.124s] Level 1:colcon.colcon_core.package_identification:_identify(src/mycobot_ros2/demo_img/280jn) by extensions ['colcon_pkg']
[0.124s] Level 1:colcon.colcon_core.package_identification:_identify(src/mycobot_ros2/demo_img/280jn) by extension 'colcon_pkg'
[0.124s] Level 1:colcon.colcon_core.package_identification:_identify(src/mycobot_ros2/demo_img/280jn) by extensions ['colcon_meta']
[0.124s] Level 1:colcon.colcon_core.package_identification:_identify(src/mycobot_ros2/demo_img/280jn) by extension 'colcon_meta'
[0.124s] Level 1:colcon.colcon_core.package_identification:_identify(src/mycobot_ros2/demo_img/280jn) by extensions ['ros']
[0.124s] Level 1:colcon.colcon_core.package_identification:_identify(src/mycobot_ros2/demo_img/280jn) by extension 'ros'
[0.125s] Level 1:colcon.colcon_core.package_identification:_identify(src/mycobot_ros2/demo_img/280jn) by extensions ['cmake', 'python']
[0.125s] Level 1:colcon.colcon_core.package_identification:_identify(src/mycobot_ros2/demo_img/280jn) by extension 'cmake'
[0.125s] Level 1:colcon.colcon_core.package_identification:_identify(src/mycobot_ros2/demo_img/280jn) by extension 'python'
[0.125s] Level 1:colcon.colcon_core.package_identification:_identify(src/mycobot_ros2/demo_img/280jn) by extensions ['python_setup_py']
[0.125s] Level 1:colcon.colcon_core.package_identification:_identify(src/mycobot_ros2/demo_img/280jn) by extension 'python_setup_py'
[0.125s] Level 1:colcon.colcon_core.package_identification:_identify(src/mycobot_ros2/demo_img/280m5) by extensions ['ignore', 'ignore_ament_install']
[0.125s] Level 1:colcon.colcon_core.package_identification:_identify(src/mycobot_ros2/demo_img/280m5) by extension 'ignore'
[0.125s] Level 1:colcon.colcon_core.package_identification:_identify(src/mycobot_ros2/demo_img/280m5) by extension 'ignore_ament_install'
[0.125s] Level 1:colcon.colcon_core.package_identification:_identify(src/mycobot_ros2/demo_img/280m5) by extensions ['colcon_pkg']
[0.125s] Level 1:colcon.colcon_core.package_identification:_identify(src/mycobot_ros2/demo_img/280m5) by extension 'colcon_pkg'
[0.125s] Level 1:colcon.colcon_core.package_identification:_identify(src/mycobot_ros2/demo_img/280m5) by extensions ['colcon_meta']
[0.125s] Level 1:colcon.colcon_core.package_identification:_identify(src/mycobot_ros2/demo_img/280m5) by extension 'colcon_meta'
[0.125s] Level 1:colcon.colcon_core.package_identification:_identify(src/mycobot_ros2/demo_img/280m5) by extensions ['ros']
[0.125s] Level 1:colcon.colcon_core.package_identification:_identify(src/mycobot_ros2/demo_img/280m5) by extension 'ros'
[0.125s] Level 1:colcon.colcon_core.package_identification:_identify(src/mycobot_ros2/demo_img/280m5) by extensions ['cmake', 'python']
[0.125s] Level 1:colcon.colcon_core.package_identification:_identify(src/mycobot_ros2/demo_img/280m5) by extension 'cmake'
[0.125s] Level 1:colcon.colcon_core.package_identification:_identify(src/mycobot_ros2/demo_img/280m5) by extension 'python'
[0.125s] Level 1:colcon.colcon_core.package_identification:_identify(src/mycobot_ros2/demo_img/280m5) by extensions ['python_setup_py']
[0.125s] Level 1:colcon.colcon_core.package_identification:_identify(src/mycobot_ros2/demo_img/280m5) by extension 'python_setup_py'
[0.125s] Level 1:colcon.colcon_core.package_identification:_identify(src/mycobot_ros2/demo_img/280pi) by extensions ['ignore', 'ignore_ament_install']
[0.125s] Level 1:colcon.colcon_core.package_identification:_identify(src/mycobot_ros2/demo_img/280pi) by extension 'ignore'
[0.125s] Level 1:colcon.colcon_core.package_identification:_identify(src/mycobot_ros2/demo_img/280pi) by extension 'ignore_ament_install'
[0.125s] Level 1:colcon.colcon_core.package_identification:_identify(src/mycobot_ros2/demo_img/280pi) by extensions ['colcon_pkg']
[0.125s] Level 1:colcon.colcon_core.package_identification:_identify(src/mycobot_ros2/demo_img/280pi) by extension 'colcon_pkg'
[0.125s] Level 1:colcon.colcon_core.package_identification:_identify(src/mycobot_ros2/demo_img/280pi) by extensions ['colcon_meta']
[0.125s] Level 1:colcon.colcon_core.package_identification:_identify(src/mycobot_ros2/demo_img/280pi) by extension 'colcon_meta'
[0.125s] Level 1:colcon.colcon_core.package_identification:_identify(src/mycobot_ros2/demo_img/280pi) by extensions ['ros']
[0.125s] Level 1:colcon.colcon_core.package_identification:_identify(src/mycobot_ros2/demo_img/280pi) by extension 'ros'
[0.125s] Level 1:colcon.colcon_core.package_identification:_identify(src/mycobot_ros2/demo_img/280pi) by extensions ['cmake', 'python']
[0.125s] Level 1:colcon.colcon_core.package_identification:_identify(src/mycobot_ros2/demo_img/280pi) by extension 'cmake'
[0.125s] Level 1:colcon.colcon_core.package_identification:_identify(src/mycobot_ros2/demo_img/280pi) by extension 'python'
[0.125s] Level 1:colcon.colcon_core.package_identification:_identify(src/mycobot_ros2/demo_img/280pi) by extensions ['python_setup_py']
[0.125s] Level 1:colcon.colcon_core.package_identification:_identify(src/mycobot_ros2/demo_img/280pi) by extension 'python_setup_py'
[0.126s] Level 1:colcon.colcon_core.package_identification:_identify(src/mycobot_ros2/demo_img/280rdkx5) by extensions ['ignore', 'ignore_ament_install']
[0.126s] Level 1:colcon.colcon_core.package_identification:_identify(src/mycobot_ros2/demo_img/280rdkx5) by extension 'ignore'
[0.126s] Level 1:colcon.colcon_core.package_identification:_identify(src/mycobot_ros2/demo_img/280rdkx5) by extension 'ignore_ament_install'
[0.126s] Level 1:colcon.colcon_core.package_identification:_identify(src/mycobot_ros2/demo_img/280rdkx5) by extensions ['colcon_pkg']
[0.126s] Level 1:colcon.colcon_core.package_identification:_identify(src/mycobot_ros2/demo_img/280rdkx5) by extension 'colcon_pkg'
[0.126s] Level 1:colcon.colcon_core.package_identification:_identify(src/mycobot_ros2/demo_img/280rdkx5) by extensions ['colcon_meta']
[0.126s] Level 1:colcon.colcon_core.package_identification:_identify(src/mycobot_ros2/demo_img/280rdkx5) by extension 'colcon_meta'
[0.126s] Level 1:colcon.colcon_core.package_identification:_identify(src/mycobot_ros2/demo_img/280rdkx5) by extensions ['ros']
[0.126s] Level 1:colcon.colcon_core.package_identification:_identify(src/mycobot_ros2/demo_img/280rdkx5) by extension 'ros'
[0.126s] Level 1:colcon.colcon_core.package_identification:_identify(src/mycobot_ros2/demo_img/280rdkx5) by extensions ['cmake', 'python']
[0.126s] Level 1:colcon.colcon_core.package_identification:_identify(src/mycobot_ros2/demo_img/280rdkx5) by extension 'cmake'
[0.126s] Level 1:colcon.colcon_core.package_identification:_identify(src/mycobot_ros2/demo_img/280rdkx5) by extension 'python'
[0.126s] Level 1:colcon.colcon_core.package_identification:_identify(src/mycobot_ros2/demo_img/280rdkx5) by extensions ['python_setup_py']
[0.126s] Level 1:colcon.colcon_core.package_identification:_identify(src/mycobot_ros2/demo_img/280rdkx5) by extension 'python_setup_py'
[0.126s] Level 1:colcon.colcon_core.package_identification:_identify(src/mycobot_ros2/demo_img/320m5_2022) by extensions ['ignore', 'ignore_ament_install']
[0.126s] Level 1:colcon.colcon_core.package_identification:_identify(src/mycobot_ros2/demo_img/320m5_2022) by extension 'ignore'
[0.126s] Level 1:colcon.colcon_core.package_identification:_identify(src/mycobot_ros2/demo_img/320m5_2022) by extension 'ignore_ament_install'
[0.126s] Level 1:colcon.colcon_core.package_identification:_identify(src/mycobot_ros2/demo_img/320m5_2022) by extensions ['colcon_pkg']
[0.126s] Level 1:colcon.colcon_core.package_identification:_identify(src/mycobot_ros2/demo_img/320m5_2022) by extension 'colcon_pkg'
[0.126s] Level 1:colcon.colcon_core.package_identification:_identify(src/mycobot_ros2/demo_img/320m5_2022) by extensions ['colcon_meta']
[0.126s] Level 1:colcon.colcon_core.package_identification:_identify(src/mycobot_ros2/demo_img/320m5_2022) by extension 'colcon_meta'
[0.126s] Level 1:colcon.colcon_core.package_identification:_identify(src/mycobot_ros2/demo_img/320m5_2022) by extensions ['ros']
[0.126s] Level 1:colcon.colcon_core.package_identification:_identify(src/mycobot_ros2/demo_img/320m5_2022) by extension 'ros'
[0.126s] Level 1:colcon.colcon_core.package_identification:_identify(src/mycobot_ros2/demo_img/320m5_2022) by extensions ['cmake', 'python']
[0.126s] Level 1:colcon.colcon_core.package_identification:_identify(src/mycobot_ros2/demo_img/320m5_2022) by extension 'cmake'
[0.126s] Level 1:colcon.colcon_core.package_identification:_identify(src/mycobot_ros2/demo_img/320m5_2022) by extension 'python'
[0.126s] Level 1:colcon.colcon_core.package_identification:_identify(src/mycobot_ros2/demo_img/320m5_2022) by extensions ['python_setup_py']
[0.126s] Level 1:colcon.colcon_core.package_identification:_identify(src/mycobot_ros2/demo_img/320m5_2022) by extension 'python_setup_py'
[0.126s] Level 1:colcon.colcon_core.package_identification:_identify(src/mycobot_ros2/demo_img/320pi_2022) by extensions ['ignore', 'ignore_ament_install']
[0.126s] Level 1:colcon.colcon_core.package_identification:_identify(src/mycobot_ros2/demo_img/320pi_2022) by extension 'ignore'
[0.126s] Level 1:colcon.colcon_core.package_identification:_identify(src/mycobot_ros2/demo_img/320pi_2022) by extension 'ignore_ament_install'
[0.126s] Level 1:colcon.colcon_core.package_identification:_identify(src/mycobot_ros2/demo_img/320pi_2022) by extensions ['colcon_pkg']
[0.127s] Level 1:colcon.colcon_core.package_identification:_identify(src/mycobot_ros2/demo_img/320pi_2022) by extension 'colcon_pkg'
[0.127s] Level 1:colcon.colcon_core.package_identification:_identify(src/mycobot_ros2/demo_img/320pi_2022) by extensions ['colcon_meta']
[0.127s] Level 1:colcon.colcon_core.package_identification:_identify(src/mycobot_ros2/demo_img/320pi_2022) by extension 'colcon_meta'
[0.127s] Level 1:colcon.colcon_core.package_identification:_identify(src/mycobot_ros2/demo_img/320pi_2022) by extensions ['ros']
[0.127s] Level 1:colcon.colcon_core.package_identification:_identify(src/mycobot_ros2/demo_img/320pi_2022) by extension 'ros'
[0.127s] Level 1:colcon.colcon_core.package_identification:_identify(src/mycobot_ros2/demo_img/320pi_2022) by extensions ['cmake', 'python']
[0.127s] Level 1:colcon.colcon_core.package_identification:_identify(src/mycobot_ros2/demo_img/320pi_2022) by extension 'cmake'
[0.127s] Level 1:colcon.colcon_core.package_identification:_identify(src/mycobot_ros2/demo_img/320pi_2022) by extension 'python'
[0.127s] Level 1:colcon.colcon_core.package_identification:_identify(src/mycobot_ros2/demo_img/320pi_2022) by extensions ['python_setup_py']
[0.127s] Level 1:colcon.colcon_core.package_identification:_identify(src/mycobot_ros2/demo_img/320pi_2022) by extension 'python_setup_py'
[0.127s] Level 1:colcon.colcon_core.package_identification:_identify(src/mycobot_ros2/demo_img/myarm300) by extensions ['ignore', 'ignore_ament_install']
[0.127s] Level 1:colcon.colcon_core.package_identification:_identify(src/mycobot_ros2/demo_img/myarm300) by extension 'ignore'
[0.127s] Level 1:colcon.colcon_core.package_identification:_identify(src/mycobot_ros2/demo_img/myarm300) by extension 'ignore_ament_install'
[0.127s] Level 1:colcon.colcon_core.package_identification:_identify(src/mycobot_ros2/demo_img/myarm300) by extensions ['colcon_pkg']
[0.127s] Level 1:colcon.colcon_core.package_identification:_identify(src/mycobot_ros2/demo_img/myarm300) by extension 'colcon_pkg'
[0.127s] Level 1:colcon.colcon_core.package_identification:_identify(src/mycobot_ros2/demo_img/myarm300) by extensions ['colcon_meta']
[0.127s] Level 1:colcon.colcon_core.package_identification:_identify(src/mycobot_ros2/demo_img/myarm300) by extension 'colcon_meta'
[0.127s] Level 1:colcon.colcon_core.package_identification:_identify(src/mycobot_ros2/demo_img/myarm300) by extensions ['ros']
[0.127s] Level 1:colcon.colcon_core.package_identification:_identify(src/mycobot_ros2/demo_img/myarm300) by extension 'ros'
[0.127s] Level 1:colcon.colcon_core.package_identification:_identify(src/mycobot_ros2/demo_img/myarm300) by extensions ['cmake', 'python']
[0.127s] Level 1:colcon.colcon_core.package_identification:_identify(src/mycobot_ros2/demo_img/myarm300) by extension 'cmake'
[0.127s] Level 1:colcon.colcon_core.package_identification:_identify(src/mycobot_ros2/demo_img/myarm300) by extension 'python'
[0.127s] Level 1:colcon.colcon_core.package_identification:_identify(src/mycobot_ros2/demo_img/myarm300) by extensions ['python_setup_py']
[0.127s] Level 1:colcon.colcon_core.package_identification:_identify(src/mycobot_ros2/demo_img/myarm300) by extension 'python_setup_py'
[0.127s] Level 1:colcon.colcon_core.package_identification:_identify(src/mycobot_ros2/demo_img/mybuddy) by extensions ['ignore', 'ignore_ament_install']
[0.127s] Level 1:colcon.colcon_core.package_identification:_identify(src/mycobot_ros2/demo_img/mybuddy) by extension 'ignore'
[0.127s] Level 1:colcon.colcon_core.package_identification:_identify(src/mycobot_ros2/demo_img/mybuddy) by extension 'ignore_ament_install'
[0.127s] Level 1:colcon.colcon_core.package_identification:_identify(src/mycobot_ros2/demo_img/mybuddy) by extensions ['colcon_pkg']
[0.127s] Level 1:colcon.colcon_core.package_identification:_identify(src/mycobot_ros2/demo_img/mybuddy) by extension 'colcon_pkg'
[0.127s] Level 1:colcon.colcon_core.package_identification:_identify(src/mycobot_ros2/demo_img/mybuddy) by extensions ['colcon_meta']
[0.127s] Level 1:colcon.colcon_core.package_identification:_identify(src/mycobot_ros2/demo_img/mybuddy) by extension 'colcon_meta'
[0.127s] Level 1:colcon.colcon_core.package_identification:_identify(src/mycobot_ros2/demo_img/mybuddy) by extensions ['ros']
[0.127s] Level 1:colcon.colcon_core.package_identification:_identify(src/mycobot_ros2/demo_img/mybuddy) by extension 'ros'
[0.127s] Level 1:colcon.colcon_core.package_identification:_identify(src/mycobot_ros2/demo_img/mybuddy) by extensions ['cmake', 'python']
[0.128s] Level 1:colcon.colcon_core.package_identification:_identify(src/mycobot_ros2/demo_img/mybuddy) by extension 'cmake'
[0.128s] Level 1:colcon.colcon_core.package_identification:_identify(src/mycobot_ros2/demo_img/mybuddy) by extension 'python'
[0.128s] Level 1:colcon.colcon_core.package_identification:_identify(src/mycobot_ros2/demo_img/mybuddy) by extensions ['python_setup_py']
[0.128s] Level 1:colcon.colcon_core.package_identification:_identify(src/mycobot_ros2/demo_img/mybuddy) by extension 'python_setup_py'
[0.128s] Level 1:colcon.colcon_core.package_identification:_identify(src/mycobot_ros2/demo_img/pro450) by extensions ['ignore', 'ignore_ament_install']
[0.128s] Level 1:colcon.colcon_core.package_identification:_identify(src/mycobot_ros2/demo_img/pro450) by extension 'ignore'
[0.128s] Level 1:colcon.colcon_core.package_identification:_identify(src/mycobot_ros2/demo_img/pro450) by extension 'ignore_ament_install'
[0.128s] Level 1:colcon.colcon_core.package_identification:_identify(src/mycobot_ros2/demo_img/pro450) by extensions ['colcon_pkg']
[0.128s] Level 1:colcon.colcon_core.package_identification:_identify(src/mycobot_ros2/demo_img/pro450) by extension 'colcon_pkg'
[0.128s] Level 1:colcon.colcon_core.package_identification:_identify(src/mycobot_ros2/demo_img/pro450) by extensions ['colcon_meta']
[0.128s] Level 1:colcon.colcon_core.package_identification:_identify(src/mycobot_ros2/demo_img/pro450) by extension 'colcon_meta'
[0.128s] Level 1:colcon.colcon_core.package_identification:_identify(src/mycobot_ros2/demo_img/pro450) by extensions ['ros']
[0.128s] Level 1:colcon.colcon_core.package_identification:_identify(src/mycobot_ros2/demo_img/pro450) by extension 'ros'
[0.128s] Level 1:colcon.colcon_core.package_identification:_identify(src/mycobot_ros2/demo_img/pro450) by extensions ['cmake', 'python']
[0.128s] Level 1:colcon.colcon_core.package_identification:_identify(src/mycobot_ros2/demo_img/pro450) by extension 'cmake'
[0.128s] Level 1:colcon.colcon_core.package_identification:_identify(src/mycobot_ros2/demo_img/pro450) by extension 'python'
[0.128s] Level 1:colcon.colcon_core.package_identification:_identify(src/mycobot_ros2/demo_img/pro450) by extensions ['python_setup_py']
[0.128s] Level 1:colcon.colcon_core.package_identification:_identify(src/mycobot_ros2/demo_img/pro450) by extension 'python_setup_py'
[0.128s] Level 1:colcon.colcon_core.package_identification:_identify(src/mycobot_ros2/demo_img/pro600) by extensions ['ignore', 'ignore_ament_install']
[0.128s] Level 1:colcon.colcon_core.package_identification:_identify(src/mycobot_ros2/demo_img/pro600) by extension 'ignore'
[0.128s] Level 1:colcon.colcon_core.package_identification:_identify(src/mycobot_ros2/demo_img/pro600) by extension 'ignore_ament_install'
[0.128s] Level 1:colcon.colcon_core.package_identification:_identify(src/mycobot_ros2/demo_img/pro600) by extensions ['colcon_pkg']
[0.128s] Level 1:colcon.colcon_core.package_identification:_identify(src/mycobot_ros2/demo_img/pro600) by extension 'colcon_pkg'
[0.128s] Level 1:colcon.colcon_core.package_identification:_identify(src/mycobot_ros2/demo_img/pro600) by extensions ['colcon_meta']
[0.128s] Level 1:colcon.colcon_core.package_identification:_identify(src/mycobot_ros2/demo_img/pro600) by extension 'colcon_meta'
[0.128s] Level 1:colcon.colcon_core.package_identification:_identify(src/mycobot_ros2/demo_img/pro600) by extensions ['ros']
[0.128s] Level 1:colcon.colcon_core.package_identification:_identify(src/mycobot_ros2/demo_img/pro600) by extension 'ros'
[0.128s] Level 1:colcon.colcon_core.package_identification:_identify(src/mycobot_ros2/demo_img/pro600) by extensions ['cmake', 'python']
[0.128s] Level 1:colcon.colcon_core.package_identification:_identify(src/mycobot_ros2/demo_img/pro600) by extension 'cmake'
[0.128s] Level 1:colcon.colcon_core.package_identification:_identify(src/mycobot_ros2/demo_img/pro600) by extension 'python'
[0.128s] Level 1:colcon.colcon_core.package_identification:_identify(src/mycobot_ros2/demo_img/pro600) by extensions ['python_setup_py']
[0.129s] Level 1:colcon.colcon_core.package_identification:_identify(src/mycobot_ros2/demo_img/pro600) by extension 'python_setup_py'
[0.129s] Level 1:colcon.colcon_core.package_identification:_identify(src/mycobot_ros2/demo_img/pro630) by extensions ['ignore', 'ignore_ament_install']
[0.129s] Level 1:colcon.colcon_core.package_identification:_identify(src/mycobot_ros2/demo_img/pro630) by extension 'ignore'
[0.129s] Level 1:colcon.colcon_core.package_identification:_identify(src/mycobot_ros2/demo_img/pro630) by extension 'ignore_ament_install'
[0.129s] Level 1:colcon.colcon_core.package_identification:_identify(src/mycobot_ros2/demo_img/pro630) by extensions ['colcon_pkg']
[0.129s] Level 1:colcon.colcon_core.package_identification:_identify(src/mycobot_ros2/demo_img/pro630) by extension 'colcon_pkg'
[0.129s] Level 1:colcon.colcon_core.package_identification:_identify(src/mycobot_ros2/demo_img/pro630) by extensions ['colcon_meta']
[0.129s] Level 1:colcon.colcon_core.package_identification:_identify(src/mycobot_ros2/demo_img/pro630) by extension 'colcon_meta'
[0.129s] Level 1:colcon.colcon_core.package_identification:_identify(src/mycobot_ros2/demo_img/pro630) by extensions ['ros']
[0.129s] Level 1:colcon.colcon_core.package_identification:_identify(src/mycobot_ros2/demo_img/pro630) by extension 'ros'
[0.129s] Level 1:colcon.colcon_core.package_identification:_identify(src/mycobot_ros2/demo_img/pro630) by extensions ['cmake', 'python']
[0.129s] Level 1:colcon.colcon_core.package_identification:_identify(src/mycobot_ros2/demo_img/pro630) by extension 'cmake'
[0.129s] Level 1:colcon.colcon_core.package_identification:_identify(src/mycobot_ros2/demo_img/pro630) by extension 'python'
[0.129s] Level 1:colcon.colcon_core.package_identification:_identify(src/mycobot_ros2/demo_img/pro630) by extensions ['python_setup_py']
[0.129s] Level 1:colcon.colcon_core.package_identification:_identify(src/mycobot_ros2/demo_img/pro630) by extension 'python_setup_py'
[0.129s] Level 1:colcon.colcon_core.package_identification:_identify(src/mycobot_ros2/demo_img/ultraArm_p340) by extensions ['ignore', 'ignore_ament_install']
[0.129s] Level 1:colcon.colcon_core.package_identification:_identify(src/mycobot_ros2/demo_img/ultraArm_p340) by extension 'ignore'
[0.129s] Level 1:colcon.colcon_core.package_identification:_identify(src/mycobot_ros2/demo_img/ultraArm_p340) by extension 'ignore_ament_install'
[0.129s] Level 1:colcon.colcon_core.package_identification:_identify(src/mycobot_ros2/demo_img/ultraArm_p340) by extensions ['colcon_pkg']
[0.129s] Level 1:colcon.colcon_core.package_identification:_identify(src/mycobot_ros2/demo_img/ultraArm_p340) by extension 'colcon_pkg'
[0.129s] Level 1:colcon.colcon_core.package_identification:_identify(src/mycobot_ros2/demo_img/ultraArm_p340) by extensions ['colcon_meta']
[0.129s] Level 1:colcon.colcon_core.package_identification:_identify(src/mycobot_ros2/demo_img/ultraArm_p340) by extension 'colcon_meta'
[0.129s] Level 1:colcon.colcon_core.package_identification:_identify(src/mycobot_ros2/demo_img/ultraArm_p340) by extensions ['ros']
[0.129s] Level 1:colcon.colcon_core.package_identification:_identify(src/mycobot_ros2/demo_img/ultraArm_p340) by extension 'ros'
[0.129s] Level 1:colcon.colcon_core.package_identification:_identify(src/mycobot_ros2/demo_img/ultraArm_p340) by extensions ['cmake', 'python']
[0.129s] Level 1:colcon.colcon_core.package_identification:_identify(src/mycobot_ros2/demo_img/ultraArm_p340) by extension 'cmake'
[0.129s] Level 1:colcon.colcon_core.package_identification:_identify(src/mycobot_ros2/demo_img/ultraArm_p340) by extension 'python'
[0.129s] Level 1:colcon.colcon_core.package_identification:_identify(src/mycobot_ros2/demo_img/ultraArm_p340) by extensions ['python_setup_py']
[0.129s] Level 1:colcon.colcon_core.package_identification:_identify(src/mycobot_ros2/demo_img/ultraArm_p340) by extension 'python_setup_py'
[0.129s] Level 1:colcon.colcon_core.package_identification:_identify(src/mycobot_ros2/mecharm) by extensions ['ignore', 'ignore_ament_install']
[0.129s] Level 1:colcon.colcon_core.package_identification:_identify(src/mycobot_ros2/mecharm) by extension 'ignore'
[0.129s] Level 1:colcon.colcon_core.package_identification:_identify(src/mycobot_ros2/mecharm) by extension 'ignore_ament_install'
[0.130s] Level 1:colcon.colcon_core.package_identification:_identify(src/mycobot_ros2/mecharm) by extensions ['colcon_pkg']
[0.130s] Level 1:colcon.colcon_core.package_identification:_identify(src/mycobot_ros2/mecharm) by extension 'colcon_pkg'
[0.130s] Level 1:colcon.colcon_core.package_identification:_identify(src/mycobot_ros2/mecharm) by extensions ['colcon_meta']
[0.130s] Level 1:colcon.colcon_core.package_identification:_identify(src/mycobot_ros2/mecharm) by extension 'colcon_meta'
[0.130s] Level 1:colcon.colcon_core.package_identification:_identify(src/mycobot_ros2/mecharm) by extensions ['ros']
[0.130s] Level 1:colcon.colcon_core.package_identification:_identify(src/mycobot_ros2/mecharm) by extension 'ros'
[0.130s] Level 1:colcon.colcon_core.package_identification:_identify(src/mycobot_ros2/mecharm) by extensions ['cmake', 'python']
[0.130s] Level 1:colcon.colcon_core.package_identification:_identify(src/mycobot_ros2/mecharm) by extension 'cmake'
[0.130s] Level 1:colcon.colcon_core.package_identification:_identify(src/mycobot_ros2/mecharm) by extension 'python'
[0.130s] Level 1:colcon.colcon_core.package_identification:_identify(src/mycobot_ros2/mecharm) by extensions ['python_setup_py']
[0.130s] Level 1:colcon.colcon_core.package_identification:_identify(src/mycobot_ros2/mecharm) by extension 'python_setup_py'
[0.130s] Level 1:colcon.colcon_core.package_identification:_identify(src/mycobot_ros2/mecharm/mecharm) by extensions ['ignore', 'ignore_ament_install']
[0.130s] Level 1:colcon.colcon_core.package_identification:_identify(src/mycobot_ros2/mecharm/mecharm) by extension 'ignore'
[0.130s] Level 1:colcon.colcon_core.package_identification:_identify(src/mycobot_ros2/mecharm/mecharm) by extension 'ignore_ament_install'
[0.130s] Level 1:colcon.colcon_core.package_identification:_identify(src/mycobot_ros2/mecharm/mecharm) by extensions ['colcon_pkg']
[0.130s] Level 1:colcon.colcon_core.package_identification:_identify(src/mycobot_ros2/mecharm/mecharm) by extension 'colcon_pkg'
[0.130s] Level 1:colcon.colcon_core.package_identification:_identify(src/mycobot_ros2/mecharm/mecharm) by extensions ['colcon_meta']
[0.130s] Level 1:colcon.colcon_core.package_identification:_identify(src/mycobot_ros2/mecharm/mecharm) by extension 'colcon_meta'
[0.130s] Level 1:colcon.colcon_core.package_identification:_identify(src/mycobot_ros2/mecharm/mecharm) by extensions ['ros']
[0.130s] Level 1:colcon.colcon_core.package_identification:_identify(src/mycobot_ros2/mecharm/mecharm) by extension 'ros'
[0.130s] DEBUG:colcon.colcon_core.package_identification:Package 'src/mycobot_ros2/mecharm/mecharm' with type 'ros.ament_python' and name 'mecharm'
[0.131s] Level 1:colcon.colcon_core.package_identification:_identify(src/mycobot_ros2/mecharm/mecharm_communication) by extensions ['ignore', 'ignore_ament_install']
[0.131s] Level 1:colcon.colcon_core.package_identification:_identify(src/mycobot_ros2/mecharm/mecharm_communication) by extension 'ignore'
[0.131s] Level 1:colcon.colcon_core.package_identification:_identify(src/mycobot_ros2/mecharm/mecharm_communication) by extension 'ignore_ament_install'
[0.131s] Level 1:colcon.colcon_core.package_identification:_identify(src/mycobot_ros2/mecharm/mecharm_communication) by extensions ['colcon_pkg']
[0.131s] Level 1:colcon.colcon_core.package_identification:_identify(src/mycobot_ros2/mecharm/mecharm_communication) by extension 'colcon_pkg'
[0.131s] Level 1:colcon.colcon_core.package_identification:_identify(src/mycobot_ros2/mecharm/mecharm_communication) by extensions ['colcon_meta']
[0.131s] Level 1:colcon.colcon_core.package_identification:_identify(src/mycobot_ros2/mecharm/mecharm_communication) by extension 'colcon_meta'
[0.131s] Level 1:colcon.colcon_core.package_identification:_identify(src/mycobot_ros2/mecharm/mecharm_communication) by extensions ['ros']
[0.131s] Level 1:colcon.colcon_core.package_identification:_identify(src/mycobot_ros2/mecharm/mecharm_communication) by extension 'ros'
[0.131s] DEBUG:colcon.colcon_core.package_identification:Package 'src/mycobot_ros2/mecharm/mecharm_communication' with type 'ros.ament_python' and name 'mecharm_communication'
[0.131s] Level 1:colcon.colcon_core.package_identification:_identify(src/mycobot_ros2/mecharm/mecharm_interfaces) by extensions ['ignore', 'ignore_ament_install']
[0.131s] Level 1:colcon.colcon_core.package_identification:_identify(src/mycobot_ros2/mecharm/mecharm_interfaces) by extension 'ignore'
[0.131s] Level 1:colcon.colcon_core.package_identification:_identify(src/mycobot_ros2/mecharm/mecharm_interfaces) by extension 'ignore_ament_install'
[0.131s] Level 1:colcon.colcon_core.package_identification:_identify(src/mycobot_ros2/mecharm/mecharm_interfaces) by extensions ['colcon_pkg']
[0.131s] Level 1:colcon.colcon_core.package_identification:_identify(src/mycobot_ros2/mecharm/mecharm_interfaces) by extension 'colcon_pkg'
[0.131s] Level 1:colcon.colcon_core.package_identification:_identify(src/mycobot_ros2/mecharm/mecharm_interfaces) by extensions ['colcon_meta']
[0.131s] Level 1:colcon.colcon_core.package_identification:_identify(src/mycobot_ros2/mecharm/mecharm_interfaces) by extension 'colcon_meta'
[0.131s] Level 1:colcon.colcon_core.package_identification:_identify(src/mycobot_ros2/mecharm/mecharm_interfaces) by extensions ['ros']
[0.131s] Level 1:colcon.colcon_core.package_identification:_identify(src/mycobot_ros2/mecharm/mecharm_interfaces) by extension 'ros'
[0.132s] DEBUG:colcon.colcon_core.package_identification:Package 'src/mycobot_ros2/mecharm/mecharm_interfaces' with type 'ros.ament_cmake' and name 'mecharm_interfaces'
[0.132s] Level 1:colcon.colcon_core.package_identification:_identify(src/mycobot_ros2/mecharm/mecharm_pi) by extensions ['ignore', 'ignore_ament_install']
[0.132s] Level 1:colcon.colcon_core.package_identification:_identify(src/mycobot_ros2/mecharm/mecharm_pi) by extension 'ignore'
[0.132s] Level 1:colcon.colcon_core.package_identification:_identify(src/mycobot_ros2/mecharm/mecharm_pi) by extension 'ignore_ament_install'
[0.132s] Level 1:colcon.colcon_core.package_identification:_identify(src/mycobot_ros2/mecharm/mecharm_pi) by extensions ['colcon_pkg']
[0.132s] Level 1:colcon.colcon_core.package_identification:_identify(src/mycobot_ros2/mecharm/mecharm_pi) by extension 'colcon_pkg'
[0.132s] Level 1:colcon.colcon_core.package_identification:_identify(src/mycobot_ros2/mecharm/mecharm_pi) by extensions ['colcon_meta']
[0.132s] Level 1:colcon.colcon_core.package_identification:_identify(src/mycobot_ros2/mecharm/mecharm_pi) by extension 'colcon_meta'
[0.132s] Level 1:colcon.colcon_core.package_identification:_identify(src/mycobot_ros2/mecharm/mecharm_pi) by extensions ['ros']
[0.132s] Level 1:colcon.colcon_core.package_identification:_identify(src/mycobot_ros2/mecharm/mecharm_pi) by extension 'ros'
[0.132s] DEBUG:colcon.colcon_core.package_identification:Package 'src/mycobot_ros2/mecharm/mecharm_pi' with type 'ros.ament_python' and name 'mecharm_pi'
[0.133s] Level 1:colcon.colcon_core.package_identification:_identify(src/mycobot_ros2/myArm) by extensions ['ignore', 'ignore_ament_install']
[0.133s] Level 1:colcon.colcon_core.package_identification:_identify(src/mycobot_ros2/myArm) by extension 'ignore'
[0.133s] Level 1:colcon.colcon_core.package_identification:_identify(src/mycobot_ros2/myArm) by extension 'ignore_ament_install'
[0.133s] Level 1:colcon.colcon_core.package_identification:_identify(src/mycobot_ros2/myArm) by extensions ['colcon_pkg']
[0.133s] Level 1:colcon.colcon_core.package_identification:_identify(src/mycobot_ros2/myArm) by extension 'colcon_pkg'
[0.133s] Level 1:colcon.colcon_core.package_identification:_identify(src/mycobot_ros2/myArm) by extensions ['colcon_meta']
[0.133s] Level 1:colcon.colcon_core.package_identification:_identify(src/mycobot_ros2/myArm) by extension 'colcon_meta'
[0.133s] Level 1:colcon.colcon_core.package_identification:_identify(src/mycobot_ros2/myArm) by extensions ['ros']
[0.133s] Level 1:colcon.colcon_core.package_identification:_identify(src/mycobot_ros2/myArm) by extension 'ros'
[0.133s] Level 1:colcon.colcon_core.package_identification:_identify(src/mycobot_ros2/myArm) by extensions ['cmake', 'python']
[0.133s] Level 1:colcon.colcon_core.package_identification:_identify(src/mycobot_ros2/myArm) by extension 'cmake'
[0.133s] Level 1:colcon.colcon_core.package_identification:_identify(src/mycobot_ros2/myArm) by extension 'python'
[0.133s] Level 1:colcon.colcon_core.package_identification:_identify(src/mycobot_ros2/myArm) by extensions ['python_setup_py']
[0.133s] Level 1:colcon.colcon_core.package_identification:_identify(src/mycobot_ros2/myArm) by extension 'python_setup_py'
[0.133s] Level 1:colcon.colcon_core.package_identification:_identify(src/mycobot_ros2/myArm/myarm_300) by extensions ['ignore', 'ignore_ament_install']
[0.133s] Level 1:colcon.colcon_core.package_identification:_identify(src/mycobot_ros2/myArm/myarm_300) by extension 'ignore'
[0.133s] Level 1:colcon.colcon_core.package_identification:_identify(src/mycobot_ros2/myArm/myarm_300) by extension 'ignore_ament_install'
[0.133s] Level 1:colcon.colcon_core.package_identification:_identify(src/mycobot_ros2/myArm/myarm_300) by extensions ['colcon_pkg']
[0.133s] Level 1:colcon.colcon_core.package_identification:_identify(src/mycobot_ros2/myArm/myarm_300) by extension 'colcon_pkg'
[0.133s] Level 1:colcon.colcon_core.package_identification:_identify(src/mycobot_ros2/myArm/myarm_300) by extensions ['colcon_meta']
[0.133s] Level 1:colcon.colcon_core.package_identification:_identify(src/mycobot_ros2/myArm/myarm_300) by extension 'colcon_meta'
[0.133s] Level 1:colcon.colcon_core.package_identification:_identify(src/mycobot_ros2/myArm/myarm_300) by extensions ['ros']
[0.133s] Level 1:colcon.colcon_core.package_identification:_identify(src/mycobot_ros2/myArm/myarm_300) by extension 'ros'
[0.134s] DEBUG:colcon.colcon_core.package_identification:Package 'src/mycobot_ros2/myArm/myarm_300' with type 'ros.ament_python' and name 'myarm_300'
[0.134s] Level 1:colcon.colcon_core.package_identification:_identify(src/mycobot_ros2/myArm/myarm_c650) by extensions ['ignore', 'ignore_ament_install']
[0.134s] Level 1:colcon.colcon_core.package_identification:_identify(src/mycobot_ros2/myArm/myarm_c650) by extension 'ignore'
[0.134s] Level 1:colcon.colcon_core.package_identification:_identify(src/mycobot_ros2/myArm/myarm_c650) by extension 'ignore_ament_install'
[0.134s] Level 1:colcon.colcon_core.package_identification:_identify(src/mycobot_ros2/myArm/myarm_c650) by extensions ['colcon_pkg']
[0.134s] Level 1:colcon.colcon_core.package_identification:_identify(src/mycobot_ros2/myArm/myarm_c650) by extension 'colcon_pkg'
[0.134s] Level 1:colcon.colcon_core.package_identification:_identify(src/mycobot_ros2/myArm/myarm_c650) by extensions ['colcon_meta']
[0.134s] Level 1:colcon.colcon_core.package_identification:_identify(src/mycobot_ros2/myArm/myarm_c650) by extension 'colcon_meta'
[0.134s] Level 1:colcon.colcon_core.package_identification:_identify(src/mycobot_ros2/myArm/myarm_c650) by extensions ['ros']
[0.134s] Level 1:colcon.colcon_core.package_identification:_identify(src/mycobot_ros2/myArm/myarm_c650) by extension 'ros'
[0.134s] DEBUG:colcon.colcon_core.package_identification:Package 'src/mycobot_ros2/myArm/myarm_c650' with type 'ros.ament_python' and name 'myarm_c650'
[0.134s] Level 1:colcon.colcon_core.package_identification:_identify(src/mycobot_ros2/myArm/myarm_m750) by extensions ['ignore', 'ignore_ament_install']
[0.134s] Level 1:colcon.colcon_core.package_identification:_identify(src/mycobot_ros2/myArm/myarm_m750) by extension 'ignore'
[0.135s] Level 1:colcon.colcon_core.package_identification:_identify(src/mycobot_ros2/myArm/myarm_m750) by extension 'ignore_ament_install'
[0.135s] Level 1:colcon.colcon_core.package_identification:_identify(src/mycobot_ros2/myArm/myarm_m750) by extensions ['colcon_pkg']
[0.135s] Level 1:colcon.colcon_core.package_identification:_identify(src/mycobot_ros2/myArm/myarm_m750) by extension 'colcon_pkg'
[0.135s] Level 1:colcon.colcon_core.package_identification:_identify(src/mycobot_ros2/myArm/myarm_m750) by extensions ['colcon_meta']
[0.135s] Level 1:colcon.colcon_core.package_identification:_identify(src/mycobot_ros2/myArm/myarm_m750) by extension 'colcon_meta'
[0.135s] Level 1:colcon.colcon_core.package_identification:_identify(src/mycobot_ros2/myArm/myarm_m750) by extensions ['ros']
[0.135s] Level 1:colcon.colcon_core.package_identification:_identify(src/mycobot_ros2/myArm/myarm_m750) by extension 'ros'
[0.135s] DEBUG:colcon.colcon_core.package_identification:Package 'src/mycobot_ros2/myArm/myarm_m750' with type 'ros.ament_python' and name 'myarm_m750'
[0.135s] Level 1:colcon.colcon_core.package_identification:_identify(src/mycobot_ros2/mycobot_280) by extensions ['ignore', 'ignore_ament_install']
[0.135s] Level 1:colcon.colcon_core.package_identification:_identify(src/mycobot_ros2/mycobot_280) by extension 'ignore'
[0.135s] Level 1:colcon.colcon_core.package_identification:_identify(src/mycobot_ros2/mycobot_280) by extension 'ignore_ament_install'
[0.135s] Level 1:colcon.colcon_core.package_identification:_identify(src/mycobot_ros2/mycobot_280) by extensions ['colcon_pkg']
[0.135s] Level 1:colcon.colcon_core.package_identification:_identify(src/mycobot_ros2/mycobot_280) by extension 'colcon_pkg'
[0.135s] Level 1:colcon.colcon_core.package_identification:_identify(src/mycobot_ros2/mycobot_280) by extensions ['colcon_meta']
[0.135s] Level 1:colcon.colcon_core.package_identification:_identify(src/mycobot_ros2/mycobot_280) by extension 'colcon_meta'
[0.135s] Level 1:colcon.colcon_core.package_identification:_identify(src/mycobot_ros2/mycobot_280) by extensions ['ros']
[0.135s] Level 1:colcon.colcon_core.package_identification:_identify(src/mycobot_ros2/mycobot_280) by extension 'ros'
[0.135s] Level 1:colcon.colcon_core.package_identification:_identify(src/mycobot_ros2/mycobot_280) by extensions ['cmake', 'python']
[0.135s] Level 1:colcon.colcon_core.package_identification:_identify(src/mycobot_ros2/mycobot_280) by extension 'cmake'
[0.135s] Level 1:colcon.colcon_core.package_identification:_identify(src/mycobot_ros2/mycobot_280) by extension 'python'
[0.135s] Level 1:colcon.colcon_core.package_identification:_identify(src/mycobot_ros2/mycobot_280) by extensions ['python_setup_py']
[0.135s] Level 1:colcon.colcon_core.package_identification:_identify(src/mycobot_ros2/mycobot_280) by extension 'python_setup_py'
[0.136s] Level 1:colcon.colcon_core.package_identification:_identify(src/mycobot_ros2/mycobot_280/mycobot_280) by extensions ['ignore', 'ignore_ament_install']
[0.136s] Level 1:colcon.colcon_core.package_identification:_identify(src/mycobot_ros2/mycobot_280/mycobot_280) by extension 'ignore'
[0.136s] Level 1:colcon.colcon_core.package_identification:_identify(src/mycobot_ros2/mycobot_280/mycobot_280) by extension 'ignore_ament_install'
[0.136s] Level 1:colcon.colcon_core.package_identification:_identify(src/mycobot_ros2/mycobot_280/mycobot_280) by extensions ['colcon_pkg']
[0.136s] Level 1:colcon.colcon_core.package_identification:_identify(src/mycobot_ros2/mycobot_280/mycobot_280) by extension 'colcon_pkg'
[0.136s] Level 1:colcon.colcon_core.package_identification:_identify(src/mycobot_ros2/mycobot_280/mycobot_280) by extensions ['colcon_meta']
[0.136s] Level 1:colcon.colcon_core.package_identification:_identify(src/mycobot_ros2/mycobot_280/mycobot_280) by extension 'colcon_meta'
[0.136s] Level 1:colcon.colcon_core.package_identification:_identify(src/mycobot_ros2/mycobot_280/mycobot_280) by extensions ['ros']
[0.136s] Level 1:colcon.colcon_core.package_identification:_identify(src/mycobot_ros2/mycobot_280/mycobot_280) by extension 'ros'
[0.136s] DEBUG:colcon.colcon_core.package_identification:Package 'src/mycobot_ros2/mycobot_280/mycobot_280' with type 'ros.ament_python' and name 'mycobot_280'
[0.136s] Level 1:colcon.colcon_core.package_identification:_identify(src/mycobot_ros2/mycobot_280/mycobot_280_arduino) by extensions ['ignore', 'ignore_ament_install']
[0.136s] Level 1:colcon.colcon_core.package_identification:_identify(src/mycobot_ros2/mycobot_280/mycobot_280_arduino) by extension 'ignore'
[0.136s] Level 1:colcon.colcon_core.package_identification:_identify(src/mycobot_ros2/mycobot_280/mycobot_280_arduino) by extension 'ignore_ament_install'
[0.136s] Level 1:colcon.colcon_core.package_identification:_identify(src/mycobot_ros2/mycobot_280/mycobot_280_arduino) by extensions ['colcon_pkg']
[0.136s] Level 1:colcon.colcon_core.package_identification:_identify(src/mycobot_ros2/mycobot_280/mycobot_280_arduino) by extension 'colcon_pkg'
[0.136s] Level 1:colcon.colcon_core.package_identification:_identify(src/mycobot_ros2/mycobot_280/mycobot_280_arduino) by extensions ['colcon_meta']
[0.136s] Level 1:colcon.colcon_core.package_identification:_identify(src/mycobot_ros2/mycobot_280/mycobot_280_arduino) by extension 'colcon_meta'
[0.136s] Level 1:colcon.colcon_core.package_identification:_identify(src/mycobot_ros2/mycobot_280/mycobot_280_arduino) by extensions ['ros']
[0.136s] Level 1:colcon.colcon_core.package_identification:_identify(src/mycobot_ros2/mycobot_280/mycobot_280_arduino) by extension 'ros'
[0.137s] DEBUG:colcon.colcon_core.package_identification:Package 'src/mycobot_ros2/mycobot_280/mycobot_280_arduino' with type 'ros.ament_python' and name 'mycobot_280_arduino'
[0.137s] Level 1:colcon.colcon_core.package_identification:_identify(src/mycobot_ros2/mycobot_280/mycobot_280_moveit2) by extensions ['ignore', 'ignore_ament_install']
[0.137s] Level 1:colcon.colcon_core.package_identification:_identify(src/mycobot_ros2/mycobot_280/mycobot_280_moveit2) by extension 'ignore'
[0.137s] Level 1:colcon.colcon_core.package_identification:_identify(src/mycobot_ros2/mycobot_280/mycobot_280_moveit2) by extension 'ignore_ament_install'
[0.137s] Level 1:colcon.colcon_core.package_identification:_identify(src/mycobot_ros2/mycobot_280/mycobot_280_moveit2) by extensions ['colcon_pkg']
[0.137s] Level 1:colcon.colcon_core.package_identification:_identify(src/mycobot_ros2/mycobot_280/mycobot_280_moveit2) by extension 'colcon_pkg'
[0.137s] Level 1:colcon.colcon_core.package_identification:_identify(src/mycobot_ros2/mycobot_280/mycobot_280_moveit2) by extensions ['colcon_meta']
[0.137s] Level 1:colcon.colcon_core.package_identification:_identify(src/mycobot_ros2/mycobot_280/mycobot_280_moveit2) by extension 'colcon_meta'
[0.137s] Level 1:colcon.colcon_core.package_identification:_identify(src/mycobot_ros2/mycobot_280/mycobot_280_moveit2) by extensions ['ros']
[0.137s] Level 1:colcon.colcon_core.package_identification:_identify(src/mycobot_ros2/mycobot_280/mycobot_280_moveit2) by extension 'ros'
[0.138s] DEBUG:colcon.colcon_core.package_identification:Package 'src/mycobot_ros2/mycobot_280/mycobot_280_moveit2' with type 'ros.ament_cmake' and name 'mycobot_280_moveit2'
[0.138s] Level 1:colcon.colcon_core.package_identification:_identify(src/mycobot_ros2/mycobot_280/mycobot_280_moveit2_control) by extensions ['ignore', 'ignore_ament_install']
[0.138s] Level 1:colcon.colcon_core.package_identification:_identify(src/mycobot_ros2/mycobot_280/mycobot_280_moveit2_control) by extension 'ignore'
[0.138s] Level 1:colcon.colcon_core.package_identification:_identify(src/mycobot_ros2/mycobot_280/mycobot_280_moveit2_control) by extension 'ignore_ament_install'
[0.138s] Level 1:colcon.colcon_core.package_identification:_identify(src/mycobot_ros2/mycobot_280/mycobot_280_moveit2_control) by extensions ['colcon_pkg']
[0.138s] Level 1:colcon.colcon_core.package_identification:_identify(src/mycobot_ros2/mycobot_280/mycobot_280_moveit2_control) by extension 'colcon_pkg'
[0.138s] Level 1:colcon.colcon_core.package_identification:_identify(src/mycobot_ros2/mycobot_280/mycobot_280_moveit2_control) by extensions ['colcon_meta']
[0.138s] Level 1:colcon.colcon_core.package_identification:_identify(src/mycobot_ros2/mycobot_280/mycobot_280_moveit2_control) by extension 'colcon_meta'
[0.138s] Level 1:colcon.colcon_core.package_identification:_identify(src/mycobot_ros2/mycobot_280/mycobot_280_moveit2_control) by extensions ['ros']
[0.138s] Level 1:colcon.colcon_core.package_identification:_identify(src/mycobot_ros2/mycobot_280/mycobot_280_moveit2_control) by extension 'ros'
[0.138s] DEBUG:colcon.colcon_core.package_identification:Package 'src/mycobot_ros2/mycobot_280/mycobot_280_moveit2_control' with type 'ros.ament_python' and name 'mycobot_280_moveit2_control'
[0.138s] Level 1:colcon.colcon_core.package_identification:_identify(src/mycobot_ros2/mycobot_280/mycobot_280_rdkx5) by extensions ['ignore', 'ignore_ament_install']
[0.138s] Level 1:colcon.colcon_core.package_identification:_identify(src/mycobot_ros2/mycobot_280/mycobot_280_rdkx5) by extension 'ignore'
[0.138s] Level 1:colcon.colcon_core.package_identification:_identify(src/mycobot_ros2/mycobot_280/mycobot_280_rdkx5) by extension 'ignore_ament_install'
[0.139s] Level 1:colcon.colcon_core.package_identification:_identify(src/mycobot_ros2/mycobot_280/mycobot_280_rdkx5) by extensions ['colcon_pkg']
[0.139s] Level 1:colcon.colcon_core.package_identification:_identify(src/mycobot_ros2/mycobot_280/mycobot_280_rdkx5) by extension 'colcon_pkg'
[0.139s] Level 1:colcon.colcon_core.package_identification:_identify(src/mycobot_ros2/mycobot_280/mycobot_280_rdkx5) by extensions ['colcon_meta']
[0.139s] Level 1:colcon.colcon_core.package_identification:_identify(src/mycobot_ros2/mycobot_280/mycobot_280_rdkx5) by extension 'colcon_meta'
[0.139s] Level 1:colcon.colcon_core.package_identification:_identify(src/mycobot_ros2/mycobot_280/mycobot_280_rdkx5) by extensions ['ros']
[0.139s] Level 1:colcon.colcon_core.package_identification:_identify(src/mycobot_ros2/mycobot_280/mycobot_280_rdkx5) by extension 'ros'
[0.139s] DEBUG:colcon.colcon_core.package_identification:Package 'src/mycobot_ros2/mycobot_280/mycobot_280_rdkx5' with type 'ros.ament_python' and name 'mycobot_280_rdkx5'
[0.139s] Level 1:colcon.colcon_core.package_identification:_identify(src/mycobot_ros2/mycobot_280/mycobot_280_riscv) by extensions ['ignore', 'ignore_ament_install']
[0.139s] Level 1:colcon.colcon_core.package_identification:_identify(src/mycobot_ros2/mycobot_280/mycobot_280_riscv) by extension 'ignore'
[0.139s] Level 1:colcon.colcon_core.package_identification:_identify(src/mycobot_ros2/mycobot_280/mycobot_280_riscv) by extension 'ignore_ament_install'
[0.139s] Level 1:colcon.colcon_core.package_identification:_identify(src/mycobot_ros2/mycobot_280/mycobot_280_riscv) by extensions ['colcon_pkg']
[0.139s] Level 1:colcon.colcon_core.package_identification:_identify(src/mycobot_ros2/mycobot_280/mycobot_280_riscv) by extension 'colcon_pkg'
[0.139s] Level 1:colcon.colcon_core.package_identification:_identify(src/mycobot_ros2/mycobot_280/mycobot_280_riscv) by extensions ['colcon_meta']
[0.139s] Level 1:colcon.colcon_core.package_identification:_identify(src/mycobot_ros2/mycobot_280/mycobot_280_riscv) by extension 'colcon_meta'
[0.139s] Level 1:colcon.colcon_core.package_identification:_identify(src/mycobot_ros2/mycobot_280/mycobot_280_riscv) by extensions ['ros']
[0.139s] Level 1:colcon.colcon_core.package_identification:_identify(src/mycobot_ros2/mycobot_280/mycobot_280_riscv) by extension 'ros'
[0.140s] DEBUG:colcon.colcon_core.package_identification:Package 'src/mycobot_ros2/mycobot_280/mycobot_280_riscv' with type 'ros.ament_python' and name 'mycobot_280_riscv'
[0.140s] Level 1:colcon.colcon_core.package_identification:_identify(src/mycobot_ros2/mycobot_280/mycobot_280_x3pi) by extensions ['ignore', 'ignore_ament_install']
[0.140s] Level 1:colcon.colcon_core.package_identification:_identify(src/mycobot_ros2/mycobot_280/mycobot_280_x3pi) by extension 'ignore'
[0.140s] Level 1:colcon.colcon_core.package_identification:_identify(src/mycobot_ros2/mycobot_280/mycobot_280_x3pi) by extension 'ignore_ament_install'
[0.140s] Level 1:colcon.colcon_core.package_identification:_identify(src/mycobot_ros2/mycobot_280/mycobot_280_x3pi) by extensions ['colcon_pkg']
[0.140s] Level 1:colcon.colcon_core.package_identification:_identify(src/mycobot_ros2/mycobot_280/mycobot_280_x3pi) by extension 'colcon_pkg'
[0.140s] Level 1:colcon.colcon_core.package_identification:_identify(src/mycobot_ros2/mycobot_280/mycobot_280_x3pi) by extensions ['colcon_meta']
[0.140s] Level 1:colcon.colcon_core.package_identification:_identify(src/mycobot_ros2/mycobot_280/mycobot_280_x3pi) by extension 'colcon_meta'
[0.140s] Level 1:colcon.colcon_core.package_identification:_identify(src/mycobot_ros2/mycobot_280/mycobot_280_x3pi) by extensions ['ros']
[0.140s] Level 1:colcon.colcon_core.package_identification:_identify(src/mycobot_ros2/mycobot_280/mycobot_280_x3pi) by extension 'ros'
[0.140s] DEBUG:colcon.colcon_core.package_identification:Package 'src/mycobot_ros2/mycobot_280/mycobot_280_x3pi' with type 'ros.ament_python' and name 'mycobot_280_x3pi'
[0.140s] Level 1:colcon.colcon_core.package_identification:_identify(src/mycobot_ros2/mycobot_280/mycobot_280arduino_moveit2) by extensions ['ignore', 'ignore_ament_install']
[0.141s] Level 1:colcon.colcon_core.package_identification:_identify(src/mycobot_ros2/mycobot_280/mycobot_280arduino_moveit2) by extension 'ignore'
[0.141s] Level 1:colcon.colcon_core.package_identification:_identify(src/mycobot_ros2/mycobot_280/mycobot_280arduino_moveit2) by extension 'ignore_ament_install'
[0.141s] Level 1:colcon.colcon_core.package_identification:_identify(src/mycobot_ros2/mycobot_280/mycobot_280arduino_moveit2) by extensions ['colcon_pkg']
[0.141s] Level 1:colcon.colcon_core.package_identification:_identify(src/mycobot_ros2/mycobot_280/mycobot_280arduino_moveit2) by extension 'colcon_pkg'
[0.141s] Level 1:colcon.colcon_core.package_identification:_identify(src/mycobot_ros2/mycobot_280/mycobot_280arduino_moveit2) by extensions ['colcon_meta']
[0.141s] Level 1:colcon.colcon_core.package_identification:_identify(src/mycobot_ros2/mycobot_280/mycobot_280arduino_moveit2) by extension 'colcon_meta'
[0.141s] Level 1:colcon.colcon_core.package_identification:_identify(src/mycobot_ros2/mycobot_280/mycobot_280arduino_moveit2) by extensions ['ros']
[0.141s] Level 1:colcon.colcon_core.package_identification:_identify(src/mycobot_ros2/mycobot_280/mycobot_280arduino_moveit2) by extension 'ros'
[0.141s] DEBUG:colcon.colcon_core.package_identification:Package 'src/mycobot_ros2/mycobot_280/mycobot_280arduino_moveit2' with type 'ros.ament_cmake' and name 'mycobot_280arduino_moveit2'
[0.141s] Level 1:colcon.colcon_core.package_identification:_identify(src/mycobot_ros2/mycobot_280/mycobot_280jn) by extensions ['ignore', 'ignore_ament_install']
[0.141s] Level 1:colcon.colcon_core.package_identification:_identify(src/mycobot_ros2/mycobot_280/mycobot_280jn) by extension 'ignore'
[0.141s] Level 1:colcon.colcon_core.package_identification:_identify(src/mycobot_ros2/mycobot_280/mycobot_280jn) by extension 'ignore_ament_install'
[0.141s] Level 1:colcon.colcon_core.package_identification:_identify(src/mycobot_ros2/mycobot_280/mycobot_280jn) by extensions ['colcon_pkg']
[0.141s] Level 1:colcon.colcon_core.package_identification:_identify(src/mycobot_ros2/mycobot_280/mycobot_280jn) by extension 'colcon_pkg'
[0.141s] Level 1:colcon.colcon_core.package_identification:_identify(src/mycobot_ros2/mycobot_280/mycobot_280jn) by extensions ['colcon_meta']
[0.141s] Level 1:colcon.colcon_core.package_identification:_identify(src/mycobot_ros2/mycobot_280/mycobot_280jn) by extension 'colcon_meta'
[0.141s] Level 1:colcon.colcon_core.package_identification:_identify(src/mycobot_ros2/mycobot_280/mycobot_280jn) by extensions ['ros']
[0.141s] Level 1:colcon.colcon_core.package_identification:_identify(src/mycobot_ros2/mycobot_280/mycobot_280jn) by extension 'ros'
[0.142s] DEBUG:colcon.colcon_core.package_identification:Package 'src/mycobot_ros2/mycobot_280/mycobot_280jn' with type 'ros.ament_python' and name 'mycobot_280jn'
[0.142s] Level 1:colcon.colcon_core.package_identification:_identify(src/mycobot_ros2/mycobot_280/mycobot_280pi) by extensions ['ignore', 'ignore_ament_install']
[0.142s] Level 1:colcon.colcon_core.package_identification:_identify(src/mycobot_ros2/mycobot_280/mycobot_280pi) by extension 'ignore'
[0.142s] Level 1:colcon.colcon_core.package_identification:_identify(src/mycobot_ros2/mycobot_280/mycobot_280pi) by extension 'ignore_ament_install'
[0.142s] Level 1:colcon.colcon_core.package_identification:_identify(src/mycobot_ros2/mycobot_280/mycobot_280pi) by extensions ['colcon_pkg']
[0.142s] Level 1:colcon.colcon_core.package_identification:_identify(src/mycobot_ros2/mycobot_280/mycobot_280pi) by extension 'colcon_pkg'
[0.142s] Level 1:colcon.colcon_core.package_identification:_identify(src/mycobot_ros2/mycobot_280/mycobot_280pi) by extensions ['colcon_meta']
[0.142s] Level 1:colcon.colcon_core.package_identification:_identify(src/mycobot_ros2/mycobot_280/mycobot_280pi) by extension 'colcon_meta'
[0.142s] Level 1:colcon.colcon_core.package_identification:_identify(src/mycobot_ros2/mycobot_280/mycobot_280pi) by extensions ['ros']
[0.142s] Level 1:colcon.colcon_core.package_identification:_identify(src/mycobot_ros2/mycobot_280/mycobot_280pi) by extension 'ros'
[0.143s] DEBUG:colcon.colcon_core.package_identification:Package 'src/mycobot_ros2/mycobot_280/mycobot_280pi' with type 'ros.ament_python' and name 'mycobot_280pi'
[0.143s] Level 1:colcon.colcon_core.package_identification:_identify(src/mycobot_ros2/mycobot_280/mycobot_280rdkx5_moveit2) by extensions ['ignore', 'ignore_ament_install']
[0.143s] Level 1:colcon.colcon_core.package_identification:_identify(src/mycobot_ros2/mycobot_280/mycobot_280rdkx5_moveit2) by extension 'ignore'
[0.143s] Level 1:colcon.colcon_core.package_identification:_identify(src/mycobot_ros2/mycobot_280/mycobot_280rdkx5_moveit2) by extension 'ignore_ament_install'
[0.143s] Level 1:colcon.colcon_core.package_identification:_identify(src/mycobot_ros2/mycobot_280/mycobot_280rdkx5_moveit2) by extensions ['colcon_pkg']
[0.143s] Level 1:colcon.colcon_core.package_identification:_identify(src/mycobot_ros2/mycobot_280/mycobot_280rdkx5_moveit2) by extension 'colcon_pkg'
[0.143s] Level 1:colcon.colcon_core.package_identification:_identify(src/mycobot_ros2/mycobot_280/mycobot_280rdkx5_moveit2) by extensions ['colcon_meta']
[0.143s] Level 1:colcon.colcon_core.package_identification:_identify(src/mycobot_ros2/mycobot_280/mycobot_280rdkx5_moveit2) by extension 'colcon_meta'
[0.143s] Level 1:colcon.colcon_core.package_identification:_identify(src/mycobot_ros2/mycobot_280/mycobot_280rdkx5_moveit2) by extensions ['ros']
[0.143s] Level 1:colcon.colcon_core.package_identification:_identify(src/mycobot_ros2/mycobot_280/mycobot_280rdkx5_moveit2) by extension 'ros'
[0.143s] DEBUG:colcon.colcon_core.package_identification:Package 'src/mycobot_ros2/mycobot_280/mycobot_280rdkx5_moveit2' with type 'ros.ament_cmake' and name 'mycobot_280rdkx5_moveit2'
[0.143s] Level 1:colcon.colcon_core.package_identification:_identify(src/mycobot_ros2/mycobot_280/mycobot_interfaces) by extensions ['ignore', 'ignore_ament_install']
[0.143s] Level 1:colcon.colcon_core.package_identification:_identify(src/mycobot_ros2/mycobot_280/mycobot_interfaces) by extension 'ignore'
[0.143s] Level 1:colcon.colcon_core.package_identification:_identify(src/mycobot_ros2/mycobot_280/mycobot_interfaces) by extension 'ignore_ament_install'
[0.143s] Level 1:colcon.colcon_core.package_identification:_identify(src/mycobot_ros2/mycobot_280/mycobot_interfaces) by extensions ['colcon_pkg']
[0.143s] Level 1:colcon.colcon_core.package_identification:_identify(src/mycobot_ros2/mycobot_280/mycobot_interfaces) by extension 'colcon_pkg'
[0.143s] Level 1:colcon.colcon_core.package_identification:_identify(src/mycobot_ros2/mycobot_280/mycobot_interfaces) by extensions ['colcon_meta']
[0.143s] Level 1:colcon.colcon_core.package_identification:_identify(src/mycobot_ros2/mycobot_280/mycobot_interfaces) by extension 'colcon_meta'
[0.144s] Level 1:colcon.colcon_core.package_identification:_identify(src/mycobot_ros2/mycobot_280/mycobot_interfaces) by extensions ['ros']
[0.144s] Level 1:colcon.colcon_core.package_identification:_identify(src/mycobot_ros2/mycobot_280/mycobot_interfaces) by extension 'ros'
[0.144s] DEBUG:colcon.colcon_core.package_identification:Package 'src/mycobot_ros2/mycobot_280/mycobot_interfaces' with type 'ros.ament_cmake' and name 'mycobot_interfaces'
[0.144s] Level 1:colcon.colcon_core.package_identification:_identify(src/mycobot_ros2/mycobot_280_gazebo) by extensions ['ignore', 'ignore_ament_install']
[0.144s] Level 1:colcon.colcon_core.package_identification:_identify(src/mycobot_ros2/mycobot_280_gazebo) by extension 'ignore'
[0.144s] Level 1:colcon.colcon_core.package_identification:_identify(src/mycobot_ros2/mycobot_280_gazebo) by extension 'ignore_ament_install'
[0.144s] Level 1:colcon.colcon_core.package_identification:_identify(src/mycobot_ros2/mycobot_280_gazebo) by extensions ['colcon_pkg']
[0.144s] Level 1:colcon.colcon_core.package_identification:_identify(src/mycobot_ros2/mycobot_280_gazebo) by extension 'colcon_pkg'
[0.144s] Level 1:colcon.colcon_core.package_identification:_identify(src/mycobot_ros2/mycobot_280_gazebo) by extensions ['colcon_meta']
[0.144s] Level 1:colcon.colcon_core.package_identification:_identify(src/mycobot_ros2/mycobot_280_gazebo) by extension 'colcon_meta'
[0.144s] Level 1:colcon.colcon_core.package_identification:_identify(src/mycobot_ros2/mycobot_280_gazebo) by extensions ['ros']
[0.144s] Level 1:colcon.colcon_core.package_identification:_identify(src/mycobot_ros2/mycobot_280_gazebo) by extension 'ros'
[0.145s] DEBUG:colcon.colcon_core.package_identification:Package 'src/mycobot_ros2/mycobot_280_gazebo' with type 'ros.ament_cmake' and name 'mycobot_280_gazebo'
[0.145s] Level 1:colcon.colcon_core.package_identification:_identify(src/mycobot_ros2/mycobot_280_gazebo_jazzy) by extensions ['ignore', 'ignore_ament_install']
[0.145s] Level 1:colcon.colcon_core.package_identification:_identify(src/mycobot_ros2/mycobot_280_gazebo_jazzy) by extension 'ignore'
[0.145s] Level 1:colcon.colcon_core.package_identification:_identify(src/mycobot_ros2/mycobot_280_gazebo_jazzy) by extension 'ignore_ament_install'
[0.145s] Level 1:colcon.colcon_core.package_identification:_identify(src/mycobot_ros2/mycobot_280_gazebo_jazzy) by extensions ['colcon_pkg']
[0.145s] Level 1:colcon.colcon_core.package_identification:_identify(src/mycobot_ros2/mycobot_280_gazebo_jazzy) by extension 'colcon_pkg'
[0.145s] Level 1:colcon.colcon_core.package_identification:_identify(src/mycobot_ros2/mycobot_280_gazebo_jazzy) by extensions ['colcon_meta']
[0.145s] Level 1:colcon.colcon_core.package_identification:_identify(src/mycobot_ros2/mycobot_280_gazebo_jazzy) by extension 'colcon_meta'
[0.145s] Level 1:colcon.colcon_core.package_identification:_identify(src/mycobot_ros2/mycobot_280_gazebo_jazzy) by extensions ['ros']
[0.145s] Level 1:colcon.colcon_core.package_identification:_identify(src/mycobot_ros2/mycobot_280_gazebo_jazzy) by extension 'ros'
[0.145s] DEBUG:colcon.colcon_core.package_identification:Package 'src/mycobot_ros2/mycobot_280_gazebo_jazzy' with type 'ros.ament_cmake' and name 'mycobot_280_gazebo_jazzy'
[0.145s] Level 1:colcon.colcon_core.package_identification:_identify(src/mycobot_ros2/mycobot_320) by extensions ['ignore', 'ignore_ament_install']
[0.145s] Level 1:colcon.colcon_core.package_identification:_identify(src/mycobot_ros2/mycobot_320) by extension 'ignore'
[0.145s] Level 1:colcon.colcon_core.package_identification:_identify(src/mycobot_ros2/mycobot_320) by extension 'ignore_ament_install'
[0.145s] Level 1:colcon.colcon_core.package_identification:_identify(src/mycobot_ros2/mycobot_320) by extensions ['colcon_pkg']
[0.145s] Level 1:colcon.colcon_core.package_identification:_identify(src/mycobot_ros2/mycobot_320) by extension 'colcon_pkg'
[0.145s] Level 1:colcon.colcon_core.package_identification:_identify(src/mycobot_ros2/mycobot_320) by extensions ['colcon_meta']
[0.145s] Level 1:colcon.colcon_core.package_identification:_identify(src/mycobot_ros2/mycobot_320) by extension 'colcon_meta'
[0.145s] Level 1:colcon.colcon_core.package_identification:_identify(src/mycobot_ros2/mycobot_320) by extensions ['ros']
[0.145s] Level 1:colcon.colcon_core.package_identification:_identify(src/mycobot_ros2/mycobot_320) by extension 'ros'
[0.145s] Level 1:colcon.colcon_core.package_identification:_identify(src/mycobot_ros2/mycobot_320) by extensions ['cmake', 'python']
[0.145s] Level 1:colcon.colcon_core.package_identification:_identify(src/mycobot_ros2/mycobot_320) by extension 'cmake'
[0.146s] Level 1:colcon.colcon_core.package_identification:_identify(src/mycobot_ros2/mycobot_320) by extension 'python'
[0.146s] Level 1:colcon.colcon_core.package_identification:_identify(src/mycobot_ros2/mycobot_320) by extensions ['python_setup_py']
[0.146s] Level 1:colcon.colcon_core.package_identification:_identify(src/mycobot_ros2/mycobot_320) by extension 'python_setup_py'
[0.146s] Level 1:colcon.colcon_core.package_identification:_identify(src/mycobot_ros2/mycobot_320/mycobot_320) by extensions ['ignore', 'ignore_ament_install']
[0.146s] Level 1:colcon.colcon_core.package_identification:_identify(src/mycobot_ros2/mycobot_320/mycobot_320) by extension 'ignore'
[0.146s] Level 1:colcon.colcon_core.package_identification:_identify(src/mycobot_ros2/mycobot_320/mycobot_320) by extension 'ignore_ament_install'
[0.146s] Level 1:colcon.colcon_core.package_identification:_identify(src/mycobot_ros2/mycobot_320/mycobot_320) by extensions ['colcon_pkg']
[0.146s] Level 1:colcon.colcon_core.package_identification:_identify(src/mycobot_ros2/mycobot_320/mycobot_320) by extension 'colcon_pkg'
[0.146s] Level 1:colcon.colcon_core.package_identification:_identify(src/mycobot_ros2/mycobot_320/mycobot_320) by extensions ['colcon_meta']
[0.146s] Level 1:colcon.colcon_core.package_identification:_identify(src/mycobot_ros2/mycobot_320/mycobot_320) by extension 'colcon_meta'
[0.146s] Level 1:colcon.colcon_core.package_identification:_identify(src/mycobot_ros2/mycobot_320/mycobot_320) by extensions ['ros']
[0.146s] Level 1:colcon.colcon_core.package_identification:_identify(src/mycobot_ros2/mycobot_320/mycobot_320) by extension 'ros'
[0.146s] DEBUG:colcon.colcon_core.package_identification:Package 'src/mycobot_ros2/mycobot_320/mycobot_320' with type 'ros.ament_python' and name 'mycobot_320'
[0.146s] Level 1:colcon.colcon_core.package_identification:_identify(src/mycobot_ros2/mycobot_320/mycobot_320_riscv) by extensions ['ignore', 'ignore_ament_install']
[0.146s] Level 1:colcon.colcon_core.package_identification:_identify(src/mycobot_ros2/mycobot_320/mycobot_320_riscv) by extension 'ignore'
[0.146s] Level 1:colcon.colcon_core.package_identification:_identify(src/mycobot_ros2/mycobot_320/mycobot_320_riscv) by extension 'ignore_ament_install'
[0.146s] Level 1:colcon.colcon_core.package_identification:_identify(src/mycobot_ros2/mycobot_320/mycobot_320_riscv) by extensions ['colcon_pkg']
[0.146s] Level 1:colcon.colcon_core.package_identification:_identify(src/mycobot_ros2/mycobot_320/mycobot_320_riscv) by extension 'colcon_pkg'
[0.146s] Level 1:colcon.colcon_core.package_identification:_identify(src/mycobot_ros2/mycobot_320/mycobot_320_riscv) by extensions ['colcon_meta']
[0.146s] Level 1:colcon.colcon_core.package_identification:_identify(src/mycobot_ros2/mycobot_320/mycobot_320_riscv) by extension 'colcon_meta'
[0.147s] Level 1:colcon.colcon_core.package_identification:_identify(src/mycobot_ros2/mycobot_320/mycobot_320_riscv) by extensions ['ros']
[0.147s] Level 1:colcon.colcon_core.package_identification:_identify(src/mycobot_ros2/mycobot_320/mycobot_320_riscv) by extension 'ros'
[0.147s] DEBUG:colcon.colcon_core.package_identification:Package 'src/mycobot_ros2/mycobot_320/mycobot_320_riscv' with type 'ros.ament_python' and name 'mycobot_320_riscv'
[0.147s] Level 1:colcon.colcon_core.package_identification:_identify(src/mycobot_ros2/mycobot_320/mycobot_320pi) by extensions ['ignore', 'ignore_ament_install']
[0.147s] Level 1:colcon.colcon_core.package_identification:_identify(src/mycobot_ros2/mycobot_320/mycobot_320pi) by extension 'ignore'
[0.147s] Level 1:colcon.colcon_core.package_identification:_identify(src/mycobot_ros2/mycobot_320/mycobot_320pi) by extension 'ignore_ament_install'
[0.147s] Level 1:colcon.colcon_core.package_identification:_identify(src/mycobot_ros2/mycobot_320/mycobot_320pi) by extensions ['colcon_pkg']
[0.147s] Level 1:colcon.colcon_core.package_identification:_identify(src/mycobot_ros2/mycobot_320/mycobot_320pi) by extension 'colcon_pkg'
[0.147s] Level 1:colcon.colcon_core.package_identification:_identify(src/mycobot_ros2/mycobot_320/mycobot_320pi) by extensions ['colcon_meta']
[0.147s] Level 1:colcon.colcon_core.package_identification:_identify(src/mycobot_ros2/mycobot_320/mycobot_320pi) by extension 'colcon_meta'
[0.147s] Level 1:colcon.colcon_core.package_identification:_identify(src/mycobot_ros2/mycobot_320/mycobot_320pi) by extensions ['ros']
[0.147s] Level 1:colcon.colcon_core.package_identification:_identify(src/mycobot_ros2/mycobot_320/mycobot_320pi) by extension 'ros'
[0.148s] DEBUG:colcon.colcon_core.package_identification:Package 'src/mycobot_ros2/mycobot_320/mycobot_320pi' with type 'ros.ament_python' and name 'mycobot_320pi'
[0.148s] Level 1:colcon.colcon_core.package_identification:_identify(src/mycobot_ros2/mycobot_communication) by extensions ['ignore', 'ignore_ament_install']
[0.148s] Level 1:colcon.colcon_core.package_identification:_identify(src/mycobot_ros2/mycobot_communication) by extension 'ignore'
[0.148s] Level 1:colcon.colcon_core.package_identification:_identify(src/mycobot_ros2/mycobot_communication) by extension 'ignore_ament_install'
[0.148s] Level 1:colcon.colcon_core.package_identification:_identify(src/mycobot_ros2/mycobot_communication) by extensions ['colcon_pkg']
[0.148s] Level 1:colcon.colcon_core.package_identification:_identify(src/mycobot_ros2/mycobot_communication) by extension 'colcon_pkg'
[0.148s] Level 1:colcon.colcon_core.package_identification:_identify(src/mycobot_ros2/mycobot_communication) by extensions ['colcon_meta']
[0.148s] Level 1:colcon.colcon_core.package_identification:_identify(src/mycobot_ros2/mycobot_communication) by extension 'colcon_meta'
[0.148s] Level 1:colcon.colcon_core.package_identification:_identify(src/mycobot_ros2/mycobot_communication) by extensions ['ros']
[0.148s] Level 1:colcon.colcon_core.package_identification:_identify(src/mycobot_ros2/mycobot_communication) by extension 'ros'
[0.148s] DEBUG:colcon.colcon_core.package_identification:Package 'src/mycobot_ros2/mycobot_communication' with type 'ros.ament_python' and name 'mycobot_communication'
[0.148s] Level 1:colcon.colcon_core.package_identification:_identify(src/mycobot_ros2/mycobot_description) by extensions ['ignore', 'ignore_ament_install']
[0.148s] Level 1:colcon.colcon_core.package_identification:_identify(src/mycobot_ros2/mycobot_description) by extension 'ignore'
[0.148s] Level 1:colcon.colcon_core.package_identification:_identify(src/mycobot_ros2/mycobot_description) by extension 'ignore_ament_install'
[0.148s] Level 1:colcon.colcon_core.package_identification:_identify(src/mycobot_ros2/mycobot_description) by extensions ['colcon_pkg']
[0.148s] Level 1:colcon.colcon_core.package_identification:_identify(src/mycobot_ros2/mycobot_description) by extension 'colcon_pkg'
[0.148s] Level 1:colcon.colcon_core.package_identification:_identify(src/mycobot_ros2/mycobot_description) by extensions ['colcon_meta']
[0.148s] Level 1:colcon.colcon_core.package_identification:_identify(src/mycobot_ros2/mycobot_description) by extension 'colcon_meta'
[0.149s] Level 1:colcon.colcon_core.package_identification:_identify(src/mycobot_ros2/mycobot_description) by extensions ['ros']
[0.149s] Level 1:colcon.colcon_core.package_identification:_identify(src/mycobot_ros2/mycobot_description) by extension 'ros'
[0.149s] DEBUG:colcon.colcon_core.package_identification:Package 'src/mycobot_ros2/mycobot_description' with type 'ros.ament_python' and name 'mycobot_description'
[0.149s] Level 1:colcon.colcon_core.package_identification:_identify(src/mycobot_ros2/mycobot_pro) by extensions ['ignore', 'ignore_ament_install']
[0.149s] Level 1:colcon.colcon_core.package_identification:_identify(src/mycobot_ros2/mycobot_pro) by extension 'ignore'
[0.149s] Level 1:colcon.colcon_core.package_identification:_identify(src/mycobot_ros2/mycobot_pro) by extension 'ignore_ament_install'
[0.149s] Level 1:colcon.colcon_core.package_identification:_identify(src/mycobot_ros2/mycobot_pro) by extensions ['colcon_pkg']
[0.149s] Level 1:colcon.colcon_core.package_identification:_identify(src/mycobot_ros2/mycobot_pro) by extension 'colcon_pkg'
[0.149s] Level 1:colcon.colcon_core.package_identification:_identify(src/mycobot_ros2/mycobot_pro) by extensions ['colcon_meta']
[0.149s] Level 1:colcon.colcon_core.package_identification:_identify(src/mycobot_ros2/mycobot_pro) by extension 'colcon_meta'
[0.149s] Level 1:colcon.colcon_core.package_identification:_identify(src/mycobot_ros2/mycobot_pro) by extensions ['ros']
[0.149s] Level 1:colcon.colcon_core.package_identification:_identify(src/mycobot_ros2/mycobot_pro) by extension 'ros'
[0.149s] Level 1:colcon.colcon_core.package_identification:_identify(src/mycobot_ros2/mycobot_pro) by extensions ['cmake', 'python']
[0.149s] Level 1:colcon.colcon_core.package_identification:_identify(src/mycobot_ros2/mycobot_pro) by extension 'cmake'
[0.149s] Level 1:colcon.colcon_core.package_identification:_identify(src/mycobot_ros2/mycobot_pro) by extension 'python'
[0.149s] Level 1:colcon.colcon_core.package_identification:_identify(src/mycobot_ros2/mycobot_pro) by extensions ['python_setup_py']
[0.149s] Level 1:colcon.colcon_core.package_identification:_identify(src/mycobot_ros2/mycobot_pro) by extension 'python_setup_py'
[0.149s] Level 1:colcon.colcon_core.package_identification:_identify(src/mycobot_ros2/mycobot_pro/mycobot_600) by extensions ['ignore', 'ignore_ament_install']
[0.149s] Level 1:colcon.colcon_core.package_identification:_identify(src/mycobot_ros2/mycobot_pro/mycobot_600) by extension 'ignore'
[0.149s] Level 1:colcon.colcon_core.package_identification:_identify(src/mycobot_ros2/mycobot_pro/mycobot_600) by extension 'ignore_ament_install'
[0.149s] Level 1:colcon.colcon_core.package_identification:_identify(src/mycobot_ros2/mycobot_pro/mycobot_600) by extensions ['colcon_pkg']
[0.149s] Level 1:colcon.colcon_core.package_identification:_identify(src/mycobot_ros2/mycobot_pro/mycobot_600) by extension 'colcon_pkg'
[0.149s] Level 1:colcon.colcon_core.package_identification:_identify(src/mycobot_ros2/mycobot_pro/mycobot_600) by extensions ['colcon_meta']
[0.149s] Level 1:colcon.colcon_core.package_identification:_identify(src/mycobot_ros2/mycobot_pro/mycobot_600) by extension 'colcon_meta'
[0.149s] Level 1:colcon.colcon_core.package_identification:_identify(src/mycobot_ros2/mycobot_pro/mycobot_600) by extensions ['ros']
[0.149s] Level 1:colcon.colcon_core.package_identification:_identify(src/mycobot_ros2/mycobot_pro/mycobot_600) by extension 'ros'
[0.150s] DEBUG:colcon.colcon_core.package_identification:Package 'src/mycobot_ros2/mycobot_pro/mycobot_600' with type 'ros.ament_python' and name 'mycobot_600'
[0.150s] Level 1:colcon.colcon_core.package_identification:_identify(src/mycobot_ros2/mycobot_pro/mycobot_630) by extensions ['ignore', 'ignore_ament_install']
[0.150s] Level 1:colcon.colcon_core.package_identification:_identify(src/mycobot_ros2/mycobot_pro/mycobot_630) by extension 'ignore'
[0.150s] Level 1:colcon.colcon_core.package_identification:_identify(src/mycobot_ros2/mycobot_pro/mycobot_630) by extension 'ignore_ament_install'
[0.150s] Level 1:colcon.colcon_core.package_identification:_identify(src/mycobot_ros2/mycobot_pro/mycobot_630) by extensions ['colcon_pkg']
[0.150s] Level 1:colcon.colcon_core.package_identification:_identify(src/mycobot_ros2/mycobot_pro/mycobot_630) by extension 'colcon_pkg'
[0.150s] Level 1:colcon.colcon_core.package_identification:_identify(src/mycobot_ros2/mycobot_pro/mycobot_630) by extensions ['colcon_meta']
[0.150s] Level 1:colcon.colcon_core.package_identification:_identify(src/mycobot_ros2/mycobot_pro/mycobot_630) by extension 'colcon_meta'
[0.150s] Level 1:colcon.colcon_core.package_identification:_identify(src/mycobot_ros2/mycobot_pro/mycobot_630) by extensions ['ros']
[0.150s] Level 1:colcon.colcon_core.package_identification:_identify(src/mycobot_ros2/mycobot_pro/mycobot_630) by extension 'ros'
[0.151s] DEBUG:colcon.colcon_core.package_identification:Package 'src/mycobot_ros2/mycobot_pro/mycobot_630' with type 'ros.ament_python' and name 'mycobot_630'
[0.151s] Level 1:colcon.colcon_core.package_identification:_identify(src/mycobot_ros2/mycobot_pro/mycobot_pro450_interfaces) by extensions ['ignore', 'ignore_ament_install']
[0.152s] Level 1:colcon.colcon_core.package_identification:_identify(src/mycobot_ros2/mycobot_pro/mycobot_pro450_interfaces) by extension 'ignore'
[0.152s] Level 1:colcon.colcon_core.package_identification:_identify(src/mycobot_ros2/mycobot_pro/mycobot_pro450_interfaces) by extension 'ignore_ament_install'
[0.152s] Level 1:colcon.colcon_core.package_identification:_identify(src/mycobot_ros2/mycobot_pro/mycobot_pro450_interfaces) by extensions ['colcon_pkg']
[0.152s] Level 1:colcon.colcon_core.package_identification:_identify(src/mycobot_ros2/mycobot_pro/mycobot_pro450_interfaces) by extension 'colcon_pkg'
[0.152s] Level 1:colcon.colcon_core.package_identification:_identify(src/mycobot_ros2/mycobot_pro/mycobot_pro450_interfaces) by extensions ['colcon_meta']
[0.152s] Level 1:colcon.colcon_core.package_identification:_identify(src/mycobot_ros2/mycobot_pro/mycobot_pro450_interfaces) by extension 'colcon_meta'
[0.152s] Level 1:colcon.colcon_core.package_identification:_identify(src/mycobot_ros2/mycobot_pro/mycobot_pro450_interfaces) by extensions ['ros']
[0.152s] Level 1:colcon.colcon_core.package_identification:_identify(src/mycobot_ros2/mycobot_pro/mycobot_pro450_interfaces) by extension 'ros'
[0.152s] DEBUG:colcon.colcon_core.package_identification:Package 'src/mycobot_ros2/mycobot_pro/mycobot_pro450_interfaces' with type 'ros.ament_cmake' and name 'mycobot_pro450_interfaces'
[0.152s] Level 1:colcon.colcon_core.package_identification:_identify(src/mycobot_ros2/mycobot_pro/mycobot_pro_450) by extensions ['ignore', 'ignore_ament_install']
[0.152s] Level 1:colcon.colcon_core.package_identification:_identify(src/mycobot_ros2/mycobot_pro/mycobot_pro_450) by extension 'ignore'
[0.152s] Level 1:colcon.colcon_core.package_identification:_identify(src/mycobot_ros2/mycobot_pro/mycobot_pro_450) by extension 'ignore_ament_install'
[0.152s] Level 1:colcon.colcon_core.package_identification:_identify(src/mycobot_ros2/mycobot_pro/mycobot_pro_450) by extensions ['colcon_pkg']
[0.152s] Level 1:colcon.colcon_core.package_identification:_identify(src/mycobot_ros2/mycobot_pro/mycobot_pro_450) by extension 'colcon_pkg'
[0.152s] Level 1:colcon.colcon_core.package_identification:_identify(src/mycobot_ros2/mycobot_pro/mycobot_pro_450) by extensions ['colcon_meta']
[0.152s] Level 1:colcon.colcon_core.package_identification:_identify(src/mycobot_ros2/mycobot_pro/mycobot_pro_450) by extension 'colcon_meta'
[0.153s] Level 1:colcon.colcon_core.package_identification:_identify(src/mycobot_ros2/mycobot_pro/mycobot_pro_450) by extensions ['ros']
[0.153s] Level 1:colcon.colcon_core.package_identification:_identify(src/mycobot_ros2/mycobot_pro/mycobot_pro_450) by extension 'ros'
[0.153s] DEBUG:colcon.colcon_core.package_identification:Package 'src/mycobot_ros2/mycobot_pro/mycobot_pro_450' with type 'ros.ament_python' and name 'mycobot_pro_450'
[0.153s] Level 1:colcon.colcon_core.package_identification:_identify(src/mycobot_ros2/mycobot_pro/pro450_moveit2) by extensions ['ignore', 'ignore_ament_install']
[0.153s] Level 1:colcon.colcon_core.package_identification:_identify(src/mycobot_ros2/mycobot_pro/pro450_moveit2) by extension 'ignore'
[0.153s] Level 1:colcon.colcon_core.package_identification:_identify(src/mycobot_ros2/mycobot_pro/pro450_moveit2) by extension 'ignore_ament_install'
[0.153s] Level 1:colcon.colcon_core.package_identification:_identify(src/mycobot_ros2/mycobot_pro/pro450_moveit2) by extensions ['colcon_pkg']
[0.153s] Level 1:colcon.colcon_core.package_identification:_identify(src/mycobot_ros2/mycobot_pro/pro450_moveit2) by extension 'colcon_pkg'
[0.153s] Level 1:colcon.colcon_core.package_identification:_identify(src/mycobot_ros2/mycobot_pro/pro450_moveit2) by extensions ['colcon_meta']
[0.153s] Level 1:colcon.colcon_core.package_identification:_identify(src/mycobot_ros2/mycobot_pro/pro450_moveit2) by extension 'colcon_meta'
[0.153s] Level 1:colcon.colcon_core.package_identification:_identify(src/mycobot_ros2/mycobot_pro/pro450_moveit2) by extensions ['ros']
[0.153s] Level 1:colcon.colcon_core.package_identification:_identify(src/mycobot_ros2/mycobot_pro/pro450_moveit2) by extension 'ros'
[0.154s] DEBUG:colcon.colcon_core.package_identification:Package 'src/mycobot_ros2/mycobot_pro/pro450_moveit2' with type 'ros.ament_cmake' and name 'pro450_moveit2'
[0.154s] Level 1:colcon.colcon_core.package_identification:_identify(src/mycobot_ros2/mycobot_pro/pro450_moveit2_control) by extensions ['ignore', 'ignore_ament_install']
[0.154s] Level 1:colcon.colcon_core.package_identification:_identify(src/mycobot_ros2/mycobot_pro/pro450_moveit2_control) by extension 'ignore'
[0.154s] Level 1:colcon.colcon_core.package_identification:_identify(src/mycobot_ros2/mycobot_pro/pro450_moveit2_control) by extension 'ignore_ament_install'
[0.154s] Level 1:colcon.colcon_core.package_identification:_identify(src/mycobot_ros2/mycobot_pro/pro450_moveit2_control) by extensions ['colcon_pkg']
[0.154s] Level 1:colcon.colcon_core.package_identification:_identify(src/mycobot_ros2/mycobot_pro/pro450_moveit2_control) by extension 'colcon_pkg'
[0.154s] Level 1:colcon.colcon_core.package_identification:_identify(src/mycobot_ros2/mycobot_pro/pro450_moveit2_control) by extensions ['colcon_meta']
[0.154s] Level 1:colcon.colcon_core.package_identification:_identify(src/mycobot_ros2/mycobot_pro/pro450_moveit2_control) by extension 'colcon_meta'
[0.154s] Level 1:colcon.colcon_core.package_identification:_identify(src/mycobot_ros2/mycobot_pro/pro450_moveit2_control) by extensions ['ros']
[0.154s] Level 1:colcon.colcon_core.package_identification:_identify(src/mycobot_ros2/mycobot_pro/pro450_moveit2_control) by extension 'ros'
[0.154s] DEBUG:colcon.colcon_core.package_identification:Package 'src/mycobot_ros2/mycobot_pro/pro450_moveit2_control' with type 'ros.ament_python' and name 'pro450_moveit2_control'
[0.154s] Level 1:colcon.colcon_core.package_identification:_identify(src/mycobot_ros2/mypalletizer_260) by extensions ['ignore', 'ignore_ament_install']
[0.154s] Level 1:colcon.colcon_core.package_identification:_identify(src/mycobot_ros2/mypalletizer_260) by extension 'ignore'
[0.155s] Level 1:colcon.colcon_core.package_identification:_identify(src/mycobot_ros2/mypalletizer_260) by extension 'ignore_ament_install'
[0.155s] Level 1:colcon.colcon_core.package_identification:_identify(src/mycobot_ros2/mypalletizer_260) by extensions ['colcon_pkg']
[0.155s] Level 1:colcon.colcon_core.package_identification:_identify(src/mycobot_ros2/mypalletizer_260) by extension 'colcon_pkg'
[0.155s] Level 1:colcon.colcon_core.package_identification:_identify(src/mycobot_ros2/mypalletizer_260) by extensions ['colcon_meta']
[0.155s] Level 1:colcon.colcon_core.package_identification:_identify(src/mycobot_ros2/mypalletizer_260) by extension 'colcon_meta'
[0.155s] Level 1:colcon.colcon_core.package_identification:_identify(src/mycobot_ros2/mypalletizer_260) by extensions ['ros']
[0.155s] Level 1:colcon.colcon_core.package_identification:_identify(src/mycobot_ros2/mypalletizer_260) by extension 'ros'
[0.155s] Level 1:colcon.colcon_core.package_identification:_identify(src/mycobot_ros2/mypalletizer_260) by extensions ['cmake', 'python']
[0.155s] Level 1:colcon.colcon_core.package_identification:_identify(src/mycobot_ros2/mypalletizer_260) by extension 'cmake'
[0.155s] Level 1:colcon.colcon_core.package_identification:_identify(src/mycobot_ros2/mypalletizer_260) by extension 'python'
[0.155s] Level 1:colcon.colcon_core.package_identification:_identify(src/mycobot_ros2/mypalletizer_260) by extensions ['python_setup_py']
[0.155s] Level 1:colcon.colcon_core.package_identification:_identify(src/mycobot_ros2/mypalletizer_260) by extension 'python_setup_py'
[0.155s] Level 1:colcon.colcon_core.package_identification:_identify(src/mycobot_ros2/mypalletizer_260/mypalletizer_260) by extensions ['ignore', 'ignore_ament_install']
[0.155s] Level 1:colcon.colcon_core.package_identification:_identify(src/mycobot_ros2/mypalletizer_260/mypalletizer_260) by extension 'ignore'
[0.155s] Level 1:colcon.colcon_core.package_identification:_identify(src/mycobot_ros2/mypalletizer_260/mypalletizer_260) by extension 'ignore_ament_install'
[0.155s] Level 1:colcon.colcon_core.package_identification:_identify(src/mycobot_ros2/mypalletizer_260/mypalletizer_260) by extensions ['colcon_pkg']
[0.155s] Level 1:colcon.colcon_core.package_identification:_identify(src/mycobot_ros2/mypalletizer_260/mypalletizer_260) by extension 'colcon_pkg'
[0.155s] Level 1:colcon.colcon_core.package_identification:_identify(src/mycobot_ros2/mypalletizer_260/mypalletizer_260) by extensions ['colcon_meta']
[0.155s] Level 1:colcon.colcon_core.package_identification:_identify(src/mycobot_ros2/mypalletizer_260/mypalletizer_260) by extension 'colcon_meta'
[0.155s] Level 1:colcon.colcon_core.package_identification:_identify(src/mycobot_ros2/mypalletizer_260/mypalletizer_260) by extensions ['ros']
[0.155s] Level 1:colcon.colcon_core.package_identification:_identify(src/mycobot_ros2/mypalletizer_260/mypalletizer_260) by extension 'ros'
[0.155s] DEBUG:colcon.colcon_core.package_identification:Package 'src/mycobot_ros2/mypalletizer_260/mypalletizer_260' with type 'ros.ament_python' and name 'mypalletizer_260'
[0.156s] Level 1:colcon.colcon_core.package_identification:_identify(src/mycobot_ros2/mypalletizer_260/mypalletizer_260_pi) by extensions ['ignore', 'ignore_ament_install']
[0.156s] Level 1:colcon.colcon_core.package_identification:_identify(src/mycobot_ros2/mypalletizer_260/mypalletizer_260_pi) by extension 'ignore'
[0.156s] Level 1:colcon.colcon_core.package_identification:_identify(src/mycobot_ros2/mypalletizer_260/mypalletizer_260_pi) by extension 'ignore_ament_install'
[0.156s] Level 1:colcon.colcon_core.package_identification:_identify(src/mycobot_ros2/mypalletizer_260/mypalletizer_260_pi) by extensions ['colcon_pkg']
[0.156s] Level 1:colcon.colcon_core.package_identification:_identify(src/mycobot_ros2/mypalletizer_260/mypalletizer_260_pi) by extension 'colcon_pkg'
[0.156s] Level 1:colcon.colcon_core.package_identification:_identify(src/mycobot_ros2/mypalletizer_260/mypalletizer_260_pi) by extensions ['colcon_meta']
[0.156s] Level 1:colcon.colcon_core.package_identification:_identify(src/mycobot_ros2/mypalletizer_260/mypalletizer_260_pi) by extension 'colcon_meta'
[0.156s] Level 1:colcon.colcon_core.package_identification:_identify(src/mycobot_ros2/mypalletizer_260/mypalletizer_260_pi) by extensions ['ros']
[0.156s] Level 1:colcon.colcon_core.package_identification:_identify(src/mycobot_ros2/mypalletizer_260/mypalletizer_260_pi) by extension 'ros'
[0.156s] DEBUG:colcon.colcon_core.package_identification:Package 'src/mycobot_ros2/mypalletizer_260/mypalletizer_260_pi' with type 'ros.ament_python' and name 'mypalletizer_260_pi'
[0.156s] Level 1:colcon.colcon_core.package_identification:_identify(src/mycobot_ros2/mypalletizer_260/mypalletizer_communication) by extensions ['ignore', 'ignore_ament_install']
[0.156s] Level 1:colcon.colcon_core.package_identification:_identify(src/mycobot_ros2/mypalletizer_260/mypalletizer_communication) by extension 'ignore'
[0.156s] Level 1:colcon.colcon_core.package_identification:_identify(src/mycobot_ros2/mypalletizer_260/mypalletizer_communication) by extension 'ignore_ament_install'
[0.156s] Level 1:colcon.colcon_core.package_identification:_identify(src/mycobot_ros2/mypalletizer_260/mypalletizer_communication) by extensions ['colcon_pkg']
[0.156s] Level 1:colcon.colcon_core.package_identification:_identify(src/mycobot_ros2/mypalletizer_260/mypalletizer_communication) by extension 'colcon_pkg'
[0.156s] Level 1:colcon.colcon_core.package_identification:_identify(src/mycobot_ros2/mypalletizer_260/mypalletizer_communication) by extensions ['colcon_meta']
[0.156s] Level 1:colcon.colcon_core.package_identification:_identify(src/mycobot_ros2/mypalletizer_260/mypalletizer_communication) by extension 'colcon_meta'
[0.156s] Level 1:colcon.colcon_core.package_identification:_identify(src/mycobot_ros2/mypalletizer_260/mypalletizer_communication) by extensions ['ros']
[0.156s] Level 1:colcon.colcon_core.package_identification:_identify(src/mycobot_ros2/mypalletizer_260/mypalletizer_communication) by extension 'ros'
[0.157s] DEBUG:colcon.colcon_core.package_identification:Package 'src/mycobot_ros2/mypalletizer_260/mypalletizer_communication' with type 'ros.ament_python' and name 'mypalletizer_communication'
[0.157s] Level 1:colcon.colcon_core.package_identification:_identify(src/mycobot_ros2/mypalletizer_260/mypalletizer_interfaces) by extensions ['ignore', 'ignore_ament_install']
[0.157s] Level 1:colcon.colcon_core.package_identification:_identify(src/mycobot_ros2/mypalletizer_260/mypalletizer_interfaces) by extension 'ignore'
[0.157s] Level 1:colcon.colcon_core.package_identification:_identify(src/mycobot_ros2/mypalletizer_260/mypalletizer_interfaces) by extension 'ignore_ament_install'
[0.157s] Level 1:colcon.colcon_core.package_identification:_identify(src/mycobot_ros2/mypalletizer_260/mypalletizer_interfaces) by extensions ['colcon_pkg']
[0.157s] Level 1:colcon.colcon_core.package_identification:_identify(src/mycobot_ros2/mypalletizer_260/mypalletizer_interfaces) by extension 'colcon_pkg'
[0.157s] Level 1:colcon.colcon_core.package_identification:_identify(src/mycobot_ros2/mypalletizer_260/mypalletizer_interfaces) by extensions ['colcon_meta']
[0.157s] Level 1:colcon.colcon_core.package_identification:_identify(src/mycobot_ros2/mypalletizer_260/mypalletizer_interfaces) by extension 'colcon_meta'
[0.157s] Level 1:colcon.colcon_core.package_identification:_identify(src/mycobot_ros2/mypalletizer_260/mypalletizer_interfaces) by extensions ['ros']
[0.157s] Level 1:colcon.colcon_core.package_identification:_identify(src/mycobot_ros2/mypalletizer_260/mypalletizer_interfaces) by extension 'ros'
[0.157s] DEBUG:colcon.colcon_core.package_identification:Package 'src/mycobot_ros2/mypalletizer_260/mypalletizer_interfaces' with type 'ros.ament_cmake' and name 'mypalletizer_interfaces'
[0.157s] Level 1:colcon.colcon_core.package_identification:_identify(src/mycobot_ros2/ultraArm) by extensions ['ignore', 'ignore_ament_install']
[0.157s] Level 1:colcon.colcon_core.package_identification:_identify(src/mycobot_ros2/ultraArm) by extension 'ignore'
[0.157s] Level 1:colcon.colcon_core.package_identification:_identify(src/mycobot_ros2/ultraArm) by extension 'ignore_ament_install'
[0.158s] Level 1:colcon.colcon_core.package_identification:_identify(src/mycobot_ros2/ultraArm) by extensions ['colcon_pkg']
[0.158s] Level 1:colcon.colcon_core.package_identification:_identify(src/mycobot_ros2/ultraArm) by extension 'colcon_pkg'
[0.158s] Level 1:colcon.colcon_core.package_identification:_identify(src/mycobot_ros2/ultraArm) by extensions ['colcon_meta']
[0.158s] Level 1:colcon.colcon_core.package_identification:_identify(src/mycobot_ros2/ultraArm) by extension 'colcon_meta'
[0.158s] Level 1:colcon.colcon_core.package_identification:_identify(src/mycobot_ros2/ultraArm) by extensions ['ros']
[0.158s] Level 1:colcon.colcon_core.package_identification:_identify(src/mycobot_ros2/ultraArm) by extension 'ros'
[0.158s] Level 1:colcon.colcon_core.package_identification:_identify(src/mycobot_ros2/ultraArm) by extensions ['cmake', 'python']
[0.158s] Level 1:colcon.colcon_core.package_identification:_identify(src/mycobot_ros2/ultraArm) by extension 'cmake'
[0.158s] Level 1:colcon.colcon_core.package_identification:_identify(src/mycobot_ros2/ultraArm) by extension 'python'
[0.158s] Level 1:colcon.colcon_core.package_identification:_identify(src/mycobot_ros2/ultraArm) by extensions ['python_setup_py']
[0.158s] Level 1:colcon.colcon_core.package_identification:_identify(src/mycobot_ros2/ultraArm) by extension 'python_setup_py'
[0.158s] Level 1:colcon.colcon_core.package_identification:_identify(src/mycobot_ros2/ultraArm/ultraArm_Testtool) by extensions ['ignore', 'ignore_ament_install']
[0.158s] Level 1:colcon.colcon_core.package_identification:_identify(src/mycobot_ros2/ultraArm/ultraArm_Testtool) by extension 'ignore'
[0.158s] Level 1:colcon.colcon_core.package_identification:_identify(src/mycobot_ros2/ultraArm/ultraArm_Testtool) by extension 'ignore_ament_install'
[0.158s] Level 1:colcon.colcon_core.package_identification:_identify(src/mycobot_ros2/ultraArm/ultraArm_Testtool) by extensions ['colcon_pkg']
[0.158s] Level 1:colcon.colcon_core.package_identification:_identify(src/mycobot_ros2/ultraArm/ultraArm_Testtool) by extension 'colcon_pkg'
[0.158s] Level 1:colcon.colcon_core.package_identification:_identify(src/mycobot_ros2/ultraArm/ultraArm_Testtool) by extensions ['colcon_meta']
[0.158s] Level 1:colcon.colcon_core.package_identification:_identify(src/mycobot_ros2/ultraArm/ultraArm_Testtool) by extension 'colcon_meta'
[0.158s] Level 1:colcon.colcon_core.package_identification:_identify(src/mycobot_ros2/ultraArm/ultraArm_Testtool) by extensions ['ros']
[0.158s] Level 1:colcon.colcon_core.package_identification:_identify(src/mycobot_ros2/ultraArm/ultraArm_Testtool) by extension 'ros'
[0.158s] Level 1:colcon.colcon_core.package_identification:_identify(src/mycobot_ros2/ultraArm/ultraArm_Testtool) by extensions ['cmake', 'python']
[0.158s] Level 1:colcon.colcon_core.package_identification:_identify(src/mycobot_ros2/ultraArm/ultraArm_Testtool) by extension 'cmake'
[0.158s] Level 1:colcon.colcon_core.package_identification:_identify(src/mycobot_ros2/ultraArm/ultraArm_Testtool) by extension 'python'
[0.158s] Level 1:colcon.colcon_core.package_identification:_identify(src/mycobot_ros2/ultraArm/ultraArm_Testtool) by extensions ['python_setup_py']
[0.158s] Level 1:colcon.colcon_core.package_identification:_identify(src/mycobot_ros2/ultraArm/ultraArm_Testtool) by extension 'python_setup_py'
[0.158s] Level 1:colcon.colcon_core.package_identification:_identify(src/mycobot_ros2/ultraArm/ultraArm_Testtool/__pycache__) by extensions ['ignore', 'ignore_ament_install']
[0.158s] Level 1:colcon.colcon_core.package_identification:_identify(src/mycobot_ros2/ultraArm/ultraArm_Testtool/__pycache__) by extension 'ignore'
[0.158s] Level 1:colcon.colcon_core.package_identification:_identify(src/mycobot_ros2/ultraArm/ultraArm_Testtool/__pycache__) by extension 'ignore_ament_install'
[0.158s] Level 1:colcon.colcon_core.package_identification:_identify(src/mycobot_ros2/ultraArm/ultraArm_Testtool/__pycache__) by extensions ['colcon_pkg']
[0.158s] Level 1:colcon.colcon_core.package_identification:_identify(src/mycobot_ros2/ultraArm/ultraArm_Testtool/__pycache__) by extension 'colcon_pkg'
[0.158s] Level 1:colcon.colcon_core.package_identification:_identify(src/mycobot_ros2/ultraArm/ultraArm_Testtool/__pycache__) by extensions ['colcon_meta']
[0.158s] Level 1:colcon.colcon_core.package_identification:_identify(src/mycobot_ros2/ultraArm/ultraArm_Testtool/__pycache__) by extension 'colcon_meta'
[0.158s] Level 1:colcon.colcon_core.package_identification:_identify(src/mycobot_ros2/ultraArm/ultraArm_Testtool/__pycache__) by extensions ['ros']
[0.158s] Level 1:colcon.colcon_core.package_identification:_identify(src/mycobot_ros2/ultraArm/ultraArm_Testtool/__pycache__) by extension 'ros'
[0.159s] Level 1:colcon.colcon_core.package_identification:_identify(src/mycobot_ros2/ultraArm/ultraArm_Testtool/__pycache__) by extensions ['cmake', 'python']
[0.159s] Level 1:colcon.colcon_core.package_identification:_identify(src/mycobot_ros2/ultraArm/ultraArm_Testtool/__pycache__) by extension 'cmake'
[0.159s] Level 1:colcon.colcon_core.package_identification:_identify(src/mycobot_ros2/ultraArm/ultraArm_Testtool/__pycache__) by extension 'python'
[0.159s] Level 1:colcon.colcon_core.package_identification:_identify(src/mycobot_ros2/ultraArm/ultraArm_Testtool/__pycache__) by extensions ['python_setup_py']
[0.159s] Level 1:colcon.colcon_core.package_identification:_identify(src/mycobot_ros2/ultraArm/ultraArm_Testtool/__pycache__) by extension 'python_setup_py'
[0.159s] Level 1:colcon.colcon_core.package_identification:_identify(src/mycobot_ros2/ultraArm/ultraarm) by extensions ['ignore', 'ignore_ament_install']
[0.159s] Level 1:colcon.colcon_core.package_identification:_identify(src/mycobot_ros2/ultraArm/ultraarm) by extension 'ignore'
[0.159s] Level 1:colcon.colcon_core.package_identification:_identify(src/mycobot_ros2/ultraArm/ultraarm) by extension 'ignore_ament_install'
[0.159s] Level 1:colcon.colcon_core.package_identification:_identify(src/mycobot_ros2/ultraArm/ultraarm) by extensions ['colcon_pkg']
[0.159s] Level 1:colcon.colcon_core.package_identification:_identify(src/mycobot_ros2/ultraArm/ultraarm) by extension 'colcon_pkg'
[0.159s] Level 1:colcon.colcon_core.package_identification:_identify(src/mycobot_ros2/ultraArm/ultraarm) by extensions ['colcon_meta']
[0.159s] Level 1:colcon.colcon_core.package_identification:_identify(src/mycobot_ros2/ultraArm/ultraarm) by extension 'colcon_meta'
[0.159s] Level 1:colcon.colcon_core.package_identification:_identify(src/mycobot_ros2/ultraArm/ultraarm) by extensions ['ros']
[0.159s] Level 1:colcon.colcon_core.package_identification:_identify(src/mycobot_ros2/ultraArm/ultraarm) by extension 'ros'
[0.159s] DEBUG:colcon.colcon_core.package_identification:Package 'src/mycobot_ros2/ultraArm/ultraarm' with type 'ros.ament_python' and name 'ultraarm'
[0.159s] Level 1:colcon.colcon_core.package_discovery:discover_packages(recursive) using defaults
[0.159s] Level 1:colcon.colcon_core.package_discovery:discover_packages(ignore) discover
[0.159s] Level 1:colcon.colcon_core.package_discovery:discover_packages(ignore) using defaults
[0.159s] Level 1:colcon.colcon_core.package_discovery:discover_packages(path) discover
[0.159s] Level 1:colcon.colcon_core.package_discovery:discover_packages(path) using defaults
[0.179s] Level 1:colcon.colcon_core.package_discovery:discover_packages(prefix_path) check parameters
[0.179s] Level 1:colcon.colcon_core.package_discovery:discover_packages(prefix_path) discover
[0.181s] DEBUG:colcon.colcon_installed_package_information.package_discovery:Found 38 installed packages in /home/amin/cobot/cobot_ws/install
[0.183s] DEBUG:colcon.colcon_installed_package_information.package_discovery:Found 416 installed packages in /opt/ros/jazzy
[0.183s] Level 1:colcon.colcon_core.package_discovery:discover_packages(prefix_path) using defaults
[0.228s] Level 5:colcon.colcon_core.verb:set package 'mecharm_interfaces' build argument 'cmake_args' from command line to 'None'
[0.228s] Level 5:colcon.colcon_core.verb:set package 'mecharm_interfaces' build argument 'cmake_target' from command line to 'None'
[0.228s] Level 5:colcon.colcon_core.verb:set package 'mecharm_interfaces' build argument 'cmake_target_skip_unavailable' from command line to 'False'
[0.228s] Level 5:colcon.colcon_core.verb:set package 'mecharm_interfaces' build argument 'cmake_clean_cache' from command line to 'False'
[0.228s] Level 5:colcon.colcon_core.verb:set package 'mecharm_interfaces' build argument 'cmake_clean_first' from command line to 'False'
[0.228s] Level 5:colcon.colcon_core.verb:set package 'mecharm_interfaces' build argument 'cmake_force_configure' from command line to 'False'
[0.228s] Level 5:colcon.colcon_core.verb:set package 'mecharm_interfaces' build argument 'ament_cmake_args' from command line to 'None'
[0.228s] Level 5:colcon.colcon_core.verb:set package 'mecharm_interfaces' build argument 'catkin_cmake_args' from command line to 'None'
[0.228s] Level 5:colcon.colcon_core.verb:set package 'mecharm_interfaces' build argument 'catkin_skip_building_tests' from command line to 'False'
[0.228s] DEBUG:colcon.colcon_core.verb:Building package 'mecharm_interfaces' with the following arguments: {'ament_cmake_args': None, 'build_base': '/home/amin/cobot/cobot_ws/build/mecharm_interfaces', 'catkin_cmake_args': None, 'catkin_skip_building_tests': False, 'cmake_args': None, 'cmake_clean_cache': False, 'cmake_clean_first': False, 'cmake_force_configure': False, 'cmake_target': None, 'cmake_target_skip_unavailable': False, 'install_base': '/home/amin/cobot/cobot_ws/install/mecharm_interfaces', 'merge_install': False, 'path': '/home/amin/cobot/cobot_ws/src/mycobot_ros2/mecharm/mecharm_interfaces', 'symlink_install': False, 'test_result_base': None}
[0.228s] Level 5:colcon.colcon_core.verb:set package 'mycobot_description' build argument 'cmake_args' from command line to 'None'
[0.228s] Level 5:colcon.colcon_core.verb:set package 'mycobot_description' build argument 'cmake_target' from command line to 'None'
[0.228s] Level 5:colcon.colcon_core.verb:set package 'mycobot_description' build argument 'cmake_target_skip_unavailable' from command line to 'False'
[0.228s] Level 5:colcon.colcon_core.verb:set package 'mycobot_description' build argument 'cmake_clean_cache' from command line to 'False'
[0.228s] Level 5:colcon.colcon_core.verb:set package 'mycobot_description' build argument 'cmake_clean_first' from command line to 'False'
[0.228s] Level 5:colcon.colcon_core.verb:set package 'mycobot_description' build argument 'cmake_force_configure' from command line to 'False'
[0.228s] Level 5:colcon.colcon_core.verb:set package 'mycobot_description' build argument 'ament_cmake_args' from command line to 'None'
[0.228s] Level 5:colcon.colcon_core.verb:set package 'mycobot_description' build argument 'catkin_cmake_args' from command line to 'None'
[0.229s] Level 5:colcon.colcon_core.verb:set package 'mycobot_description' build argument 'catkin_skip_building_tests' from command line to 'False'
[0.229s] DEBUG:colcon.colcon_core.verb:Building package 'mycobot_description' with the following arguments: {'ament_cmake_args': None, 'build_base': '/home/amin/cobot/cobot_ws/build/mycobot_description', 'catkin_cmake_args': None, 'catkin_skip_building_tests': False, 'cmake_args': None, 'cmake_clean_cache': False, 'cmake_clean_first': False, 'cmake_force_configure': False, 'cmake_target': None, 'cmake_target_skip_unavailable': False, 'install_base': '/home/amin/cobot/cobot_ws/install/mycobot_description', 'merge_install': False, 'path': '/home/amin/cobot/cobot_ws/src/mycobot_ros2/mycobot_description', 'symlink_install': False, 'test_result_base': None}
[0.229s] Level 5:colcon.colcon_core.verb:set package 'mycobot_interfaces' build argument 'cmake_args' from command line to 'None'
[0.229s] Level 5:colcon.colcon_core.verb:set package 'mycobot_interfaces' build argument 'cmake_target' from command line to 'None'
[0.229s] Level 5:colcon.colcon_core.verb:set package 'mycobot_interfaces' build argument 'cmake_target_skip_unavailable' from command line to 'False'
[0.229s] Level 5:colcon.colcon_core.verb:set package 'mycobot_interfaces' build argument 'cmake_clean_cache' from command line to 'False'
[0.229s] Level 5:colcon.colcon_core.verb:set package 'mycobot_interfaces' build argument 'cmake_clean_first' from command line to 'False'
[0.229s] Level 5:colcon.colcon_core.verb:set package 'mycobot_interfaces' build argument 'cmake_force_configure' from command line to 'False'
[0.229s] Level 5:colcon.colcon_core.verb:set package 'mycobot_interfaces' build argument 'ament_cmake_args' from command line to 'None'
[0.229s] Level 5:colcon.colcon_core.verb:set package 'mycobot_interfaces' build argument 'catkin_cmake_args' from command line to 'None'
[0.229s] Level 5:colcon.colcon_core.verb:set package 'mycobot_interfaces' build argument 'catkin_skip_building_tests' from command line to 'False'
[0.229s] DEBUG:colcon.colcon_core.verb:Building package 'mycobot_interfaces' with the following arguments: {'ament_cmake_args': None, 'build_base': '/home/amin/cobot/cobot_ws/build/mycobot_interfaces', 'catkin_cmake_args': None, 'catkin_skip_building_tests': False, 'cmake_args': None, 'cmake_clean_cache': False, 'cmake_clean_first': False, 'cmake_force_configure': False, 'cmake_target': None, 'cmake_target_skip_unavailable': False, 'install_base': '/home/amin/cobot/cobot_ws/install/mycobot_interfaces', 'merge_install': False, 'path': '/home/amin/cobot/cobot_ws/src/mycobot_ros2/mycobot_280/mycobot_interfaces', 'symlink_install': False, 'test_result_base': None}
[0.229s] Level 5:colcon.colcon_core.verb:set package 'mycobot_pro450_interfaces' build argument 'cmake_args' from command line to 'None'
[0.229s] Level 5:colcon.colcon_core.verb:set package 'mycobot_pro450_interfaces' build argument 'cmake_target' from command line to 'None'
[0.229s] Level 5:colcon.colcon_core.verb:set package 'mycobot_pro450_interfaces' build argument 'cmake_target_skip_unavailable' from command line to 'False'
[0.229s] Level 5:colcon.colcon_core.verb:set package 'mycobot_pro450_interfaces' build argument 'cmake_clean_cache' from command line to 'False'
[0.229s] Level 5:colcon.colcon_core.verb:set package 'mycobot_pro450_interfaces' build argument 'cmake_clean_first' from command line to 'False'
[0.229s] Level 5:colcon.colcon_core.verb:set package 'mycobot_pro450_interfaces' build argument 'cmake_force_configure' from command line to 'False'
[0.229s] Level 5:colcon.colcon_core.verb:set package 'mycobot_pro450_interfaces' build argument 'ament_cmake_args' from command line to 'None'
[0.229s] Level 5:colcon.colcon_core.verb:set package 'mycobot_pro450_interfaces' build argument 'catkin_cmake_args' from command line to 'None'
[0.229s] Level 5:colcon.colcon_core.verb:set package 'mycobot_pro450_interfaces' build argument 'catkin_skip_building_tests' from command line to 'False'
[0.229s] DEBUG:colcon.colcon_core.verb:Building package 'mycobot_pro450_interfaces' with the following arguments: {'ament_cmake_args': None, 'build_base': '/home/amin/cobot/cobot_ws/build/mycobot_pro450_interfaces', 'catkin_cmake_args': None, 'catkin_skip_building_tests': False, 'cmake_args': None, 'cmake_clean_cache': False, 'cmake_clean_first': False, 'cmake_force_configure': False, 'cmake_target': None, 'cmake_target_skip_unavailable': False, 'install_base': '/home/amin/cobot/cobot_ws/install/mycobot_pro450_interfaces', 'merge_install': False, 'path': '/home/amin/cobot/cobot_ws/src/mycobot_ros2/mycobot_pro/mycobot_pro450_interfaces', 'symlink_install': False, 'test_result_base': None}
[0.229s] Level 5:colcon.colcon_core.verb:set package 'mypalletizer_interfaces' build argument 'cmake_args' from command line to 'None'
[0.229s] Level 5:colcon.colcon_core.verb:set package 'mypalletizer_interfaces' build argument 'cmake_target' from command line to 'None'
[0.229s] Level 5:colcon.colcon_core.verb:set package 'mypalletizer_interfaces' build argument 'cmake_target_skip_unavailable' from command line to 'False'
[0.229s] Level 5:colcon.colcon_core.verb:set package 'mypalletizer_interfaces' build argument 'cmake_clean_cache' from command line to 'False'
[0.229s] Level 5:colcon.colcon_core.verb:set package 'mypalletizer_interfaces' build argument 'cmake_clean_first' from command line to 'False'
[0.229s] Level 5:colcon.colcon_core.verb:set package 'mypalletizer_interfaces' build argument 'cmake_force_configure' from command line to 'False'
[0.229s] Level 5:colcon.colcon_core.verb:set package 'mypalletizer_interfaces' build argument 'ament_cmake_args' from command line to 'None'
[0.229s] Level 5:colcon.colcon_core.verb:set package 'mypalletizer_interfaces' build argument 'catkin_cmake_args' from command line to 'None'
[0.229s] Level 5:colcon.colcon_core.verb:set package 'mypalletizer_interfaces' build argument 'catkin_skip_building_tests' from command line to 'False'
[0.229s] DEBUG:colcon.colcon_core.verb:Building package 'mypalletizer_interfaces' with the following arguments: {'ament_cmake_args': None, 'build_base': '/home/amin/cobot/cobot_ws/build/mypalletizer_interfaces', 'catkin_cmake_args': None, 'catkin_skip_building_tests': False, 'cmake_args': None, 'cmake_clean_cache': False, 'cmake_clean_first': False, 'cmake_force_configure': False, 'cmake_target': None, 'cmake_target_skip_unavailable': False, 'install_base': '/home/amin/cobot/cobot_ws/install/mypalletizer_interfaces', 'merge_install': False, 'path': '/home/amin/cobot/cobot_ws/src/mycobot_ros2/mypalletizer_260/mypalletizer_interfaces', 'symlink_install': False, 'test_result_base': None}
[0.229s] Level 5:colcon.colcon_core.verb:set package 'mecharm' build argument 'cmake_args' from command line to 'None'
[0.230s] Level 5:colcon.colcon_core.verb:set package 'mecharm' build argument 'cmake_target' from command line to 'None'
[0.230s] Level 5:colcon.colcon_core.verb:set package 'mecharm' build argument 'cmake_target_skip_unavailable' from command line to 'False'
[0.230s] Level 5:colcon.colcon_core.verb:set package 'mecharm' build argument 'cmake_clean_cache' from command line to 'False'
[0.230s] Level 5:colcon.colcon_core.verb:set package 'mecharm' build argument 'cmake_clean_first' from command line to 'False'
[0.230s] Level 5:colcon.colcon_core.verb:set package 'mecharm' build argument 'cmake_force_configure' from command line to 'False'
[0.230s] Level 5:colcon.colcon_core.verb:set package 'mecharm' build argument 'ament_cmake_args' from command line to 'None'
[0.230s] Level 5:colcon.colcon_core.verb:set package 'mecharm' build argument 'catkin_cmake_args' from command line to 'None'
[0.230s] Level 5:colcon.colcon_core.verb:set package 'mecharm' build argument 'catkin_skip_building_tests' from command line to 'False'
[0.230s] DEBUG:colcon.colcon_core.verb:Building package 'mecharm' with the following arguments: {'ament_cmake_args': None, 'build_base': '/home/amin/cobot/cobot_ws/build/mecharm', 'catkin_cmake_args': None, 'catkin_skip_building_tests': False, 'cmake_args': None, 'cmake_clean_cache': False, 'cmake_clean_first': False, 'cmake_force_configure': False, 'cmake_target': None, 'cmake_target_skip_unavailable': False, 'install_base': '/home/amin/cobot/cobot_ws/install/mecharm', 'merge_install': False, 'path': '/home/amin/cobot/cobot_ws/src/mycobot_ros2/mecharm/mecharm', 'symlink_install': False, 'test_result_base': None}
[0.230s] Level 5:colcon.colcon_core.verb:set package 'mecharm_communication' build argument 'cmake_args' from command line to 'None'
[0.230s] Level 5:colcon.colcon_core.verb:set package 'mecharm_communication' build argument 'cmake_target' from command line to 'None'
[0.230s] Level 5:colcon.colcon_core.verb:set package 'mecharm_communication' build argument 'cmake_target_skip_unavailable' from command line to 'False'
[0.230s] Level 5:colcon.colcon_core.verb:set package 'mecharm_communication' build argument 'cmake_clean_cache' from command line to 'False'
[0.230s] Level 5:colcon.colcon_core.verb:set package 'mecharm_communication' build argument 'cmake_clean_first' from command line to 'False'
[0.230s] Level 5:colcon.colcon_core.verb:set package 'mecharm_communication' build argument 'cmake_force_configure' from command line to 'False'
[0.230s] Level 5:colcon.colcon_core.verb:set package 'mecharm_communication' build argument 'ament_cmake_args' from command line to 'None'
[0.230s] Level 5:colcon.colcon_core.verb:set package 'mecharm_communication' build argument 'catkin_cmake_args' from command line to 'None'
[0.230s] Level 5:colcon.colcon_core.verb:set package 'mecharm_communication' build argument 'catkin_skip_building_tests' from command line to 'False'
[0.230s] DEBUG:colcon.colcon_core.verb:Building package 'mecharm_communication' with the following arguments: {'ament_cmake_args': None, 'build_base': '/home/amin/cobot/cobot_ws/build/mecharm_communication', 'catkin_cmake_args': None, 'catkin_skip_building_tests': False, 'cmake_args': None, 'cmake_clean_cache': False, 'cmake_clean_first': False, 'cmake_force_configure': False, 'cmake_target': None, 'cmake_target_skip_unavailable': False, 'install_base': '/home/amin/cobot/cobot_ws/install/mecharm_communication', 'merge_install': False, 'path': '/home/amin/cobot/cobot_ws/src/mycobot_ros2/mecharm/mecharm_communication', 'symlink_install': False, 'test_result_base': None}
[0.230s] Level 5:colcon.colcon_core.verb:set package 'mecharm_pi' build argument 'cmake_args' from command line to 'None'
[0.230s] Level 5:colcon.colcon_core.verb:set package 'mecharm_pi' build argument 'cmake_target' from command line to 'None'
[0.230s] Level 5:colcon.colcon_core.verb:set package 'mecharm_pi' build argument 'cmake_target_skip_unavailable' from command line to 'False'
[0.230s] Level 5:colcon.colcon_core.verb:set package 'mecharm_pi' build argument 'cmake_clean_cache' from command line to 'False'
[0.230s] Level 5:colcon.colcon_core.verb:set package 'mecharm_pi' build argument 'cmake_clean_first' from command line to 'False'
[0.230s] Level 5:colcon.colcon_core.verb:set package 'mecharm_pi' build argument 'cmake_force_configure' from command line to 'False'
[0.230s] Level 5:colcon.colcon_core.verb:set package 'mecharm_pi' build argument 'ament_cmake_args' from command line to 'None'
[0.230s] Level 5:colcon.colcon_core.verb:set package 'mecharm_pi' build argument 'catkin_cmake_args' from command line to 'None'
[0.230s] Level 5:colcon.colcon_core.verb:set package 'mecharm_pi' build argument 'catkin_skip_building_tests' from command line to 'False'
[0.230s] DEBUG:colcon.colcon_core.verb:Building package 'mecharm_pi' with the following arguments: {'ament_cmake_args': None, 'build_base': '/home/amin/cobot/cobot_ws/build/mecharm_pi', 'catkin_cmake_args': None, 'catkin_skip_building_tests': False, 'cmake_args': None, 'cmake_clean_cache': False, 'cmake_clean_first': False, 'cmake_force_configure': False, 'cmake_target': None, 'cmake_target_skip_unavailable': False, 'install_base': '/home/amin/cobot/cobot_ws/install/mecharm_pi', 'merge_install': False, 'path': '/home/amin/cobot/cobot_ws/src/mycobot_ros2/mecharm/mecharm_pi', 'symlink_install': False, 'test_result_base': None}
[0.230s] Level 5:colcon.colcon_core.verb:set package 'myarm_300' build argument 'cmake_args' from command line to 'None'
[0.230s] Level 5:colcon.colcon_core.verb:set package 'myarm_300' build argument 'cmake_target' from command line to 'None'
[0.230s] Level 5:colcon.colcon_core.verb:set package 'myarm_300' build argument 'cmake_target_skip_unavailable' from command line to 'False'
[0.230s] Level 5:colcon.colcon_core.verb:set package 'myarm_300' build argument 'cmake_clean_cache' from command line to 'False'
[0.230s] Level 5:colcon.colcon_core.verb:set package 'myarm_300' build argument 'cmake_clean_first' from command line to 'False'
[0.230s] Level 5:colcon.colcon_core.verb:set package 'myarm_300' build argument 'cmake_force_configure' from command line to 'False'
[0.230s] Level 5:colcon.colcon_core.verb:set package 'myarm_300' build argument 'ament_cmake_args' from command line to 'None'
[0.230s] Level 5:colcon.colcon_core.verb:set package 'myarm_300' build argument 'catkin_cmake_args' from command line to 'None'
[0.230s] Level 5:colcon.colcon_core.verb:set package 'myarm_300' build argument 'catkin_skip_building_tests' from command line to 'False'
[0.230s] DEBUG:colcon.colcon_core.verb:Building package 'myarm_300' with the following arguments: {'ament_cmake_args': None, 'build_base': '/home/amin/cobot/cobot_ws/build/myarm_300', 'catkin_cmake_args': None, 'catkin_skip_building_tests': False, 'cmake_args': None, 'cmake_clean_cache': False, 'cmake_clean_first': False, 'cmake_force_configure': False, 'cmake_target': None, 'cmake_target_skip_unavailable': False, 'install_base': '/home/amin/cobot/cobot_ws/install/myarm_300', 'merge_install': False, 'path': '/home/amin/cobot/cobot_ws/src/mycobot_ros2/myArm/myarm_300', 'symlink_install': False, 'test_result_base': None}
[0.231s] Level 5:colcon.colcon_core.verb:set package 'mybuddy' build argument 'cmake_args' from command line to 'None'
[0.231s] Level 5:colcon.colcon_core.verb:set package 'mybuddy' build argument 'cmake_target' from command line to 'None'
[0.231s] Level 5:colcon.colcon_core.verb:set package 'mybuddy' build argument 'cmake_target_skip_unavailable' from command line to 'False'
[0.231s] Level 5:colcon.colcon_core.verb:set package 'mybuddy' build argument 'cmake_clean_cache' from command line to 'False'
[0.231s] Level 5:colcon.colcon_core.verb:set package 'mybuddy' build argument 'cmake_clean_first' from command line to 'False'
[0.231s] Level 5:colcon.colcon_core.verb:set package 'mybuddy' build argument 'cmake_force_configure' from command line to 'False'
[0.231s] Level 5:colcon.colcon_core.verb:set package 'mybuddy' build argument 'ament_cmake_args' from command line to 'None'
[0.231s] Level 5:colcon.colcon_core.verb:set package 'mybuddy' build argument 'catkin_cmake_args' from command line to 'None'
[0.231s] Level 5:colcon.colcon_core.verb:set package 'mybuddy' build argument 'catkin_skip_building_tests' from command line to 'False'
[0.231s] DEBUG:colcon.colcon_core.verb:Building package 'mybuddy' with the following arguments: {'ament_cmake_args': None, 'build_base': '/home/amin/cobot/cobot_ws/build/mybuddy', 'catkin_cmake_args': None, 'catkin_skip_building_tests': False, 'cmake_args': None, 'cmake_clean_cache': False, 'cmake_clean_first': False, 'cmake_force_configure': False, 'cmake_target': None, 'cmake_target_skip_unavailable': False, 'install_base': '/home/amin/cobot/cobot_ws/install/mybuddy', 'merge_install': False, 'path': '/home/amin/cobot/cobot_ws/src/mycobot_ros2/Mybuddy/mybuddy', 'symlink_install': False, 'test_result_base': None}
[0.231s] Level 5:colcon.colcon_core.verb:set package 'mycobot_280' build argument 'cmake_args' from command line to 'None'
[0.231s] Level 5:colcon.colcon_core.verb:set package 'mycobot_280' build argument 'cmake_target' from command line to 'None'
[0.231s] Level 5:colcon.colcon_core.verb:set package 'mycobot_280' build argument 'cmake_target_skip_unavailable' from command line to 'False'
[0.231s] Level 5:colcon.colcon_core.verb:set package 'mycobot_280' build argument 'cmake_clean_cache' from command line to 'False'
[0.231s] Level 5:colcon.colcon_core.verb:set package 'mycobot_280' build argument 'cmake_clean_first' from command line to 'False'
[0.231s] Level 5:colcon.colcon_core.verb:set package 'mycobot_280' build argument 'cmake_force_configure' from command line to 'False'
[0.231s] Level 5:colcon.colcon_core.verb:set package 'mycobot_280' build argument 'ament_cmake_args' from command line to 'None'
[0.231s] Level 5:colcon.colcon_core.verb:set package 'mycobot_280' build argument 'catkin_cmake_args' from command line to 'None'
[0.231s] Level 5:colcon.colcon_core.verb:set package 'mycobot_280' build argument 'catkin_skip_building_tests' from command line to 'False'
[0.231s] DEBUG:colcon.colcon_core.verb:Building package 'mycobot_280' with the following arguments: {'ament_cmake_args': None, 'build_base': '/home/amin/cobot/cobot_ws/build/mycobot_280', 'catkin_cmake_args': None, 'catkin_skip_building_tests': False, 'cmake_args': None, 'cmake_clean_cache': False, 'cmake_clean_first': False, 'cmake_force_configure': False, 'cmake_target': None, 'cmake_target_skip_unavailable': False, 'install_base': '/home/amin/cobot/cobot_ws/install/mycobot_280', 'merge_install': False, 'path': '/home/amin/cobot/cobot_ws/src/mycobot_ros2/mycobot_280/mycobot_280', 'symlink_install': False, 'test_result_base': None}
[0.231s] Level 5:colcon.colcon_core.verb:set package 'mycobot_280_arduino' build argument 'cmake_args' from command line to 'None'
[0.231s] Level 5:colcon.colcon_core.verb:set package 'mycobot_280_arduino' build argument 'cmake_target' from command line to 'None'
[0.231s] Level 5:colcon.colcon_core.verb:set package 'mycobot_280_arduino' build argument 'cmake_target_skip_unavailable' from command line to 'False'
[0.231s] Level 5:colcon.colcon_core.verb:set package 'mycobot_280_arduino' build argument 'cmake_clean_cache' from command line to 'False'
[0.231s] Level 5:colcon.colcon_core.verb:set package 'mycobot_280_arduino' build argument 'cmake_clean_first' from command line to 'False'
[0.231s] Level 5:colcon.colcon_core.verb:set package 'mycobot_280_arduino' build argument 'cmake_force_configure' from command line to 'False'
[0.231s] Level 5:colcon.colcon_core.verb:set package 'mycobot_280_arduino' build argument 'ament_cmake_args' from command line to 'None'
[0.231s] Level 5:colcon.colcon_core.verb:set package 'mycobot_280_arduino' build argument 'catkin_cmake_args' from command line to 'None'
[0.231s] Level 5:colcon.colcon_core.verb:set package 'mycobot_280_arduino' build argument 'catkin_skip_building_tests' from command line to 'False'
[0.231s] DEBUG:colcon.colcon_core.verb:Building package 'mycobot_280_arduino' with the following arguments: {'ament_cmake_args': None, 'build_base': '/home/amin/cobot/cobot_ws/build/mycobot_280_arduino', 'catkin_cmake_args': None, 'catkin_skip_building_tests': False, 'cmake_args': None, 'cmake_clean_cache': False, 'cmake_clean_first': False, 'cmake_force_configure': False, 'cmake_target': None, 'cmake_target_skip_unavailable': False, 'install_base': '/home/amin/cobot/cobot_ws/install/mycobot_280_arduino', 'merge_install': False, 'path': '/home/amin/cobot/cobot_ws/src/mycobot_ros2/mycobot_280/mycobot_280_arduino', 'symlink_install': False, 'test_result_base': None}
[0.231s] Level 5:colcon.colcon_core.verb:set package 'mycobot_280_gazebo' build argument 'cmake_args' from command line to 'None'
[0.231s] Level 5:colcon.colcon_core.verb:set package 'mycobot_280_gazebo' build argument 'cmake_target' from command line to 'None'
[0.231s] Level 5:colcon.colcon_core.verb:set package 'mycobot_280_gazebo' build argument 'cmake_target_skip_unavailable' from command line to 'False'
[0.231s] Level 5:colcon.colcon_core.verb:set package 'mycobot_280_gazebo' build argument 'cmake_clean_cache' from command line to 'False'
[0.231s] Level 5:colcon.colcon_core.verb:set package 'mycobot_280_gazebo' build argument 'cmake_clean_first' from command line to 'False'
[0.231s] Level 5:colcon.colcon_core.verb:set package 'mycobot_280_gazebo' build argument 'cmake_force_configure' from command line to 'False'
[0.231s] Level 5:colcon.colcon_core.verb:set package 'mycobot_280_gazebo' build argument 'ament_cmake_args' from command line to 'None'
[0.231s] Level 5:colcon.colcon_core.verb:set package 'mycobot_280_gazebo' build argument 'catkin_cmake_args' from command line to 'None'
[0.231s] Level 5:colcon.colcon_core.verb:set package 'mycobot_280_gazebo' build argument 'catkin_skip_building_tests' from command line to 'False'
[0.231s] DEBUG:colcon.colcon_core.verb:Building package 'mycobot_280_gazebo' with the following arguments: {'ament_cmake_args': None, 'build_base': '/home/amin/cobot/cobot_ws/build/mycobot_280_gazebo', 'catkin_cmake_args': None, 'catkin_skip_building_tests': False, 'cmake_args': None, 'cmake_clean_cache': False, 'cmake_clean_first': False, 'cmake_force_configure': False, 'cmake_target': None, 'cmake_target_skip_unavailable': False, 'install_base': '/home/amin/cobot/cobot_ws/install/mycobot_280_gazebo', 'merge_install': False, 'path': '/home/amin/cobot/cobot_ws/src/mycobot_ros2/mycobot_280_gazebo', 'symlink_install': False, 'test_result_base': None}
[0.232s] Level 5:colcon.colcon_core.verb:set package 'mycobot_280_gazebo_jazzy' build argument 'cmake_args' from command line to 'None'
[0.232s] Level 5:colcon.colcon_core.verb:set package 'mycobot_280_gazebo_jazzy' build argument 'cmake_target' from command line to 'None'
[0.232s] Level 5:colcon.colcon_core.verb:set package 'mycobot_280_gazebo_jazzy' build argument 'cmake_target_skip_unavailable' from command line to 'False'
[0.232s] Level 5:colcon.colcon_core.verb:set package 'mycobot_280_gazebo_jazzy' build argument 'cmake_clean_cache' from command line to 'False'
[0.232s] Level 5:colcon.colcon_core.verb:set package 'mycobot_280_gazebo_jazzy' build argument 'cmake_clean_first' from command line to 'False'
[0.232s] Level 5:colcon.colcon_core.verb:set package 'mycobot_280_gazebo_jazzy' build argument 'cmake_force_configure' from command line to 'False'
[0.232s] Level 5:colcon.colcon_core.verb:set package 'mycobot_280_gazebo_jazzy' build argument 'ament_cmake_args' from command line to 'None'
[0.232s] Level 5:colcon.colcon_core.verb:set package 'mycobot_280_gazebo_jazzy' build argument 'catkin_cmake_args' from command line to 'None'
[0.232s] Level 5:colcon.colcon_core.verb:set package 'mycobot_280_gazebo_jazzy' build argument 'catkin_skip_building_tests' from command line to 'False'
[0.232s] DEBUG:colcon.colcon_core.verb:Building package 'mycobot_280_gazebo_jazzy' with the following arguments: {'ament_cmake_args': None, 'build_base': '/home/amin/cobot/cobot_ws/build/mycobot_280_gazebo_jazzy', 'catkin_cmake_args': None, 'catkin_skip_building_tests': False, 'cmake_args': None, 'cmake_clean_cache': False, 'cmake_clean_first': False, 'cmake_force_configure': False, 'cmake_target': None, 'cmake_target_skip_unavailable': False, 'install_base': '/home/amin/cobot/cobot_ws/install/mycobot_280_gazebo_jazzy', 'merge_install': False, 'path': '/home/amin/cobot/cobot_ws/src/mycobot_ros2/mycobot_280_gazebo_jazzy', 'symlink_install': False, 'test_result_base': None}
[0.232s] Level 5:colcon.colcon_core.verb:set package 'mycobot_280_moveit2' build argument 'cmake_args' from command line to 'None'
[0.232s] Level 5:colcon.colcon_core.verb:set package 'mycobot_280_moveit2' build argument 'cmake_target' from command line to 'None'
[0.232s] Level 5:colcon.colcon_core.verb:set package 'mycobot_280_moveit2' build argument 'cmake_target_skip_unavailable' from command line to 'False'
[0.232s] Level 5:colcon.colcon_core.verb:set package 'mycobot_280_moveit2' build argument 'cmake_clean_cache' from command line to 'False'
[0.232s] Level 5:colcon.colcon_core.verb:set package 'mycobot_280_moveit2' build argument 'cmake_clean_first' from command line to 'False'
[0.232s] Level 5:colcon.colcon_core.verb:set package 'mycobot_280_moveit2' build argument 'cmake_force_configure' from command line to 'False'
[0.232s] Level 5:colcon.colcon_core.verb:set package 'mycobot_280_moveit2' build argument 'ament_cmake_args' from command line to 'None'
[0.232s] Level 5:colcon.colcon_core.verb:set package 'mycobot_280_moveit2' build argument 'catkin_cmake_args' from command line to 'None'
[0.232s] Level 5:colcon.colcon_core.verb:set package 'mycobot_280_moveit2' build argument 'catkin_skip_building_tests' from command line to 'False'
[0.232s] DEBUG:colcon.colcon_core.verb:Building package 'mycobot_280_moveit2' with the following arguments: {'ament_cmake_args': None, 'build_base': '/home/amin/cobot/cobot_ws/build/mycobot_280_moveit2', 'catkin_cmake_args': None, 'catkin_skip_building_tests': False, 'cmake_args': None, 'cmake_clean_cache': False, 'cmake_clean_first': False, 'cmake_force_configure': False, 'cmake_target': None, 'cmake_target_skip_unavailable': False, 'install_base': '/home/amin/cobot/cobot_ws/install/mycobot_280_moveit2', 'merge_install': False, 'path': '/home/amin/cobot/cobot_ws/src/mycobot_ros2/mycobot_280/mycobot_280_moveit2', 'symlink_install': False, 'test_result_base': None}
[0.232s] Level 5:colcon.colcon_core.verb:set package 'mycobot_280_moveit2_control' build argument 'cmake_args' from command line to 'None'
[0.232s] Level 5:colcon.colcon_core.verb:set package 'mycobot_280_moveit2_control' build argument 'cmake_target' from command line to 'None'
[0.232s] Level 5:colcon.colcon_core.verb:set package 'mycobot_280_moveit2_control' build argument 'cmake_target_skip_unavailable' from command line to 'False'
[0.232s] Level 5:colcon.colcon_core.verb:set package 'mycobot_280_moveit2_control' build argument 'cmake_clean_cache' from command line to 'False'
[0.232s] Level 5:colcon.colcon_core.verb:set package 'mycobot_280_moveit2_control' build argument 'cmake_clean_first' from command line to 'False'
[0.232s] Level 5:colcon.colcon_core.verb:set package 'mycobot_280_moveit2_control' build argument 'cmake_force_configure' from command line to 'False'
[0.232s] Level 5:colcon.colcon_core.verb:set package 'mycobot_280_moveit2_control' build argument 'ament_cmake_args' from command line to 'None'
[0.232s] Level 5:colcon.colcon_core.verb:set package 'mycobot_280_moveit2_control' build argument 'catkin_cmake_args' from command line to 'None'
[0.232s] Level 5:colcon.colcon_core.verb:set package 'mycobot_280_moveit2_control' build argument 'catkin_skip_building_tests' from command line to 'False'
[0.232s] DEBUG:colcon.colcon_core.verb:Building package 'mycobot_280_moveit2_control' with the following arguments: {'ament_cmake_args': None, 'build_base': '/home/amin/cobot/cobot_ws/build/mycobot_280_moveit2_control', 'catkin_cmake_args': None, 'catkin_skip_building_tests': False, 'cmake_args': None, 'cmake_clean_cache': False, 'cmake_clean_first': False, 'cmake_force_configure': False, 'cmake_target': None, 'cmake_target_skip_unavailable': False, 'install_base': '/home/amin/cobot/cobot_ws/install/mycobot_280_moveit2_control', 'merge_install': False, 'path': '/home/amin/cobot/cobot_ws/src/mycobot_ros2/mycobot_280/mycobot_280_moveit2_control', 'symlink_install': False, 'test_result_base': None}
[0.232s] Level 5:colcon.colcon_core.verb:set package 'mycobot_280_riscv' build argument 'cmake_args' from command line to 'None'
[0.232s] Level 5:colcon.colcon_core.verb:set package 'mycobot_280_riscv' build argument 'cmake_target' from command line to 'None'
[0.232s] Level 5:colcon.colcon_core.verb:set package 'mycobot_280_riscv' build argument 'cmake_target_skip_unavailable' from command line to 'False'
[0.232s] Level 5:colcon.colcon_core.verb:set package 'mycobot_280_riscv' build argument 'cmake_clean_cache' from command line to 'False'
[0.232s] Level 5:colcon.colcon_core.verb:set package 'mycobot_280_riscv' build argument 'cmake_clean_first' from command line to 'False'
[0.233s] Level 5:colcon.colcon_core.verb:set package 'mycobot_280_riscv' build argument 'cmake_force_configure' from command line to 'False'
[0.233s] Level 5:colcon.colcon_core.verb:set package 'mycobot_280_riscv' build argument 'ament_cmake_args' from command line to 'None'
[0.233s] Level 5:colcon.colcon_core.verb:set package 'mycobot_280_riscv' build argument 'catkin_cmake_args' from command line to 'None'
[0.233s] Level 5:colcon.colcon_core.verb:set package 'mycobot_280_riscv' build argument 'catkin_skip_building_tests' from command line to 'False'
[0.233s] DEBUG:colcon.colcon_core.verb:Building package 'mycobot_280_riscv' with the following arguments: {'ament_cmake_args': None, 'build_base': '/home/amin/cobot/cobot_ws/build/mycobot_280_riscv', 'catkin_cmake_args': None, 'catkin_skip_building_tests': False, 'cmake_args': None, 'cmake_clean_cache': False, 'cmake_clean_first': False, 'cmake_force_configure': False, 'cmake_target': None, 'cmake_target_skip_unavailable': False, 'install_base': '/home/amin/cobot/cobot_ws/install/mycobot_280_riscv', 'merge_install': False, 'path': '/home/amin/cobot/cobot_ws/src/mycobot_ros2/mycobot_280/mycobot_280_riscv', 'symlink_install': False, 'test_result_base': None}
[0.233s] Level 5:colcon.colcon_core.verb:set package 'mycobot_280_x3pi' build argument 'cmake_args' from command line to 'None'
[0.233s] Level 5:colcon.colcon_core.verb:set package 'mycobot_280_x3pi' build argument 'cmake_target' from command line to 'None'
[0.233s] Level 5:colcon.colcon_core.verb:set package 'mycobot_280_x3pi' build argument 'cmake_target_skip_unavailable' from command line to 'False'
[0.233s] Level 5:colcon.colcon_core.verb:set package 'mycobot_280_x3pi' build argument 'cmake_clean_cache' from command line to 'False'
[0.233s] Level 5:colcon.colcon_core.verb:set package 'mycobot_280_x3pi' build argument 'cmake_clean_first' from command line to 'False'
[0.233s] Level 5:colcon.colcon_core.verb:set package 'mycobot_280_x3pi' build argument 'cmake_force_configure' from command line to 'False'
[0.233s] Level 5:colcon.colcon_core.verb:set package 'mycobot_280_x3pi' build argument 'ament_cmake_args' from command line to 'None'
[0.233s] Level 5:colcon.colcon_core.verb:set package 'mycobot_280_x3pi' build argument 'catkin_cmake_args' from command line to 'None'
[0.233s] Level 5:colcon.colcon_core.verb:set package 'mycobot_280_x3pi' build argument 'catkin_skip_building_tests' from command line to 'False'
[0.233s] DEBUG:colcon.colcon_core.verb:Building package 'mycobot_280_x3pi' with the following arguments: {'ament_cmake_args': None, 'build_base': '/home/amin/cobot/cobot_ws/build/mycobot_280_x3pi', 'catkin_cmake_args': None, 'catkin_skip_building_tests': False, 'cmake_args': None, 'cmake_clean_cache': False, 'cmake_clean_first': False, 'cmake_force_configure': False, 'cmake_target': None, 'cmake_target_skip_unavailable': False, 'install_base': '/home/amin/cobot/cobot_ws/install/mycobot_280_x3pi', 'merge_install': False, 'path': '/home/amin/cobot/cobot_ws/src/mycobot_ros2/mycobot_280/mycobot_280_x3pi', 'symlink_install': False, 'test_result_base': None}
[0.233s] Level 5:colcon.colcon_core.verb:set package 'mycobot_280arduino_moveit2' build argument 'cmake_args' from command line to 'None'
[0.233s] Level 5:colcon.colcon_core.verb:set package 'mycobot_280arduino_moveit2' build argument 'cmake_target' from command line to 'None'
[0.233s] Level 5:colcon.colcon_core.verb:set package 'mycobot_280arduino_moveit2' build argument 'cmake_target_skip_unavailable' from command line to 'False'
[0.233s] Level 5:colcon.colcon_core.verb:set package 'mycobot_280arduino_moveit2' build argument 'cmake_clean_cache' from command line to 'False'
[0.233s] Level 5:colcon.colcon_core.verb:set package 'mycobot_280arduino_moveit2' build argument 'cmake_clean_first' from command line to 'False'
[0.233s] Level 5:colcon.colcon_core.verb:set package 'mycobot_280arduino_moveit2' build argument 'cmake_force_configure' from command line to 'False'
[0.233s] Level 5:colcon.colcon_core.verb:set package 'mycobot_280arduino_moveit2' build argument 'ament_cmake_args' from command line to 'None'
[0.233s] Level 5:colcon.colcon_core.verb:set package 'mycobot_280arduino_moveit2' build argument 'catkin_cmake_args' from command line to 'None'
[0.233s] Level 5:colcon.colcon_core.verb:set package 'mycobot_280arduino_moveit2' build argument 'catkin_skip_building_tests' from command line to 'False'
[0.233s] DEBUG:colcon.colcon_core.verb:Building package 'mycobot_280arduino_moveit2' with the following arguments: {'ament_cmake_args': None, 'build_base': '/home/amin/cobot/cobot_ws/build/mycobot_280arduino_moveit2', 'catkin_cmake_args': None, 'catkin_skip_building_tests': False, 'cmake_args': None, 'cmake_clean_cache': False, 'cmake_clean_first': False, 'cmake_force_configure': False, 'cmake_target': None, 'cmake_target_skip_unavailable': False, 'install_base': '/home/amin/cobot/cobot_ws/install/mycobot_280arduino_moveit2', 'merge_install': False, 'path': '/home/amin/cobot/cobot_ws/src/mycobot_ros2/mycobot_280/mycobot_280arduino_moveit2', 'symlink_install': False, 'test_result_base': None}
[0.233s] Level 5:colcon.colcon_core.verb:set package 'mycobot_280jn' build argument 'cmake_args' from command line to 'None'
[0.233s] Level 5:colcon.colcon_core.verb:set package 'mycobot_280jn' build argument 'cmake_target' from command line to 'None'
[0.233s] Level 5:colcon.colcon_core.verb:set package 'mycobot_280jn' build argument 'cmake_target_skip_unavailable' from command line to 'False'
[0.233s] Level 5:colcon.colcon_core.verb:set package 'mycobot_280jn' build argument 'cmake_clean_cache' from command line to 'False'
[0.233s] Level 5:colcon.colcon_core.verb:set package 'mycobot_280jn' build argument 'cmake_clean_first' from command line to 'False'
[0.233s] Level 5:colcon.colcon_core.verb:set package 'mycobot_280jn' build argument 'cmake_force_configure' from command line to 'False'
[0.233s] Level 5:colcon.colcon_core.verb:set package 'mycobot_280jn' build argument 'ament_cmake_args' from command line to 'None'
[0.233s] Level 5:colcon.colcon_core.verb:set package 'mycobot_280jn' build argument 'catkin_cmake_args' from command line to 'None'
[0.233s] Level 5:colcon.colcon_core.verb:set package 'mycobot_280jn' build argument 'catkin_skip_building_tests' from command line to 'False'
[0.233s] DEBUG:colcon.colcon_core.verb:Building package 'mycobot_280jn' with the following arguments: {'ament_cmake_args': None, 'build_base': '/home/amin/cobot/cobot_ws/build/mycobot_280jn', 'catkin_cmake_args': None, 'catkin_skip_building_tests': False, 'cmake_args': None, 'cmake_clean_cache': False, 'cmake_clean_first': False, 'cmake_force_configure': False, 'cmake_target': None, 'cmake_target_skip_unavailable': False, 'install_base': '/home/amin/cobot/cobot_ws/install/mycobot_280jn', 'merge_install': False, 'path': '/home/amin/cobot/cobot_ws/src/mycobot_ros2/mycobot_280/mycobot_280jn', 'symlink_install': False, 'test_result_base': None}
[0.233s] Level 5:colcon.colcon_core.verb:set package 'mycobot_280pi' build argument 'cmake_args' from command line to 'None'
[0.234s] Level 5:colcon.colcon_core.verb:set package 'mycobot_280pi' build argument 'cmake_target' from command line to 'None'
[0.234s] Level 5:colcon.colcon_core.verb:set package 'mycobot_280pi' build argument 'cmake_target_skip_unavailable' from command line to 'False'
[0.234s] Level 5:colcon.colcon_core.verb:set package 'mycobot_280pi' build argument 'cmake_clean_cache' from command line to 'False'
[0.234s] Level 5:colcon.colcon_core.verb:set package 'mycobot_280pi' build argument 'cmake_clean_first' from command line to 'False'
[0.234s] Level 5:colcon.colcon_core.verb:set package 'mycobot_280pi' build argument 'cmake_force_configure' from command line to 'False'
[0.234s] Level 5:colcon.colcon_core.verb:set package 'mycobot_280pi' build argument 'ament_cmake_args' from command line to 'None'
[0.234s] Level 5:colcon.colcon_core.verb:set package 'mycobot_280pi' build argument 'catkin_cmake_args' from command line to 'None'
[0.234s] Level 5:colcon.colcon_core.verb:set package 'mycobot_280pi' build argument 'catkin_skip_building_tests' from command line to 'False'
[0.234s] DEBUG:colcon.colcon_core.verb:Building package 'mycobot_280pi' with the following arguments: {'ament_cmake_args': None, 'build_base': '/home/amin/cobot/cobot_ws/build/mycobot_280pi', 'catkin_cmake_args': None, 'catkin_skip_building_tests': False, 'cmake_args': None, 'cmake_clean_cache': False, 'cmake_clean_first': False, 'cmake_force_configure': False, 'cmake_target': None, 'cmake_target_skip_unavailable': False, 'install_base': '/home/amin/cobot/cobot_ws/install/mycobot_280pi', 'merge_install': False, 'path': '/home/amin/cobot/cobot_ws/src/mycobot_ros2/mycobot_280/mycobot_280pi', 'symlink_install': False, 'test_result_base': None}
[0.234s] Level 5:colcon.colcon_core.verb:set package 'mycobot_280rdkx5_moveit2' build argument 'cmake_args' from command line to 'None'
[0.234s] Level 5:colcon.colcon_core.verb:set package 'mycobot_280rdkx5_moveit2' build argument 'cmake_target' from command line to 'None'
[0.234s] Level 5:colcon.colcon_core.verb:set package 'mycobot_280rdkx5_moveit2' build argument 'cmake_target_skip_unavailable' from command line to 'False'
[0.234s] Level 5:colcon.colcon_core.verb:set package 'mycobot_280rdkx5_moveit2' build argument 'cmake_clean_cache' from command line to 'False'
[0.234s] Level 5:colcon.colcon_core.verb:set package 'mycobot_280rdkx5_moveit2' build argument 'cmake_clean_first' from command line to 'False'
[0.234s] Level 5:colcon.colcon_core.verb:set package 'mycobot_280rdkx5_moveit2' build argument 'cmake_force_configure' from command line to 'False'
[0.234s] Level 5:colcon.colcon_core.verb:set package 'mycobot_280rdkx5_moveit2' build argument 'ament_cmake_args' from command line to 'None'
[0.234s] Level 5:colcon.colcon_core.verb:set package 'mycobot_280rdkx5_moveit2' build argument 'catkin_cmake_args' from command line to 'None'
[0.234s] Level 5:colcon.colcon_core.verb:set package 'mycobot_280rdkx5_moveit2' build argument 'catkin_skip_building_tests' from command line to 'False'
[0.234s] DEBUG:colcon.colcon_core.verb:Building package 'mycobot_280rdkx5_moveit2' with the following arguments: {'ament_cmake_args': None, 'build_base': '/home/amin/cobot/cobot_ws/build/mycobot_280rdkx5_moveit2', 'catkin_cmake_args': None, 'catkin_skip_building_tests': False, 'cmake_args': None, 'cmake_clean_cache': False, 'cmake_clean_first': False, 'cmake_force_configure': False, 'cmake_target': None, 'cmake_target_skip_unavailable': False, 'install_base': '/home/amin/cobot/cobot_ws/install/mycobot_280rdkx5_moveit2', 'merge_install': False, 'path': '/home/amin/cobot/cobot_ws/src/mycobot_ros2/mycobot_280/mycobot_280rdkx5_moveit2', 'symlink_install': False, 'test_result_base': None}
[0.234s] Level 5:colcon.colcon_core.verb:set package 'mycobot_320' build argument 'cmake_args' from command line to 'None'
[0.234s] Level 5:colcon.colcon_core.verb:set package 'mycobot_320' build argument 'cmake_target' from command line to 'None'
[0.234s] Level 5:colcon.colcon_core.verb:set package 'mycobot_320' build argument 'cmake_target_skip_unavailable' from command line to 'False'
[0.234s] Level 5:colcon.colcon_core.verb:set package 'mycobot_320' build argument 'cmake_clean_cache' from command line to 'False'
[0.234s] Level 5:colcon.colcon_core.verb:set package 'mycobot_320' build argument 'cmake_clean_first' from command line to 'False'
[0.234s] Level 5:colcon.colcon_core.verb:set package 'mycobot_320' build argument 'cmake_force_configure' from command line to 'False'
[0.234s] Level 5:colcon.colcon_core.verb:set package 'mycobot_320' build argument 'ament_cmake_args' from command line to 'None'
[0.234s] Level 5:colcon.colcon_core.verb:set package 'mycobot_320' build argument 'catkin_cmake_args' from command line to 'None'
[0.234s] Level 5:colcon.colcon_core.verb:set package 'mycobot_320' build argument 'catkin_skip_building_tests' from command line to 'False'
[0.234s] DEBUG:colcon.colcon_core.verb:Building package 'mycobot_320' with the following arguments: {'ament_cmake_args': None, 'build_base': '/home/amin/cobot/cobot_ws/build/mycobot_320', 'catkin_cmake_args': None, 'catkin_skip_building_tests': False, 'cmake_args': None, 'cmake_clean_cache': False, 'cmake_clean_first': False, 'cmake_force_configure': False, 'cmake_target': None, 'cmake_target_skip_unavailable': False, 'install_base': '/home/amin/cobot/cobot_ws/install/mycobot_320', 'merge_install': False, 'path': '/home/amin/cobot/cobot_ws/src/mycobot_ros2/mycobot_320/mycobot_320', 'symlink_install': False, 'test_result_base': None}
[0.234s] Level 5:colcon.colcon_core.verb:set package 'mycobot_320_riscv' build argument 'cmake_args' from command line to 'None'
[0.234s] Level 5:colcon.colcon_core.verb:set package 'mycobot_320_riscv' build argument 'cmake_target' from command line to 'None'
[0.234s] Level 5:colcon.colcon_core.verb:set package 'mycobot_320_riscv' build argument 'cmake_target_skip_unavailable' from command line to 'False'
[0.234s] Level 5:colcon.colcon_core.verb:set package 'mycobot_320_riscv' build argument 'cmake_clean_cache' from command line to 'False'
[0.234s] Level 5:colcon.colcon_core.verb:set package 'mycobot_320_riscv' build argument 'cmake_clean_first' from command line to 'False'
[0.234s] Level 5:colcon.colcon_core.verb:set package 'mycobot_320_riscv' build argument 'cmake_force_configure' from command line to 'False'
[0.234s] Level 5:colcon.colcon_core.verb:set package 'mycobot_320_riscv' build argument 'ament_cmake_args' from command line to 'None'
[0.234s] Level 5:colcon.colcon_core.verb:set package 'mycobot_320_riscv' build argument 'catkin_cmake_args' from command line to 'None'
[0.234s] Level 5:colcon.colcon_core.verb:set package 'mycobot_320_riscv' build argument 'catkin_skip_building_tests' from command line to 'False'
[0.234s] DEBUG:colcon.colcon_core.verb:Building package 'mycobot_320_riscv' with the following arguments: {'ament_cmake_args': None, 'build_base': '/home/amin/cobot/cobot_ws/build/mycobot_320_riscv', 'catkin_cmake_args': None, 'catkin_skip_building_tests': False, 'cmake_args': None, 'cmake_clean_cache': False, 'cmake_clean_first': False, 'cmake_force_configure': False, 'cmake_target': None, 'cmake_target_skip_unavailable': False, 'install_base': '/home/amin/cobot/cobot_ws/install/mycobot_320_riscv', 'merge_install': False, 'path': '/home/amin/cobot/cobot_ws/src/mycobot_ros2/mycobot_320/mycobot_320_riscv', 'symlink_install': False, 'test_result_base': None}
[0.235s] Level 5:colcon.colcon_core.verb:set package 'mycobot_320pi' build argument 'cmake_args' from command line to 'None'
[0.235s] Level 5:colcon.colcon_core.verb:set package 'mycobot_320pi' build argument 'cmake_target' from command line to 'None'
[0.235s] Level 5:colcon.colcon_core.verb:set package 'mycobot_320pi' build argument 'cmake_target_skip_unavailable' from command line to 'False'
[0.235s] Level 5:colcon.colcon_core.verb:set package 'mycobot_320pi' build argument 'cmake_clean_cache' from command line to 'False'
[0.235s] Level 5:colcon.colcon_core.verb:set package 'mycobot_320pi' build argument 'cmake_clean_first' from command line to 'False'
[0.235s] Level 5:colcon.colcon_core.verb:set package 'mycobot_320pi' build argument 'cmake_force_configure' from command line to 'False'
[0.235s] Level 5:colcon.colcon_core.verb:set package 'mycobot_320pi' build argument 'ament_cmake_args' from command line to 'None'
[0.235s] Level 5:colcon.colcon_core.verb:set package 'mycobot_320pi' build argument 'catkin_cmake_args' from command line to 'None'
[0.235s] Level 5:colcon.colcon_core.verb:set package 'mycobot_320pi' build argument 'catkin_skip_building_tests' from command line to 'False'
[0.235s] DEBUG:colcon.colcon_core.verb:Building package 'mycobot_320pi' with the following arguments: {'ament_cmake_args': None, 'build_base': '/home/amin/cobot/cobot_ws/build/mycobot_320pi', 'catkin_cmake_args': None, 'catkin_skip_building_tests': False, 'cmake_args': None, 'cmake_clean_cache': False, 'cmake_clean_first': False, 'cmake_force_configure': False, 'cmake_target': None, 'cmake_target_skip_unavailable': False, 'install_base': '/home/amin/cobot/cobot_ws/install/mycobot_320pi', 'merge_install': False, 'path': '/home/amin/cobot/cobot_ws/src/mycobot_ros2/mycobot_320/mycobot_320pi', 'symlink_install': False, 'test_result_base': None}
[0.235s] Level 5:colcon.colcon_core.verb:set package 'mycobot_600' build argument 'cmake_args' from command line to 'None'
[0.235s] Level 5:colcon.colcon_core.verb:set package 'mycobot_600' build argument 'cmake_target' from command line to 'None'
[0.235s] Level 5:colcon.colcon_core.verb:set package 'mycobot_600' build argument 'cmake_target_skip_unavailable' from command line to 'False'
[0.235s] Level 5:colcon.colcon_core.verb:set package 'mycobot_600' build argument 'cmake_clean_cache' from command line to 'False'
[0.235s] Level 5:colcon.colcon_core.verb:set package 'mycobot_600' build argument 'cmake_clean_first' from command line to 'False'
[0.235s] Level 5:colcon.colcon_core.verb:set package 'mycobot_600' build argument 'cmake_force_configure' from command line to 'False'
[0.235s] Level 5:colcon.colcon_core.verb:set package 'mycobot_600' build argument 'ament_cmake_args' from command line to 'None'
[0.235s] Level 5:colcon.colcon_core.verb:set package 'mycobot_600' build argument 'catkin_cmake_args' from command line to 'None'
[0.235s] Level 5:colcon.colcon_core.verb:set package 'mycobot_600' build argument 'catkin_skip_building_tests' from command line to 'False'
[0.235s] DEBUG:colcon.colcon_core.verb:Building package 'mycobot_600' with the following arguments: {'ament_cmake_args': None, 'build_base': '/home/amin/cobot/cobot_ws/build/mycobot_600', 'catkin_cmake_args': None, 'catkin_skip_building_tests': False, 'cmake_args': None, 'cmake_clean_cache': False, 'cmake_clean_first': False, 'cmake_force_configure': False, 'cmake_target': None, 'cmake_target_skip_unavailable': False, 'install_base': '/home/amin/cobot/cobot_ws/install/mycobot_600', 'merge_install': False, 'path': '/home/amin/cobot/cobot_ws/src/mycobot_ros2/mycobot_pro/mycobot_600', 'symlink_install': False, 'test_result_base': None}
[0.235s] Level 5:colcon.colcon_core.verb:set package 'mycobot_630' build argument 'cmake_args' from command line to 'None'
[0.235s] Level 5:colcon.colcon_core.verb:set package 'mycobot_630' build argument 'cmake_target' from command line to 'None'
[0.235s] Level 5:colcon.colcon_core.verb:set package 'mycobot_630' build argument 'cmake_target_skip_unavailable' from command line to 'False'
[0.235s] Level 5:colcon.colcon_core.verb:set package 'mycobot_630' build argument 'cmake_clean_cache' from command line to 'False'
[0.235s] Level 5:colcon.colcon_core.verb:set package 'mycobot_630' build argument 'cmake_clean_first' from command line to 'False'
[0.235s] Level 5:colcon.colcon_core.verb:set package 'mycobot_630' build argument 'cmake_force_configure' from command line to 'False'
[0.235s] Level 5:colcon.colcon_core.verb:set package 'mycobot_630' build argument 'ament_cmake_args' from command line to 'None'
[0.235s] Level 5:colcon.colcon_core.verb:set package 'mycobot_630' build argument 'catkin_cmake_args' from command line to 'None'
[0.235s] Level 5:colcon.colcon_core.verb:set package 'mycobot_630' build argument 'catkin_skip_building_tests' from command line to 'False'
[0.235s] DEBUG:colcon.colcon_core.verb:Building package 'mycobot_630' with the following arguments: {'ament_cmake_args': None, 'build_base': '/home/amin/cobot/cobot_ws/build/mycobot_630', 'catkin_cmake_args': None, 'catkin_skip_building_tests': False, 'cmake_args': None, 'cmake_clean_cache': False, 'cmake_clean_first': False, 'cmake_force_configure': False, 'cmake_target': None, 'cmake_target_skip_unavailable': False, 'install_base': '/home/amin/cobot/cobot_ws/install/mycobot_630', 'merge_install': False, 'path': '/home/amin/cobot/cobot_ws/src/mycobot_ros2/mycobot_pro/mycobot_630', 'symlink_install': False, 'test_result_base': None}
[0.235s] Level 5:colcon.colcon_core.verb:set package 'mycobot_communication' build argument 'cmake_args' from command line to 'None'
[0.235s] Level 5:colcon.colcon_core.verb:set package 'mycobot_communication' build argument 'cmake_target' from command line to 'None'
[0.235s] Level 5:colcon.colcon_core.verb:set package 'mycobot_communication' build argument 'cmake_target_skip_unavailable' from command line to 'False'
[0.235s] Level 5:colcon.colcon_core.verb:set package 'mycobot_communication' build argument 'cmake_clean_cache' from command line to 'False'
[0.235s] Level 5:colcon.colcon_core.verb:set package 'mycobot_communication' build argument 'cmake_clean_first' from command line to 'False'
[0.235s] Level 5:colcon.colcon_core.verb:set package 'mycobot_communication' build argument 'cmake_force_configure' from command line to 'False'
[0.235s] Level 5:colcon.colcon_core.verb:set package 'mycobot_communication' build argument 'ament_cmake_args' from command line to 'None'
[0.235s] Level 5:colcon.colcon_core.verb:set package 'mycobot_communication' build argument 'catkin_cmake_args' from command line to 'None'
[0.235s] Level 5:colcon.colcon_core.verb:set package 'mycobot_communication' build argument 'catkin_skip_building_tests' from command line to 'False'
[0.235s] DEBUG:colcon.colcon_core.verb:Building package 'mycobot_communication' with the following arguments: {'ament_cmake_args': None, 'build_base': '/home/amin/cobot/cobot_ws/build/mycobot_communication', 'catkin_cmake_args': None, 'catkin_skip_building_tests': False, 'cmake_args': None, 'cmake_clean_cache': False, 'cmake_clean_first': False, 'cmake_force_configure': False, 'cmake_target': None, 'cmake_target_skip_unavailable': False, 'install_base': '/home/amin/cobot/cobot_ws/install/mycobot_communication', 'merge_install': False, 'path': '/home/amin/cobot/cobot_ws/src/mycobot_ros2/mycobot_communication', 'symlink_install': False, 'test_result_base': None}
[0.236s] Level 5:colcon.colcon_core.verb:set package 'mycobot_pro_450' build argument 'cmake_args' from command line to 'None'
[0.236s] Level 5:colcon.colcon_core.verb:set package 'mycobot_pro_450' build argument 'cmake_target' from command line to 'None'
[0.236s] Level 5:colcon.colcon_core.verb:set package 'mycobot_pro_450' build argument 'cmake_target_skip_unavailable' from command line to 'False'
[0.236s] Level 5:colcon.colcon_core.verb:set package 'mycobot_pro_450' build argument 'cmake_clean_cache' from command line to 'False'
[0.236s] Level 5:colcon.colcon_core.verb:set package 'mycobot_pro_450' build argument 'cmake_clean_first' from command line to 'False'
[0.236s] Level 5:colcon.colcon_core.verb:set package 'mycobot_pro_450' build argument 'cmake_force_configure' from command line to 'False'
[0.236s] Level 5:colcon.colcon_core.verb:set package 'mycobot_pro_450' build argument 'ament_cmake_args' from command line to 'None'
[0.236s] Level 5:colcon.colcon_core.verb:set package 'mycobot_pro_450' build argument 'catkin_cmake_args' from command line to 'None'
[0.236s] Level 5:colcon.colcon_core.verb:set package 'mycobot_pro_450' build argument 'catkin_skip_building_tests' from command line to 'False'
[0.236s] DEBUG:colcon.colcon_core.verb:Building package 'mycobot_pro_450' with the following arguments: {'ament_cmake_args': None, 'build_base': '/home/amin/cobot/cobot_ws/build/mycobot_pro_450', 'catkin_cmake_args': None, 'catkin_skip_building_tests': False, 'cmake_args': None, 'cmake_clean_cache': False, 'cmake_clean_first': False, 'cmake_force_configure': False, 'cmake_target': None, 'cmake_target_skip_unavailable': False, 'install_base': '/home/amin/cobot/cobot_ws/install/mycobot_pro_450', 'merge_install': False, 'path': '/home/amin/cobot/cobot_ws/src/mycobot_ros2/mycobot_pro/mycobot_pro_450', 'symlink_install': False, 'test_result_base': None}
[0.236s] Level 5:colcon.colcon_core.verb:set package 'mypalletizer_260' build argument 'cmake_args' from command line to 'None'
[0.236s] Level 5:colcon.colcon_core.verb:set package 'mypalletizer_260' build argument 'cmake_target' from command line to 'None'
[0.236s] Level 5:colcon.colcon_core.verb:set package 'mypalletizer_260' build argument 'cmake_target_skip_unavailable' from command line to 'False'
[0.236s] Level 5:colcon.colcon_core.verb:set package 'mypalletizer_260' build argument 'cmake_clean_cache' from command line to 'False'
[0.236s] Level 5:colcon.colcon_core.verb:set package 'mypalletizer_260' build argument 'cmake_clean_first' from command line to 'False'
[0.236s] Level 5:colcon.colcon_core.verb:set package 'mypalletizer_260' build argument 'cmake_force_configure' from command line to 'False'
[0.236s] Level 5:colcon.colcon_core.verb:set package 'mypalletizer_260' build argument 'ament_cmake_args' from command line to 'None'
[0.236s] Level 5:colcon.colcon_core.verb:set package 'mypalletizer_260' build argument 'catkin_cmake_args' from command line to 'None'
[0.236s] Level 5:colcon.colcon_core.verb:set package 'mypalletizer_260' build argument 'catkin_skip_building_tests' from command line to 'False'
[0.236s] DEBUG:colcon.colcon_core.verb:Building package 'mypalletizer_260' with the following arguments: {'ament_cmake_args': None, 'build_base': '/home/amin/cobot/cobot_ws/build/mypalletizer_260', 'catkin_cmake_args': None, 'catkin_skip_building_tests': False, 'cmake_args': None, 'cmake_clean_cache': False, 'cmake_clean_first': False, 'cmake_force_configure': False, 'cmake_target': None, 'cmake_target_skip_unavailable': False, 'install_base': '/home/amin/cobot/cobot_ws/install/mypalletizer_260', 'merge_install': False, 'path': '/home/amin/cobot/cobot_ws/src/mycobot_ros2/mypalletizer_260/mypalletizer_260', 'symlink_install': False, 'test_result_base': None}
[0.236s] Level 5:colcon.colcon_core.verb:set package 'mypalletizer_260_pi' build argument 'cmake_args' from command line to 'None'
[0.236s] Level 5:colcon.colcon_core.verb:set package 'mypalletizer_260_pi' build argument 'cmake_target' from command line to 'None'
[0.236s] Level 5:colcon.colcon_core.verb:set package 'mypalletizer_260_pi' build argument 'cmake_target_skip_unavailable' from command line to 'False'
[0.236s] Level 5:colcon.colcon_core.verb:set package 'mypalletizer_260_pi' build argument 'cmake_clean_cache' from command line to 'False'
[0.236s] Level 5:colcon.colcon_core.verb:set package 'mypalletizer_260_pi' build argument 'cmake_clean_first' from command line to 'False'
[0.236s] Level 5:colcon.colcon_core.verb:set package 'mypalletizer_260_pi' build argument 'cmake_force_configure' from command line to 'False'
[0.236s] Level 5:colcon.colcon_core.verb:set package 'mypalletizer_260_pi' build argument 'ament_cmake_args' from command line to 'None'
[0.236s] Level 5:colcon.colcon_core.verb:set package 'mypalletizer_260_pi' build argument 'catkin_cmake_args' from command line to 'None'
[0.236s] Level 5:colcon.colcon_core.verb:set package 'mypalletizer_260_pi' build argument 'catkin_skip_building_tests' from command line to 'False'
[0.236s] DEBUG:colcon.colcon_core.verb:Building package 'mypalletizer_260_pi' with the following arguments: {'ament_cmake_args': None, 'build_base': '/home/amin/cobot/cobot_ws/build/mypalletizer_260_pi', 'catkin_cmake_args': None, 'catkin_skip_building_tests': False, 'cmake_args': None, 'cmake_clean_cache': False, 'cmake_clean_first': False, 'cmake_force_configure': False, 'cmake_target': None, 'cmake_target_skip_unavailable': False, 'install_base': '/home/amin/cobot/cobot_ws/install/mypalletizer_260_pi', 'merge_install': False, 'path': '/home/amin/cobot/cobot_ws/src/mycobot_ros2/mypalletizer_260/mypalletizer_260_pi', 'symlink_install': False, 'test_result_base': None}
[0.236s] Level 5:colcon.colcon_core.verb:set package 'mypalletizer_communication' build argument 'cmake_args' from command line to 'None'
[0.236s] Level 5:colcon.colcon_core.verb:set package 'mypalletizer_communication' build argument 'cmake_target' from command line to 'None'
[0.236s] Level 5:colcon.colcon_core.verb:set package 'mypalletizer_communication' build argument 'cmake_target_skip_unavailable' from command line to 'False'
[0.236s] Level 5:colcon.colcon_core.verb:set package 'mypalletizer_communication' build argument 'cmake_clean_cache' from command line to 'False'
[0.236s] Level 5:colcon.colcon_core.verb:set package 'mypalletizer_communication' build argument 'cmake_clean_first' from command line to 'False'
[0.237s] Level 5:colcon.colcon_core.verb:set package 'mypalletizer_communication' build argument 'cmake_force_configure' from command line to 'False'
[0.237s] Level 5:colcon.colcon_core.verb:set package 'mypalletizer_communication' build argument 'ament_cmake_args' from command line to 'None'
[0.237s] Level 5:colcon.colcon_core.verb:set package 'mypalletizer_communication' build argument 'catkin_cmake_args' from command line to 'None'
[0.237s] Level 5:colcon.colcon_core.verb:set package 'mypalletizer_communication' build argument 'catkin_skip_building_tests' from command line to 'False'
[0.237s] DEBUG:colcon.colcon_core.verb:Building package 'mypalletizer_communication' with the following arguments: {'ament_cmake_args': None, 'build_base': '/home/amin/cobot/cobot_ws/build/mypalletizer_communication', 'catkin_cmake_args': None, 'catkin_skip_building_tests': False, 'cmake_args': None, 'cmake_clean_cache': False, 'cmake_clean_first': False, 'cmake_force_configure': False, 'cmake_target': None, 'cmake_target_skip_unavailable': False, 'install_base': '/home/amin/cobot/cobot_ws/install/mypalletizer_communication', 'merge_install': False, 'path': '/home/amin/cobot/cobot_ws/src/mycobot_ros2/mypalletizer_260/mypalletizer_communication', 'symlink_install': False, 'test_result_base': None}
[0.237s] Level 5:colcon.colcon_core.verb:set package 'pro450_moveit2' build argument 'cmake_args' from command line to 'None'
[0.237s] Level 5:colcon.colcon_core.verb:set package 'pro450_moveit2' build argument 'cmake_target' from command line to 'None'
[0.237s] Level 5:colcon.colcon_core.verb:set package 'pro450_moveit2' build argument 'cmake_target_skip_unavailable' from command line to 'False'
[0.237s] Level 5:colcon.colcon_core.verb:set package 'pro450_moveit2' build argument 'cmake_clean_cache' from command line to 'False'
[0.237s] Level 5:colcon.colcon_core.verb:set package 'pro450_moveit2' build argument 'cmake_clean_first' from command line to 'False'
[0.237s] Level 5:colcon.colcon_core.verb:set package 'pro450_moveit2' build argument 'cmake_force_configure' from command line to 'False'
[0.237s] Level 5:colcon.colcon_core.verb:set package 'pro450_moveit2' build argument 'ament_cmake_args' from command line to 'None'
[0.237s] Level 5:colcon.colcon_core.verb:set package 'pro450_moveit2' build argument 'catkin_cmake_args' from command line to 'None'
[0.237s] Level 5:colcon.colcon_core.verb:set package 'pro450_moveit2' build argument 'catkin_skip_building_tests' from command line to 'False'
[0.237s] DEBUG:colcon.colcon_core.verb:Building package 'pro450_moveit2' with the following arguments: {'ament_cmake_args': None, 'build_base': '/home/amin/cobot/cobot_ws/build/pro450_moveit2', 'catkin_cmake_args': None, 'catkin_skip_building_tests': False, 'cmake_args': None, 'cmake_clean_cache': False, 'cmake_clean_first': False, 'cmake_force_configure': False, 'cmake_target': None, 'cmake_target_skip_unavailable': False, 'install_base': '/home/amin/cobot/cobot_ws/install/pro450_moveit2', 'merge_install': False, 'path': '/home/amin/cobot/cobot_ws/src/mycobot_ros2/mycobot_pro/pro450_moveit2', 'symlink_install': False, 'test_result_base': None}
[0.237s] Level 5:colcon.colcon_core.verb:set package 'pro450_moveit2_control' build argument 'cmake_args' from command line to 'None'
[0.237s] Level 5:colcon.colcon_core.verb:set package 'pro450_moveit2_control' build argument 'cmake_target' from command line to 'None'
[0.237s] Level 5:colcon.colcon_core.verb:set package 'pro450_moveit2_control' build argument 'cmake_target_skip_unavailable' from command line to 'False'
[0.237s] Level 5:colcon.colcon_core.verb:set package 'pro450_moveit2_control' build argument 'cmake_clean_cache' from command line to 'False'
[0.237s] Level 5:colcon.colcon_core.verb:set package 'pro450_moveit2_control' build argument 'cmake_clean_first' from command line to 'False'
[0.237s] Level 5:colcon.colcon_core.verb:set package 'pro450_moveit2_control' build argument 'cmake_force_configure' from command line to 'False'
[0.237s] Level 5:colcon.colcon_core.verb:set package 'pro450_moveit2_control' build argument 'ament_cmake_args' from command line to 'None'
[0.237s] Level 5:colcon.colcon_core.verb:set package 'pro450_moveit2_control' build argument 'catkin_cmake_args' from command line to 'None'
[0.237s] Level 5:colcon.colcon_core.verb:set package 'pro450_moveit2_control' build argument 'catkin_skip_building_tests' from command line to 'False'
[0.237s] DEBUG:colcon.colcon_core.verb:Building package 'pro450_moveit2_control' with the following arguments: {'ament_cmake_args': None, 'build_base': '/home/amin/cobot/cobot_ws/build/pro450_moveit2_control', 'catkin_cmake_args': None, 'catkin_skip_building_tests': False, 'cmake_args': None, 'cmake_clean_cache': False, 'cmake_clean_first': False, 'cmake_force_configure': False, 'cmake_target': None, 'cmake_target_skip_unavailable': False, 'install_base': '/home/amin/cobot/cobot_ws/install/pro450_moveit2_control', 'merge_install': False, 'path': '/home/amin/cobot/cobot_ws/src/mycobot_ros2/mycobot_pro/pro450_moveit2_control', 'symlink_install': False, 'test_result_base': None}
[0.237s] Level 5:colcon.colcon_core.verb:set package 'ultraarm' build argument 'cmake_args' from command line to 'None'
[0.237s] Level 5:colcon.colcon_core.verb:set package 'ultraarm' build argument 'cmake_target' from command line to 'None'
[0.237s] Level 5:colcon.colcon_core.verb:set package 'ultraarm' build argument 'cmake_target_skip_unavailable' from command line to 'False'
[0.237s] Level 5:colcon.colcon_core.verb:set package 'ultraarm' build argument 'cmake_clean_cache' from command line to 'False'
[0.237s] Level 5:colcon.colcon_core.verb:set package 'ultraarm' build argument 'cmake_clean_first' from command line to 'False'
[0.237s] Level 5:colcon.colcon_core.verb:set package 'ultraarm' build argument 'cmake_force_configure' from command line to 'False'
[0.237s] Level 5:colcon.colcon_core.verb:set package 'ultraarm' build argument 'ament_cmake_args' from command line to 'None'
[0.237s] Level 5:colcon.colcon_core.verb:set package 'ultraarm' build argument 'catkin_cmake_args' from command line to 'None'
[0.237s] Level 5:colcon.colcon_core.verb:set package 'ultraarm' build argument 'catkin_skip_building_tests' from command line to 'False'
[0.237s] DEBUG:colcon.colcon_core.verb:Building package 'ultraarm' with the following arguments: {'ament_cmake_args': None, 'build_base': '/home/amin/cobot/cobot_ws/build/ultraarm', 'catkin_cmake_args': None, 'catkin_skip_building_tests': False, 'cmake_args': None, 'cmake_clean_cache': False, 'cmake_clean_first': False, 'cmake_force_configure': False, 'cmake_target': None, 'cmake_target_skip_unavailable': False, 'install_base': '/home/amin/cobot/cobot_ws/install/ultraarm', 'merge_install': False, 'path': '/home/amin/cobot/cobot_ws/src/mycobot_ros2/ultraArm/ultraarm', 'symlink_install': False, 'test_result_base': None}
[0.238s] Level 5:colcon.colcon_core.verb:set package 'myarm_c650' build argument 'cmake_args' from command line to 'None'
[0.238s] Level 5:colcon.colcon_core.verb:set package 'myarm_c650' build argument 'cmake_target' from command line to 'None'
[0.238s] Level 5:colcon.colcon_core.verb:set package 'myarm_c650' build argument 'cmake_target_skip_unavailable' from command line to 'False'
[0.238s] Level 5:colcon.colcon_core.verb:set package 'myarm_c650' build argument 'cmake_clean_cache' from command line to 'False'
[0.238s] Level 5:colcon.colcon_core.verb:set package 'myarm_c650' build argument 'cmake_clean_first' from command line to 'False'
[0.238s] Level 5:colcon.colcon_core.verb:set package 'myarm_c650' build argument 'cmake_force_configure' from command line to 'False'
[0.238s] Level 5:colcon.colcon_core.verb:set package 'myarm_c650' build argument 'ament_cmake_args' from command line to 'None'
[0.238s] Level 5:colcon.colcon_core.verb:set package 'myarm_c650' build argument 'catkin_cmake_args' from command line to 'None'
[0.238s] Level 5:colcon.colcon_core.verb:set package 'myarm_c650' build argument 'catkin_skip_building_tests' from command line to 'False'
[0.238s] DEBUG:colcon.colcon_core.verb:Building package 'myarm_c650' with the following arguments: {'ament_cmake_args': None, 'build_base': '/home/amin/cobot/cobot_ws/build/myarm_c650', 'catkin_cmake_args': None, 'catkin_skip_building_tests': False, 'cmake_args': None, 'cmake_clean_cache': False, 'cmake_clean_first': False, 'cmake_force_configure': False, 'cmake_target': None, 'cmake_target_skip_unavailable': False, 'install_base': '/home/amin/cobot/cobot_ws/install/myarm_c650', 'merge_install': False, 'path': '/home/amin/cobot/cobot_ws/src/mycobot_ros2/myArm/myarm_c650', 'symlink_install': False, 'test_result_base': None}
[0.238s] Level 5:colcon.colcon_core.verb:set package 'myarm_m750' build argument 'cmake_args' from command line to 'None'
[0.238s] Level 5:colcon.colcon_core.verb:set package 'myarm_m750' build argument 'cmake_target' from command line to 'None'
[0.238s] Level 5:colcon.colcon_core.verb:set package 'myarm_m750' build argument 'cmake_target_skip_unavailable' from command line to 'False'
[0.238s] Level 5:colcon.colcon_core.verb:set package 'myarm_m750' build argument 'cmake_clean_cache' from command line to 'False'
[0.238s] Level 5:colcon.colcon_core.verb:set package 'myarm_m750' build argument 'cmake_clean_first' from command line to 'False'
[0.238s] Level 5:colcon.colcon_core.verb:set package 'myarm_m750' build argument 'cmake_force_configure' from command line to 'False'
[0.238s] Level 5:colcon.colcon_core.verb:set package 'myarm_m750' build argument 'ament_cmake_args' from command line to 'None'
[0.238s] Level 5:colcon.colcon_core.verb:set package 'myarm_m750' build argument 'catkin_cmake_args' from command line to 'None'
[0.238s] Level 5:colcon.colcon_core.verb:set package 'myarm_m750' build argument 'catkin_skip_building_tests' from command line to 'False'
[0.238s] DEBUG:colcon.colcon_core.verb:Building package 'myarm_m750' with the following arguments: {'ament_cmake_args': None, 'build_base': '/home/amin/cobot/cobot_ws/build/myarm_m750', 'catkin_cmake_args': None, 'catkin_skip_building_tests': False, 'cmake_args': None, 'cmake_clean_cache': False, 'cmake_clean_first': False, 'cmake_force_configure': False, 'cmake_target': None, 'cmake_target_skip_unavailable': False, 'install_base': '/home/amin/cobot/cobot_ws/install/myarm_m750', 'merge_install': False, 'path': '/home/amin/cobot/cobot_ws/src/mycobot_ros2/myArm/myarm_m750', 'symlink_install': False, 'test_result_base': None}
[0.238s] Level 5:colcon.colcon_core.verb:set package 'mycobot_280_rdkx5' build argument 'cmake_args' from command line to 'None'
[0.238s] Level 5:colcon.colcon_core.verb:set package 'mycobot_280_rdkx5' build argument 'cmake_target' from command line to 'None'
[0.238s] Level 5:colcon.colcon_core.verb:set package 'mycobot_280_rdkx5' build argument 'cmake_target_skip_unavailable' from command line to 'False'
[0.238s] Level 5:colcon.colcon_core.verb:set package 'mycobot_280_rdkx5' build argument 'cmake_clean_cache' from command line to 'False'
[0.238s] Level 5:colcon.colcon_core.verb:set package 'mycobot_280_rdkx5' build argument 'cmake_clean_first' from command line to 'False'
[0.238s] Level 5:colcon.colcon_core.verb:set package 'mycobot_280_rdkx5' build argument 'cmake_force_configure' from command line to 'False'
[0.238s] Level 5:colcon.colcon_core.verb:set package 'mycobot_280_rdkx5' build argument 'ament_cmake_args' from command line to 'None'
[0.238s] Level 5:colcon.colcon_core.verb:set package 'mycobot_280_rdkx5' build argument 'catkin_cmake_args' from command line to 'None'
[0.238s] Level 5:colcon.colcon_core.verb:set package 'mycobot_280_rdkx5' build argument 'catkin_skip_building_tests' from command line to 'False'
[0.238s] DEBUG:colcon.colcon_core.verb:Building package 'mycobot_280_rdkx5' with the following arguments: {'ament_cmake_args': None, 'build_base': '/home/amin/cobot/cobot_ws/build/mycobot_280_rdkx5', 'catkin_cmake_args': None, 'catkin_skip_building_tests': False, 'cmake_args': None, 'cmake_clean_cache': False, 'cmake_clean_first': False, 'cmake_force_configure': False, 'cmake_target': None, 'cmake_target_skip_unavailable': False, 'install_base': '/home/amin/cobot/cobot_ws/install/mycobot_280_rdkx5', 'merge_install': False, 'path': '/home/amin/cobot/cobot_ws/src/mycobot_ros2/mycobot_280/mycobot_280_rdkx5', 'symlink_install': False, 'test_result_base': None}
[0.238s] INFO:colcon.colcon_core.executor:Executing jobs using 'parallel' executor
[0.239s] DEBUG:colcon.colcon_parallel_executor.executor.parallel:run_until_complete
[0.239s] INFO:colcon.colcon_ros.task.ament_python.build:Building ROS package in '/home/amin/cobot/cobot_ws/src/mycobot_ros2/mycobot_description' with build type 'ament_python'
[0.240s] Level 1:colcon.colcon_core.shell:create_environment_hook('mycobot_description', 'ament_prefix_path')
[0.242s] INFO:colcon.colcon_core.plugin_system:Skipping extension 'colcon_core.shell.bat': Not used on non-Windows systems
[0.242s] INFO:colcon.colcon_core.shell:Creating environment hook '/home/amin/cobot/cobot_ws/install/mycobot_description/share/mycobot_description/hook/ament_prefix_path.ps1'
[0.243s] INFO:colcon.colcon_core.shell:Creating environment descriptor '/home/amin/cobot/cobot_ws/install/mycobot_description/share/mycobot_description/hook/ament_prefix_path.dsv'
[0.243s] INFO:colcon.colcon_core.shell:Creating environment hook '/home/amin/cobot/cobot_ws/install/mycobot_description/share/mycobot_description/hook/ament_prefix_path.sh'
[0.244s] INFO:colcon.colcon_core.shell:Skip shell extension 'powershell' for command environment: Not usable outside of PowerShell
[0.244s] DEBUG:colcon.colcon_core.shell:Skip shell extension 'dsv' for command environment
[0.248s] INFO:colcon.colcon_ros.task.ament_cmake.build:Building ROS package in '/home/amin/cobot/cobot_ws/src/mycobot_ros2/mycobot_280/mycobot_interfaces' with build type 'ament_cmake'
[0.248s] INFO:colcon.colcon_cmake.task.cmake.build:Building CMake package in '/home/amin/cobot/cobot_ws/src/mycobot_ros2/mycobot_280/mycobot_interfaces'
[0.249s] INFO:colcon.colcon_core.shell:Skip shell extension 'powershell' for command environment: Not usable outside of PowerShell
[0.249s] DEBUG:colcon.colcon_core.shell:Skip shell extension 'dsv' for command environment
[0.252s] INFO:colcon.colcon_ros.task.ament_cmake.build:Building ROS package in '/home/amin/cobot/cobot_ws/src/mycobot_ros2/mypalletizer_260/mypalletizer_interfaces' with build type 'ament_cmake'
[0.252s] INFO:colcon.colcon_cmake.task.cmake.build:Building CMake package in '/home/amin/cobot/cobot_ws/src/mycobot_ros2/mypalletizer_260/mypalletizer_interfaces'
[0.252s] INFO:colcon.colcon_core.shell:Skip shell extension 'powershell' for command environment: Not usable outside of PowerShell
[0.252s] DEBUG:colcon.colcon_core.shell:Skip shell extension 'dsv' for command environment
[0.256s] INFO:colcon.colcon_ros.task.ament_cmake.build:Building ROS package in '/home/amin/cobot/cobot_ws/src/mycobot_ros2/mecharm/mecharm_interfaces' with build type 'ament_cmake'
[0.256s] INFO:colcon.colcon_cmake.task.cmake.build:Building CMake package in '/home/amin/cobot/cobot_ws/src/mycobot_ros2/mecharm/mecharm_interfaces'
[0.256s] INFO:colcon.colcon_core.shell:Skip shell extension 'powershell' for command environment: Not usable outside of PowerShell
[0.256s] DEBUG:colcon.colcon_core.shell:Skip shell extension 'dsv' for command environment
[0.260s] INFO:colcon.colcon_ros.task.ament_cmake.build:Building ROS package in '/home/amin/cobot/cobot_ws/src/mycobot_ros2/mycobot_pro/mycobot_pro450_interfaces' with build type 'ament_cmake'
[0.260s] INFO:colcon.colcon_cmake.task.cmake.build:Building CMake package in '/home/amin/cobot/cobot_ws/src/mycobot_ros2/mycobot_pro/mycobot_pro450_interfaces'
[0.260s] INFO:colcon.colcon_core.shell:Skip shell extension 'powershell' for command environment: Not usable outside of PowerShell
[0.260s] DEBUG:colcon.colcon_core.shell:Skip shell extension 'dsv' for command environment
[0.431s] INFO:colcon.colcon_core.task.python.build:Building Python package in '/home/amin/cobot/cobot_ws/src/mycobot_ros2/mycobot_description'
[0.431s] INFO:colcon.colcon_core.shell:Skip shell extension 'powershell' for command environment: Not usable outside of PowerShell
[0.431s] DEBUG:colcon.colcon_core.shell:Skip shell extension 'dsv' for command environment
[0.436s] DEBUG:colcon.colcon_core.event_handler.log_command:Invoking command in '/home/amin/cobot/cobot_ws/build/mycobot_interfaces': CMAKE_PREFIX_PATH=${CMAKE_PREFIX_PATH}:/home/amin/cobot/cobot_ws/install/ultraarm:/home/amin/cobot/cobot_ws/install/pro450_moveit2_control:/home/amin/cobot/cobot_ws/install/mypalletizer_communication:/home/amin/cobot/cobot_ws/install/mypalletizer_260_pi:/home/amin/cobot/cobot_ws/install/mypalletizer_260:/home/amin/cobot/cobot_ws/install/mycobot_pro_450:/home/amin/cobot/cobot_ws/install/myarm_m750:/home/amin/cobot/cobot_ws/install/myarm_c650:/home/amin/cobot/cobot_ws/install/mycobot_communication:/home/amin/cobot/cobot_ws/install/mecharm_communication:/home/amin/cobot/cobot_ws/install/mycobot_630:/home/amin/cobot/cobot_ws/install/mycobot_600:/home/amin/cobot/cobot_ws/install/mycobot_320pi:/home/amin/cobot/cobot_ws/install/mycobot_320_riscv:/home/amin/cobot/cobot_ws/install/mycobot_320:/home/amin/cobot/cobot_ws/install/mycobot_280pi:/home/amin/cobot/cobot_ws/install/mycobot_280jn:/home/amin/cobot/cobot_ws/install/mycobot_280_x3pi:/home/amin/cobot/cobot_ws/install/mycobot_280_riscv:/home/amin/cobot/cobot_ws/install/mycobot_280_rdkx5:/home/amin/cobot/cobot_ws/install/mycobot_280_moveit2_control:/home/amin/cobot/cobot_ws/install/mycobot_280_arduino:/home/amin/cobot/cobot_ws/install/mycobot_280:/home/amin/cobot/cobot_ws/install/mybuddy:/home/amin/cobot/cobot_ws/install/myarm_300:/home/amin/cobot/cobot_ws/install/mecharm_pi:/home/amin/cobot/cobot_ws/install/mecharm:/home/amin/cobot/cobot_ws/install/mycobot_description:/opt/ros/jazzy DEBUGINFOD_URLS=https://debuginfod.ubuntu.com /usr/bin/cmake --build /home/amin/cobot/cobot_ws/build/mycobot_interfaces -- -j8 -l8
[0.439s] DEBUG:colcon.colcon_core.event_handler.log_command:Invoking command in '/home/amin/cobot/cobot_ws/build/mypalletizer_interfaces': CMAKE_PREFIX_PATH=${CMAKE_PREFIX_PATH}:/home/amin/cobot/cobot_ws/install/ultraarm:/home/amin/cobot/cobot_ws/install/pro450_moveit2_control:/home/amin/cobot/cobot_ws/install/mypalletizer_communication:/home/amin/cobot/cobot_ws/install/mypalletizer_260_pi:/home/amin/cobot/cobot_ws/install/mypalletizer_260:/home/amin/cobot/cobot_ws/install/mycobot_pro_450:/home/amin/cobot/cobot_ws/install/myarm_m750:/home/amin/cobot/cobot_ws/install/myarm_c650:/home/amin/cobot/cobot_ws/install/mycobot_communication:/home/amin/cobot/cobot_ws/install/mecharm_communication:/home/amin/cobot/cobot_ws/install/mycobot_630:/home/amin/cobot/cobot_ws/install/mycobot_600:/home/amin/cobot/cobot_ws/install/mycobot_320pi:/home/amin/cobot/cobot_ws/install/mycobot_320_riscv:/home/amin/cobot/cobot_ws/install/mycobot_320:/home/amin/cobot/cobot_ws/install/mycobot_280pi:/home/amin/cobot/cobot_ws/install/mycobot_280jn:/home/amin/cobot/cobot_ws/install/mycobot_280_x3pi:/home/amin/cobot/cobot_ws/install/mycobot_280_riscv:/home/amin/cobot/cobot_ws/install/mycobot_280_rdkx5:/home/amin/cobot/cobot_ws/install/mycobot_280_moveit2_control:/home/amin/cobot/cobot_ws/install/mycobot_280_arduino:/home/amin/cobot/cobot_ws/install/mycobot_280:/home/amin/cobot/cobot_ws/install/mybuddy:/home/amin/cobot/cobot_ws/install/myarm_300:/home/amin/cobot/cobot_ws/install/mecharm_pi:/home/amin/cobot/cobot_ws/install/mecharm:/home/amin/cobot/cobot_ws/install/mycobot_description:/opt/ros/jazzy DEBUGINFOD_URLS=https://debuginfod.ubuntu.com /usr/bin/cmake --build /home/amin/cobot/cobot_ws/build/mypalletizer_interfaces -- -j8 -l8
[0.443s] DEBUG:colcon.colcon_core.event_handler.log_command:Invoking command in '/home/amin/cobot/cobot_ws/build/mecharm_interfaces': CMAKE_PREFIX_PATH=${CMAKE_PREFIX_PATH}:/home/amin/cobot/cobot_ws/install/ultraarm:/home/amin/cobot/cobot_ws/install/pro450_moveit2_control:/home/amin/cobot/cobot_ws/install/mypalletizer_communication:/home/amin/cobot/cobot_ws/install/mypalletizer_260_pi:/home/amin/cobot/cobot_ws/install/mypalletizer_260:/home/amin/cobot/cobot_ws/install/mycobot_pro_450:/home/amin/cobot/cobot_ws/install/myarm_m750:/home/amin/cobot/cobot_ws/install/myarm_c650:/home/amin/cobot/cobot_ws/install/mycobot_communication:/home/amin/cobot/cobot_ws/install/mecharm_communication:/home/amin/cobot/cobot_ws/install/mycobot_630:/home/amin/cobot/cobot_ws/install/mycobot_600:/home/amin/cobot/cobot_ws/install/mycobot_320pi:/home/amin/cobot/cobot_ws/install/mycobot_320_riscv:/home/amin/cobot/cobot_ws/install/mycobot_320:/home/amin/cobot/cobot_ws/install/mycobot_280pi:/home/amin/cobot/cobot_ws/install/mycobot_280jn:/home/amin/cobot/cobot_ws/install/mycobot_280_x3pi:/home/amin/cobot/cobot_ws/install/mycobot_280_riscv:/home/amin/cobot/cobot_ws/install/mycobot_280_rdkx5:/home/amin/cobot/cobot_ws/install/mycobot_280_moveit2_control:/home/amin/cobot/cobot_ws/install/mycobot_280_arduino:/home/amin/cobot/cobot_ws/install/mycobot_280:/home/amin/cobot/cobot_ws/install/mybuddy:/home/amin/cobot/cobot_ws/install/myarm_300:/home/amin/cobot/cobot_ws/install/mecharm_pi:/home/amin/cobot/cobot_ws/install/mecharm:/home/amin/cobot/cobot_ws/install/mycobot_description:/opt/ros/jazzy DEBUGINFOD_URLS=https://debuginfod.ubuntu.com /usr/bin/cmake --build /home/amin/cobot/cobot_ws/build/mecharm_interfaces -- -j8 -l8
[0.446s] DEBUG:colcon.colcon_core.event_handler.log_command:Invoking command in '/home/amin/cobot/cobot_ws/build/mycobot_pro450_interfaces': CMAKE_PREFIX_PATH=${CMAKE_PREFIX_PATH}:/home/amin/cobot/cobot_ws/install/ultraarm:/home/amin/cobot/cobot_ws/install/pro450_moveit2_control:/home/amin/cobot/cobot_ws/install/mypalletizer_communication:/home/amin/cobot/cobot_ws/install/mypalletizer_260_pi:/home/amin/cobot/cobot_ws/install/mypalletizer_260:/home/amin/cobot/cobot_ws/install/mycobot_pro_450:/home/amin/cobot/cobot_ws/install/myarm_m750:/home/amin/cobot/cobot_ws/install/myarm_c650:/home/amin/cobot/cobot_ws/install/mycobot_communication:/home/amin/cobot/cobot_ws/install/mecharm_communication:/home/amin/cobot/cobot_ws/install/mycobot_630:/home/amin/cobot/cobot_ws/install/mycobot_600:/home/amin/cobot/cobot_ws/install/mycobot_320pi:/home/amin/cobot/cobot_ws/install/mycobot_320_riscv:/home/amin/cobot/cobot_ws/install/mycobot_320:/home/amin/cobot/cobot_ws/install/mycobot_280pi:/home/amin/cobot/cobot_ws/install/mycobot_280jn:/home/amin/cobot/cobot_ws/install/mycobot_280_x3pi:/home/amin/cobot/cobot_ws/install/mycobot_280_riscv:/home/amin/cobot/cobot_ws/install/mycobot_280_rdkx5:/home/amin/cobot/cobot_ws/install/mycobot_280_moveit2_control:/home/amin/cobot/cobot_ws/install/mycobot_280_arduino:/home/amin/cobot/cobot_ws/install/mycobot_280:/home/amin/cobot/cobot_ws/install/mybuddy:/home/amin/cobot/cobot_ws/install/myarm_300:/home/amin/cobot/cobot_ws/install/mecharm_pi:/home/amin/cobot/cobot_ws/install/mecharm:/home/amin/cobot/cobot_ws/install/mycobot_description:/opt/ros/jazzy DEBUGINFOD_URLS=https://debuginfod.ubuntu.com /usr/bin/cmake --build /home/amin/cobot/cobot_ws/build/mycobot_pro450_interfaces -- -j8 -l8
[1.071s] DEBUG:colcon.colcon_core.event_handler.log_command:Invoked command in '/home/amin/cobot/cobot_ws/build/mycobot_interfaces' returned '0': CMAKE_PREFIX_PATH=${CMAKE_PREFIX_PATH}:/home/amin/cobot/cobot_ws/install/ultraarm:/home/amin/cobot/cobot_ws/install/pro450_moveit2_control:/home/amin/cobot/cobot_ws/install/mypalletizer_communication:/home/amin/cobot/cobot_ws/install/mypalletizer_260_pi:/home/amin/cobot/cobot_ws/install/mypalletizer_260:/home/amin/cobot/cobot_ws/install/mycobot_pro_450:/home/amin/cobot/cobot_ws/install/myarm_m750:/home/amin/cobot/cobot_ws/install/myarm_c650:/home/amin/cobot/cobot_ws/install/mycobot_communication:/home/amin/cobot/cobot_ws/install/mecharm_communication:/home/amin/cobot/cobot_ws/install/mycobot_630:/home/amin/cobot/cobot_ws/install/mycobot_600:/home/amin/cobot/cobot_ws/install/mycobot_320pi:/home/amin/cobot/cobot_ws/install/mycobot_320_riscv:/home/amin/cobot/cobot_ws/install/mycobot_320:/home/amin/cobot/cobot_ws/install/mycobot_280pi:/home/amin/cobot/cobot_ws/install/mycobot_280jn:/home/amin/cobot/cobot_ws/install/mycobot_280_x3pi:/home/amin/cobot/cobot_ws/install/mycobot_280_riscv:/home/amin/cobot/cobot_ws/install/mycobot_280_rdkx5:/home/amin/cobot/cobot_ws/install/mycobot_280_moveit2_control:/home/amin/cobot/cobot_ws/install/mycobot_280_arduino:/home/amin/cobot/cobot_ws/install/mycobot_280:/home/amin/cobot/cobot_ws/install/mybuddy:/home/amin/cobot/cobot_ws/install/myarm_300:/home/amin/cobot/cobot_ws/install/mecharm_pi:/home/amin/cobot/cobot_ws/install/mecharm:/home/amin/cobot/cobot_ws/install/mycobot_description:/opt/ros/jazzy DEBUGINFOD_URLS=https://debuginfod.ubuntu.com /usr/bin/cmake --build /home/amin/cobot/cobot_ws/build/mycobot_interfaces -- -j8 -l8
[1.079s] DEBUG:colcon.colcon_core.event_handler.log_command:Invoking command in '/home/amin/cobot/cobot_ws/build/mycobot_interfaces': CMAKE_PREFIX_PATH=${CMAKE_PREFIX_PATH}:/home/amin/cobot/cobot_ws/install/ultraarm:/home/amin/cobot/cobot_ws/install/pro450_moveit2_control:/home/amin/cobot/cobot_ws/install/mypalletizer_communication:/home/amin/cobot/cobot_ws/install/mypalletizer_260_pi:/home/amin/cobot/cobot_ws/install/mypalletizer_260:/home/amin/cobot/cobot_ws/install/mycobot_pro_450:/home/amin/cobot/cobot_ws/install/myarm_m750:/home/amin/cobot/cobot_ws/install/myarm_c650:/home/amin/cobot/cobot_ws/install/mycobot_communication:/home/amin/cobot/cobot_ws/install/mecharm_communication:/home/amin/cobot/cobot_ws/install/mycobot_630:/home/amin/cobot/cobot_ws/install/mycobot_600:/home/amin/cobot/cobot_ws/install/mycobot_320pi:/home/amin/cobot/cobot_ws/install/mycobot_320_riscv:/home/amin/cobot/cobot_ws/install/mycobot_320:/home/amin/cobot/cobot_ws/install/mycobot_280pi:/home/amin/cobot/cobot_ws/install/mycobot_280jn:/home/amin/cobot/cobot_ws/install/mycobot_280_x3pi:/home/amin/cobot/cobot_ws/install/mycobot_280_riscv:/home/amin/cobot/cobot_ws/install/mycobot_280_rdkx5:/home/amin/cobot/cobot_ws/install/mycobot_280_moveit2_control:/home/amin/cobot/cobot_ws/install/mycobot_280_arduino:/home/amin/cobot/cobot_ws/install/mycobot_280:/home/amin/cobot/cobot_ws/install/mybuddy:/home/amin/cobot/cobot_ws/install/myarm_300:/home/amin/cobot/cobot_ws/install/mecharm_pi:/home/amin/cobot/cobot_ws/install/mecharm:/home/amin/cobot/cobot_ws/install/mycobot_description:/opt/ros/jazzy DEBUGINFOD_URLS=https://debuginfod.ubuntu.com /usr/bin/cmake --install /home/amin/cobot/cobot_ws/build/mycobot_interfaces
[1.119s] DEBUG:colcon.colcon_core.event_handler.log_command:Invoked command in '/home/amin/cobot/cobot_ws/build/mecharm_interfaces' returned '0': CMAKE_PREFIX_PATH=${CMAKE_PREFIX_PATH}:/home/amin/cobot/cobot_ws/install/ultraarm:/home/amin/cobot/cobot_ws/install/pro450_moveit2_control:/home/amin/cobot/cobot_ws/install/mypalletizer_communication:/home/amin/cobot/cobot_ws/install/mypalletizer_260_pi:/home/amin/cobot/cobot_ws/install/mypalletizer_260:/home/amin/cobot/cobot_ws/install/mycobot_pro_450:/home/amin/cobot/cobot_ws/install/myarm_m750:/home/amin/cobot/cobot_ws/install/myarm_c650:/home/amin/cobot/cobot_ws/install/mycobot_communication:/home/amin/cobot/cobot_ws/install/mecharm_communication:/home/amin/cobot/cobot_ws/install/mycobot_630:/home/amin/cobot/cobot_ws/install/mycobot_600:/home/amin/cobot/cobot_ws/install/mycobot_320pi:/home/amin/cobot/cobot_ws/install/mycobot_320_riscv:/home/amin/cobot/cobot_ws/install/mycobot_320:/home/amin/cobot/cobot_ws/install/mycobot_280pi:/home/amin/cobot/cobot_ws/install/mycobot_280jn:/home/amin/cobot/cobot_ws/install/mycobot_280_x3pi:/home/amin/cobot/cobot_ws/install/mycobot_280_riscv:/home/amin/cobot/cobot_ws/install/mycobot_280_rdkx5:/home/amin/cobot/cobot_ws/install/mycobot_280_moveit2_control:/home/amin/cobot/cobot_ws/install/mycobot_280_arduino:/home/amin/cobot/cobot_ws/install/mycobot_280:/home/amin/cobot/cobot_ws/install/mybuddy:/home/amin/cobot/cobot_ws/install/myarm_300:/home/amin/cobot/cobot_ws/install/mecharm_pi:/home/amin/cobot/cobot_ws/install/mecharm:/home/amin/cobot/cobot_ws/install/mycobot_description:/opt/ros/jazzy DEBUGINFOD_URLS=https://debuginfod.ubuntu.com /usr/bin/cmake --build /home/amin/cobot/cobot_ws/build/mecharm_interfaces -- -j8 -l8
[1.120s] DEBUG:colcon.colcon_core.event_handler.log_command:Invoking command in '/home/amin/cobot/cobot_ws/build/mecharm_interfaces': CMAKE_PREFIX_PATH=${CMAKE_PREFIX_PATH}:/home/amin/cobot/cobot_ws/install/ultraarm:/home/amin/cobot/cobot_ws/install/pro450_moveit2_control:/home/amin/cobot/cobot_ws/install/mypalletizer_communication:/home/amin/cobot/cobot_ws/install/mypalletizer_260_pi:/home/amin/cobot/cobot_ws/install/mypalletizer_260:/home/amin/cobot/cobot_ws/install/mycobot_pro_450:/home/amin/cobot/cobot_ws/install/myarm_m750:/home/amin/cobot/cobot_ws/install/myarm_c650:/home/amin/cobot/cobot_ws/install/mycobot_communication:/home/amin/cobot/cobot_ws/install/mecharm_communication:/home/amin/cobot/cobot_ws/install/mycobot_630:/home/amin/cobot/cobot_ws/install/mycobot_600:/home/amin/cobot/cobot_ws/install/mycobot_320pi:/home/amin/cobot/cobot_ws/install/mycobot_320_riscv:/home/amin/cobot/cobot_ws/install/mycobot_320:/home/amin/cobot/cobot_ws/install/mycobot_280pi:/home/amin/cobot/cobot_ws/install/mycobot_280jn:/home/amin/cobot/cobot_ws/install/mycobot_280_x3pi:/home/amin/cobot/cobot_ws/install/mycobot_280_riscv:/home/amin/cobot/cobot_ws/install/mycobot_280_rdkx5:/home/amin/cobot/cobot_ws/install/mycobot_280_moveit2_control:/home/amin/cobot/cobot_ws/install/mycobot_280_arduino:/home/amin/cobot/cobot_ws/install/mycobot_280:/home/amin/cobot/cobot_ws/install/mybuddy:/home/amin/cobot/cobot_ws/install/myarm_300:/home/amin/cobot/cobot_ws/install/mecharm_pi:/home/amin/cobot/cobot_ws/install/mecharm:/home/amin/cobot/cobot_ws/install/mycobot_description:/opt/ros/jazzy DEBUGINFOD_URLS=https://debuginfod.ubuntu.com /usr/bin/cmake --install /home/amin/cobot/cobot_ws/build/mecharm_interfaces
[1.169s] Level 1:colcon.colcon_core.environment:create_environment_scripts_only(mycobot_interfaces)
[1.180s] DEBUG:colcon.colcon_core.event_handler.log_command:Invoked command in '/home/amin/cobot/cobot_ws/build/mycobot_interfaces' returned '0': CMAKE_PREFIX_PATH=${CMAKE_PREFIX_PATH}:/home/amin/cobot/cobot_ws/install/ultraarm:/home/amin/cobot/cobot_ws/install/pro450_moveit2_control:/home/amin/cobot/cobot_ws/install/mypalletizer_communication:/home/amin/cobot/cobot_ws/install/mypalletizer_260_pi:/home/amin/cobot/cobot_ws/install/mypalletizer_260:/home/amin/cobot/cobot_ws/install/mycobot_pro_450:/home/amin/cobot/cobot_ws/install/myarm_m750:/home/amin/cobot/cobot_ws/install/myarm_c650:/home/amin/cobot/cobot_ws/install/mycobot_communication:/home/amin/cobot/cobot_ws/install/mecharm_communication:/home/amin/cobot/cobot_ws/install/mycobot_630:/home/amin/cobot/cobot_ws/install/mycobot_600:/home/amin/cobot/cobot_ws/install/mycobot_320pi:/home/amin/cobot/cobot_ws/install/mycobot_320_riscv:/home/amin/cobot/cobot_ws/install/mycobot_320:/home/amin/cobot/cobot_ws/install/mycobot_280pi:/home/amin/cobot/cobot_ws/install/mycobot_280jn:/home/amin/cobot/cobot_ws/install/mycobot_280_x3pi:/home/amin/cobot/cobot_ws/install/mycobot_280_riscv:/home/amin/cobot/cobot_ws/install/mycobot_280_rdkx5:/home/amin/cobot/cobot_ws/install/mycobot_280_moveit2_control:/home/amin/cobot/cobot_ws/install/mycobot_280_arduino:/home/amin/cobot/cobot_ws/install/mycobot_280:/home/amin/cobot/cobot_ws/install/mybuddy:/home/amin/cobot/cobot_ws/install/myarm_300:/home/amin/cobot/cobot_ws/install/mecharm_pi:/home/amin/cobot/cobot_ws/install/mecharm:/home/amin/cobot/cobot_ws/install/mycobot_description:/opt/ros/jazzy DEBUGINFOD_URLS=https://debuginfod.ubuntu.com /usr/bin/cmake --install /home/amin/cobot/cobot_ws/build/mycobot_interfaces
[1.181s] Level 1:colcon.colcon_core.environment:checking '/home/amin/cobot/cobot_ws/install/mycobot_interfaces' for CMake module files
[1.182s] Level 1:colcon.colcon_core.environment:checking '/home/amin/cobot/cobot_ws/install/mycobot_interfaces' for CMake config files
[1.182s] Level 1:colcon.colcon_core.shell:create_environment_hook('mycobot_interfaces', 'cmake_prefix_path')
[1.183s] INFO:colcon.colcon_core.shell:Creating environment hook '/home/amin/cobot/cobot_ws/install/mycobot_interfaces/share/mycobot_interfaces/hook/cmake_prefix_path.ps1'
[1.183s] INFO:colcon.colcon_core.shell:Creating environment descriptor '/home/amin/cobot/cobot_ws/install/mycobot_interfaces/share/mycobot_interfaces/hook/cmake_prefix_path.dsv'
[1.184s] INFO:colcon.colcon_core.shell:Creating environment hook '/home/amin/cobot/cobot_ws/install/mycobot_interfaces/share/mycobot_interfaces/hook/cmake_prefix_path.sh'
[1.184s] Level 1:colcon.colcon_core.environment:checking '/home/amin/cobot/cobot_ws/install/mycobot_interfaces/lib'
[1.184s] Level 1:colcon.colcon_core.shell:create_environment_hook('mycobot_interfaces', 'ld_library_path_lib')
[1.185s] INFO:colcon.colcon_core.shell:Creating environment hook '/home/amin/cobot/cobot_ws/install/mycobot_interfaces/share/mycobot_interfaces/hook/ld_library_path_lib.ps1'
[1.185s] INFO:colcon.colcon_core.shell:Creating environment descriptor '/home/amin/cobot/cobot_ws/install/mycobot_interfaces/share/mycobot_interfaces/hook/ld_library_path_lib.dsv'
[1.185s] INFO:colcon.colcon_core.shell:Creating environment hook '/home/amin/cobot/cobot_ws/install/mycobot_interfaces/share/mycobot_interfaces/hook/ld_library_path_lib.sh'
[1.186s] Level 1:colcon.colcon_core.environment:checking '/home/amin/cobot/cobot_ws/install/mycobot_interfaces/bin'
[1.186s] Level 1:colcon.colcon_core.environment:checking '/home/amin/cobot/cobot_ws/install/mycobot_interfaces/lib/pkgconfig/mycobot_interfaces.pc'
[1.186s] Level 1:colcon.colcon_core.environment:checking '/home/amin/cobot/cobot_ws/install/mycobot_interfaces/lib/python3.12/site-packages'
[1.186s] Level 1:colcon.colcon_core.shell:create_environment_hook('mycobot_interfaces', 'pythonpath')
[1.186s] INFO:colcon.colcon_core.shell:Creating environment hook '/home/amin/cobot/cobot_ws/install/mycobot_interfaces/share/mycobot_interfaces/hook/pythonpath.ps1'
[1.186s] INFO:colcon.colcon_core.shell:Creating environment descriptor '/home/amin/cobot/cobot_ws/install/mycobot_interfaces/share/mycobot_interfaces/hook/pythonpath.dsv'
[1.187s] INFO:colcon.colcon_core.shell:Creating environment hook '/home/amin/cobot/cobot_ws/install/mycobot_interfaces/share/mycobot_interfaces/hook/pythonpath.sh'
[1.187s] Level 1:colcon.colcon_core.environment:checking '/home/amin/cobot/cobot_ws/install/mycobot_interfaces/bin'
[1.187s] INFO:colcon.colcon_core.shell:Creating package script '/home/amin/cobot/cobot_ws/install/mycobot_interfaces/share/mycobot_interfaces/package.ps1'
[1.188s] INFO:colcon.colcon_core.shell:Creating package descriptor '/home/amin/cobot/cobot_ws/install/mycobot_interfaces/share/mycobot_interfaces/package.dsv'
[1.188s] INFO:colcon.colcon_core.shell:Creating package script '/home/amin/cobot/cobot_ws/install/mycobot_interfaces/share/mycobot_interfaces/package.sh'
[1.189s] INFO:colcon.colcon_core.shell:Creating package script '/home/amin/cobot/cobot_ws/install/mycobot_interfaces/share/mycobot_interfaces/package.bash'
[1.189s] INFO:colcon.colcon_core.shell:Creating package script '/home/amin/cobot/cobot_ws/install/mycobot_interfaces/share/mycobot_interfaces/package.zsh'
[1.189s] Level 1:colcon.colcon_core.environment:create_file_with_runtime_dependencies(/home/amin/cobot/cobot_ws/install/mycobot_interfaces/share/colcon-core/packages/mycobot_interfaces)
[1.190s] Level 1:colcon.colcon_core.environment:create_environment_scripts_only(mycobot_interfaces)
[1.190s] Level 1:colcon.colcon_core.environment:checking '/home/amin/cobot/cobot_ws/install/mycobot_interfaces' for CMake module files
[1.190s] Level 1:colcon.colcon_core.environment:checking '/home/amin/cobot/cobot_ws/install/mycobot_interfaces' for CMake config files
[1.191s] Level 1:colcon.colcon_core.shell:create_environment_hook('mycobot_interfaces', 'cmake_prefix_path')
[1.191s] INFO:colcon.colcon_core.shell:Creating environment hook '/home/amin/cobot/cobot_ws/install/mycobot_interfaces/share/mycobot_interfaces/hook/cmake_prefix_path.ps1'
[1.191s] INFO:colcon.colcon_core.shell:Creating environment descriptor '/home/amin/cobot/cobot_ws/install/mycobot_interfaces/share/mycobot_interfaces/hook/cmake_prefix_path.dsv'
[1.191s] INFO:colcon.colcon_core.shell:Creating environment hook '/home/amin/cobot/cobot_ws/install/mycobot_interfaces/share/mycobot_interfaces/hook/cmake_prefix_path.sh'
[1.191s] Level 1:colcon.colcon_core.environment:checking '/home/amin/cobot/cobot_ws/install/mycobot_interfaces/lib'
[1.192s] Level 1:colcon.colcon_core.shell:create_environment_hook('mycobot_interfaces', 'ld_library_path_lib')
[1.192s] INFO:colcon.colcon_core.shell:Creating environment hook '/home/amin/cobot/cobot_ws/install/mycobot_interfaces/share/mycobot_interfaces/hook/ld_library_path_lib.ps1'
[1.192s] INFO:colcon.colcon_core.shell:Creating environment descriptor '/home/amin/cobot/cobot_ws/install/mycobot_interfaces/share/mycobot_interfaces/hook/ld_library_path_lib.dsv'
[1.192s] INFO:colcon.colcon_core.shell:Creating environment hook '/home/amin/cobot/cobot_ws/install/mycobot_interfaces/share/mycobot_interfaces/hook/ld_library_path_lib.sh'
[1.192s] Level 1:colcon.colcon_core.environment:checking '/home/amin/cobot/cobot_ws/install/mycobot_interfaces/bin'
[1.192s] Level 1:colcon.colcon_core.environment:checking '/home/amin/cobot/cobot_ws/install/mycobot_interfaces/lib/pkgconfig/mycobot_interfaces.pc'
[1.193s] Level 1:colcon.colcon_core.environment:checking '/home/amin/cobot/cobot_ws/install/mycobot_interfaces/lib/python3.12/site-packages'
[1.193s] Level 1:colcon.colcon_core.shell:create_environment_hook('mycobot_interfaces', 'pythonpath')
[1.193s] INFO:colcon.colcon_core.shell:Creating environment hook '/home/amin/cobot/cobot_ws/install/mycobot_interfaces/share/mycobot_interfaces/hook/pythonpath.ps1'
[1.193s] INFO:colcon.colcon_core.shell:Creating environment descriptor '/home/amin/cobot/cobot_ws/install/mycobot_interfaces/share/mycobot_interfaces/hook/pythonpath.dsv'
[1.194s] INFO:colcon.colcon_core.shell:Creating environment hook '/home/amin/cobot/cobot_ws/install/mycobot_interfaces/share/mycobot_interfaces/hook/pythonpath.sh'
[1.194s] Level 1:colcon.colcon_core.environment:checking '/home/amin/cobot/cobot_ws/install/mycobot_interfaces/bin'
[1.194s] INFO:colcon.colcon_core.shell:Creating package script '/home/amin/cobot/cobot_ws/install/mycobot_interfaces/share/mycobot_interfaces/package.ps1'
[1.195s] INFO:colcon.colcon_core.shell:Creating package descriptor '/home/amin/cobot/cobot_ws/install/mycobot_interfaces/share/mycobot_interfaces/package.dsv'
[1.195s] INFO:colcon.colcon_core.shell:Creating package script '/home/amin/cobot/cobot_ws/install/mycobot_interfaces/share/mycobot_interfaces/package.sh'
[1.195s] INFO:colcon.colcon_core.shell:Creating package script '/home/amin/cobot/cobot_ws/install/mycobot_interfaces/share/mycobot_interfaces/package.bash'
[1.195s] INFO:colcon.colcon_core.shell:Creating package script '/home/amin/cobot/cobot_ws/install/mycobot_interfaces/share/mycobot_interfaces/package.zsh'
[1.196s] Level 1:colcon.colcon_core.environment:create_file_with_runtime_dependencies(/home/amin/cobot/cobot_ws/install/mycobot_interfaces/share/colcon-core/packages/mycobot_interfaces)
[1.196s] INFO:colcon.colcon_ros.task.ament_python.build:Building ROS package in '/home/amin/cobot/cobot_ws/src/mycobot_ros2/mycobot_communication' with build type 'ament_python'
[1.197s] Level 1:colcon.colcon_core.shell:create_environment_hook('mycobot_communication', 'ament_prefix_path')
[1.197s] INFO:colcon.colcon_core.shell:Creating environment hook '/home/amin/cobot/cobot_ws/install/mycobot_communication/share/mycobot_communication/hook/ament_prefix_path.ps1'
[1.197s] INFO:colcon.colcon_core.shell:Creating environment descriptor '/home/amin/cobot/cobot_ws/install/mycobot_communication/share/mycobot_communication/hook/ament_prefix_path.dsv'
[1.197s] INFO:colcon.colcon_core.shell:Creating environment hook '/home/amin/cobot/cobot_ws/install/mycobot_communication/share/mycobot_communication/hook/ament_prefix_path.sh'
[1.198s] INFO:colcon.colcon_core.shell:Skip shell extension 'powershell' for command environment: Not usable outside of PowerShell
[1.198s] DEBUG:colcon.colcon_core.shell:Skip shell extension 'dsv' for command environment
[1.211s] INFO:colcon.colcon_ros.task.ament_python.build:Building ROS package in '/home/amin/cobot/cobot_ws/src/mycobot_ros2/mecharm/mecharm_communication' with build type 'ament_python'
[1.211s] Level 1:colcon.colcon_core.shell:create_environment_hook('mecharm_communication', 'ament_prefix_path')
[1.211s] INFO:colcon.colcon_core.shell:Creating environment hook '/home/amin/cobot/cobot_ws/install/mecharm_communication/share/mecharm_communication/hook/ament_prefix_path.ps1'
[1.211s] INFO:colcon.colcon_core.shell:Creating environment descriptor '/home/amin/cobot/cobot_ws/install/mecharm_communication/share/mecharm_communication/hook/ament_prefix_path.dsv'
[1.212s] INFO:colcon.colcon_core.shell:Creating environment hook '/home/amin/cobot/cobot_ws/install/mecharm_communication/share/mecharm_communication/hook/ament_prefix_path.sh'
[1.212s] INFO:colcon.colcon_core.shell:Skip shell extension 'powershell' for command environment: Not usable outside of PowerShell
[1.212s] DEBUG:colcon.colcon_core.shell:Skip shell extension 'dsv' for command environment
[1.216s] DEBUG:colcon.colcon_core.event_handler.log_command:Invoked command in '/home/amin/cobot/cobot_ws/build/mycobot_pro450_interfaces' returned '0': CMAKE_PREFIX_PATH=${CMAKE_PREFIX_PATH}:/home/amin/cobot/cobot_ws/install/ultraarm:/home/amin/cobot/cobot_ws/install/pro450_moveit2_control:/home/amin/cobot/cobot_ws/install/mypalletizer_communication:/home/amin/cobot/cobot_ws/install/mypalletizer_260_pi:/home/amin/cobot/cobot_ws/install/mypalletizer_260:/home/amin/cobot/cobot_ws/install/mycobot_pro_450:/home/amin/cobot/cobot_ws/install/myarm_m750:/home/amin/cobot/cobot_ws/install/myarm_c650:/home/amin/cobot/cobot_ws/install/mycobot_communication:/home/amin/cobot/cobot_ws/install/mecharm_communication:/home/amin/cobot/cobot_ws/install/mycobot_630:/home/amin/cobot/cobot_ws/install/mycobot_600:/home/amin/cobot/cobot_ws/install/mycobot_320pi:/home/amin/cobot/cobot_ws/install/mycobot_320_riscv:/home/amin/cobot/cobot_ws/install/mycobot_320:/home/amin/cobot/cobot_ws/install/mycobot_280pi:/home/amin/cobot/cobot_ws/install/mycobot_280jn:/home/amin/cobot/cobot_ws/install/mycobot_280_x3pi:/home/amin/cobot/cobot_ws/install/mycobot_280_riscv:/home/amin/cobot/cobot_ws/install/mycobot_280_rdkx5:/home/amin/cobot/cobot_ws/install/mycobot_280_moveit2_control:/home/amin/cobot/cobot_ws/install/mycobot_280_arduino:/home/amin/cobot/cobot_ws/install/mycobot_280:/home/amin/cobot/cobot_ws/install/mybuddy:/home/amin/cobot/cobot_ws/install/myarm_300:/home/amin/cobot/cobot_ws/install/mecharm_pi:/home/amin/cobot/cobot_ws/install/mecharm:/home/amin/cobot/cobot_ws/install/mycobot_description:/opt/ros/jazzy DEBUGINFOD_URLS=https://debuginfod.ubuntu.com /usr/bin/cmake --build /home/amin/cobot/cobot_ws/build/mycobot_pro450_interfaces -- -j8 -l8
[1.217s] DEBUG:colcon.colcon_core.event_handler.log_command:Invoking command in '/home/amin/cobot/cobot_ws/build/mycobot_pro450_interfaces': CMAKE_PREFIX_PATH=${CMAKE_PREFIX_PATH}:/home/amin/cobot/cobot_ws/install/ultraarm:/home/amin/cobot/cobot_ws/install/pro450_moveit2_control:/home/amin/cobot/cobot_ws/install/mypalletizer_communication:/home/amin/cobot/cobot_ws/install/mypalletizer_260_pi:/home/amin/cobot/cobot_ws/install/mypalletizer_260:/home/amin/cobot/cobot_ws/install/mycobot_pro_450:/home/amin/cobot/cobot_ws/install/myarm_m750:/home/amin/cobot/cobot_ws/install/myarm_c650:/home/amin/cobot/cobot_ws/install/mycobot_communication:/home/amin/cobot/cobot_ws/install/mecharm_communication:/home/amin/cobot/cobot_ws/install/mycobot_630:/home/amin/cobot/cobot_ws/install/mycobot_600:/home/amin/cobot/cobot_ws/install/mycobot_320pi:/home/amin/cobot/cobot_ws/install/mycobot_320_riscv:/home/amin/cobot/cobot_ws/install/mycobot_320:/home/amin/cobot/cobot_ws/install/mycobot_280pi:/home/amin/cobot/cobot_ws/install/mycobot_280jn:/home/amin/cobot/cobot_ws/install/mycobot_280_x3pi:/home/amin/cobot/cobot_ws/install/mycobot_280_riscv:/home/amin/cobot/cobot_ws/install/mycobot_280_rdkx5:/home/amin/cobot/cobot_ws/install/mycobot_280_moveit2_control:/home/amin/cobot/cobot_ws/install/mycobot_280_arduino:/home/amin/cobot/cobot_ws/install/mycobot_280:/home/amin/cobot/cobot_ws/install/mybuddy:/home/amin/cobot/cobot_ws/install/myarm_300:/home/amin/cobot/cobot_ws/install/mecharm_pi:/home/amin/cobot/cobot_ws/install/mecharm:/home/amin/cobot/cobot_ws/install/mycobot_description:/opt/ros/jazzy DEBUGINFOD_URLS=https://debuginfod.ubuntu.com /usr/bin/cmake --install /home/amin/cobot/cobot_ws/build/mycobot_pro450_interfaces
[1.218s] DEBUG:colcon.colcon_core.event_handler.log_command:Invoked command in '/home/amin/cobot/cobot_ws/build/mypalletizer_interfaces' returned '0': CMAKE_PREFIX_PATH=${CMAKE_PREFIX_PATH}:/home/amin/cobot/cobot_ws/install/ultraarm:/home/amin/cobot/cobot_ws/install/pro450_moveit2_control:/home/amin/cobot/cobot_ws/install/mypalletizer_communication:/home/amin/cobot/cobot_ws/install/mypalletizer_260_pi:/home/amin/cobot/cobot_ws/install/mypalletizer_260:/home/amin/cobot/cobot_ws/install/mycobot_pro_450:/home/amin/cobot/cobot_ws/install/myarm_m750:/home/amin/cobot/cobot_ws/install/myarm_c650:/home/amin/cobot/cobot_ws/install/mycobot_communication:/home/amin/cobot/cobot_ws/install/mecharm_communication:/home/amin/cobot/cobot_ws/install/mycobot_630:/home/amin/cobot/cobot_ws/install/mycobot_600:/home/amin/cobot/cobot_ws/install/mycobot_320pi:/home/amin/cobot/cobot_ws/install/mycobot_320_riscv:/home/amin/cobot/cobot_ws/install/mycobot_320:/home/amin/cobot/cobot_ws/install/mycobot_280pi:/home/amin/cobot/cobot_ws/install/mycobot_280jn:/home/amin/cobot/cobot_ws/install/mycobot_280_x3pi:/home/amin/cobot/cobot_ws/install/mycobot_280_riscv:/home/amin/cobot/cobot_ws/install/mycobot_280_rdkx5:/home/amin/cobot/cobot_ws/install/mycobot_280_moveit2_control:/home/amin/cobot/cobot_ws/install/mycobot_280_arduino:/home/amin/cobot/cobot_ws/install/mycobot_280:/home/amin/cobot/cobot_ws/install/mybuddy:/home/amin/cobot/cobot_ws/install/myarm_300:/home/amin/cobot/cobot_ws/install/mecharm_pi:/home/amin/cobot/cobot_ws/install/mecharm:/home/amin/cobot/cobot_ws/install/mycobot_description:/opt/ros/jazzy DEBUGINFOD_URLS=https://debuginfod.ubuntu.com /usr/bin/cmake --build /home/amin/cobot/cobot_ws/build/mypalletizer_interfaces -- -j8 -l8
[1.219s] Level 1:colcon.colcon_core.environment:create_environment_scripts_only(mecharm_interfaces)
[1.219s] Level 1:colcon.colcon_core.environment:checking '/home/amin/cobot/cobot_ws/install/mecharm_interfaces' for CMake module files
[1.220s] DEBUG:colcon.colcon_core.event_handler.log_command:Invoking command in '/home/amin/cobot/cobot_ws/build/mypalletizer_interfaces': CMAKE_PREFIX_PATH=${CMAKE_PREFIX_PATH}:/home/amin/cobot/cobot_ws/install/ultraarm:/home/amin/cobot/cobot_ws/install/pro450_moveit2_control:/home/amin/cobot/cobot_ws/install/mypalletizer_communication:/home/amin/cobot/cobot_ws/install/mypalletizer_260_pi:/home/amin/cobot/cobot_ws/install/mypalletizer_260:/home/amin/cobot/cobot_ws/install/mycobot_pro_450:/home/amin/cobot/cobot_ws/install/myarm_m750:/home/amin/cobot/cobot_ws/install/myarm_c650:/home/amin/cobot/cobot_ws/install/mycobot_communication:/home/amin/cobot/cobot_ws/install/mecharm_communication:/home/amin/cobot/cobot_ws/install/mycobot_630:/home/amin/cobot/cobot_ws/install/mycobot_600:/home/amin/cobot/cobot_ws/install/mycobot_320pi:/home/amin/cobot/cobot_ws/install/mycobot_320_riscv:/home/amin/cobot/cobot_ws/install/mycobot_320:/home/amin/cobot/cobot_ws/install/mycobot_280pi:/home/amin/cobot/cobot_ws/install/mycobot_280jn:/home/amin/cobot/cobot_ws/install/mycobot_280_x3pi:/home/amin/cobot/cobot_ws/install/mycobot_280_riscv:/home/amin/cobot/cobot_ws/install/mycobot_280_rdkx5:/home/amin/cobot/cobot_ws/install/mycobot_280_moveit2_control:/home/amin/cobot/cobot_ws/install/mycobot_280_arduino:/home/amin/cobot/cobot_ws/install/mycobot_280:/home/amin/cobot/cobot_ws/install/mybuddy:/home/amin/cobot/cobot_ws/install/myarm_300:/home/amin/cobot/cobot_ws/install/mecharm_pi:/home/amin/cobot/cobot_ws/install/mecharm:/home/amin/cobot/cobot_ws/install/mycobot_description:/opt/ros/jazzy DEBUGINFOD_URLS=https://debuginfod.ubuntu.com /usr/bin/cmake --install /home/amin/cobot/cobot_ws/build/mypalletizer_interfaces
[1.220s] DEBUG:colcon.colcon_core.event_handler.log_command:Invoked command in '/home/amin/cobot/cobot_ws/build/mecharm_interfaces' returned '0': CMAKE_PREFIX_PATH=${CMAKE_PREFIX_PATH}:/home/amin/cobot/cobot_ws/install/ultraarm:/home/amin/cobot/cobot_ws/install/pro450_moveit2_control:/home/amin/cobot/cobot_ws/install/mypalletizer_communication:/home/amin/cobot/cobot_ws/install/mypalletizer_260_pi:/home/amin/cobot/cobot_ws/install/mypalletizer_260:/home/amin/cobot/cobot_ws/install/mycobot_pro_450:/home/amin/cobot/cobot_ws/install/myarm_m750:/home/amin/cobot/cobot_ws/install/myarm_c650:/home/amin/cobot/cobot_ws/install/mycobot_communication:/home/amin/cobot/cobot_ws/install/mecharm_communication:/home/amin/cobot/cobot_ws/install/mycobot_630:/home/amin/cobot/cobot_ws/install/mycobot_600:/home/amin/cobot/cobot_ws/install/mycobot_320pi:/home/amin/cobot/cobot_ws/install/mycobot_320_riscv:/home/amin/cobot/cobot_ws/install/mycobot_320:/home/amin/cobot/cobot_ws/install/mycobot_280pi:/home/amin/cobot/cobot_ws/install/mycobot_280jn:/home/amin/cobot/cobot_ws/install/mycobot_280_x3pi:/home/amin/cobot/cobot_ws/install/mycobot_280_riscv:/home/amin/cobot/cobot_ws/install/mycobot_280_rdkx5:/home/amin/cobot/cobot_ws/install/mycobot_280_moveit2_control:/home/amin/cobot/cobot_ws/install/mycobot_280_arduino:/home/amin/cobot/cobot_ws/install/mycobot_280:/home/amin/cobot/cobot_ws/install/mybuddy:/home/amin/cobot/cobot_ws/install/myarm_300:/home/amin/cobot/cobot_ws/install/mecharm_pi:/home/amin/cobot/cobot_ws/install/mecharm:/home/amin/cobot/cobot_ws/install/mycobot_description:/opt/ros/jazzy DEBUGINFOD_URLS=https://debuginfod.ubuntu.com /usr/bin/cmake --install /home/amin/cobot/cobot_ws/build/mecharm_interfaces
[1.221s] Level 1:colcon.colcon_core.environment:checking '/home/amin/cobot/cobot_ws/install/mecharm_interfaces' for CMake config files
[1.222s] Level 1:colcon.colcon_core.shell:create_environment_hook('mecharm_interfaces', 'cmake_prefix_path')
[1.223s] INFO:colcon.colcon_core.shell:Creating environment hook '/home/amin/cobot/cobot_ws/install/mecharm_interfaces/share/mecharm_interfaces/hook/cmake_prefix_path.ps1'
[1.224s] INFO:colcon.colcon_core.shell:Creating environment descriptor '/home/amin/cobot/cobot_ws/install/mecharm_interfaces/share/mecharm_interfaces/hook/cmake_prefix_path.dsv'
[1.224s] INFO:colcon.colcon_core.shell:Creating environment hook '/home/amin/cobot/cobot_ws/install/mecharm_interfaces/share/mecharm_interfaces/hook/cmake_prefix_path.sh'
[1.225s] Level 1:colcon.colcon_core.environment:checking '/home/amin/cobot/cobot_ws/install/mecharm_interfaces/lib'
[1.225s] Level 1:colcon.colcon_core.shell:create_environment_hook('mecharm_interfaces', 'ld_library_path_lib')
[1.225s] INFO:colcon.colcon_core.shell:Creating environment hook '/home/amin/cobot/cobot_ws/install/mecharm_interfaces/share/mecharm_interfaces/hook/ld_library_path_lib.ps1'
[1.226s] INFO:colcon.colcon_core.shell:Creating environment descriptor '/home/amin/cobot/cobot_ws/install/mecharm_interfaces/share/mecharm_interfaces/hook/ld_library_path_lib.dsv'
[1.226s] INFO:colcon.colcon_core.shell:Creating environment hook '/home/amin/cobot/cobot_ws/install/mecharm_interfaces/share/mecharm_interfaces/hook/ld_library_path_lib.sh'
[1.226s] Level 1:colcon.colcon_core.environment:checking '/home/amin/cobot/cobot_ws/install/mecharm_interfaces/bin'
[1.226s] Level 1:colcon.colcon_core.environment:checking '/home/amin/cobot/cobot_ws/install/mecharm_interfaces/lib/pkgconfig/mecharm_interfaces.pc'
[1.226s] Level 1:colcon.colcon_core.environment:checking '/home/amin/cobot/cobot_ws/install/mecharm_interfaces/lib/python3.12/site-packages'
[1.227s] Level 1:colcon.colcon_core.shell:create_environment_hook('mecharm_interfaces', 'pythonpath')
[1.227s] INFO:colcon.colcon_core.shell:Creating environment hook '/home/amin/cobot/cobot_ws/install/mecharm_interfaces/share/mecharm_interfaces/hook/pythonpath.ps1'
[1.227s] INFO:colcon.colcon_core.shell:Creating environment descriptor '/home/amin/cobot/cobot_ws/install/mecharm_interfaces/share/mecharm_interfaces/hook/pythonpath.dsv'
[1.227s] INFO:colcon.colcon_core.shell:Creating environment hook '/home/amin/cobot/cobot_ws/install/mecharm_interfaces/share/mecharm_interfaces/hook/pythonpath.sh'
[1.228s] Level 1:colcon.colcon_core.environment:checking '/home/amin/cobot/cobot_ws/install/mecharm_interfaces/bin'
[1.228s] INFO:colcon.colcon_core.shell:Creating package script '/home/amin/cobot/cobot_ws/install/mecharm_interfaces/share/mecharm_interfaces/package.ps1'
[1.231s] INFO:colcon.colcon_core.shell:Creating package descriptor '/home/amin/cobot/cobot_ws/install/mecharm_interfaces/share/mecharm_interfaces/package.dsv'
[1.232s] INFO:colcon.colcon_core.shell:Creating package script '/home/amin/cobot/cobot_ws/install/mecharm_interfaces/share/mecharm_interfaces/package.sh'
[1.233s] INFO:colcon.colcon_core.shell:Creating package script '/home/amin/cobot/cobot_ws/install/mecharm_interfaces/share/mecharm_interfaces/package.bash'
[1.233s] INFO:colcon.colcon_core.shell:Creating package script '/home/amin/cobot/cobot_ws/install/mecharm_interfaces/share/mecharm_interfaces/package.zsh'
[1.234s] Level 1:colcon.colcon_core.environment:create_file_with_runtime_dependencies(/home/amin/cobot/cobot_ws/install/mecharm_interfaces/share/colcon-core/packages/mecharm_interfaces)
[1.235s] Level 1:colcon.colcon_core.environment:create_environment_scripts_only(mecharm_interfaces)
[1.235s] Level 1:colcon.colcon_core.environment:checking '/home/amin/cobot/cobot_ws/install/mecharm_interfaces' for CMake module files
[1.236s] Level 1:colcon.colcon_core.environment:checking '/home/amin/cobot/cobot_ws/install/mecharm_interfaces' for CMake config files
[1.241s] Level 1:colcon.colcon_core.shell:create_environment_hook('mecharm_interfaces', 'cmake_prefix_path')
[1.242s] INFO:colcon.colcon_core.shell:Creating environment hook '/home/amin/cobot/cobot_ws/install/mecharm_interfaces/share/mecharm_interfaces/hook/cmake_prefix_path.ps1'
[1.242s] INFO:colcon.colcon_core.shell:Creating environment descriptor '/home/amin/cobot/cobot_ws/install/mecharm_interfaces/share/mecharm_interfaces/hook/cmake_prefix_path.dsv'
[1.243s] INFO:colcon.colcon_core.shell:Creating environment hook '/home/amin/cobot/cobot_ws/install/mecharm_interfaces/share/mecharm_interfaces/hook/cmake_prefix_path.sh'
[1.246s] Level 1:colcon.colcon_core.environment:checking '/home/amin/cobot/cobot_ws/install/mecharm_interfaces/lib'
[1.247s] Level 1:colcon.colcon_core.shell:create_environment_hook('mecharm_interfaces', 'ld_library_path_lib')
[1.247s] INFO:colcon.colcon_core.shell:Creating environment hook '/home/amin/cobot/cobot_ws/install/mecharm_interfaces/share/mecharm_interfaces/hook/ld_library_path_lib.ps1'
[1.249s] INFO:colcon.colcon_core.shell:Creating environment descriptor '/home/amin/cobot/cobot_ws/install/mecharm_interfaces/share/mecharm_interfaces/hook/ld_library_path_lib.dsv'
[1.250s] INFO:colcon.colcon_core.shell:Creating environment hook '/home/amin/cobot/cobot_ws/install/mecharm_interfaces/share/mecharm_interfaces/hook/ld_library_path_lib.sh'
[1.252s] Level 1:colcon.colcon_core.environment:checking '/home/amin/cobot/cobot_ws/install/mecharm_interfaces/bin'
[1.252s] Level 1:colcon.colcon_core.environment:checking '/home/amin/cobot/cobot_ws/install/mecharm_interfaces/lib/pkgconfig/mecharm_interfaces.pc'
[1.252s] Level 1:colcon.colcon_core.environment:checking '/home/amin/cobot/cobot_ws/install/mecharm_interfaces/lib/python3.12/site-packages'
[1.252s] Level 1:colcon.colcon_core.shell:create_environment_hook('mecharm_interfaces', 'pythonpath')
[1.253s] INFO:colcon.colcon_core.shell:Creating environment hook '/home/amin/cobot/cobot_ws/install/mecharm_interfaces/share/mecharm_interfaces/hook/pythonpath.ps1'
[1.254s] INFO:colcon.colcon_core.shell:Creating environment descriptor '/home/amin/cobot/cobot_ws/install/mecharm_interfaces/share/mecharm_interfaces/hook/pythonpath.dsv'
[1.255s] INFO:colcon.colcon_core.shell:Creating environment hook '/home/amin/cobot/cobot_ws/install/mecharm_interfaces/share/mecharm_interfaces/hook/pythonpath.sh'
[1.256s] Level 1:colcon.colcon_core.environment:checking '/home/amin/cobot/cobot_ws/install/mecharm_interfaces/bin'
[1.257s] INFO:colcon.colcon_core.shell:Creating package script '/home/amin/cobot/cobot_ws/install/mecharm_interfaces/share/mecharm_interfaces/package.ps1'
[1.258s] INFO:colcon.colcon_core.shell:Creating package descriptor '/home/amin/cobot/cobot_ws/install/mecharm_interfaces/share/mecharm_interfaces/package.dsv'
[1.259s] INFO:colcon.colcon_core.shell:Creating package script '/home/amin/cobot/cobot_ws/install/mecharm_interfaces/share/mecharm_interfaces/package.sh'
[1.261s] INFO:colcon.colcon_core.shell:Creating package script '/home/amin/cobot/cobot_ws/install/mecharm_interfaces/share/mecharm_interfaces/package.bash'
[1.262s] INFO:colcon.colcon_core.shell:Creating package script '/home/amin/cobot/cobot_ws/install/mecharm_interfaces/share/mecharm_interfaces/package.zsh'
[1.262s] Level 1:colcon.colcon_core.environment:create_file_with_runtime_dependencies(/home/amin/cobot/cobot_ws/install/mecharm_interfaces/share/colcon-core/packages/mecharm_interfaces)
[1.433s] INFO:colcon.colcon_core.task.python.build:Building Python package in '/home/amin/cobot/cobot_ws/src/mycobot_ros2/mycobot_communication'
[1.433s] INFO:colcon.colcon_core.shell:Skip shell extension 'powershell' for command environment: Not usable outside of PowerShell
[1.433s] DEBUG:colcon.colcon_core.shell:Skip shell extension 'dsv' for command environment
[1.606s] INFO:colcon.colcon_core.task.python.build:Building Python package in '/home/amin/cobot/cobot_ws/src/mycobot_ros2/mecharm/mecharm_communication'
[1.607s] INFO:colcon.colcon_core.shell:Skip shell extension 'powershell' for command environment: Not usable outside of PowerShell
[1.607s] DEBUG:colcon.colcon_core.shell:Skip shell extension 'dsv' for command environment
[1.612s] Level 1:colcon.colcon_core.environment:create_environment_scripts_only(mycobot_pro450_interfaces)
[1.612s] Level 1:colcon.colcon_core.environment:checking '/home/amin/cobot/cobot_ws/install/mycobot_pro450_interfaces' for CMake module files
[1.613s] DEBUG:colcon.colcon_core.event_handler.log_command:Invoking command in '/home/amin/cobot/cobot_ws/src/mycobot_ros2/mycobot_description': DEBUGINFOD_URLS=https://debuginfod.ubuntu.com PYTHONPATH=/home/amin/cobot/cobot_ws/build/mycobot_description/prefix_override:/usr/lib/python3/dist-packages/colcon_core/task/python/colcon_distutils_commands:/home/amin/cobot/cobot_ws/install/mycobot_description/lib/python3.12/site-packages:${PYTHONPATH} /usr/bin/python3 -W ignore:setup.py install is deprecated -W ignore:easy_install command is deprecated setup.py egg_info --egg-base ../../../build/mycobot_description build --build-base /home/amin/cobot/cobot_ws/build/mycobot_description/build install --record /home/amin/cobot/cobot_ws/build/mycobot_description/install.log --single-version-externally-managed install_data
[1.613s] DEBUG:colcon.colcon_core.event_handler.log_command:Invoked command in '/home/amin/cobot/cobot_ws/build/mycobot_pro450_interfaces' returned '0': CMAKE_PREFIX_PATH=${CMAKE_PREFIX_PATH}:/home/amin/cobot/cobot_ws/install/ultraarm:/home/amin/cobot/cobot_ws/install/pro450_moveit2_control:/home/amin/cobot/cobot_ws/install/mypalletizer_communication:/home/amin/cobot/cobot_ws/install/mypalletizer_260_pi:/home/amin/cobot/cobot_ws/install/mypalletizer_260:/home/amin/cobot/cobot_ws/install/mycobot_pro_450:/home/amin/cobot/cobot_ws/install/myarm_m750:/home/amin/cobot/cobot_ws/install/myarm_c650:/home/amin/cobot/cobot_ws/install/mycobot_communication:/home/amin/cobot/cobot_ws/install/mecharm_communication:/home/amin/cobot/cobot_ws/install/mycobot_630:/home/amin/cobot/cobot_ws/install/mycobot_600:/home/amin/cobot/cobot_ws/install/mycobot_320pi:/home/amin/cobot/cobot_ws/install/mycobot_320_riscv:/home/amin/cobot/cobot_ws/install/mycobot_320:/home/amin/cobot/cobot_ws/install/mycobot_280pi:/home/amin/cobot/cobot_ws/install/mycobot_280jn:/home/amin/cobot/cobot_ws/install/mycobot_280_x3pi:/home/amin/cobot/cobot_ws/install/mycobot_280_riscv:/home/amin/cobot/cobot_ws/install/mycobot_280_rdkx5:/home/amin/cobot/cobot_ws/install/mycobot_280_moveit2_control:/home/amin/cobot/cobot_ws/install/mycobot_280_arduino:/home/amin/cobot/cobot_ws/install/mycobot_280:/home/amin/cobot/cobot_ws/install/mybuddy:/home/amin/cobot/cobot_ws/install/myarm_300:/home/amin/cobot/cobot_ws/install/mecharm_pi:/home/amin/cobot/cobot_ws/install/mecharm:/home/amin/cobot/cobot_ws/install/mycobot_description:/opt/ros/jazzy DEBUGINFOD_URLS=https://debuginfod.ubuntu.com /usr/bin/cmake --install /home/amin/cobot/cobot_ws/build/mycobot_pro450_interfaces
[1.613s] Level 1:colcon.colcon_core.environment:checking '/home/amin/cobot/cobot_ws/install/mycobot_pro450_interfaces' for CMake config files
[1.614s] Level 1:colcon.colcon_core.shell:create_environment_hook('mycobot_pro450_interfaces', 'cmake_prefix_path')
[1.614s] INFO:colcon.colcon_core.shell:Creating environment hook '/home/amin/cobot/cobot_ws/install/mycobot_pro450_interfaces/share/mycobot_pro450_interfaces/hook/cmake_prefix_path.ps1'
[1.615s] INFO:colcon.colcon_core.shell:Creating environment descriptor '/home/amin/cobot/cobot_ws/install/mycobot_pro450_interfaces/share/mycobot_pro450_interfaces/hook/cmake_prefix_path.dsv'
[1.615s] INFO:colcon.colcon_core.shell:Creating environment hook '/home/amin/cobot/cobot_ws/install/mycobot_pro450_interfaces/share/mycobot_pro450_interfaces/hook/cmake_prefix_path.sh'
[1.616s] Level 1:colcon.colcon_core.environment:checking '/home/amin/cobot/cobot_ws/install/mycobot_pro450_interfaces/lib'
[1.616s] Level 1:colcon.colcon_core.shell:create_environment_hook('mycobot_pro450_interfaces', 'ld_library_path_lib')
[1.616s] INFO:colcon.colcon_core.shell:Creating environment hook '/home/amin/cobot/cobot_ws/install/mycobot_pro450_interfaces/share/mycobot_pro450_interfaces/hook/ld_library_path_lib.ps1'
[1.616s] INFO:colcon.colcon_core.shell:Creating environment descriptor '/home/amin/cobot/cobot_ws/install/mycobot_pro450_interfaces/share/mycobot_pro450_interfaces/hook/ld_library_path_lib.dsv'
[1.617s] INFO:colcon.colcon_core.shell:Creating environment hook '/home/amin/cobot/cobot_ws/install/mycobot_pro450_interfaces/share/mycobot_pro450_interfaces/hook/ld_library_path_lib.sh'
[1.617s] Level 1:colcon.colcon_core.environment:checking '/home/amin/cobot/cobot_ws/install/mycobot_pro450_interfaces/bin'
[1.617s] Level 1:colcon.colcon_core.environment:checking '/home/amin/cobot/cobot_ws/install/mycobot_pro450_interfaces/lib/pkgconfig/mycobot_pro450_interfaces.pc'
[1.617s] Level 1:colcon.colcon_core.environment:checking '/home/amin/cobot/cobot_ws/install/mycobot_pro450_interfaces/lib/python3.12/site-packages'
[1.617s] Level 1:colcon.colcon_core.shell:create_environment_hook('mycobot_pro450_interfaces', 'pythonpath')
[1.617s] INFO:colcon.colcon_core.shell:Creating environment hook '/home/amin/cobot/cobot_ws/install/mycobot_pro450_interfaces/share/mycobot_pro450_interfaces/hook/pythonpath.ps1'
[1.618s] INFO:colcon.colcon_core.shell:Creating environment descriptor '/home/amin/cobot/cobot_ws/install/mycobot_pro450_interfaces/share/mycobot_pro450_interfaces/hook/pythonpath.dsv'
[1.618s] INFO:colcon.colcon_core.shell:Creating environment hook '/home/amin/cobot/cobot_ws/install/mycobot_pro450_interfaces/share/mycobot_pro450_interfaces/hook/pythonpath.sh'
[1.619s] Level 1:colcon.colcon_core.environment:checking '/home/amin/cobot/cobot_ws/install/mycobot_pro450_interfaces/bin'
[1.619s] INFO:colcon.colcon_core.shell:Creating package script '/home/amin/cobot/cobot_ws/install/mycobot_pro450_interfaces/share/mycobot_pro450_interfaces/package.ps1'
[1.619s] INFO:colcon.colcon_core.shell:Creating package descriptor '/home/amin/cobot/cobot_ws/install/mycobot_pro450_interfaces/share/mycobot_pro450_interfaces/package.dsv'
[1.620s] INFO:colcon.colcon_core.shell:Creating package script '/home/amin/cobot/cobot_ws/install/mycobot_pro450_interfaces/share/mycobot_pro450_interfaces/package.sh'
[1.620s] INFO:colcon.colcon_core.shell:Creating package script '/home/amin/cobot/cobot_ws/install/mycobot_pro450_interfaces/share/mycobot_pro450_interfaces/package.bash'
[1.621s] INFO:colcon.colcon_core.shell:Creating package script '/home/amin/cobot/cobot_ws/install/mycobot_pro450_interfaces/share/mycobot_pro450_interfaces/package.zsh'
[1.621s] Level 1:colcon.colcon_core.environment:create_file_with_runtime_dependencies(/home/amin/cobot/cobot_ws/install/mycobot_pro450_interfaces/share/colcon-core/packages/mycobot_pro450_interfaces)
[1.621s] Level 1:colcon.colcon_core.environment:create_environment_scripts_only(mycobot_pro450_interfaces)
[1.621s] Level 1:colcon.colcon_core.environment:checking '/home/amin/cobot/cobot_ws/install/mycobot_pro450_interfaces' for CMake module files
[1.622s] Level 1:colcon.colcon_core.environment:checking '/home/amin/cobot/cobot_ws/install/mycobot_pro450_interfaces' for CMake config files
[1.623s] Level 1:colcon.colcon_core.shell:create_environment_hook('mycobot_pro450_interfaces', 'cmake_prefix_path')
[1.623s] INFO:colcon.colcon_core.shell:Creating environment hook '/home/amin/cobot/cobot_ws/install/mycobot_pro450_interfaces/share/mycobot_pro450_interfaces/hook/cmake_prefix_path.ps1'
[1.623s] INFO:colcon.colcon_core.shell:Creating environment descriptor '/home/amin/cobot/cobot_ws/install/mycobot_pro450_interfaces/share/mycobot_pro450_interfaces/hook/cmake_prefix_path.dsv'
[1.624s] INFO:colcon.colcon_core.shell:Creating environment hook '/home/amin/cobot/cobot_ws/install/mycobot_pro450_interfaces/share/mycobot_pro450_interfaces/hook/cmake_prefix_path.sh'
[1.624s] Level 1:colcon.colcon_core.environment:checking '/home/amin/cobot/cobot_ws/install/mycobot_pro450_interfaces/lib'
[1.624s] Level 1:colcon.colcon_core.shell:create_environment_hook('mycobot_pro450_interfaces', 'ld_library_path_lib')
[1.624s] INFO:colcon.colcon_core.shell:Creating environment hook '/home/amin/cobot/cobot_ws/install/mycobot_pro450_interfaces/share/mycobot_pro450_interfaces/hook/ld_library_path_lib.ps1'
[1.625s] INFO:colcon.colcon_core.shell:Creating environment descriptor '/home/amin/cobot/cobot_ws/install/mycobot_pro450_interfaces/share/mycobot_pro450_interfaces/hook/ld_library_path_lib.dsv'
[1.625s] INFO:colcon.colcon_core.shell:Creating environment hook '/home/amin/cobot/cobot_ws/install/mycobot_pro450_interfaces/share/mycobot_pro450_interfaces/hook/ld_library_path_lib.sh'
[1.625s] Level 1:colcon.colcon_core.environment:checking '/home/amin/cobot/cobot_ws/install/mycobot_pro450_interfaces/bin'
[1.625s] Level 1:colcon.colcon_core.environment:checking '/home/amin/cobot/cobot_ws/install/mycobot_pro450_interfaces/lib/pkgconfig/mycobot_pro450_interfaces.pc'
[1.626s] Level 1:colcon.colcon_core.environment:checking '/home/amin/cobot/cobot_ws/install/mycobot_pro450_interfaces/lib/python3.12/site-packages'
[1.626s] Level 1:colcon.colcon_core.shell:create_environment_hook('mycobot_pro450_interfaces', 'pythonpath')
[1.626s] INFO:colcon.colcon_core.shell:Creating environment hook '/home/amin/cobot/cobot_ws/install/mycobot_pro450_interfaces/share/mycobot_pro450_interfaces/hook/pythonpath.ps1'
[1.626s] INFO:colcon.colcon_core.shell:Creating environment descriptor '/home/amin/cobot/cobot_ws/install/mycobot_pro450_interfaces/share/mycobot_pro450_interfaces/hook/pythonpath.dsv'
[1.626s] INFO:colcon.colcon_core.shell:Creating environment hook '/home/amin/cobot/cobot_ws/install/mycobot_pro450_interfaces/share/mycobot_pro450_interfaces/hook/pythonpath.sh'
[1.627s] Level 1:colcon.colcon_core.environment:checking '/home/amin/cobot/cobot_ws/install/mycobot_pro450_interfaces/bin'
[1.627s] INFO:colcon.colcon_core.shell:Creating package script '/home/amin/cobot/cobot_ws/install/mycobot_pro450_interfaces/share/mycobot_pro450_interfaces/package.ps1'
[1.628s] INFO:colcon.colcon_core.shell:Creating package descriptor '/home/amin/cobot/cobot_ws/install/mycobot_pro450_interfaces/share/mycobot_pro450_interfaces/package.dsv'
[1.628s] INFO:colcon.colcon_core.shell:Creating package script '/home/amin/cobot/cobot_ws/install/mycobot_pro450_interfaces/share/mycobot_pro450_interfaces/package.sh'
[1.629s] INFO:colcon.colcon_core.shell:Creating package script '/home/amin/cobot/cobot_ws/install/mycobot_pro450_interfaces/share/mycobot_pro450_interfaces/package.bash'
[1.629s] INFO:colcon.colcon_core.shell:Creating package script '/home/amin/cobot/cobot_ws/install/mycobot_pro450_interfaces/share/mycobot_pro450_interfaces/package.zsh'
[1.630s] Level 1:colcon.colcon_core.environment:create_file_with_runtime_dependencies(/home/amin/cobot/cobot_ws/install/mycobot_pro450_interfaces/share/colcon-core/packages/mycobot_pro450_interfaces)
[1.633s] Level 1:colcon.colcon_core.environment:create_environment_scripts_only(mypalletizer_interfaces)
[1.634s] Level 1:colcon.colcon_core.environment:checking '/home/amin/cobot/cobot_ws/install/mypalletizer_interfaces' for CMake module files
[1.634s] DEBUG:colcon.colcon_core.event_handler.log_command:Invoked command in '/home/amin/cobot/cobot_ws/build/mypalletizer_interfaces' returned '0': CMAKE_PREFIX_PATH=${CMAKE_PREFIX_PATH}:/home/amin/cobot/cobot_ws/install/ultraarm:/home/amin/cobot/cobot_ws/install/pro450_moveit2_control:/home/amin/cobot/cobot_ws/install/mypalletizer_communication:/home/amin/cobot/cobot_ws/install/mypalletizer_260_pi:/home/amin/cobot/cobot_ws/install/mypalletizer_260:/home/amin/cobot/cobot_ws/install/mycobot_pro_450:/home/amin/cobot/cobot_ws/install/myarm_m750:/home/amin/cobot/cobot_ws/install/myarm_c650:/home/amin/cobot/cobot_ws/install/mycobot_communication:/home/amin/cobot/cobot_ws/install/mecharm_communication:/home/amin/cobot/cobot_ws/install/mycobot_630:/home/amin/cobot/cobot_ws/install/mycobot_600:/home/amin/cobot/cobot_ws/install/mycobot_320pi:/home/amin/cobot/cobot_ws/install/mycobot_320_riscv:/home/amin/cobot/cobot_ws/install/mycobot_320:/home/amin/cobot/cobot_ws/install/mycobot_280pi:/home/amin/cobot/cobot_ws/install/mycobot_280jn:/home/amin/cobot/cobot_ws/install/mycobot_280_x3pi:/home/amin/cobot/cobot_ws/install/mycobot_280_riscv:/home/amin/cobot/cobot_ws/install/mycobot_280_rdkx5:/home/amin/cobot/cobot_ws/install/mycobot_280_moveit2_control:/home/amin/cobot/cobot_ws/install/mycobot_280_arduino:/home/amin/cobot/cobot_ws/install/mycobot_280:/home/amin/cobot/cobot_ws/install/mybuddy:/home/amin/cobot/cobot_ws/install/myarm_300:/home/amin/cobot/cobot_ws/install/mecharm_pi:/home/amin/cobot/cobot_ws/install/mecharm:/home/amin/cobot/cobot_ws/install/mycobot_description:/opt/ros/jazzy DEBUGINFOD_URLS=https://debuginfod.ubuntu.com /usr/bin/cmake --install /home/amin/cobot/cobot_ws/build/mypalletizer_interfaces
[1.634s] Level 1:colcon.colcon_core.environment:checking '/home/amin/cobot/cobot_ws/install/mypalletizer_interfaces' for CMake config files
[1.635s] Level 1:colcon.colcon_core.shell:create_environment_hook('mypalletizer_interfaces', 'cmake_prefix_path')
[1.635s] INFO:colcon.colcon_core.shell:Creating environment hook '/home/amin/cobot/cobot_ws/install/mypalletizer_interfaces/share/mypalletizer_interfaces/hook/cmake_prefix_path.ps1'
[1.636s] INFO:colcon.colcon_core.shell:Creating environment descriptor '/home/amin/cobot/cobot_ws/install/mypalletizer_interfaces/share/mypalletizer_interfaces/hook/cmake_prefix_path.dsv'
[1.636s] INFO:colcon.colcon_core.shell:Creating environment hook '/home/amin/cobot/cobot_ws/install/mypalletizer_interfaces/share/mypalletizer_interfaces/hook/cmake_prefix_path.sh'
[1.636s] Level 1:colcon.colcon_core.environment:checking '/home/amin/cobot/cobot_ws/install/mypalletizer_interfaces/lib'
[1.636s] Level 1:colcon.colcon_core.shell:create_environment_hook('mypalletizer_interfaces', 'ld_library_path_lib')
[1.637s] INFO:colcon.colcon_core.shell:Creating environment hook '/home/amin/cobot/cobot_ws/install/mypalletizer_interfaces/share/mypalletizer_interfaces/hook/ld_library_path_lib.ps1'
[1.637s] INFO:colcon.colcon_core.shell:Creating environment descriptor '/home/amin/cobot/cobot_ws/install/mypalletizer_interfaces/share/mypalletizer_interfaces/hook/ld_library_path_lib.dsv'
[1.637s] INFO:colcon.colcon_core.shell:Creating environment hook '/home/amin/cobot/cobot_ws/install/mypalletizer_interfaces/share/mypalletizer_interfaces/hook/ld_library_path_lib.sh'
[1.637s] Level 1:colcon.colcon_core.environment:checking '/home/amin/cobot/cobot_ws/install/mypalletizer_interfaces/bin'
[1.637s] Level 1:colcon.colcon_core.environment:checking '/home/amin/cobot/cobot_ws/install/mypalletizer_interfaces/lib/pkgconfig/mypalletizer_interfaces.pc'
[1.637s] Level 1:colcon.colcon_core.environment:checking '/home/amin/cobot/cobot_ws/install/mypalletizer_interfaces/lib/python3.12/site-packages'
[1.637s] Level 1:colcon.colcon_core.shell:create_environment_hook('mypalletizer_interfaces', 'pythonpath')
[1.638s] INFO:colcon.colcon_core.shell:Creating environment hook '/home/amin/cobot/cobot_ws/install/mypalletizer_interfaces/share/mypalletizer_interfaces/hook/pythonpath.ps1'
[1.638s] INFO:colcon.colcon_core.shell:Creating environment descriptor '/home/amin/cobot/cobot_ws/install/mypalletizer_interfaces/share/mypalletizer_interfaces/hook/pythonpath.dsv'
[1.638s] INFO:colcon.colcon_core.shell:Creating environment hook '/home/amin/cobot/cobot_ws/install/mypalletizer_interfaces/share/mypalletizer_interfaces/hook/pythonpath.sh'
[1.638s] Level 1:colcon.colcon_core.environment:checking '/home/amin/cobot/cobot_ws/install/mypalletizer_interfaces/bin'
[1.639s] INFO:colcon.colcon_core.shell:Creating package script '/home/amin/cobot/cobot_ws/install/mypalletizer_interfaces/share/mypalletizer_interfaces/package.ps1'
[1.639s] INFO:colcon.colcon_core.shell:Creating package descriptor '/home/amin/cobot/cobot_ws/install/mypalletizer_interfaces/share/mypalletizer_interfaces/package.dsv'
[1.639s] INFO:colcon.colcon_core.shell:Creating package script '/home/amin/cobot/cobot_ws/install/mypalletizer_interfaces/share/mypalletizer_interfaces/package.sh'
[1.640s] INFO:colcon.colcon_core.shell:Creating package script '/home/amin/cobot/cobot_ws/install/mypalletizer_interfaces/share/mypalletizer_interfaces/package.bash'
[1.640s] INFO:colcon.colcon_core.shell:Creating package script '/home/amin/cobot/cobot_ws/install/mypalletizer_interfaces/share/mypalletizer_interfaces/package.zsh'
[1.640s] Level 1:colcon.colcon_core.environment:create_file_with_runtime_dependencies(/home/amin/cobot/cobot_ws/install/mypalletizer_interfaces/share/colcon-core/packages/mypalletizer_interfaces)
[1.640s] Level 1:colcon.colcon_core.environment:create_environment_scripts_only(mypalletizer_interfaces)
[1.641s] Level 1:colcon.colcon_core.environment:checking '/home/amin/cobot/cobot_ws/install/mypalletizer_interfaces' for CMake module files
[1.641s] Level 1:colcon.colcon_core.environment:checking '/home/amin/cobot/cobot_ws/install/mypalletizer_interfaces' for CMake config files
[1.642s] Level 1:colcon.colcon_core.shell:create_environment_hook('mypalletizer_interfaces', 'cmake_prefix_path')
[1.642s] INFO:colcon.colcon_core.shell:Creating environment hook '/home/amin/cobot/cobot_ws/install/mypalletizer_interfaces/share/mypalletizer_interfaces/hook/cmake_prefix_path.ps1'
[1.642s] INFO:colcon.colcon_core.shell:Creating environment descriptor '/home/amin/cobot/cobot_ws/install/mypalletizer_interfaces/share/mypalletizer_interfaces/hook/cmake_prefix_path.dsv'
[1.642s] INFO:colcon.colcon_core.shell:Creating environment hook '/home/amin/cobot/cobot_ws/install/mypalletizer_interfaces/share/mypalletizer_interfaces/hook/cmake_prefix_path.sh'
[1.642s] Level 1:colcon.colcon_core.environment:checking '/home/amin/cobot/cobot_ws/install/mypalletizer_interfaces/lib'
[1.642s] Level 1:colcon.colcon_core.shell:create_environment_hook('mypalletizer_interfaces', 'ld_library_path_lib')
[1.643s] INFO:colcon.colcon_core.shell:Creating environment hook '/home/amin/cobot/cobot_ws/install/mypalletizer_interfaces/share/mypalletizer_interfaces/hook/ld_library_path_lib.ps1'
[1.643s] INFO:colcon.colcon_core.shell:Creating environment descriptor '/home/amin/cobot/cobot_ws/install/mypalletizer_interfaces/share/mypalletizer_interfaces/hook/ld_library_path_lib.dsv'
[1.643s] INFO:colcon.colcon_core.shell:Creating environment hook '/home/amin/cobot/cobot_ws/install/mypalletizer_interfaces/share/mypalletizer_interfaces/hook/ld_library_path_lib.sh'
[1.643s] Level 1:colcon.colcon_core.environment:checking '/home/amin/cobot/cobot_ws/install/mypalletizer_interfaces/bin'
[1.643s] Level 1:colcon.colcon_core.environment:checking '/home/amin/cobot/cobot_ws/install/mypalletizer_interfaces/lib/pkgconfig/mypalletizer_interfaces.pc'
[1.643s] Level 1:colcon.colcon_core.environment:checking '/home/amin/cobot/cobot_ws/install/mypalletizer_interfaces/lib/python3.12/site-packages'
[1.643s] Level 1:colcon.colcon_core.shell:create_environment_hook('mypalletizer_interfaces', 'pythonpath')
[1.644s] INFO:colcon.colcon_core.shell:Creating environment hook '/home/amin/cobot/cobot_ws/install/mypalletizer_interfaces/share/mypalletizer_interfaces/hook/pythonpath.ps1'
[1.644s] INFO:colcon.colcon_core.shell:Creating environment descriptor '/home/amin/cobot/cobot_ws/install/mypalletizer_interfaces/share/mypalletizer_interfaces/hook/pythonpath.dsv'
[1.644s] INFO:colcon.colcon_core.shell:Creating environment hook '/home/amin/cobot/cobot_ws/install/mypalletizer_interfaces/share/mypalletizer_interfaces/hook/pythonpath.sh'
[1.644s] Level 1:colcon.colcon_core.environment:checking '/home/amin/cobot/cobot_ws/install/mypalletizer_interfaces/bin'
[1.645s] INFO:colcon.colcon_core.shell:Creating package script '/home/amin/cobot/cobot_ws/install/mypalletizer_interfaces/share/mypalletizer_interfaces/package.ps1'
[1.645s] INFO:colcon.colcon_core.shell:Creating package descriptor '/home/amin/cobot/cobot_ws/install/mypalletizer_interfaces/share/mypalletizer_interfaces/package.dsv'
[1.645s] INFO:colcon.colcon_core.shell:Creating package script '/home/amin/cobot/cobot_ws/install/mypalletizer_interfaces/share/mypalletizer_interfaces/package.sh'
[1.646s] INFO:colcon.colcon_core.shell:Creating package script '/home/amin/cobot/cobot_ws/install/mypalletizer_interfaces/share/mypalletizer_interfaces/package.bash'
[1.646s] INFO:colcon.colcon_core.shell:Creating package script '/home/amin/cobot/cobot_ws/install/mypalletizer_interfaces/share/mypalletizer_interfaces/package.zsh'
[1.646s] Level 1:colcon.colcon_core.environment:create_file_with_runtime_dependencies(/home/amin/cobot/cobot_ws/install/mypalletizer_interfaces/share/colcon-core/packages/mypalletizer_interfaces)
[1.646s] INFO:colcon.colcon_ros.task.ament_python.build:Building ROS package in '/home/amin/cobot/cobot_ws/src/mycobot_ros2/mypalletizer_260/mypalletizer_communication' with build type 'ament_python'
[1.646s] Level 1:colcon.colcon_core.shell:create_environment_hook('mypalletizer_communication', 'ament_prefix_path')
[1.647s] INFO:colcon.colcon_core.shell:Creating environment hook '/home/amin/cobot/cobot_ws/install/mypalletizer_communication/share/mypalletizer_communication/hook/ament_prefix_path.ps1'
[1.647s] INFO:colcon.colcon_core.shell:Creating environment descriptor '/home/amin/cobot/cobot_ws/install/mypalletizer_communication/share/mypalletizer_communication/hook/ament_prefix_path.dsv'
[1.647s] INFO:colcon.colcon_core.shell:Creating environment hook '/home/amin/cobot/cobot_ws/install/mypalletizer_communication/share/mypalletizer_communication/hook/ament_prefix_path.sh'
[1.648s] INFO:colcon.colcon_core.shell:Skip shell extension 'powershell' for command environment: Not usable outside of PowerShell
[1.648s] DEBUG:colcon.colcon_core.shell:Skip shell extension 'dsv' for command environment
[1.836s] INFO:colcon.colcon_core.task.python.build:Building Python package in '/home/amin/cobot/cobot_ws/src/mycobot_ros2/mypalletizer_260/mypalletizer_communication'
[1.837s] INFO:colcon.colcon_core.shell:Skip shell extension 'powershell' for command environment: Not usable outside of PowerShell
[1.837s] DEBUG:colcon.colcon_core.shell:Skip shell extension 'dsv' for command environment
[2.123s] DEBUG:colcon.colcon_core.event_handler.log_command:Invoking command in '/home/amin/cobot/cobot_ws/src/mycobot_ros2/mycobot_communication': CMAKE_PREFIX_PATH=/home/amin/cobot/cobot_ws/install/mycobot_interfaces:/home/amin/cobot/cobot_ws/install/pro450_moveit2:/home/amin/cobot/cobot_ws/install/mypalletizer_interfaces:/home/amin/cobot/cobot_ws/install/mycobot_pro450_interfaces:/home/amin/cobot/cobot_ws/install/mycobot_280rdkx5_moveit2:/home/amin/cobot/cobot_ws/install/mycobot_280arduino_moveit2:/home/amin/cobot/cobot_ws/install/mycobot_280_moveit2:/home/amin/cobot/cobot_ws/install/mycobot_280_gazebo_jazzy:/home/amin/cobot/cobot_ws/install/mycobot_280_gazebo:/home/amin/cobot/cobot_ws/install/mecharm_interfaces:/opt/ros/jazzy/opt/gz_sim_vendor:/opt/ros/jazzy/opt/gz_sensors_vendor:/opt/ros/jazzy/opt/gz_physics_vendor:/opt/ros/jazzy/opt/sdformat_vendor:/opt/ros/jazzy/opt/gz_gui_vendor:/opt/ros/jazzy/opt/gz_transport_vendor:/opt/ros/jazzy/opt/gz_rendering_vendor:/opt/ros/jazzy/opt/gz_plugin_vendor:/opt/ros/jazzy/opt/gz_fuel_tools_vendor:/opt/ros/jazzy/opt/gz_msgs_vendor:/opt/ros/jazzy/opt/gz_common_vendor:/opt/ros/jazzy/opt/gz_math_vendor:/opt/ros/jazzy/opt/gz_utils_vendor:/opt/ros/jazzy/opt/gz_tools_vendor:/opt/ros/jazzy/opt/gz_ogre_next_vendor:/opt/ros/jazzy/opt/gz_dartsim_vendor:/opt/ros/jazzy/opt/gz_cmake_vendor DEBUGINFOD_URLS=https://debuginfod.ubuntu.com LD_LIBRARY_PATH=/home/amin/cobot/cobot_ws/install/mycobot_interfaces/lib:/home/amin/cobot/cobot_ws/install/mypalletizer_interfaces/lib:/home/amin/cobot/cobot_ws/install/mycobot_pro450_interfaces/lib:/home/amin/cobot/cobot_ws/install/mecharm_interfaces/lib:/opt/ros/jazzy/opt/gz_sim_vendor/lib:/opt/ros/jazzy/opt/gz_sensors_vendor/lib:/opt/ros/jazzy/opt/gz_physics_vendor/lib:/opt/ros/jazzy/opt/sdformat_vendor/lib:/opt/ros/jazzy/opt/rviz_ogre_vendor/lib:/opt/ros/jazzy/lib/x86_64-linux-gnu:/opt/ros/jazzy/opt/gz_gui_vendor/lib:/opt/ros/jazzy/opt/gz_transport_vendor/lib:/opt/ros/jazzy/opt/gz_rendering_vendor/lib:/opt/ros/jazzy/opt/gz_plugin_vendor/lib:/opt/ros/jazzy/opt/gz_fuel_tools_vendor/lib:/opt/ros/jazzy/opt/gz_msgs_vendor/lib:/opt/ros/jazzy/opt/gz_common_vendor/lib:/opt/ros/jazzy/opt/gz_math_vendor/lib:/opt/ros/jazzy/opt/gz_utils_vendor/lib:/opt/ros/jazzy/opt/gz_tools_vendor/lib:/opt/ros/jazzy/opt/gz_ogre_next_vendor/lib:/opt/ros/jazzy/opt/gz_dartsim_vendor/lib:/opt/ros/jazzy/opt/gz_cmake_vendor/lib:/opt/ros/jazzy/lib PYTHONPATH=/home/amin/cobot/cobot_ws/build/mycobot_communication/prefix_override:/usr/lib/python3/dist-packages/colcon_core/task/python/colcon_distutils_commands:/home/amin/cobot/cobot_ws/install/mycobot_communication/lib/python3.12/site-packages:/home/amin/cobot/cobot_ws/install/mycobot_interfaces/lib/python3.12/site-packages:/home/amin/cobot/cobot_ws/install/ultraarm/lib/python3.12/site-packages:/home/amin/cobot/cobot_ws/install/pro450_moveit2_control/lib/python3.12/site-packages:/home/amin/cobot/cobot_ws/install/mypalletizer_communication/lib/python3.12/site-packages:/home/amin/cobot/cobot_ws/install/mypalletizer_interfaces/lib/python3.12/site-packages:/home/amin/cobot/cobot_ws/install/mypalletizer_260_pi/lib/python3.12/site-packages:/home/amin/cobot/cobot_ws/install/mypalletizer_260/lib/python3.12/site-packages:/home/amin/cobot/cobot_ws/install/mycobot_pro_450/lib/python3.12/site-packages:/home/amin/cobot/cobot_ws/install/mycobot_pro450_interfaces/lib/python3.12/site-packages:/home/amin/cobot/cobot_ws/install/myarm_m750/lib/python3.12/site-packages:/home/amin/cobot/cobot_ws/install/myarm_c650/lib/python3.12/site-packages:/home/amin/cobot/cobot_ws/install/mycobot_communication/lib/python3.12/site-packages:/home/amin/cobot/cobot_ws/install/mecharm_communication/lib/python3.12/site-packages:/home/amin/cobot/cobot_ws/install/mycobot_630/lib/python3.12/site-packages:/home/amin/cobot/cobot_ws/install/mycobot_600/lib/python3.12/site-packages:/home/amin/cobot/cobot_ws/install/mycobot_320pi/lib/python3.12/site-packages:/home/amin/cobot/cobot_ws/install/mycobot_320_riscv/lib/python3.12/site-packages:/home/amin/cobot/cobot_ws/install/mycobot_320/lib/python3.12/site-packages:/home/amin/cobot/cobot_ws/install/mycobot_280pi/lib/python3.12/site-packages:/home/amin/cobot/cobot_ws/install/mycobot_280jn/lib/python3.12/site-packages:/home/amin/cobot/cobot_ws/install/mycobot_280_x3pi/lib/python3.12/site-packages:/home/amin/cobot/cobot_ws/install/mycobot_280_riscv/lib/python3.12/site-packages:/home/amin/cobot/cobot_ws/install/mycobot_280_rdkx5/lib/python3.12/site-packages:/home/amin/cobot/cobot_ws/install/mycobot_280_moveit2_control/lib/python3.12/site-packages:/home/amin/cobot/cobot_ws/install/mycobot_280_arduino/lib/python3.12/site-packages:/home/amin/cobot/cobot_ws/install/mycobot_280/lib/python3.12/site-packages:/home/amin/cobot/cobot_ws/install/mybuddy/lib/python3.12/site-packages:/home/amin/cobot/cobot_ws/install/myarm_300/lib/python3.12/site-packages:/home/amin/cobot/cobot_ws/install/mecharm_pi/lib/python3.12/site-packages:/home/amin/cobot/cobot_ws/install/mecharm/lib/python3.12/site-packages:/home/amin/cobot/cobot_ws/install/mycobot_description/lib/python3.12/site-packages:/home/amin/cobot/cobot_ws/install/mecharm_interfaces/lib/python3.12/site-packages:/opt/ros/jazzy/lib/python3.12/site-packages /usr/bin/python3 -W ignore:setup.py install is deprecated -W ignore:easy_install command is deprecated setup.py egg_info --egg-base ../../../build/mycobot_communication build --build-base /home/amin/cobot/cobot_ws/build/mycobot_communication/build install --record /home/amin/cobot/cobot_ws/build/mycobot_communication/install.log --single-version-externally-managed install_data
[2.155s] DEBUG:colcon.colcon_core.event_handler.log_command:Invoking command in '/home/amin/cobot/cobot_ws/src/mycobot_ros2/mecharm/mecharm_communication': CMAKE_PREFIX_PATH=/home/amin/cobot/cobot_ws/install/mycobot_interfaces:/home/amin/cobot/cobot_ws/install/pro450_moveit2:/home/amin/cobot/cobot_ws/install/mypalletizer_interfaces:/home/amin/cobot/cobot_ws/install/mycobot_pro450_interfaces:/home/amin/cobot/cobot_ws/install/mycobot_280rdkx5_moveit2:/home/amin/cobot/cobot_ws/install/mycobot_280arduino_moveit2:/home/amin/cobot/cobot_ws/install/mycobot_280_moveit2:/home/amin/cobot/cobot_ws/install/mycobot_280_gazebo_jazzy:/home/amin/cobot/cobot_ws/install/mycobot_280_gazebo:/home/amin/cobot/cobot_ws/install/mecharm_interfaces:/opt/ros/jazzy/opt/gz_sim_vendor:/opt/ros/jazzy/opt/gz_sensors_vendor:/opt/ros/jazzy/opt/gz_physics_vendor:/opt/ros/jazzy/opt/sdformat_vendor:/opt/ros/jazzy/opt/gz_gui_vendor:/opt/ros/jazzy/opt/gz_transport_vendor:/opt/ros/jazzy/opt/gz_rendering_vendor:/opt/ros/jazzy/opt/gz_plugin_vendor:/opt/ros/jazzy/opt/gz_fuel_tools_vendor:/opt/ros/jazzy/opt/gz_msgs_vendor:/opt/ros/jazzy/opt/gz_common_vendor:/opt/ros/jazzy/opt/gz_math_vendor:/opt/ros/jazzy/opt/gz_utils_vendor:/opt/ros/jazzy/opt/gz_tools_vendor:/opt/ros/jazzy/opt/gz_ogre_next_vendor:/opt/ros/jazzy/opt/gz_dartsim_vendor:/opt/ros/jazzy/opt/gz_cmake_vendor DEBUGINFOD_URLS=https://debuginfod.ubuntu.com LD_LIBRARY_PATH=/home/amin/cobot/cobot_ws/install/mycobot_interfaces/lib:/home/amin/cobot/cobot_ws/install/mypalletizer_interfaces/lib:/home/amin/cobot/cobot_ws/install/mycobot_pro450_interfaces/lib:/home/amin/cobot/cobot_ws/install/mecharm_interfaces/lib:/opt/ros/jazzy/opt/gz_sim_vendor/lib:/opt/ros/jazzy/opt/gz_sensors_vendor/lib:/opt/ros/jazzy/opt/gz_physics_vendor/lib:/opt/ros/jazzy/opt/sdformat_vendor/lib:/opt/ros/jazzy/opt/rviz_ogre_vendor/lib:/opt/ros/jazzy/lib/x86_64-linux-gnu:/opt/ros/jazzy/opt/gz_gui_vendor/lib:/opt/ros/jazzy/opt/gz_transport_vendor/lib:/opt/ros/jazzy/opt/gz_rendering_vendor/lib:/opt/ros/jazzy/opt/gz_plugin_vendor/lib:/opt/ros/jazzy/opt/gz_fuel_tools_vendor/lib:/opt/ros/jazzy/opt/gz_msgs_vendor/lib:/opt/ros/jazzy/opt/gz_common_vendor/lib:/opt/ros/jazzy/opt/gz_math_vendor/lib:/opt/ros/jazzy/opt/gz_utils_vendor/lib:/opt/ros/jazzy/opt/gz_tools_vendor/lib:/opt/ros/jazzy/opt/gz_ogre_next_vendor/lib:/opt/ros/jazzy/opt/gz_dartsim_vendor/lib:/opt/ros/jazzy/opt/gz_cmake_vendor/lib:/opt/ros/jazzy/lib PYTHONPATH=/home/amin/cobot/cobot_ws/build/mecharm_communication/prefix_override:/usr/lib/python3/dist-packages/colcon_core/task/python/colcon_distutils_commands:/home/amin/cobot/cobot_ws/install/mecharm_communication/lib/python3.12/site-packages:/home/amin/cobot/cobot_ws/install/mycobot_interfaces/lib/python3.12/site-packages:/home/amin/cobot/cobot_ws/install/ultraarm/lib/python3.12/site-packages:/home/amin/cobot/cobot_ws/install/pro450_moveit2_control/lib/python3.12/site-packages:/home/amin/cobot/cobot_ws/install/mypalletizer_communication/lib/python3.12/site-packages:/home/amin/cobot/cobot_ws/install/mypalletizer_interfaces/lib/python3.12/site-packages:/home/amin/cobot/cobot_ws/install/mypalletizer_260_pi/lib/python3.12/site-packages:/home/amin/cobot/cobot_ws/install/mypalletizer_260/lib/python3.12/site-packages:/home/amin/cobot/cobot_ws/install/mycobot_pro_450/lib/python3.12/site-packages:/home/amin/cobot/cobot_ws/install/mycobot_pro450_interfaces/lib/python3.12/site-packages:/home/amin/cobot/cobot_ws/install/myarm_m750/lib/python3.12/site-packages:/home/amin/cobot/cobot_ws/install/myarm_c650/lib/python3.12/site-packages:/home/amin/cobot/cobot_ws/install/mycobot_communication/lib/python3.12/site-packages:/home/amin/cobot/cobot_ws/install/mecharm_communication/lib/python3.12/site-packages:/home/amin/cobot/cobot_ws/install/mycobot_630/lib/python3.12/site-packages:/home/amin/cobot/cobot_ws/install/mycobot_600/lib/python3.12/site-packages:/home/amin/cobot/cobot_ws/install/mycobot_320pi/lib/python3.12/site-packages:/home/amin/cobot/cobot_ws/install/mycobot_320_riscv/lib/python3.12/site-packages:/home/amin/cobot/cobot_ws/install/mycobot_320/lib/python3.12/site-packages:/home/amin/cobot/cobot_ws/install/mycobot_280pi/lib/python3.12/site-packages:/home/amin/cobot/cobot_ws/install/mycobot_280jn/lib/python3.12/site-packages:/home/amin/cobot/cobot_ws/install/mycobot_280_x3pi/lib/python3.12/site-packages:/home/amin/cobot/cobot_ws/install/mycobot_280_riscv/lib/python3.12/site-packages:/home/amin/cobot/cobot_ws/install/mycobot_280_rdkx5/lib/python3.12/site-packages:/home/amin/cobot/cobot_ws/install/mycobot_280_moveit2_control/lib/python3.12/site-packages:/home/amin/cobot/cobot_ws/install/mycobot_280_arduino/lib/python3.12/site-packages:/home/amin/cobot/cobot_ws/install/mycobot_280/lib/python3.12/site-packages:/home/amin/cobot/cobot_ws/install/mybuddy/lib/python3.12/site-packages:/home/amin/cobot/cobot_ws/install/myarm_300/lib/python3.12/site-packages:/home/amin/cobot/cobot_ws/install/mecharm_pi/lib/python3.12/site-packages:/home/amin/cobot/cobot_ws/install/mecharm/lib/python3.12/site-packages:/home/amin/cobot/cobot_ws/install/mycobot_description/lib/python3.12/site-packages:/home/amin/cobot/cobot_ws/install/mecharm_interfaces/lib/python3.12/site-packages:/opt/ros/jazzy/lib/python3.12/site-packages /usr/bin/python3 -W ignore:setup.py install is deprecated -W ignore:easy_install command is deprecated setup.py egg_info --egg-base ../../../../build/mecharm_communication build --build-base /home/amin/cobot/cobot_ws/build/mecharm_communication/build install --record /home/amin/cobot/cobot_ws/build/mecharm_communication/install.log --single-version-externally-managed install_data
[2.196s] Level 1:colcon.colcon_core.environment:checking '/home/amin/cobot/cobot_ws/install/mycobot_description' for CMake module files
[2.197s] DEBUG:colcon.colcon_core.event_handler.log_command:Invoked command in '/home/amin/cobot/cobot_ws/src/mycobot_ros2/mycobot_description' returned '0': DEBUGINFOD_URLS=https://debuginfod.ubuntu.com PYTHONPATH=/home/amin/cobot/cobot_ws/build/mycobot_description/prefix_override:/usr/lib/python3/dist-packages/colcon_core/task/python/colcon_distutils_commands:/home/amin/cobot/cobot_ws/install/mycobot_description/lib/python3.12/site-packages:${PYTHONPATH} /usr/bin/python3 -W ignore:setup.py install is deprecated -W ignore:easy_install command is deprecated setup.py egg_info --egg-base ../../../build/mycobot_description build --build-base /home/amin/cobot/cobot_ws/build/mycobot_description/build install --record /home/amin/cobot/cobot_ws/build/mycobot_description/install.log --single-version-externally-managed install_data
[2.197s] Level 1:colcon.colcon_core.environment:checking '/home/amin/cobot/cobot_ws/install/mycobot_description' for CMake config files
[2.198s] Level 1:colcon.colcon_core.environment:checking '/home/amin/cobot/cobot_ws/install/mycobot_description/lib'
[2.198s] Level 1:colcon.colcon_core.environment:checking '/home/amin/cobot/cobot_ws/install/mycobot_description/bin'
[2.198s] Level 1:colcon.colcon_core.environment:checking '/home/amin/cobot/cobot_ws/install/mycobot_description/lib/pkgconfig/mycobot_description.pc'
[2.199s] Level 1:colcon.colcon_core.environment:checking '/home/amin/cobot/cobot_ws/install/mycobot_description/lib/python3.12/site-packages'
[2.199s] Level 1:colcon.colcon_core.shell:create_environment_hook('mycobot_description', 'pythonpath')
[2.199s] INFO:colcon.colcon_core.shell:Creating environment hook '/home/amin/cobot/cobot_ws/install/mycobot_description/share/mycobot_description/hook/pythonpath.ps1'
[2.199s] INFO:colcon.colcon_core.shell:Creating environment descriptor '/home/amin/cobot/cobot_ws/install/mycobot_description/share/mycobot_description/hook/pythonpath.dsv'
[2.200s] INFO:colcon.colcon_core.shell:Creating environment hook '/home/amin/cobot/cobot_ws/install/mycobot_description/share/mycobot_description/hook/pythonpath.sh'
[2.200s] Level 1:colcon.colcon_core.environment:checking '/home/amin/cobot/cobot_ws/install/mycobot_description/bin'
[2.200s] Level 1:colcon.colcon_core.environment:create_environment_scripts_only(mycobot_description)
[2.201s] INFO:colcon.colcon_core.shell:Creating package script '/home/amin/cobot/cobot_ws/install/mycobot_description/share/mycobot_description/package.ps1'
[2.201s] INFO:colcon.colcon_core.shell:Creating package descriptor '/home/amin/cobot/cobot_ws/install/mycobot_description/share/mycobot_description/package.dsv'
[2.202s] INFO:colcon.colcon_core.shell:Creating package script '/home/amin/cobot/cobot_ws/install/mycobot_description/share/mycobot_description/package.sh'
[2.202s] INFO:colcon.colcon_core.shell:Creating package script '/home/amin/cobot/cobot_ws/install/mycobot_description/share/mycobot_description/package.bash'
[2.202s] INFO:colcon.colcon_core.shell:Creating package script '/home/amin/cobot/cobot_ws/install/mycobot_description/share/mycobot_description/package.zsh'
[2.203s] Level 1:colcon.colcon_core.environment:create_file_with_runtime_dependencies(/home/amin/cobot/cobot_ws/install/mycobot_description/share/colcon-core/packages/mycobot_description)
[2.203s] INFO:colcon.colcon_ros.task.ament_python.build:Building ROS package in '/home/amin/cobot/cobot_ws/src/mycobot_ros2/mecharm/mecharm' with build type 'ament_python'
[2.203s] Level 1:colcon.colcon_core.shell:create_environment_hook('mecharm', 'ament_prefix_path')
[2.203s] INFO:colcon.colcon_core.shell:Creating environment hook '/home/amin/cobot/cobot_ws/install/mecharm/share/mecharm/hook/ament_prefix_path.ps1'
[2.204s] INFO:colcon.colcon_core.shell:Creating environment descriptor '/home/amin/cobot/cobot_ws/install/mecharm/share/mecharm/hook/ament_prefix_path.dsv'
[2.205s] INFO:colcon.colcon_core.shell:Creating environment hook '/home/amin/cobot/cobot_ws/install/mecharm/share/mecharm/hook/ament_prefix_path.sh'
[2.206s] INFO:colcon.colcon_core.shell:Skip shell extension 'powershell' for command environment: Not usable outside of PowerShell
[2.206s] DEBUG:colcon.colcon_core.shell:Skip shell extension 'dsv' for command environment
[2.215s] INFO:colcon.colcon_ros.task.ament_python.build:Building ROS package in '/home/amin/cobot/cobot_ws/src/mycobot_ros2/mecharm/mecharm_pi' with build type 'ament_python'
[2.215s] Level 1:colcon.colcon_core.shell:create_environment_hook('mecharm_pi', 'ament_prefix_path')
[2.216s] INFO:colcon.colcon_core.shell:Creating environment hook '/home/amin/cobot/cobot_ws/install/mecharm_pi/share/mecharm_pi/hook/ament_prefix_path.ps1'
[2.216s] INFO:colcon.colcon_core.shell:Creating environment descriptor '/home/amin/cobot/cobot_ws/install/mecharm_pi/share/mecharm_pi/hook/ament_prefix_path.dsv'
[2.216s] INFO:colcon.colcon_core.shell:Creating environment hook '/home/amin/cobot/cobot_ws/install/mecharm_pi/share/mecharm_pi/hook/ament_prefix_path.sh'
[2.217s] INFO:colcon.colcon_core.shell:Skip shell extension 'powershell' for command environment: Not usable outside of PowerShell
[2.217s] DEBUG:colcon.colcon_core.shell:Skip shell extension 'dsv' for command environment
[2.224s] INFO:colcon.colcon_ros.task.ament_python.build:Building ROS package in '/home/amin/cobot/cobot_ws/src/mycobot_ros2/myArm/myarm_300' with build type 'ament_python'
[2.224s] Level 1:colcon.colcon_core.shell:create_environment_hook('myarm_300', 'ament_prefix_path')
[2.224s] INFO:colcon.colcon_core.shell:Creating environment hook '/home/amin/cobot/cobot_ws/install/myarm_300/share/myarm_300/hook/ament_prefix_path.ps1'
[2.224s] INFO:colcon.colcon_core.shell:Creating environment descriptor '/home/amin/cobot/cobot_ws/install/myarm_300/share/myarm_300/hook/ament_prefix_path.dsv'
[2.225s] INFO:colcon.colcon_core.shell:Creating environment hook '/home/amin/cobot/cobot_ws/install/myarm_300/share/myarm_300/hook/ament_prefix_path.sh'
[2.225s] INFO:colcon.colcon_core.shell:Skip shell extension 'powershell' for command environment: Not usable outside of PowerShell
[2.225s] DEBUG:colcon.colcon_core.shell:Skip shell extension 'dsv' for command environment
[2.233s] INFO:colcon.colcon_ros.task.ament_python.build:Building ROS package in '/home/amin/cobot/cobot_ws/src/mycobot_ros2/Mybuddy/mybuddy' with build type 'ament_python'
[2.233s] Level 1:colcon.colcon_core.shell:create_environment_hook('mybuddy', 'ament_prefix_path')
[2.234s] INFO:colcon.colcon_core.shell:Creating environment hook '/home/amin/cobot/cobot_ws/install/mybuddy/share/mybuddy/hook/ament_prefix_path.ps1'
[2.234s] INFO:colcon.colcon_core.shell:Creating environment descriptor '/home/amin/cobot/cobot_ws/install/mybuddy/share/mybuddy/hook/ament_prefix_path.dsv'
[2.234s] INFO:colcon.colcon_core.shell:Creating environment hook '/home/amin/cobot/cobot_ws/install/mybuddy/share/mybuddy/hook/ament_prefix_path.sh'
[2.235s] INFO:colcon.colcon_core.shell:Skip shell extension 'powershell' for command environment: Not usable outside of PowerShell
[2.235s] DEBUG:colcon.colcon_core.shell:Skip shell extension 'dsv' for command environment
[2.241s] INFO:colcon.colcon_ros.task.ament_python.build:Building ROS package in '/home/amin/cobot/cobot_ws/src/mycobot_ros2/mycobot_280/mycobot_280' with build type 'ament_python'
[2.241s] Level 1:colcon.colcon_core.shell:create_environment_hook('mycobot_280', 'ament_prefix_path')
[2.242s] INFO:colcon.colcon_core.shell:Creating environment hook '/home/amin/cobot/cobot_ws/install/mycobot_280/share/mycobot_280/hook/ament_prefix_path.ps1'
[2.242s] INFO:colcon.colcon_core.shell:Creating environment descriptor '/home/amin/cobot/cobot_ws/install/mycobot_280/share/mycobot_280/hook/ament_prefix_path.dsv'
[2.242s] INFO:colcon.colcon_core.shell:Creating environment hook '/home/amin/cobot/cobot_ws/install/mycobot_280/share/mycobot_280/hook/ament_prefix_path.sh'
[2.243s] INFO:colcon.colcon_core.shell:Skip shell extension 'powershell' for command environment: Not usable outside of PowerShell
[2.243s] DEBUG:colcon.colcon_core.shell:Skip shell extension 'dsv' for command environment
[2.469s] INFO:colcon.colcon_core.task.python.build:Building Python package in '/home/amin/cobot/cobot_ws/src/mycobot_ros2/mecharm/mecharm'
[2.469s] INFO:colcon.colcon_core.shell:Skip shell extension 'powershell' for command environment: Not usable outside of PowerShell
[2.469s] DEBUG:colcon.colcon_core.shell:Skip shell extension 'dsv' for command environment
[2.642s] INFO:colcon.colcon_core.task.python.build:Building Python package in '/home/amin/cobot/cobot_ws/src/mycobot_ros2/mecharm/mecharm_pi'
[2.643s] INFO:colcon.colcon_core.shell:Skip shell extension 'powershell' for command environment: Not usable outside of PowerShell
[2.643s] DEBUG:colcon.colcon_core.shell:Skip shell extension 'dsv' for command environment
[2.810s] INFO:colcon.colcon_core.task.python.build:Building Python package in '/home/amin/cobot/cobot_ws/src/mycobot_ros2/myArm/myarm_300'
[2.810s] INFO:colcon.colcon_core.shell:Skip shell extension 'powershell' for command environment: Not usable outside of PowerShell
[2.810s] DEBUG:colcon.colcon_core.shell:Skip shell extension 'dsv' for command environment
[2.976s] INFO:colcon.colcon_core.task.python.build:Building Python package in '/home/amin/cobot/cobot_ws/src/mycobot_ros2/Mybuddy/mybuddy'
[2.976s] INFO:colcon.colcon_core.shell:Skip shell extension 'powershell' for command environment: Not usable outside of PowerShell
[2.976s] DEBUG:colcon.colcon_core.shell:Skip shell extension 'dsv' for command environment
[2.981s] Level 1:colcon.colcon_core.environment:checking '/home/amin/cobot/cobot_ws/install/mycobot_communication' for CMake module files
[2.981s] DEBUG:colcon.colcon_core.event_handler.log_command:Invoked command in '/home/amin/cobot/cobot_ws/src/mycobot_ros2/mycobot_communication' returned '0': CMAKE_PREFIX_PATH=/home/amin/cobot/cobot_ws/install/mycobot_interfaces:/home/amin/cobot/cobot_ws/install/pro450_moveit2:/home/amin/cobot/cobot_ws/install/mypalletizer_interfaces:/home/amin/cobot/cobot_ws/install/mycobot_pro450_interfaces:/home/amin/cobot/cobot_ws/install/mycobot_280rdkx5_moveit2:/home/amin/cobot/cobot_ws/install/mycobot_280arduino_moveit2:/home/amin/cobot/cobot_ws/install/mycobot_280_moveit2:/home/amin/cobot/cobot_ws/install/mycobot_280_gazebo_jazzy:/home/amin/cobot/cobot_ws/install/mycobot_280_gazebo:/home/amin/cobot/cobot_ws/install/mecharm_interfaces:/opt/ros/jazzy/opt/gz_sim_vendor:/opt/ros/jazzy/opt/gz_sensors_vendor:/opt/ros/jazzy/opt/gz_physics_vendor:/opt/ros/jazzy/opt/sdformat_vendor:/opt/ros/jazzy/opt/gz_gui_vendor:/opt/ros/jazzy/opt/gz_transport_vendor:/opt/ros/jazzy/opt/gz_rendering_vendor:/opt/ros/jazzy/opt/gz_plugin_vendor:/opt/ros/jazzy/opt/gz_fuel_tools_vendor:/opt/ros/jazzy/opt/gz_msgs_vendor:/opt/ros/jazzy/opt/gz_common_vendor:/opt/ros/jazzy/opt/gz_math_vendor:/opt/ros/jazzy/opt/gz_utils_vendor:/opt/ros/jazzy/opt/gz_tools_vendor:/opt/ros/jazzy/opt/gz_ogre_next_vendor:/opt/ros/jazzy/opt/gz_dartsim_vendor:/opt/ros/jazzy/opt/gz_cmake_vendor DEBUGINFOD_URLS=https://debuginfod.ubuntu.com LD_LIBRARY_PATH=/home/amin/cobot/cobot_ws/install/mycobot_interfaces/lib:/home/amin/cobot/cobot_ws/install/mypalletizer_interfaces/lib:/home/amin/cobot/cobot_ws/install/mycobot_pro450_interfaces/lib:/home/amin/cobot/cobot_ws/install/mecharm_interfaces/lib:/opt/ros/jazzy/opt/gz_sim_vendor/lib:/opt/ros/jazzy/opt/gz_sensors_vendor/lib:/opt/ros/jazzy/opt/gz_physics_vendor/lib:/opt/ros/jazzy/opt/sdformat_vendor/lib:/opt/ros/jazzy/opt/rviz_ogre_vendor/lib:/opt/ros/jazzy/lib/x86_64-linux-gnu:/opt/ros/jazzy/opt/gz_gui_vendor/lib:/opt/ros/jazzy/opt/gz_transport_vendor/lib:/opt/ros/jazzy/opt/gz_rendering_vendor/lib:/opt/ros/jazzy/opt/gz_plugin_vendor/lib:/opt/ros/jazzy/opt/gz_fuel_tools_vendor/lib:/opt/ros/jazzy/opt/gz_msgs_vendor/lib:/opt/ros/jazzy/opt/gz_common_vendor/lib:/opt/ros/jazzy/opt/gz_math_vendor/lib:/opt/ros/jazzy/opt/gz_utils_vendor/lib:/opt/ros/jazzy/opt/gz_tools_vendor/lib:/opt/ros/jazzy/opt/gz_ogre_next_vendor/lib:/opt/ros/jazzy/opt/gz_dartsim_vendor/lib:/opt/ros/jazzy/opt/gz_cmake_vendor/lib:/opt/ros/jazzy/lib PYTHONPATH=/home/amin/cobot/cobot_ws/build/mycobot_communication/prefix_override:/usr/lib/python3/dist-packages/colcon_core/task/python/colcon_distutils_commands:/home/amin/cobot/cobot_ws/install/mycobot_communication/lib/python3.12/site-packages:/home/amin/cobot/cobot_ws/install/mycobot_interfaces/lib/python3.12/site-packages:/home/amin/cobot/cobot_ws/install/ultraarm/lib/python3.12/site-packages:/home/amin/cobot/cobot_ws/install/pro450_moveit2_control/lib/python3.12/site-packages:/home/amin/cobot/cobot_ws/install/mypalletizer_communication/lib/python3.12/site-packages:/home/amin/cobot/cobot_ws/install/mypalletizer_interfaces/lib/python3.12/site-packages:/home/amin/cobot/cobot_ws/install/mypalletizer_260_pi/lib/python3.12/site-packages:/home/amin/cobot/cobot_ws/install/mypalletizer_260/lib/python3.12/site-packages:/home/amin/cobot/cobot_ws/install/mycobot_pro_450/lib/python3.12/site-packages:/home/amin/cobot/cobot_ws/install/mycobot_pro450_interfaces/lib/python3.12/site-packages:/home/amin/cobot/cobot_ws/install/myarm_m750/lib/python3.12/site-packages:/home/amin/cobot/cobot_ws/install/myarm_c650/lib/python3.12/site-packages:/home/amin/cobot/cobot_ws/install/mycobot_communication/lib/python3.12/site-packages:/home/amin/cobot/cobot_ws/install/mecharm_communication/lib/python3.12/site-packages:/home/amin/cobot/cobot_ws/install/mycobot_630/lib/python3.12/site-packages:/home/amin/cobot/cobot_ws/install/mycobot_600/lib/python3.12/site-packages:/home/amin/cobot/cobot_ws/install/mycobot_320pi/lib/python3.12/site-packages:/home/amin/cobot/cobot_ws/install/mycobot_320_riscv/lib/python3.12/site-packages:/home/amin/cobot/cobot_ws/install/mycobot_320/lib/python3.12/site-packages:/home/amin/cobot/cobot_ws/install/mycobot_280pi/lib/python3.12/site-packages:/home/amin/cobot/cobot_ws/install/mycobot_280jn/lib/python3.12/site-packages:/home/amin/cobot/cobot_ws/install/mycobot_280_x3pi/lib/python3.12/site-packages:/home/amin/cobot/cobot_ws/install/mycobot_280_riscv/lib/python3.12/site-packages:/home/amin/cobot/cobot_ws/install/mycobot_280_rdkx5/lib/python3.12/site-packages:/home/amin/cobot/cobot_ws/install/mycobot_280_moveit2_control/lib/python3.12/site-packages:/home/amin/cobot/cobot_ws/install/mycobot_280_arduino/lib/python3.12/site-packages:/home/amin/cobot/cobot_ws/install/mycobot_280/lib/python3.12/site-packages:/home/amin/cobot/cobot_ws/install/mybuddy/lib/python3.12/site-packages:/home/amin/cobot/cobot_ws/install/myarm_300/lib/python3.12/site-packages:/home/amin/cobot/cobot_ws/install/mecharm_pi/lib/python3.12/site-packages:/home/amin/cobot/cobot_ws/install/mecharm/lib/python3.12/site-packages:/home/amin/cobot/cobot_ws/install/mycobot_description/lib/python3.12/site-packages:/home/amin/cobot/cobot_ws/install/mecharm_interfaces/lib/python3.12/site-packages:/opt/ros/jazzy/lib/python3.12/site-packages /usr/bin/python3 -W ignore:setup.py install is deprecated -W ignore:easy_install command is deprecated setup.py egg_info --egg-base ../../../build/mycobot_communication build --build-base /home/amin/cobot/cobot_ws/build/mycobot_communication/build install --record /home/amin/cobot/cobot_ws/build/mycobot_communication/install.log --single-version-externally-managed install_data
[2.982s] Level 1:colcon.colcon_core.environment:checking '/home/amin/cobot/cobot_ws/install/mycobot_communication' for CMake config files
[2.982s] Level 1:colcon.colcon_core.environment:checking '/home/amin/cobot/cobot_ws/install/mycobot_communication/lib'
[2.982s] Level 1:colcon.colcon_core.environment:checking '/home/amin/cobot/cobot_ws/install/mycobot_communication/bin'
[2.982s] Level 1:colcon.colcon_core.environment:checking '/home/amin/cobot/cobot_ws/install/mycobot_communication/lib/pkgconfig/mycobot_communication.pc'
[2.982s] Level 1:colcon.colcon_core.environment:checking '/home/amin/cobot/cobot_ws/install/mycobot_communication/lib/python3.12/site-packages'
[2.982s] Level 1:colcon.colcon_core.shell:create_environment_hook('mycobot_communication', 'pythonpath')
[2.982s] INFO:colcon.colcon_core.shell:Creating environment hook '/home/amin/cobot/cobot_ws/install/mycobot_communication/share/mycobot_communication/hook/pythonpath.ps1'
[2.983s] INFO:colcon.colcon_core.shell:Creating environment descriptor '/home/amin/cobot/cobot_ws/install/mycobot_communication/share/mycobot_communication/hook/pythonpath.dsv'
[2.983s] INFO:colcon.colcon_core.shell:Creating environment hook '/home/amin/cobot/cobot_ws/install/mycobot_communication/share/mycobot_communication/hook/pythonpath.sh'
[2.983s] Level 1:colcon.colcon_core.environment:checking '/home/amin/cobot/cobot_ws/install/mycobot_communication/bin'
[2.983s] Level 1:colcon.colcon_core.environment:create_environment_scripts_only(mycobot_communication)
[2.983s] INFO:colcon.colcon_core.shell:Creating package script '/home/amin/cobot/cobot_ws/install/mycobot_communication/share/mycobot_communication/package.ps1'
[2.984s] INFO:colcon.colcon_core.shell:Creating package descriptor '/home/amin/cobot/cobot_ws/install/mycobot_communication/share/mycobot_communication/package.dsv'
[2.984s] INFO:colcon.colcon_core.shell:Creating package script '/home/amin/cobot/cobot_ws/install/mycobot_communication/share/mycobot_communication/package.sh'
[2.984s] INFO:colcon.colcon_core.shell:Creating package script '/home/amin/cobot/cobot_ws/install/mycobot_communication/share/mycobot_communication/package.bash'
[2.984s] INFO:colcon.colcon_core.shell:Creating package script '/home/amin/cobot/cobot_ws/install/mycobot_communication/share/mycobot_communication/package.zsh'
[2.985s] Level 1:colcon.colcon_core.environment:create_file_with_runtime_dependencies(/home/amin/cobot/cobot_ws/install/mycobot_communication/share/colcon-core/packages/mycobot_communication)
[3.143s] INFO:colcon.colcon_core.task.python.build:Building Python package in '/home/amin/cobot/cobot_ws/src/mycobot_ros2/mycobot_280/mycobot_280'
[3.144s] INFO:colcon.colcon_core.shell:Skip shell extension 'powershell' for command environment: Not usable outside of PowerShell
[3.144s] DEBUG:colcon.colcon_core.shell:Skip shell extension 'dsv' for command environment
[3.150s] Level 1:colcon.colcon_core.environment:checking '/home/amin/cobot/cobot_ws/install/mecharm_communication' for CMake module files
[3.150s] DEBUG:colcon.colcon_core.event_handler.log_command:Invoking command in '/home/amin/cobot/cobot_ws/src/mycobot_ros2/mypalletizer_260/mypalletizer_communication': CMAKE_PREFIX_PATH=/home/amin/cobot/cobot_ws/install/mypalletizer_interfaces:/home/amin/cobot/cobot_ws/install/pro450_moveit2:/home/amin/cobot/cobot_ws/install/mycobot_pro450_interfaces:/home/amin/cobot/cobot_ws/install/mycobot_interfaces:/home/amin/cobot/cobot_ws/install/mycobot_280rdkx5_moveit2:/home/amin/cobot/cobot_ws/install/mycobot_280arduino_moveit2:/home/amin/cobot/cobot_ws/install/mycobot_280_moveit2:/home/amin/cobot/cobot_ws/install/mycobot_280_gazebo_jazzy:/home/amin/cobot/cobot_ws/install/mycobot_280_gazebo:/home/amin/cobot/cobot_ws/install/mecharm_interfaces:/opt/ros/jazzy/opt/gz_sim_vendor:/opt/ros/jazzy/opt/gz_sensors_vendor:/opt/ros/jazzy/opt/gz_physics_vendor:/opt/ros/jazzy/opt/sdformat_vendor:/opt/ros/jazzy/opt/gz_gui_vendor:/opt/ros/jazzy/opt/gz_transport_vendor:/opt/ros/jazzy/opt/gz_rendering_vendor:/opt/ros/jazzy/opt/gz_plugin_vendor:/opt/ros/jazzy/opt/gz_fuel_tools_vendor:/opt/ros/jazzy/opt/gz_msgs_vendor:/opt/ros/jazzy/opt/gz_common_vendor:/opt/ros/jazzy/opt/gz_math_vendor:/opt/ros/jazzy/opt/gz_utils_vendor:/opt/ros/jazzy/opt/gz_tools_vendor:/opt/ros/jazzy/opt/gz_ogre_next_vendor:/opt/ros/jazzy/opt/gz_dartsim_vendor:/opt/ros/jazzy/opt/gz_cmake_vendor DEBUGINFOD_URLS=https://debuginfod.ubuntu.com PYTHONPATH=/home/amin/cobot/cobot_ws/build/mypalletizer_communication/prefix_override:/usr/lib/python3/dist-packages/colcon_core/task/python/colcon_distutils_commands:/home/amin/cobot/cobot_ws/install/mypalletizer_communication/lib/python3.12/site-packages:/home/amin/cobot/cobot_ws/install/mypalletizer_interfaces/lib/python3.12/site-packages:/home/amin/cobot/cobot_ws/install/ultraarm/lib/python3.12/site-packages:/home/amin/cobot/cobot_ws/install/pro450_moveit2_control/lib/python3.12/site-packages:/home/amin/cobot/cobot_ws/install/mypalletizer_communication/lib/python3.12/site-packages:/home/amin/cobot/cobot_ws/install/mypalletizer_260_pi/lib/python3.12/site-packages:/home/amin/cobot/cobot_ws/install/mypalletizer_260/lib/python3.12/site-packages:/home/amin/cobot/cobot_ws/install/mycobot_pro_450/lib/python3.12/site-packages:/home/amin/cobot/cobot_ws/install/mycobot_pro450_interfaces/lib/python3.12/site-packages:/home/amin/cobot/cobot_ws/install/myarm_m750/lib/python3.12/site-packages:/home/amin/cobot/cobot_ws/install/myarm_c650/lib/python3.12/site-packages:/home/amin/cobot/cobot_ws/install/mycobot_communication/lib/python3.12/site-packages:/home/amin/cobot/cobot_ws/install/mecharm_communication/lib/python3.12/site-packages:/home/amin/cobot/cobot_ws/install/mycobot_interfaces/lib/python3.12/site-packages:/home/amin/cobot/cobot_ws/install/mycobot_630/lib/python3.12/site-packages:/home/amin/cobot/cobot_ws/install/mycobot_600/lib/python3.12/site-packages:/home/amin/cobot/cobot_ws/install/mycobot_320pi/lib/python3.12/site-packages:/home/amin/cobot/cobot_ws/install/mycobot_320_riscv/lib/python3.12/site-packages:/home/amin/cobot/cobot_ws/install/mycobot_320/lib/python3.12/site-packages:/home/amin/cobot/cobot_ws/install/mycobot_280pi/lib/python3.12/site-packages:/home/amin/cobot/cobot_ws/install/mycobot_280jn/lib/python3.12/site-packages:/home/amin/cobot/cobot_ws/install/mycobot_280_x3pi/lib/python3.12/site-packages:/home/amin/cobot/cobot_ws/install/mycobot_280_riscv/lib/python3.12/site-packages:/home/amin/cobot/cobot_ws/install/mycobot_280_rdkx5/lib/python3.12/site-packages:/home/amin/cobot/cobot_ws/install/mycobot_280_moveit2_control/lib/python3.12/site-packages:/home/amin/cobot/cobot_ws/install/mycobot_280_arduino/lib/python3.12/site-packages:/home/amin/cobot/cobot_ws/install/mycobot_280/lib/python3.12/site-packages:/home/amin/cobot/cobot_ws/install/mybuddy/lib/python3.12/site-packages:/home/amin/cobot/cobot_ws/install/myarm_300/lib/python3.12/site-packages:/home/amin/cobot/cobot_ws/install/mecharm_pi/lib/python3.12/site-packages:/home/amin/cobot/cobot_ws/install/mecharm/lib/python3.12/site-packages:/home/amin/cobot/cobot_ws/install/mycobot_description/lib/python3.12/site-packages:/home/amin/cobot/cobot_ws/install/mecharm_interfaces/lib/python3.12/site-packages:/opt/ros/jazzy/lib/python3.12/site-packages /usr/bin/python3 -W ignore:setup.py install is deprecated -W ignore:easy_install command is deprecated setup.py egg_info --egg-base ../../../../build/mypalletizer_communication build --build-base /home/amin/cobot/cobot_ws/build/mypalletizer_communication/build install --record /home/amin/cobot/cobot_ws/build/mypalletizer_communication/install.log --single-version-externally-managed install_data
[3.151s] Level 1:colcon.colcon_core.environment:checking '/home/amin/cobot/cobot_ws/install/mecharm_communication' for CMake config files
[3.151s] DEBUG:colcon.colcon_core.event_handler.log_command:Invoked command in '/home/amin/cobot/cobot_ws/src/mycobot_ros2/mecharm/mecharm_communication' returned '0': CMAKE_PREFIX_PATH=/home/amin/cobot/cobot_ws/install/mycobot_interfaces:/home/amin/cobot/cobot_ws/install/pro450_moveit2:/home/amin/cobot/cobot_ws/install/mypalletizer_interfaces:/home/amin/cobot/cobot_ws/install/mycobot_pro450_interfaces:/home/amin/cobot/cobot_ws/install/mycobot_280rdkx5_moveit2:/home/amin/cobot/cobot_ws/install/mycobot_280arduino_moveit2:/home/amin/cobot/cobot_ws/install/mycobot_280_moveit2:/home/amin/cobot/cobot_ws/install/mycobot_280_gazebo_jazzy:/home/amin/cobot/cobot_ws/install/mycobot_280_gazebo:/home/amin/cobot/cobot_ws/install/mecharm_interfaces:/opt/ros/jazzy/opt/gz_sim_vendor:/opt/ros/jazzy/opt/gz_sensors_vendor:/opt/ros/jazzy/opt/gz_physics_vendor:/opt/ros/jazzy/opt/sdformat_vendor:/opt/ros/jazzy/opt/gz_gui_vendor:/opt/ros/jazzy/opt/gz_transport_vendor:/opt/ros/jazzy/opt/gz_rendering_vendor:/opt/ros/jazzy/opt/gz_plugin_vendor:/opt/ros/jazzy/opt/gz_fuel_tools_vendor:/opt/ros/jazzy/opt/gz_msgs_vendor:/opt/ros/jazzy/opt/gz_common_vendor:/opt/ros/jazzy/opt/gz_math_vendor:/opt/ros/jazzy/opt/gz_utils_vendor:/opt/ros/jazzy/opt/gz_tools_vendor:/opt/ros/jazzy/opt/gz_ogre_next_vendor:/opt/ros/jazzy/opt/gz_dartsim_vendor:/opt/ros/jazzy/opt/gz_cmake_vendor DEBUGINFOD_URLS=https://debuginfod.ubuntu.com LD_LIBRARY_PATH=/home/amin/cobot/cobot_ws/install/mycobot_interfaces/lib:/home/amin/cobot/cobot_ws/install/mypalletizer_interfaces/lib:/home/amin/cobot/cobot_ws/install/mycobot_pro450_interfaces/lib:/home/amin/cobot/cobot_ws/install/mecharm_interfaces/lib:/opt/ros/jazzy/opt/gz_sim_vendor/lib:/opt/ros/jazzy/opt/gz_sensors_vendor/lib:/opt/ros/jazzy/opt/gz_physics_vendor/lib:/opt/ros/jazzy/opt/sdformat_vendor/lib:/opt/ros/jazzy/opt/rviz_ogre_vendor/lib:/opt/ros/jazzy/lib/x86_64-linux-gnu:/opt/ros/jazzy/opt/gz_gui_vendor/lib:/opt/ros/jazzy/opt/gz_transport_vendor/lib:/opt/ros/jazzy/opt/gz_rendering_vendor/lib:/opt/ros/jazzy/opt/gz_plugin_vendor/lib:/opt/ros/jazzy/opt/gz_fuel_tools_vendor/lib:/opt/ros/jazzy/opt/gz_msgs_vendor/lib:/opt/ros/jazzy/opt/gz_common_vendor/lib:/opt/ros/jazzy/opt/gz_math_vendor/lib:/opt/ros/jazzy/opt/gz_utils_vendor/lib:/opt/ros/jazzy/opt/gz_tools_vendor/lib:/opt/ros/jazzy/opt/gz_ogre_next_vendor/lib:/opt/ros/jazzy/opt/gz_dartsim_vendor/lib:/opt/ros/jazzy/opt/gz_cmake_vendor/lib:/opt/ros/jazzy/lib PYTHONPATH=/home/amin/cobot/cobot_ws/build/mecharm_communication/prefix_override:/usr/lib/python3/dist-packages/colcon_core/task/python/colcon_distutils_commands:/home/amin/cobot/cobot_ws/install/mecharm_communication/lib/python3.12/site-packages:/home/amin/cobot/cobot_ws/install/mycobot_interfaces/lib/python3.12/site-packages:/home/amin/cobot/cobot_ws/install/ultraarm/lib/python3.12/site-packages:/home/amin/cobot/cobot_ws/install/pro450_moveit2_control/lib/python3.12/site-packages:/home/amin/cobot/cobot_ws/install/mypalletizer_communication/lib/python3.12/site-packages:/home/amin/cobot/cobot_ws/install/mypalletizer_interfaces/lib/python3.12/site-packages:/home/amin/cobot/cobot_ws/install/mypalletizer_260_pi/lib/python3.12/site-packages:/home/amin/cobot/cobot_ws/install/mypalletizer_260/lib/python3.12/site-packages:/home/amin/cobot/cobot_ws/install/mycobot_pro_450/lib/python3.12/site-packages:/home/amin/cobot/cobot_ws/install/mycobot_pro450_interfaces/lib/python3.12/site-packages:/home/amin/cobot/cobot_ws/install/myarm_m750/lib/python3.12/site-packages:/home/amin/cobot/cobot_ws/install/myarm_c650/lib/python3.12/site-packages:/home/amin/cobot/cobot_ws/install/mycobot_communication/lib/python3.12/site-packages:/home/amin/cobot/cobot_ws/install/mecharm_communication/lib/python3.12/site-packages:/home/amin/cobot/cobot_ws/install/mycobot_630/lib/python3.12/site-packages:/home/amin/cobot/cobot_ws/install/mycobot_600/lib/python3.12/site-packages:/home/amin/cobot/cobot_ws/install/mycobot_320pi/lib/python3.12/site-packages:/home/amin/cobot/cobot_ws/install/mycobot_320_riscv/lib/python3.12/site-packages:/home/amin/cobot/cobot_ws/install/mycobot_320/lib/python3.12/site-packages:/home/amin/cobot/cobot_ws/install/mycobot_280pi/lib/python3.12/site-packages:/home/amin/cobot/cobot_ws/install/mycobot_280jn/lib/python3.12/site-packages:/home/amin/cobot/cobot_ws/install/mycobot_280_x3pi/lib/python3.12/site-packages:/home/amin/cobot/cobot_ws/install/mycobot_280_riscv/lib/python3.12/site-packages:/home/amin/cobot/cobot_ws/install/mycobot_280_rdkx5/lib/python3.12/site-packages:/home/amin/cobot/cobot_ws/install/mycobot_280_moveit2_control/lib/python3.12/site-packages:/home/amin/cobot/cobot_ws/install/mycobot_280_arduino/lib/python3.12/site-packages:/home/amin/cobot/cobot_ws/install/mycobot_280/lib/python3.12/site-packages:/home/amin/cobot/cobot_ws/install/mybuddy/lib/python3.12/site-packages:/home/amin/cobot/cobot_ws/install/myarm_300/lib/python3.12/site-packages:/home/amin/cobot/cobot_ws/install/mecharm_pi/lib/python3.12/site-packages:/home/amin/cobot/cobot_ws/install/mecharm/lib/python3.12/site-packages:/home/amin/cobot/cobot_ws/install/mycobot_description/lib/python3.12/site-packages:/home/amin/cobot/cobot_ws/install/mecharm_interfaces/lib/python3.12/site-packages:/opt/ros/jazzy/lib/python3.12/site-packages /usr/bin/python3 -W ignore:setup.py install is deprecated -W ignore:easy_install command is deprecated setup.py egg_info --egg-base ../../../../build/mecharm_communication build --build-base /home/amin/cobot/cobot_ws/build/mecharm_communication/build install --record /home/amin/cobot/cobot_ws/build/mecharm_communication/install.log --single-version-externally-managed install_data
[3.151s] Level 1:colcon.colcon_core.environment:checking '/home/amin/cobot/cobot_ws/install/mecharm_communication/lib'
[3.151s] Level 1:colcon.colcon_core.environment:checking '/home/amin/cobot/cobot_ws/install/mecharm_communication/bin'
[3.151s] Level 1:colcon.colcon_core.environment:checking '/home/amin/cobot/cobot_ws/install/mecharm_communication/lib/pkgconfig/mecharm_communication.pc'
[3.151s] Level 1:colcon.colcon_core.environment:checking '/home/amin/cobot/cobot_ws/install/mecharm_communication/lib/python3.12/site-packages'
[3.152s] Level 1:colcon.colcon_core.shell:create_environment_hook('mecharm_communication', 'pythonpath')
[3.152s] INFO:colcon.colcon_core.shell:Creating environment hook '/home/amin/cobot/cobot_ws/install/mecharm_communication/share/mecharm_communication/hook/pythonpath.ps1'
[3.152s] INFO:colcon.colcon_core.shell:Creating environment descriptor '/home/amin/cobot/cobot_ws/install/mecharm_communication/share/mecharm_communication/hook/pythonpath.dsv'
[3.152s] INFO:colcon.colcon_core.shell:Creating environment hook '/home/amin/cobot/cobot_ws/install/mecharm_communication/share/mecharm_communication/hook/pythonpath.sh'
[3.153s] Level 1:colcon.colcon_core.environment:checking '/home/amin/cobot/cobot_ws/install/mecharm_communication/bin'
[3.153s] Level 1:colcon.colcon_core.environment:create_environment_scripts_only(mecharm_communication)
[3.153s] INFO:colcon.colcon_core.shell:Creating package script '/home/amin/cobot/cobot_ws/install/mecharm_communication/share/mecharm_communication/package.ps1'
[3.153s] INFO:colcon.colcon_core.shell:Creating package descriptor '/home/amin/cobot/cobot_ws/install/mecharm_communication/share/mecharm_communication/package.dsv'
[3.153s] INFO:colcon.colcon_core.shell:Creating package script '/home/amin/cobot/cobot_ws/install/mecharm_communication/share/mecharm_communication/package.sh'
[3.154s] INFO:colcon.colcon_core.shell:Creating package script '/home/amin/cobot/cobot_ws/install/mecharm_communication/share/mecharm_communication/package.bash'
[3.154s] INFO:colcon.colcon_core.shell:Creating package script '/home/amin/cobot/cobot_ws/install/mecharm_communication/share/mecharm_communication/package.zsh'
[3.154s] Level 1:colcon.colcon_core.environment:create_file_with_runtime_dependencies(/home/amin/cobot/cobot_ws/install/mecharm_communication/share/colcon-core/packages/mecharm_communication)
[3.155s] INFO:colcon.colcon_ros.task.ament_python.build:Building ROS package in '/home/amin/cobot/cobot_ws/src/mycobot_ros2/mycobot_280/mycobot_280_arduino' with build type 'ament_python'
[3.155s] Level 1:colcon.colcon_core.shell:create_environment_hook('mycobot_280_arduino', 'ament_prefix_path')
[3.155s] INFO:colcon.colcon_core.shell:Creating environment hook '/home/amin/cobot/cobot_ws/install/mycobot_280_arduino/share/mycobot_280_arduino/hook/ament_prefix_path.ps1'
[3.155s] INFO:colcon.colcon_core.shell:Creating environment descriptor '/home/amin/cobot/cobot_ws/install/mycobot_280_arduino/share/mycobot_280_arduino/hook/ament_prefix_path.dsv'
[3.155s] INFO:colcon.colcon_core.shell:Creating environment hook '/home/amin/cobot/cobot_ws/install/mycobot_280_arduino/share/mycobot_280_arduino/hook/ament_prefix_path.sh'
[3.156s] INFO:colcon.colcon_core.shell:Skip shell extension 'powershell' for command environment: Not usable outside of PowerShell
[3.156s] DEBUG:colcon.colcon_core.shell:Skip shell extension 'dsv' for command environment
[3.159s] INFO:colcon.colcon_ros.task.ament_cmake.build:Building ROS package in '/home/amin/cobot/cobot_ws/src/mycobot_ros2/mycobot_280_gazebo' with build type 'ament_cmake'
[3.159s] INFO:colcon.colcon_cmake.task.cmake.build:Building CMake package in '/home/amin/cobot/cobot_ws/src/mycobot_ros2/mycobot_280_gazebo'
[3.159s] INFO:colcon.colcon_core.shell:Skip shell extension 'powershell' for command environment: Not usable outside of PowerShell
[3.160s] DEBUG:colcon.colcon_core.shell:Skip shell extension 'dsv' for command environment
[3.464s] INFO:colcon.colcon_core.task.python.build:Building Python package in '/home/amin/cobot/cobot_ws/src/mycobot_ros2/mycobot_280/mycobot_280_arduino'
[3.464s] INFO:colcon.colcon_core.shell:Skip shell extension 'powershell' for command environment: Not usable outside of PowerShell
[3.465s] DEBUG:colcon.colcon_core.shell:Skip shell extension 'dsv' for command environment
[3.479s] DEBUG:colcon.colcon_core.event_handler.log_command:Invoking command in '/home/amin/cobot/cobot_ws/build/mycobot_280_gazebo': AMENT_PREFIX_PATH=/home/amin/cobot/cobot_ws/install/mycobot_description:/home/amin/cobot/cobot_ws/install/ultraarm:/home/amin/cobot/cobot_ws/install/pro450_moveit2_control:/home/amin/cobot/cobot_ws/install/pro450_moveit2:/home/amin/cobot/cobot_ws/install/mypalletizer_communication:/home/amin/cobot/cobot_ws/install/mypalletizer_interfaces:/home/amin/cobot/cobot_ws/install/mypalletizer_260_pi:/home/amin/cobot/cobot_ws/install/mypalletizer_260:/home/amin/cobot/cobot_ws/install/mycobot_pro_450:/home/amin/cobot/cobot_ws/install/mycobot_pro450_interfaces:/home/amin/cobot/cobot_ws/install/myarm_m750:/home/amin/cobot/cobot_ws/install/myarm_c650:/home/amin/cobot/cobot_ws/install/mycobot_communication:/home/amin/cobot/cobot_ws/install/mecharm_communication:/home/amin/cobot/cobot_ws/install/mycobot_interfaces:/home/amin/cobot/cobot_ws/install/mycobot_630:/home/amin/cobot/cobot_ws/install/mycobot_600:/home/amin/cobot/cobot_ws/install/mycobot_320pi:/home/amin/cobot/cobot_ws/install/mycobot_320_riscv:/home/amin/cobot/cobot_ws/install/mycobot_320:/home/amin/cobot/cobot_ws/install/mycobot_280rdkx5_moveit2:/home/amin/cobot/cobot_ws/install/mycobot_280pi:/home/amin/cobot/cobot_ws/install/mycobot_280jn:/home/amin/cobot/cobot_ws/install/mycobot_280arduino_moveit2:/home/amin/cobot/cobot_ws/install/mycobot_280_x3pi:/home/amin/cobot/cobot_ws/install/mycobot_280_riscv:/home/amin/cobot/cobot_ws/install/mycobot_280_rdkx5:/home/amin/cobot/cobot_ws/install/mycobot_280_moveit2_control:/home/amin/cobot/cobot_ws/install/mycobot_280_moveit2:/home/amin/cobot/cobot_ws/install/mycobot_280_gazebo_jazzy:/home/amin/cobot/cobot_ws/install/mycobot_280_gazebo:/home/amin/cobot/cobot_ws/install/mycobot_280_arduino:/home/amin/cobot/cobot_ws/install/mycobot_280:/home/amin/cobot/cobot_ws/install/mybuddy:/home/amin/cobot/cobot_ws/install/myarm_300:/home/amin/cobot/cobot_ws/install/mecharm_pi:/home/amin/cobot/cobot_ws/install/mecharm:/home/amin/cobot/cobot_ws/install/mecharm_interfaces:/opt/ros/jazzy CMAKE_PREFIX_PATH=${CMAKE_PREFIX_PATH}:/home/amin/cobot/cobot_ws/install/ultraarm:/home/amin/cobot/cobot_ws/install/pro450_moveit2_control:/home/amin/cobot/cobot_ws/install/mypalletizer_communication:/home/amin/cobot/cobot_ws/install/mypalletizer_260_pi:/home/amin/cobot/cobot_ws/install/mypalletizer_260:/home/amin/cobot/cobot_ws/install/mycobot_pro_450:/home/amin/cobot/cobot_ws/install/myarm_m750:/home/amin/cobot/cobot_ws/install/myarm_c650:/home/amin/cobot/cobot_ws/install/mycobot_communication:/home/amin/cobot/cobot_ws/install/mecharm_communication:/home/amin/cobot/cobot_ws/install/mycobot_630:/home/amin/cobot/cobot_ws/install/mycobot_600:/home/amin/cobot/cobot_ws/install/mycobot_320pi:/home/amin/cobot/cobot_ws/install/mycobot_320_riscv:/home/amin/cobot/cobot_ws/install/mycobot_320:/home/amin/cobot/cobot_ws/install/mycobot_280pi:/home/amin/cobot/cobot_ws/install/mycobot_280jn:/home/amin/cobot/cobot_ws/install/mycobot_280_x3pi:/home/amin/cobot/cobot_ws/install/mycobot_280_riscv:/home/amin/cobot/cobot_ws/install/mycobot_280_rdkx5:/home/amin/cobot/cobot_ws/install/mycobot_280_moveit2_control:/home/amin/cobot/cobot_ws/install/mycobot_280_arduino:/home/amin/cobot/cobot_ws/install/mycobot_280:/home/amin/cobot/cobot_ws/install/mybuddy:/home/amin/cobot/cobot_ws/install/myarm_300:/home/amin/cobot/cobot_ws/install/mecharm_pi:/home/amin/cobot/cobot_ws/install/mecharm:/home/amin/cobot/cobot_ws/install/mycobot_description:/opt/ros/jazzy DEBUGINFOD_URLS=https://debuginfod.ubuntu.com PYTHONPATH=/home/amin/cobot/cobot_ws/install/mycobot_description/lib/python3.12/site-packages:/home/amin/cobot/cobot_ws/install/ultraarm/lib/python3.12/site-packages:/home/amin/cobot/cobot_ws/install/pro450_moveit2_control/lib/python3.12/site-packages:/home/amin/cobot/cobot_ws/install/mypalletizer_communication/lib/python3.12/site-packages:/home/amin/cobot/cobot_ws/install/mypalletizer_interfaces/lib/python3.12/site-packages:/home/amin/cobot/cobot_ws/install/mypalletizer_260_pi/lib/python3.12/site-packages:/home/amin/cobot/cobot_ws/install/mypalletizer_260/lib/python3.12/site-packages:/home/amin/cobot/cobot_ws/install/mycobot_pro_450/lib/python3.12/site-packages:/home/amin/cobot/cobot_ws/install/mycobot_pro450_interfaces/lib/python3.12/site-packages:/home/amin/cobot/cobot_ws/install/myarm_m750/lib/python3.12/site-packages:/home/amin/cobot/cobot_ws/install/myarm_c650/lib/python3.12/site-packages:/home/amin/cobot/cobot_ws/install/mycobot_communication/lib/python3.12/site-packages:/home/amin/cobot/cobot_ws/install/mecharm_communication/lib/python3.12/site-packages:/home/amin/cobot/cobot_ws/install/mycobot_interfaces/lib/python3.12/site-packages:/home/amin/cobot/cobot_ws/install/mycobot_630/lib/python3.12/site-packages:/home/amin/cobot/cobot_ws/install/mycobot_600/lib/python3.12/site-packages:/home/amin/cobot/cobot_ws/install/mycobot_320pi/lib/python3.12/site-packages:/home/amin/cobot/cobot_ws/install/mycobot_320_riscv/lib/python3.12/site-packages:/home/amin/cobot/cobot_ws/install/mycobot_320/lib/python3.12/site-packages:/home/amin/cobot/cobot_ws/install/mycobot_280pi/lib/python3.12/site-packages:/home/amin/cobot/cobot_ws/install/mycobot_280jn/lib/python3.12/site-packages:/home/amin/cobot/cobot_ws/install/mycobot_280_x3pi/lib/python3.12/site-packages:/home/amin/cobot/cobot_ws/install/mycobot_280_riscv/lib/python3.12/site-packages:/home/amin/cobot/cobot_ws/install/mycobot_280_rdkx5/lib/python3.12/site-packages:/home/amin/cobot/cobot_ws/install/mycobot_280_moveit2_control/lib/python3.12/site-packages:/home/amin/cobot/cobot_ws/install/mycobot_280_arduino/lib/python3.12/site-packages:/home/amin/cobot/cobot_ws/install/mycobot_280/lib/python3.12/site-packages:/home/amin/cobot/cobot_ws/install/mybuddy/lib/python3.12/site-packages:/home/amin/cobot/cobot_ws/install/myarm_300/lib/python3.12/site-packages:/home/amin/cobot/cobot_ws/install/mecharm_pi/lib/python3.12/site-packages:/home/amin/cobot/cobot_ws/install/mecharm/lib/python3.12/site-packages:/home/amin/cobot/cobot_ws/install/mecharm_interfaces/lib/python3.12/site-packages:/opt/ros/jazzy/lib/python3.12/site-packages /usr/bin/cmake --build /home/amin/cobot/cobot_ws/build/mycobot_280_gazebo -- -j8 -l8
[3.534s] DEBUG:colcon.colcon_core.event_handler.log_command:Invoked command in '/home/amin/cobot/cobot_ws/build/mycobot_280_gazebo' returned '0': AMENT_PREFIX_PATH=/home/amin/cobot/cobot_ws/install/mycobot_description:/home/amin/cobot/cobot_ws/install/ultraarm:/home/amin/cobot/cobot_ws/install/pro450_moveit2_control:/home/amin/cobot/cobot_ws/install/pro450_moveit2:/home/amin/cobot/cobot_ws/install/mypalletizer_communication:/home/amin/cobot/cobot_ws/install/mypalletizer_interfaces:/home/amin/cobot/cobot_ws/install/mypalletizer_260_pi:/home/amin/cobot/cobot_ws/install/mypalletizer_260:/home/amin/cobot/cobot_ws/install/mycobot_pro_450:/home/amin/cobot/cobot_ws/install/mycobot_pro450_interfaces:/home/amin/cobot/cobot_ws/install/myarm_m750:/home/amin/cobot/cobot_ws/install/myarm_c650:/home/amin/cobot/cobot_ws/install/mycobot_communication:/home/amin/cobot/cobot_ws/install/mecharm_communication:/home/amin/cobot/cobot_ws/install/mycobot_interfaces:/home/amin/cobot/cobot_ws/install/mycobot_630:/home/amin/cobot/cobot_ws/install/mycobot_600:/home/amin/cobot/cobot_ws/install/mycobot_320pi:/home/amin/cobot/cobot_ws/install/mycobot_320_riscv:/home/amin/cobot/cobot_ws/install/mycobot_320:/home/amin/cobot/cobot_ws/install/mycobot_280rdkx5_moveit2:/home/amin/cobot/cobot_ws/install/mycobot_280pi:/home/amin/cobot/cobot_ws/install/mycobot_280jn:/home/amin/cobot/cobot_ws/install/mycobot_280arduino_moveit2:/home/amin/cobot/cobot_ws/install/mycobot_280_x3pi:/home/amin/cobot/cobot_ws/install/mycobot_280_riscv:/home/amin/cobot/cobot_ws/install/mycobot_280_rdkx5:/home/amin/cobot/cobot_ws/install/mycobot_280_moveit2_control:/home/amin/cobot/cobot_ws/install/mycobot_280_moveit2:/home/amin/cobot/cobot_ws/install/mycobot_280_gazebo_jazzy:/home/amin/cobot/cobot_ws/install/mycobot_280_gazebo:/home/amin/cobot/cobot_ws/install/mycobot_280_arduino:/home/amin/cobot/cobot_ws/install/mycobot_280:/home/amin/cobot/cobot_ws/install/mybuddy:/home/amin/cobot/cobot_ws/install/myarm_300:/home/amin/cobot/cobot_ws/install/mecharm_pi:/home/amin/cobot/cobot_ws/install/mecharm:/home/amin/cobot/cobot_ws/install/mecharm_interfaces:/opt/ros/jazzy CMAKE_PREFIX_PATH=${CMAKE_PREFIX_PATH}:/home/amin/cobot/cobot_ws/install/ultraarm:/home/amin/cobot/cobot_ws/install/pro450_moveit2_control:/home/amin/cobot/cobot_ws/install/mypalletizer_communication:/home/amin/cobot/cobot_ws/install/mypalletizer_260_pi:/home/amin/cobot/cobot_ws/install/mypalletizer_260:/home/amin/cobot/cobot_ws/install/mycobot_pro_450:/home/amin/cobot/cobot_ws/install/myarm_m750:/home/amin/cobot/cobot_ws/install/myarm_c650:/home/amin/cobot/cobot_ws/install/mycobot_communication:/home/amin/cobot/cobot_ws/install/mecharm_communication:/home/amin/cobot/cobot_ws/install/mycobot_630:/home/amin/cobot/cobot_ws/install/mycobot_600:/home/amin/cobot/cobot_ws/install/mycobot_320pi:/home/amin/cobot/cobot_ws/install/mycobot_320_riscv:/home/amin/cobot/cobot_ws/install/mycobot_320:/home/amin/cobot/cobot_ws/install/mycobot_280pi:/home/amin/cobot/cobot_ws/install/mycobot_280jn:/home/amin/cobot/cobot_ws/install/mycobot_280_x3pi:/home/amin/cobot/cobot_ws/install/mycobot_280_riscv:/home/amin/cobot/cobot_ws/install/mycobot_280_rdkx5:/home/amin/cobot/cobot_ws/install/mycobot_280_moveit2_control:/home/amin/cobot/cobot_ws/install/mycobot_280_arduino:/home/amin/cobot/cobot_ws/install/mycobot_280:/home/amin/cobot/cobot_ws/install/mybuddy:/home/amin/cobot/cobot_ws/install/myarm_300:/home/amin/cobot/cobot_ws/install/mecharm_pi:/home/amin/cobot/cobot_ws/install/mecharm:/home/amin/cobot/cobot_ws/install/mycobot_description:/opt/ros/jazzy DEBUGINFOD_URLS=https://debuginfod.ubuntu.com PYTHONPATH=/home/amin/cobot/cobot_ws/install/mycobot_description/lib/python3.12/site-packages:/home/amin/cobot/cobot_ws/install/ultraarm/lib/python3.12/site-packages:/home/amin/cobot/cobot_ws/install/pro450_moveit2_control/lib/python3.12/site-packages:/home/amin/cobot/cobot_ws/install/mypalletizer_communication/lib/python3.12/site-packages:/home/amin/cobot/cobot_ws/install/mypalletizer_interfaces/lib/python3.12/site-packages:/home/amin/cobot/cobot_ws/install/mypalletizer_260_pi/lib/python3.12/site-packages:/home/amin/cobot/cobot_ws/install/mypalletizer_260/lib/python3.12/site-packages:/home/amin/cobot/cobot_ws/install/mycobot_pro_450/lib/python3.12/site-packages:/home/amin/cobot/cobot_ws/install/mycobot_pro450_interfaces/lib/python3.12/site-packages:/home/amin/cobot/cobot_ws/install/myarm_m750/lib/python3.12/site-packages:/home/amin/cobot/cobot_ws/install/myarm_c650/lib/python3.12/site-packages:/home/amin/cobot/cobot_ws/install/mycobot_communication/lib/python3.12/site-packages:/home/amin/cobot/cobot_ws/install/mecharm_communication/lib/python3.12/site-packages:/home/amin/cobot/cobot_ws/install/mycobot_interfaces/lib/python3.12/site-packages:/home/amin/cobot/cobot_ws/install/mycobot_630/lib/python3.12/site-packages:/home/amin/cobot/cobot_ws/install/mycobot_600/lib/python3.12/site-packages:/home/amin/cobot/cobot_ws/install/mycobot_320pi/lib/python3.12/site-packages:/home/amin/cobot/cobot_ws/install/mycobot_320_riscv/lib/python3.12/site-packages:/home/amin/cobot/cobot_ws/install/mycobot_320/lib/python3.12/site-packages:/home/amin/cobot/cobot_ws/install/mycobot_280pi/lib/python3.12/site-packages:/home/amin/cobot/cobot_ws/install/mycobot_280jn/lib/python3.12/site-packages:/home/amin/cobot/cobot_ws/install/mycobot_280_x3pi/lib/python3.12/site-packages:/home/amin/cobot/cobot_ws/install/mycobot_280_riscv/lib/python3.12/site-packages:/home/amin/cobot/cobot_ws/install/mycobot_280_rdkx5/lib/python3.12/site-packages:/home/amin/cobot/cobot_ws/install/mycobot_280_moveit2_control/lib/python3.12/site-packages:/home/amin/cobot/cobot_ws/install/mycobot_280_arduino/lib/python3.12/site-packages:/home/amin/cobot/cobot_ws/install/mycobot_280/lib/python3.12/site-packages:/home/amin/cobot/cobot_ws/install/mybuddy/lib/python3.12/site-packages:/home/amin/cobot/cobot_ws/install/myarm_300/lib/python3.12/site-packages:/home/amin/cobot/cobot_ws/install/mecharm_pi/lib/python3.12/site-packages:/home/amin/cobot/cobot_ws/install/mecharm/lib/python3.12/site-packages:/home/amin/cobot/cobot_ws/install/mecharm_interfaces/lib/python3.12/site-packages:/opt/ros/jazzy/lib/python3.12/site-packages /usr/bin/cmake --build /home/amin/cobot/cobot_ws/build/mycobot_280_gazebo -- -j8 -l8
[3.534s] DEBUG:colcon.colcon_core.event_handler.log_command:Invoking command in '/home/amin/cobot/cobot_ws/build/mycobot_280_gazebo': AMENT_PREFIX_PATH=/home/amin/cobot/cobot_ws/install/mycobot_description:/home/amin/cobot/cobot_ws/install/ultraarm:/home/amin/cobot/cobot_ws/install/pro450_moveit2_control:/home/amin/cobot/cobot_ws/install/pro450_moveit2:/home/amin/cobot/cobot_ws/install/mypalletizer_communication:/home/amin/cobot/cobot_ws/install/mypalletizer_interfaces:/home/amin/cobot/cobot_ws/install/mypalletizer_260_pi:/home/amin/cobot/cobot_ws/install/mypalletizer_260:/home/amin/cobot/cobot_ws/install/mycobot_pro_450:/home/amin/cobot/cobot_ws/install/mycobot_pro450_interfaces:/home/amin/cobot/cobot_ws/install/myarm_m750:/home/amin/cobot/cobot_ws/install/myarm_c650:/home/amin/cobot/cobot_ws/install/mycobot_communication:/home/amin/cobot/cobot_ws/install/mecharm_communication:/home/amin/cobot/cobot_ws/install/mycobot_interfaces:/home/amin/cobot/cobot_ws/install/mycobot_630:/home/amin/cobot/cobot_ws/install/mycobot_600:/home/amin/cobot/cobot_ws/install/mycobot_320pi:/home/amin/cobot/cobot_ws/install/mycobot_320_riscv:/home/amin/cobot/cobot_ws/install/mycobot_320:/home/amin/cobot/cobot_ws/install/mycobot_280rdkx5_moveit2:/home/amin/cobot/cobot_ws/install/mycobot_280pi:/home/amin/cobot/cobot_ws/install/mycobot_280jn:/home/amin/cobot/cobot_ws/install/mycobot_280arduino_moveit2:/home/amin/cobot/cobot_ws/install/mycobot_280_x3pi:/home/amin/cobot/cobot_ws/install/mycobot_280_riscv:/home/amin/cobot/cobot_ws/install/mycobot_280_rdkx5:/home/amin/cobot/cobot_ws/install/mycobot_280_moveit2_control:/home/amin/cobot/cobot_ws/install/mycobot_280_moveit2:/home/amin/cobot/cobot_ws/install/mycobot_280_gazebo_jazzy:/home/amin/cobot/cobot_ws/install/mycobot_280_gazebo:/home/amin/cobot/cobot_ws/install/mycobot_280_arduino:/home/amin/cobot/cobot_ws/install/mycobot_280:/home/amin/cobot/cobot_ws/install/mybuddy:/home/amin/cobot/cobot_ws/install/myarm_300:/home/amin/cobot/cobot_ws/install/mecharm_pi:/home/amin/cobot/cobot_ws/install/mecharm:/home/amin/cobot/cobot_ws/install/mecharm_interfaces:/opt/ros/jazzy CMAKE_PREFIX_PATH=${CMAKE_PREFIX_PATH}:/home/amin/cobot/cobot_ws/install/ultraarm:/home/amin/cobot/cobot_ws/install/pro450_moveit2_control:/home/amin/cobot/cobot_ws/install/mypalletizer_communication:/home/amin/cobot/cobot_ws/install/mypalletizer_260_pi:/home/amin/cobot/cobot_ws/install/mypalletizer_260:/home/amin/cobot/cobot_ws/install/mycobot_pro_450:/home/amin/cobot/cobot_ws/install/myarm_m750:/home/amin/cobot/cobot_ws/install/myarm_c650:/home/amin/cobot/cobot_ws/install/mycobot_communication:/home/amin/cobot/cobot_ws/install/mecharm_communication:/home/amin/cobot/cobot_ws/install/mycobot_630:/home/amin/cobot/cobot_ws/install/mycobot_600:/home/amin/cobot/cobot_ws/install/mycobot_320pi:/home/amin/cobot/cobot_ws/install/mycobot_320_riscv:/home/amin/cobot/cobot_ws/install/mycobot_320:/home/amin/cobot/cobot_ws/install/mycobot_280pi:/home/amin/cobot/cobot_ws/install/mycobot_280jn:/home/amin/cobot/cobot_ws/install/mycobot_280_x3pi:/home/amin/cobot/cobot_ws/install/mycobot_280_riscv:/home/amin/cobot/cobot_ws/install/mycobot_280_rdkx5:/home/amin/cobot/cobot_ws/install/mycobot_280_moveit2_control:/home/amin/cobot/cobot_ws/install/mycobot_280_arduino:/home/amin/cobot/cobot_ws/install/mycobot_280:/home/amin/cobot/cobot_ws/install/mybuddy:/home/amin/cobot/cobot_ws/install/myarm_300:/home/amin/cobot/cobot_ws/install/mecharm_pi:/home/amin/cobot/cobot_ws/install/mecharm:/home/amin/cobot/cobot_ws/install/mycobot_description:/opt/ros/jazzy DEBUGINFOD_URLS=https://debuginfod.ubuntu.com PYTHONPATH=/home/amin/cobot/cobot_ws/install/mycobot_description/lib/python3.12/site-packages:/home/amin/cobot/cobot_ws/install/ultraarm/lib/python3.12/site-packages:/home/amin/cobot/cobot_ws/install/pro450_moveit2_control/lib/python3.12/site-packages:/home/amin/cobot/cobot_ws/install/mypalletizer_communication/lib/python3.12/site-packages:/home/amin/cobot/cobot_ws/install/mypalletizer_interfaces/lib/python3.12/site-packages:/home/amin/cobot/cobot_ws/install/mypalletizer_260_pi/lib/python3.12/site-packages:/home/amin/cobot/cobot_ws/install/mypalletizer_260/lib/python3.12/site-packages:/home/amin/cobot/cobot_ws/install/mycobot_pro_450/lib/python3.12/site-packages:/home/amin/cobot/cobot_ws/install/mycobot_pro450_interfaces/lib/python3.12/site-packages:/home/amin/cobot/cobot_ws/install/myarm_m750/lib/python3.12/site-packages:/home/amin/cobot/cobot_ws/install/myarm_c650/lib/python3.12/site-packages:/home/amin/cobot/cobot_ws/install/mycobot_communication/lib/python3.12/site-packages:/home/amin/cobot/cobot_ws/install/mecharm_communication/lib/python3.12/site-packages:/home/amin/cobot/cobot_ws/install/mycobot_interfaces/lib/python3.12/site-packages:/home/amin/cobot/cobot_ws/install/mycobot_630/lib/python3.12/site-packages:/home/amin/cobot/cobot_ws/install/mycobot_600/lib/python3.12/site-packages:/home/amin/cobot/cobot_ws/install/mycobot_320pi/lib/python3.12/site-packages:/home/amin/cobot/cobot_ws/install/mycobot_320_riscv/lib/python3.12/site-packages:/home/amin/cobot/cobot_ws/install/mycobot_320/lib/python3.12/site-packages:/home/amin/cobot/cobot_ws/install/mycobot_280pi/lib/python3.12/site-packages:/home/amin/cobot/cobot_ws/install/mycobot_280jn/lib/python3.12/site-packages:/home/amin/cobot/cobot_ws/install/mycobot_280_x3pi/lib/python3.12/site-packages:/home/amin/cobot/cobot_ws/install/mycobot_280_riscv/lib/python3.12/site-packages:/home/amin/cobot/cobot_ws/install/mycobot_280_rdkx5/lib/python3.12/site-packages:/home/amin/cobot/cobot_ws/install/mycobot_280_moveit2_control/lib/python3.12/site-packages:/home/amin/cobot/cobot_ws/install/mycobot_280_arduino/lib/python3.12/site-packages:/home/amin/cobot/cobot_ws/install/mycobot_280/lib/python3.12/site-packages:/home/amin/cobot/cobot_ws/install/mybuddy/lib/python3.12/site-packages:/home/amin/cobot/cobot_ws/install/myarm_300/lib/python3.12/site-packages:/home/amin/cobot/cobot_ws/install/mecharm_pi/lib/python3.12/site-packages:/home/amin/cobot/cobot_ws/install/mecharm/lib/python3.12/site-packages:/home/amin/cobot/cobot_ws/install/mecharm_interfaces/lib/python3.12/site-packages:/opt/ros/jazzy/lib/python3.12/site-packages /usr/bin/cmake --install /home/amin/cobot/cobot_ws/build/mycobot_280_gazebo
[3.555s] Level 1:colcon.colcon_core.environment:create_environment_scripts_only(mycobot_280_gazebo)
[3.555s] Level 1:colcon.colcon_core.environment:checking '/home/amin/cobot/cobot_ws/install/mycobot_280_gazebo' for CMake module files
[3.556s] Level 1:colcon.colcon_core.environment:checking '/home/amin/cobot/cobot_ws/install/mycobot_280_gazebo' for CMake config files
[3.556s] Level 1:colcon.colcon_core.shell:create_environment_hook('mycobot_280_gazebo', 'cmake_prefix_path')
[3.556s] INFO:colcon.colcon_core.shell:Creating environment hook '/home/amin/cobot/cobot_ws/install/mycobot_280_gazebo/share/mycobot_280_gazebo/hook/cmake_prefix_path.ps1'
[3.557s] INFO:colcon.colcon_core.shell:Creating environment descriptor '/home/amin/cobot/cobot_ws/install/mycobot_280_gazebo/share/mycobot_280_gazebo/hook/cmake_prefix_path.dsv'
[3.557s] DEBUG:colcon.colcon_core.event_handler.log_command:Invoked command in '/home/amin/cobot/cobot_ws/build/mycobot_280_gazebo' returned '0': AMENT_PREFIX_PATH=/home/amin/cobot/cobot_ws/install/mycobot_description:/home/amin/cobot/cobot_ws/install/ultraarm:/home/amin/cobot/cobot_ws/install/pro450_moveit2_control:/home/amin/cobot/cobot_ws/install/pro450_moveit2:/home/amin/cobot/cobot_ws/install/mypalletizer_communication:/home/amin/cobot/cobot_ws/install/mypalletizer_interfaces:/home/amin/cobot/cobot_ws/install/mypalletizer_260_pi:/home/amin/cobot/cobot_ws/install/mypalletizer_260:/home/amin/cobot/cobot_ws/install/mycobot_pro_450:/home/amin/cobot/cobot_ws/install/mycobot_pro450_interfaces:/home/amin/cobot/cobot_ws/install/myarm_m750:/home/amin/cobot/cobot_ws/install/myarm_c650:/home/amin/cobot/cobot_ws/install/mycobot_communication:/home/amin/cobot/cobot_ws/install/mecharm_communication:/home/amin/cobot/cobot_ws/install/mycobot_interfaces:/home/amin/cobot/cobot_ws/install/mycobot_630:/home/amin/cobot/cobot_ws/install/mycobot_600:/home/amin/cobot/cobot_ws/install/mycobot_320pi:/home/amin/cobot/cobot_ws/install/mycobot_320_riscv:/home/amin/cobot/cobot_ws/install/mycobot_320:/home/amin/cobot/cobot_ws/install/mycobot_280rdkx5_moveit2:/home/amin/cobot/cobot_ws/install/mycobot_280pi:/home/amin/cobot/cobot_ws/install/mycobot_280jn:/home/amin/cobot/cobot_ws/install/mycobot_280arduino_moveit2:/home/amin/cobot/cobot_ws/install/mycobot_280_x3pi:/home/amin/cobot/cobot_ws/install/mycobot_280_riscv:/home/amin/cobot/cobot_ws/install/mycobot_280_rdkx5:/home/amin/cobot/cobot_ws/install/mycobot_280_moveit2_control:/home/amin/cobot/cobot_ws/install/mycobot_280_moveit2:/home/amin/cobot/cobot_ws/install/mycobot_280_gazebo_jazzy:/home/amin/cobot/cobot_ws/install/mycobot_280_gazebo:/home/amin/cobot/cobot_ws/install/mycobot_280_arduino:/home/amin/cobot/cobot_ws/install/mycobot_280:/home/amin/cobot/cobot_ws/install/mybuddy:/home/amin/cobot/cobot_ws/install/myarm_300:/home/amin/cobot/cobot_ws/install/mecharm_pi:/home/amin/cobot/cobot_ws/install/mecharm:/home/amin/cobot/cobot_ws/install/mecharm_interfaces:/opt/ros/jazzy CMAKE_PREFIX_PATH=${CMAKE_PREFIX_PATH}:/home/amin/cobot/cobot_ws/install/ultraarm:/home/amin/cobot/cobot_ws/install/pro450_moveit2_control:/home/amin/cobot/cobot_ws/install/mypalletizer_communication:/home/amin/cobot/cobot_ws/install/mypalletizer_260_pi:/home/amin/cobot/cobot_ws/install/mypalletizer_260:/home/amin/cobot/cobot_ws/install/mycobot_pro_450:/home/amin/cobot/cobot_ws/install/myarm_m750:/home/amin/cobot/cobot_ws/install/myarm_c650:/home/amin/cobot/cobot_ws/install/mycobot_communication:/home/amin/cobot/cobot_ws/install/mecharm_communication:/home/amin/cobot/cobot_ws/install/mycobot_630:/home/amin/cobot/cobot_ws/install/mycobot_600:/home/amin/cobot/cobot_ws/install/mycobot_320pi:/home/amin/cobot/cobot_ws/install/mycobot_320_riscv:/home/amin/cobot/cobot_ws/install/mycobot_320:/home/amin/cobot/cobot_ws/install/mycobot_280pi:/home/amin/cobot/cobot_ws/install/mycobot_280jn:/home/amin/cobot/cobot_ws/install/mycobot_280_x3pi:/home/amin/cobot/cobot_ws/install/mycobot_280_riscv:/home/amin/cobot/cobot_ws/install/mycobot_280_rdkx5:/home/amin/cobot/cobot_ws/install/mycobot_280_moveit2_control:/home/amin/cobot/cobot_ws/install/mycobot_280_arduino:/home/amin/cobot/cobot_ws/install/mycobot_280:/home/amin/cobot/cobot_ws/install/mybuddy:/home/amin/cobot/cobot_ws/install/myarm_300:/home/amin/cobot/cobot_ws/install/mecharm_pi:/home/amin/cobot/cobot_ws/install/mecharm:/home/amin/cobot/cobot_ws/install/mycobot_description:/opt/ros/jazzy DEBUGINFOD_URLS=https://debuginfod.ubuntu.com PYTHONPATH=/home/amin/cobot/cobot_ws/install/mycobot_description/lib/python3.12/site-packages:/home/amin/cobot/cobot_ws/install/ultraarm/lib/python3.12/site-packages:/home/amin/cobot/cobot_ws/install/pro450_moveit2_control/lib/python3.12/site-packages:/home/amin/cobot/cobot_ws/install/mypalletizer_communication/lib/python3.12/site-packages:/home/amin/cobot/cobot_ws/install/mypalletizer_interfaces/lib/python3.12/site-packages:/home/amin/cobot/cobot_ws/install/mypalletizer_260_pi/lib/python3.12/site-packages:/home/amin/cobot/cobot_ws/install/mypalletizer_260/lib/python3.12/site-packages:/home/amin/cobot/cobot_ws/install/mycobot_pro_450/lib/python3.12/site-packages:/home/amin/cobot/cobot_ws/install/mycobot_pro450_interfaces/lib/python3.12/site-packages:/home/amin/cobot/cobot_ws/install/myarm_m750/lib/python3.12/site-packages:/home/amin/cobot/cobot_ws/install/myarm_c650/lib/python3.12/site-packages:/home/amin/cobot/cobot_ws/install/mycobot_communication/lib/python3.12/site-packages:/home/amin/cobot/cobot_ws/install/mecharm_communication/lib/python3.12/site-packages:/home/amin/cobot/cobot_ws/install/mycobot_interfaces/lib/python3.12/site-packages:/home/amin/cobot/cobot_ws/install/mycobot_630/lib/python3.12/site-packages:/home/amin/cobot/cobot_ws/install/mycobot_600/lib/python3.12/site-packages:/home/amin/cobot/cobot_ws/install/mycobot_320pi/lib/python3.12/site-packages:/home/amin/cobot/cobot_ws/install/mycobot_320_riscv/lib/python3.12/site-packages:/home/amin/cobot/cobot_ws/install/mycobot_320/lib/python3.12/site-packages:/home/amin/cobot/cobot_ws/install/mycobot_280pi/lib/python3.12/site-packages:/home/amin/cobot/cobot_ws/install/mycobot_280jn/lib/python3.12/site-packages:/home/amin/cobot/cobot_ws/install/mycobot_280_x3pi/lib/python3.12/site-packages:/home/amin/cobot/cobot_ws/install/mycobot_280_riscv/lib/python3.12/site-packages:/home/amin/cobot/cobot_ws/install/mycobot_280_rdkx5/lib/python3.12/site-packages:/home/amin/cobot/cobot_ws/install/mycobot_280_moveit2_control/lib/python3.12/site-packages:/home/amin/cobot/cobot_ws/install/mycobot_280_arduino/lib/python3.12/site-packages:/home/amin/cobot/cobot_ws/install/mycobot_280/lib/python3.12/site-packages:/home/amin/cobot/cobot_ws/install/mybuddy/lib/python3.12/site-packages:/home/amin/cobot/cobot_ws/install/myarm_300/lib/python3.12/site-packages:/home/amin/cobot/cobot_ws/install/mecharm_pi/lib/python3.12/site-packages:/home/amin/cobot/cobot_ws/install/mecharm/lib/python3.12/site-packages:/home/amin/cobot/cobot_ws/install/mecharm_interfaces/lib/python3.12/site-packages:/opt/ros/jazzy/lib/python3.12/site-packages /usr/bin/cmake --install /home/amin/cobot/cobot_ws/build/mycobot_280_gazebo
[3.557s] INFO:colcon.colcon_core.shell:Creating environment hook '/home/amin/cobot/cobot_ws/install/mycobot_280_gazebo/share/mycobot_280_gazebo/hook/cmake_prefix_path.sh'
[3.558s] Level 1:colcon.colcon_core.environment:checking '/home/amin/cobot/cobot_ws/install/mycobot_280_gazebo/lib'
[3.558s] Level 1:colcon.colcon_core.environment:checking '/home/amin/cobot/cobot_ws/install/mycobot_280_gazebo/bin'
[3.558s] Level 1:colcon.colcon_core.environment:checking '/home/amin/cobot/cobot_ws/install/mycobot_280_gazebo/lib/pkgconfig/mycobot_280_gazebo.pc'
[3.558s] Level 1:colcon.colcon_core.environment:checking '/home/amin/cobot/cobot_ws/install/mycobot_280_gazebo/lib/python3.12/site-packages'
[3.559s] Level 1:colcon.colcon_core.environment:checking '/home/amin/cobot/cobot_ws/install/mycobot_280_gazebo/bin'
[3.559s] INFO:colcon.colcon_core.shell:Creating package script '/home/amin/cobot/cobot_ws/install/mycobot_280_gazebo/share/mycobot_280_gazebo/package.ps1'
[3.559s] INFO:colcon.colcon_core.shell:Creating package descriptor '/home/amin/cobot/cobot_ws/install/mycobot_280_gazebo/share/mycobot_280_gazebo/package.dsv'
[3.559s] INFO:colcon.colcon_core.shell:Creating package script '/home/amin/cobot/cobot_ws/install/mycobot_280_gazebo/share/mycobot_280_gazebo/package.sh'
[3.560s] INFO:colcon.colcon_core.shell:Creating package script '/home/amin/cobot/cobot_ws/install/mycobot_280_gazebo/share/mycobot_280_gazebo/package.bash'
[3.560s] INFO:colcon.colcon_core.shell:Creating package script '/home/amin/cobot/cobot_ws/install/mycobot_280_gazebo/share/mycobot_280_gazebo/package.zsh'
[3.560s] Level 1:colcon.colcon_core.environment:create_file_with_runtime_dependencies(/home/amin/cobot/cobot_ws/install/mycobot_280_gazebo/share/colcon-core/packages/mycobot_280_gazebo)
[3.561s] Level 1:colcon.colcon_core.environment:create_environment_scripts_only(mycobot_280_gazebo)
[3.561s] Level 1:colcon.colcon_core.environment:checking '/home/amin/cobot/cobot_ws/install/mycobot_280_gazebo' for CMake module files
[3.562s] Level 1:colcon.colcon_core.environment:checking '/home/amin/cobot/cobot_ws/install/mycobot_280_gazebo' for CMake config files
[3.562s] Level 1:colcon.colcon_core.shell:create_environment_hook('mycobot_280_gazebo', 'cmake_prefix_path')
[3.562s] INFO:colcon.colcon_core.shell:Creating environment hook '/home/amin/cobot/cobot_ws/install/mycobot_280_gazebo/share/mycobot_280_gazebo/hook/cmake_prefix_path.ps1'
[3.562s] INFO:colcon.colcon_core.shell:Creating environment descriptor '/home/amin/cobot/cobot_ws/install/mycobot_280_gazebo/share/mycobot_280_gazebo/hook/cmake_prefix_path.dsv'
[3.563s] INFO:colcon.colcon_core.shell:Creating environment hook '/home/amin/cobot/cobot_ws/install/mycobot_280_gazebo/share/mycobot_280_gazebo/hook/cmake_prefix_path.sh'
[3.563s] Level 1:colcon.colcon_core.environment:checking '/home/amin/cobot/cobot_ws/install/mycobot_280_gazebo/lib'
[3.563s] Level 1:colcon.colcon_core.environment:checking '/home/amin/cobot/cobot_ws/install/mycobot_280_gazebo/bin'
[3.563s] Level 1:colcon.colcon_core.environment:checking '/home/amin/cobot/cobot_ws/install/mycobot_280_gazebo/lib/pkgconfig/mycobot_280_gazebo.pc'
[3.563s] Level 1:colcon.colcon_core.environment:checking '/home/amin/cobot/cobot_ws/install/mycobot_280_gazebo/lib/python3.12/site-packages'
[3.564s] Level 1:colcon.colcon_core.environment:checking '/home/amin/cobot/cobot_ws/install/mycobot_280_gazebo/bin'
[3.564s] INFO:colcon.colcon_core.shell:Creating package script '/home/amin/cobot/cobot_ws/install/mycobot_280_gazebo/share/mycobot_280_gazebo/package.ps1'
[3.564s] INFO:colcon.colcon_core.shell:Creating package descriptor '/home/amin/cobot/cobot_ws/install/mycobot_280_gazebo/share/mycobot_280_gazebo/package.dsv'
[3.565s] INFO:colcon.colcon_core.shell:Creating package script '/home/amin/cobot/cobot_ws/install/mycobot_280_gazebo/share/mycobot_280_gazebo/package.sh'
[3.565s] INFO:colcon.colcon_core.shell:Creating package script '/home/amin/cobot/cobot_ws/install/mycobot_280_gazebo/share/mycobot_280_gazebo/package.bash'
[3.566s] INFO:colcon.colcon_core.shell:Creating package script '/home/amin/cobot/cobot_ws/install/mycobot_280_gazebo/share/mycobot_280_gazebo/package.zsh'
[3.566s] Level 1:colcon.colcon_core.environment:create_file_with_runtime_dependencies(/home/amin/cobot/cobot_ws/install/mycobot_280_gazebo/share/colcon-core/packages/mycobot_280_gazebo)
[3.567s] INFO:colcon.colcon_ros.task.ament_cmake.build:Building ROS package in '/home/amin/cobot/cobot_ws/src/mycobot_ros2/mycobot_280_gazebo_jazzy' with build type 'ament_cmake'
[3.567s] INFO:colcon.colcon_cmake.task.cmake.build:Building CMake package in '/home/amin/cobot/cobot_ws/src/mycobot_ros2/mycobot_280_gazebo_jazzy'
[3.567s] INFO:colcon.colcon_core.shell:Skip shell extension 'powershell' for command environment: Not usable outside of PowerShell
[3.567s] DEBUG:colcon.colcon_core.shell:Skip shell extension 'dsv' for command environment
[3.588s] DEBUG:colcon.colcon_core.event_handler.log_command:Invoking command in '/home/amin/cobot/cobot_ws/build/mycobot_280_gazebo_jazzy': AMENT_PREFIX_PATH=/home/amin/cobot/cobot_ws/install/mycobot_description:/home/amin/cobot/cobot_ws/install/ultraarm:/home/amin/cobot/cobot_ws/install/pro450_moveit2_control:/home/amin/cobot/cobot_ws/install/pro450_moveit2:/home/amin/cobot/cobot_ws/install/mypalletizer_communication:/home/amin/cobot/cobot_ws/install/mypalletizer_interfaces:/home/amin/cobot/cobot_ws/install/mypalletizer_260_pi:/home/amin/cobot/cobot_ws/install/mypalletizer_260:/home/amin/cobot/cobot_ws/install/mycobot_pro_450:/home/amin/cobot/cobot_ws/install/mycobot_pro450_interfaces:/home/amin/cobot/cobot_ws/install/myarm_m750:/home/amin/cobot/cobot_ws/install/myarm_c650:/home/amin/cobot/cobot_ws/install/mycobot_communication:/home/amin/cobot/cobot_ws/install/mecharm_communication:/home/amin/cobot/cobot_ws/install/mycobot_interfaces:/home/amin/cobot/cobot_ws/install/mycobot_630:/home/amin/cobot/cobot_ws/install/mycobot_600:/home/amin/cobot/cobot_ws/install/mycobot_320pi:/home/amin/cobot/cobot_ws/install/mycobot_320_riscv:/home/amin/cobot/cobot_ws/install/mycobot_320:/home/amin/cobot/cobot_ws/install/mycobot_280rdkx5_moveit2:/home/amin/cobot/cobot_ws/install/mycobot_280pi:/home/amin/cobot/cobot_ws/install/mycobot_280jn:/home/amin/cobot/cobot_ws/install/mycobot_280arduino_moveit2:/home/amin/cobot/cobot_ws/install/mycobot_280_x3pi:/home/amin/cobot/cobot_ws/install/mycobot_280_riscv:/home/amin/cobot/cobot_ws/install/mycobot_280_rdkx5:/home/amin/cobot/cobot_ws/install/mycobot_280_moveit2_control:/home/amin/cobot/cobot_ws/install/mycobot_280_moveit2:/home/amin/cobot/cobot_ws/install/mycobot_280_gazebo_jazzy:/home/amin/cobot/cobot_ws/install/mycobot_280_gazebo:/home/amin/cobot/cobot_ws/install/mycobot_280_arduino:/home/amin/cobot/cobot_ws/install/mycobot_280:/home/amin/cobot/cobot_ws/install/mybuddy:/home/amin/cobot/cobot_ws/install/myarm_300:/home/amin/cobot/cobot_ws/install/mecharm_pi:/home/amin/cobot/cobot_ws/install/mecharm:/home/amin/cobot/cobot_ws/install/mecharm_interfaces:/opt/ros/jazzy CMAKE_PREFIX_PATH=${CMAKE_PREFIX_PATH}:/home/amin/cobot/cobot_ws/install/ultraarm:/home/amin/cobot/cobot_ws/install/pro450_moveit2_control:/home/amin/cobot/cobot_ws/install/mypalletizer_communication:/home/amin/cobot/cobot_ws/install/mypalletizer_260_pi:/home/amin/cobot/cobot_ws/install/mypalletizer_260:/home/amin/cobot/cobot_ws/install/mycobot_pro_450:/home/amin/cobot/cobot_ws/install/myarm_m750:/home/amin/cobot/cobot_ws/install/myarm_c650:/home/amin/cobot/cobot_ws/install/mycobot_communication:/home/amin/cobot/cobot_ws/install/mecharm_communication:/home/amin/cobot/cobot_ws/install/mycobot_630:/home/amin/cobot/cobot_ws/install/mycobot_600:/home/amin/cobot/cobot_ws/install/mycobot_320pi:/home/amin/cobot/cobot_ws/install/mycobot_320_riscv:/home/amin/cobot/cobot_ws/install/mycobot_320:/home/amin/cobot/cobot_ws/install/mycobot_280pi:/home/amin/cobot/cobot_ws/install/mycobot_280jn:/home/amin/cobot/cobot_ws/install/mycobot_280_x3pi:/home/amin/cobot/cobot_ws/install/mycobot_280_riscv:/home/amin/cobot/cobot_ws/install/mycobot_280_rdkx5:/home/amin/cobot/cobot_ws/install/mycobot_280_moveit2_control:/home/amin/cobot/cobot_ws/install/mycobot_280_arduino:/home/amin/cobot/cobot_ws/install/mycobot_280:/home/amin/cobot/cobot_ws/install/mybuddy:/home/amin/cobot/cobot_ws/install/myarm_300:/home/amin/cobot/cobot_ws/install/mecharm_pi:/home/amin/cobot/cobot_ws/install/mecharm:/home/amin/cobot/cobot_ws/install/mycobot_description:/opt/ros/jazzy DEBUGINFOD_URLS=https://debuginfod.ubuntu.com PYTHONPATH=/home/amin/cobot/cobot_ws/install/mycobot_description/lib/python3.12/site-packages:/home/amin/cobot/cobot_ws/install/ultraarm/lib/python3.12/site-packages:/home/amin/cobot/cobot_ws/install/pro450_moveit2_control/lib/python3.12/site-packages:/home/amin/cobot/cobot_ws/install/mypalletizer_communication/lib/python3.12/site-packages:/home/amin/cobot/cobot_ws/install/mypalletizer_interfaces/lib/python3.12/site-packages:/home/amin/cobot/cobot_ws/install/mypalletizer_260_pi/lib/python3.12/site-packages:/home/amin/cobot/cobot_ws/install/mypalletizer_260/lib/python3.12/site-packages:/home/amin/cobot/cobot_ws/install/mycobot_pro_450/lib/python3.12/site-packages:/home/amin/cobot/cobot_ws/install/mycobot_pro450_interfaces/lib/python3.12/site-packages:/home/amin/cobot/cobot_ws/install/myarm_m750/lib/python3.12/site-packages:/home/amin/cobot/cobot_ws/install/myarm_c650/lib/python3.12/site-packages:/home/amin/cobot/cobot_ws/install/mycobot_communication/lib/python3.12/site-packages:/home/amin/cobot/cobot_ws/install/mecharm_communication/lib/python3.12/site-packages:/home/amin/cobot/cobot_ws/install/mycobot_interfaces/lib/python3.12/site-packages:/home/amin/cobot/cobot_ws/install/mycobot_630/lib/python3.12/site-packages:/home/amin/cobot/cobot_ws/install/mycobot_600/lib/python3.12/site-packages:/home/amin/cobot/cobot_ws/install/mycobot_320pi/lib/python3.12/site-packages:/home/amin/cobot/cobot_ws/install/mycobot_320_riscv/lib/python3.12/site-packages:/home/amin/cobot/cobot_ws/install/mycobot_320/lib/python3.12/site-packages:/home/amin/cobot/cobot_ws/install/mycobot_280pi/lib/python3.12/site-packages:/home/amin/cobot/cobot_ws/install/mycobot_280jn/lib/python3.12/site-packages:/home/amin/cobot/cobot_ws/install/mycobot_280_x3pi/lib/python3.12/site-packages:/home/amin/cobot/cobot_ws/install/mycobot_280_riscv/lib/python3.12/site-packages:/home/amin/cobot/cobot_ws/install/mycobot_280_rdkx5/lib/python3.12/site-packages:/home/amin/cobot/cobot_ws/install/mycobot_280_moveit2_control/lib/python3.12/site-packages:/home/amin/cobot/cobot_ws/install/mycobot_280_arduino/lib/python3.12/site-packages:/home/amin/cobot/cobot_ws/install/mycobot_280/lib/python3.12/site-packages:/home/amin/cobot/cobot_ws/install/mybuddy/lib/python3.12/site-packages:/home/amin/cobot/cobot_ws/install/myarm_300/lib/python3.12/site-packages:/home/amin/cobot/cobot_ws/install/mecharm_pi/lib/python3.12/site-packages:/home/amin/cobot/cobot_ws/install/mecharm/lib/python3.12/site-packages:/home/amin/cobot/cobot_ws/install/mecharm_interfaces/lib/python3.12/site-packages:/opt/ros/jazzy/lib/python3.12/site-packages /usr/bin/cmake --build /home/amin/cobot/cobot_ws/build/mycobot_280_gazebo_jazzy -- -j8 -l8
[3.639s] DEBUG:colcon.colcon_core.event_handler.log_command:Invoked command in '/home/amin/cobot/cobot_ws/build/mycobot_280_gazebo_jazzy' returned '0': AMENT_PREFIX_PATH=/home/amin/cobot/cobot_ws/install/mycobot_description:/home/amin/cobot/cobot_ws/install/ultraarm:/home/amin/cobot/cobot_ws/install/pro450_moveit2_control:/home/amin/cobot/cobot_ws/install/pro450_moveit2:/home/amin/cobot/cobot_ws/install/mypalletizer_communication:/home/amin/cobot/cobot_ws/install/mypalletizer_interfaces:/home/amin/cobot/cobot_ws/install/mypalletizer_260_pi:/home/amin/cobot/cobot_ws/install/mypalletizer_260:/home/amin/cobot/cobot_ws/install/mycobot_pro_450:/home/amin/cobot/cobot_ws/install/mycobot_pro450_interfaces:/home/amin/cobot/cobot_ws/install/myarm_m750:/home/amin/cobot/cobot_ws/install/myarm_c650:/home/amin/cobot/cobot_ws/install/mycobot_communication:/home/amin/cobot/cobot_ws/install/mecharm_communication:/home/amin/cobot/cobot_ws/install/mycobot_interfaces:/home/amin/cobot/cobot_ws/install/mycobot_630:/home/amin/cobot/cobot_ws/install/mycobot_600:/home/amin/cobot/cobot_ws/install/mycobot_320pi:/home/amin/cobot/cobot_ws/install/mycobot_320_riscv:/home/amin/cobot/cobot_ws/install/mycobot_320:/home/amin/cobot/cobot_ws/install/mycobot_280rdkx5_moveit2:/home/amin/cobot/cobot_ws/install/mycobot_280pi:/home/amin/cobot/cobot_ws/install/mycobot_280jn:/home/amin/cobot/cobot_ws/install/mycobot_280arduino_moveit2:/home/amin/cobot/cobot_ws/install/mycobot_280_x3pi:/home/amin/cobot/cobot_ws/install/mycobot_280_riscv:/home/amin/cobot/cobot_ws/install/mycobot_280_rdkx5:/home/amin/cobot/cobot_ws/install/mycobot_280_moveit2_control:/home/amin/cobot/cobot_ws/install/mycobot_280_moveit2:/home/amin/cobot/cobot_ws/install/mycobot_280_gazebo_jazzy:/home/amin/cobot/cobot_ws/install/mycobot_280_gazebo:/home/amin/cobot/cobot_ws/install/mycobot_280_arduino:/home/amin/cobot/cobot_ws/install/mycobot_280:/home/amin/cobot/cobot_ws/install/mybuddy:/home/amin/cobot/cobot_ws/install/myarm_300:/home/amin/cobot/cobot_ws/install/mecharm_pi:/home/amin/cobot/cobot_ws/install/mecharm:/home/amin/cobot/cobot_ws/install/mecharm_interfaces:/opt/ros/jazzy CMAKE_PREFIX_PATH=${CMAKE_PREFIX_PATH}:/home/amin/cobot/cobot_ws/install/ultraarm:/home/amin/cobot/cobot_ws/install/pro450_moveit2_control:/home/amin/cobot/cobot_ws/install/mypalletizer_communication:/home/amin/cobot/cobot_ws/install/mypalletizer_260_pi:/home/amin/cobot/cobot_ws/install/mypalletizer_260:/home/amin/cobot/cobot_ws/install/mycobot_pro_450:/home/amin/cobot/cobot_ws/install/myarm_m750:/home/amin/cobot/cobot_ws/install/myarm_c650:/home/amin/cobot/cobot_ws/install/mycobot_communication:/home/amin/cobot/cobot_ws/install/mecharm_communication:/home/amin/cobot/cobot_ws/install/mycobot_630:/home/amin/cobot/cobot_ws/install/mycobot_600:/home/amin/cobot/cobot_ws/install/mycobot_320pi:/home/amin/cobot/cobot_ws/install/mycobot_320_riscv:/home/amin/cobot/cobot_ws/install/mycobot_320:/home/amin/cobot/cobot_ws/install/mycobot_280pi:/home/amin/cobot/cobot_ws/install/mycobot_280jn:/home/amin/cobot/cobot_ws/install/mycobot_280_x3pi:/home/amin/cobot/cobot_ws/install/mycobot_280_riscv:/home/amin/cobot/cobot_ws/install/mycobot_280_rdkx5:/home/amin/cobot/cobot_ws/install/mycobot_280_moveit2_control:/home/amin/cobot/cobot_ws/install/mycobot_280_arduino:/home/amin/cobot/cobot_ws/install/mycobot_280:/home/amin/cobot/cobot_ws/install/mybuddy:/home/amin/cobot/cobot_ws/install/myarm_300:/home/amin/cobot/cobot_ws/install/mecharm_pi:/home/amin/cobot/cobot_ws/install/mecharm:/home/amin/cobot/cobot_ws/install/mycobot_description:/opt/ros/jazzy DEBUGINFOD_URLS=https://debuginfod.ubuntu.com PYTHONPATH=/home/amin/cobot/cobot_ws/install/mycobot_description/lib/python3.12/site-packages:/home/amin/cobot/cobot_ws/install/ultraarm/lib/python3.12/site-packages:/home/amin/cobot/cobot_ws/install/pro450_moveit2_control/lib/python3.12/site-packages:/home/amin/cobot/cobot_ws/install/mypalletizer_communication/lib/python3.12/site-packages:/home/amin/cobot/cobot_ws/install/mypalletizer_interfaces/lib/python3.12/site-packages:/home/amin/cobot/cobot_ws/install/mypalletizer_260_pi/lib/python3.12/site-packages:/home/amin/cobot/cobot_ws/install/mypalletizer_260/lib/python3.12/site-packages:/home/amin/cobot/cobot_ws/install/mycobot_pro_450/lib/python3.12/site-packages:/home/amin/cobot/cobot_ws/install/mycobot_pro450_interfaces/lib/python3.12/site-packages:/home/amin/cobot/cobot_ws/install/myarm_m750/lib/python3.12/site-packages:/home/amin/cobot/cobot_ws/install/myarm_c650/lib/python3.12/site-packages:/home/amin/cobot/cobot_ws/install/mycobot_communication/lib/python3.12/site-packages:/home/amin/cobot/cobot_ws/install/mecharm_communication/lib/python3.12/site-packages:/home/amin/cobot/cobot_ws/install/mycobot_interfaces/lib/python3.12/site-packages:/home/amin/cobot/cobot_ws/install/mycobot_630/lib/python3.12/site-packages:/home/amin/cobot/cobot_ws/install/mycobot_600/lib/python3.12/site-packages:/home/amin/cobot/cobot_ws/install/mycobot_320pi/lib/python3.12/site-packages:/home/amin/cobot/cobot_ws/install/mycobot_320_riscv/lib/python3.12/site-packages:/home/amin/cobot/cobot_ws/install/mycobot_320/lib/python3.12/site-packages:/home/amin/cobot/cobot_ws/install/mycobot_280pi/lib/python3.12/site-packages:/home/amin/cobot/cobot_ws/install/mycobot_280jn/lib/python3.12/site-packages:/home/amin/cobot/cobot_ws/install/mycobot_280_x3pi/lib/python3.12/site-packages:/home/amin/cobot/cobot_ws/install/mycobot_280_riscv/lib/python3.12/site-packages:/home/amin/cobot/cobot_ws/install/mycobot_280_rdkx5/lib/python3.12/site-packages:/home/amin/cobot/cobot_ws/install/mycobot_280_moveit2_control/lib/python3.12/site-packages:/home/amin/cobot/cobot_ws/install/mycobot_280_arduino/lib/python3.12/site-packages:/home/amin/cobot/cobot_ws/install/mycobot_280/lib/python3.12/site-packages:/home/amin/cobot/cobot_ws/install/mybuddy/lib/python3.12/site-packages:/home/amin/cobot/cobot_ws/install/myarm_300/lib/python3.12/site-packages:/home/amin/cobot/cobot_ws/install/mecharm_pi/lib/python3.12/site-packages:/home/amin/cobot/cobot_ws/install/mecharm/lib/python3.12/site-packages:/home/amin/cobot/cobot_ws/install/mecharm_interfaces/lib/python3.12/site-packages:/opt/ros/jazzy/lib/python3.12/site-packages /usr/bin/cmake --build /home/amin/cobot/cobot_ws/build/mycobot_280_gazebo_jazzy -- -j8 -l8
[3.640s] DEBUG:colcon.colcon_core.event_handler.log_command:Invoking command in '/home/amin/cobot/cobot_ws/build/mycobot_280_gazebo_jazzy': AMENT_PREFIX_PATH=/home/amin/cobot/cobot_ws/install/mycobot_description:/home/amin/cobot/cobot_ws/install/ultraarm:/home/amin/cobot/cobot_ws/install/pro450_moveit2_control:/home/amin/cobot/cobot_ws/install/pro450_moveit2:/home/amin/cobot/cobot_ws/install/mypalletizer_communication:/home/amin/cobot/cobot_ws/install/mypalletizer_interfaces:/home/amin/cobot/cobot_ws/install/mypalletizer_260_pi:/home/amin/cobot/cobot_ws/install/mypalletizer_260:/home/amin/cobot/cobot_ws/install/mycobot_pro_450:/home/amin/cobot/cobot_ws/install/mycobot_pro450_interfaces:/home/amin/cobot/cobot_ws/install/myarm_m750:/home/amin/cobot/cobot_ws/install/myarm_c650:/home/amin/cobot/cobot_ws/install/mycobot_communication:/home/amin/cobot/cobot_ws/install/mecharm_communication:/home/amin/cobot/cobot_ws/install/mycobot_interfaces:/home/amin/cobot/cobot_ws/install/mycobot_630:/home/amin/cobot/cobot_ws/install/mycobot_600:/home/amin/cobot/cobot_ws/install/mycobot_320pi:/home/amin/cobot/cobot_ws/install/mycobot_320_riscv:/home/amin/cobot/cobot_ws/install/mycobot_320:/home/amin/cobot/cobot_ws/install/mycobot_280rdkx5_moveit2:/home/amin/cobot/cobot_ws/install/mycobot_280pi:/home/amin/cobot/cobot_ws/install/mycobot_280jn:/home/amin/cobot/cobot_ws/install/mycobot_280arduino_moveit2:/home/amin/cobot/cobot_ws/install/mycobot_280_x3pi:/home/amin/cobot/cobot_ws/install/mycobot_280_riscv:/home/amin/cobot/cobot_ws/install/mycobot_280_rdkx5:/home/amin/cobot/cobot_ws/install/mycobot_280_moveit2_control:/home/amin/cobot/cobot_ws/install/mycobot_280_moveit2:/home/amin/cobot/cobot_ws/install/mycobot_280_gazebo_jazzy:/home/amin/cobot/cobot_ws/install/mycobot_280_gazebo:/home/amin/cobot/cobot_ws/install/mycobot_280_arduino:/home/amin/cobot/cobot_ws/install/mycobot_280:/home/amin/cobot/cobot_ws/install/mybuddy:/home/amin/cobot/cobot_ws/install/myarm_300:/home/amin/cobot/cobot_ws/install/mecharm_pi:/home/amin/cobot/cobot_ws/install/mecharm:/home/amin/cobot/cobot_ws/install/mecharm_interfaces:/opt/ros/jazzy CMAKE_PREFIX_PATH=${CMAKE_PREFIX_PATH}:/home/amin/cobot/cobot_ws/install/ultraarm:/home/amin/cobot/cobot_ws/install/pro450_moveit2_control:/home/amin/cobot/cobot_ws/install/mypalletizer_communication:/home/amin/cobot/cobot_ws/install/mypalletizer_260_pi:/home/amin/cobot/cobot_ws/install/mypalletizer_260:/home/amin/cobot/cobot_ws/install/mycobot_pro_450:/home/amin/cobot/cobot_ws/install/myarm_m750:/home/amin/cobot/cobot_ws/install/myarm_c650:/home/amin/cobot/cobot_ws/install/mycobot_communication:/home/amin/cobot/cobot_ws/install/mecharm_communication:/home/amin/cobot/cobot_ws/install/mycobot_630:/home/amin/cobot/cobot_ws/install/mycobot_600:/home/amin/cobot/cobot_ws/install/mycobot_320pi:/home/amin/cobot/cobot_ws/install/mycobot_320_riscv:/home/amin/cobot/cobot_ws/install/mycobot_320:/home/amin/cobot/cobot_ws/install/mycobot_280pi:/home/amin/cobot/cobot_ws/install/mycobot_280jn:/home/amin/cobot/cobot_ws/install/mycobot_280_x3pi:/home/amin/cobot/cobot_ws/install/mycobot_280_riscv:/home/amin/cobot/cobot_ws/install/mycobot_280_rdkx5:/home/amin/cobot/cobot_ws/install/mycobot_280_moveit2_control:/home/amin/cobot/cobot_ws/install/mycobot_280_arduino:/home/amin/cobot/cobot_ws/install/mycobot_280:/home/amin/cobot/cobot_ws/install/mybuddy:/home/amin/cobot/cobot_ws/install/myarm_300:/home/amin/cobot/cobot_ws/install/mecharm_pi:/home/amin/cobot/cobot_ws/install/mecharm:/home/amin/cobot/cobot_ws/install/mycobot_description:/opt/ros/jazzy DEBUGINFOD_URLS=https://debuginfod.ubuntu.com PYTHONPATH=/home/amin/cobot/cobot_ws/install/mycobot_description/lib/python3.12/site-packages:/home/amin/cobot/cobot_ws/install/ultraarm/lib/python3.12/site-packages:/home/amin/cobot/cobot_ws/install/pro450_moveit2_control/lib/python3.12/site-packages:/home/amin/cobot/cobot_ws/install/mypalletizer_communication/lib/python3.12/site-packages:/home/amin/cobot/cobot_ws/install/mypalletizer_interfaces/lib/python3.12/site-packages:/home/amin/cobot/cobot_ws/install/mypalletizer_260_pi/lib/python3.12/site-packages:/home/amin/cobot/cobot_ws/install/mypalletizer_260/lib/python3.12/site-packages:/home/amin/cobot/cobot_ws/install/mycobot_pro_450/lib/python3.12/site-packages:/home/amin/cobot/cobot_ws/install/mycobot_pro450_interfaces/lib/python3.12/site-packages:/home/amin/cobot/cobot_ws/install/myarm_m750/lib/python3.12/site-packages:/home/amin/cobot/cobot_ws/install/myarm_c650/lib/python3.12/site-packages:/home/amin/cobot/cobot_ws/install/mycobot_communication/lib/python3.12/site-packages:/home/amin/cobot/cobot_ws/install/mecharm_communication/lib/python3.12/site-packages:/home/amin/cobot/cobot_ws/install/mycobot_interfaces/lib/python3.12/site-packages:/home/amin/cobot/cobot_ws/install/mycobot_630/lib/python3.12/site-packages:/home/amin/cobot/cobot_ws/install/mycobot_600/lib/python3.12/site-packages:/home/amin/cobot/cobot_ws/install/mycobot_320pi/lib/python3.12/site-packages:/home/amin/cobot/cobot_ws/install/mycobot_320_riscv/lib/python3.12/site-packages:/home/amin/cobot/cobot_ws/install/mycobot_320/lib/python3.12/site-packages:/home/amin/cobot/cobot_ws/install/mycobot_280pi/lib/python3.12/site-packages:/home/amin/cobot/cobot_ws/install/mycobot_280jn/lib/python3.12/site-packages:/home/amin/cobot/cobot_ws/install/mycobot_280_x3pi/lib/python3.12/site-packages:/home/amin/cobot/cobot_ws/install/mycobot_280_riscv/lib/python3.12/site-packages:/home/amin/cobot/cobot_ws/install/mycobot_280_rdkx5/lib/python3.12/site-packages:/home/amin/cobot/cobot_ws/install/mycobot_280_moveit2_control/lib/python3.12/site-packages:/home/amin/cobot/cobot_ws/install/mycobot_280_arduino/lib/python3.12/site-packages:/home/amin/cobot/cobot_ws/install/mycobot_280/lib/python3.12/site-packages:/home/amin/cobot/cobot_ws/install/mybuddy/lib/python3.12/site-packages:/home/amin/cobot/cobot_ws/install/myarm_300/lib/python3.12/site-packages:/home/amin/cobot/cobot_ws/install/mecharm_pi/lib/python3.12/site-packages:/home/amin/cobot/cobot_ws/install/mecharm/lib/python3.12/site-packages:/home/amin/cobot/cobot_ws/install/mecharm_interfaces/lib/python3.12/site-packages:/opt/ros/jazzy/lib/python3.12/site-packages /usr/bin/cmake --install /home/amin/cobot/cobot_ws/build/mycobot_280_gazebo_jazzy
[3.664s] Level 1:colcon.colcon_core.environment:create_environment_scripts_only(mycobot_280_gazebo_jazzy)
[3.664s] Level 1:colcon.colcon_core.environment:checking '/home/amin/cobot/cobot_ws/install/mycobot_280_gazebo_jazzy' for CMake module files
[3.665s] Level 1:colcon.colcon_core.environment:checking '/home/amin/cobot/cobot_ws/install/mycobot_280_gazebo_jazzy' for CMake config files
[3.665s] Level 1:colcon.colcon_core.shell:create_environment_hook('mycobot_280_gazebo_jazzy', 'cmake_prefix_path')
[3.665s] INFO:colcon.colcon_core.shell:Creating environment hook '/home/amin/cobot/cobot_ws/install/mycobot_280_gazebo_jazzy/share/mycobot_280_gazebo_jazzy/hook/cmake_prefix_path.ps1'
[3.666s] INFO:colcon.colcon_core.shell:Creating environment descriptor '/home/amin/cobot/cobot_ws/install/mycobot_280_gazebo_jazzy/share/mycobot_280_gazebo_jazzy/hook/cmake_prefix_path.dsv'
[3.666s] INFO:colcon.colcon_core.shell:Creating environment hook '/home/amin/cobot/cobot_ws/install/mycobot_280_gazebo_jazzy/share/mycobot_280_gazebo_jazzy/hook/cmake_prefix_path.sh'
[3.666s] Level 1:colcon.colcon_core.environment:checking '/home/amin/cobot/cobot_ws/install/mycobot_280_gazebo_jazzy/bin'
[3.667s] Level 1:colcon.colcon_core.environment:checking '/home/amin/cobot/cobot_ws/install/mycobot_280_gazebo_jazzy/lib/pkgconfig/mycobot_280_gazebo_jazzy.pc'
[3.667s] Level 1:colcon.colcon_core.environment:checking '/home/amin/cobot/cobot_ws/install/mycobot_280_gazebo_jazzy/lib/python3.12/site-packages'
[3.667s] Level 1:colcon.colcon_core.environment:checking '/home/amin/cobot/cobot_ws/install/mycobot_280_gazebo_jazzy/bin'
[3.667s] INFO:colcon.colcon_core.shell:Creating package script '/home/amin/cobot/cobot_ws/install/mycobot_280_gazebo_jazzy/share/mycobot_280_gazebo_jazzy/package.ps1'
[3.671s] INFO:colcon.colcon_core.shell:Creating package descriptor '/home/amin/cobot/cobot_ws/install/mycobot_280_gazebo_jazzy/share/mycobot_280_gazebo_jazzy/package.dsv'
[3.671s] INFO:colcon.colcon_core.shell:Creating package script '/home/amin/cobot/cobot_ws/install/mycobot_280_gazebo_jazzy/share/mycobot_280_gazebo_jazzy/package.sh'
[3.671s] INFO:colcon.colcon_core.shell:Creating package script '/home/amin/cobot/cobot_ws/install/mycobot_280_gazebo_jazzy/share/mycobot_280_gazebo_jazzy/package.bash'
[3.672s] INFO:colcon.colcon_core.shell:Creating package script '/home/amin/cobot/cobot_ws/install/mycobot_280_gazebo_jazzy/share/mycobot_280_gazebo_jazzy/package.zsh'
[3.672s] Level 1:colcon.colcon_core.environment:create_file_with_runtime_dependencies(/home/amin/cobot/cobot_ws/install/mycobot_280_gazebo_jazzy/share/colcon-core/packages/mycobot_280_gazebo_jazzy)
[3.673s] Level 1:colcon.colcon_core.environment:create_environment_scripts_only(mycobot_280_gazebo_jazzy)
[3.673s] Level 1:colcon.colcon_core.environment:checking '/home/amin/cobot/cobot_ws/install/mycobot_280_gazebo_jazzy' for CMake module files
[3.673s] Level 1:colcon.colcon_core.environment:checking '/home/amin/cobot/cobot_ws/install/mycobot_280_gazebo_jazzy' for CMake config files
[3.674s] DEBUG:colcon.colcon_core.event_handler.log_command:Invoked command in '/home/amin/cobot/cobot_ws/build/mycobot_280_gazebo_jazzy' returned '0': AMENT_PREFIX_PATH=/home/amin/cobot/cobot_ws/install/mycobot_description:/home/amin/cobot/cobot_ws/install/ultraarm:/home/amin/cobot/cobot_ws/install/pro450_moveit2_control:/home/amin/cobot/cobot_ws/install/pro450_moveit2:/home/amin/cobot/cobot_ws/install/mypalletizer_communication:/home/amin/cobot/cobot_ws/install/mypalletizer_interfaces:/home/amin/cobot/cobot_ws/install/mypalletizer_260_pi:/home/amin/cobot/cobot_ws/install/mypalletizer_260:/home/amin/cobot/cobot_ws/install/mycobot_pro_450:/home/amin/cobot/cobot_ws/install/mycobot_pro450_interfaces:/home/amin/cobot/cobot_ws/install/myarm_m750:/home/amin/cobot/cobot_ws/install/myarm_c650:/home/amin/cobot/cobot_ws/install/mycobot_communication:/home/amin/cobot/cobot_ws/install/mecharm_communication:/home/amin/cobot/cobot_ws/install/mycobot_interfaces:/home/amin/cobot/cobot_ws/install/mycobot_630:/home/amin/cobot/cobot_ws/install/mycobot_600:/home/amin/cobot/cobot_ws/install/mycobot_320pi:/home/amin/cobot/cobot_ws/install/mycobot_320_riscv:/home/amin/cobot/cobot_ws/install/mycobot_320:/home/amin/cobot/cobot_ws/install/mycobot_280rdkx5_moveit2:/home/amin/cobot/cobot_ws/install/mycobot_280pi:/home/amin/cobot/cobot_ws/install/mycobot_280jn:/home/amin/cobot/cobot_ws/install/mycobot_280arduino_moveit2:/home/amin/cobot/cobot_ws/install/mycobot_280_x3pi:/home/amin/cobot/cobot_ws/install/mycobot_280_riscv:/home/amin/cobot/cobot_ws/install/mycobot_280_rdkx5:/home/amin/cobot/cobot_ws/install/mycobot_280_moveit2_control:/home/amin/cobot/cobot_ws/install/mycobot_280_moveit2:/home/amin/cobot/cobot_ws/install/mycobot_280_gazebo_jazzy:/home/amin/cobot/cobot_ws/install/mycobot_280_gazebo:/home/amin/cobot/cobot_ws/install/mycobot_280_arduino:/home/amin/cobot/cobot_ws/install/mycobot_280:/home/amin/cobot/cobot_ws/install/mybuddy:/home/amin/cobot/cobot_ws/install/myarm_300:/home/amin/cobot/cobot_ws/install/mecharm_pi:/home/amin/cobot/cobot_ws/install/mecharm:/home/amin/cobot/cobot_ws/install/mecharm_interfaces:/opt/ros/jazzy CMAKE_PREFIX_PATH=${CMAKE_PREFIX_PATH}:/home/amin/cobot/cobot_ws/install/ultraarm:/home/amin/cobot/cobot_ws/install/pro450_moveit2_control:/home/amin/cobot/cobot_ws/install/mypalletizer_communication:/home/amin/cobot/cobot_ws/install/mypalletizer_260_pi:/home/amin/cobot/cobot_ws/install/mypalletizer_260:/home/amin/cobot/cobot_ws/install/mycobot_pro_450:/home/amin/cobot/cobot_ws/install/myarm_m750:/home/amin/cobot/cobot_ws/install/myarm_c650:/home/amin/cobot/cobot_ws/install/mycobot_communication:/home/amin/cobot/cobot_ws/install/mecharm_communication:/home/amin/cobot/cobot_ws/install/mycobot_630:/home/amin/cobot/cobot_ws/install/mycobot_600:/home/amin/cobot/cobot_ws/install/mycobot_320pi:/home/amin/cobot/cobot_ws/install/mycobot_320_riscv:/home/amin/cobot/cobot_ws/install/mycobot_320:/home/amin/cobot/cobot_ws/install/mycobot_280pi:/home/amin/cobot/cobot_ws/install/mycobot_280jn:/home/amin/cobot/cobot_ws/install/mycobot_280_x3pi:/home/amin/cobot/cobot_ws/install/mycobot_280_riscv:/home/amin/cobot/cobot_ws/install/mycobot_280_rdkx5:/home/amin/cobot/cobot_ws/install/mycobot_280_moveit2_control:/home/amin/cobot/cobot_ws/install/mycobot_280_arduino:/home/amin/cobot/cobot_ws/install/mycobot_280:/home/amin/cobot/cobot_ws/install/mybuddy:/home/amin/cobot/cobot_ws/install/myarm_300:/home/amin/cobot/cobot_ws/install/mecharm_pi:/home/amin/cobot/cobot_ws/install/mecharm:/home/amin/cobot/cobot_ws/install/mycobot_description:/opt/ros/jazzy DEBUGINFOD_URLS=https://debuginfod.ubuntu.com PYTHONPATH=/home/amin/cobot/cobot_ws/install/mycobot_description/lib/python3.12/site-packages:/home/amin/cobot/cobot_ws/install/ultraarm/lib/python3.12/site-packages:/home/amin/cobot/cobot_ws/install/pro450_moveit2_control/lib/python3.12/site-packages:/home/amin/cobot/cobot_ws/install/mypalletizer_communication/lib/python3.12/site-packages:/home/amin/cobot/cobot_ws/install/mypalletizer_interfaces/lib/python3.12/site-packages:/home/amin/cobot/cobot_ws/install/mypalletizer_260_pi/lib/python3.12/site-packages:/home/amin/cobot/cobot_ws/install/mypalletizer_260/lib/python3.12/site-packages:/home/amin/cobot/cobot_ws/install/mycobot_pro_450/lib/python3.12/site-packages:/home/amin/cobot/cobot_ws/install/mycobot_pro450_interfaces/lib/python3.12/site-packages:/home/amin/cobot/cobot_ws/install/myarm_m750/lib/python3.12/site-packages:/home/amin/cobot/cobot_ws/install/myarm_c650/lib/python3.12/site-packages:/home/amin/cobot/cobot_ws/install/mycobot_communication/lib/python3.12/site-packages:/home/amin/cobot/cobot_ws/install/mecharm_communication/lib/python3.12/site-packages:/home/amin/cobot/cobot_ws/install/mycobot_interfaces/lib/python3.12/site-packages:/home/amin/cobot/cobot_ws/install/mycobot_630/lib/python3.12/site-packages:/home/amin/cobot/cobot_ws/install/mycobot_600/lib/python3.12/site-packages:/home/amin/cobot/cobot_ws/install/mycobot_320pi/lib/python3.12/site-packages:/home/amin/cobot/cobot_ws/install/mycobot_320_riscv/lib/python3.12/site-packages:/home/amin/cobot/cobot_ws/install/mycobot_320/lib/python3.12/site-packages:/home/amin/cobot/cobot_ws/install/mycobot_280pi/lib/python3.12/site-packages:/home/amin/cobot/cobot_ws/install/mycobot_280jn/lib/python3.12/site-packages:/home/amin/cobot/cobot_ws/install/mycobot_280_x3pi/lib/python3.12/site-packages:/home/amin/cobot/cobot_ws/install/mycobot_280_riscv/lib/python3.12/site-packages:/home/amin/cobot/cobot_ws/install/mycobot_280_rdkx5/lib/python3.12/site-packages:/home/amin/cobot/cobot_ws/install/mycobot_280_moveit2_control/lib/python3.12/site-packages:/home/amin/cobot/cobot_ws/install/mycobot_280_arduino/lib/python3.12/site-packages:/home/amin/cobot/cobot_ws/install/mycobot_280/lib/python3.12/site-packages:/home/amin/cobot/cobot_ws/install/mybuddy/lib/python3.12/site-packages:/home/amin/cobot/cobot_ws/install/myarm_300/lib/python3.12/site-packages:/home/amin/cobot/cobot_ws/install/mecharm_pi/lib/python3.12/site-packages:/home/amin/cobot/cobot_ws/install/mecharm/lib/python3.12/site-packages:/home/amin/cobot/cobot_ws/install/mecharm_interfaces/lib/python3.12/site-packages:/opt/ros/jazzy/lib/python3.12/site-packages /usr/bin/cmake --install /home/amin/cobot/cobot_ws/build/mycobot_280_gazebo_jazzy
[3.677s] Level 1:colcon.colcon_core.shell:create_environment_hook('mycobot_280_gazebo_jazzy', 'cmake_prefix_path')
[3.678s] INFO:colcon.colcon_core.shell:Creating environment hook '/home/amin/cobot/cobot_ws/install/mycobot_280_gazebo_jazzy/share/mycobot_280_gazebo_jazzy/hook/cmake_prefix_path.ps1'
[3.678s] INFO:colcon.colcon_core.shell:Creating environment descriptor '/home/amin/cobot/cobot_ws/install/mycobot_280_gazebo_jazzy/share/mycobot_280_gazebo_jazzy/hook/cmake_prefix_path.dsv'
[3.678s] INFO:colcon.colcon_core.shell:Creating environment hook '/home/amin/cobot/cobot_ws/install/mycobot_280_gazebo_jazzy/share/mycobot_280_gazebo_jazzy/hook/cmake_prefix_path.sh'
[3.679s] Level 1:colcon.colcon_core.environment:checking '/home/amin/cobot/cobot_ws/install/mycobot_280_gazebo_jazzy/bin'
[3.679s] Level 1:colcon.colcon_core.environment:checking '/home/amin/cobot/cobot_ws/install/mycobot_280_gazebo_jazzy/lib/pkgconfig/mycobot_280_gazebo_jazzy.pc'
[3.679s] Level 1:colcon.colcon_core.environment:checking '/home/amin/cobot/cobot_ws/install/mycobot_280_gazebo_jazzy/lib/python3.12/site-packages'
[3.679s] Level 1:colcon.colcon_core.environment:checking '/home/amin/cobot/cobot_ws/install/mycobot_280_gazebo_jazzy/bin'
[3.680s] INFO:colcon.colcon_core.shell:Creating package script '/home/amin/cobot/cobot_ws/install/mycobot_280_gazebo_jazzy/share/mycobot_280_gazebo_jazzy/package.ps1'
[3.680s] INFO:colcon.colcon_core.shell:Creating package descriptor '/home/amin/cobot/cobot_ws/install/mycobot_280_gazebo_jazzy/share/mycobot_280_gazebo_jazzy/package.dsv'
[3.683s] INFO:colcon.colcon_core.shell:Creating package script '/home/amin/cobot/cobot_ws/install/mycobot_280_gazebo_jazzy/share/mycobot_280_gazebo_jazzy/package.sh'
[3.683s] INFO:colcon.colcon_core.shell:Creating package script '/home/amin/cobot/cobot_ws/install/mycobot_280_gazebo_jazzy/share/mycobot_280_gazebo_jazzy/package.bash'
[3.683s] INFO:colcon.colcon_core.shell:Creating package script '/home/amin/cobot/cobot_ws/install/mycobot_280_gazebo_jazzy/share/mycobot_280_gazebo_jazzy/package.zsh'
[3.684s] Level 1:colcon.colcon_core.environment:create_file_with_runtime_dependencies(/home/amin/cobot/cobot_ws/install/mycobot_280_gazebo_jazzy/share/colcon-core/packages/mycobot_280_gazebo_jazzy)
[3.684s] INFO:colcon.colcon_ros.task.ament_cmake.build:Building ROS package in '/home/amin/cobot/cobot_ws/src/mycobot_ros2/mycobot_280/mycobot_280_moveit2' with build type 'ament_cmake'
[3.684s] INFO:colcon.colcon_cmake.task.cmake.build:Building CMake package in '/home/amin/cobot/cobot_ws/src/mycobot_ros2/mycobot_280/mycobot_280_moveit2'
[3.685s] INFO:colcon.colcon_core.shell:Skip shell extension 'powershell' for command environment: Not usable outside of PowerShell
[3.685s] DEBUG:colcon.colcon_core.shell:Skip shell extension 'dsv' for command environment
[3.709s] DEBUG:colcon.colcon_core.event_handler.log_command:Invoking command in '/home/amin/cobot/cobot_ws/build/mycobot_280_moveit2': AMENT_PREFIX_PATH=/home/amin/cobot/cobot_ws/install/mycobot_description:/home/amin/cobot/cobot_ws/install/ultraarm:/home/amin/cobot/cobot_ws/install/pro450_moveit2_control:/home/amin/cobot/cobot_ws/install/pro450_moveit2:/home/amin/cobot/cobot_ws/install/mypalletizer_communication:/home/amin/cobot/cobot_ws/install/mypalletizer_interfaces:/home/amin/cobot/cobot_ws/install/mypalletizer_260_pi:/home/amin/cobot/cobot_ws/install/mypalletizer_260:/home/amin/cobot/cobot_ws/install/mycobot_pro_450:/home/amin/cobot/cobot_ws/install/mycobot_pro450_interfaces:/home/amin/cobot/cobot_ws/install/myarm_m750:/home/amin/cobot/cobot_ws/install/myarm_c650:/home/amin/cobot/cobot_ws/install/mycobot_communication:/home/amin/cobot/cobot_ws/install/mecharm_communication:/home/amin/cobot/cobot_ws/install/mycobot_interfaces:/home/amin/cobot/cobot_ws/install/mycobot_630:/home/amin/cobot/cobot_ws/install/mycobot_600:/home/amin/cobot/cobot_ws/install/mycobot_320pi:/home/amin/cobot/cobot_ws/install/mycobot_320_riscv:/home/amin/cobot/cobot_ws/install/mycobot_320:/home/amin/cobot/cobot_ws/install/mycobot_280rdkx5_moveit2:/home/amin/cobot/cobot_ws/install/mycobot_280pi:/home/amin/cobot/cobot_ws/install/mycobot_280jn:/home/amin/cobot/cobot_ws/install/mycobot_280arduino_moveit2:/home/amin/cobot/cobot_ws/install/mycobot_280_x3pi:/home/amin/cobot/cobot_ws/install/mycobot_280_riscv:/home/amin/cobot/cobot_ws/install/mycobot_280_rdkx5:/home/amin/cobot/cobot_ws/install/mycobot_280_moveit2_control:/home/amin/cobot/cobot_ws/install/mycobot_280_moveit2:/home/amin/cobot/cobot_ws/install/mycobot_280_gazebo_jazzy:/home/amin/cobot/cobot_ws/install/mycobot_280_gazebo:/home/amin/cobot/cobot_ws/install/mycobot_280_arduino:/home/amin/cobot/cobot_ws/install/mycobot_280:/home/amin/cobot/cobot_ws/install/mybuddy:/home/amin/cobot/cobot_ws/install/myarm_300:/home/amin/cobot/cobot_ws/install/mecharm_pi:/home/amin/cobot/cobot_ws/install/mecharm:/home/amin/cobot/cobot_ws/install/mecharm_interfaces:/opt/ros/jazzy CMAKE_PREFIX_PATH=${CMAKE_PREFIX_PATH}:/home/amin/cobot/cobot_ws/install/ultraarm:/home/amin/cobot/cobot_ws/install/pro450_moveit2_control:/home/amin/cobot/cobot_ws/install/mypalletizer_communication:/home/amin/cobot/cobot_ws/install/mypalletizer_260_pi:/home/amin/cobot/cobot_ws/install/mypalletizer_260:/home/amin/cobot/cobot_ws/install/mycobot_pro_450:/home/amin/cobot/cobot_ws/install/myarm_m750:/home/amin/cobot/cobot_ws/install/myarm_c650:/home/amin/cobot/cobot_ws/install/mycobot_communication:/home/amin/cobot/cobot_ws/install/mecharm_communication:/home/amin/cobot/cobot_ws/install/mycobot_630:/home/amin/cobot/cobot_ws/install/mycobot_600:/home/amin/cobot/cobot_ws/install/mycobot_320pi:/home/amin/cobot/cobot_ws/install/mycobot_320_riscv:/home/amin/cobot/cobot_ws/install/mycobot_320:/home/amin/cobot/cobot_ws/install/mycobot_280pi:/home/amin/cobot/cobot_ws/install/mycobot_280jn:/home/amin/cobot/cobot_ws/install/mycobot_280_x3pi:/home/amin/cobot/cobot_ws/install/mycobot_280_riscv:/home/amin/cobot/cobot_ws/install/mycobot_280_rdkx5:/home/amin/cobot/cobot_ws/install/mycobot_280_moveit2_control:/home/amin/cobot/cobot_ws/install/mycobot_280_arduino:/home/amin/cobot/cobot_ws/install/mycobot_280:/home/amin/cobot/cobot_ws/install/mybuddy:/home/amin/cobot/cobot_ws/install/myarm_300:/home/amin/cobot/cobot_ws/install/mecharm_pi:/home/amin/cobot/cobot_ws/install/mecharm:/home/amin/cobot/cobot_ws/install/mycobot_description:/opt/ros/jazzy DEBUGINFOD_URLS=https://debuginfod.ubuntu.com PYTHONPATH=/home/amin/cobot/cobot_ws/install/mycobot_description/lib/python3.12/site-packages:/home/amin/cobot/cobot_ws/install/ultraarm/lib/python3.12/site-packages:/home/amin/cobot/cobot_ws/install/pro450_moveit2_control/lib/python3.12/site-packages:/home/amin/cobot/cobot_ws/install/mypalletizer_communication/lib/python3.12/site-packages:/home/amin/cobot/cobot_ws/install/mypalletizer_interfaces/lib/python3.12/site-packages:/home/amin/cobot/cobot_ws/install/mypalletizer_260_pi/lib/python3.12/site-packages:/home/amin/cobot/cobot_ws/install/mypalletizer_260/lib/python3.12/site-packages:/home/amin/cobot/cobot_ws/install/mycobot_pro_450/lib/python3.12/site-packages:/home/amin/cobot/cobot_ws/install/mycobot_pro450_interfaces/lib/python3.12/site-packages:/home/amin/cobot/cobot_ws/install/myarm_m750/lib/python3.12/site-packages:/home/amin/cobot/cobot_ws/install/myarm_c650/lib/python3.12/site-packages:/home/amin/cobot/cobot_ws/install/mycobot_communication/lib/python3.12/site-packages:/home/amin/cobot/cobot_ws/install/mecharm_communication/lib/python3.12/site-packages:/home/amin/cobot/cobot_ws/install/mycobot_interfaces/lib/python3.12/site-packages:/home/amin/cobot/cobot_ws/install/mycobot_630/lib/python3.12/site-packages:/home/amin/cobot/cobot_ws/install/mycobot_600/lib/python3.12/site-packages:/home/amin/cobot/cobot_ws/install/mycobot_320pi/lib/python3.12/site-packages:/home/amin/cobot/cobot_ws/install/mycobot_320_riscv/lib/python3.12/site-packages:/home/amin/cobot/cobot_ws/install/mycobot_320/lib/python3.12/site-packages:/home/amin/cobot/cobot_ws/install/mycobot_280pi/lib/python3.12/site-packages:/home/amin/cobot/cobot_ws/install/mycobot_280jn/lib/python3.12/site-packages:/home/amin/cobot/cobot_ws/install/mycobot_280_x3pi/lib/python3.12/site-packages:/home/amin/cobot/cobot_ws/install/mycobot_280_riscv/lib/python3.12/site-packages:/home/amin/cobot/cobot_ws/install/mycobot_280_rdkx5/lib/python3.12/site-packages:/home/amin/cobot/cobot_ws/install/mycobot_280_moveit2_control/lib/python3.12/site-packages:/home/amin/cobot/cobot_ws/install/mycobot_280_arduino/lib/python3.12/site-packages:/home/amin/cobot/cobot_ws/install/mycobot_280/lib/python3.12/site-packages:/home/amin/cobot/cobot_ws/install/mybuddy/lib/python3.12/site-packages:/home/amin/cobot/cobot_ws/install/myarm_300/lib/python3.12/site-packages:/home/amin/cobot/cobot_ws/install/mecharm_pi/lib/python3.12/site-packages:/home/amin/cobot/cobot_ws/install/mecharm/lib/python3.12/site-packages:/home/amin/cobot/cobot_ws/install/mecharm_interfaces/lib/python3.12/site-packages:/opt/ros/jazzy/lib/python3.12/site-packages /usr/bin/cmake --build /home/amin/cobot/cobot_ws/build/mycobot_280_moveit2 -- -j8 -l8
[3.758s] DEBUG:colcon.colcon_core.event_handler.log_command:Invoked command in '/home/amin/cobot/cobot_ws/build/mycobot_280_moveit2' returned '0': AMENT_PREFIX_PATH=/home/amin/cobot/cobot_ws/install/mycobot_description:/home/amin/cobot/cobot_ws/install/ultraarm:/home/amin/cobot/cobot_ws/install/pro450_moveit2_control:/home/amin/cobot/cobot_ws/install/pro450_moveit2:/home/amin/cobot/cobot_ws/install/mypalletizer_communication:/home/amin/cobot/cobot_ws/install/mypalletizer_interfaces:/home/amin/cobot/cobot_ws/install/mypalletizer_260_pi:/home/amin/cobot/cobot_ws/install/mypalletizer_260:/home/amin/cobot/cobot_ws/install/mycobot_pro_450:/home/amin/cobot/cobot_ws/install/mycobot_pro450_interfaces:/home/amin/cobot/cobot_ws/install/myarm_m750:/home/amin/cobot/cobot_ws/install/myarm_c650:/home/amin/cobot/cobot_ws/install/mycobot_communication:/home/amin/cobot/cobot_ws/install/mecharm_communication:/home/amin/cobot/cobot_ws/install/mycobot_interfaces:/home/amin/cobot/cobot_ws/install/mycobot_630:/home/amin/cobot/cobot_ws/install/mycobot_600:/home/amin/cobot/cobot_ws/install/mycobot_320pi:/home/amin/cobot/cobot_ws/install/mycobot_320_riscv:/home/amin/cobot/cobot_ws/install/mycobot_320:/home/amin/cobot/cobot_ws/install/mycobot_280rdkx5_moveit2:/home/amin/cobot/cobot_ws/install/mycobot_280pi:/home/amin/cobot/cobot_ws/install/mycobot_280jn:/home/amin/cobot/cobot_ws/install/mycobot_280arduino_moveit2:/home/amin/cobot/cobot_ws/install/mycobot_280_x3pi:/home/amin/cobot/cobot_ws/install/mycobot_280_riscv:/home/amin/cobot/cobot_ws/install/mycobot_280_rdkx5:/home/amin/cobot/cobot_ws/install/mycobot_280_moveit2_control:/home/amin/cobot/cobot_ws/install/mycobot_280_moveit2:/home/amin/cobot/cobot_ws/install/mycobot_280_gazebo_jazzy:/home/amin/cobot/cobot_ws/install/mycobot_280_gazebo:/home/amin/cobot/cobot_ws/install/mycobot_280_arduino:/home/amin/cobot/cobot_ws/install/mycobot_280:/home/amin/cobot/cobot_ws/install/mybuddy:/home/amin/cobot/cobot_ws/install/myarm_300:/home/amin/cobot/cobot_ws/install/mecharm_pi:/home/amin/cobot/cobot_ws/install/mecharm:/home/amin/cobot/cobot_ws/install/mecharm_interfaces:/opt/ros/jazzy CMAKE_PREFIX_PATH=${CMAKE_PREFIX_PATH}:/home/amin/cobot/cobot_ws/install/ultraarm:/home/amin/cobot/cobot_ws/install/pro450_moveit2_control:/home/amin/cobot/cobot_ws/install/mypalletizer_communication:/home/amin/cobot/cobot_ws/install/mypalletizer_260_pi:/home/amin/cobot/cobot_ws/install/mypalletizer_260:/home/amin/cobot/cobot_ws/install/mycobot_pro_450:/home/amin/cobot/cobot_ws/install/myarm_m750:/home/amin/cobot/cobot_ws/install/myarm_c650:/home/amin/cobot/cobot_ws/install/mycobot_communication:/home/amin/cobot/cobot_ws/install/mecharm_communication:/home/amin/cobot/cobot_ws/install/mycobot_630:/home/amin/cobot/cobot_ws/install/mycobot_600:/home/amin/cobot/cobot_ws/install/mycobot_320pi:/home/amin/cobot/cobot_ws/install/mycobot_320_riscv:/home/amin/cobot/cobot_ws/install/mycobot_320:/home/amin/cobot/cobot_ws/install/mycobot_280pi:/home/amin/cobot/cobot_ws/install/mycobot_280jn:/home/amin/cobot/cobot_ws/install/mycobot_280_x3pi:/home/amin/cobot/cobot_ws/install/mycobot_280_riscv:/home/amin/cobot/cobot_ws/install/mycobot_280_rdkx5:/home/amin/cobot/cobot_ws/install/mycobot_280_moveit2_control:/home/amin/cobot/cobot_ws/install/mycobot_280_arduino:/home/amin/cobot/cobot_ws/install/mycobot_280:/home/amin/cobot/cobot_ws/install/mybuddy:/home/amin/cobot/cobot_ws/install/myarm_300:/home/amin/cobot/cobot_ws/install/mecharm_pi:/home/amin/cobot/cobot_ws/install/mecharm:/home/amin/cobot/cobot_ws/install/mycobot_description:/opt/ros/jazzy DEBUGINFOD_URLS=https://debuginfod.ubuntu.com PYTHONPATH=/home/amin/cobot/cobot_ws/install/mycobot_description/lib/python3.12/site-packages:/home/amin/cobot/cobot_ws/install/ultraarm/lib/python3.12/site-packages:/home/amin/cobot/cobot_ws/install/pro450_moveit2_control/lib/python3.12/site-packages:/home/amin/cobot/cobot_ws/install/mypalletizer_communication/lib/python3.12/site-packages:/home/amin/cobot/cobot_ws/install/mypalletizer_interfaces/lib/python3.12/site-packages:/home/amin/cobot/cobot_ws/install/mypalletizer_260_pi/lib/python3.12/site-packages:/home/amin/cobot/cobot_ws/install/mypalletizer_260/lib/python3.12/site-packages:/home/amin/cobot/cobot_ws/install/mycobot_pro_450/lib/python3.12/site-packages:/home/amin/cobot/cobot_ws/install/mycobot_pro450_interfaces/lib/python3.12/site-packages:/home/amin/cobot/cobot_ws/install/myarm_m750/lib/python3.12/site-packages:/home/amin/cobot/cobot_ws/install/myarm_c650/lib/python3.12/site-packages:/home/amin/cobot/cobot_ws/install/mycobot_communication/lib/python3.12/site-packages:/home/amin/cobot/cobot_ws/install/mecharm_communication/lib/python3.12/site-packages:/home/amin/cobot/cobot_ws/install/mycobot_interfaces/lib/python3.12/site-packages:/home/amin/cobot/cobot_ws/install/mycobot_630/lib/python3.12/site-packages:/home/amin/cobot/cobot_ws/install/mycobot_600/lib/python3.12/site-packages:/home/amin/cobot/cobot_ws/install/mycobot_320pi/lib/python3.12/site-packages:/home/amin/cobot/cobot_ws/install/mycobot_320_riscv/lib/python3.12/site-packages:/home/amin/cobot/cobot_ws/install/mycobot_320/lib/python3.12/site-packages:/home/amin/cobot/cobot_ws/install/mycobot_280pi/lib/python3.12/site-packages:/home/amin/cobot/cobot_ws/install/mycobot_280jn/lib/python3.12/site-packages:/home/amin/cobot/cobot_ws/install/mycobot_280_x3pi/lib/python3.12/site-packages:/home/amin/cobot/cobot_ws/install/mycobot_280_riscv/lib/python3.12/site-packages:/home/amin/cobot/cobot_ws/install/mycobot_280_rdkx5/lib/python3.12/site-packages:/home/amin/cobot/cobot_ws/install/mycobot_280_moveit2_control/lib/python3.12/site-packages:/home/amin/cobot/cobot_ws/install/mycobot_280_arduino/lib/python3.12/site-packages:/home/amin/cobot/cobot_ws/install/mycobot_280/lib/python3.12/site-packages:/home/amin/cobot/cobot_ws/install/mybuddy/lib/python3.12/site-packages:/home/amin/cobot/cobot_ws/install/myarm_300/lib/python3.12/site-packages:/home/amin/cobot/cobot_ws/install/mecharm_pi/lib/python3.12/site-packages:/home/amin/cobot/cobot_ws/install/mecharm/lib/python3.12/site-packages:/home/amin/cobot/cobot_ws/install/mecharm_interfaces/lib/python3.12/site-packages:/opt/ros/jazzy/lib/python3.12/site-packages /usr/bin/cmake --build /home/amin/cobot/cobot_ws/build/mycobot_280_moveit2 -- -j8 -l8
[3.762s] DEBUG:colcon.colcon_core.event_handler.log_command:Invoking command in '/home/amin/cobot/cobot_ws/build/mycobot_280_moveit2': AMENT_PREFIX_PATH=/home/amin/cobot/cobot_ws/install/mycobot_description:/home/amin/cobot/cobot_ws/install/ultraarm:/home/amin/cobot/cobot_ws/install/pro450_moveit2_control:/home/amin/cobot/cobot_ws/install/pro450_moveit2:/home/amin/cobot/cobot_ws/install/mypalletizer_communication:/home/amin/cobot/cobot_ws/install/mypalletizer_interfaces:/home/amin/cobot/cobot_ws/install/mypalletizer_260_pi:/home/amin/cobot/cobot_ws/install/mypalletizer_260:/home/amin/cobot/cobot_ws/install/mycobot_pro_450:/home/amin/cobot/cobot_ws/install/mycobot_pro450_interfaces:/home/amin/cobot/cobot_ws/install/myarm_m750:/home/amin/cobot/cobot_ws/install/myarm_c650:/home/amin/cobot/cobot_ws/install/mycobot_communication:/home/amin/cobot/cobot_ws/install/mecharm_communication:/home/amin/cobot/cobot_ws/install/mycobot_interfaces:/home/amin/cobot/cobot_ws/install/mycobot_630:/home/amin/cobot/cobot_ws/install/mycobot_600:/home/amin/cobot/cobot_ws/install/mycobot_320pi:/home/amin/cobot/cobot_ws/install/mycobot_320_riscv:/home/amin/cobot/cobot_ws/install/mycobot_320:/home/amin/cobot/cobot_ws/install/mycobot_280rdkx5_moveit2:/home/amin/cobot/cobot_ws/install/mycobot_280pi:/home/amin/cobot/cobot_ws/install/mycobot_280jn:/home/amin/cobot/cobot_ws/install/mycobot_280arduino_moveit2:/home/amin/cobot/cobot_ws/install/mycobot_280_x3pi:/home/amin/cobot/cobot_ws/install/mycobot_280_riscv:/home/amin/cobot/cobot_ws/install/mycobot_280_rdkx5:/home/amin/cobot/cobot_ws/install/mycobot_280_moveit2_control:/home/amin/cobot/cobot_ws/install/mycobot_280_moveit2:/home/amin/cobot/cobot_ws/install/mycobot_280_gazebo_jazzy:/home/amin/cobot/cobot_ws/install/mycobot_280_gazebo:/home/amin/cobot/cobot_ws/install/mycobot_280_arduino:/home/amin/cobot/cobot_ws/install/mycobot_280:/home/amin/cobot/cobot_ws/install/mybuddy:/home/amin/cobot/cobot_ws/install/myarm_300:/home/amin/cobot/cobot_ws/install/mecharm_pi:/home/amin/cobot/cobot_ws/install/mecharm:/home/amin/cobot/cobot_ws/install/mecharm_interfaces:/opt/ros/jazzy CMAKE_PREFIX_PATH=${CMAKE_PREFIX_PATH}:/home/amin/cobot/cobot_ws/install/ultraarm:/home/amin/cobot/cobot_ws/install/pro450_moveit2_control:/home/amin/cobot/cobot_ws/install/mypalletizer_communication:/home/amin/cobot/cobot_ws/install/mypalletizer_260_pi:/home/amin/cobot/cobot_ws/install/mypalletizer_260:/home/amin/cobot/cobot_ws/install/mycobot_pro_450:/home/amin/cobot/cobot_ws/install/myarm_m750:/home/amin/cobot/cobot_ws/install/myarm_c650:/home/amin/cobot/cobot_ws/install/mycobot_communication:/home/amin/cobot/cobot_ws/install/mecharm_communication:/home/amin/cobot/cobot_ws/install/mycobot_630:/home/amin/cobot/cobot_ws/install/mycobot_600:/home/amin/cobot/cobot_ws/install/mycobot_320pi:/home/amin/cobot/cobot_ws/install/mycobot_320_riscv:/home/amin/cobot/cobot_ws/install/mycobot_320:/home/amin/cobot/cobot_ws/install/mycobot_280pi:/home/amin/cobot/cobot_ws/install/mycobot_280jn:/home/amin/cobot/cobot_ws/install/mycobot_280_x3pi:/home/amin/cobot/cobot_ws/install/mycobot_280_riscv:/home/amin/cobot/cobot_ws/install/mycobot_280_rdkx5:/home/amin/cobot/cobot_ws/install/mycobot_280_moveit2_control:/home/amin/cobot/cobot_ws/install/mycobot_280_arduino:/home/amin/cobot/cobot_ws/install/mycobot_280:/home/amin/cobot/cobot_ws/install/mybuddy:/home/amin/cobot/cobot_ws/install/myarm_300:/home/amin/cobot/cobot_ws/install/mecharm_pi:/home/amin/cobot/cobot_ws/install/mecharm:/home/amin/cobot/cobot_ws/install/mycobot_description:/opt/ros/jazzy DEBUGINFOD_URLS=https://debuginfod.ubuntu.com PYTHONPATH=/home/amin/cobot/cobot_ws/install/mycobot_description/lib/python3.12/site-packages:/home/amin/cobot/cobot_ws/install/ultraarm/lib/python3.12/site-packages:/home/amin/cobot/cobot_ws/install/pro450_moveit2_control/lib/python3.12/site-packages:/home/amin/cobot/cobot_ws/install/mypalletizer_communication/lib/python3.12/site-packages:/home/amin/cobot/cobot_ws/install/mypalletizer_interfaces/lib/python3.12/site-packages:/home/amin/cobot/cobot_ws/install/mypalletizer_260_pi/lib/python3.12/site-packages:/home/amin/cobot/cobot_ws/install/mypalletizer_260/lib/python3.12/site-packages:/home/amin/cobot/cobot_ws/install/mycobot_pro_450/lib/python3.12/site-packages:/home/amin/cobot/cobot_ws/install/mycobot_pro450_interfaces/lib/python3.12/site-packages:/home/amin/cobot/cobot_ws/install/myarm_m750/lib/python3.12/site-packages:/home/amin/cobot/cobot_ws/install/myarm_c650/lib/python3.12/site-packages:/home/amin/cobot/cobot_ws/install/mycobot_communication/lib/python3.12/site-packages:/home/amin/cobot/cobot_ws/install/mecharm_communication/lib/python3.12/site-packages:/home/amin/cobot/cobot_ws/install/mycobot_interfaces/lib/python3.12/site-packages:/home/amin/cobot/cobot_ws/install/mycobot_630/lib/python3.12/site-packages:/home/amin/cobot/cobot_ws/install/mycobot_600/lib/python3.12/site-packages:/home/amin/cobot/cobot_ws/install/mycobot_320pi/lib/python3.12/site-packages:/home/amin/cobot/cobot_ws/install/mycobot_320_riscv/lib/python3.12/site-packages:/home/amin/cobot/cobot_ws/install/mycobot_320/lib/python3.12/site-packages:/home/amin/cobot/cobot_ws/install/mycobot_280pi/lib/python3.12/site-packages:/home/amin/cobot/cobot_ws/install/mycobot_280jn/lib/python3.12/site-packages:/home/amin/cobot/cobot_ws/install/mycobot_280_x3pi/lib/python3.12/site-packages:/home/amin/cobot/cobot_ws/install/mycobot_280_riscv/lib/python3.12/site-packages:/home/amin/cobot/cobot_ws/install/mycobot_280_rdkx5/lib/python3.12/site-packages:/home/amin/cobot/cobot_ws/install/mycobot_280_moveit2_control/lib/python3.12/site-packages:/home/amin/cobot/cobot_ws/install/mycobot_280_arduino/lib/python3.12/site-packages:/home/amin/cobot/cobot_ws/install/mycobot_280/lib/python3.12/site-packages:/home/amin/cobot/cobot_ws/install/mybuddy/lib/python3.12/site-packages:/home/amin/cobot/cobot_ws/install/myarm_300/lib/python3.12/site-packages:/home/amin/cobot/cobot_ws/install/mecharm_pi/lib/python3.12/site-packages:/home/amin/cobot/cobot_ws/install/mecharm/lib/python3.12/site-packages:/home/amin/cobot/cobot_ws/install/mecharm_interfaces/lib/python3.12/site-packages:/opt/ros/jazzy/lib/python3.12/site-packages /usr/bin/cmake --install /home/amin/cobot/cobot_ws/build/mycobot_280_moveit2
[3.783s] Level 1:colcon.colcon_core.environment:create_environment_scripts_only(mycobot_280_moveit2)
[3.783s] Level 1:colcon.colcon_core.environment:checking '/home/amin/cobot/cobot_ws/install/mycobot_280_moveit2' for CMake module files
[3.784s] Level 1:colcon.colcon_core.environment:checking '/home/amin/cobot/cobot_ws/install/mycobot_280_moveit2' for CMake config files
[3.784s] Level 1:colcon.colcon_core.shell:create_environment_hook('mycobot_280_moveit2', 'cmake_prefix_path')
[3.784s] INFO:colcon.colcon_core.shell:Creating environment hook '/home/amin/cobot/cobot_ws/install/mycobot_280_moveit2/share/mycobot_280_moveit2/hook/cmake_prefix_path.ps1'
[3.788s] INFO:colcon.colcon_core.shell:Creating environment descriptor '/home/amin/cobot/cobot_ws/install/mycobot_280_moveit2/share/mycobot_280_moveit2/hook/cmake_prefix_path.dsv'
[3.789s] INFO:colcon.colcon_core.shell:Creating environment hook '/home/amin/cobot/cobot_ws/install/mycobot_280_moveit2/share/mycobot_280_moveit2/hook/cmake_prefix_path.sh'
[3.790s] Level 1:colcon.colcon_core.environment:checking '/home/amin/cobot/cobot_ws/install/mycobot_280_moveit2/bin'
[3.790s] Level 1:colcon.colcon_core.environment:checking '/home/amin/cobot/cobot_ws/install/mycobot_280_moveit2/lib/pkgconfig/mycobot_280_moveit2.pc'
[3.790s] Level 1:colcon.colcon_core.environment:checking '/home/amin/cobot/cobot_ws/install/mycobot_280_moveit2/lib/python3.12/site-packages'
[3.790s] Level 1:colcon.colcon_core.environment:checking '/home/amin/cobot/cobot_ws/install/mycobot_280_moveit2/bin'
[3.790s] INFO:colcon.colcon_core.shell:Creating package script '/home/amin/cobot/cobot_ws/install/mycobot_280_moveit2/share/mycobot_280_moveit2/package.ps1'
[3.792s] INFO:colcon.colcon_core.shell:Creating package descriptor '/home/amin/cobot/cobot_ws/install/mycobot_280_moveit2/share/mycobot_280_moveit2/package.dsv'
[3.793s] DEBUG:colcon.colcon_core.event_handler.log_command:Invoked command in '/home/amin/cobot/cobot_ws/build/mycobot_280_moveit2' returned '0': AMENT_PREFIX_PATH=/home/amin/cobot/cobot_ws/install/mycobot_description:/home/amin/cobot/cobot_ws/install/ultraarm:/home/amin/cobot/cobot_ws/install/pro450_moveit2_control:/home/amin/cobot/cobot_ws/install/pro450_moveit2:/home/amin/cobot/cobot_ws/install/mypalletizer_communication:/home/amin/cobot/cobot_ws/install/mypalletizer_interfaces:/home/amin/cobot/cobot_ws/install/mypalletizer_260_pi:/home/amin/cobot/cobot_ws/install/mypalletizer_260:/home/amin/cobot/cobot_ws/install/mycobot_pro_450:/home/amin/cobot/cobot_ws/install/mycobot_pro450_interfaces:/home/amin/cobot/cobot_ws/install/myarm_m750:/home/amin/cobot/cobot_ws/install/myarm_c650:/home/amin/cobot/cobot_ws/install/mycobot_communication:/home/amin/cobot/cobot_ws/install/mecharm_communication:/home/amin/cobot/cobot_ws/install/mycobot_interfaces:/home/amin/cobot/cobot_ws/install/mycobot_630:/home/amin/cobot/cobot_ws/install/mycobot_600:/home/amin/cobot/cobot_ws/install/mycobot_320pi:/home/amin/cobot/cobot_ws/install/mycobot_320_riscv:/home/amin/cobot/cobot_ws/install/mycobot_320:/home/amin/cobot/cobot_ws/install/mycobot_280rdkx5_moveit2:/home/amin/cobot/cobot_ws/install/mycobot_280pi:/home/amin/cobot/cobot_ws/install/mycobot_280jn:/home/amin/cobot/cobot_ws/install/mycobot_280arduino_moveit2:/home/amin/cobot/cobot_ws/install/mycobot_280_x3pi:/home/amin/cobot/cobot_ws/install/mycobot_280_riscv:/home/amin/cobot/cobot_ws/install/mycobot_280_rdkx5:/home/amin/cobot/cobot_ws/install/mycobot_280_moveit2_control:/home/amin/cobot/cobot_ws/install/mycobot_280_moveit2:/home/amin/cobot/cobot_ws/install/mycobot_280_gazebo_jazzy:/home/amin/cobot/cobot_ws/install/mycobot_280_gazebo:/home/amin/cobot/cobot_ws/install/mycobot_280_arduino:/home/amin/cobot/cobot_ws/install/mycobot_280:/home/amin/cobot/cobot_ws/install/mybuddy:/home/amin/cobot/cobot_ws/install/myarm_300:/home/amin/cobot/cobot_ws/install/mecharm_pi:/home/amin/cobot/cobot_ws/install/mecharm:/home/amin/cobot/cobot_ws/install/mecharm_interfaces:/opt/ros/jazzy CMAKE_PREFIX_PATH=${CMAKE_PREFIX_PATH}:/home/amin/cobot/cobot_ws/install/ultraarm:/home/amin/cobot/cobot_ws/install/pro450_moveit2_control:/home/amin/cobot/cobot_ws/install/mypalletizer_communication:/home/amin/cobot/cobot_ws/install/mypalletizer_260_pi:/home/amin/cobot/cobot_ws/install/mypalletizer_260:/home/amin/cobot/cobot_ws/install/mycobot_pro_450:/home/amin/cobot/cobot_ws/install/myarm_m750:/home/amin/cobot/cobot_ws/install/myarm_c650:/home/amin/cobot/cobot_ws/install/mycobot_communication:/home/amin/cobot/cobot_ws/install/mecharm_communication:/home/amin/cobot/cobot_ws/install/mycobot_630:/home/amin/cobot/cobot_ws/install/mycobot_600:/home/amin/cobot/cobot_ws/install/mycobot_320pi:/home/amin/cobot/cobot_ws/install/mycobot_320_riscv:/home/amin/cobot/cobot_ws/install/mycobot_320:/home/amin/cobot/cobot_ws/install/mycobot_280pi:/home/amin/cobot/cobot_ws/install/mycobot_280jn:/home/amin/cobot/cobot_ws/install/mycobot_280_x3pi:/home/amin/cobot/cobot_ws/install/mycobot_280_riscv:/home/amin/cobot/cobot_ws/install/mycobot_280_rdkx5:/home/amin/cobot/cobot_ws/install/mycobot_280_moveit2_control:/home/amin/cobot/cobot_ws/install/mycobot_280_arduino:/home/amin/cobot/cobot_ws/install/mycobot_280:/home/amin/cobot/cobot_ws/install/mybuddy:/home/amin/cobot/cobot_ws/install/myarm_300:/home/amin/cobot/cobot_ws/install/mecharm_pi:/home/amin/cobot/cobot_ws/install/mecharm:/home/amin/cobot/cobot_ws/install/mycobot_description:/opt/ros/jazzy DEBUGINFOD_URLS=https://debuginfod.ubuntu.com PYTHONPATH=/home/amin/cobot/cobot_ws/install/mycobot_description/lib/python3.12/site-packages:/home/amin/cobot/cobot_ws/install/ultraarm/lib/python3.12/site-packages:/home/amin/cobot/cobot_ws/install/pro450_moveit2_control/lib/python3.12/site-packages:/home/amin/cobot/cobot_ws/install/mypalletizer_communication/lib/python3.12/site-packages:/home/amin/cobot/cobot_ws/install/mypalletizer_interfaces/lib/python3.12/site-packages:/home/amin/cobot/cobot_ws/install/mypalletizer_260_pi/lib/python3.12/site-packages:/home/amin/cobot/cobot_ws/install/mypalletizer_260/lib/python3.12/site-packages:/home/amin/cobot/cobot_ws/install/mycobot_pro_450/lib/python3.12/site-packages:/home/amin/cobot/cobot_ws/install/mycobot_pro450_interfaces/lib/python3.12/site-packages:/home/amin/cobot/cobot_ws/install/myarm_m750/lib/python3.12/site-packages:/home/amin/cobot/cobot_ws/install/myarm_c650/lib/python3.12/site-packages:/home/amin/cobot/cobot_ws/install/mycobot_communication/lib/python3.12/site-packages:/home/amin/cobot/cobot_ws/install/mecharm_communication/lib/python3.12/site-packages:/home/amin/cobot/cobot_ws/install/mycobot_interfaces/lib/python3.12/site-packages:/home/amin/cobot/cobot_ws/install/mycobot_630/lib/python3.12/site-packages:/home/amin/cobot/cobot_ws/install/mycobot_600/lib/python3.12/site-packages:/home/amin/cobot/cobot_ws/install/mycobot_320pi/lib/python3.12/site-packages:/home/amin/cobot/cobot_ws/install/mycobot_320_riscv/lib/python3.12/site-packages:/home/amin/cobot/cobot_ws/install/mycobot_320/lib/python3.12/site-packages:/home/amin/cobot/cobot_ws/install/mycobot_280pi/lib/python3.12/site-packages:/home/amin/cobot/cobot_ws/install/mycobot_280jn/lib/python3.12/site-packages:/home/amin/cobot/cobot_ws/install/mycobot_280_x3pi/lib/python3.12/site-packages:/home/amin/cobot/cobot_ws/install/mycobot_280_riscv/lib/python3.12/site-packages:/home/amin/cobot/cobot_ws/install/mycobot_280_rdkx5/lib/python3.12/site-packages:/home/amin/cobot/cobot_ws/install/mycobot_280_moveit2_control/lib/python3.12/site-packages:/home/amin/cobot/cobot_ws/install/mycobot_280_arduino/lib/python3.12/site-packages:/home/amin/cobot/cobot_ws/install/mycobot_280/lib/python3.12/site-packages:/home/amin/cobot/cobot_ws/install/mybuddy/lib/python3.12/site-packages:/home/amin/cobot/cobot_ws/install/myarm_300/lib/python3.12/site-packages:/home/amin/cobot/cobot_ws/install/mecharm_pi/lib/python3.12/site-packages:/home/amin/cobot/cobot_ws/install/mecharm/lib/python3.12/site-packages:/home/amin/cobot/cobot_ws/install/mecharm_interfaces/lib/python3.12/site-packages:/opt/ros/jazzy/lib/python3.12/site-packages /usr/bin/cmake --install /home/amin/cobot/cobot_ws/build/mycobot_280_moveit2
[3.793s] INFO:colcon.colcon_core.shell:Creating package script '/home/amin/cobot/cobot_ws/install/mycobot_280_moveit2/share/mycobot_280_moveit2/package.sh'
[3.795s] INFO:colcon.colcon_core.shell:Creating package script '/home/amin/cobot/cobot_ws/install/mycobot_280_moveit2/share/mycobot_280_moveit2/package.bash'
[3.796s] INFO:colcon.colcon_core.shell:Creating package script '/home/amin/cobot/cobot_ws/install/mycobot_280_moveit2/share/mycobot_280_moveit2/package.zsh'
[3.796s] Level 1:colcon.colcon_core.environment:create_file_with_runtime_dependencies(/home/amin/cobot/cobot_ws/install/mycobot_280_moveit2/share/colcon-core/packages/mycobot_280_moveit2)
[3.797s] Level 1:colcon.colcon_core.environment:create_environment_scripts_only(mycobot_280_moveit2)
[3.797s] Level 1:colcon.colcon_core.environment:checking '/home/amin/cobot/cobot_ws/install/mycobot_280_moveit2' for CMake module files
[3.797s] Level 1:colcon.colcon_core.environment:checking '/home/amin/cobot/cobot_ws/install/mycobot_280_moveit2' for CMake config files
[3.797s] Level 1:colcon.colcon_core.shell:create_environment_hook('mycobot_280_moveit2', 'cmake_prefix_path')
[3.798s] INFO:colcon.colcon_core.shell:Creating environment hook '/home/amin/cobot/cobot_ws/install/mycobot_280_moveit2/share/mycobot_280_moveit2/hook/cmake_prefix_path.ps1'
[3.801s] INFO:colcon.colcon_core.shell:Creating environment descriptor '/home/amin/cobot/cobot_ws/install/mycobot_280_moveit2/share/mycobot_280_moveit2/hook/cmake_prefix_path.dsv'
[3.802s] INFO:colcon.colcon_core.shell:Creating environment hook '/home/amin/cobot/cobot_ws/install/mycobot_280_moveit2/share/mycobot_280_moveit2/hook/cmake_prefix_path.sh'
[3.802s] Level 1:colcon.colcon_core.environment:checking '/home/amin/cobot/cobot_ws/install/mycobot_280_moveit2/bin'
[3.802s] Level 1:colcon.colcon_core.environment:checking '/home/amin/cobot/cobot_ws/install/mycobot_280_moveit2/lib/pkgconfig/mycobot_280_moveit2.pc'
[3.803s] Level 1:colcon.colcon_core.environment:checking '/home/amin/cobot/cobot_ws/install/mycobot_280_moveit2/lib/python3.12/site-packages'
[3.803s] Level 1:colcon.colcon_core.environment:checking '/home/amin/cobot/cobot_ws/install/mycobot_280_moveit2/bin'
[3.803s] INFO:colcon.colcon_core.shell:Creating package script '/home/amin/cobot/cobot_ws/install/mycobot_280_moveit2/share/mycobot_280_moveit2/package.ps1'
[3.804s] INFO:colcon.colcon_core.shell:Creating package descriptor '/home/amin/cobot/cobot_ws/install/mycobot_280_moveit2/share/mycobot_280_moveit2/package.dsv'
[3.805s] INFO:colcon.colcon_core.shell:Creating package script '/home/amin/cobot/cobot_ws/install/mycobot_280_moveit2/share/mycobot_280_moveit2/package.sh'
[3.806s] INFO:colcon.colcon_core.shell:Creating package script '/home/amin/cobot/cobot_ws/install/mycobot_280_moveit2/share/mycobot_280_moveit2/package.bash'
[3.806s] INFO:colcon.colcon_core.shell:Creating package script '/home/amin/cobot/cobot_ws/install/mycobot_280_moveit2/share/mycobot_280_moveit2/package.zsh'
[3.807s] Level 1:colcon.colcon_core.environment:create_file_with_runtime_dependencies(/home/amin/cobot/cobot_ws/install/mycobot_280_moveit2/share/colcon-core/packages/mycobot_280_moveit2)
[3.808s] INFO:colcon.colcon_ros.task.ament_python.build:Building ROS package in '/home/amin/cobot/cobot_ws/src/mycobot_ros2/mycobot_280/mycobot_280_moveit2_control' with build type 'ament_python'
[3.808s] Level 1:colcon.colcon_core.shell:create_environment_hook('mycobot_280_moveit2_control', 'ament_prefix_path')
[3.808s] INFO:colcon.colcon_core.shell:Creating environment hook '/home/amin/cobot/cobot_ws/install/mycobot_280_moveit2_control/share/mycobot_280_moveit2_control/hook/ament_prefix_path.ps1'
[3.808s] INFO:colcon.colcon_core.shell:Creating environment descriptor '/home/amin/cobot/cobot_ws/install/mycobot_280_moveit2_control/share/mycobot_280_moveit2_control/hook/ament_prefix_path.dsv'
[3.809s] INFO:colcon.colcon_core.shell:Creating environment hook '/home/amin/cobot/cobot_ws/install/mycobot_280_moveit2_control/share/mycobot_280_moveit2_control/hook/ament_prefix_path.sh'
[3.809s] INFO:colcon.colcon_core.shell:Skip shell extension 'powershell' for command environment: Not usable outside of PowerShell
[3.809s] DEBUG:colcon.colcon_core.shell:Skip shell extension 'dsv' for command environment
[3.820s] DEBUG:colcon.colcon_core.event_handler.log_command:Invoking command in '/home/amin/cobot/cobot_ws/src/mycobot_ros2/mecharm/mecharm': AMENT_PREFIX_PATH=/home/amin/cobot/cobot_ws/install/mycobot_description:/home/amin/cobot/cobot_ws/install/ultraarm:/home/amin/cobot/cobot_ws/install/pro450_moveit2_control:/home/amin/cobot/cobot_ws/install/pro450_moveit2:/home/amin/cobot/cobot_ws/install/mypalletizer_communication:/home/amin/cobot/cobot_ws/install/mypalletizer_interfaces:/home/amin/cobot/cobot_ws/install/mypalletizer_260_pi:/home/amin/cobot/cobot_ws/install/mypalletizer_260:/home/amin/cobot/cobot_ws/install/mycobot_pro_450:/home/amin/cobot/cobot_ws/install/mycobot_pro450_interfaces:/home/amin/cobot/cobot_ws/install/myarm_m750:/home/amin/cobot/cobot_ws/install/myarm_c650:/home/amin/cobot/cobot_ws/install/mycobot_communication:/home/amin/cobot/cobot_ws/install/mecharm_communication:/home/amin/cobot/cobot_ws/install/mycobot_interfaces:/home/amin/cobot/cobot_ws/install/mycobot_630:/home/amin/cobot/cobot_ws/install/mycobot_600:/home/amin/cobot/cobot_ws/install/mycobot_320pi:/home/amin/cobot/cobot_ws/install/mycobot_320_riscv:/home/amin/cobot/cobot_ws/install/mycobot_320:/home/amin/cobot/cobot_ws/install/mycobot_280rdkx5_moveit2:/home/amin/cobot/cobot_ws/install/mycobot_280pi:/home/amin/cobot/cobot_ws/install/mycobot_280jn:/home/amin/cobot/cobot_ws/install/mycobot_280arduino_moveit2:/home/amin/cobot/cobot_ws/install/mycobot_280_x3pi:/home/amin/cobot/cobot_ws/install/mycobot_280_riscv:/home/amin/cobot/cobot_ws/install/mycobot_280_rdkx5:/home/amin/cobot/cobot_ws/install/mycobot_280_moveit2_control:/home/amin/cobot/cobot_ws/install/mycobot_280_moveit2:/home/amin/cobot/cobot_ws/install/mycobot_280_gazebo_jazzy:/home/amin/cobot/cobot_ws/install/mycobot_280_gazebo:/home/amin/cobot/cobot_ws/install/mycobot_280_arduino:/home/amin/cobot/cobot_ws/install/mycobot_280:/home/amin/cobot/cobot_ws/install/mybuddy:/home/amin/cobot/cobot_ws/install/myarm_300:/home/amin/cobot/cobot_ws/install/mecharm_pi:/home/amin/cobot/cobot_ws/install/mecharm:/home/amin/cobot/cobot_ws/install/mecharm_interfaces:/opt/ros/jazzy DEBUGINFOD_URLS=https://debuginfod.ubuntu.com PYTHONPATH=/home/amin/cobot/cobot_ws/build/mecharm/prefix_override:/usr/lib/python3/dist-packages/colcon_core/task/python/colcon_distutils_commands:/home/amin/cobot/cobot_ws/install/mecharm/lib/python3.12/site-packages:/home/amin/cobot/cobot_ws/install/mycobot_description/lib/python3.12/site-packages:/home/amin/cobot/cobot_ws/install/ultraarm/lib/python3.12/site-packages:/home/amin/cobot/cobot_ws/install/pro450_moveit2_control/lib/python3.12/site-packages:/home/amin/cobot/cobot_ws/install/mypalletizer_communication/lib/python3.12/site-packages:/home/amin/cobot/cobot_ws/install/mypalletizer_interfaces/lib/python3.12/site-packages:/home/amin/cobot/cobot_ws/install/mypalletizer_260_pi/lib/python3.12/site-packages:/home/amin/cobot/cobot_ws/install/mypalletizer_260/lib/python3.12/site-packages:/home/amin/cobot/cobot_ws/install/mycobot_pro_450/lib/python3.12/site-packages:/home/amin/cobot/cobot_ws/install/mycobot_pro450_interfaces/lib/python3.12/site-packages:/home/amin/cobot/cobot_ws/install/myarm_m750/lib/python3.12/site-packages:/home/amin/cobot/cobot_ws/install/myarm_c650/lib/python3.12/site-packages:/home/amin/cobot/cobot_ws/install/mycobot_communication/lib/python3.12/site-packages:/home/amin/cobot/cobot_ws/install/mecharm_communication/lib/python3.12/site-packages:/home/amin/cobot/cobot_ws/install/mycobot_interfaces/lib/python3.12/site-packages:/home/amin/cobot/cobot_ws/install/mycobot_630/lib/python3.12/site-packages:/home/amin/cobot/cobot_ws/install/mycobot_600/lib/python3.12/site-packages:/home/amin/cobot/cobot_ws/install/mycobot_320pi/lib/python3.12/site-packages:/home/amin/cobot/cobot_ws/install/mycobot_320_riscv/lib/python3.12/site-packages:/home/amin/cobot/cobot_ws/install/mycobot_320/lib/python3.12/site-packages:/home/amin/cobot/cobot_ws/install/mycobot_280pi/lib/python3.12/site-packages:/home/amin/cobot/cobot_ws/install/mycobot_280jn/lib/python3.12/site-packages:/home/amin/cobot/cobot_ws/install/mycobot_280_x3pi/lib/python3.12/site-packages:/home/amin/cobot/cobot_ws/install/mycobot_280_riscv/lib/python3.12/site-packages:/home/amin/cobot/cobot_ws/install/mycobot_280_rdkx5/lib/python3.12/site-packages:/home/amin/cobot/cobot_ws/install/mycobot_280_moveit2_control/lib/python3.12/site-packages:/home/amin/cobot/cobot_ws/install/mycobot_280_arduino/lib/python3.12/site-packages:/home/amin/cobot/cobot_ws/install/mycobot_280/lib/python3.12/site-packages:/home/amin/cobot/cobot_ws/install/mybuddy/lib/python3.12/site-packages:/home/amin/cobot/cobot_ws/install/myarm_300/lib/python3.12/site-packages:/home/amin/cobot/cobot_ws/install/mecharm_pi/lib/python3.12/site-packages:/home/amin/cobot/cobot_ws/install/mecharm/lib/python3.12/site-packages:/home/amin/cobot/cobot_ws/install/mecharm_interfaces/lib/python3.12/site-packages:/opt/ros/jazzy/lib/python3.12/site-packages /usr/bin/python3 -W ignore:setup.py install is deprecated -W ignore:easy_install command is deprecated setup.py egg_info --egg-base ../../../../build/mecharm build --build-base /home/amin/cobot/cobot_ws/build/mecharm/build install --record /home/amin/cobot/cobot_ws/build/mecharm/install.log --single-version-externally-managed install_data
[4.097s] INFO:colcon.colcon_core.task.python.build:Building Python package in '/home/amin/cobot/cobot_ws/src/mycobot_ros2/mycobot_280/mycobot_280_moveit2_control'
[4.097s] INFO:colcon.colcon_core.shell:Skip shell extension 'powershell' for command environment: Not usable outside of PowerShell
[4.098s] DEBUG:colcon.colcon_core.shell:Skip shell extension 'dsv' for command environment
[4.106s] DEBUG:colcon.colcon_core.event_handler.log_command:Invoking command in '/home/amin/cobot/cobot_ws/src/mycobot_ros2/Mybuddy/mybuddy': AMENT_PREFIX_PATH=/home/amin/cobot/cobot_ws/install/mycobot_description:/home/amin/cobot/cobot_ws/install/ultraarm:/home/amin/cobot/cobot_ws/install/pro450_moveit2_control:/home/amin/cobot/cobot_ws/install/pro450_moveit2:/home/amin/cobot/cobot_ws/install/mypalletizer_communication:/home/amin/cobot/cobot_ws/install/mypalletizer_interfaces:/home/amin/cobot/cobot_ws/install/mypalletizer_260_pi:/home/amin/cobot/cobot_ws/install/mypalletizer_260:/home/amin/cobot/cobot_ws/install/mycobot_pro_450:/home/amin/cobot/cobot_ws/install/mycobot_pro450_interfaces:/home/amin/cobot/cobot_ws/install/myarm_m750:/home/amin/cobot/cobot_ws/install/myarm_c650:/home/amin/cobot/cobot_ws/install/mycobot_communication:/home/amin/cobot/cobot_ws/install/mecharm_communication:/home/amin/cobot/cobot_ws/install/mycobot_interfaces:/home/amin/cobot/cobot_ws/install/mycobot_630:/home/amin/cobot/cobot_ws/install/mycobot_600:/home/amin/cobot/cobot_ws/install/mycobot_320pi:/home/amin/cobot/cobot_ws/install/mycobot_320_riscv:/home/amin/cobot/cobot_ws/install/mycobot_320:/home/amin/cobot/cobot_ws/install/mycobot_280rdkx5_moveit2:/home/amin/cobot/cobot_ws/install/mycobot_280pi:/home/amin/cobot/cobot_ws/install/mycobot_280jn:/home/amin/cobot/cobot_ws/install/mycobot_280arduino_moveit2:/home/amin/cobot/cobot_ws/install/mycobot_280_x3pi:/home/amin/cobot/cobot_ws/install/mycobot_280_riscv:/home/amin/cobot/cobot_ws/install/mycobot_280_rdkx5:/home/amin/cobot/cobot_ws/install/mycobot_280_moveit2_control:/home/amin/cobot/cobot_ws/install/mycobot_280_moveit2:/home/amin/cobot/cobot_ws/install/mycobot_280_gazebo_jazzy:/home/amin/cobot/cobot_ws/install/mycobot_280_gazebo:/home/amin/cobot/cobot_ws/install/mycobot_280_arduino:/home/amin/cobot/cobot_ws/install/mycobot_280:/home/amin/cobot/cobot_ws/install/mybuddy:/home/amin/cobot/cobot_ws/install/myarm_300:/home/amin/cobot/cobot_ws/install/mecharm_pi:/home/amin/cobot/cobot_ws/install/mecharm:/home/amin/cobot/cobot_ws/install/mecharm_interfaces:/opt/ros/jazzy DEBUGINFOD_URLS=https://debuginfod.ubuntu.com PYTHONPATH=/home/amin/cobot/cobot_ws/build/mybuddy/prefix_override:/usr/lib/python3/dist-packages/colcon_core/task/python/colcon_distutils_commands:/home/amin/cobot/cobot_ws/install/mybuddy/lib/python3.12/site-packages:/home/amin/cobot/cobot_ws/install/mycobot_description/lib/python3.12/site-packages:/home/amin/cobot/cobot_ws/install/ultraarm/lib/python3.12/site-packages:/home/amin/cobot/cobot_ws/install/pro450_moveit2_control/lib/python3.12/site-packages:/home/amin/cobot/cobot_ws/install/mypalletizer_communication/lib/python3.12/site-packages:/home/amin/cobot/cobot_ws/install/mypalletizer_interfaces/lib/python3.12/site-packages:/home/amin/cobot/cobot_ws/install/mypalletizer_260_pi/lib/python3.12/site-packages:/home/amin/cobot/cobot_ws/install/mypalletizer_260/lib/python3.12/site-packages:/home/amin/cobot/cobot_ws/install/mycobot_pro_450/lib/python3.12/site-packages:/home/amin/cobot/cobot_ws/install/mycobot_pro450_interfaces/lib/python3.12/site-packages:/home/amin/cobot/cobot_ws/install/myarm_m750/lib/python3.12/site-packages:/home/amin/cobot/cobot_ws/install/myarm_c650/lib/python3.12/site-packages:/home/amin/cobot/cobot_ws/install/mycobot_communication/lib/python3.12/site-packages:/home/amin/cobot/cobot_ws/install/mecharm_communication/lib/python3.12/site-packages:/home/amin/cobot/cobot_ws/install/mycobot_interfaces/lib/python3.12/site-packages:/home/amin/cobot/cobot_ws/install/mycobot_630/lib/python3.12/site-packages:/home/amin/cobot/cobot_ws/install/mycobot_600/lib/python3.12/site-packages:/home/amin/cobot/cobot_ws/install/mycobot_320pi/lib/python3.12/site-packages:/home/amin/cobot/cobot_ws/install/mycobot_320_riscv/lib/python3.12/site-packages:/home/amin/cobot/cobot_ws/install/mycobot_320/lib/python3.12/site-packages:/home/amin/cobot/cobot_ws/install/mycobot_280pi/lib/python3.12/site-packages:/home/amin/cobot/cobot_ws/install/mycobot_280jn/lib/python3.12/site-packages:/home/amin/cobot/cobot_ws/install/mycobot_280_x3pi/lib/python3.12/site-packages:/home/amin/cobot/cobot_ws/install/mycobot_280_riscv/lib/python3.12/site-packages:/home/amin/cobot/cobot_ws/install/mycobot_280_rdkx5/lib/python3.12/site-packages:/home/amin/cobot/cobot_ws/install/mycobot_280_moveit2_control/lib/python3.12/site-packages:/home/amin/cobot/cobot_ws/install/mycobot_280_arduino/lib/python3.12/site-packages:/home/amin/cobot/cobot_ws/install/mycobot_280/lib/python3.12/site-packages:/home/amin/cobot/cobot_ws/install/mybuddy/lib/python3.12/site-packages:/home/amin/cobot/cobot_ws/install/myarm_300/lib/python3.12/site-packages:/home/amin/cobot/cobot_ws/install/mecharm_pi/lib/python3.12/site-packages:/home/amin/cobot/cobot_ws/install/mecharm/lib/python3.12/site-packages:/home/amin/cobot/cobot_ws/install/mecharm_interfaces/lib/python3.12/site-packages:/opt/ros/jazzy/lib/python3.12/site-packages /usr/bin/python3 -W ignore:setup.py install is deprecated -W ignore:easy_install command is deprecated setup.py egg_info --egg-base ../../../../build/mybuddy build --build-base /home/amin/cobot/cobot_ws/build/mybuddy/build install --record /home/amin/cobot/cobot_ws/build/mybuddy/install.log --single-version-externally-managed install_data
[4.109s] DEBUG:colcon.colcon_core.event_handler.log_command:Invoking command in '/home/amin/cobot/cobot_ws/src/mycobot_ros2/myArm/myarm_300': AMENT_PREFIX_PATH=/home/amin/cobot/cobot_ws/install/mycobot_description:/home/amin/cobot/cobot_ws/install/ultraarm:/home/amin/cobot/cobot_ws/install/pro450_moveit2_control:/home/amin/cobot/cobot_ws/install/pro450_moveit2:/home/amin/cobot/cobot_ws/install/mypalletizer_communication:/home/amin/cobot/cobot_ws/install/mypalletizer_interfaces:/home/amin/cobot/cobot_ws/install/mypalletizer_260_pi:/home/amin/cobot/cobot_ws/install/mypalletizer_260:/home/amin/cobot/cobot_ws/install/mycobot_pro_450:/home/amin/cobot/cobot_ws/install/mycobot_pro450_interfaces:/home/amin/cobot/cobot_ws/install/myarm_m750:/home/amin/cobot/cobot_ws/install/myarm_c650:/home/amin/cobot/cobot_ws/install/mycobot_communication:/home/amin/cobot/cobot_ws/install/mecharm_communication:/home/amin/cobot/cobot_ws/install/mycobot_interfaces:/home/amin/cobot/cobot_ws/install/mycobot_630:/home/amin/cobot/cobot_ws/install/mycobot_600:/home/amin/cobot/cobot_ws/install/mycobot_320pi:/home/amin/cobot/cobot_ws/install/mycobot_320_riscv:/home/amin/cobot/cobot_ws/install/mycobot_320:/home/amin/cobot/cobot_ws/install/mycobot_280rdkx5_moveit2:/home/amin/cobot/cobot_ws/install/mycobot_280pi:/home/amin/cobot/cobot_ws/install/mycobot_280jn:/home/amin/cobot/cobot_ws/install/mycobot_280arduino_moveit2:/home/amin/cobot/cobot_ws/install/mycobot_280_x3pi:/home/amin/cobot/cobot_ws/install/mycobot_280_riscv:/home/amin/cobot/cobot_ws/install/mycobot_280_rdkx5:/home/amin/cobot/cobot_ws/install/mycobot_280_moveit2_control:/home/amin/cobot/cobot_ws/install/mycobot_280_moveit2:/home/amin/cobot/cobot_ws/install/mycobot_280_gazebo_jazzy:/home/amin/cobot/cobot_ws/install/mycobot_280_gazebo:/home/amin/cobot/cobot_ws/install/mycobot_280_arduino:/home/amin/cobot/cobot_ws/install/mycobot_280:/home/amin/cobot/cobot_ws/install/mybuddy:/home/amin/cobot/cobot_ws/install/myarm_300:/home/amin/cobot/cobot_ws/install/mecharm_pi:/home/amin/cobot/cobot_ws/install/mecharm:/home/amin/cobot/cobot_ws/install/mecharm_interfaces:/opt/ros/jazzy DEBUGINFOD_URLS=https://debuginfod.ubuntu.com PYTHONPATH=/home/amin/cobot/cobot_ws/build/myarm_300/prefix_override:/usr/lib/python3/dist-packages/colcon_core/task/python/colcon_distutils_commands:/home/amin/cobot/cobot_ws/install/myarm_300/lib/python3.12/site-packages:/home/amin/cobot/cobot_ws/install/mycobot_description/lib/python3.12/site-packages:/home/amin/cobot/cobot_ws/install/ultraarm/lib/python3.12/site-packages:/home/amin/cobot/cobot_ws/install/pro450_moveit2_control/lib/python3.12/site-packages:/home/amin/cobot/cobot_ws/install/mypalletizer_communication/lib/python3.12/site-packages:/home/amin/cobot/cobot_ws/install/mypalletizer_interfaces/lib/python3.12/site-packages:/home/amin/cobot/cobot_ws/install/mypalletizer_260_pi/lib/python3.12/site-packages:/home/amin/cobot/cobot_ws/install/mypalletizer_260/lib/python3.12/site-packages:/home/amin/cobot/cobot_ws/install/mycobot_pro_450/lib/python3.12/site-packages:/home/amin/cobot/cobot_ws/install/mycobot_pro450_interfaces/lib/python3.12/site-packages:/home/amin/cobot/cobot_ws/install/myarm_m750/lib/python3.12/site-packages:/home/amin/cobot/cobot_ws/install/myarm_c650/lib/python3.12/site-packages:/home/amin/cobot/cobot_ws/install/mycobot_communication/lib/python3.12/site-packages:/home/amin/cobot/cobot_ws/install/mecharm_communication/lib/python3.12/site-packages:/home/amin/cobot/cobot_ws/install/mycobot_interfaces/lib/python3.12/site-packages:/home/amin/cobot/cobot_ws/install/mycobot_630/lib/python3.12/site-packages:/home/amin/cobot/cobot_ws/install/mycobot_600/lib/python3.12/site-packages:/home/amin/cobot/cobot_ws/install/mycobot_320pi/lib/python3.12/site-packages:/home/amin/cobot/cobot_ws/install/mycobot_320_riscv/lib/python3.12/site-packages:/home/amin/cobot/cobot_ws/install/mycobot_320/lib/python3.12/site-packages:/home/amin/cobot/cobot_ws/install/mycobot_280pi/lib/python3.12/site-packages:/home/amin/cobot/cobot_ws/install/mycobot_280jn/lib/python3.12/site-packages:/home/amin/cobot/cobot_ws/install/mycobot_280_x3pi/lib/python3.12/site-packages:/home/amin/cobot/cobot_ws/install/mycobot_280_riscv/lib/python3.12/site-packages:/home/amin/cobot/cobot_ws/install/mycobot_280_rdkx5/lib/python3.12/site-packages:/home/amin/cobot/cobot_ws/install/mycobot_280_moveit2_control/lib/python3.12/site-packages:/home/amin/cobot/cobot_ws/install/mycobot_280_arduino/lib/python3.12/site-packages:/home/amin/cobot/cobot_ws/install/mycobot_280/lib/python3.12/site-packages:/home/amin/cobot/cobot_ws/install/mybuddy/lib/python3.12/site-packages:/home/amin/cobot/cobot_ws/install/myarm_300/lib/python3.12/site-packages:/home/amin/cobot/cobot_ws/install/mecharm_pi/lib/python3.12/site-packages:/home/amin/cobot/cobot_ws/install/mecharm/lib/python3.12/site-packages:/home/amin/cobot/cobot_ws/install/mecharm_interfaces/lib/python3.12/site-packages:/opt/ros/jazzy/lib/python3.12/site-packages /usr/bin/python3 -W ignore:setup.py install is deprecated -W ignore:easy_install command is deprecated setup.py egg_info --egg-base ../../../../build/myarm_300 build --build-base /home/amin/cobot/cobot_ws/build/myarm_300/build install --record /home/amin/cobot/cobot_ws/build/myarm_300/install.log --single-version-externally-managed install_data
[4.110s] DEBUG:colcon.colcon_core.event_handler.log_command:Invoking command in '/home/amin/cobot/cobot_ws/src/mycobot_ros2/mycobot_280/mycobot_280': AMENT_PREFIX_PATH=/home/amin/cobot/cobot_ws/install/mycobot_description:/home/amin/cobot/cobot_ws/install/ultraarm:/home/amin/cobot/cobot_ws/install/pro450_moveit2_control:/home/amin/cobot/cobot_ws/install/pro450_moveit2:/home/amin/cobot/cobot_ws/install/mypalletizer_communication:/home/amin/cobot/cobot_ws/install/mypalletizer_interfaces:/home/amin/cobot/cobot_ws/install/mypalletizer_260_pi:/home/amin/cobot/cobot_ws/install/mypalletizer_260:/home/amin/cobot/cobot_ws/install/mycobot_pro_450:/home/amin/cobot/cobot_ws/install/mycobot_pro450_interfaces:/home/amin/cobot/cobot_ws/install/myarm_m750:/home/amin/cobot/cobot_ws/install/myarm_c650:/home/amin/cobot/cobot_ws/install/mycobot_communication:/home/amin/cobot/cobot_ws/install/mecharm_communication:/home/amin/cobot/cobot_ws/install/mycobot_interfaces:/home/amin/cobot/cobot_ws/install/mycobot_630:/home/amin/cobot/cobot_ws/install/mycobot_600:/home/amin/cobot/cobot_ws/install/mycobot_320pi:/home/amin/cobot/cobot_ws/install/mycobot_320_riscv:/home/amin/cobot/cobot_ws/install/mycobot_320:/home/amin/cobot/cobot_ws/install/mycobot_280rdkx5_moveit2:/home/amin/cobot/cobot_ws/install/mycobot_280pi:/home/amin/cobot/cobot_ws/install/mycobot_280jn:/home/amin/cobot/cobot_ws/install/mycobot_280arduino_moveit2:/home/amin/cobot/cobot_ws/install/mycobot_280_x3pi:/home/amin/cobot/cobot_ws/install/mycobot_280_riscv:/home/amin/cobot/cobot_ws/install/mycobot_280_rdkx5:/home/amin/cobot/cobot_ws/install/mycobot_280_moveit2_control:/home/amin/cobot/cobot_ws/install/mycobot_280_moveit2:/home/amin/cobot/cobot_ws/install/mycobot_280_gazebo_jazzy:/home/amin/cobot/cobot_ws/install/mycobot_280_gazebo:/home/amin/cobot/cobot_ws/install/mycobot_280_arduino:/home/amin/cobot/cobot_ws/install/mycobot_280:/home/amin/cobot/cobot_ws/install/mybuddy:/home/amin/cobot/cobot_ws/install/myarm_300:/home/amin/cobot/cobot_ws/install/mecharm_pi:/home/amin/cobot/cobot_ws/install/mecharm:/home/amin/cobot/cobot_ws/install/mecharm_interfaces:/opt/ros/jazzy DEBUGINFOD_URLS=https://debuginfod.ubuntu.com PYTHONPATH=/home/amin/cobot/cobot_ws/build/mycobot_280/prefix_override:/usr/lib/python3/dist-packages/colcon_core/task/python/colcon_distutils_commands:/home/amin/cobot/cobot_ws/install/mycobot_280/lib/python3.12/site-packages:/home/amin/cobot/cobot_ws/install/mycobot_description/lib/python3.12/site-packages:/home/amin/cobot/cobot_ws/install/ultraarm/lib/python3.12/site-packages:/home/amin/cobot/cobot_ws/install/pro450_moveit2_control/lib/python3.12/site-packages:/home/amin/cobot/cobot_ws/install/mypalletizer_communication/lib/python3.12/site-packages:/home/amin/cobot/cobot_ws/install/mypalletizer_interfaces/lib/python3.12/site-packages:/home/amin/cobot/cobot_ws/install/mypalletizer_260_pi/lib/python3.12/site-packages:/home/amin/cobot/cobot_ws/install/mypalletizer_260/lib/python3.12/site-packages:/home/amin/cobot/cobot_ws/install/mycobot_pro_450/lib/python3.12/site-packages:/home/amin/cobot/cobot_ws/install/mycobot_pro450_interfaces/lib/python3.12/site-packages:/home/amin/cobot/cobot_ws/install/myarm_m750/lib/python3.12/site-packages:/home/amin/cobot/cobot_ws/install/myarm_c650/lib/python3.12/site-packages:/home/amin/cobot/cobot_ws/install/mycobot_communication/lib/python3.12/site-packages:/home/amin/cobot/cobot_ws/install/mecharm_communication/lib/python3.12/site-packages:/home/amin/cobot/cobot_ws/install/mycobot_interfaces/lib/python3.12/site-packages:/home/amin/cobot/cobot_ws/install/mycobot_630/lib/python3.12/site-packages:/home/amin/cobot/cobot_ws/install/mycobot_600/lib/python3.12/site-packages:/home/amin/cobot/cobot_ws/install/mycobot_320pi/lib/python3.12/site-packages:/home/amin/cobot/cobot_ws/install/mycobot_320_riscv/lib/python3.12/site-packages:/home/amin/cobot/cobot_ws/install/mycobot_320/lib/python3.12/site-packages:/home/amin/cobot/cobot_ws/install/mycobot_280pi/lib/python3.12/site-packages:/home/amin/cobot/cobot_ws/install/mycobot_280jn/lib/python3.12/site-packages:/home/amin/cobot/cobot_ws/install/mycobot_280_x3pi/lib/python3.12/site-packages:/home/amin/cobot/cobot_ws/install/mycobot_280_riscv/lib/python3.12/site-packages:/home/amin/cobot/cobot_ws/install/mycobot_280_rdkx5/lib/python3.12/site-packages:/home/amin/cobot/cobot_ws/install/mycobot_280_moveit2_control/lib/python3.12/site-packages:/home/amin/cobot/cobot_ws/install/mycobot_280_arduino/lib/python3.12/site-packages:/home/amin/cobot/cobot_ws/install/mycobot_280/lib/python3.12/site-packages:/home/amin/cobot/cobot_ws/install/mybuddy/lib/python3.12/site-packages:/home/amin/cobot/cobot_ws/install/myarm_300/lib/python3.12/site-packages:/home/amin/cobot/cobot_ws/install/mecharm_pi/lib/python3.12/site-packages:/home/amin/cobot/cobot_ws/install/mecharm/lib/python3.12/site-packages:/home/amin/cobot/cobot_ws/install/mecharm_interfaces/lib/python3.12/site-packages:/opt/ros/jazzy/lib/python3.12/site-packages /usr/bin/python3 -W ignore:setup.py install is deprecated -W ignore:easy_install command is deprecated setup.py egg_info --egg-base ../../../../build/mycobot_280 build --build-base /home/amin/cobot/cobot_ws/build/mycobot_280/build install --record /home/amin/cobot/cobot_ws/build/mycobot_280/install.log --single-version-externally-managed install_data
[4.111s] DEBUG:colcon.colcon_core.event_handler.log_command:Invoking command in '/home/amin/cobot/cobot_ws/src/mycobot_ros2/mecharm/mecharm_pi': AMENT_PREFIX_PATH=/home/amin/cobot/cobot_ws/install/mycobot_description:/home/amin/cobot/cobot_ws/install/ultraarm:/home/amin/cobot/cobot_ws/install/pro450_moveit2_control:/home/amin/cobot/cobot_ws/install/pro450_moveit2:/home/amin/cobot/cobot_ws/install/mypalletizer_communication:/home/amin/cobot/cobot_ws/install/mypalletizer_interfaces:/home/amin/cobot/cobot_ws/install/mypalletizer_260_pi:/home/amin/cobot/cobot_ws/install/mypalletizer_260:/home/amin/cobot/cobot_ws/install/mycobot_pro_450:/home/amin/cobot/cobot_ws/install/mycobot_pro450_interfaces:/home/amin/cobot/cobot_ws/install/myarm_m750:/home/amin/cobot/cobot_ws/install/myarm_c650:/home/amin/cobot/cobot_ws/install/mycobot_communication:/home/amin/cobot/cobot_ws/install/mecharm_communication:/home/amin/cobot/cobot_ws/install/mycobot_interfaces:/home/amin/cobot/cobot_ws/install/mycobot_630:/home/amin/cobot/cobot_ws/install/mycobot_600:/home/amin/cobot/cobot_ws/install/mycobot_320pi:/home/amin/cobot/cobot_ws/install/mycobot_320_riscv:/home/amin/cobot/cobot_ws/install/mycobot_320:/home/amin/cobot/cobot_ws/install/mycobot_280rdkx5_moveit2:/home/amin/cobot/cobot_ws/install/mycobot_280pi:/home/amin/cobot/cobot_ws/install/mycobot_280jn:/home/amin/cobot/cobot_ws/install/mycobot_280arduino_moveit2:/home/amin/cobot/cobot_ws/install/mycobot_280_x3pi:/home/amin/cobot/cobot_ws/install/mycobot_280_riscv:/home/amin/cobot/cobot_ws/install/mycobot_280_rdkx5:/home/amin/cobot/cobot_ws/install/mycobot_280_moveit2_control:/home/amin/cobot/cobot_ws/install/mycobot_280_moveit2:/home/amin/cobot/cobot_ws/install/mycobot_280_gazebo_jazzy:/home/amin/cobot/cobot_ws/install/mycobot_280_gazebo:/home/amin/cobot/cobot_ws/install/mycobot_280_arduino:/home/amin/cobot/cobot_ws/install/mycobot_280:/home/amin/cobot/cobot_ws/install/mybuddy:/home/amin/cobot/cobot_ws/install/myarm_300:/home/amin/cobot/cobot_ws/install/mecharm_pi:/home/amin/cobot/cobot_ws/install/mecharm:/home/amin/cobot/cobot_ws/install/mecharm_interfaces:/opt/ros/jazzy DEBUGINFOD_URLS=https://debuginfod.ubuntu.com PYTHONPATH=/home/amin/cobot/cobot_ws/build/mecharm_pi/prefix_override:/usr/lib/python3/dist-packages/colcon_core/task/python/colcon_distutils_commands:/home/amin/cobot/cobot_ws/install/mecharm_pi/lib/python3.12/site-packages:/home/amin/cobot/cobot_ws/install/mycobot_description/lib/python3.12/site-packages:/home/amin/cobot/cobot_ws/install/ultraarm/lib/python3.12/site-packages:/home/amin/cobot/cobot_ws/install/pro450_moveit2_control/lib/python3.12/site-packages:/home/amin/cobot/cobot_ws/install/mypalletizer_communication/lib/python3.12/site-packages:/home/amin/cobot/cobot_ws/install/mypalletizer_interfaces/lib/python3.12/site-packages:/home/amin/cobot/cobot_ws/install/mypalletizer_260_pi/lib/python3.12/site-packages:/home/amin/cobot/cobot_ws/install/mypalletizer_260/lib/python3.12/site-packages:/home/amin/cobot/cobot_ws/install/mycobot_pro_450/lib/python3.12/site-packages:/home/amin/cobot/cobot_ws/install/mycobot_pro450_interfaces/lib/python3.12/site-packages:/home/amin/cobot/cobot_ws/install/myarm_m750/lib/python3.12/site-packages:/home/amin/cobot/cobot_ws/install/myarm_c650/lib/python3.12/site-packages:/home/amin/cobot/cobot_ws/install/mycobot_communication/lib/python3.12/site-packages:/home/amin/cobot/cobot_ws/install/mecharm_communication/lib/python3.12/site-packages:/home/amin/cobot/cobot_ws/install/mycobot_interfaces/lib/python3.12/site-packages:/home/amin/cobot/cobot_ws/install/mycobot_630/lib/python3.12/site-packages:/home/amin/cobot/cobot_ws/install/mycobot_600/lib/python3.12/site-packages:/home/amin/cobot/cobot_ws/install/mycobot_320pi/lib/python3.12/site-packages:/home/amin/cobot/cobot_ws/install/mycobot_320_riscv/lib/python3.12/site-packages:/home/amin/cobot/cobot_ws/install/mycobot_320/lib/python3.12/site-packages:/home/amin/cobot/cobot_ws/install/mycobot_280pi/lib/python3.12/site-packages:/home/amin/cobot/cobot_ws/install/mycobot_280jn/lib/python3.12/site-packages:/home/amin/cobot/cobot_ws/install/mycobot_280_x3pi/lib/python3.12/site-packages:/home/amin/cobot/cobot_ws/install/mycobot_280_riscv/lib/python3.12/site-packages:/home/amin/cobot/cobot_ws/install/mycobot_280_rdkx5/lib/python3.12/site-packages:/home/amin/cobot/cobot_ws/install/mycobot_280_moveit2_control/lib/python3.12/site-packages:/home/amin/cobot/cobot_ws/install/mycobot_280_arduino/lib/python3.12/site-packages:/home/amin/cobot/cobot_ws/install/mycobot_280/lib/python3.12/site-packages:/home/amin/cobot/cobot_ws/install/mybuddy/lib/python3.12/site-packages:/home/amin/cobot/cobot_ws/install/myarm_300/lib/python3.12/site-packages:/home/amin/cobot/cobot_ws/install/mecharm_pi/lib/python3.12/site-packages:/home/amin/cobot/cobot_ws/install/mecharm/lib/python3.12/site-packages:/home/amin/cobot/cobot_ws/install/mecharm_interfaces/lib/python3.12/site-packages:/opt/ros/jazzy/lib/python3.12/site-packages /usr/bin/python3 -W ignore:setup.py install is deprecated -W ignore:easy_install command is deprecated setup.py egg_info --egg-base ../../../../build/mecharm_pi build --build-base /home/amin/cobot/cobot_ws/build/mecharm_pi/build install --record /home/amin/cobot/cobot_ws/build/mecharm_pi/install.log --single-version-externally-managed install_data
[4.113s] Level 1:colcon.colcon_core.environment:checking '/home/amin/cobot/cobot_ws/install/mypalletizer_communication' for CMake module files
[4.114s] DEBUG:colcon.colcon_core.event_handler.log_command:Invoked command in '/home/amin/cobot/cobot_ws/src/mycobot_ros2/mypalletizer_260/mypalletizer_communication' returned '0': CMAKE_PREFIX_PATH=/home/amin/cobot/cobot_ws/install/mypalletizer_interfaces:/home/amin/cobot/cobot_ws/install/pro450_moveit2:/home/amin/cobot/cobot_ws/install/mycobot_pro450_interfaces:/home/amin/cobot/cobot_ws/install/mycobot_interfaces:/home/amin/cobot/cobot_ws/install/mycobot_280rdkx5_moveit2:/home/amin/cobot/cobot_ws/install/mycobot_280arduino_moveit2:/home/amin/cobot/cobot_ws/install/mycobot_280_moveit2:/home/amin/cobot/cobot_ws/install/mycobot_280_gazebo_jazzy:/home/amin/cobot/cobot_ws/install/mycobot_280_gazebo:/home/amin/cobot/cobot_ws/install/mecharm_interfaces:/opt/ros/jazzy/opt/gz_sim_vendor:/opt/ros/jazzy/opt/gz_sensors_vendor:/opt/ros/jazzy/opt/gz_physics_vendor:/opt/ros/jazzy/opt/sdformat_vendor:/opt/ros/jazzy/opt/gz_gui_vendor:/opt/ros/jazzy/opt/gz_transport_vendor:/opt/ros/jazzy/opt/gz_rendering_vendor:/opt/ros/jazzy/opt/gz_plugin_vendor:/opt/ros/jazzy/opt/gz_fuel_tools_vendor:/opt/ros/jazzy/opt/gz_msgs_vendor:/opt/ros/jazzy/opt/gz_common_vendor:/opt/ros/jazzy/opt/gz_math_vendor:/opt/ros/jazzy/opt/gz_utils_vendor:/opt/ros/jazzy/opt/gz_tools_vendor:/opt/ros/jazzy/opt/gz_ogre_next_vendor:/opt/ros/jazzy/opt/gz_dartsim_vendor:/opt/ros/jazzy/opt/gz_cmake_vendor DEBUGINFOD_URLS=https://debuginfod.ubuntu.com PYTHONPATH=/home/amin/cobot/cobot_ws/build/mypalletizer_communication/prefix_override:/usr/lib/python3/dist-packages/colcon_core/task/python/colcon_distutils_commands:/home/amin/cobot/cobot_ws/install/mypalletizer_communication/lib/python3.12/site-packages:/home/amin/cobot/cobot_ws/install/mypalletizer_interfaces/lib/python3.12/site-packages:/home/amin/cobot/cobot_ws/install/ultraarm/lib/python3.12/site-packages:/home/amin/cobot/cobot_ws/install/pro450_moveit2_control/lib/python3.12/site-packages:/home/amin/cobot/cobot_ws/install/mypalletizer_communication/lib/python3.12/site-packages:/home/amin/cobot/cobot_ws/install/mypalletizer_260_pi/lib/python3.12/site-packages:/home/amin/cobot/cobot_ws/install/mypalletizer_260/lib/python3.12/site-packages:/home/amin/cobot/cobot_ws/install/mycobot_pro_450/lib/python3.12/site-packages:/home/amin/cobot/cobot_ws/install/mycobot_pro450_interfaces/lib/python3.12/site-packages:/home/amin/cobot/cobot_ws/install/myarm_m750/lib/python3.12/site-packages:/home/amin/cobot/cobot_ws/install/myarm_c650/lib/python3.12/site-packages:/home/amin/cobot/cobot_ws/install/mycobot_communication/lib/python3.12/site-packages:/home/amin/cobot/cobot_ws/install/mecharm_communication/lib/python3.12/site-packages:/home/amin/cobot/cobot_ws/install/mycobot_interfaces/lib/python3.12/site-packages:/home/amin/cobot/cobot_ws/install/mycobot_630/lib/python3.12/site-packages:/home/amin/cobot/cobot_ws/install/mycobot_600/lib/python3.12/site-packages:/home/amin/cobot/cobot_ws/install/mycobot_320pi/lib/python3.12/site-packages:/home/amin/cobot/cobot_ws/install/mycobot_320_riscv/lib/python3.12/site-packages:/home/amin/cobot/cobot_ws/install/mycobot_320/lib/python3.12/site-packages:/home/amin/cobot/cobot_ws/install/mycobot_280pi/lib/python3.12/site-packages:/home/amin/cobot/cobot_ws/install/mycobot_280jn/lib/python3.12/site-packages:/home/amin/cobot/cobot_ws/install/mycobot_280_x3pi/lib/python3.12/site-packages:/home/amin/cobot/cobot_ws/install/mycobot_280_riscv/lib/python3.12/site-packages:/home/amin/cobot/cobot_ws/install/mycobot_280_rdkx5/lib/python3.12/site-packages:/home/amin/cobot/cobot_ws/install/mycobot_280_moveit2_control/lib/python3.12/site-packages:/home/amin/cobot/cobot_ws/install/mycobot_280_arduino/lib/python3.12/site-packages:/home/amin/cobot/cobot_ws/install/mycobot_280/lib/python3.12/site-packages:/home/amin/cobot/cobot_ws/install/mybuddy/lib/python3.12/site-packages:/home/amin/cobot/cobot_ws/install/myarm_300/lib/python3.12/site-packages:/home/amin/cobot/cobot_ws/install/mecharm_pi/lib/python3.12/site-packages:/home/amin/cobot/cobot_ws/install/mecharm/lib/python3.12/site-packages:/home/amin/cobot/cobot_ws/install/mycobot_description/lib/python3.12/site-packages:/home/amin/cobot/cobot_ws/install/mecharm_interfaces/lib/python3.12/site-packages:/opt/ros/jazzy/lib/python3.12/site-packages /usr/bin/python3 -W ignore:setup.py install is deprecated -W ignore:easy_install command is deprecated setup.py egg_info --egg-base ../../../../build/mypalletizer_communication build --build-base /home/amin/cobot/cobot_ws/build/mypalletizer_communication/build install --record /home/amin/cobot/cobot_ws/build/mypalletizer_communication/install.log --single-version-externally-managed install_data
[4.115s] Level 1:colcon.colcon_core.environment:checking '/home/amin/cobot/cobot_ws/install/mypalletizer_communication' for CMake config files
[4.115s] Level 1:colcon.colcon_core.environment:checking '/home/amin/cobot/cobot_ws/install/mypalletizer_communication/lib'
[4.115s] Level 1:colcon.colcon_core.environment:checking '/home/amin/cobot/cobot_ws/install/mypalletizer_communication/bin'
[4.115s] Level 1:colcon.colcon_core.environment:checking '/home/amin/cobot/cobot_ws/install/mypalletizer_communication/lib/pkgconfig/mypalletizer_communication.pc'
[4.116s] Level 1:colcon.colcon_core.environment:checking '/home/amin/cobot/cobot_ws/install/mypalletizer_communication/lib/python3.12/site-packages'
[4.116s] Level 1:colcon.colcon_core.shell:create_environment_hook('mypalletizer_communication', 'pythonpath')
[4.116s] INFO:colcon.colcon_core.shell:Creating environment hook '/home/amin/cobot/cobot_ws/install/mypalletizer_communication/share/mypalletizer_communication/hook/pythonpath.ps1'
[4.116s] INFO:colcon.colcon_core.shell:Creating environment descriptor '/home/amin/cobot/cobot_ws/install/mypalletizer_communication/share/mypalletizer_communication/hook/pythonpath.dsv'
[4.117s] INFO:colcon.colcon_core.shell:Creating environment hook '/home/amin/cobot/cobot_ws/install/mypalletizer_communication/share/mypalletizer_communication/hook/pythonpath.sh'
[4.118s] Level 1:colcon.colcon_core.environment:checking '/home/amin/cobot/cobot_ws/install/mypalletizer_communication/bin'
[4.118s] Level 1:colcon.colcon_core.environment:create_environment_scripts_only(mypalletizer_communication)
[4.118s] INFO:colcon.colcon_core.shell:Creating package script '/home/amin/cobot/cobot_ws/install/mypalletizer_communication/share/mypalletizer_communication/package.ps1'
[4.119s] INFO:colcon.colcon_core.shell:Creating package descriptor '/home/amin/cobot/cobot_ws/install/mypalletizer_communication/share/mypalletizer_communication/package.dsv'
[4.119s] INFO:colcon.colcon_core.shell:Creating package script '/home/amin/cobot/cobot_ws/install/mypalletizer_communication/share/mypalletizer_communication/package.sh'
[4.119s] INFO:colcon.colcon_core.shell:Creating package script '/home/amin/cobot/cobot_ws/install/mypalletizer_communication/share/mypalletizer_communication/package.bash'
[4.120s] INFO:colcon.colcon_core.shell:Creating package script '/home/amin/cobot/cobot_ws/install/mypalletizer_communication/share/mypalletizer_communication/package.zsh'
[4.120s] Level 1:colcon.colcon_core.environment:create_file_with_runtime_dependencies(/home/amin/cobot/cobot_ws/install/mypalletizer_communication/share/colcon-core/packages/mypalletizer_communication)
[4.121s] INFO:colcon.colcon_ros.task.ament_python.build:Building ROS package in '/home/amin/cobot/cobot_ws/src/mycobot_ros2/mycobot_280/mycobot_280_riscv' with build type 'ament_python'
[4.121s] Level 1:colcon.colcon_core.shell:create_environment_hook('mycobot_280_riscv', 'ament_prefix_path')
[4.121s] INFO:colcon.colcon_core.shell:Creating environment hook '/home/amin/cobot/cobot_ws/install/mycobot_280_riscv/share/mycobot_280_riscv/hook/ament_prefix_path.ps1'
[4.122s] INFO:colcon.colcon_core.shell:Creating environment descriptor '/home/amin/cobot/cobot_ws/install/mycobot_280_riscv/share/mycobot_280_riscv/hook/ament_prefix_path.dsv'
[4.122s] INFO:colcon.colcon_core.shell:Creating environment hook '/home/amin/cobot/cobot_ws/install/mycobot_280_riscv/share/mycobot_280_riscv/hook/ament_prefix_path.sh'
[4.122s] INFO:colcon.colcon_core.shell:Skip shell extension 'powershell' for command environment: Not usable outside of PowerShell
[4.122s] DEBUG:colcon.colcon_core.shell:Skip shell extension 'dsv' for command environment
[4.436s] INFO:colcon.colcon_core.task.python.build:Building Python package in '/home/amin/cobot/cobot_ws/src/mycobot_ros2/mycobot_280/mycobot_280_riscv'
[4.437s] INFO:colcon.colcon_core.shell:Skip shell extension 'powershell' for command environment: Not usable outside of PowerShell
[4.437s] DEBUG:colcon.colcon_core.shell:Skip shell extension 'dsv' for command environment
[4.446s] DEBUG:colcon.colcon_core.event_handler.log_command:Invoking command in '/home/amin/cobot/cobot_ws/src/mycobot_ros2/mycobot_280/mycobot_280_arduino': AMENT_PREFIX_PATH=/home/amin/cobot/cobot_ws/install/mycobot_description:/home/amin/cobot/cobot_ws/install/ultraarm:/home/amin/cobot/cobot_ws/install/pro450_moveit2_control:/home/amin/cobot/cobot_ws/install/pro450_moveit2:/home/amin/cobot/cobot_ws/install/mypalletizer_communication:/home/amin/cobot/cobot_ws/install/mypalletizer_interfaces:/home/amin/cobot/cobot_ws/install/mypalletizer_260_pi:/home/amin/cobot/cobot_ws/install/mypalletizer_260:/home/amin/cobot/cobot_ws/install/mycobot_pro_450:/home/amin/cobot/cobot_ws/install/mycobot_pro450_interfaces:/home/amin/cobot/cobot_ws/install/myarm_m750:/home/amin/cobot/cobot_ws/install/myarm_c650:/home/amin/cobot/cobot_ws/install/mycobot_communication:/home/amin/cobot/cobot_ws/install/mecharm_communication:/home/amin/cobot/cobot_ws/install/mycobot_interfaces:/home/amin/cobot/cobot_ws/install/mycobot_630:/home/amin/cobot/cobot_ws/install/mycobot_600:/home/amin/cobot/cobot_ws/install/mycobot_320pi:/home/amin/cobot/cobot_ws/install/mycobot_320_riscv:/home/amin/cobot/cobot_ws/install/mycobot_320:/home/amin/cobot/cobot_ws/install/mycobot_280rdkx5_moveit2:/home/amin/cobot/cobot_ws/install/mycobot_280pi:/home/amin/cobot/cobot_ws/install/mycobot_280jn:/home/amin/cobot/cobot_ws/install/mycobot_280arduino_moveit2:/home/amin/cobot/cobot_ws/install/mycobot_280_x3pi:/home/amin/cobot/cobot_ws/install/mycobot_280_riscv:/home/amin/cobot/cobot_ws/install/mycobot_280_rdkx5:/home/amin/cobot/cobot_ws/install/mycobot_280_moveit2_control:/home/amin/cobot/cobot_ws/install/mycobot_280_moveit2:/home/amin/cobot/cobot_ws/install/mycobot_280_gazebo_jazzy:/home/amin/cobot/cobot_ws/install/mycobot_280_gazebo:/home/amin/cobot/cobot_ws/install/mycobot_280_arduino:/home/amin/cobot/cobot_ws/install/mycobot_280:/home/amin/cobot/cobot_ws/install/mybuddy:/home/amin/cobot/cobot_ws/install/myarm_300:/home/amin/cobot/cobot_ws/install/mecharm_pi:/home/amin/cobot/cobot_ws/install/mecharm:/home/amin/cobot/cobot_ws/install/mecharm_interfaces:/opt/ros/jazzy DEBUGINFOD_URLS=https://debuginfod.ubuntu.com PYTHONPATH=/home/amin/cobot/cobot_ws/build/mycobot_280_arduino/prefix_override:/usr/lib/python3/dist-packages/colcon_core/task/python/colcon_distutils_commands:/home/amin/cobot/cobot_ws/install/mycobot_280_arduino/lib/python3.12/site-packages:/home/amin/cobot/cobot_ws/install/mycobot_description/lib/python3.12/site-packages:/home/amin/cobot/cobot_ws/install/ultraarm/lib/python3.12/site-packages:/home/amin/cobot/cobot_ws/install/pro450_moveit2_control/lib/python3.12/site-packages:/home/amin/cobot/cobot_ws/install/mypalletizer_communication/lib/python3.12/site-packages:/home/amin/cobot/cobot_ws/install/mypalletizer_interfaces/lib/python3.12/site-packages:/home/amin/cobot/cobot_ws/install/mypalletizer_260_pi/lib/python3.12/site-packages:/home/amin/cobot/cobot_ws/install/mypalletizer_260/lib/python3.12/site-packages:/home/amin/cobot/cobot_ws/install/mycobot_pro_450/lib/python3.12/site-packages:/home/amin/cobot/cobot_ws/install/mycobot_pro450_interfaces/lib/python3.12/site-packages:/home/amin/cobot/cobot_ws/install/myarm_m750/lib/python3.12/site-packages:/home/amin/cobot/cobot_ws/install/myarm_c650/lib/python3.12/site-packages:/home/amin/cobot/cobot_ws/install/mycobot_communication/lib/python3.12/site-packages:/home/amin/cobot/cobot_ws/install/mecharm_communication/lib/python3.12/site-packages:/home/amin/cobot/cobot_ws/install/mycobot_interfaces/lib/python3.12/site-packages:/home/amin/cobot/cobot_ws/install/mycobot_630/lib/python3.12/site-packages:/home/amin/cobot/cobot_ws/install/mycobot_600/lib/python3.12/site-packages:/home/amin/cobot/cobot_ws/install/mycobot_320pi/lib/python3.12/site-packages:/home/amin/cobot/cobot_ws/install/mycobot_320_riscv/lib/python3.12/site-packages:/home/amin/cobot/cobot_ws/install/mycobot_320/lib/python3.12/site-packages:/home/amin/cobot/cobot_ws/install/mycobot_280pi/lib/python3.12/site-packages:/home/amin/cobot/cobot_ws/install/mycobot_280jn/lib/python3.12/site-packages:/home/amin/cobot/cobot_ws/install/mycobot_280_x3pi/lib/python3.12/site-packages:/home/amin/cobot/cobot_ws/install/mycobot_280_riscv/lib/python3.12/site-packages:/home/amin/cobot/cobot_ws/install/mycobot_280_rdkx5/lib/python3.12/site-packages:/home/amin/cobot/cobot_ws/install/mycobot_280_moveit2_control/lib/python3.12/site-packages:/home/amin/cobot/cobot_ws/install/mycobot_280_arduino/lib/python3.12/site-packages:/home/amin/cobot/cobot_ws/install/mycobot_280/lib/python3.12/site-packages:/home/amin/cobot/cobot_ws/install/mybuddy/lib/python3.12/site-packages:/home/amin/cobot/cobot_ws/install/myarm_300/lib/python3.12/site-packages:/home/amin/cobot/cobot_ws/install/mecharm_pi/lib/python3.12/site-packages:/home/amin/cobot/cobot_ws/install/mecharm/lib/python3.12/site-packages:/home/amin/cobot/cobot_ws/install/mecharm_interfaces/lib/python3.12/site-packages:/opt/ros/jazzy/lib/python3.12/site-packages /usr/bin/python3 -W ignore:setup.py install is deprecated -W ignore:easy_install command is deprecated setup.py egg_info --egg-base ../../../../build/mycobot_280_arduino build --build-base /home/amin/cobot/cobot_ws/build/mycobot_280_arduino/build install --record /home/amin/cobot/cobot_ws/build/mycobot_280_arduino/install.log --single-version-externally-managed install_data
[4.505s] Level 1:colcon.colcon_core.environment:checking '/home/amin/cobot/cobot_ws/install/mecharm' for CMake module files
[4.506s] Level 1:colcon.colcon_core.environment:checking '/home/amin/cobot/cobot_ws/install/mecharm' for CMake config files
[4.506s] DEBUG:colcon.colcon_core.event_handler.log_command:Invoked command in '/home/amin/cobot/cobot_ws/src/mycobot_ros2/mecharm/mecharm' returned '0': AMENT_PREFIX_PATH=/home/amin/cobot/cobot_ws/install/mycobot_description:/home/amin/cobot/cobot_ws/install/ultraarm:/home/amin/cobot/cobot_ws/install/pro450_moveit2_control:/home/amin/cobot/cobot_ws/install/pro450_moveit2:/home/amin/cobot/cobot_ws/install/mypalletizer_communication:/home/amin/cobot/cobot_ws/install/mypalletizer_interfaces:/home/amin/cobot/cobot_ws/install/mypalletizer_260_pi:/home/amin/cobot/cobot_ws/install/mypalletizer_260:/home/amin/cobot/cobot_ws/install/mycobot_pro_450:/home/amin/cobot/cobot_ws/install/mycobot_pro450_interfaces:/home/amin/cobot/cobot_ws/install/myarm_m750:/home/amin/cobot/cobot_ws/install/myarm_c650:/home/amin/cobot/cobot_ws/install/mycobot_communication:/home/amin/cobot/cobot_ws/install/mecharm_communication:/home/amin/cobot/cobot_ws/install/mycobot_interfaces:/home/amin/cobot/cobot_ws/install/mycobot_630:/home/amin/cobot/cobot_ws/install/mycobot_600:/home/amin/cobot/cobot_ws/install/mycobot_320pi:/home/amin/cobot/cobot_ws/install/mycobot_320_riscv:/home/amin/cobot/cobot_ws/install/mycobot_320:/home/amin/cobot/cobot_ws/install/mycobot_280rdkx5_moveit2:/home/amin/cobot/cobot_ws/install/mycobot_280pi:/home/amin/cobot/cobot_ws/install/mycobot_280jn:/home/amin/cobot/cobot_ws/install/mycobot_280arduino_moveit2:/home/amin/cobot/cobot_ws/install/mycobot_280_x3pi:/home/amin/cobot/cobot_ws/install/mycobot_280_riscv:/home/amin/cobot/cobot_ws/install/mycobot_280_rdkx5:/home/amin/cobot/cobot_ws/install/mycobot_280_moveit2_control:/home/amin/cobot/cobot_ws/install/mycobot_280_moveit2:/home/amin/cobot/cobot_ws/install/mycobot_280_gazebo_jazzy:/home/amin/cobot/cobot_ws/install/mycobot_280_gazebo:/home/amin/cobot/cobot_ws/install/mycobot_280_arduino:/home/amin/cobot/cobot_ws/install/mycobot_280:/home/amin/cobot/cobot_ws/install/mybuddy:/home/amin/cobot/cobot_ws/install/myarm_300:/home/amin/cobot/cobot_ws/install/mecharm_pi:/home/amin/cobot/cobot_ws/install/mecharm:/home/amin/cobot/cobot_ws/install/mecharm_interfaces:/opt/ros/jazzy DEBUGINFOD_URLS=https://debuginfod.ubuntu.com PYTHONPATH=/home/amin/cobot/cobot_ws/build/mecharm/prefix_override:/usr/lib/python3/dist-packages/colcon_core/task/python/colcon_distutils_commands:/home/amin/cobot/cobot_ws/install/mecharm/lib/python3.12/site-packages:/home/amin/cobot/cobot_ws/install/mycobot_description/lib/python3.12/site-packages:/home/amin/cobot/cobot_ws/install/ultraarm/lib/python3.12/site-packages:/home/amin/cobot/cobot_ws/install/pro450_moveit2_control/lib/python3.12/site-packages:/home/amin/cobot/cobot_ws/install/mypalletizer_communication/lib/python3.12/site-packages:/home/amin/cobot/cobot_ws/install/mypalletizer_interfaces/lib/python3.12/site-packages:/home/amin/cobot/cobot_ws/install/mypalletizer_260_pi/lib/python3.12/site-packages:/home/amin/cobot/cobot_ws/install/mypalletizer_260/lib/python3.12/site-packages:/home/amin/cobot/cobot_ws/install/mycobot_pro_450/lib/python3.12/site-packages:/home/amin/cobot/cobot_ws/install/mycobot_pro450_interfaces/lib/python3.12/site-packages:/home/amin/cobot/cobot_ws/install/myarm_m750/lib/python3.12/site-packages:/home/amin/cobot/cobot_ws/install/myarm_c650/lib/python3.12/site-packages:/home/amin/cobot/cobot_ws/install/mycobot_communication/lib/python3.12/site-packages:/home/amin/cobot/cobot_ws/install/mecharm_communication/lib/python3.12/site-packages:/home/amin/cobot/cobot_ws/install/mycobot_interfaces/lib/python3.12/site-packages:/home/amin/cobot/cobot_ws/install/mycobot_630/lib/python3.12/site-packages:/home/amin/cobot/cobot_ws/install/mycobot_600/lib/python3.12/site-packages:/home/amin/cobot/cobot_ws/install/mycobot_320pi/lib/python3.12/site-packages:/home/amin/cobot/cobot_ws/install/mycobot_320_riscv/lib/python3.12/site-packages:/home/amin/cobot/cobot_ws/install/mycobot_320/lib/python3.12/site-packages:/home/amin/cobot/cobot_ws/install/mycobot_280pi/lib/python3.12/site-packages:/home/amin/cobot/cobot_ws/install/mycobot_280jn/lib/python3.12/site-packages:/home/amin/cobot/cobot_ws/install/mycobot_280_x3pi/lib/python3.12/site-packages:/home/amin/cobot/cobot_ws/install/mycobot_280_riscv/lib/python3.12/site-packages:/home/amin/cobot/cobot_ws/install/mycobot_280_rdkx5/lib/python3.12/site-packages:/home/amin/cobot/cobot_ws/install/mycobot_280_moveit2_control/lib/python3.12/site-packages:/home/amin/cobot/cobot_ws/install/mycobot_280_arduino/lib/python3.12/site-packages:/home/amin/cobot/cobot_ws/install/mycobot_280/lib/python3.12/site-packages:/home/amin/cobot/cobot_ws/install/mybuddy/lib/python3.12/site-packages:/home/amin/cobot/cobot_ws/install/myarm_300/lib/python3.12/site-packages:/home/amin/cobot/cobot_ws/install/mecharm_pi/lib/python3.12/site-packages:/home/amin/cobot/cobot_ws/install/mecharm/lib/python3.12/site-packages:/home/amin/cobot/cobot_ws/install/mecharm_interfaces/lib/python3.12/site-packages:/opt/ros/jazzy/lib/python3.12/site-packages /usr/bin/python3 -W ignore:setup.py install is deprecated -W ignore:easy_install command is deprecated setup.py egg_info --egg-base ../../../../build/mecharm build --build-base /home/amin/cobot/cobot_ws/build/mecharm/build install --record /home/amin/cobot/cobot_ws/build/mecharm/install.log --single-version-externally-managed install_data
[4.507s] Level 1:colcon.colcon_core.environment:checking '/home/amin/cobot/cobot_ws/install/mecharm/lib'
[4.507s] Level 1:colcon.colcon_core.environment:checking '/home/amin/cobot/cobot_ws/install/mecharm/bin'
[4.507s] Level 1:colcon.colcon_core.environment:checking '/home/amin/cobot/cobot_ws/install/mecharm/lib/pkgconfig/mecharm.pc'
[4.508s] Level 1:colcon.colcon_core.environment:checking '/home/amin/cobot/cobot_ws/install/mecharm/lib/python3.12/site-packages'
[4.508s] Level 1:colcon.colcon_core.shell:create_environment_hook('mecharm', 'pythonpath')
[4.508s] INFO:colcon.colcon_core.shell:Creating environment hook '/home/amin/cobot/cobot_ws/install/mecharm/share/mecharm/hook/pythonpath.ps1'
[4.509s] INFO:colcon.colcon_core.shell:Creating environment descriptor '/home/amin/cobot/cobot_ws/install/mecharm/share/mecharm/hook/pythonpath.dsv'
[4.510s] INFO:colcon.colcon_core.shell:Creating environment hook '/home/amin/cobot/cobot_ws/install/mecharm/share/mecharm/hook/pythonpath.sh'
[4.510s] Level 1:colcon.colcon_core.environment:checking '/home/amin/cobot/cobot_ws/install/mecharm/bin'
[4.510s] Level 1:colcon.colcon_core.environment:create_environment_scripts_only(mecharm)
[4.511s] INFO:colcon.colcon_core.shell:Creating package script '/home/amin/cobot/cobot_ws/install/mecharm/share/mecharm/package.ps1'
[4.512s] INFO:colcon.colcon_core.shell:Creating package descriptor '/home/amin/cobot/cobot_ws/install/mecharm/share/mecharm/package.dsv'
[4.512s] INFO:colcon.colcon_core.shell:Creating package script '/home/amin/cobot/cobot_ws/install/mecharm/share/mecharm/package.sh'
[4.513s] INFO:colcon.colcon_core.shell:Creating package script '/home/amin/cobot/cobot_ws/install/mecharm/share/mecharm/package.bash'
[4.513s] INFO:colcon.colcon_core.shell:Creating package script '/home/amin/cobot/cobot_ws/install/mecharm/share/mecharm/package.zsh'
[4.514s] Level 1:colcon.colcon_core.environment:create_file_with_runtime_dependencies(/home/amin/cobot/cobot_ws/install/mecharm/share/colcon-core/packages/mecharm)
[4.516s] INFO:colcon.colcon_ros.task.ament_python.build:Building ROS package in '/home/amin/cobot/cobot_ws/src/mycobot_ros2/mycobot_280/mycobot_280_x3pi' with build type 'ament_python'
[4.516s] Level 1:colcon.colcon_core.shell:create_environment_hook('mycobot_280_x3pi', 'ament_prefix_path')
[4.516s] INFO:colcon.colcon_core.shell:Creating environment hook '/home/amin/cobot/cobot_ws/install/mycobot_280_x3pi/share/mycobot_280_x3pi/hook/ament_prefix_path.ps1'
[4.516s] INFO:colcon.colcon_core.shell:Creating environment descriptor '/home/amin/cobot/cobot_ws/install/mycobot_280_x3pi/share/mycobot_280_x3pi/hook/ament_prefix_path.dsv'
[4.517s] INFO:colcon.colcon_core.shell:Creating environment hook '/home/amin/cobot/cobot_ws/install/mycobot_280_x3pi/share/mycobot_280_x3pi/hook/ament_prefix_path.sh'
[4.517s] INFO:colcon.colcon_core.shell:Skip shell extension 'powershell' for command environment: Not usable outside of PowerShell
[4.517s] DEBUG:colcon.colcon_core.shell:Skip shell extension 'dsv' for command environment
[4.837s] INFO:colcon.colcon_core.task.python.build:Building Python package in '/home/amin/cobot/cobot_ws/src/mycobot_ros2/mycobot_280/mycobot_280_x3pi'
[4.837s] INFO:colcon.colcon_core.shell:Skip shell extension 'powershell' for command environment: Not usable outside of PowerShell
[4.837s] DEBUG:colcon.colcon_core.shell:Skip shell extension 'dsv' for command environment
[4.842s] Level 1:colcon.colcon_core.environment:checking '/home/amin/cobot/cobot_ws/install/mycobot_280' for CMake module files
[4.843s] DEBUG:colcon.colcon_core.event_handler.log_command:Invoked command in '/home/amin/cobot/cobot_ws/src/mycobot_ros2/mycobot_280/mycobot_280' returned '0': AMENT_PREFIX_PATH=/home/amin/cobot/cobot_ws/install/mycobot_description:/home/amin/cobot/cobot_ws/install/ultraarm:/home/amin/cobot/cobot_ws/install/pro450_moveit2_control:/home/amin/cobot/cobot_ws/install/pro450_moveit2:/home/amin/cobot/cobot_ws/install/mypalletizer_communication:/home/amin/cobot/cobot_ws/install/mypalletizer_interfaces:/home/amin/cobot/cobot_ws/install/mypalletizer_260_pi:/home/amin/cobot/cobot_ws/install/mypalletizer_260:/home/amin/cobot/cobot_ws/install/mycobot_pro_450:/home/amin/cobot/cobot_ws/install/mycobot_pro450_interfaces:/home/amin/cobot/cobot_ws/install/myarm_m750:/home/amin/cobot/cobot_ws/install/myarm_c650:/home/amin/cobot/cobot_ws/install/mycobot_communication:/home/amin/cobot/cobot_ws/install/mecharm_communication:/home/amin/cobot/cobot_ws/install/mycobot_interfaces:/home/amin/cobot/cobot_ws/install/mycobot_630:/home/amin/cobot/cobot_ws/install/mycobot_600:/home/amin/cobot/cobot_ws/install/mycobot_320pi:/home/amin/cobot/cobot_ws/install/mycobot_320_riscv:/home/amin/cobot/cobot_ws/install/mycobot_320:/home/amin/cobot/cobot_ws/install/mycobot_280rdkx5_moveit2:/home/amin/cobot/cobot_ws/install/mycobot_280pi:/home/amin/cobot/cobot_ws/install/mycobot_280jn:/home/amin/cobot/cobot_ws/install/mycobot_280arduino_moveit2:/home/amin/cobot/cobot_ws/install/mycobot_280_x3pi:/home/amin/cobot/cobot_ws/install/mycobot_280_riscv:/home/amin/cobot/cobot_ws/install/mycobot_280_rdkx5:/home/amin/cobot/cobot_ws/install/mycobot_280_moveit2_control:/home/amin/cobot/cobot_ws/install/mycobot_280_moveit2:/home/amin/cobot/cobot_ws/install/mycobot_280_gazebo_jazzy:/home/amin/cobot/cobot_ws/install/mycobot_280_gazebo:/home/amin/cobot/cobot_ws/install/mycobot_280_arduino:/home/amin/cobot/cobot_ws/install/mycobot_280:/home/amin/cobot/cobot_ws/install/mybuddy:/home/amin/cobot/cobot_ws/install/myarm_300:/home/amin/cobot/cobot_ws/install/mecharm_pi:/home/amin/cobot/cobot_ws/install/mecharm:/home/amin/cobot/cobot_ws/install/mecharm_interfaces:/opt/ros/jazzy DEBUGINFOD_URLS=https://debuginfod.ubuntu.com PYTHONPATH=/home/amin/cobot/cobot_ws/build/mycobot_280/prefix_override:/usr/lib/python3/dist-packages/colcon_core/task/python/colcon_distutils_commands:/home/amin/cobot/cobot_ws/install/mycobot_280/lib/python3.12/site-packages:/home/amin/cobot/cobot_ws/install/mycobot_description/lib/python3.12/site-packages:/home/amin/cobot/cobot_ws/install/ultraarm/lib/python3.12/site-packages:/home/amin/cobot/cobot_ws/install/pro450_moveit2_control/lib/python3.12/site-packages:/home/amin/cobot/cobot_ws/install/mypalletizer_communication/lib/python3.12/site-packages:/home/amin/cobot/cobot_ws/install/mypalletizer_interfaces/lib/python3.12/site-packages:/home/amin/cobot/cobot_ws/install/mypalletizer_260_pi/lib/python3.12/site-packages:/home/amin/cobot/cobot_ws/install/mypalletizer_260/lib/python3.12/site-packages:/home/amin/cobot/cobot_ws/install/mycobot_pro_450/lib/python3.12/site-packages:/home/amin/cobot/cobot_ws/install/mycobot_pro450_interfaces/lib/python3.12/site-packages:/home/amin/cobot/cobot_ws/install/myarm_m750/lib/python3.12/site-packages:/home/amin/cobot/cobot_ws/install/myarm_c650/lib/python3.12/site-packages:/home/amin/cobot/cobot_ws/install/mycobot_communication/lib/python3.12/site-packages:/home/amin/cobot/cobot_ws/install/mecharm_communication/lib/python3.12/site-packages:/home/amin/cobot/cobot_ws/install/mycobot_interfaces/lib/python3.12/site-packages:/home/amin/cobot/cobot_ws/install/mycobot_630/lib/python3.12/site-packages:/home/amin/cobot/cobot_ws/install/mycobot_600/lib/python3.12/site-packages:/home/amin/cobot/cobot_ws/install/mycobot_320pi/lib/python3.12/site-packages:/home/amin/cobot/cobot_ws/install/mycobot_320_riscv/lib/python3.12/site-packages:/home/amin/cobot/cobot_ws/install/mycobot_320/lib/python3.12/site-packages:/home/amin/cobot/cobot_ws/install/mycobot_280pi/lib/python3.12/site-packages:/home/amin/cobot/cobot_ws/install/mycobot_280jn/lib/python3.12/site-packages:/home/amin/cobot/cobot_ws/install/mycobot_280_x3pi/lib/python3.12/site-packages:/home/amin/cobot/cobot_ws/install/mycobot_280_riscv/lib/python3.12/site-packages:/home/amin/cobot/cobot_ws/install/mycobot_280_rdkx5/lib/python3.12/site-packages:/home/amin/cobot/cobot_ws/install/mycobot_280_moveit2_control/lib/python3.12/site-packages:/home/amin/cobot/cobot_ws/install/mycobot_280_arduino/lib/python3.12/site-packages:/home/amin/cobot/cobot_ws/install/mycobot_280/lib/python3.12/site-packages:/home/amin/cobot/cobot_ws/install/mybuddy/lib/python3.12/site-packages:/home/amin/cobot/cobot_ws/install/myarm_300/lib/python3.12/site-packages:/home/amin/cobot/cobot_ws/install/mecharm_pi/lib/python3.12/site-packages:/home/amin/cobot/cobot_ws/install/mecharm/lib/python3.12/site-packages:/home/amin/cobot/cobot_ws/install/mecharm_interfaces/lib/python3.12/site-packages:/opt/ros/jazzy/lib/python3.12/site-packages /usr/bin/python3 -W ignore:setup.py install is deprecated -W ignore:easy_install command is deprecated setup.py egg_info --egg-base ../../../../build/mycobot_280 build --build-base /home/amin/cobot/cobot_ws/build/mycobot_280/build install --record /home/amin/cobot/cobot_ws/build/mycobot_280/install.log --single-version-externally-managed install_data
[4.843s] Level 1:colcon.colcon_core.environment:checking '/home/amin/cobot/cobot_ws/install/mycobot_280' for CMake config files
[4.844s] Level 1:colcon.colcon_core.environment:checking '/home/amin/cobot/cobot_ws/install/mycobot_280/lib'
[4.844s] Level 1:colcon.colcon_core.environment:checking '/home/amin/cobot/cobot_ws/install/mycobot_280/bin'
[4.844s] Level 1:colcon.colcon_core.environment:checking '/home/amin/cobot/cobot_ws/install/mycobot_280/lib/pkgconfig/mycobot_280.pc'
[4.844s] Level 1:colcon.colcon_core.environment:checking '/home/amin/cobot/cobot_ws/install/mycobot_280/lib/python3.12/site-packages'
[4.844s] Level 1:colcon.colcon_core.shell:create_environment_hook('mycobot_280', 'pythonpath')
[4.844s] INFO:colcon.colcon_core.shell:Creating environment hook '/home/amin/cobot/cobot_ws/install/mycobot_280/share/mycobot_280/hook/pythonpath.ps1'
[4.845s] INFO:colcon.colcon_core.shell:Creating environment descriptor '/home/amin/cobot/cobot_ws/install/mycobot_280/share/mycobot_280/hook/pythonpath.dsv'
[4.845s] INFO:colcon.colcon_core.shell:Creating environment hook '/home/amin/cobot/cobot_ws/install/mycobot_280/share/mycobot_280/hook/pythonpath.sh'
[4.845s] Level 1:colcon.colcon_core.environment:checking '/home/amin/cobot/cobot_ws/install/mycobot_280/bin'
[4.845s] Level 1:colcon.colcon_core.environment:create_environment_scripts_only(mycobot_280)
[4.846s] INFO:colcon.colcon_core.shell:Creating package script '/home/amin/cobot/cobot_ws/install/mycobot_280/share/mycobot_280/package.ps1'
[4.846s] INFO:colcon.colcon_core.shell:Creating package descriptor '/home/amin/cobot/cobot_ws/install/mycobot_280/share/mycobot_280/package.dsv'
[4.846s] INFO:colcon.colcon_core.shell:Creating package script '/home/amin/cobot/cobot_ws/install/mycobot_280/share/mycobot_280/package.sh'
[4.847s] INFO:colcon.colcon_core.shell:Creating package script '/home/amin/cobot/cobot_ws/install/mycobot_280/share/mycobot_280/package.bash'
[4.847s] INFO:colcon.colcon_core.shell:Creating package script '/home/amin/cobot/cobot_ws/install/mycobot_280/share/mycobot_280/package.zsh'
[4.848s] Level 1:colcon.colcon_core.environment:create_file_with_runtime_dependencies(/home/amin/cobot/cobot_ws/install/mycobot_280/share/colcon-core/packages/mycobot_280)
[4.848s] INFO:colcon.colcon_ros.task.ament_cmake.build:Building ROS package in '/home/amin/cobot/cobot_ws/src/mycobot_ros2/mycobot_280/mycobot_280arduino_moveit2' with build type 'ament_cmake'
[4.848s] INFO:colcon.colcon_cmake.task.cmake.build:Building CMake package in '/home/amin/cobot/cobot_ws/src/mycobot_ros2/mycobot_280/mycobot_280arduino_moveit2'
[4.848s] INFO:colcon.colcon_core.shell:Skip shell extension 'powershell' for command environment: Not usable outside of PowerShell
[4.848s] DEBUG:colcon.colcon_core.shell:Skip shell extension 'dsv' for command environment
[4.879s] DEBUG:colcon.colcon_core.event_handler.log_command:Invoking command in '/home/amin/cobot/cobot_ws/build/mycobot_280arduino_moveit2': AMENT_PREFIX_PATH=/home/amin/cobot/cobot_ws/install/mycobot_description:/home/amin/cobot/cobot_ws/install/ultraarm:/home/amin/cobot/cobot_ws/install/pro450_moveit2_control:/home/amin/cobot/cobot_ws/install/pro450_moveit2:/home/amin/cobot/cobot_ws/install/mypalletizer_communication:/home/amin/cobot/cobot_ws/install/mypalletizer_interfaces:/home/amin/cobot/cobot_ws/install/mypalletizer_260_pi:/home/amin/cobot/cobot_ws/install/mypalletizer_260:/home/amin/cobot/cobot_ws/install/mycobot_pro_450:/home/amin/cobot/cobot_ws/install/mycobot_pro450_interfaces:/home/amin/cobot/cobot_ws/install/myarm_m750:/home/amin/cobot/cobot_ws/install/myarm_c650:/home/amin/cobot/cobot_ws/install/mycobot_communication:/home/amin/cobot/cobot_ws/install/mecharm_communication:/home/amin/cobot/cobot_ws/install/mycobot_interfaces:/home/amin/cobot/cobot_ws/install/mycobot_630:/home/amin/cobot/cobot_ws/install/mycobot_600:/home/amin/cobot/cobot_ws/install/mycobot_320pi:/home/amin/cobot/cobot_ws/install/mycobot_320_riscv:/home/amin/cobot/cobot_ws/install/mycobot_320:/home/amin/cobot/cobot_ws/install/mycobot_280rdkx5_moveit2:/home/amin/cobot/cobot_ws/install/mycobot_280pi:/home/amin/cobot/cobot_ws/install/mycobot_280jn:/home/amin/cobot/cobot_ws/install/mycobot_280arduino_moveit2:/home/amin/cobot/cobot_ws/install/mycobot_280_x3pi:/home/amin/cobot/cobot_ws/install/mycobot_280_riscv:/home/amin/cobot/cobot_ws/install/mycobot_280_rdkx5:/home/amin/cobot/cobot_ws/install/mycobot_280_moveit2_control:/home/amin/cobot/cobot_ws/install/mycobot_280_moveit2:/home/amin/cobot/cobot_ws/install/mycobot_280_gazebo_jazzy:/home/amin/cobot/cobot_ws/install/mycobot_280_gazebo:/home/amin/cobot/cobot_ws/install/mycobot_280_arduino:/home/amin/cobot/cobot_ws/install/mycobot_280:/home/amin/cobot/cobot_ws/install/mybuddy:/home/amin/cobot/cobot_ws/install/myarm_300:/home/amin/cobot/cobot_ws/install/mecharm_pi:/home/amin/cobot/cobot_ws/install/mecharm:/home/amin/cobot/cobot_ws/install/mecharm_interfaces:/opt/ros/jazzy CMAKE_PREFIX_PATH=${CMAKE_PREFIX_PATH}:/home/amin/cobot/cobot_ws/install/ultraarm:/home/amin/cobot/cobot_ws/install/pro450_moveit2_control:/home/amin/cobot/cobot_ws/install/mypalletizer_communication:/home/amin/cobot/cobot_ws/install/mypalletizer_260_pi:/home/amin/cobot/cobot_ws/install/mypalletizer_260:/home/amin/cobot/cobot_ws/install/mycobot_pro_450:/home/amin/cobot/cobot_ws/install/myarm_m750:/home/amin/cobot/cobot_ws/install/myarm_c650:/home/amin/cobot/cobot_ws/install/mycobot_communication:/home/amin/cobot/cobot_ws/install/mecharm_communication:/home/amin/cobot/cobot_ws/install/mycobot_630:/home/amin/cobot/cobot_ws/install/mycobot_600:/home/amin/cobot/cobot_ws/install/mycobot_320pi:/home/amin/cobot/cobot_ws/install/mycobot_320_riscv:/home/amin/cobot/cobot_ws/install/mycobot_320:/home/amin/cobot/cobot_ws/install/mycobot_280pi:/home/amin/cobot/cobot_ws/install/mycobot_280jn:/home/amin/cobot/cobot_ws/install/mycobot_280_x3pi:/home/amin/cobot/cobot_ws/install/mycobot_280_riscv:/home/amin/cobot/cobot_ws/install/mycobot_280_rdkx5:/home/amin/cobot/cobot_ws/install/mycobot_280_moveit2_control:/home/amin/cobot/cobot_ws/install/mycobot_280_arduino:/home/amin/cobot/cobot_ws/install/mycobot_280:/home/amin/cobot/cobot_ws/install/mybuddy:/home/amin/cobot/cobot_ws/install/myarm_300:/home/amin/cobot/cobot_ws/install/mecharm_pi:/home/amin/cobot/cobot_ws/install/mecharm:/home/amin/cobot/cobot_ws/install/mycobot_description:/opt/ros/jazzy DEBUGINFOD_URLS=https://debuginfod.ubuntu.com PYTHONPATH=/home/amin/cobot/cobot_ws/install/mycobot_description/lib/python3.12/site-packages:/home/amin/cobot/cobot_ws/install/ultraarm/lib/python3.12/site-packages:/home/amin/cobot/cobot_ws/install/pro450_moveit2_control/lib/python3.12/site-packages:/home/amin/cobot/cobot_ws/install/mypalletizer_communication/lib/python3.12/site-packages:/home/amin/cobot/cobot_ws/install/mypalletizer_interfaces/lib/python3.12/site-packages:/home/amin/cobot/cobot_ws/install/mypalletizer_260_pi/lib/python3.12/site-packages:/home/amin/cobot/cobot_ws/install/mypalletizer_260/lib/python3.12/site-packages:/home/amin/cobot/cobot_ws/install/mycobot_pro_450/lib/python3.12/site-packages:/home/amin/cobot/cobot_ws/install/mycobot_pro450_interfaces/lib/python3.12/site-packages:/home/amin/cobot/cobot_ws/install/myarm_m750/lib/python3.12/site-packages:/home/amin/cobot/cobot_ws/install/myarm_c650/lib/python3.12/site-packages:/home/amin/cobot/cobot_ws/install/mycobot_communication/lib/python3.12/site-packages:/home/amin/cobot/cobot_ws/install/mecharm_communication/lib/python3.12/site-packages:/home/amin/cobot/cobot_ws/install/mycobot_interfaces/lib/python3.12/site-packages:/home/amin/cobot/cobot_ws/install/mycobot_630/lib/python3.12/site-packages:/home/amin/cobot/cobot_ws/install/mycobot_600/lib/python3.12/site-packages:/home/amin/cobot/cobot_ws/install/mycobot_320pi/lib/python3.12/site-packages:/home/amin/cobot/cobot_ws/install/mycobot_320_riscv/lib/python3.12/site-packages:/home/amin/cobot/cobot_ws/install/mycobot_320/lib/python3.12/site-packages:/home/amin/cobot/cobot_ws/install/mycobot_280pi/lib/python3.12/site-packages:/home/amin/cobot/cobot_ws/install/mycobot_280jn/lib/python3.12/site-packages:/home/amin/cobot/cobot_ws/install/mycobot_280_x3pi/lib/python3.12/site-packages:/home/amin/cobot/cobot_ws/install/mycobot_280_riscv/lib/python3.12/site-packages:/home/amin/cobot/cobot_ws/install/mycobot_280_rdkx5/lib/python3.12/site-packages:/home/amin/cobot/cobot_ws/install/mycobot_280_moveit2_control/lib/python3.12/site-packages:/home/amin/cobot/cobot_ws/install/mycobot_280_arduino/lib/python3.12/site-packages:/home/amin/cobot/cobot_ws/install/mycobot_280/lib/python3.12/site-packages:/home/amin/cobot/cobot_ws/install/mybuddy/lib/python3.12/site-packages:/home/amin/cobot/cobot_ws/install/myarm_300/lib/python3.12/site-packages:/home/amin/cobot/cobot_ws/install/mecharm_pi/lib/python3.12/site-packages:/home/amin/cobot/cobot_ws/install/mecharm/lib/python3.12/site-packages:/home/amin/cobot/cobot_ws/install/mecharm_interfaces/lib/python3.12/site-packages:/opt/ros/jazzy/lib/python3.12/site-packages /usr/bin/cmake --build /home/amin/cobot/cobot_ws/build/mycobot_280arduino_moveit2 -- -j8 -l8
[4.920s] Level 1:colcon.colcon_core.environment:checking '/home/amin/cobot/cobot_ws/install/mybuddy' for CMake module files
[4.921s] DEBUG:colcon.colcon_core.event_handler.log_command:Invoked command in '/home/amin/cobot/cobot_ws/src/mycobot_ros2/Mybuddy/mybuddy' returned '0': AMENT_PREFIX_PATH=/home/amin/cobot/cobot_ws/install/mycobot_description:/home/amin/cobot/cobot_ws/install/ultraarm:/home/amin/cobot/cobot_ws/install/pro450_moveit2_control:/home/amin/cobot/cobot_ws/install/pro450_moveit2:/home/amin/cobot/cobot_ws/install/mypalletizer_communication:/home/amin/cobot/cobot_ws/install/mypalletizer_interfaces:/home/amin/cobot/cobot_ws/install/mypalletizer_260_pi:/home/amin/cobot/cobot_ws/install/mypalletizer_260:/home/amin/cobot/cobot_ws/install/mycobot_pro_450:/home/amin/cobot/cobot_ws/install/mycobot_pro450_interfaces:/home/amin/cobot/cobot_ws/install/myarm_m750:/home/amin/cobot/cobot_ws/install/myarm_c650:/home/amin/cobot/cobot_ws/install/mycobot_communication:/home/amin/cobot/cobot_ws/install/mecharm_communication:/home/amin/cobot/cobot_ws/install/mycobot_interfaces:/home/amin/cobot/cobot_ws/install/mycobot_630:/home/amin/cobot/cobot_ws/install/mycobot_600:/home/amin/cobot/cobot_ws/install/mycobot_320pi:/home/amin/cobot/cobot_ws/install/mycobot_320_riscv:/home/amin/cobot/cobot_ws/install/mycobot_320:/home/amin/cobot/cobot_ws/install/mycobot_280rdkx5_moveit2:/home/amin/cobot/cobot_ws/install/mycobot_280pi:/home/amin/cobot/cobot_ws/install/mycobot_280jn:/home/amin/cobot/cobot_ws/install/mycobot_280arduino_moveit2:/home/amin/cobot/cobot_ws/install/mycobot_280_x3pi:/home/amin/cobot/cobot_ws/install/mycobot_280_riscv:/home/amin/cobot/cobot_ws/install/mycobot_280_rdkx5:/home/amin/cobot/cobot_ws/install/mycobot_280_moveit2_control:/home/amin/cobot/cobot_ws/install/mycobot_280_moveit2:/home/amin/cobot/cobot_ws/install/mycobot_280_gazebo_jazzy:/home/amin/cobot/cobot_ws/install/mycobot_280_gazebo:/home/amin/cobot/cobot_ws/install/mycobot_280_arduino:/home/amin/cobot/cobot_ws/install/mycobot_280:/home/amin/cobot/cobot_ws/install/mybuddy:/home/amin/cobot/cobot_ws/install/myarm_300:/home/amin/cobot/cobot_ws/install/mecharm_pi:/home/amin/cobot/cobot_ws/install/mecharm:/home/amin/cobot/cobot_ws/install/mecharm_interfaces:/opt/ros/jazzy DEBUGINFOD_URLS=https://debuginfod.ubuntu.com PYTHONPATH=/home/amin/cobot/cobot_ws/build/mybuddy/prefix_override:/usr/lib/python3/dist-packages/colcon_core/task/python/colcon_distutils_commands:/home/amin/cobot/cobot_ws/install/mybuddy/lib/python3.12/site-packages:/home/amin/cobot/cobot_ws/install/mycobot_description/lib/python3.12/site-packages:/home/amin/cobot/cobot_ws/install/ultraarm/lib/python3.12/site-packages:/home/amin/cobot/cobot_ws/install/pro450_moveit2_control/lib/python3.12/site-packages:/home/amin/cobot/cobot_ws/install/mypalletizer_communication/lib/python3.12/site-packages:/home/amin/cobot/cobot_ws/install/mypalletizer_interfaces/lib/python3.12/site-packages:/home/amin/cobot/cobot_ws/install/mypalletizer_260_pi/lib/python3.12/site-packages:/home/amin/cobot/cobot_ws/install/mypalletizer_260/lib/python3.12/site-packages:/home/amin/cobot/cobot_ws/install/mycobot_pro_450/lib/python3.12/site-packages:/home/amin/cobot/cobot_ws/install/mycobot_pro450_interfaces/lib/python3.12/site-packages:/home/amin/cobot/cobot_ws/install/myarm_m750/lib/python3.12/site-packages:/home/amin/cobot/cobot_ws/install/myarm_c650/lib/python3.12/site-packages:/home/amin/cobot/cobot_ws/install/mycobot_communication/lib/python3.12/site-packages:/home/amin/cobot/cobot_ws/install/mecharm_communication/lib/python3.12/site-packages:/home/amin/cobot/cobot_ws/install/mycobot_interfaces/lib/python3.12/site-packages:/home/amin/cobot/cobot_ws/install/mycobot_630/lib/python3.12/site-packages:/home/amin/cobot/cobot_ws/install/mycobot_600/lib/python3.12/site-packages:/home/amin/cobot/cobot_ws/install/mycobot_320pi/lib/python3.12/site-packages:/home/amin/cobot/cobot_ws/install/mycobot_320_riscv/lib/python3.12/site-packages:/home/amin/cobot/cobot_ws/install/mycobot_320/lib/python3.12/site-packages:/home/amin/cobot/cobot_ws/install/mycobot_280pi/lib/python3.12/site-packages:/home/amin/cobot/cobot_ws/install/mycobot_280jn/lib/python3.12/site-packages:/home/amin/cobot/cobot_ws/install/mycobot_280_x3pi/lib/python3.12/site-packages:/home/amin/cobot/cobot_ws/install/mycobot_280_riscv/lib/python3.12/site-packages:/home/amin/cobot/cobot_ws/install/mycobot_280_rdkx5/lib/python3.12/site-packages:/home/amin/cobot/cobot_ws/install/mycobot_280_moveit2_control/lib/python3.12/site-packages:/home/amin/cobot/cobot_ws/install/mycobot_280_arduino/lib/python3.12/site-packages:/home/amin/cobot/cobot_ws/install/mycobot_280/lib/python3.12/site-packages:/home/amin/cobot/cobot_ws/install/mybuddy/lib/python3.12/site-packages:/home/amin/cobot/cobot_ws/install/myarm_300/lib/python3.12/site-packages:/home/amin/cobot/cobot_ws/install/mecharm_pi/lib/python3.12/site-packages:/home/amin/cobot/cobot_ws/install/mecharm/lib/python3.12/site-packages:/home/amin/cobot/cobot_ws/install/mecharm_interfaces/lib/python3.12/site-packages:/opt/ros/jazzy/lib/python3.12/site-packages /usr/bin/python3 -W ignore:setup.py install is deprecated -W ignore:easy_install command is deprecated setup.py egg_info --egg-base ../../../../build/mybuddy build --build-base /home/amin/cobot/cobot_ws/build/mybuddy/build install --record /home/amin/cobot/cobot_ws/build/mybuddy/install.log --single-version-externally-managed install_data
[4.921s] Level 1:colcon.colcon_core.environment:checking '/home/amin/cobot/cobot_ws/install/mybuddy' for CMake config files
[4.922s] Level 1:colcon.colcon_core.environment:checking '/home/amin/cobot/cobot_ws/install/mybuddy/lib'
[4.922s] Level 1:colcon.colcon_core.environment:checking '/home/amin/cobot/cobot_ws/install/mybuddy/bin'
[4.923s] Level 1:colcon.colcon_core.environment:checking '/home/amin/cobot/cobot_ws/install/mybuddy/lib/pkgconfig/mybuddy.pc'
[4.923s] Level 1:colcon.colcon_core.environment:checking '/home/amin/cobot/cobot_ws/install/mybuddy/lib/python3.12/site-packages'
[4.923s] Level 1:colcon.colcon_core.shell:create_environment_hook('mybuddy', 'pythonpath')
[4.923s] INFO:colcon.colcon_core.shell:Creating environment hook '/home/amin/cobot/cobot_ws/install/mybuddy/share/mybuddy/hook/pythonpath.ps1'
[4.924s] INFO:colcon.colcon_core.shell:Creating environment descriptor '/home/amin/cobot/cobot_ws/install/mybuddy/share/mybuddy/hook/pythonpath.dsv'
[4.924s] INFO:colcon.colcon_core.shell:Creating environment hook '/home/amin/cobot/cobot_ws/install/mybuddy/share/mybuddy/hook/pythonpath.sh'
[4.926s] Level 1:colcon.colcon_core.environment:checking '/home/amin/cobot/cobot_ws/install/mybuddy/bin'
[4.926s] Level 1:colcon.colcon_core.environment:create_environment_scripts_only(mybuddy)
[4.926s] INFO:colcon.colcon_core.shell:Creating package script '/home/amin/cobot/cobot_ws/install/mybuddy/share/mybuddy/package.ps1'
[4.927s] INFO:colcon.colcon_core.shell:Creating package descriptor '/home/amin/cobot/cobot_ws/install/mybuddy/share/mybuddy/package.dsv'
[4.927s] INFO:colcon.colcon_core.shell:Creating package script '/home/amin/cobot/cobot_ws/install/mybuddy/share/mybuddy/package.sh'
[4.928s] INFO:colcon.colcon_core.shell:Creating package script '/home/amin/cobot/cobot_ws/install/mybuddy/share/mybuddy/package.bash'
[4.928s] INFO:colcon.colcon_core.shell:Creating package script '/home/amin/cobot/cobot_ws/install/mybuddy/share/mybuddy/package.zsh'
[4.929s] Level 1:colcon.colcon_core.environment:create_file_with_runtime_dependencies(/home/amin/cobot/cobot_ws/install/mybuddy/share/colcon-core/packages/mybuddy)
[4.931s] INFO:colcon.colcon_ros.task.ament_python.build:Building ROS package in '/home/amin/cobot/cobot_ws/src/mycobot_ros2/mycobot_280/mycobot_280jn' with build type 'ament_python'
[4.931s] Level 1:colcon.colcon_core.shell:create_environment_hook('mycobot_280jn', 'ament_prefix_path')
[4.931s] INFO:colcon.colcon_core.shell:Creating environment hook '/home/amin/cobot/cobot_ws/install/mycobot_280jn/share/mycobot_280jn/hook/ament_prefix_path.ps1'
[4.932s] INFO:colcon.colcon_core.shell:Creating environment descriptor '/home/amin/cobot/cobot_ws/install/mycobot_280jn/share/mycobot_280jn/hook/ament_prefix_path.dsv'
[4.932s] INFO:colcon.colcon_core.shell:Creating environment hook '/home/amin/cobot/cobot_ws/install/mycobot_280jn/share/mycobot_280jn/hook/ament_prefix_path.sh'
[4.933s] INFO:colcon.colcon_core.shell:Skip shell extension 'powershell' for command environment: Not usable outside of PowerShell
[4.933s] DEBUG:colcon.colcon_core.shell:Skip shell extension 'dsv' for command environment
[4.943s] Level 1:colcon.colcon_core.environment:checking '/home/amin/cobot/cobot_ws/install/mecharm_pi' for CMake module files
[4.944s] Level 1:colcon.colcon_core.environment:checking '/home/amin/cobot/cobot_ws/install/mecharm_pi' for CMake config files
[4.945s] Level 1:colcon.colcon_core.environment:checking '/home/amin/cobot/cobot_ws/install/mecharm_pi/lib'
[4.945s] Level 1:colcon.colcon_core.environment:checking '/home/amin/cobot/cobot_ws/install/mecharm_pi/bin'
[4.945s] Level 1:colcon.colcon_core.environment:checking '/home/amin/cobot/cobot_ws/install/mecharm_pi/lib/pkgconfig/mecharm_pi.pc'
[4.946s] Level 1:colcon.colcon_core.environment:checking '/home/amin/cobot/cobot_ws/install/mecharm_pi/lib/python3.12/site-packages'
[4.946s] Level 1:colcon.colcon_core.shell:create_environment_hook('mecharm_pi', 'pythonpath')
[4.946s] INFO:colcon.colcon_core.shell:Creating environment hook '/home/amin/cobot/cobot_ws/install/mecharm_pi/share/mecharm_pi/hook/pythonpath.ps1'
[4.947s] DEBUG:colcon.colcon_core.event_handler.log_command:Invoked command in '/home/amin/cobot/cobot_ws/src/mycobot_ros2/mecharm/mecharm_pi' returned '0': AMENT_PREFIX_PATH=/home/amin/cobot/cobot_ws/install/mycobot_description:/home/amin/cobot/cobot_ws/install/ultraarm:/home/amin/cobot/cobot_ws/install/pro450_moveit2_control:/home/amin/cobot/cobot_ws/install/pro450_moveit2:/home/amin/cobot/cobot_ws/install/mypalletizer_communication:/home/amin/cobot/cobot_ws/install/mypalletizer_interfaces:/home/amin/cobot/cobot_ws/install/mypalletizer_260_pi:/home/amin/cobot/cobot_ws/install/mypalletizer_260:/home/amin/cobot/cobot_ws/install/mycobot_pro_450:/home/amin/cobot/cobot_ws/install/mycobot_pro450_interfaces:/home/amin/cobot/cobot_ws/install/myarm_m750:/home/amin/cobot/cobot_ws/install/myarm_c650:/home/amin/cobot/cobot_ws/install/mycobot_communication:/home/amin/cobot/cobot_ws/install/mecharm_communication:/home/amin/cobot/cobot_ws/install/mycobot_interfaces:/home/amin/cobot/cobot_ws/install/mycobot_630:/home/amin/cobot/cobot_ws/install/mycobot_600:/home/amin/cobot/cobot_ws/install/mycobot_320pi:/home/amin/cobot/cobot_ws/install/mycobot_320_riscv:/home/amin/cobot/cobot_ws/install/mycobot_320:/home/amin/cobot/cobot_ws/install/mycobot_280rdkx5_moveit2:/home/amin/cobot/cobot_ws/install/mycobot_280pi:/home/amin/cobot/cobot_ws/install/mycobot_280jn:/home/amin/cobot/cobot_ws/install/mycobot_280arduino_moveit2:/home/amin/cobot/cobot_ws/install/mycobot_280_x3pi:/home/amin/cobot/cobot_ws/install/mycobot_280_riscv:/home/amin/cobot/cobot_ws/install/mycobot_280_rdkx5:/home/amin/cobot/cobot_ws/install/mycobot_280_moveit2_control:/home/amin/cobot/cobot_ws/install/mycobot_280_moveit2:/home/amin/cobot/cobot_ws/install/mycobot_280_gazebo_jazzy:/home/amin/cobot/cobot_ws/install/mycobot_280_gazebo:/home/amin/cobot/cobot_ws/install/mycobot_280_arduino:/home/amin/cobot/cobot_ws/install/mycobot_280:/home/amin/cobot/cobot_ws/install/mybuddy:/home/amin/cobot/cobot_ws/install/myarm_300:/home/amin/cobot/cobot_ws/install/mecharm_pi:/home/amin/cobot/cobot_ws/install/mecharm:/home/amin/cobot/cobot_ws/install/mecharm_interfaces:/opt/ros/jazzy DEBUGINFOD_URLS=https://debuginfod.ubuntu.com PYTHONPATH=/home/amin/cobot/cobot_ws/build/mecharm_pi/prefix_override:/usr/lib/python3/dist-packages/colcon_core/task/python/colcon_distutils_commands:/home/amin/cobot/cobot_ws/install/mecharm_pi/lib/python3.12/site-packages:/home/amin/cobot/cobot_ws/install/mycobot_description/lib/python3.12/site-packages:/home/amin/cobot/cobot_ws/install/ultraarm/lib/python3.12/site-packages:/home/amin/cobot/cobot_ws/install/pro450_moveit2_control/lib/python3.12/site-packages:/home/amin/cobot/cobot_ws/install/mypalletizer_communication/lib/python3.12/site-packages:/home/amin/cobot/cobot_ws/install/mypalletizer_interfaces/lib/python3.12/site-packages:/home/amin/cobot/cobot_ws/install/mypalletizer_260_pi/lib/python3.12/site-packages:/home/amin/cobot/cobot_ws/install/mypalletizer_260/lib/python3.12/site-packages:/home/amin/cobot/cobot_ws/install/mycobot_pro_450/lib/python3.12/site-packages:/home/amin/cobot/cobot_ws/install/mycobot_pro450_interfaces/lib/python3.12/site-packages:/home/amin/cobot/cobot_ws/install/myarm_m750/lib/python3.12/site-packages:/home/amin/cobot/cobot_ws/install/myarm_c650/lib/python3.12/site-packages:/home/amin/cobot/cobot_ws/install/mycobot_communication/lib/python3.12/site-packages:/home/amin/cobot/cobot_ws/install/mecharm_communication/lib/python3.12/site-packages:/home/amin/cobot/cobot_ws/install/mycobot_interfaces/lib/python3.12/site-packages:/home/amin/cobot/cobot_ws/install/mycobot_630/lib/python3.12/site-packages:/home/amin/cobot/cobot_ws/install/mycobot_600/lib/python3.12/site-packages:/home/amin/cobot/cobot_ws/install/mycobot_320pi/lib/python3.12/site-packages:/home/amin/cobot/cobot_ws/install/mycobot_320_riscv/lib/python3.12/site-packages:/home/amin/cobot/cobot_ws/install/mycobot_320/lib/python3.12/site-packages:/home/amin/cobot/cobot_ws/install/mycobot_280pi/lib/python3.12/site-packages:/home/amin/cobot/cobot_ws/install/mycobot_280jn/lib/python3.12/site-packages:/home/amin/cobot/cobot_ws/install/mycobot_280_x3pi/lib/python3.12/site-packages:/home/amin/cobot/cobot_ws/install/mycobot_280_riscv/lib/python3.12/site-packages:/home/amin/cobot/cobot_ws/install/mycobot_280_rdkx5/lib/python3.12/site-packages:/home/amin/cobot/cobot_ws/install/mycobot_280_moveit2_control/lib/python3.12/site-packages:/home/amin/cobot/cobot_ws/install/mycobot_280_arduino/lib/python3.12/site-packages:/home/amin/cobot/cobot_ws/install/mycobot_280/lib/python3.12/site-packages:/home/amin/cobot/cobot_ws/install/mybuddy/lib/python3.12/site-packages:/home/amin/cobot/cobot_ws/install/myarm_300/lib/python3.12/site-packages:/home/amin/cobot/cobot_ws/install/mecharm_pi/lib/python3.12/site-packages:/home/amin/cobot/cobot_ws/install/mecharm/lib/python3.12/site-packages:/home/amin/cobot/cobot_ws/install/mecharm_interfaces/lib/python3.12/site-packages:/opt/ros/jazzy/lib/python3.12/site-packages /usr/bin/python3 -W ignore:setup.py install is deprecated -W ignore:easy_install command is deprecated setup.py egg_info --egg-base ../../../../build/mecharm_pi build --build-base /home/amin/cobot/cobot_ws/build/mecharm_pi/build install --record /home/amin/cobot/cobot_ws/build/mecharm_pi/install.log --single-version-externally-managed install_data
[4.947s] INFO:colcon.colcon_core.shell:Creating environment descriptor '/home/amin/cobot/cobot_ws/install/mecharm_pi/share/mecharm_pi/hook/pythonpath.dsv'
[4.947s] INFO:colcon.colcon_core.shell:Creating environment hook '/home/amin/cobot/cobot_ws/install/mecharm_pi/share/mecharm_pi/hook/pythonpath.sh'
[4.948s] Level 1:colcon.colcon_core.environment:checking '/home/amin/cobot/cobot_ws/install/mecharm_pi/bin'
[4.948s] Level 1:colcon.colcon_core.environment:create_environment_scripts_only(mecharm_pi)
[4.949s] INFO:colcon.colcon_core.shell:Creating package script '/home/amin/cobot/cobot_ws/install/mecharm_pi/share/mecharm_pi/package.ps1'
[4.949s] INFO:colcon.colcon_core.shell:Creating package descriptor '/home/amin/cobot/cobot_ws/install/mecharm_pi/share/mecharm_pi/package.dsv'
[4.950s] INFO:colcon.colcon_core.shell:Creating package script '/home/amin/cobot/cobot_ws/install/mecharm_pi/share/mecharm_pi/package.sh'
[4.950s] INFO:colcon.colcon_core.shell:Creating package script '/home/amin/cobot/cobot_ws/install/mecharm_pi/share/mecharm_pi/package.bash'
[4.951s] INFO:colcon.colcon_core.shell:Creating package script '/home/amin/cobot/cobot_ws/install/mecharm_pi/share/mecharm_pi/package.zsh'
[4.951s] Level 1:colcon.colcon_core.environment:create_file_with_runtime_dependencies(/home/amin/cobot/cobot_ws/install/mecharm_pi/share/colcon-core/packages/mecharm_pi)
[4.952s] Level 1:colcon.colcon_core.environment:checking '/home/amin/cobot/cobot_ws/install/myarm_300' for CMake module files
[4.953s] Level 1:colcon.colcon_core.environment:checking '/home/amin/cobot/cobot_ws/install/myarm_300' for CMake config files
[4.955s] DEBUG:colcon.colcon_core.event_handler.log_command:Invoked command in '/home/amin/cobot/cobot_ws/src/mycobot_ros2/myArm/myarm_300' returned '0': AMENT_PREFIX_PATH=/home/amin/cobot/cobot_ws/install/mycobot_description:/home/amin/cobot/cobot_ws/install/ultraarm:/home/amin/cobot/cobot_ws/install/pro450_moveit2_control:/home/amin/cobot/cobot_ws/install/pro450_moveit2:/home/amin/cobot/cobot_ws/install/mypalletizer_communication:/home/amin/cobot/cobot_ws/install/mypalletizer_interfaces:/home/amin/cobot/cobot_ws/install/mypalletizer_260_pi:/home/amin/cobot/cobot_ws/install/mypalletizer_260:/home/amin/cobot/cobot_ws/install/mycobot_pro_450:/home/amin/cobot/cobot_ws/install/mycobot_pro450_interfaces:/home/amin/cobot/cobot_ws/install/myarm_m750:/home/amin/cobot/cobot_ws/install/myarm_c650:/home/amin/cobot/cobot_ws/install/mycobot_communication:/home/amin/cobot/cobot_ws/install/mecharm_communication:/home/amin/cobot/cobot_ws/install/mycobot_interfaces:/home/amin/cobot/cobot_ws/install/mycobot_630:/home/amin/cobot/cobot_ws/install/mycobot_600:/home/amin/cobot/cobot_ws/install/mycobot_320pi:/home/amin/cobot/cobot_ws/install/mycobot_320_riscv:/home/amin/cobot/cobot_ws/install/mycobot_320:/home/amin/cobot/cobot_ws/install/mycobot_280rdkx5_moveit2:/home/amin/cobot/cobot_ws/install/mycobot_280pi:/home/amin/cobot/cobot_ws/install/mycobot_280jn:/home/amin/cobot/cobot_ws/install/mycobot_280arduino_moveit2:/home/amin/cobot/cobot_ws/install/mycobot_280_x3pi:/home/amin/cobot/cobot_ws/install/mycobot_280_riscv:/home/amin/cobot/cobot_ws/install/mycobot_280_rdkx5:/home/amin/cobot/cobot_ws/install/mycobot_280_moveit2_control:/home/amin/cobot/cobot_ws/install/mycobot_280_moveit2:/home/amin/cobot/cobot_ws/install/mycobot_280_gazebo_jazzy:/home/amin/cobot/cobot_ws/install/mycobot_280_gazebo:/home/amin/cobot/cobot_ws/install/mycobot_280_arduino:/home/amin/cobot/cobot_ws/install/mycobot_280:/home/amin/cobot/cobot_ws/install/mybuddy:/home/amin/cobot/cobot_ws/install/myarm_300:/home/amin/cobot/cobot_ws/install/mecharm_pi:/home/amin/cobot/cobot_ws/install/mecharm:/home/amin/cobot/cobot_ws/install/mecharm_interfaces:/opt/ros/jazzy DEBUGINFOD_URLS=https://debuginfod.ubuntu.com PYTHONPATH=/home/amin/cobot/cobot_ws/build/myarm_300/prefix_override:/usr/lib/python3/dist-packages/colcon_core/task/python/colcon_distutils_commands:/home/amin/cobot/cobot_ws/install/myarm_300/lib/python3.12/site-packages:/home/amin/cobot/cobot_ws/install/mycobot_description/lib/python3.12/site-packages:/home/amin/cobot/cobot_ws/install/ultraarm/lib/python3.12/site-packages:/home/amin/cobot/cobot_ws/install/pro450_moveit2_control/lib/python3.12/site-packages:/home/amin/cobot/cobot_ws/install/mypalletizer_communication/lib/python3.12/site-packages:/home/amin/cobot/cobot_ws/install/mypalletizer_interfaces/lib/python3.12/site-packages:/home/amin/cobot/cobot_ws/install/mypalletizer_260_pi/lib/python3.12/site-packages:/home/amin/cobot/cobot_ws/install/mypalletizer_260/lib/python3.12/site-packages:/home/amin/cobot/cobot_ws/install/mycobot_pro_450/lib/python3.12/site-packages:/home/amin/cobot/cobot_ws/install/mycobot_pro450_interfaces/lib/python3.12/site-packages:/home/amin/cobot/cobot_ws/install/myarm_m750/lib/python3.12/site-packages:/home/amin/cobot/cobot_ws/install/myarm_c650/lib/python3.12/site-packages:/home/amin/cobot/cobot_ws/install/mycobot_communication/lib/python3.12/site-packages:/home/amin/cobot/cobot_ws/install/mecharm_communication/lib/python3.12/site-packages:/home/amin/cobot/cobot_ws/install/mycobot_interfaces/lib/python3.12/site-packages:/home/amin/cobot/cobot_ws/install/mycobot_630/lib/python3.12/site-packages:/home/amin/cobot/cobot_ws/install/mycobot_600/lib/python3.12/site-packages:/home/amin/cobot/cobot_ws/install/mycobot_320pi/lib/python3.12/site-packages:/home/amin/cobot/cobot_ws/install/mycobot_320_riscv/lib/python3.12/site-packages:/home/amin/cobot/cobot_ws/install/mycobot_320/lib/python3.12/site-packages:/home/amin/cobot/cobot_ws/install/mycobot_280pi/lib/python3.12/site-packages:/home/amin/cobot/cobot_ws/install/mycobot_280jn/lib/python3.12/site-packages:/home/amin/cobot/cobot_ws/install/mycobot_280_x3pi/lib/python3.12/site-packages:/home/amin/cobot/cobot_ws/install/mycobot_280_riscv/lib/python3.12/site-packages:/home/amin/cobot/cobot_ws/install/mycobot_280_rdkx5/lib/python3.12/site-packages:/home/amin/cobot/cobot_ws/install/mycobot_280_moveit2_control/lib/python3.12/site-packages:/home/amin/cobot/cobot_ws/install/mycobot_280_arduino/lib/python3.12/site-packages:/home/amin/cobot/cobot_ws/install/mycobot_280/lib/python3.12/site-packages:/home/amin/cobot/cobot_ws/install/mybuddy/lib/python3.12/site-packages:/home/amin/cobot/cobot_ws/install/myarm_300/lib/python3.12/site-packages:/home/amin/cobot/cobot_ws/install/mecharm_pi/lib/python3.12/site-packages:/home/amin/cobot/cobot_ws/install/mecharm/lib/python3.12/site-packages:/home/amin/cobot/cobot_ws/install/mecharm_interfaces/lib/python3.12/site-packages:/opt/ros/jazzy/lib/python3.12/site-packages /usr/bin/python3 -W ignore:setup.py install is deprecated -W ignore:easy_install command is deprecated setup.py egg_info --egg-base ../../../../build/myarm_300 build --build-base /home/amin/cobot/cobot_ws/build/myarm_300/build install --record /home/amin/cobot/cobot_ws/build/myarm_300/install.log --single-version-externally-managed install_data
[4.956s] Level 1:colcon.colcon_core.environment:checking '/home/amin/cobot/cobot_ws/install/myarm_300/lib'
[4.956s] Level 1:colcon.colcon_core.environment:checking '/home/amin/cobot/cobot_ws/install/myarm_300/bin'
[4.956s] Level 1:colcon.colcon_core.environment:checking '/home/amin/cobot/cobot_ws/install/myarm_300/lib/pkgconfig/myarm_300.pc'
[4.957s] Level 1:colcon.colcon_core.environment:checking '/home/amin/cobot/cobot_ws/install/myarm_300/lib/python3.12/site-packages'
[4.957s] Level 1:colcon.colcon_core.shell:create_environment_hook('myarm_300', 'pythonpath')
[4.957s] INFO:colcon.colcon_core.shell:Creating environment hook '/home/amin/cobot/cobot_ws/install/myarm_300/share/myarm_300/hook/pythonpath.ps1'
[4.958s] INFO:colcon.colcon_core.shell:Creating environment descriptor '/home/amin/cobot/cobot_ws/install/myarm_300/share/myarm_300/hook/pythonpath.dsv'
[4.958s] INFO:colcon.colcon_core.shell:Creating environment hook '/home/amin/cobot/cobot_ws/install/myarm_300/share/myarm_300/hook/pythonpath.sh'
[4.959s] Level 1:colcon.colcon_core.environment:checking '/home/amin/cobot/cobot_ws/install/myarm_300/bin'
[4.959s] Level 1:colcon.colcon_core.environment:create_environment_scripts_only(myarm_300)
[4.960s] INFO:colcon.colcon_core.shell:Creating package script '/home/amin/cobot/cobot_ws/install/myarm_300/share/myarm_300/package.ps1'
[4.960s] INFO:colcon.colcon_core.shell:Creating package descriptor '/home/amin/cobot/cobot_ws/install/myarm_300/share/myarm_300/package.dsv'
[4.962s] INFO:colcon.colcon_core.shell:Creating package script '/home/amin/cobot/cobot_ws/install/myarm_300/share/myarm_300/package.sh'
[4.963s] INFO:colcon.colcon_core.shell:Creating package script '/home/amin/cobot/cobot_ws/install/myarm_300/share/myarm_300/package.bash'
[4.963s] INFO:colcon.colcon_core.shell:Creating package script '/home/amin/cobot/cobot_ws/install/myarm_300/share/myarm_300/package.zsh'
[4.963s] Level 1:colcon.colcon_core.environment:create_file_with_runtime_dependencies(/home/amin/cobot/cobot_ws/install/myarm_300/share/colcon-core/packages/myarm_300)
[4.964s] INFO:colcon.colcon_ros.task.ament_python.build:Building ROS package in '/home/amin/cobot/cobot_ws/src/mycobot_ros2/mycobot_280/mycobot_280pi' with build type 'ament_python'
[4.964s] Level 1:colcon.colcon_core.shell:create_environment_hook('mycobot_280pi', 'ament_prefix_path')
[4.964s] INFO:colcon.colcon_core.shell:Creating environment hook '/home/amin/cobot/cobot_ws/install/mycobot_280pi/share/mycobot_280pi/hook/ament_prefix_path.ps1'
[4.965s] INFO:colcon.colcon_core.shell:Creating environment descriptor '/home/amin/cobot/cobot_ws/install/mycobot_280pi/share/mycobot_280pi/hook/ament_prefix_path.dsv'
[4.965s] INFO:colcon.colcon_core.shell:Creating environment hook '/home/amin/cobot/cobot_ws/install/mycobot_280pi/share/mycobot_280pi/hook/ament_prefix_path.sh'
[4.966s] INFO:colcon.colcon_core.shell:Skip shell extension 'powershell' for command environment: Not usable outside of PowerShell
[4.966s] DEBUG:colcon.colcon_core.shell:Skip shell extension 'dsv' for command environment
[4.976s] DEBUG:colcon.colcon_core.event_handler.log_command:Invoked command in '/home/amin/cobot/cobot_ws/build/mycobot_280arduino_moveit2' returned '0': AMENT_PREFIX_PATH=/home/amin/cobot/cobot_ws/install/mycobot_description:/home/amin/cobot/cobot_ws/install/ultraarm:/home/amin/cobot/cobot_ws/install/pro450_moveit2_control:/home/amin/cobot/cobot_ws/install/pro450_moveit2:/home/amin/cobot/cobot_ws/install/mypalletizer_communication:/home/amin/cobot/cobot_ws/install/mypalletizer_interfaces:/home/amin/cobot/cobot_ws/install/mypalletizer_260_pi:/home/amin/cobot/cobot_ws/install/mypalletizer_260:/home/amin/cobot/cobot_ws/install/mycobot_pro_450:/home/amin/cobot/cobot_ws/install/mycobot_pro450_interfaces:/home/amin/cobot/cobot_ws/install/myarm_m750:/home/amin/cobot/cobot_ws/install/myarm_c650:/home/amin/cobot/cobot_ws/install/mycobot_communication:/home/amin/cobot/cobot_ws/install/mecharm_communication:/home/amin/cobot/cobot_ws/install/mycobot_interfaces:/home/amin/cobot/cobot_ws/install/mycobot_630:/home/amin/cobot/cobot_ws/install/mycobot_600:/home/amin/cobot/cobot_ws/install/mycobot_320pi:/home/amin/cobot/cobot_ws/install/mycobot_320_riscv:/home/amin/cobot/cobot_ws/install/mycobot_320:/home/amin/cobot/cobot_ws/install/mycobot_280rdkx5_moveit2:/home/amin/cobot/cobot_ws/install/mycobot_280pi:/home/amin/cobot/cobot_ws/install/mycobot_280jn:/home/amin/cobot/cobot_ws/install/mycobot_280arduino_moveit2:/home/amin/cobot/cobot_ws/install/mycobot_280_x3pi:/home/amin/cobot/cobot_ws/install/mycobot_280_riscv:/home/amin/cobot/cobot_ws/install/mycobot_280_rdkx5:/home/amin/cobot/cobot_ws/install/mycobot_280_moveit2_control:/home/amin/cobot/cobot_ws/install/mycobot_280_moveit2:/home/amin/cobot/cobot_ws/install/mycobot_280_gazebo_jazzy:/home/amin/cobot/cobot_ws/install/mycobot_280_gazebo:/home/amin/cobot/cobot_ws/install/mycobot_280_arduino:/home/amin/cobot/cobot_ws/install/mycobot_280:/home/amin/cobot/cobot_ws/install/mybuddy:/home/amin/cobot/cobot_ws/install/myarm_300:/home/amin/cobot/cobot_ws/install/mecharm_pi:/home/amin/cobot/cobot_ws/install/mecharm:/home/amin/cobot/cobot_ws/install/mecharm_interfaces:/opt/ros/jazzy CMAKE_PREFIX_PATH=${CMAKE_PREFIX_PATH}:/home/amin/cobot/cobot_ws/install/ultraarm:/home/amin/cobot/cobot_ws/install/pro450_moveit2_control:/home/amin/cobot/cobot_ws/install/mypalletizer_communication:/home/amin/cobot/cobot_ws/install/mypalletizer_260_pi:/home/amin/cobot/cobot_ws/install/mypalletizer_260:/home/amin/cobot/cobot_ws/install/mycobot_pro_450:/home/amin/cobot/cobot_ws/install/myarm_m750:/home/amin/cobot/cobot_ws/install/myarm_c650:/home/amin/cobot/cobot_ws/install/mycobot_communication:/home/amin/cobot/cobot_ws/install/mecharm_communication:/home/amin/cobot/cobot_ws/install/mycobot_630:/home/amin/cobot/cobot_ws/install/mycobot_600:/home/amin/cobot/cobot_ws/install/mycobot_320pi:/home/amin/cobot/cobot_ws/install/mycobot_320_riscv:/home/amin/cobot/cobot_ws/install/mycobot_320:/home/amin/cobot/cobot_ws/install/mycobot_280pi:/home/amin/cobot/cobot_ws/install/mycobot_280jn:/home/amin/cobot/cobot_ws/install/mycobot_280_x3pi:/home/amin/cobot/cobot_ws/install/mycobot_280_riscv:/home/amin/cobot/cobot_ws/install/mycobot_280_rdkx5:/home/amin/cobot/cobot_ws/install/mycobot_280_moveit2_control:/home/amin/cobot/cobot_ws/install/mycobot_280_arduino:/home/amin/cobot/cobot_ws/install/mycobot_280:/home/amin/cobot/cobot_ws/install/mybuddy:/home/amin/cobot/cobot_ws/install/myarm_300:/home/amin/cobot/cobot_ws/install/mecharm_pi:/home/amin/cobot/cobot_ws/install/mecharm:/home/amin/cobot/cobot_ws/install/mycobot_description:/opt/ros/jazzy DEBUGINFOD_URLS=https://debuginfod.ubuntu.com PYTHONPATH=/home/amin/cobot/cobot_ws/install/mycobot_description/lib/python3.12/site-packages:/home/amin/cobot/cobot_ws/install/ultraarm/lib/python3.12/site-packages:/home/amin/cobot/cobot_ws/install/pro450_moveit2_control/lib/python3.12/site-packages:/home/amin/cobot/cobot_ws/install/mypalletizer_communication/lib/python3.12/site-packages:/home/amin/cobot/cobot_ws/install/mypalletizer_interfaces/lib/python3.12/site-packages:/home/amin/cobot/cobot_ws/install/mypalletizer_260_pi/lib/python3.12/site-packages:/home/amin/cobot/cobot_ws/install/mypalletizer_260/lib/python3.12/site-packages:/home/amin/cobot/cobot_ws/install/mycobot_pro_450/lib/python3.12/site-packages:/home/amin/cobot/cobot_ws/install/mycobot_pro450_interfaces/lib/python3.12/site-packages:/home/amin/cobot/cobot_ws/install/myarm_m750/lib/python3.12/site-packages:/home/amin/cobot/cobot_ws/install/myarm_c650/lib/python3.12/site-packages:/home/amin/cobot/cobot_ws/install/mycobot_communication/lib/python3.12/site-packages:/home/amin/cobot/cobot_ws/install/mecharm_communication/lib/python3.12/site-packages:/home/amin/cobot/cobot_ws/install/mycobot_interfaces/lib/python3.12/site-packages:/home/amin/cobot/cobot_ws/install/mycobot_630/lib/python3.12/site-packages:/home/amin/cobot/cobot_ws/install/mycobot_600/lib/python3.12/site-packages:/home/amin/cobot/cobot_ws/install/mycobot_320pi/lib/python3.12/site-packages:/home/amin/cobot/cobot_ws/install/mycobot_320_riscv/lib/python3.12/site-packages:/home/amin/cobot/cobot_ws/install/mycobot_320/lib/python3.12/site-packages:/home/amin/cobot/cobot_ws/install/mycobot_280pi/lib/python3.12/site-packages:/home/amin/cobot/cobot_ws/install/mycobot_280jn/lib/python3.12/site-packages:/home/amin/cobot/cobot_ws/install/mycobot_280_x3pi/lib/python3.12/site-packages:/home/amin/cobot/cobot_ws/install/mycobot_280_riscv/lib/python3.12/site-packages:/home/amin/cobot/cobot_ws/install/mycobot_280_rdkx5/lib/python3.12/site-packages:/home/amin/cobot/cobot_ws/install/mycobot_280_moveit2_control/lib/python3.12/site-packages:/home/amin/cobot/cobot_ws/install/mycobot_280_arduino/lib/python3.12/site-packages:/home/amin/cobot/cobot_ws/install/mycobot_280/lib/python3.12/site-packages:/home/amin/cobot/cobot_ws/install/mybuddy/lib/python3.12/site-packages:/home/amin/cobot/cobot_ws/install/myarm_300/lib/python3.12/site-packages:/home/amin/cobot/cobot_ws/install/mecharm_pi/lib/python3.12/site-packages:/home/amin/cobot/cobot_ws/install/mecharm/lib/python3.12/site-packages:/home/amin/cobot/cobot_ws/install/mecharm_interfaces/lib/python3.12/site-packages:/opt/ros/jazzy/lib/python3.12/site-packages /usr/bin/cmake --build /home/amin/cobot/cobot_ws/build/mycobot_280arduino_moveit2 -- -j8 -l8
[4.977s] DEBUG:colcon.colcon_core.event_handler.log_command:Invoking command in '/home/amin/cobot/cobot_ws/build/mycobot_280arduino_moveit2': AMENT_PREFIX_PATH=/home/amin/cobot/cobot_ws/install/mycobot_description:/home/amin/cobot/cobot_ws/install/ultraarm:/home/amin/cobot/cobot_ws/install/pro450_moveit2_control:/home/amin/cobot/cobot_ws/install/pro450_moveit2:/home/amin/cobot/cobot_ws/install/mypalletizer_communication:/home/amin/cobot/cobot_ws/install/mypalletizer_interfaces:/home/amin/cobot/cobot_ws/install/mypalletizer_260_pi:/home/amin/cobot/cobot_ws/install/mypalletizer_260:/home/amin/cobot/cobot_ws/install/mycobot_pro_450:/home/amin/cobot/cobot_ws/install/mycobot_pro450_interfaces:/home/amin/cobot/cobot_ws/install/myarm_m750:/home/amin/cobot/cobot_ws/install/myarm_c650:/home/amin/cobot/cobot_ws/install/mycobot_communication:/home/amin/cobot/cobot_ws/install/mecharm_communication:/home/amin/cobot/cobot_ws/install/mycobot_interfaces:/home/amin/cobot/cobot_ws/install/mycobot_630:/home/amin/cobot/cobot_ws/install/mycobot_600:/home/amin/cobot/cobot_ws/install/mycobot_320pi:/home/amin/cobot/cobot_ws/install/mycobot_320_riscv:/home/amin/cobot/cobot_ws/install/mycobot_320:/home/amin/cobot/cobot_ws/install/mycobot_280rdkx5_moveit2:/home/amin/cobot/cobot_ws/install/mycobot_280pi:/home/amin/cobot/cobot_ws/install/mycobot_280jn:/home/amin/cobot/cobot_ws/install/mycobot_280arduino_moveit2:/home/amin/cobot/cobot_ws/install/mycobot_280_x3pi:/home/amin/cobot/cobot_ws/install/mycobot_280_riscv:/home/amin/cobot/cobot_ws/install/mycobot_280_rdkx5:/home/amin/cobot/cobot_ws/install/mycobot_280_moveit2_control:/home/amin/cobot/cobot_ws/install/mycobot_280_moveit2:/home/amin/cobot/cobot_ws/install/mycobot_280_gazebo_jazzy:/home/amin/cobot/cobot_ws/install/mycobot_280_gazebo:/home/amin/cobot/cobot_ws/install/mycobot_280_arduino:/home/amin/cobot/cobot_ws/install/mycobot_280:/home/amin/cobot/cobot_ws/install/mybuddy:/home/amin/cobot/cobot_ws/install/myarm_300:/home/amin/cobot/cobot_ws/install/mecharm_pi:/home/amin/cobot/cobot_ws/install/mecharm:/home/amin/cobot/cobot_ws/install/mecharm_interfaces:/opt/ros/jazzy CMAKE_PREFIX_PATH=${CMAKE_PREFIX_PATH}:/home/amin/cobot/cobot_ws/install/ultraarm:/home/amin/cobot/cobot_ws/install/pro450_moveit2_control:/home/amin/cobot/cobot_ws/install/mypalletizer_communication:/home/amin/cobot/cobot_ws/install/mypalletizer_260_pi:/home/amin/cobot/cobot_ws/install/mypalletizer_260:/home/amin/cobot/cobot_ws/install/mycobot_pro_450:/home/amin/cobot/cobot_ws/install/myarm_m750:/home/amin/cobot/cobot_ws/install/myarm_c650:/home/amin/cobot/cobot_ws/install/mycobot_communication:/home/amin/cobot/cobot_ws/install/mecharm_communication:/home/amin/cobot/cobot_ws/install/mycobot_630:/home/amin/cobot/cobot_ws/install/mycobot_600:/home/amin/cobot/cobot_ws/install/mycobot_320pi:/home/amin/cobot/cobot_ws/install/mycobot_320_riscv:/home/amin/cobot/cobot_ws/install/mycobot_320:/home/amin/cobot/cobot_ws/install/mycobot_280pi:/home/amin/cobot/cobot_ws/install/mycobot_280jn:/home/amin/cobot/cobot_ws/install/mycobot_280_x3pi:/home/amin/cobot/cobot_ws/install/mycobot_280_riscv:/home/amin/cobot/cobot_ws/install/mycobot_280_rdkx5:/home/amin/cobot/cobot_ws/install/mycobot_280_moveit2_control:/home/amin/cobot/cobot_ws/install/mycobot_280_arduino:/home/amin/cobot/cobot_ws/install/mycobot_280:/home/amin/cobot/cobot_ws/install/mybuddy:/home/amin/cobot/cobot_ws/install/myarm_300:/home/amin/cobot/cobot_ws/install/mecharm_pi:/home/amin/cobot/cobot_ws/install/mecharm:/home/amin/cobot/cobot_ws/install/mycobot_description:/opt/ros/jazzy DEBUGINFOD_URLS=https://debuginfod.ubuntu.com PYTHONPATH=/home/amin/cobot/cobot_ws/install/mycobot_description/lib/python3.12/site-packages:/home/amin/cobot/cobot_ws/install/ultraarm/lib/python3.12/site-packages:/home/amin/cobot/cobot_ws/install/pro450_moveit2_control/lib/python3.12/site-packages:/home/amin/cobot/cobot_ws/install/mypalletizer_communication/lib/python3.12/site-packages:/home/amin/cobot/cobot_ws/install/mypalletizer_interfaces/lib/python3.12/site-packages:/home/amin/cobot/cobot_ws/install/mypalletizer_260_pi/lib/python3.12/site-packages:/home/amin/cobot/cobot_ws/install/mypalletizer_260/lib/python3.12/site-packages:/home/amin/cobot/cobot_ws/install/mycobot_pro_450/lib/python3.12/site-packages:/home/amin/cobot/cobot_ws/install/mycobot_pro450_interfaces/lib/python3.12/site-packages:/home/amin/cobot/cobot_ws/install/myarm_m750/lib/python3.12/site-packages:/home/amin/cobot/cobot_ws/install/myarm_c650/lib/python3.12/site-packages:/home/amin/cobot/cobot_ws/install/mycobot_communication/lib/python3.12/site-packages:/home/amin/cobot/cobot_ws/install/mecharm_communication/lib/python3.12/site-packages:/home/amin/cobot/cobot_ws/install/mycobot_interfaces/lib/python3.12/site-packages:/home/amin/cobot/cobot_ws/install/mycobot_630/lib/python3.12/site-packages:/home/amin/cobot/cobot_ws/install/mycobot_600/lib/python3.12/site-packages:/home/amin/cobot/cobot_ws/install/mycobot_320pi/lib/python3.12/site-packages:/home/amin/cobot/cobot_ws/install/mycobot_320_riscv/lib/python3.12/site-packages:/home/amin/cobot/cobot_ws/install/mycobot_320/lib/python3.12/site-packages:/home/amin/cobot/cobot_ws/install/mycobot_280pi/lib/python3.12/site-packages:/home/amin/cobot/cobot_ws/install/mycobot_280jn/lib/python3.12/site-packages:/home/amin/cobot/cobot_ws/install/mycobot_280_x3pi/lib/python3.12/site-packages:/home/amin/cobot/cobot_ws/install/mycobot_280_riscv/lib/python3.12/site-packages:/home/amin/cobot/cobot_ws/install/mycobot_280_rdkx5/lib/python3.12/site-packages:/home/amin/cobot/cobot_ws/install/mycobot_280_moveit2_control/lib/python3.12/site-packages:/home/amin/cobot/cobot_ws/install/mycobot_280_arduino/lib/python3.12/site-packages:/home/amin/cobot/cobot_ws/install/mycobot_280/lib/python3.12/site-packages:/home/amin/cobot/cobot_ws/install/mybuddy/lib/python3.12/site-packages:/home/amin/cobot/cobot_ws/install/myarm_300/lib/python3.12/site-packages:/home/amin/cobot/cobot_ws/install/mecharm_pi/lib/python3.12/site-packages:/home/amin/cobot/cobot_ws/install/mecharm/lib/python3.12/site-packages:/home/amin/cobot/cobot_ws/install/mecharm_interfaces/lib/python3.12/site-packages:/opt/ros/jazzy/lib/python3.12/site-packages /usr/bin/cmake --install /home/amin/cobot/cobot_ws/build/mycobot_280arduino_moveit2
[4.977s] INFO:colcon.colcon_ros.task.ament_cmake.build:Building ROS package in '/home/amin/cobot/cobot_ws/src/mycobot_ros2/mycobot_280/mycobot_280rdkx5_moveit2' with build type 'ament_cmake'
[4.978s] INFO:colcon.colcon_cmake.task.cmake.build:Building CMake package in '/home/amin/cobot/cobot_ws/src/mycobot_ros2/mycobot_280/mycobot_280rdkx5_moveit2'
[4.978s] INFO:colcon.colcon_core.shell:Skip shell extension 'powershell' for command environment: Not usable outside of PowerShell
[4.978s] DEBUG:colcon.colcon_core.shell:Skip shell extension 'dsv' for command environment
[5.183s] INFO:colcon.colcon_core.task.python.build:Building Python package in '/home/amin/cobot/cobot_ws/src/mycobot_ros2/mycobot_280/mycobot_280jn'
[5.184s] INFO:colcon.colcon_core.shell:Skip shell extension 'powershell' for command environment: Not usable outside of PowerShell
[5.184s] DEBUG:colcon.colcon_core.shell:Skip shell extension 'dsv' for command environment
[5.352s] INFO:colcon.colcon_core.task.python.build:Building Python package in '/home/amin/cobot/cobot_ws/src/mycobot_ros2/mycobot_280/mycobot_280pi'
[5.352s] INFO:colcon.colcon_core.shell:Skip shell extension 'powershell' for command environment: Not usable outside of PowerShell
[5.352s] DEBUG:colcon.colcon_core.shell:Skip shell extension 'dsv' for command environment
[5.359s] DEBUG:colcon.colcon_core.event_handler.log_command:Invoking command in '/home/amin/cobot/cobot_ws/src/mycobot_ros2/mycobot_280/mycobot_280_moveit2_control': AMENT_PREFIX_PATH=/home/amin/cobot/cobot_ws/install/mycobot_description:/home/amin/cobot/cobot_ws/install/ultraarm:/home/amin/cobot/cobot_ws/install/pro450_moveit2_control:/home/amin/cobot/cobot_ws/install/pro450_moveit2:/home/amin/cobot/cobot_ws/install/mypalletizer_communication:/home/amin/cobot/cobot_ws/install/mypalletizer_interfaces:/home/amin/cobot/cobot_ws/install/mypalletizer_260_pi:/home/amin/cobot/cobot_ws/install/mypalletizer_260:/home/amin/cobot/cobot_ws/install/mycobot_pro_450:/home/amin/cobot/cobot_ws/install/mycobot_pro450_interfaces:/home/amin/cobot/cobot_ws/install/myarm_m750:/home/amin/cobot/cobot_ws/install/myarm_c650:/home/amin/cobot/cobot_ws/install/mycobot_communication:/home/amin/cobot/cobot_ws/install/mecharm_communication:/home/amin/cobot/cobot_ws/install/mycobot_interfaces:/home/amin/cobot/cobot_ws/install/mycobot_630:/home/amin/cobot/cobot_ws/install/mycobot_600:/home/amin/cobot/cobot_ws/install/mycobot_320pi:/home/amin/cobot/cobot_ws/install/mycobot_320_riscv:/home/amin/cobot/cobot_ws/install/mycobot_320:/home/amin/cobot/cobot_ws/install/mycobot_280rdkx5_moveit2:/home/amin/cobot/cobot_ws/install/mycobot_280pi:/home/amin/cobot/cobot_ws/install/mycobot_280jn:/home/amin/cobot/cobot_ws/install/mycobot_280arduino_moveit2:/home/amin/cobot/cobot_ws/install/mycobot_280_x3pi:/home/amin/cobot/cobot_ws/install/mycobot_280_riscv:/home/amin/cobot/cobot_ws/install/mycobot_280_rdkx5:/home/amin/cobot/cobot_ws/install/mycobot_280_moveit2_control:/home/amin/cobot/cobot_ws/install/mycobot_280_moveit2:/home/amin/cobot/cobot_ws/install/mycobot_280_gazebo_jazzy:/home/amin/cobot/cobot_ws/install/mycobot_280_gazebo:/home/amin/cobot/cobot_ws/install/mycobot_280_arduino:/home/amin/cobot/cobot_ws/install/mycobot_280:/home/amin/cobot/cobot_ws/install/mybuddy:/home/amin/cobot/cobot_ws/install/myarm_300:/home/amin/cobot/cobot_ws/install/mecharm_pi:/home/amin/cobot/cobot_ws/install/mecharm:/home/amin/cobot/cobot_ws/install/mecharm_interfaces:/opt/ros/jazzy DEBUGINFOD_URLS=https://debuginfod.ubuntu.com PYTHONPATH=/home/amin/cobot/cobot_ws/build/mycobot_280_moveit2_control/prefix_override:/usr/lib/python3/dist-packages/colcon_core/task/python/colcon_distutils_commands:/home/amin/cobot/cobot_ws/install/mycobot_280_moveit2_control/lib/python3.12/site-packages:/home/amin/cobot/cobot_ws/install/mycobot_description/lib/python3.12/site-packages:/home/amin/cobot/cobot_ws/install/ultraarm/lib/python3.12/site-packages:/home/amin/cobot/cobot_ws/install/pro450_moveit2_control/lib/python3.12/site-packages:/home/amin/cobot/cobot_ws/install/mypalletizer_communication/lib/python3.12/site-packages:/home/amin/cobot/cobot_ws/install/mypalletizer_interfaces/lib/python3.12/site-packages:/home/amin/cobot/cobot_ws/install/mypalletizer_260_pi/lib/python3.12/site-packages:/home/amin/cobot/cobot_ws/install/mypalletizer_260/lib/python3.12/site-packages:/home/amin/cobot/cobot_ws/install/mycobot_pro_450/lib/python3.12/site-packages:/home/amin/cobot/cobot_ws/install/mycobot_pro450_interfaces/lib/python3.12/site-packages:/home/amin/cobot/cobot_ws/install/myarm_m750/lib/python3.12/site-packages:/home/amin/cobot/cobot_ws/install/myarm_c650/lib/python3.12/site-packages:/home/amin/cobot/cobot_ws/install/mycobot_communication/lib/python3.12/site-packages:/home/amin/cobot/cobot_ws/install/mecharm_communication/lib/python3.12/site-packages:/home/amin/cobot/cobot_ws/install/mycobot_interfaces/lib/python3.12/site-packages:/home/amin/cobot/cobot_ws/install/mycobot_630/lib/python3.12/site-packages:/home/amin/cobot/cobot_ws/install/mycobot_600/lib/python3.12/site-packages:/home/amin/cobot/cobot_ws/install/mycobot_320pi/lib/python3.12/site-packages:/home/amin/cobot/cobot_ws/install/mycobot_320_riscv/lib/python3.12/site-packages:/home/amin/cobot/cobot_ws/install/mycobot_320/lib/python3.12/site-packages:/home/amin/cobot/cobot_ws/install/mycobot_280pi/lib/python3.12/site-packages:/home/amin/cobot/cobot_ws/install/mycobot_280jn/lib/python3.12/site-packages:/home/amin/cobot/cobot_ws/install/mycobot_280_x3pi/lib/python3.12/site-packages:/home/amin/cobot/cobot_ws/install/mycobot_280_riscv/lib/python3.12/site-packages:/home/amin/cobot/cobot_ws/install/mycobot_280_rdkx5/lib/python3.12/site-packages:/home/amin/cobot/cobot_ws/install/mycobot_280_moveit2_control/lib/python3.12/site-packages:/home/amin/cobot/cobot_ws/install/mycobot_280_arduino/lib/python3.12/site-packages:/home/amin/cobot/cobot_ws/install/mycobot_280/lib/python3.12/site-packages:/home/amin/cobot/cobot_ws/install/mybuddy/lib/python3.12/site-packages:/home/amin/cobot/cobot_ws/install/myarm_300/lib/python3.12/site-packages:/home/amin/cobot/cobot_ws/install/mecharm_pi/lib/python3.12/site-packages:/home/amin/cobot/cobot_ws/install/mecharm/lib/python3.12/site-packages:/home/amin/cobot/cobot_ws/install/mecharm_interfaces/lib/python3.12/site-packages:/opt/ros/jazzy/lib/python3.12/site-packages /usr/bin/python3 -W ignore:setup.py install is deprecated -W ignore:easy_install command is deprecated setup.py egg_info --egg-base ../../../../build/mycobot_280_moveit2_control build --build-base /home/amin/cobot/cobot_ws/build/mycobot_280_moveit2_control/build install --record /home/amin/cobot/cobot_ws/build/mycobot_280_moveit2_control/install.log --single-version-externally-managed install_data
[5.361s] DEBUG:colcon.colcon_core.event_handler.log_command:Invoking command in '/home/amin/cobot/cobot_ws/build/mycobot_280rdkx5_moveit2': AMENT_PREFIX_PATH=/home/amin/cobot/cobot_ws/install/mycobot_description:/home/amin/cobot/cobot_ws/install/ultraarm:/home/amin/cobot/cobot_ws/install/pro450_moveit2_control:/home/amin/cobot/cobot_ws/install/pro450_moveit2:/home/amin/cobot/cobot_ws/install/mypalletizer_communication:/home/amin/cobot/cobot_ws/install/mypalletizer_interfaces:/home/amin/cobot/cobot_ws/install/mypalletizer_260_pi:/home/amin/cobot/cobot_ws/install/mypalletizer_260:/home/amin/cobot/cobot_ws/install/mycobot_pro_450:/home/amin/cobot/cobot_ws/install/mycobot_pro450_interfaces:/home/amin/cobot/cobot_ws/install/myarm_m750:/home/amin/cobot/cobot_ws/install/myarm_c650:/home/amin/cobot/cobot_ws/install/mycobot_communication:/home/amin/cobot/cobot_ws/install/mecharm_communication:/home/amin/cobot/cobot_ws/install/mycobot_interfaces:/home/amin/cobot/cobot_ws/install/mycobot_630:/home/amin/cobot/cobot_ws/install/mycobot_600:/home/amin/cobot/cobot_ws/install/mycobot_320pi:/home/amin/cobot/cobot_ws/install/mycobot_320_riscv:/home/amin/cobot/cobot_ws/install/mycobot_320:/home/amin/cobot/cobot_ws/install/mycobot_280rdkx5_moveit2:/home/amin/cobot/cobot_ws/install/mycobot_280pi:/home/amin/cobot/cobot_ws/install/mycobot_280jn:/home/amin/cobot/cobot_ws/install/mycobot_280arduino_moveit2:/home/amin/cobot/cobot_ws/install/mycobot_280_x3pi:/home/amin/cobot/cobot_ws/install/mycobot_280_riscv:/home/amin/cobot/cobot_ws/install/mycobot_280_rdkx5:/home/amin/cobot/cobot_ws/install/mycobot_280_moveit2_control:/home/amin/cobot/cobot_ws/install/mycobot_280_moveit2:/home/amin/cobot/cobot_ws/install/mycobot_280_gazebo_jazzy:/home/amin/cobot/cobot_ws/install/mycobot_280_gazebo:/home/amin/cobot/cobot_ws/install/mycobot_280_arduino:/home/amin/cobot/cobot_ws/install/mycobot_280:/home/amin/cobot/cobot_ws/install/mybuddy:/home/amin/cobot/cobot_ws/install/myarm_300:/home/amin/cobot/cobot_ws/install/mecharm_pi:/home/amin/cobot/cobot_ws/install/mecharm:/home/amin/cobot/cobot_ws/install/mecharm_interfaces:/opt/ros/jazzy CMAKE_PREFIX_PATH=${CMAKE_PREFIX_PATH}:/home/amin/cobot/cobot_ws/install/ultraarm:/home/amin/cobot/cobot_ws/install/pro450_moveit2_control:/home/amin/cobot/cobot_ws/install/mypalletizer_communication:/home/amin/cobot/cobot_ws/install/mypalletizer_260_pi:/home/amin/cobot/cobot_ws/install/mypalletizer_260:/home/amin/cobot/cobot_ws/install/mycobot_pro_450:/home/amin/cobot/cobot_ws/install/myarm_m750:/home/amin/cobot/cobot_ws/install/myarm_c650:/home/amin/cobot/cobot_ws/install/mycobot_communication:/home/amin/cobot/cobot_ws/install/mecharm_communication:/home/amin/cobot/cobot_ws/install/mycobot_630:/home/amin/cobot/cobot_ws/install/mycobot_600:/home/amin/cobot/cobot_ws/install/mycobot_320pi:/home/amin/cobot/cobot_ws/install/mycobot_320_riscv:/home/amin/cobot/cobot_ws/install/mycobot_320:/home/amin/cobot/cobot_ws/install/mycobot_280pi:/home/amin/cobot/cobot_ws/install/mycobot_280jn:/home/amin/cobot/cobot_ws/install/mycobot_280_x3pi:/home/amin/cobot/cobot_ws/install/mycobot_280_riscv:/home/amin/cobot/cobot_ws/install/mycobot_280_rdkx5:/home/amin/cobot/cobot_ws/install/mycobot_280_moveit2_control:/home/amin/cobot/cobot_ws/install/mycobot_280_arduino:/home/amin/cobot/cobot_ws/install/mycobot_280:/home/amin/cobot/cobot_ws/install/mybuddy:/home/amin/cobot/cobot_ws/install/myarm_300:/home/amin/cobot/cobot_ws/install/mecharm_pi:/home/amin/cobot/cobot_ws/install/mecharm:/home/amin/cobot/cobot_ws/install/mycobot_description:/opt/ros/jazzy DEBUGINFOD_URLS=https://debuginfod.ubuntu.com PYTHONPATH=/home/amin/cobot/cobot_ws/install/mycobot_description/lib/python3.12/site-packages:/home/amin/cobot/cobot_ws/install/ultraarm/lib/python3.12/site-packages:/home/amin/cobot/cobot_ws/install/pro450_moveit2_control/lib/python3.12/site-packages:/home/amin/cobot/cobot_ws/install/mypalletizer_communication/lib/python3.12/site-packages:/home/amin/cobot/cobot_ws/install/mypalletizer_interfaces/lib/python3.12/site-packages:/home/amin/cobot/cobot_ws/install/mypalletizer_260_pi/lib/python3.12/site-packages:/home/amin/cobot/cobot_ws/install/mypalletizer_260/lib/python3.12/site-packages:/home/amin/cobot/cobot_ws/install/mycobot_pro_450/lib/python3.12/site-packages:/home/amin/cobot/cobot_ws/install/mycobot_pro450_interfaces/lib/python3.12/site-packages:/home/amin/cobot/cobot_ws/install/myarm_m750/lib/python3.12/site-packages:/home/amin/cobot/cobot_ws/install/myarm_c650/lib/python3.12/site-packages:/home/amin/cobot/cobot_ws/install/mycobot_communication/lib/python3.12/site-packages:/home/amin/cobot/cobot_ws/install/mecharm_communication/lib/python3.12/site-packages:/home/amin/cobot/cobot_ws/install/mycobot_interfaces/lib/python3.12/site-packages:/home/amin/cobot/cobot_ws/install/mycobot_630/lib/python3.12/site-packages:/home/amin/cobot/cobot_ws/install/mycobot_600/lib/python3.12/site-packages:/home/amin/cobot/cobot_ws/install/mycobot_320pi/lib/python3.12/site-packages:/home/amin/cobot/cobot_ws/install/mycobot_320_riscv/lib/python3.12/site-packages:/home/amin/cobot/cobot_ws/install/mycobot_320/lib/python3.12/site-packages:/home/amin/cobot/cobot_ws/install/mycobot_280pi/lib/python3.12/site-packages:/home/amin/cobot/cobot_ws/install/mycobot_280jn/lib/python3.12/site-packages:/home/amin/cobot/cobot_ws/install/mycobot_280_x3pi/lib/python3.12/site-packages:/home/amin/cobot/cobot_ws/install/mycobot_280_riscv/lib/python3.12/site-packages:/home/amin/cobot/cobot_ws/install/mycobot_280_rdkx5/lib/python3.12/site-packages:/home/amin/cobot/cobot_ws/install/mycobot_280_moveit2_control/lib/python3.12/site-packages:/home/amin/cobot/cobot_ws/install/mycobot_280_arduino/lib/python3.12/site-packages:/home/amin/cobot/cobot_ws/install/mycobot_280/lib/python3.12/site-packages:/home/amin/cobot/cobot_ws/install/mybuddy/lib/python3.12/site-packages:/home/amin/cobot/cobot_ws/install/myarm_300/lib/python3.12/site-packages:/home/amin/cobot/cobot_ws/install/mecharm_pi/lib/python3.12/site-packages:/home/amin/cobot/cobot_ws/install/mecharm/lib/python3.12/site-packages:/home/amin/cobot/cobot_ws/install/mecharm_interfaces/lib/python3.12/site-packages:/opt/ros/jazzy/lib/python3.12/site-packages /usr/bin/cmake --build /home/amin/cobot/cobot_ws/build/mycobot_280rdkx5_moveit2 -- -j8 -l8
[5.362s] Level 1:colcon.colcon_core.environment:checking '/home/amin/cobot/cobot_ws/install/mycobot_280_arduino' for CMake module files
[5.363s] DEBUG:colcon.colcon_core.event_handler.log_command:Invoking command in '/home/amin/cobot/cobot_ws/src/mycobot_ros2/mycobot_280/mycobot_280_riscv': AMENT_PREFIX_PATH=/home/amin/cobot/cobot_ws/install/mycobot_description:/home/amin/cobot/cobot_ws/install/ultraarm:/home/amin/cobot/cobot_ws/install/pro450_moveit2_control:/home/amin/cobot/cobot_ws/install/pro450_moveit2:/home/amin/cobot/cobot_ws/install/mypalletizer_communication:/home/amin/cobot/cobot_ws/install/mypalletizer_interfaces:/home/amin/cobot/cobot_ws/install/mypalletizer_260_pi:/home/amin/cobot/cobot_ws/install/mypalletizer_260:/home/amin/cobot/cobot_ws/install/mycobot_pro_450:/home/amin/cobot/cobot_ws/install/mycobot_pro450_interfaces:/home/amin/cobot/cobot_ws/install/myarm_m750:/home/amin/cobot/cobot_ws/install/myarm_c650:/home/amin/cobot/cobot_ws/install/mycobot_communication:/home/amin/cobot/cobot_ws/install/mecharm_communication:/home/amin/cobot/cobot_ws/install/mycobot_interfaces:/home/amin/cobot/cobot_ws/install/mycobot_630:/home/amin/cobot/cobot_ws/install/mycobot_600:/home/amin/cobot/cobot_ws/install/mycobot_320pi:/home/amin/cobot/cobot_ws/install/mycobot_320_riscv:/home/amin/cobot/cobot_ws/install/mycobot_320:/home/amin/cobot/cobot_ws/install/mycobot_280rdkx5_moveit2:/home/amin/cobot/cobot_ws/install/mycobot_280pi:/home/amin/cobot/cobot_ws/install/mycobot_280jn:/home/amin/cobot/cobot_ws/install/mycobot_280arduino_moveit2:/home/amin/cobot/cobot_ws/install/mycobot_280_x3pi:/home/amin/cobot/cobot_ws/install/mycobot_280_riscv:/home/amin/cobot/cobot_ws/install/mycobot_280_rdkx5:/home/amin/cobot/cobot_ws/install/mycobot_280_moveit2_control:/home/amin/cobot/cobot_ws/install/mycobot_280_moveit2:/home/amin/cobot/cobot_ws/install/mycobot_280_gazebo_jazzy:/home/amin/cobot/cobot_ws/install/mycobot_280_gazebo:/home/amin/cobot/cobot_ws/install/mycobot_280_arduino:/home/amin/cobot/cobot_ws/install/mycobot_280:/home/amin/cobot/cobot_ws/install/mybuddy:/home/amin/cobot/cobot_ws/install/myarm_300:/home/amin/cobot/cobot_ws/install/mecharm_pi:/home/amin/cobot/cobot_ws/install/mecharm:/home/amin/cobot/cobot_ws/install/mecharm_interfaces:/opt/ros/jazzy DEBUGINFOD_URLS=https://debuginfod.ubuntu.com PYTHONPATH=/home/amin/cobot/cobot_ws/build/mycobot_280_riscv/prefix_override:/usr/lib/python3/dist-packages/colcon_core/task/python/colcon_distutils_commands:/home/amin/cobot/cobot_ws/install/mycobot_280_riscv/lib/python3.12/site-packages:/home/amin/cobot/cobot_ws/install/mycobot_description/lib/python3.12/site-packages:/home/amin/cobot/cobot_ws/install/ultraarm/lib/python3.12/site-packages:/home/amin/cobot/cobot_ws/install/pro450_moveit2_control/lib/python3.12/site-packages:/home/amin/cobot/cobot_ws/install/mypalletizer_communication/lib/python3.12/site-packages:/home/amin/cobot/cobot_ws/install/mypalletizer_interfaces/lib/python3.12/site-packages:/home/amin/cobot/cobot_ws/install/mypalletizer_260_pi/lib/python3.12/site-packages:/home/amin/cobot/cobot_ws/install/mypalletizer_260/lib/python3.12/site-packages:/home/amin/cobot/cobot_ws/install/mycobot_pro_450/lib/python3.12/site-packages:/home/amin/cobot/cobot_ws/install/mycobot_pro450_interfaces/lib/python3.12/site-packages:/home/amin/cobot/cobot_ws/install/myarm_m750/lib/python3.12/site-packages:/home/amin/cobot/cobot_ws/install/myarm_c650/lib/python3.12/site-packages:/home/amin/cobot/cobot_ws/install/mycobot_communication/lib/python3.12/site-packages:/home/amin/cobot/cobot_ws/install/mecharm_communication/lib/python3.12/site-packages:/home/amin/cobot/cobot_ws/install/mycobot_interfaces/lib/python3.12/site-packages:/home/amin/cobot/cobot_ws/install/mycobot_630/lib/python3.12/site-packages:/home/amin/cobot/cobot_ws/install/mycobot_600/lib/python3.12/site-packages:/home/amin/cobot/cobot_ws/install/mycobot_320pi/lib/python3.12/site-packages:/home/amin/cobot/cobot_ws/install/mycobot_320_riscv/lib/python3.12/site-packages:/home/amin/cobot/cobot_ws/install/mycobot_320/lib/python3.12/site-packages:/home/amin/cobot/cobot_ws/install/mycobot_280pi/lib/python3.12/site-packages:/home/amin/cobot/cobot_ws/install/mycobot_280jn/lib/python3.12/site-packages:/home/amin/cobot/cobot_ws/install/mycobot_280_x3pi/lib/python3.12/site-packages:/home/amin/cobot/cobot_ws/install/mycobot_280_riscv/lib/python3.12/site-packages:/home/amin/cobot/cobot_ws/install/mycobot_280_rdkx5/lib/python3.12/site-packages:/home/amin/cobot/cobot_ws/install/mycobot_280_moveit2_control/lib/python3.12/site-packages:/home/amin/cobot/cobot_ws/install/mycobot_280_arduino/lib/python3.12/site-packages:/home/amin/cobot/cobot_ws/install/mycobot_280/lib/python3.12/site-packages:/home/amin/cobot/cobot_ws/install/mybuddy/lib/python3.12/site-packages:/home/amin/cobot/cobot_ws/install/myarm_300/lib/python3.12/site-packages:/home/amin/cobot/cobot_ws/install/mecharm_pi/lib/python3.12/site-packages:/home/amin/cobot/cobot_ws/install/mecharm/lib/python3.12/site-packages:/home/amin/cobot/cobot_ws/install/mecharm_interfaces/lib/python3.12/site-packages:/opt/ros/jazzy/lib/python3.12/site-packages /usr/bin/python3 -W ignore:setup.py install is deprecated -W ignore:easy_install command is deprecated setup.py egg_info --egg-base ../../../../build/mycobot_280_riscv build --build-base /home/amin/cobot/cobot_ws/build/mycobot_280_riscv/build install --record /home/amin/cobot/cobot_ws/build/mycobot_280_riscv/install.log --single-version-externally-managed install_data
[5.363s] DEBUG:colcon.colcon_core.event_handler.log_command:Invoked command in '/home/amin/cobot/cobot_ws/src/mycobot_ros2/mycobot_280/mycobot_280_arduino' returned '0': AMENT_PREFIX_PATH=/home/amin/cobot/cobot_ws/install/mycobot_description:/home/amin/cobot/cobot_ws/install/ultraarm:/home/amin/cobot/cobot_ws/install/pro450_moveit2_control:/home/amin/cobot/cobot_ws/install/pro450_moveit2:/home/amin/cobot/cobot_ws/install/mypalletizer_communication:/home/amin/cobot/cobot_ws/install/mypalletizer_interfaces:/home/amin/cobot/cobot_ws/install/mypalletizer_260_pi:/home/amin/cobot/cobot_ws/install/mypalletizer_260:/home/amin/cobot/cobot_ws/install/mycobot_pro_450:/home/amin/cobot/cobot_ws/install/mycobot_pro450_interfaces:/home/amin/cobot/cobot_ws/install/myarm_m750:/home/amin/cobot/cobot_ws/install/myarm_c650:/home/amin/cobot/cobot_ws/install/mycobot_communication:/home/amin/cobot/cobot_ws/install/mecharm_communication:/home/amin/cobot/cobot_ws/install/mycobot_interfaces:/home/amin/cobot/cobot_ws/install/mycobot_630:/home/amin/cobot/cobot_ws/install/mycobot_600:/home/amin/cobot/cobot_ws/install/mycobot_320pi:/home/amin/cobot/cobot_ws/install/mycobot_320_riscv:/home/amin/cobot/cobot_ws/install/mycobot_320:/home/amin/cobot/cobot_ws/install/mycobot_280rdkx5_moveit2:/home/amin/cobot/cobot_ws/install/mycobot_280pi:/home/amin/cobot/cobot_ws/install/mycobot_280jn:/home/amin/cobot/cobot_ws/install/mycobot_280arduino_moveit2:/home/amin/cobot/cobot_ws/install/mycobot_280_x3pi:/home/amin/cobot/cobot_ws/install/mycobot_280_riscv:/home/amin/cobot/cobot_ws/install/mycobot_280_rdkx5:/home/amin/cobot/cobot_ws/install/mycobot_280_moveit2_control:/home/amin/cobot/cobot_ws/install/mycobot_280_moveit2:/home/amin/cobot/cobot_ws/install/mycobot_280_gazebo_jazzy:/home/amin/cobot/cobot_ws/install/mycobot_280_gazebo:/home/amin/cobot/cobot_ws/install/mycobot_280_arduino:/home/amin/cobot/cobot_ws/install/mycobot_280:/home/amin/cobot/cobot_ws/install/mybuddy:/home/amin/cobot/cobot_ws/install/myarm_300:/home/amin/cobot/cobot_ws/install/mecharm_pi:/home/amin/cobot/cobot_ws/install/mecharm:/home/amin/cobot/cobot_ws/install/mecharm_interfaces:/opt/ros/jazzy DEBUGINFOD_URLS=https://debuginfod.ubuntu.com PYTHONPATH=/home/amin/cobot/cobot_ws/build/mycobot_280_arduino/prefix_override:/usr/lib/python3/dist-packages/colcon_core/task/python/colcon_distutils_commands:/home/amin/cobot/cobot_ws/install/mycobot_280_arduino/lib/python3.12/site-packages:/home/amin/cobot/cobot_ws/install/mycobot_description/lib/python3.12/site-packages:/home/amin/cobot/cobot_ws/install/ultraarm/lib/python3.12/site-packages:/home/amin/cobot/cobot_ws/install/pro450_moveit2_control/lib/python3.12/site-packages:/home/amin/cobot/cobot_ws/install/mypalletizer_communication/lib/python3.12/site-packages:/home/amin/cobot/cobot_ws/install/mypalletizer_interfaces/lib/python3.12/site-packages:/home/amin/cobot/cobot_ws/install/mypalletizer_260_pi/lib/python3.12/site-packages:/home/amin/cobot/cobot_ws/install/mypalletizer_260/lib/python3.12/site-packages:/home/amin/cobot/cobot_ws/install/mycobot_pro_450/lib/python3.12/site-packages:/home/amin/cobot/cobot_ws/install/mycobot_pro450_interfaces/lib/python3.12/site-packages:/home/amin/cobot/cobot_ws/install/myarm_m750/lib/python3.12/site-packages:/home/amin/cobot/cobot_ws/install/myarm_c650/lib/python3.12/site-packages:/home/amin/cobot/cobot_ws/install/mycobot_communication/lib/python3.12/site-packages:/home/amin/cobot/cobot_ws/install/mecharm_communication/lib/python3.12/site-packages:/home/amin/cobot/cobot_ws/install/mycobot_interfaces/lib/python3.12/site-packages:/home/amin/cobot/cobot_ws/install/mycobot_630/lib/python3.12/site-packages:/home/amin/cobot/cobot_ws/install/mycobot_600/lib/python3.12/site-packages:/home/amin/cobot/cobot_ws/install/mycobot_320pi/lib/python3.12/site-packages:/home/amin/cobot/cobot_ws/install/mycobot_320_riscv/lib/python3.12/site-packages:/home/amin/cobot/cobot_ws/install/mycobot_320/lib/python3.12/site-packages:/home/amin/cobot/cobot_ws/install/mycobot_280pi/lib/python3.12/site-packages:/home/amin/cobot/cobot_ws/install/mycobot_280jn/lib/python3.12/site-packages:/home/amin/cobot/cobot_ws/install/mycobot_280_x3pi/lib/python3.12/site-packages:/home/amin/cobot/cobot_ws/install/mycobot_280_riscv/lib/python3.12/site-packages:/home/amin/cobot/cobot_ws/install/mycobot_280_rdkx5/lib/python3.12/site-packages:/home/amin/cobot/cobot_ws/install/mycobot_280_moveit2_control/lib/python3.12/site-packages:/home/amin/cobot/cobot_ws/install/mycobot_280_arduino/lib/python3.12/site-packages:/home/amin/cobot/cobot_ws/install/mycobot_280/lib/python3.12/site-packages:/home/amin/cobot/cobot_ws/install/mybuddy/lib/python3.12/site-packages:/home/amin/cobot/cobot_ws/install/myarm_300/lib/python3.12/site-packages:/home/amin/cobot/cobot_ws/install/mecharm_pi/lib/python3.12/site-packages:/home/amin/cobot/cobot_ws/install/mecharm/lib/python3.12/site-packages:/home/amin/cobot/cobot_ws/install/mecharm_interfaces/lib/python3.12/site-packages:/opt/ros/jazzy/lib/python3.12/site-packages /usr/bin/python3 -W ignore:setup.py install is deprecated -W ignore:easy_install command is deprecated setup.py egg_info --egg-base ../../../../build/mycobot_280_arduino build --build-base /home/amin/cobot/cobot_ws/build/mycobot_280_arduino/build install --record /home/amin/cobot/cobot_ws/build/mycobot_280_arduino/install.log --single-version-externally-managed install_data
[5.363s] Level 1:colcon.colcon_core.environment:checking '/home/amin/cobot/cobot_ws/install/mycobot_280_arduino' for CMake config files
[5.364s] Level 1:colcon.colcon_core.environment:checking '/home/amin/cobot/cobot_ws/install/mycobot_280_arduino/lib'
[5.364s] Level 1:colcon.colcon_core.environment:checking '/home/amin/cobot/cobot_ws/install/mycobot_280_arduino/bin'
[5.364s] Level 1:colcon.colcon_core.environment:checking '/home/amin/cobot/cobot_ws/install/mycobot_280_arduino/lib/pkgconfig/mycobot_280_arduino.pc'
[5.364s] Level 1:colcon.colcon_core.environment:checking '/home/amin/cobot/cobot_ws/install/mycobot_280_arduino/lib/python3.12/site-packages'
[5.364s] Level 1:colcon.colcon_core.shell:create_environment_hook('mycobot_280_arduino', 'pythonpath')
[5.364s] INFO:colcon.colcon_core.shell:Creating environment hook '/home/amin/cobot/cobot_ws/install/mycobot_280_arduino/share/mycobot_280_arduino/hook/pythonpath.ps1'
[5.365s] INFO:colcon.colcon_core.shell:Creating environment descriptor '/home/amin/cobot/cobot_ws/install/mycobot_280_arduino/share/mycobot_280_arduino/hook/pythonpath.dsv'
[5.365s] INFO:colcon.colcon_core.shell:Creating environment hook '/home/amin/cobot/cobot_ws/install/mycobot_280_arduino/share/mycobot_280_arduino/hook/pythonpath.sh'
[5.366s] Level 1:colcon.colcon_core.environment:checking '/home/amin/cobot/cobot_ws/install/mycobot_280_arduino/bin'
[5.366s] Level 1:colcon.colcon_core.environment:create_environment_scripts_only(mycobot_280_arduino)
[5.366s] INFO:colcon.colcon_core.shell:Creating package script '/home/amin/cobot/cobot_ws/install/mycobot_280_arduino/share/mycobot_280_arduino/package.ps1'
[5.367s] INFO:colcon.colcon_core.shell:Creating package descriptor '/home/amin/cobot/cobot_ws/install/mycobot_280_arduino/share/mycobot_280_arduino/package.dsv'
[5.367s] INFO:colcon.colcon_core.shell:Creating package script '/home/amin/cobot/cobot_ws/install/mycobot_280_arduino/share/mycobot_280_arduino/package.sh'
[5.367s] INFO:colcon.colcon_core.shell:Creating package script '/home/amin/cobot/cobot_ws/install/mycobot_280_arduino/share/mycobot_280_arduino/package.bash'
[5.368s] INFO:colcon.colcon_core.shell:Creating package script '/home/amin/cobot/cobot_ws/install/mycobot_280_arduino/share/mycobot_280_arduino/package.zsh'
[5.368s] Level 1:colcon.colcon_core.environment:create_file_with_runtime_dependencies(/home/amin/cobot/cobot_ws/install/mycobot_280_arduino/share/colcon-core/packages/mycobot_280_arduino)
[5.368s] Level 1:colcon.colcon_core.environment:create_environment_scripts_only(mycobot_280arduino_moveit2)
[5.369s] Level 1:colcon.colcon_core.environment:checking '/home/amin/cobot/cobot_ws/install/mycobot_280arduino_moveit2' for CMake module files
[5.369s] DEBUG:colcon.colcon_core.event_handler.log_command:Invoked command in '/home/amin/cobot/cobot_ws/build/mycobot_280arduino_moveit2' returned '0': AMENT_PREFIX_PATH=/home/amin/cobot/cobot_ws/install/mycobot_description:/home/amin/cobot/cobot_ws/install/ultraarm:/home/amin/cobot/cobot_ws/install/pro450_moveit2_control:/home/amin/cobot/cobot_ws/install/pro450_moveit2:/home/amin/cobot/cobot_ws/install/mypalletizer_communication:/home/amin/cobot/cobot_ws/install/mypalletizer_interfaces:/home/amin/cobot/cobot_ws/install/mypalletizer_260_pi:/home/amin/cobot/cobot_ws/install/mypalletizer_260:/home/amin/cobot/cobot_ws/install/mycobot_pro_450:/home/amin/cobot/cobot_ws/install/mycobot_pro450_interfaces:/home/amin/cobot/cobot_ws/install/myarm_m750:/home/amin/cobot/cobot_ws/install/myarm_c650:/home/amin/cobot/cobot_ws/install/mycobot_communication:/home/amin/cobot/cobot_ws/install/mecharm_communication:/home/amin/cobot/cobot_ws/install/mycobot_interfaces:/home/amin/cobot/cobot_ws/install/mycobot_630:/home/amin/cobot/cobot_ws/install/mycobot_600:/home/amin/cobot/cobot_ws/install/mycobot_320pi:/home/amin/cobot/cobot_ws/install/mycobot_320_riscv:/home/amin/cobot/cobot_ws/install/mycobot_320:/home/amin/cobot/cobot_ws/install/mycobot_280rdkx5_moveit2:/home/amin/cobot/cobot_ws/install/mycobot_280pi:/home/amin/cobot/cobot_ws/install/mycobot_280jn:/home/amin/cobot/cobot_ws/install/mycobot_280arduino_moveit2:/home/amin/cobot/cobot_ws/install/mycobot_280_x3pi:/home/amin/cobot/cobot_ws/install/mycobot_280_riscv:/home/amin/cobot/cobot_ws/install/mycobot_280_rdkx5:/home/amin/cobot/cobot_ws/install/mycobot_280_moveit2_control:/home/amin/cobot/cobot_ws/install/mycobot_280_moveit2:/home/amin/cobot/cobot_ws/install/mycobot_280_gazebo_jazzy:/home/amin/cobot/cobot_ws/install/mycobot_280_gazebo:/home/amin/cobot/cobot_ws/install/mycobot_280_arduino:/home/amin/cobot/cobot_ws/install/mycobot_280:/home/amin/cobot/cobot_ws/install/mybuddy:/home/amin/cobot/cobot_ws/install/myarm_300:/home/amin/cobot/cobot_ws/install/mecharm_pi:/home/amin/cobot/cobot_ws/install/mecharm:/home/amin/cobot/cobot_ws/install/mecharm_interfaces:/opt/ros/jazzy CMAKE_PREFIX_PATH=${CMAKE_PREFIX_PATH}:/home/amin/cobot/cobot_ws/install/ultraarm:/home/amin/cobot/cobot_ws/install/pro450_moveit2_control:/home/amin/cobot/cobot_ws/install/mypalletizer_communication:/home/amin/cobot/cobot_ws/install/mypalletizer_260_pi:/home/amin/cobot/cobot_ws/install/mypalletizer_260:/home/amin/cobot/cobot_ws/install/mycobot_pro_450:/home/amin/cobot/cobot_ws/install/myarm_m750:/home/amin/cobot/cobot_ws/install/myarm_c650:/home/amin/cobot/cobot_ws/install/mycobot_communication:/home/amin/cobot/cobot_ws/install/mecharm_communication:/home/amin/cobot/cobot_ws/install/mycobot_630:/home/amin/cobot/cobot_ws/install/mycobot_600:/home/amin/cobot/cobot_ws/install/mycobot_320pi:/home/amin/cobot/cobot_ws/install/mycobot_320_riscv:/home/amin/cobot/cobot_ws/install/mycobot_320:/home/amin/cobot/cobot_ws/install/mycobot_280pi:/home/amin/cobot/cobot_ws/install/mycobot_280jn:/home/amin/cobot/cobot_ws/install/mycobot_280_x3pi:/home/amin/cobot/cobot_ws/install/mycobot_280_riscv:/home/amin/cobot/cobot_ws/install/mycobot_280_rdkx5:/home/amin/cobot/cobot_ws/install/mycobot_280_moveit2_control:/home/amin/cobot/cobot_ws/install/mycobot_280_arduino:/home/amin/cobot/cobot_ws/install/mycobot_280:/home/amin/cobot/cobot_ws/install/mybuddy:/home/amin/cobot/cobot_ws/install/myarm_300:/home/amin/cobot/cobot_ws/install/mecharm_pi:/home/amin/cobot/cobot_ws/install/mecharm:/home/amin/cobot/cobot_ws/install/mycobot_description:/opt/ros/jazzy DEBUGINFOD_URLS=https://debuginfod.ubuntu.com PYTHONPATH=/home/amin/cobot/cobot_ws/install/mycobot_description/lib/python3.12/site-packages:/home/amin/cobot/cobot_ws/install/ultraarm/lib/python3.12/site-packages:/home/amin/cobot/cobot_ws/install/pro450_moveit2_control/lib/python3.12/site-packages:/home/amin/cobot/cobot_ws/install/mypalletizer_communication/lib/python3.12/site-packages:/home/amin/cobot/cobot_ws/install/mypalletizer_interfaces/lib/python3.12/site-packages:/home/amin/cobot/cobot_ws/install/mypalletizer_260_pi/lib/python3.12/site-packages:/home/amin/cobot/cobot_ws/install/mypalletizer_260/lib/python3.12/site-packages:/home/amin/cobot/cobot_ws/install/mycobot_pro_450/lib/python3.12/site-packages:/home/amin/cobot/cobot_ws/install/mycobot_pro450_interfaces/lib/python3.12/site-packages:/home/amin/cobot/cobot_ws/install/myarm_m750/lib/python3.12/site-packages:/home/amin/cobot/cobot_ws/install/myarm_c650/lib/python3.12/site-packages:/home/amin/cobot/cobot_ws/install/mycobot_communication/lib/python3.12/site-packages:/home/amin/cobot/cobot_ws/install/mecharm_communication/lib/python3.12/site-packages:/home/amin/cobot/cobot_ws/install/mycobot_interfaces/lib/python3.12/site-packages:/home/amin/cobot/cobot_ws/install/mycobot_630/lib/python3.12/site-packages:/home/amin/cobot/cobot_ws/install/mycobot_600/lib/python3.12/site-packages:/home/amin/cobot/cobot_ws/install/mycobot_320pi/lib/python3.12/site-packages:/home/amin/cobot/cobot_ws/install/mycobot_320_riscv/lib/python3.12/site-packages:/home/amin/cobot/cobot_ws/install/mycobot_320/lib/python3.12/site-packages:/home/amin/cobot/cobot_ws/install/mycobot_280pi/lib/python3.12/site-packages:/home/amin/cobot/cobot_ws/install/mycobot_280jn/lib/python3.12/site-packages:/home/amin/cobot/cobot_ws/install/mycobot_280_x3pi/lib/python3.12/site-packages:/home/amin/cobot/cobot_ws/install/mycobot_280_riscv/lib/python3.12/site-packages:/home/amin/cobot/cobot_ws/install/mycobot_280_rdkx5/lib/python3.12/site-packages:/home/amin/cobot/cobot_ws/install/mycobot_280_moveit2_control/lib/python3.12/site-packages:/home/amin/cobot/cobot_ws/install/mycobot_280_arduino/lib/python3.12/site-packages:/home/amin/cobot/cobot_ws/install/mycobot_280/lib/python3.12/site-packages:/home/amin/cobot/cobot_ws/install/mybuddy/lib/python3.12/site-packages:/home/amin/cobot/cobot_ws/install/myarm_300/lib/python3.12/site-packages:/home/amin/cobot/cobot_ws/install/mecharm_pi/lib/python3.12/site-packages:/home/amin/cobot/cobot_ws/install/mecharm/lib/python3.12/site-packages:/home/amin/cobot/cobot_ws/install/mecharm_interfaces/lib/python3.12/site-packages:/opt/ros/jazzy/lib/python3.12/site-packages /usr/bin/cmake --install /home/amin/cobot/cobot_ws/build/mycobot_280arduino_moveit2
[5.370s] Level 1:colcon.colcon_core.environment:checking '/home/amin/cobot/cobot_ws/install/mycobot_280arduino_moveit2' for CMake config files
[5.370s] Level 1:colcon.colcon_core.shell:create_environment_hook('mycobot_280arduino_moveit2', 'cmake_prefix_path')
[5.370s] INFO:colcon.colcon_core.shell:Creating environment hook '/home/amin/cobot/cobot_ws/install/mycobot_280arduino_moveit2/share/mycobot_280arduino_moveit2/hook/cmake_prefix_path.ps1'
[5.370s] INFO:colcon.colcon_core.shell:Creating environment descriptor '/home/amin/cobot/cobot_ws/install/mycobot_280arduino_moveit2/share/mycobot_280arduino_moveit2/hook/cmake_prefix_path.dsv'
[5.371s] INFO:colcon.colcon_core.shell:Creating environment hook '/home/amin/cobot/cobot_ws/install/mycobot_280arduino_moveit2/share/mycobot_280arduino_moveit2/hook/cmake_prefix_path.sh'
[5.371s] Level 1:colcon.colcon_core.environment:checking '/home/amin/cobot/cobot_ws/install/mycobot_280arduino_moveit2/bin'
[5.371s] Level 1:colcon.colcon_core.environment:checking '/home/amin/cobot/cobot_ws/install/mycobot_280arduino_moveit2/lib/pkgconfig/mycobot_280arduino_moveit2.pc'
[5.372s] Level 1:colcon.colcon_core.environment:checking '/home/amin/cobot/cobot_ws/install/mycobot_280arduino_moveit2/lib/python3.12/site-packages'
[5.372s] Level 1:colcon.colcon_core.environment:checking '/home/amin/cobot/cobot_ws/install/mycobot_280arduino_moveit2/bin'
[5.372s] INFO:colcon.colcon_core.shell:Creating package script '/home/amin/cobot/cobot_ws/install/mycobot_280arduino_moveit2/share/mycobot_280arduino_moveit2/package.ps1'
[5.373s] INFO:colcon.colcon_core.shell:Creating package descriptor '/home/amin/cobot/cobot_ws/install/mycobot_280arduino_moveit2/share/mycobot_280arduino_moveit2/package.dsv'
[5.373s] INFO:colcon.colcon_core.shell:Creating package script '/home/amin/cobot/cobot_ws/install/mycobot_280arduino_moveit2/share/mycobot_280arduino_moveit2/package.sh'
[5.373s] INFO:colcon.colcon_core.shell:Creating package script '/home/amin/cobot/cobot_ws/install/mycobot_280arduino_moveit2/share/mycobot_280arduino_moveit2/package.bash'
[5.374s] INFO:colcon.colcon_core.shell:Creating package script '/home/amin/cobot/cobot_ws/install/mycobot_280arduino_moveit2/share/mycobot_280arduino_moveit2/package.zsh'
[5.374s] Level 1:colcon.colcon_core.environment:create_file_with_runtime_dependencies(/home/amin/cobot/cobot_ws/install/mycobot_280arduino_moveit2/share/colcon-core/packages/mycobot_280arduino_moveit2)
[5.375s] Level 1:colcon.colcon_core.environment:create_environment_scripts_only(mycobot_280arduino_moveit2)
[5.375s] Level 1:colcon.colcon_core.environment:checking '/home/amin/cobot/cobot_ws/install/mycobot_280arduino_moveit2' for CMake module files
[5.376s] Level 1:colcon.colcon_core.environment:checking '/home/amin/cobot/cobot_ws/install/mycobot_280arduino_moveit2' for CMake config files
[5.376s] Level 1:colcon.colcon_core.shell:create_environment_hook('mycobot_280arduino_moveit2', 'cmake_prefix_path')
[5.377s] INFO:colcon.colcon_core.shell:Creating environment hook '/home/amin/cobot/cobot_ws/install/mycobot_280arduino_moveit2/share/mycobot_280arduino_moveit2/hook/cmake_prefix_path.ps1'
[5.377s] INFO:colcon.colcon_core.shell:Creating environment descriptor '/home/amin/cobot/cobot_ws/install/mycobot_280arduino_moveit2/share/mycobot_280arduino_moveit2/hook/cmake_prefix_path.dsv'
[5.377s] INFO:colcon.colcon_core.shell:Creating environment hook '/home/amin/cobot/cobot_ws/install/mycobot_280arduino_moveit2/share/mycobot_280arduino_moveit2/hook/cmake_prefix_path.sh'
[5.378s] Level 1:colcon.colcon_core.environment:checking '/home/amin/cobot/cobot_ws/install/mycobot_280arduino_moveit2/bin'
[5.378s] Level 1:colcon.colcon_core.environment:checking '/home/amin/cobot/cobot_ws/install/mycobot_280arduino_moveit2/lib/pkgconfig/mycobot_280arduino_moveit2.pc'
[5.378s] Level 1:colcon.colcon_core.environment:checking '/home/amin/cobot/cobot_ws/install/mycobot_280arduino_moveit2/lib/python3.12/site-packages'
[5.379s] Level 1:colcon.colcon_core.environment:checking '/home/amin/cobot/cobot_ws/install/mycobot_280arduino_moveit2/bin'
[5.379s] INFO:colcon.colcon_core.shell:Creating package script '/home/amin/cobot/cobot_ws/install/mycobot_280arduino_moveit2/share/mycobot_280arduino_moveit2/package.ps1'
[5.379s] INFO:colcon.colcon_core.shell:Creating package descriptor '/home/amin/cobot/cobot_ws/install/mycobot_280arduino_moveit2/share/mycobot_280arduino_moveit2/package.dsv'
[5.380s] INFO:colcon.colcon_core.shell:Creating package script '/home/amin/cobot/cobot_ws/install/mycobot_280arduino_moveit2/share/mycobot_280arduino_moveit2/package.sh'
[5.380s] INFO:colcon.colcon_core.shell:Creating package script '/home/amin/cobot/cobot_ws/install/mycobot_280arduino_moveit2/share/mycobot_280arduino_moveit2/package.bash'
[5.381s] INFO:colcon.colcon_core.shell:Creating package script '/home/amin/cobot/cobot_ws/install/mycobot_280arduino_moveit2/share/mycobot_280arduino_moveit2/package.zsh'
[5.381s] Level 1:colcon.colcon_core.environment:create_file_with_runtime_dependencies(/home/amin/cobot/cobot_ws/install/mycobot_280arduino_moveit2/share/colcon-core/packages/mycobot_280arduino_moveit2)
[5.382s] INFO:colcon.colcon_ros.task.ament_python.build:Building ROS package in '/home/amin/cobot/cobot_ws/src/mycobot_ros2/mycobot_320/mycobot_320' with build type 'ament_python'
[5.382s] Level 1:colcon.colcon_core.shell:create_environment_hook('mycobot_320', 'ament_prefix_path')
[5.383s] INFO:colcon.colcon_core.shell:Creating environment hook '/home/amin/cobot/cobot_ws/install/mycobot_320/share/mycobot_320/hook/ament_prefix_path.ps1'
[5.383s] INFO:colcon.colcon_core.shell:Creating environment descriptor '/home/amin/cobot/cobot_ws/install/mycobot_320/share/mycobot_320/hook/ament_prefix_path.dsv'
[5.383s] INFO:colcon.colcon_core.shell:Creating environment hook '/home/amin/cobot/cobot_ws/install/mycobot_320/share/mycobot_320/hook/ament_prefix_path.sh'
[5.384s] INFO:colcon.colcon_core.shell:Skip shell extension 'powershell' for command environment: Not usable outside of PowerShell
[5.384s] DEBUG:colcon.colcon_core.shell:Skip shell extension 'dsv' for command environment
[5.390s] INFO:colcon.colcon_ros.task.ament_python.build:Building ROS package in '/home/amin/cobot/cobot_ws/src/mycobot_ros2/mycobot_320/mycobot_320_riscv' with build type 'ament_python'
[5.390s] Level 1:colcon.colcon_core.shell:create_environment_hook('mycobot_320_riscv', 'ament_prefix_path')
[5.390s] INFO:colcon.colcon_core.shell:Creating environment hook '/home/amin/cobot/cobot_ws/install/mycobot_320_riscv/share/mycobot_320_riscv/hook/ament_prefix_path.ps1'
[5.391s] INFO:colcon.colcon_core.shell:Creating environment descriptor '/home/amin/cobot/cobot_ws/install/mycobot_320_riscv/share/mycobot_320_riscv/hook/ament_prefix_path.dsv'
[5.391s] INFO:colcon.colcon_core.shell:Creating environment hook '/home/amin/cobot/cobot_ws/install/mycobot_320_riscv/share/mycobot_320_riscv/hook/ament_prefix_path.sh'
[5.392s] INFO:colcon.colcon_core.shell:Skip shell extension 'powershell' for command environment: Not usable outside of PowerShell
[5.392s] DEBUG:colcon.colcon_core.shell:Skip shell extension 'dsv' for command environment
[5.697s] INFO:colcon.colcon_core.task.python.build:Building Python package in '/home/amin/cobot/cobot_ws/src/mycobot_ros2/mycobot_320/mycobot_320'
[5.697s] INFO:colcon.colcon_core.shell:Skip shell extension 'powershell' for command environment: Not usable outside of PowerShell
[5.697s] DEBUG:colcon.colcon_core.shell:Skip shell extension 'dsv' for command environment
[5.952s] INFO:colcon.colcon_core.task.python.build:Building Python package in '/home/amin/cobot/cobot_ws/src/mycobot_ros2/mycobot_320/mycobot_320_riscv'
[5.952s] INFO:colcon.colcon_core.shell:Skip shell extension 'powershell' for command environment: Not usable outside of PowerShell
[5.952s] DEBUG:colcon.colcon_core.shell:Skip shell extension 'dsv' for command environment
[5.959s] DEBUG:colcon.colcon_core.event_handler.log_command:Invoking command in '/home/amin/cobot/cobot_ws/src/mycobot_ros2/mycobot_280/mycobot_280_x3pi': AMENT_PREFIX_PATH=/home/amin/cobot/cobot_ws/install/mycobot_description:/home/amin/cobot/cobot_ws/install/ultraarm:/home/amin/cobot/cobot_ws/install/pro450_moveit2_control:/home/amin/cobot/cobot_ws/install/pro450_moveit2:/home/amin/cobot/cobot_ws/install/mypalletizer_communication:/home/amin/cobot/cobot_ws/install/mypalletizer_interfaces:/home/amin/cobot/cobot_ws/install/mypalletizer_260_pi:/home/amin/cobot/cobot_ws/install/mypalletizer_260:/home/amin/cobot/cobot_ws/install/mycobot_pro_450:/home/amin/cobot/cobot_ws/install/mycobot_pro450_interfaces:/home/amin/cobot/cobot_ws/install/myarm_m750:/home/amin/cobot/cobot_ws/install/myarm_c650:/home/amin/cobot/cobot_ws/install/mycobot_communication:/home/amin/cobot/cobot_ws/install/mecharm_communication:/home/amin/cobot/cobot_ws/install/mycobot_interfaces:/home/amin/cobot/cobot_ws/install/mycobot_630:/home/amin/cobot/cobot_ws/install/mycobot_600:/home/amin/cobot/cobot_ws/install/mycobot_320pi:/home/amin/cobot/cobot_ws/install/mycobot_320_riscv:/home/amin/cobot/cobot_ws/install/mycobot_320:/home/amin/cobot/cobot_ws/install/mycobot_280rdkx5_moveit2:/home/amin/cobot/cobot_ws/install/mycobot_280pi:/home/amin/cobot/cobot_ws/install/mycobot_280jn:/home/amin/cobot/cobot_ws/install/mycobot_280arduino_moveit2:/home/amin/cobot/cobot_ws/install/mycobot_280_x3pi:/home/amin/cobot/cobot_ws/install/mycobot_280_riscv:/home/amin/cobot/cobot_ws/install/mycobot_280_rdkx5:/home/amin/cobot/cobot_ws/install/mycobot_280_moveit2_control:/home/amin/cobot/cobot_ws/install/mycobot_280_moveit2:/home/amin/cobot/cobot_ws/install/mycobot_280_gazebo_jazzy:/home/amin/cobot/cobot_ws/install/mycobot_280_gazebo:/home/amin/cobot/cobot_ws/install/mycobot_280_arduino:/home/amin/cobot/cobot_ws/install/mycobot_280:/home/amin/cobot/cobot_ws/install/mybuddy:/home/amin/cobot/cobot_ws/install/myarm_300:/home/amin/cobot/cobot_ws/install/mecharm_pi:/home/amin/cobot/cobot_ws/install/mecharm:/home/amin/cobot/cobot_ws/install/mecharm_interfaces:/opt/ros/jazzy DEBUGINFOD_URLS=https://debuginfod.ubuntu.com PYTHONPATH=/home/amin/cobot/cobot_ws/build/mycobot_280_x3pi/prefix_override:/usr/lib/python3/dist-packages/colcon_core/task/python/colcon_distutils_commands:/home/amin/cobot/cobot_ws/install/mycobot_280_x3pi/lib/python3.12/site-packages:/home/amin/cobot/cobot_ws/install/mycobot_description/lib/python3.12/site-packages:/home/amin/cobot/cobot_ws/install/ultraarm/lib/python3.12/site-packages:/home/amin/cobot/cobot_ws/install/pro450_moveit2_control/lib/python3.12/site-packages:/home/amin/cobot/cobot_ws/install/mypalletizer_communication/lib/python3.12/site-packages:/home/amin/cobot/cobot_ws/install/mypalletizer_interfaces/lib/python3.12/site-packages:/home/amin/cobot/cobot_ws/install/mypalletizer_260_pi/lib/python3.12/site-packages:/home/amin/cobot/cobot_ws/install/mypalletizer_260/lib/python3.12/site-packages:/home/amin/cobot/cobot_ws/install/mycobot_pro_450/lib/python3.12/site-packages:/home/amin/cobot/cobot_ws/install/mycobot_pro450_interfaces/lib/python3.12/site-packages:/home/amin/cobot/cobot_ws/install/myarm_m750/lib/python3.12/site-packages:/home/amin/cobot/cobot_ws/install/myarm_c650/lib/python3.12/site-packages:/home/amin/cobot/cobot_ws/install/mycobot_communication/lib/python3.12/site-packages:/home/amin/cobot/cobot_ws/install/mecharm_communication/lib/python3.12/site-packages:/home/amin/cobot/cobot_ws/install/mycobot_interfaces/lib/python3.12/site-packages:/home/amin/cobot/cobot_ws/install/mycobot_630/lib/python3.12/site-packages:/home/amin/cobot/cobot_ws/install/mycobot_600/lib/python3.12/site-packages:/home/amin/cobot/cobot_ws/install/mycobot_320pi/lib/python3.12/site-packages:/home/amin/cobot/cobot_ws/install/mycobot_320_riscv/lib/python3.12/site-packages:/home/amin/cobot/cobot_ws/install/mycobot_320/lib/python3.12/site-packages:/home/amin/cobot/cobot_ws/install/mycobot_280pi/lib/python3.12/site-packages:/home/amin/cobot/cobot_ws/install/mycobot_280jn/lib/python3.12/site-packages:/home/amin/cobot/cobot_ws/install/mycobot_280_x3pi/lib/python3.12/site-packages:/home/amin/cobot/cobot_ws/install/mycobot_280_riscv/lib/python3.12/site-packages:/home/amin/cobot/cobot_ws/install/mycobot_280_rdkx5/lib/python3.12/site-packages:/home/amin/cobot/cobot_ws/install/mycobot_280_moveit2_control/lib/python3.12/site-packages:/home/amin/cobot/cobot_ws/install/mycobot_280_arduino/lib/python3.12/site-packages:/home/amin/cobot/cobot_ws/install/mycobot_280/lib/python3.12/site-packages:/home/amin/cobot/cobot_ws/install/mybuddy/lib/python3.12/site-packages:/home/amin/cobot/cobot_ws/install/myarm_300/lib/python3.12/site-packages:/home/amin/cobot/cobot_ws/install/mecharm_pi/lib/python3.12/site-packages:/home/amin/cobot/cobot_ws/install/mecharm/lib/python3.12/site-packages:/home/amin/cobot/cobot_ws/install/mecharm_interfaces/lib/python3.12/site-packages:/opt/ros/jazzy/lib/python3.12/site-packages /usr/bin/python3 -W ignore:setup.py install is deprecated -W ignore:easy_install command is deprecated setup.py egg_info --egg-base ../../../../build/mycobot_280_x3pi build --build-base /home/amin/cobot/cobot_ws/build/mycobot_280_x3pi/build install --record /home/amin/cobot/cobot_ws/build/mycobot_280_x3pi/install.log --single-version-externally-managed install_data
[5.959s] DEBUG:colcon.colcon_core.event_handler.log_command:Invoked command in '/home/amin/cobot/cobot_ws/build/mycobot_280rdkx5_moveit2' returned '0': AMENT_PREFIX_PATH=/home/amin/cobot/cobot_ws/install/mycobot_description:/home/amin/cobot/cobot_ws/install/ultraarm:/home/amin/cobot/cobot_ws/install/pro450_moveit2_control:/home/amin/cobot/cobot_ws/install/pro450_moveit2:/home/amin/cobot/cobot_ws/install/mypalletizer_communication:/home/amin/cobot/cobot_ws/install/mypalletizer_interfaces:/home/amin/cobot/cobot_ws/install/mypalletizer_260_pi:/home/amin/cobot/cobot_ws/install/mypalletizer_260:/home/amin/cobot/cobot_ws/install/mycobot_pro_450:/home/amin/cobot/cobot_ws/install/mycobot_pro450_interfaces:/home/amin/cobot/cobot_ws/install/myarm_m750:/home/amin/cobot/cobot_ws/install/myarm_c650:/home/amin/cobot/cobot_ws/install/mycobot_communication:/home/amin/cobot/cobot_ws/install/mecharm_communication:/home/amin/cobot/cobot_ws/install/mycobot_interfaces:/home/amin/cobot/cobot_ws/install/mycobot_630:/home/amin/cobot/cobot_ws/install/mycobot_600:/home/amin/cobot/cobot_ws/install/mycobot_320pi:/home/amin/cobot/cobot_ws/install/mycobot_320_riscv:/home/amin/cobot/cobot_ws/install/mycobot_320:/home/amin/cobot/cobot_ws/install/mycobot_280rdkx5_moveit2:/home/amin/cobot/cobot_ws/install/mycobot_280pi:/home/amin/cobot/cobot_ws/install/mycobot_280jn:/home/amin/cobot/cobot_ws/install/mycobot_280arduino_moveit2:/home/amin/cobot/cobot_ws/install/mycobot_280_x3pi:/home/amin/cobot/cobot_ws/install/mycobot_280_riscv:/home/amin/cobot/cobot_ws/install/mycobot_280_rdkx5:/home/amin/cobot/cobot_ws/install/mycobot_280_moveit2_control:/home/amin/cobot/cobot_ws/install/mycobot_280_moveit2:/home/amin/cobot/cobot_ws/install/mycobot_280_gazebo_jazzy:/home/amin/cobot/cobot_ws/install/mycobot_280_gazebo:/home/amin/cobot/cobot_ws/install/mycobot_280_arduino:/home/amin/cobot/cobot_ws/install/mycobot_280:/home/amin/cobot/cobot_ws/install/mybuddy:/home/amin/cobot/cobot_ws/install/myarm_300:/home/amin/cobot/cobot_ws/install/mecharm_pi:/home/amin/cobot/cobot_ws/install/mecharm:/home/amin/cobot/cobot_ws/install/mecharm_interfaces:/opt/ros/jazzy CMAKE_PREFIX_PATH=${CMAKE_PREFIX_PATH}:/home/amin/cobot/cobot_ws/install/ultraarm:/home/amin/cobot/cobot_ws/install/pro450_moveit2_control:/home/amin/cobot/cobot_ws/install/mypalletizer_communication:/home/amin/cobot/cobot_ws/install/mypalletizer_260_pi:/home/amin/cobot/cobot_ws/install/mypalletizer_260:/home/amin/cobot/cobot_ws/install/mycobot_pro_450:/home/amin/cobot/cobot_ws/install/myarm_m750:/home/amin/cobot/cobot_ws/install/myarm_c650:/home/amin/cobot/cobot_ws/install/mycobot_communication:/home/amin/cobot/cobot_ws/install/mecharm_communication:/home/amin/cobot/cobot_ws/install/mycobot_630:/home/amin/cobot/cobot_ws/install/mycobot_600:/home/amin/cobot/cobot_ws/install/mycobot_320pi:/home/amin/cobot/cobot_ws/install/mycobot_320_riscv:/home/amin/cobot/cobot_ws/install/mycobot_320:/home/amin/cobot/cobot_ws/install/mycobot_280pi:/home/amin/cobot/cobot_ws/install/mycobot_280jn:/home/amin/cobot/cobot_ws/install/mycobot_280_x3pi:/home/amin/cobot/cobot_ws/install/mycobot_280_riscv:/home/amin/cobot/cobot_ws/install/mycobot_280_rdkx5:/home/amin/cobot/cobot_ws/install/mycobot_280_moveit2_control:/home/amin/cobot/cobot_ws/install/mycobot_280_arduino:/home/amin/cobot/cobot_ws/install/mycobot_280:/home/amin/cobot/cobot_ws/install/mybuddy:/home/amin/cobot/cobot_ws/install/myarm_300:/home/amin/cobot/cobot_ws/install/mecharm_pi:/home/amin/cobot/cobot_ws/install/mecharm:/home/amin/cobot/cobot_ws/install/mycobot_description:/opt/ros/jazzy DEBUGINFOD_URLS=https://debuginfod.ubuntu.com PYTHONPATH=/home/amin/cobot/cobot_ws/install/mycobot_description/lib/python3.12/site-packages:/home/amin/cobot/cobot_ws/install/ultraarm/lib/python3.12/site-packages:/home/amin/cobot/cobot_ws/install/pro450_moveit2_control/lib/python3.12/site-packages:/home/amin/cobot/cobot_ws/install/mypalletizer_communication/lib/python3.12/site-packages:/home/amin/cobot/cobot_ws/install/mypalletizer_interfaces/lib/python3.12/site-packages:/home/amin/cobot/cobot_ws/install/mypalletizer_260_pi/lib/python3.12/site-packages:/home/amin/cobot/cobot_ws/install/mypalletizer_260/lib/python3.12/site-packages:/home/amin/cobot/cobot_ws/install/mycobot_pro_450/lib/python3.12/site-packages:/home/amin/cobot/cobot_ws/install/mycobot_pro450_interfaces/lib/python3.12/site-packages:/home/amin/cobot/cobot_ws/install/myarm_m750/lib/python3.12/site-packages:/home/amin/cobot/cobot_ws/install/myarm_c650/lib/python3.12/site-packages:/home/amin/cobot/cobot_ws/install/mycobot_communication/lib/python3.12/site-packages:/home/amin/cobot/cobot_ws/install/mecharm_communication/lib/python3.12/site-packages:/home/amin/cobot/cobot_ws/install/mycobot_interfaces/lib/python3.12/site-packages:/home/amin/cobot/cobot_ws/install/mycobot_630/lib/python3.12/site-packages:/home/amin/cobot/cobot_ws/install/mycobot_600/lib/python3.12/site-packages:/home/amin/cobot/cobot_ws/install/mycobot_320pi/lib/python3.12/site-packages:/home/amin/cobot/cobot_ws/install/mycobot_320_riscv/lib/python3.12/site-packages:/home/amin/cobot/cobot_ws/install/mycobot_320/lib/python3.12/site-packages:/home/amin/cobot/cobot_ws/install/mycobot_280pi/lib/python3.12/site-packages:/home/amin/cobot/cobot_ws/install/mycobot_280jn/lib/python3.12/site-packages:/home/amin/cobot/cobot_ws/install/mycobot_280_x3pi/lib/python3.12/site-packages:/home/amin/cobot/cobot_ws/install/mycobot_280_riscv/lib/python3.12/site-packages:/home/amin/cobot/cobot_ws/install/mycobot_280_rdkx5/lib/python3.12/site-packages:/home/amin/cobot/cobot_ws/install/mycobot_280_moveit2_control/lib/python3.12/site-packages:/home/amin/cobot/cobot_ws/install/mycobot_280_arduino/lib/python3.12/site-packages:/home/amin/cobot/cobot_ws/install/mycobot_280/lib/python3.12/site-packages:/home/amin/cobot/cobot_ws/install/mybuddy/lib/python3.12/site-packages:/home/amin/cobot/cobot_ws/install/myarm_300/lib/python3.12/site-packages:/home/amin/cobot/cobot_ws/install/mecharm_pi/lib/python3.12/site-packages:/home/amin/cobot/cobot_ws/install/mecharm/lib/python3.12/site-packages:/home/amin/cobot/cobot_ws/install/mecharm_interfaces/lib/python3.12/site-packages:/opt/ros/jazzy/lib/python3.12/site-packages /usr/bin/cmake --build /home/amin/cobot/cobot_ws/build/mycobot_280rdkx5_moveit2 -- -j8 -l8
[5.959s] DEBUG:colcon.colcon_core.event_handler.log_command:Invoking command in '/home/amin/cobot/cobot_ws/build/mycobot_280rdkx5_moveit2': AMENT_PREFIX_PATH=/home/amin/cobot/cobot_ws/install/mycobot_description:/home/amin/cobot/cobot_ws/install/ultraarm:/home/amin/cobot/cobot_ws/install/pro450_moveit2_control:/home/amin/cobot/cobot_ws/install/pro450_moveit2:/home/amin/cobot/cobot_ws/install/mypalletizer_communication:/home/amin/cobot/cobot_ws/install/mypalletizer_interfaces:/home/amin/cobot/cobot_ws/install/mypalletizer_260_pi:/home/amin/cobot/cobot_ws/install/mypalletizer_260:/home/amin/cobot/cobot_ws/install/mycobot_pro_450:/home/amin/cobot/cobot_ws/install/mycobot_pro450_interfaces:/home/amin/cobot/cobot_ws/install/myarm_m750:/home/amin/cobot/cobot_ws/install/myarm_c650:/home/amin/cobot/cobot_ws/install/mycobot_communication:/home/amin/cobot/cobot_ws/install/mecharm_communication:/home/amin/cobot/cobot_ws/install/mycobot_interfaces:/home/amin/cobot/cobot_ws/install/mycobot_630:/home/amin/cobot/cobot_ws/install/mycobot_600:/home/amin/cobot/cobot_ws/install/mycobot_320pi:/home/amin/cobot/cobot_ws/install/mycobot_320_riscv:/home/amin/cobot/cobot_ws/install/mycobot_320:/home/amin/cobot/cobot_ws/install/mycobot_280rdkx5_moveit2:/home/amin/cobot/cobot_ws/install/mycobot_280pi:/home/amin/cobot/cobot_ws/install/mycobot_280jn:/home/amin/cobot/cobot_ws/install/mycobot_280arduino_moveit2:/home/amin/cobot/cobot_ws/install/mycobot_280_x3pi:/home/amin/cobot/cobot_ws/install/mycobot_280_riscv:/home/amin/cobot/cobot_ws/install/mycobot_280_rdkx5:/home/amin/cobot/cobot_ws/install/mycobot_280_moveit2_control:/home/amin/cobot/cobot_ws/install/mycobot_280_moveit2:/home/amin/cobot/cobot_ws/install/mycobot_280_gazebo_jazzy:/home/amin/cobot/cobot_ws/install/mycobot_280_gazebo:/home/amin/cobot/cobot_ws/install/mycobot_280_arduino:/home/amin/cobot/cobot_ws/install/mycobot_280:/home/amin/cobot/cobot_ws/install/mybuddy:/home/amin/cobot/cobot_ws/install/myarm_300:/home/amin/cobot/cobot_ws/install/mecharm_pi:/home/amin/cobot/cobot_ws/install/mecharm:/home/amin/cobot/cobot_ws/install/mecharm_interfaces:/opt/ros/jazzy CMAKE_PREFIX_PATH=${CMAKE_PREFIX_PATH}:/home/amin/cobot/cobot_ws/install/ultraarm:/home/amin/cobot/cobot_ws/install/pro450_moveit2_control:/home/amin/cobot/cobot_ws/install/mypalletizer_communication:/home/amin/cobot/cobot_ws/install/mypalletizer_260_pi:/home/amin/cobot/cobot_ws/install/mypalletizer_260:/home/amin/cobot/cobot_ws/install/mycobot_pro_450:/home/amin/cobot/cobot_ws/install/myarm_m750:/home/amin/cobot/cobot_ws/install/myarm_c650:/home/amin/cobot/cobot_ws/install/mycobot_communication:/home/amin/cobot/cobot_ws/install/mecharm_communication:/home/amin/cobot/cobot_ws/install/mycobot_630:/home/amin/cobot/cobot_ws/install/mycobot_600:/home/amin/cobot/cobot_ws/install/mycobot_320pi:/home/amin/cobot/cobot_ws/install/mycobot_320_riscv:/home/amin/cobot/cobot_ws/install/mycobot_320:/home/amin/cobot/cobot_ws/install/mycobot_280pi:/home/amin/cobot/cobot_ws/install/mycobot_280jn:/home/amin/cobot/cobot_ws/install/mycobot_280_x3pi:/home/amin/cobot/cobot_ws/install/mycobot_280_riscv:/home/amin/cobot/cobot_ws/install/mycobot_280_rdkx5:/home/amin/cobot/cobot_ws/install/mycobot_280_moveit2_control:/home/amin/cobot/cobot_ws/install/mycobot_280_arduino:/home/amin/cobot/cobot_ws/install/mycobot_280:/home/amin/cobot/cobot_ws/install/mybuddy:/home/amin/cobot/cobot_ws/install/myarm_300:/home/amin/cobot/cobot_ws/install/mecharm_pi:/home/amin/cobot/cobot_ws/install/mecharm:/home/amin/cobot/cobot_ws/install/mycobot_description:/opt/ros/jazzy DEBUGINFOD_URLS=https://debuginfod.ubuntu.com PYTHONPATH=/home/amin/cobot/cobot_ws/install/mycobot_description/lib/python3.12/site-packages:/home/amin/cobot/cobot_ws/install/ultraarm/lib/python3.12/site-packages:/home/amin/cobot/cobot_ws/install/pro450_moveit2_control/lib/python3.12/site-packages:/home/amin/cobot/cobot_ws/install/mypalletizer_communication/lib/python3.12/site-packages:/home/amin/cobot/cobot_ws/install/mypalletizer_interfaces/lib/python3.12/site-packages:/home/amin/cobot/cobot_ws/install/mypalletizer_260_pi/lib/python3.12/site-packages:/home/amin/cobot/cobot_ws/install/mypalletizer_260/lib/python3.12/site-packages:/home/amin/cobot/cobot_ws/install/mycobot_pro_450/lib/python3.12/site-packages:/home/amin/cobot/cobot_ws/install/mycobot_pro450_interfaces/lib/python3.12/site-packages:/home/amin/cobot/cobot_ws/install/myarm_m750/lib/python3.12/site-packages:/home/amin/cobot/cobot_ws/install/myarm_c650/lib/python3.12/site-packages:/home/amin/cobot/cobot_ws/install/mycobot_communication/lib/python3.12/site-packages:/home/amin/cobot/cobot_ws/install/mecharm_communication/lib/python3.12/site-packages:/home/amin/cobot/cobot_ws/install/mycobot_interfaces/lib/python3.12/site-packages:/home/amin/cobot/cobot_ws/install/mycobot_630/lib/python3.12/site-packages:/home/amin/cobot/cobot_ws/install/mycobot_600/lib/python3.12/site-packages:/home/amin/cobot/cobot_ws/install/mycobot_320pi/lib/python3.12/site-packages:/home/amin/cobot/cobot_ws/install/mycobot_320_riscv/lib/python3.12/site-packages:/home/amin/cobot/cobot_ws/install/mycobot_320/lib/python3.12/site-packages:/home/amin/cobot/cobot_ws/install/mycobot_280pi/lib/python3.12/site-packages:/home/amin/cobot/cobot_ws/install/mycobot_280jn/lib/python3.12/site-packages:/home/amin/cobot/cobot_ws/install/mycobot_280_x3pi/lib/python3.12/site-packages:/home/amin/cobot/cobot_ws/install/mycobot_280_riscv/lib/python3.12/site-packages:/home/amin/cobot/cobot_ws/install/mycobot_280_rdkx5/lib/python3.12/site-packages:/home/amin/cobot/cobot_ws/install/mycobot_280_moveit2_control/lib/python3.12/site-packages:/home/amin/cobot/cobot_ws/install/mycobot_280_arduino/lib/python3.12/site-packages:/home/amin/cobot/cobot_ws/install/mycobot_280/lib/python3.12/site-packages:/home/amin/cobot/cobot_ws/install/mybuddy/lib/python3.12/site-packages:/home/amin/cobot/cobot_ws/install/myarm_300/lib/python3.12/site-packages:/home/amin/cobot/cobot_ws/install/mecharm_pi/lib/python3.12/site-packages:/home/amin/cobot/cobot_ws/install/mecharm/lib/python3.12/site-packages:/home/amin/cobot/cobot_ws/install/mecharm_interfaces/lib/python3.12/site-packages:/opt/ros/jazzy/lib/python3.12/site-packages /usr/bin/cmake --install /home/amin/cobot/cobot_ws/build/mycobot_280rdkx5_moveit2
[5.960s] Level 1:colcon.colcon_core.environment:checking '/home/amin/cobot/cobot_ws/install/mycobot_280_riscv' for CMake module files
[5.960s] DEBUG:colcon.colcon_core.event_handler.log_command:Invoked command in '/home/amin/cobot/cobot_ws/src/mycobot_ros2/mycobot_280/mycobot_280_riscv' returned '0': AMENT_PREFIX_PATH=/home/amin/cobot/cobot_ws/install/mycobot_description:/home/amin/cobot/cobot_ws/install/ultraarm:/home/amin/cobot/cobot_ws/install/pro450_moveit2_control:/home/amin/cobot/cobot_ws/install/pro450_moveit2:/home/amin/cobot/cobot_ws/install/mypalletizer_communication:/home/amin/cobot/cobot_ws/install/mypalletizer_interfaces:/home/amin/cobot/cobot_ws/install/mypalletizer_260_pi:/home/amin/cobot/cobot_ws/install/mypalletizer_260:/home/amin/cobot/cobot_ws/install/mycobot_pro_450:/home/amin/cobot/cobot_ws/install/mycobot_pro450_interfaces:/home/amin/cobot/cobot_ws/install/myarm_m750:/home/amin/cobot/cobot_ws/install/myarm_c650:/home/amin/cobot/cobot_ws/install/mycobot_communication:/home/amin/cobot/cobot_ws/install/mecharm_communication:/home/amin/cobot/cobot_ws/install/mycobot_interfaces:/home/amin/cobot/cobot_ws/install/mycobot_630:/home/amin/cobot/cobot_ws/install/mycobot_600:/home/amin/cobot/cobot_ws/install/mycobot_320pi:/home/amin/cobot/cobot_ws/install/mycobot_320_riscv:/home/amin/cobot/cobot_ws/install/mycobot_320:/home/amin/cobot/cobot_ws/install/mycobot_280rdkx5_moveit2:/home/amin/cobot/cobot_ws/install/mycobot_280pi:/home/amin/cobot/cobot_ws/install/mycobot_280jn:/home/amin/cobot/cobot_ws/install/mycobot_280arduino_moveit2:/home/amin/cobot/cobot_ws/install/mycobot_280_x3pi:/home/amin/cobot/cobot_ws/install/mycobot_280_riscv:/home/amin/cobot/cobot_ws/install/mycobot_280_rdkx5:/home/amin/cobot/cobot_ws/install/mycobot_280_moveit2_control:/home/amin/cobot/cobot_ws/install/mycobot_280_moveit2:/home/amin/cobot/cobot_ws/install/mycobot_280_gazebo_jazzy:/home/amin/cobot/cobot_ws/install/mycobot_280_gazebo:/home/amin/cobot/cobot_ws/install/mycobot_280_arduino:/home/amin/cobot/cobot_ws/install/mycobot_280:/home/amin/cobot/cobot_ws/install/mybuddy:/home/amin/cobot/cobot_ws/install/myarm_300:/home/amin/cobot/cobot_ws/install/mecharm_pi:/home/amin/cobot/cobot_ws/install/mecharm:/home/amin/cobot/cobot_ws/install/mecharm_interfaces:/opt/ros/jazzy DEBUGINFOD_URLS=https://debuginfod.ubuntu.com PYTHONPATH=/home/amin/cobot/cobot_ws/build/mycobot_280_riscv/prefix_override:/usr/lib/python3/dist-packages/colcon_core/task/python/colcon_distutils_commands:/home/amin/cobot/cobot_ws/install/mycobot_280_riscv/lib/python3.12/site-packages:/home/amin/cobot/cobot_ws/install/mycobot_description/lib/python3.12/site-packages:/home/amin/cobot/cobot_ws/install/ultraarm/lib/python3.12/site-packages:/home/amin/cobot/cobot_ws/install/pro450_moveit2_control/lib/python3.12/site-packages:/home/amin/cobot/cobot_ws/install/mypalletizer_communication/lib/python3.12/site-packages:/home/amin/cobot/cobot_ws/install/mypalletizer_interfaces/lib/python3.12/site-packages:/home/amin/cobot/cobot_ws/install/mypalletizer_260_pi/lib/python3.12/site-packages:/home/amin/cobot/cobot_ws/install/mypalletizer_260/lib/python3.12/site-packages:/home/amin/cobot/cobot_ws/install/mycobot_pro_450/lib/python3.12/site-packages:/home/amin/cobot/cobot_ws/install/mycobot_pro450_interfaces/lib/python3.12/site-packages:/home/amin/cobot/cobot_ws/install/myarm_m750/lib/python3.12/site-packages:/home/amin/cobot/cobot_ws/install/myarm_c650/lib/python3.12/site-packages:/home/amin/cobot/cobot_ws/install/mycobot_communication/lib/python3.12/site-packages:/home/amin/cobot/cobot_ws/install/mecharm_communication/lib/python3.12/site-packages:/home/amin/cobot/cobot_ws/install/mycobot_interfaces/lib/python3.12/site-packages:/home/amin/cobot/cobot_ws/install/mycobot_630/lib/python3.12/site-packages:/home/amin/cobot/cobot_ws/install/mycobot_600/lib/python3.12/site-packages:/home/amin/cobot/cobot_ws/install/mycobot_320pi/lib/python3.12/site-packages:/home/amin/cobot/cobot_ws/install/mycobot_320_riscv/lib/python3.12/site-packages:/home/amin/cobot/cobot_ws/install/mycobot_320/lib/python3.12/site-packages:/home/amin/cobot/cobot_ws/install/mycobot_280pi/lib/python3.12/site-packages:/home/amin/cobot/cobot_ws/install/mycobot_280jn/lib/python3.12/site-packages:/home/amin/cobot/cobot_ws/install/mycobot_280_x3pi/lib/python3.12/site-packages:/home/amin/cobot/cobot_ws/install/mycobot_280_riscv/lib/python3.12/site-packages:/home/amin/cobot/cobot_ws/install/mycobot_280_rdkx5/lib/python3.12/site-packages:/home/amin/cobot/cobot_ws/install/mycobot_280_moveit2_control/lib/python3.12/site-packages:/home/amin/cobot/cobot_ws/install/mycobot_280_arduino/lib/python3.12/site-packages:/home/amin/cobot/cobot_ws/install/mycobot_280/lib/python3.12/site-packages:/home/amin/cobot/cobot_ws/install/mybuddy/lib/python3.12/site-packages:/home/amin/cobot/cobot_ws/install/myarm_300/lib/python3.12/site-packages:/home/amin/cobot/cobot_ws/install/mecharm_pi/lib/python3.12/site-packages:/home/amin/cobot/cobot_ws/install/mecharm/lib/python3.12/site-packages:/home/amin/cobot/cobot_ws/install/mecharm_interfaces/lib/python3.12/site-packages:/opt/ros/jazzy/lib/python3.12/site-packages /usr/bin/python3 -W ignore:setup.py install is deprecated -W ignore:easy_install command is deprecated setup.py egg_info --egg-base ../../../../build/mycobot_280_riscv build --build-base /home/amin/cobot/cobot_ws/build/mycobot_280_riscv/build install --record /home/amin/cobot/cobot_ws/build/mycobot_280_riscv/install.log --single-version-externally-managed install_data
[5.960s] Level 1:colcon.colcon_core.environment:checking '/home/amin/cobot/cobot_ws/install/mycobot_280_riscv' for CMake config files
[5.961s] Level 1:colcon.colcon_core.environment:checking '/home/amin/cobot/cobot_ws/install/mycobot_280_riscv/lib'
[5.961s] Level 1:colcon.colcon_core.environment:checking '/home/amin/cobot/cobot_ws/install/mycobot_280_riscv/bin'
[5.961s] Level 1:colcon.colcon_core.environment:checking '/home/amin/cobot/cobot_ws/install/mycobot_280_riscv/lib/pkgconfig/mycobot_280_riscv.pc'
[5.961s] Level 1:colcon.colcon_core.environment:checking '/home/amin/cobot/cobot_ws/install/mycobot_280_riscv/lib/python3.12/site-packages'
[5.962s] Level 1:colcon.colcon_core.shell:create_environment_hook('mycobot_280_riscv', 'pythonpath')
[5.962s] INFO:colcon.colcon_core.shell:Creating environment hook '/home/amin/cobot/cobot_ws/install/mycobot_280_riscv/share/mycobot_280_riscv/hook/pythonpath.ps1'
[5.962s] INFO:colcon.colcon_core.shell:Creating environment descriptor '/home/amin/cobot/cobot_ws/install/mycobot_280_riscv/share/mycobot_280_riscv/hook/pythonpath.dsv'
[5.962s] INFO:colcon.colcon_core.shell:Creating environment hook '/home/amin/cobot/cobot_ws/install/mycobot_280_riscv/share/mycobot_280_riscv/hook/pythonpath.sh'
[5.963s] Level 1:colcon.colcon_core.environment:checking '/home/amin/cobot/cobot_ws/install/mycobot_280_riscv/bin'
[5.963s] Level 1:colcon.colcon_core.environment:create_environment_scripts_only(mycobot_280_riscv)
[5.963s] INFO:colcon.colcon_core.shell:Creating package script '/home/amin/cobot/cobot_ws/install/mycobot_280_riscv/share/mycobot_280_riscv/package.ps1'
[5.964s] INFO:colcon.colcon_core.shell:Creating package descriptor '/home/amin/cobot/cobot_ws/install/mycobot_280_riscv/share/mycobot_280_riscv/package.dsv'
[5.964s] INFO:colcon.colcon_core.shell:Creating package script '/home/amin/cobot/cobot_ws/install/mycobot_280_riscv/share/mycobot_280_riscv/package.sh'
[5.965s] INFO:colcon.colcon_core.shell:Creating package script '/home/amin/cobot/cobot_ws/install/mycobot_280_riscv/share/mycobot_280_riscv/package.bash'
[5.965s] INFO:colcon.colcon_core.shell:Creating package script '/home/amin/cobot/cobot_ws/install/mycobot_280_riscv/share/mycobot_280_riscv/package.zsh'
[5.965s] Level 1:colcon.colcon_core.environment:create_file_with_runtime_dependencies(/home/amin/cobot/cobot_ws/install/mycobot_280_riscv/share/colcon-core/packages/mycobot_280_riscv)
[5.967s] Level 1:colcon.colcon_core.environment:checking '/home/amin/cobot/cobot_ws/install/mycobot_280_moveit2_control' for CMake module files
[5.967s] Level 1:colcon.colcon_core.environment:checking '/home/amin/cobot/cobot_ws/install/mycobot_280_moveit2_control' for CMake config files
[5.967s] DEBUG:colcon.colcon_core.event_handler.log_command:Invoking command in '/home/amin/cobot/cobot_ws/src/mycobot_ros2/mycobot_280/mycobot_280jn': AMENT_PREFIX_PATH=/home/amin/cobot/cobot_ws/install/mycobot_description:/home/amin/cobot/cobot_ws/install/ultraarm:/home/amin/cobot/cobot_ws/install/pro450_moveit2_control:/home/amin/cobot/cobot_ws/install/pro450_moveit2:/home/amin/cobot/cobot_ws/install/mypalletizer_communication:/home/amin/cobot/cobot_ws/install/mypalletizer_interfaces:/home/amin/cobot/cobot_ws/install/mypalletizer_260_pi:/home/amin/cobot/cobot_ws/install/mypalletizer_260:/home/amin/cobot/cobot_ws/install/mycobot_pro_450:/home/amin/cobot/cobot_ws/install/mycobot_pro450_interfaces:/home/amin/cobot/cobot_ws/install/myarm_m750:/home/amin/cobot/cobot_ws/install/myarm_c650:/home/amin/cobot/cobot_ws/install/mycobot_communication:/home/amin/cobot/cobot_ws/install/mecharm_communication:/home/amin/cobot/cobot_ws/install/mycobot_interfaces:/home/amin/cobot/cobot_ws/install/mycobot_630:/home/amin/cobot/cobot_ws/install/mycobot_600:/home/amin/cobot/cobot_ws/install/mycobot_320pi:/home/amin/cobot/cobot_ws/install/mycobot_320_riscv:/home/amin/cobot/cobot_ws/install/mycobot_320:/home/amin/cobot/cobot_ws/install/mycobot_280rdkx5_moveit2:/home/amin/cobot/cobot_ws/install/mycobot_280pi:/home/amin/cobot/cobot_ws/install/mycobot_280jn:/home/amin/cobot/cobot_ws/install/mycobot_280arduino_moveit2:/home/amin/cobot/cobot_ws/install/mycobot_280_x3pi:/home/amin/cobot/cobot_ws/install/mycobot_280_riscv:/home/amin/cobot/cobot_ws/install/mycobot_280_rdkx5:/home/amin/cobot/cobot_ws/install/mycobot_280_moveit2_control:/home/amin/cobot/cobot_ws/install/mycobot_280_moveit2:/home/amin/cobot/cobot_ws/install/mycobot_280_gazebo_jazzy:/home/amin/cobot/cobot_ws/install/mycobot_280_gazebo:/home/amin/cobot/cobot_ws/install/mycobot_280_arduino:/home/amin/cobot/cobot_ws/install/mycobot_280:/home/amin/cobot/cobot_ws/install/mybuddy:/home/amin/cobot/cobot_ws/install/myarm_300:/home/amin/cobot/cobot_ws/install/mecharm_pi:/home/amin/cobot/cobot_ws/install/mecharm:/home/amin/cobot/cobot_ws/install/mecharm_interfaces:/opt/ros/jazzy DEBUGINFOD_URLS=https://debuginfod.ubuntu.com PYTHONPATH=/home/amin/cobot/cobot_ws/build/mycobot_280jn/prefix_override:/usr/lib/python3/dist-packages/colcon_core/task/python/colcon_distutils_commands:/home/amin/cobot/cobot_ws/install/mycobot_280jn/lib/python3.12/site-packages:/home/amin/cobot/cobot_ws/install/mycobot_description/lib/python3.12/site-packages:/home/amin/cobot/cobot_ws/install/ultraarm/lib/python3.12/site-packages:/home/amin/cobot/cobot_ws/install/pro450_moveit2_control/lib/python3.12/site-packages:/home/amin/cobot/cobot_ws/install/mypalletizer_communication/lib/python3.12/site-packages:/home/amin/cobot/cobot_ws/install/mypalletizer_interfaces/lib/python3.12/site-packages:/home/amin/cobot/cobot_ws/install/mypalletizer_260_pi/lib/python3.12/site-packages:/home/amin/cobot/cobot_ws/install/mypalletizer_260/lib/python3.12/site-packages:/home/amin/cobot/cobot_ws/install/mycobot_pro_450/lib/python3.12/site-packages:/home/amin/cobot/cobot_ws/install/mycobot_pro450_interfaces/lib/python3.12/site-packages:/home/amin/cobot/cobot_ws/install/myarm_m750/lib/python3.12/site-packages:/home/amin/cobot/cobot_ws/install/myarm_c650/lib/python3.12/site-packages:/home/amin/cobot/cobot_ws/install/mycobot_communication/lib/python3.12/site-packages:/home/amin/cobot/cobot_ws/install/mecharm_communication/lib/python3.12/site-packages:/home/amin/cobot/cobot_ws/install/mycobot_interfaces/lib/python3.12/site-packages:/home/amin/cobot/cobot_ws/install/mycobot_630/lib/python3.12/site-packages:/home/amin/cobot/cobot_ws/install/mycobot_600/lib/python3.12/site-packages:/home/amin/cobot/cobot_ws/install/mycobot_320pi/lib/python3.12/site-packages:/home/amin/cobot/cobot_ws/install/mycobot_320_riscv/lib/python3.12/site-packages:/home/amin/cobot/cobot_ws/install/mycobot_320/lib/python3.12/site-packages:/home/amin/cobot/cobot_ws/install/mycobot_280pi/lib/python3.12/site-packages:/home/amin/cobot/cobot_ws/install/mycobot_280jn/lib/python3.12/site-packages:/home/amin/cobot/cobot_ws/install/mycobot_280_x3pi/lib/python3.12/site-packages:/home/amin/cobot/cobot_ws/install/mycobot_280_riscv/lib/python3.12/site-packages:/home/amin/cobot/cobot_ws/install/mycobot_280_rdkx5/lib/python3.12/site-packages:/home/amin/cobot/cobot_ws/install/mycobot_280_moveit2_control/lib/python3.12/site-packages:/home/amin/cobot/cobot_ws/install/mycobot_280_arduino/lib/python3.12/site-packages:/home/amin/cobot/cobot_ws/install/mycobot_280/lib/python3.12/site-packages:/home/amin/cobot/cobot_ws/install/mybuddy/lib/python3.12/site-packages:/home/amin/cobot/cobot_ws/install/myarm_300/lib/python3.12/site-packages:/home/amin/cobot/cobot_ws/install/mecharm_pi/lib/python3.12/site-packages:/home/amin/cobot/cobot_ws/install/mecharm/lib/python3.12/site-packages:/home/amin/cobot/cobot_ws/install/mecharm_interfaces/lib/python3.12/site-packages:/opt/ros/jazzy/lib/python3.12/site-packages /usr/bin/python3 -W ignore:setup.py install is deprecated -W ignore:easy_install command is deprecated setup.py egg_info --egg-base ../../../../build/mycobot_280jn build --build-base /home/amin/cobot/cobot_ws/build/mycobot_280jn/build install --record /home/amin/cobot/cobot_ws/build/mycobot_280jn/install.log --single-version-externally-managed install_data
[5.968s] DEBUG:colcon.colcon_core.event_handler.log_command:Invoked command in '/home/amin/cobot/cobot_ws/src/mycobot_ros2/mycobot_280/mycobot_280_moveit2_control' returned '0': AMENT_PREFIX_PATH=/home/amin/cobot/cobot_ws/install/mycobot_description:/home/amin/cobot/cobot_ws/install/ultraarm:/home/amin/cobot/cobot_ws/install/pro450_moveit2_control:/home/amin/cobot/cobot_ws/install/pro450_moveit2:/home/amin/cobot/cobot_ws/install/mypalletizer_communication:/home/amin/cobot/cobot_ws/install/mypalletizer_interfaces:/home/amin/cobot/cobot_ws/install/mypalletizer_260_pi:/home/amin/cobot/cobot_ws/install/mypalletizer_260:/home/amin/cobot/cobot_ws/install/mycobot_pro_450:/home/amin/cobot/cobot_ws/install/mycobot_pro450_interfaces:/home/amin/cobot/cobot_ws/install/myarm_m750:/home/amin/cobot/cobot_ws/install/myarm_c650:/home/amin/cobot/cobot_ws/install/mycobot_communication:/home/amin/cobot/cobot_ws/install/mecharm_communication:/home/amin/cobot/cobot_ws/install/mycobot_interfaces:/home/amin/cobot/cobot_ws/install/mycobot_630:/home/amin/cobot/cobot_ws/install/mycobot_600:/home/amin/cobot/cobot_ws/install/mycobot_320pi:/home/amin/cobot/cobot_ws/install/mycobot_320_riscv:/home/amin/cobot/cobot_ws/install/mycobot_320:/home/amin/cobot/cobot_ws/install/mycobot_280rdkx5_moveit2:/home/amin/cobot/cobot_ws/install/mycobot_280pi:/home/amin/cobot/cobot_ws/install/mycobot_280jn:/home/amin/cobot/cobot_ws/install/mycobot_280arduino_moveit2:/home/amin/cobot/cobot_ws/install/mycobot_280_x3pi:/home/amin/cobot/cobot_ws/install/mycobot_280_riscv:/home/amin/cobot/cobot_ws/install/mycobot_280_rdkx5:/home/amin/cobot/cobot_ws/install/mycobot_280_moveit2_control:/home/amin/cobot/cobot_ws/install/mycobot_280_moveit2:/home/amin/cobot/cobot_ws/install/mycobot_280_gazebo_jazzy:/home/amin/cobot/cobot_ws/install/mycobot_280_gazebo:/home/amin/cobot/cobot_ws/install/mycobot_280_arduino:/home/amin/cobot/cobot_ws/install/mycobot_280:/home/amin/cobot/cobot_ws/install/mybuddy:/home/amin/cobot/cobot_ws/install/myarm_300:/home/amin/cobot/cobot_ws/install/mecharm_pi:/home/amin/cobot/cobot_ws/install/mecharm:/home/amin/cobot/cobot_ws/install/mecharm_interfaces:/opt/ros/jazzy DEBUGINFOD_URLS=https://debuginfod.ubuntu.com PYTHONPATH=/home/amin/cobot/cobot_ws/build/mycobot_280_moveit2_control/prefix_override:/usr/lib/python3/dist-packages/colcon_core/task/python/colcon_distutils_commands:/home/amin/cobot/cobot_ws/install/mycobot_280_moveit2_control/lib/python3.12/site-packages:/home/amin/cobot/cobot_ws/install/mycobot_description/lib/python3.12/site-packages:/home/amin/cobot/cobot_ws/install/ultraarm/lib/python3.12/site-packages:/home/amin/cobot/cobot_ws/install/pro450_moveit2_control/lib/python3.12/site-packages:/home/amin/cobot/cobot_ws/install/mypalletizer_communication/lib/python3.12/site-packages:/home/amin/cobot/cobot_ws/install/mypalletizer_interfaces/lib/python3.12/site-packages:/home/amin/cobot/cobot_ws/install/mypalletizer_260_pi/lib/python3.12/site-packages:/home/amin/cobot/cobot_ws/install/mypalletizer_260/lib/python3.12/site-packages:/home/amin/cobot/cobot_ws/install/mycobot_pro_450/lib/python3.12/site-packages:/home/amin/cobot/cobot_ws/install/mycobot_pro450_interfaces/lib/python3.12/site-packages:/home/amin/cobot/cobot_ws/install/myarm_m750/lib/python3.12/site-packages:/home/amin/cobot/cobot_ws/install/myarm_c650/lib/python3.12/site-packages:/home/amin/cobot/cobot_ws/install/mycobot_communication/lib/python3.12/site-packages:/home/amin/cobot/cobot_ws/install/mecharm_communication/lib/python3.12/site-packages:/home/amin/cobot/cobot_ws/install/mycobot_interfaces/lib/python3.12/site-packages:/home/amin/cobot/cobot_ws/install/mycobot_630/lib/python3.12/site-packages:/home/amin/cobot/cobot_ws/install/mycobot_600/lib/python3.12/site-packages:/home/amin/cobot/cobot_ws/install/mycobot_320pi/lib/python3.12/site-packages:/home/amin/cobot/cobot_ws/install/mycobot_320_riscv/lib/python3.12/site-packages:/home/amin/cobot/cobot_ws/install/mycobot_320/lib/python3.12/site-packages:/home/amin/cobot/cobot_ws/install/mycobot_280pi/lib/python3.12/site-packages:/home/amin/cobot/cobot_ws/install/mycobot_280jn/lib/python3.12/site-packages:/home/amin/cobot/cobot_ws/install/mycobot_280_x3pi/lib/python3.12/site-packages:/home/amin/cobot/cobot_ws/install/mycobot_280_riscv/lib/python3.12/site-packages:/home/amin/cobot/cobot_ws/install/mycobot_280_rdkx5/lib/python3.12/site-packages:/home/amin/cobot/cobot_ws/install/mycobot_280_moveit2_control/lib/python3.12/site-packages:/home/amin/cobot/cobot_ws/install/mycobot_280_arduino/lib/python3.12/site-packages:/home/amin/cobot/cobot_ws/install/mycobot_280/lib/python3.12/site-packages:/home/amin/cobot/cobot_ws/install/mybuddy/lib/python3.12/site-packages:/home/amin/cobot/cobot_ws/install/myarm_300/lib/python3.12/site-packages:/home/amin/cobot/cobot_ws/install/mecharm_pi/lib/python3.12/site-packages:/home/amin/cobot/cobot_ws/install/mecharm/lib/python3.12/site-packages:/home/amin/cobot/cobot_ws/install/mecharm_interfaces/lib/python3.12/site-packages:/opt/ros/jazzy/lib/python3.12/site-packages /usr/bin/python3 -W ignore:setup.py install is deprecated -W ignore:easy_install command is deprecated setup.py egg_info --egg-base ../../../../build/mycobot_280_moveit2_control build --build-base /home/amin/cobot/cobot_ws/build/mycobot_280_moveit2_control/build install --record /home/amin/cobot/cobot_ws/build/mycobot_280_moveit2_control/install.log --single-version-externally-managed install_data
[5.968s] Level 1:colcon.colcon_core.environment:checking '/home/amin/cobot/cobot_ws/install/mycobot_280_moveit2_control/lib'
[5.968s] Level 1:colcon.colcon_core.environment:checking '/home/amin/cobot/cobot_ws/install/mycobot_280_moveit2_control/bin'
[5.968s] Level 1:colcon.colcon_core.environment:checking '/home/amin/cobot/cobot_ws/install/mycobot_280_moveit2_control/lib/pkgconfig/mycobot_280_moveit2_control.pc'
[5.968s] Level 1:colcon.colcon_core.environment:checking '/home/amin/cobot/cobot_ws/install/mycobot_280_moveit2_control/lib/python3.12/site-packages'
[5.968s] Level 1:colcon.colcon_core.shell:create_environment_hook('mycobot_280_moveit2_control', 'pythonpath')
[5.968s] INFO:colcon.colcon_core.shell:Creating environment hook '/home/amin/cobot/cobot_ws/install/mycobot_280_moveit2_control/share/mycobot_280_moveit2_control/hook/pythonpath.ps1'
[5.969s] INFO:colcon.colcon_core.shell:Creating environment descriptor '/home/amin/cobot/cobot_ws/install/mycobot_280_moveit2_control/share/mycobot_280_moveit2_control/hook/pythonpath.dsv'
[5.969s] INFO:colcon.colcon_core.shell:Creating environment hook '/home/amin/cobot/cobot_ws/install/mycobot_280_moveit2_control/share/mycobot_280_moveit2_control/hook/pythonpath.sh'
[5.969s] Level 1:colcon.colcon_core.environment:checking '/home/amin/cobot/cobot_ws/install/mycobot_280_moveit2_control/bin'
[5.969s] Level 1:colcon.colcon_core.environment:create_environment_scripts_only(mycobot_280_moveit2_control)
[5.970s] INFO:colcon.colcon_core.shell:Creating package script '/home/amin/cobot/cobot_ws/install/mycobot_280_moveit2_control/share/mycobot_280_moveit2_control/package.ps1'
[5.970s] INFO:colcon.colcon_core.shell:Creating package descriptor '/home/amin/cobot/cobot_ws/install/mycobot_280_moveit2_control/share/mycobot_280_moveit2_control/package.dsv'
[5.970s] INFO:colcon.colcon_core.shell:Creating package script '/home/amin/cobot/cobot_ws/install/mycobot_280_moveit2_control/share/mycobot_280_moveit2_control/package.sh'
[5.970s] INFO:colcon.colcon_core.shell:Creating package script '/home/amin/cobot/cobot_ws/install/mycobot_280_moveit2_control/share/mycobot_280_moveit2_control/package.bash'
[5.970s] INFO:colcon.colcon_core.shell:Creating package script '/home/amin/cobot/cobot_ws/install/mycobot_280_moveit2_control/share/mycobot_280_moveit2_control/package.zsh'
[5.971s] Level 1:colcon.colcon_core.environment:create_file_with_runtime_dependencies(/home/amin/cobot/cobot_ws/install/mycobot_280_moveit2_control/share/colcon-core/packages/mycobot_280_moveit2_control)
[5.973s] INFO:colcon.colcon_ros.task.ament_python.build:Building ROS package in '/home/amin/cobot/cobot_ws/src/mycobot_ros2/mycobot_320/mycobot_320pi' with build type 'ament_python'
[5.973s] Level 1:colcon.colcon_core.shell:create_environment_hook('mycobot_320pi', 'ament_prefix_path')
[5.973s] INFO:colcon.colcon_core.shell:Creating environment hook '/home/amin/cobot/cobot_ws/install/mycobot_320pi/share/mycobot_320pi/hook/ament_prefix_path.ps1'
[5.976s] INFO:colcon.colcon_core.shell:Creating environment descriptor '/home/amin/cobot/cobot_ws/install/mycobot_320pi/share/mycobot_320pi/hook/ament_prefix_path.dsv'
[5.977s] INFO:colcon.colcon_core.shell:Creating environment hook '/home/amin/cobot/cobot_ws/install/mycobot_320pi/share/mycobot_320pi/hook/ament_prefix_path.sh'
[5.978s] INFO:colcon.colcon_core.shell:Skip shell extension 'powershell' for command environment: Not usable outside of PowerShell
[5.978s] DEBUG:colcon.colcon_core.shell:Skip shell extension 'dsv' for command environment
[5.987s] INFO:colcon.colcon_ros.task.ament_python.build:Building ROS package in '/home/amin/cobot/cobot_ws/src/mycobot_ros2/mycobot_pro/mycobot_600' with build type 'ament_python'
[5.987s] Level 1:colcon.colcon_core.shell:create_environment_hook('mycobot_600', 'ament_prefix_path')
[5.987s] INFO:colcon.colcon_core.shell:Creating environment hook '/home/amin/cobot/cobot_ws/install/mycobot_600/share/mycobot_600/hook/ament_prefix_path.ps1'
[5.988s] INFO:colcon.colcon_core.shell:Creating environment descriptor '/home/amin/cobot/cobot_ws/install/mycobot_600/share/mycobot_600/hook/ament_prefix_path.dsv'
[5.989s] INFO:colcon.colcon_core.shell:Creating environment hook '/home/amin/cobot/cobot_ws/install/mycobot_600/share/mycobot_600/hook/ament_prefix_path.sh'
[5.989s] INFO:colcon.colcon_core.shell:Skip shell extension 'powershell' for command environment: Not usable outside of PowerShell
[5.989s] DEBUG:colcon.colcon_core.shell:Skip shell extension 'dsv' for command environment
[5.999s] Level 1:colcon.colcon_core.environment:create_environment_scripts_only(mycobot_280rdkx5_moveit2)
[6.000s] Level 1:colcon.colcon_core.environment:checking '/home/amin/cobot/cobot_ws/install/mycobot_280rdkx5_moveit2' for CMake module files
[6.000s] DEBUG:colcon.colcon_core.event_handler.log_command:Invoked command in '/home/amin/cobot/cobot_ws/build/mycobot_280rdkx5_moveit2' returned '0': AMENT_PREFIX_PATH=/home/amin/cobot/cobot_ws/install/mycobot_description:/home/amin/cobot/cobot_ws/install/ultraarm:/home/amin/cobot/cobot_ws/install/pro450_moveit2_control:/home/amin/cobot/cobot_ws/install/pro450_moveit2:/home/amin/cobot/cobot_ws/install/mypalletizer_communication:/home/amin/cobot/cobot_ws/install/mypalletizer_interfaces:/home/amin/cobot/cobot_ws/install/mypalletizer_260_pi:/home/amin/cobot/cobot_ws/install/mypalletizer_260:/home/amin/cobot/cobot_ws/install/mycobot_pro_450:/home/amin/cobot/cobot_ws/install/mycobot_pro450_interfaces:/home/amin/cobot/cobot_ws/install/myarm_m750:/home/amin/cobot/cobot_ws/install/myarm_c650:/home/amin/cobot/cobot_ws/install/mycobot_communication:/home/amin/cobot/cobot_ws/install/mecharm_communication:/home/amin/cobot/cobot_ws/install/mycobot_interfaces:/home/amin/cobot/cobot_ws/install/mycobot_630:/home/amin/cobot/cobot_ws/install/mycobot_600:/home/amin/cobot/cobot_ws/install/mycobot_320pi:/home/amin/cobot/cobot_ws/install/mycobot_320_riscv:/home/amin/cobot/cobot_ws/install/mycobot_320:/home/amin/cobot/cobot_ws/install/mycobot_280rdkx5_moveit2:/home/amin/cobot/cobot_ws/install/mycobot_280pi:/home/amin/cobot/cobot_ws/install/mycobot_280jn:/home/amin/cobot/cobot_ws/install/mycobot_280arduino_moveit2:/home/amin/cobot/cobot_ws/install/mycobot_280_x3pi:/home/amin/cobot/cobot_ws/install/mycobot_280_riscv:/home/amin/cobot/cobot_ws/install/mycobot_280_rdkx5:/home/amin/cobot/cobot_ws/install/mycobot_280_moveit2_control:/home/amin/cobot/cobot_ws/install/mycobot_280_moveit2:/home/amin/cobot/cobot_ws/install/mycobot_280_gazebo_jazzy:/home/amin/cobot/cobot_ws/install/mycobot_280_gazebo:/home/amin/cobot/cobot_ws/install/mycobot_280_arduino:/home/amin/cobot/cobot_ws/install/mycobot_280:/home/amin/cobot/cobot_ws/install/mybuddy:/home/amin/cobot/cobot_ws/install/myarm_300:/home/amin/cobot/cobot_ws/install/mecharm_pi:/home/amin/cobot/cobot_ws/install/mecharm:/home/amin/cobot/cobot_ws/install/mecharm_interfaces:/opt/ros/jazzy CMAKE_PREFIX_PATH=${CMAKE_PREFIX_PATH}:/home/amin/cobot/cobot_ws/install/ultraarm:/home/amin/cobot/cobot_ws/install/pro450_moveit2_control:/home/amin/cobot/cobot_ws/install/mypalletizer_communication:/home/amin/cobot/cobot_ws/install/mypalletizer_260_pi:/home/amin/cobot/cobot_ws/install/mypalletizer_260:/home/amin/cobot/cobot_ws/install/mycobot_pro_450:/home/amin/cobot/cobot_ws/install/myarm_m750:/home/amin/cobot/cobot_ws/install/myarm_c650:/home/amin/cobot/cobot_ws/install/mycobot_communication:/home/amin/cobot/cobot_ws/install/mecharm_communication:/home/amin/cobot/cobot_ws/install/mycobot_630:/home/amin/cobot/cobot_ws/install/mycobot_600:/home/amin/cobot/cobot_ws/install/mycobot_320pi:/home/amin/cobot/cobot_ws/install/mycobot_320_riscv:/home/amin/cobot/cobot_ws/install/mycobot_320:/home/amin/cobot/cobot_ws/install/mycobot_280pi:/home/amin/cobot/cobot_ws/install/mycobot_280jn:/home/amin/cobot/cobot_ws/install/mycobot_280_x3pi:/home/amin/cobot/cobot_ws/install/mycobot_280_riscv:/home/amin/cobot/cobot_ws/install/mycobot_280_rdkx5:/home/amin/cobot/cobot_ws/install/mycobot_280_moveit2_control:/home/amin/cobot/cobot_ws/install/mycobot_280_arduino:/home/amin/cobot/cobot_ws/install/mycobot_280:/home/amin/cobot/cobot_ws/install/mybuddy:/home/amin/cobot/cobot_ws/install/myarm_300:/home/amin/cobot/cobot_ws/install/mecharm_pi:/home/amin/cobot/cobot_ws/install/mecharm:/home/amin/cobot/cobot_ws/install/mycobot_description:/opt/ros/jazzy DEBUGINFOD_URLS=https://debuginfod.ubuntu.com PYTHONPATH=/home/amin/cobot/cobot_ws/install/mycobot_description/lib/python3.12/site-packages:/home/amin/cobot/cobot_ws/install/ultraarm/lib/python3.12/site-packages:/home/amin/cobot/cobot_ws/install/pro450_moveit2_control/lib/python3.12/site-packages:/home/amin/cobot/cobot_ws/install/mypalletizer_communication/lib/python3.12/site-packages:/home/amin/cobot/cobot_ws/install/mypalletizer_interfaces/lib/python3.12/site-packages:/home/amin/cobot/cobot_ws/install/mypalletizer_260_pi/lib/python3.12/site-packages:/home/amin/cobot/cobot_ws/install/mypalletizer_260/lib/python3.12/site-packages:/home/amin/cobot/cobot_ws/install/mycobot_pro_450/lib/python3.12/site-packages:/home/amin/cobot/cobot_ws/install/mycobot_pro450_interfaces/lib/python3.12/site-packages:/home/amin/cobot/cobot_ws/install/myarm_m750/lib/python3.12/site-packages:/home/amin/cobot/cobot_ws/install/myarm_c650/lib/python3.12/site-packages:/home/amin/cobot/cobot_ws/install/mycobot_communication/lib/python3.12/site-packages:/home/amin/cobot/cobot_ws/install/mecharm_communication/lib/python3.12/site-packages:/home/amin/cobot/cobot_ws/install/mycobot_interfaces/lib/python3.12/site-packages:/home/amin/cobot/cobot_ws/install/mycobot_630/lib/python3.12/site-packages:/home/amin/cobot/cobot_ws/install/mycobot_600/lib/python3.12/site-packages:/home/amin/cobot/cobot_ws/install/mycobot_320pi/lib/python3.12/site-packages:/home/amin/cobot/cobot_ws/install/mycobot_320_riscv/lib/python3.12/site-packages:/home/amin/cobot/cobot_ws/install/mycobot_320/lib/python3.12/site-packages:/home/amin/cobot/cobot_ws/install/mycobot_280pi/lib/python3.12/site-packages:/home/amin/cobot/cobot_ws/install/mycobot_280jn/lib/python3.12/site-packages:/home/amin/cobot/cobot_ws/install/mycobot_280_x3pi/lib/python3.12/site-packages:/home/amin/cobot/cobot_ws/install/mycobot_280_riscv/lib/python3.12/site-packages:/home/amin/cobot/cobot_ws/install/mycobot_280_rdkx5/lib/python3.12/site-packages:/home/amin/cobot/cobot_ws/install/mycobot_280_moveit2_control/lib/python3.12/site-packages:/home/amin/cobot/cobot_ws/install/mycobot_280_arduino/lib/python3.12/site-packages:/home/amin/cobot/cobot_ws/install/mycobot_280/lib/python3.12/site-packages:/home/amin/cobot/cobot_ws/install/mybuddy/lib/python3.12/site-packages:/home/amin/cobot/cobot_ws/install/myarm_300/lib/python3.12/site-packages:/home/amin/cobot/cobot_ws/install/mecharm_pi/lib/python3.12/site-packages:/home/amin/cobot/cobot_ws/install/mecharm/lib/python3.12/site-packages:/home/amin/cobot/cobot_ws/install/mecharm_interfaces/lib/python3.12/site-packages:/opt/ros/jazzy/lib/python3.12/site-packages /usr/bin/cmake --install /home/amin/cobot/cobot_ws/build/mycobot_280rdkx5_moveit2
[6.001s] Level 1:colcon.colcon_core.environment:checking '/home/amin/cobot/cobot_ws/install/mycobot_280rdkx5_moveit2' for CMake config files
[6.001s] Level 1:colcon.colcon_core.shell:create_environment_hook('mycobot_280rdkx5_moveit2', 'cmake_prefix_path')
[6.001s] INFO:colcon.colcon_core.shell:Creating environment hook '/home/amin/cobot/cobot_ws/install/mycobot_280rdkx5_moveit2/share/mycobot_280rdkx5_moveit2/hook/cmake_prefix_path.ps1'
[6.002s] INFO:colcon.colcon_core.shell:Creating environment descriptor '/home/amin/cobot/cobot_ws/install/mycobot_280rdkx5_moveit2/share/mycobot_280rdkx5_moveit2/hook/cmake_prefix_path.dsv'
[6.002s] INFO:colcon.colcon_core.shell:Creating environment hook '/home/amin/cobot/cobot_ws/install/mycobot_280rdkx5_moveit2/share/mycobot_280rdkx5_moveit2/hook/cmake_prefix_path.sh'
[6.003s] Level 1:colcon.colcon_core.environment:checking '/home/amin/cobot/cobot_ws/install/mycobot_280rdkx5_moveit2/bin'
[6.003s] Level 1:colcon.colcon_core.environment:checking '/home/amin/cobot/cobot_ws/install/mycobot_280rdkx5_moveit2/lib/pkgconfig/mycobot_280rdkx5_moveit2.pc'
[6.003s] Level 1:colcon.colcon_core.environment:checking '/home/amin/cobot/cobot_ws/install/mycobot_280rdkx5_moveit2/lib/python3.12/site-packages'
[6.003s] Level 1:colcon.colcon_core.environment:checking '/home/amin/cobot/cobot_ws/install/mycobot_280rdkx5_moveit2/bin'
[6.004s] INFO:colcon.colcon_core.shell:Creating package script '/home/amin/cobot/cobot_ws/install/mycobot_280rdkx5_moveit2/share/mycobot_280rdkx5_moveit2/package.ps1'
[6.004s] INFO:colcon.colcon_core.shell:Creating package descriptor '/home/amin/cobot/cobot_ws/install/mycobot_280rdkx5_moveit2/share/mycobot_280rdkx5_moveit2/package.dsv'
[6.005s] INFO:colcon.colcon_core.shell:Creating package script '/home/amin/cobot/cobot_ws/install/mycobot_280rdkx5_moveit2/share/mycobot_280rdkx5_moveit2/package.sh'
[6.005s] INFO:colcon.colcon_core.shell:Creating package script '/home/amin/cobot/cobot_ws/install/mycobot_280rdkx5_moveit2/share/mycobot_280rdkx5_moveit2/package.bash'
[6.006s] INFO:colcon.colcon_core.shell:Creating package script '/home/amin/cobot/cobot_ws/install/mycobot_280rdkx5_moveit2/share/mycobot_280rdkx5_moveit2/package.zsh'
[6.006s] Level 1:colcon.colcon_core.environment:create_file_with_runtime_dependencies(/home/amin/cobot/cobot_ws/install/mycobot_280rdkx5_moveit2/share/colcon-core/packages/mycobot_280rdkx5_moveit2)
[6.009s] Level 1:colcon.colcon_core.environment:create_environment_scripts_only(mycobot_280rdkx5_moveit2)
[6.009s] Level 1:colcon.colcon_core.environment:checking '/home/amin/cobot/cobot_ws/install/mycobot_280rdkx5_moveit2' for CMake module files
[6.010s] Level 1:colcon.colcon_core.environment:checking '/home/amin/cobot/cobot_ws/install/mycobot_280rdkx5_moveit2' for CMake config files
[6.010s] Level 1:colcon.colcon_core.shell:create_environment_hook('mycobot_280rdkx5_moveit2', 'cmake_prefix_path')
[6.010s] INFO:colcon.colcon_core.shell:Creating environment hook '/home/amin/cobot/cobot_ws/install/mycobot_280rdkx5_moveit2/share/mycobot_280rdkx5_moveit2/hook/cmake_prefix_path.ps1'
[6.011s] INFO:colcon.colcon_core.shell:Creating environment descriptor '/home/amin/cobot/cobot_ws/install/mycobot_280rdkx5_moveit2/share/mycobot_280rdkx5_moveit2/hook/cmake_prefix_path.dsv'
[6.011s] INFO:colcon.colcon_core.shell:Creating environment hook '/home/amin/cobot/cobot_ws/install/mycobot_280rdkx5_moveit2/share/mycobot_280rdkx5_moveit2/hook/cmake_prefix_path.sh'
[6.012s] Level 1:colcon.colcon_core.environment:checking '/home/amin/cobot/cobot_ws/install/mycobot_280rdkx5_moveit2/bin'
[6.012s] Level 1:colcon.colcon_core.environment:checking '/home/amin/cobot/cobot_ws/install/mycobot_280rdkx5_moveit2/lib/pkgconfig/mycobot_280rdkx5_moveit2.pc'
[6.012s] Level 1:colcon.colcon_core.environment:checking '/home/amin/cobot/cobot_ws/install/mycobot_280rdkx5_moveit2/lib/python3.12/site-packages'
[6.014s] Level 1:colcon.colcon_core.environment:checking '/home/amin/cobot/cobot_ws/install/mycobot_280rdkx5_moveit2/bin'
[6.014s] INFO:colcon.colcon_core.shell:Creating package script '/home/amin/cobot/cobot_ws/install/mycobot_280rdkx5_moveit2/share/mycobot_280rdkx5_moveit2/package.ps1'
[6.015s] INFO:colcon.colcon_core.shell:Creating package descriptor '/home/amin/cobot/cobot_ws/install/mycobot_280rdkx5_moveit2/share/mycobot_280rdkx5_moveit2/package.dsv'
[6.015s] INFO:colcon.colcon_core.shell:Creating package script '/home/amin/cobot/cobot_ws/install/mycobot_280rdkx5_moveit2/share/mycobot_280rdkx5_moveit2/package.sh'
[6.016s] INFO:colcon.colcon_core.shell:Creating package script '/home/amin/cobot/cobot_ws/install/mycobot_280rdkx5_moveit2/share/mycobot_280rdkx5_moveit2/package.bash'
[6.016s] INFO:colcon.colcon_core.shell:Creating package script '/home/amin/cobot/cobot_ws/install/mycobot_280rdkx5_moveit2/share/mycobot_280rdkx5_moveit2/package.zsh'
[6.017s] Level 1:colcon.colcon_core.environment:create_file_with_runtime_dependencies(/home/amin/cobot/cobot_ws/install/mycobot_280rdkx5_moveit2/share/colcon-core/packages/mycobot_280rdkx5_moveit2)
[6.311s] INFO:colcon.colcon_core.task.python.build:Building Python package in '/home/amin/cobot/cobot_ws/src/mycobot_ros2/mycobot_320/mycobot_320pi'
[6.312s] INFO:colcon.colcon_core.shell:Skip shell extension 'powershell' for command environment: Not usable outside of PowerShell
[6.312s] DEBUG:colcon.colcon_core.shell:Skip shell extension 'dsv' for command environment
[6.319s] INFO:colcon.colcon_ros.task.ament_python.build:Building ROS package in '/home/amin/cobot/cobot_ws/src/mycobot_ros2/mycobot_pro/mycobot_630' with build type 'ament_python'
[6.319s] Level 1:colcon.colcon_core.shell:create_environment_hook('mycobot_630', 'ament_prefix_path')
[6.319s] INFO:colcon.colcon_core.shell:Creating environment hook '/home/amin/cobot/cobot_ws/install/mycobot_630/share/mycobot_630/hook/ament_prefix_path.ps1'
[6.320s] INFO:colcon.colcon_core.shell:Creating environment descriptor '/home/amin/cobot/cobot_ws/install/mycobot_630/share/mycobot_630/hook/ament_prefix_path.dsv'
[6.320s] INFO:colcon.colcon_core.shell:Creating environment hook '/home/amin/cobot/cobot_ws/install/mycobot_630/share/mycobot_630/hook/ament_prefix_path.sh'
[6.321s] INFO:colcon.colcon_core.shell:Skip shell extension 'powershell' for command environment: Not usable outside of PowerShell
[6.321s] DEBUG:colcon.colcon_core.shell:Skip shell extension 'dsv' for command environment
[6.583s] INFO:colcon.colcon_core.task.python.build:Building Python package in '/home/amin/cobot/cobot_ws/src/mycobot_ros2/mycobot_pro/mycobot_600'
[6.584s] INFO:colcon.colcon_core.shell:Skip shell extension 'powershell' for command environment: Not usable outside of PowerShell
[6.584s] DEBUG:colcon.colcon_core.shell:Skip shell extension 'dsv' for command environment
[6.591s] DEBUG:colcon.colcon_core.event_handler.log_command:Invoking command in '/home/amin/cobot/cobot_ws/src/mycobot_ros2/mycobot_280/mycobot_280pi': AMENT_PREFIX_PATH=/home/amin/cobot/cobot_ws/install/mycobot_description:/home/amin/cobot/cobot_ws/install/ultraarm:/home/amin/cobot/cobot_ws/install/pro450_moveit2_control:/home/amin/cobot/cobot_ws/install/pro450_moveit2:/home/amin/cobot/cobot_ws/install/mypalletizer_communication:/home/amin/cobot/cobot_ws/install/mypalletizer_interfaces:/home/amin/cobot/cobot_ws/install/mypalletizer_260_pi:/home/amin/cobot/cobot_ws/install/mypalletizer_260:/home/amin/cobot/cobot_ws/install/mycobot_pro_450:/home/amin/cobot/cobot_ws/install/mycobot_pro450_interfaces:/home/amin/cobot/cobot_ws/install/myarm_m750:/home/amin/cobot/cobot_ws/install/myarm_c650:/home/amin/cobot/cobot_ws/install/mycobot_communication:/home/amin/cobot/cobot_ws/install/mecharm_communication:/home/amin/cobot/cobot_ws/install/mycobot_interfaces:/home/amin/cobot/cobot_ws/install/mycobot_630:/home/amin/cobot/cobot_ws/install/mycobot_600:/home/amin/cobot/cobot_ws/install/mycobot_320pi:/home/amin/cobot/cobot_ws/install/mycobot_320_riscv:/home/amin/cobot/cobot_ws/install/mycobot_320:/home/amin/cobot/cobot_ws/install/mycobot_280rdkx5_moveit2:/home/amin/cobot/cobot_ws/install/mycobot_280pi:/home/amin/cobot/cobot_ws/install/mycobot_280jn:/home/amin/cobot/cobot_ws/install/mycobot_280arduino_moveit2:/home/amin/cobot/cobot_ws/install/mycobot_280_x3pi:/home/amin/cobot/cobot_ws/install/mycobot_280_riscv:/home/amin/cobot/cobot_ws/install/mycobot_280_rdkx5:/home/amin/cobot/cobot_ws/install/mycobot_280_moveit2_control:/home/amin/cobot/cobot_ws/install/mycobot_280_moveit2:/home/amin/cobot/cobot_ws/install/mycobot_280_gazebo_jazzy:/home/amin/cobot/cobot_ws/install/mycobot_280_gazebo:/home/amin/cobot/cobot_ws/install/mycobot_280_arduino:/home/amin/cobot/cobot_ws/install/mycobot_280:/home/amin/cobot/cobot_ws/install/mybuddy:/home/amin/cobot/cobot_ws/install/myarm_300:/home/amin/cobot/cobot_ws/install/mecharm_pi:/home/amin/cobot/cobot_ws/install/mecharm:/home/amin/cobot/cobot_ws/install/mecharm_interfaces:/opt/ros/jazzy DEBUGINFOD_URLS=https://debuginfod.ubuntu.com PYTHONPATH=/home/amin/cobot/cobot_ws/build/mycobot_280pi/prefix_override:/usr/lib/python3/dist-packages/colcon_core/task/python/colcon_distutils_commands:/home/amin/cobot/cobot_ws/install/mycobot_280pi/lib/python3.12/site-packages:/home/amin/cobot/cobot_ws/install/mycobot_description/lib/python3.12/site-packages:/home/amin/cobot/cobot_ws/install/ultraarm/lib/python3.12/site-packages:/home/amin/cobot/cobot_ws/install/pro450_moveit2_control/lib/python3.12/site-packages:/home/amin/cobot/cobot_ws/install/mypalletizer_communication/lib/python3.12/site-packages:/home/amin/cobot/cobot_ws/install/mypalletizer_interfaces/lib/python3.12/site-packages:/home/amin/cobot/cobot_ws/install/mypalletizer_260_pi/lib/python3.12/site-packages:/home/amin/cobot/cobot_ws/install/mypalletizer_260/lib/python3.12/site-packages:/home/amin/cobot/cobot_ws/install/mycobot_pro_450/lib/python3.12/site-packages:/home/amin/cobot/cobot_ws/install/mycobot_pro450_interfaces/lib/python3.12/site-packages:/home/amin/cobot/cobot_ws/install/myarm_m750/lib/python3.12/site-packages:/home/amin/cobot/cobot_ws/install/myarm_c650/lib/python3.12/site-packages:/home/amin/cobot/cobot_ws/install/mycobot_communication/lib/python3.12/site-packages:/home/amin/cobot/cobot_ws/install/mecharm_communication/lib/python3.12/site-packages:/home/amin/cobot/cobot_ws/install/mycobot_interfaces/lib/python3.12/site-packages:/home/amin/cobot/cobot_ws/install/mycobot_630/lib/python3.12/site-packages:/home/amin/cobot/cobot_ws/install/mycobot_600/lib/python3.12/site-packages:/home/amin/cobot/cobot_ws/install/mycobot_320pi/lib/python3.12/site-packages:/home/amin/cobot/cobot_ws/install/mycobot_320_riscv/lib/python3.12/site-packages:/home/amin/cobot/cobot_ws/install/mycobot_320/lib/python3.12/site-packages:/home/amin/cobot/cobot_ws/install/mycobot_280pi/lib/python3.12/site-packages:/home/amin/cobot/cobot_ws/install/mycobot_280jn/lib/python3.12/site-packages:/home/amin/cobot/cobot_ws/install/mycobot_280_x3pi/lib/python3.12/site-packages:/home/amin/cobot/cobot_ws/install/mycobot_280_riscv/lib/python3.12/site-packages:/home/amin/cobot/cobot_ws/install/mycobot_280_rdkx5/lib/python3.12/site-packages:/home/amin/cobot/cobot_ws/install/mycobot_280_moveit2_control/lib/python3.12/site-packages:/home/amin/cobot/cobot_ws/install/mycobot_280_arduino/lib/python3.12/site-packages:/home/amin/cobot/cobot_ws/install/mycobot_280/lib/python3.12/site-packages:/home/amin/cobot/cobot_ws/install/mybuddy/lib/python3.12/site-packages:/home/amin/cobot/cobot_ws/install/myarm_300/lib/python3.12/site-packages:/home/amin/cobot/cobot_ws/install/mecharm_pi/lib/python3.12/site-packages:/home/amin/cobot/cobot_ws/install/mecharm/lib/python3.12/site-packages:/home/amin/cobot/cobot_ws/install/mecharm_interfaces/lib/python3.12/site-packages:/opt/ros/jazzy/lib/python3.12/site-packages /usr/bin/python3 -W ignore:setup.py install is deprecated -W ignore:easy_install command is deprecated setup.py egg_info --egg-base ../../../../build/mycobot_280pi build --build-base /home/amin/cobot/cobot_ws/build/mycobot_280pi/build install --record /home/amin/cobot/cobot_ws/build/mycobot_280pi/install.log --single-version-externally-managed install_data
[6.767s] INFO:colcon.colcon_core.task.python.build:Building Python package in '/home/amin/cobot/cobot_ws/src/mycobot_ros2/mycobot_pro/mycobot_630'
[6.767s] INFO:colcon.colcon_core.shell:Skip shell extension 'powershell' for command environment: Not usable outside of PowerShell
[6.767s] DEBUG:colcon.colcon_core.shell:Skip shell extension 'dsv' for command environment
[6.771s] Level 1:colcon.colcon_core.environment:checking '/home/amin/cobot/cobot_ws/install/mycobot_280_x3pi' for CMake module files
[6.771s] DEBUG:colcon.colcon_core.event_handler.log_command:Invoked command in '/home/amin/cobot/cobot_ws/src/mycobot_ros2/mycobot_280/mycobot_280_x3pi' returned '0': AMENT_PREFIX_PATH=/home/amin/cobot/cobot_ws/install/mycobot_description:/home/amin/cobot/cobot_ws/install/ultraarm:/home/amin/cobot/cobot_ws/install/pro450_moveit2_control:/home/amin/cobot/cobot_ws/install/pro450_moveit2:/home/amin/cobot/cobot_ws/install/mypalletizer_communication:/home/amin/cobot/cobot_ws/install/mypalletizer_interfaces:/home/amin/cobot/cobot_ws/install/mypalletizer_260_pi:/home/amin/cobot/cobot_ws/install/mypalletizer_260:/home/amin/cobot/cobot_ws/install/mycobot_pro_450:/home/amin/cobot/cobot_ws/install/mycobot_pro450_interfaces:/home/amin/cobot/cobot_ws/install/myarm_m750:/home/amin/cobot/cobot_ws/install/myarm_c650:/home/amin/cobot/cobot_ws/install/mycobot_communication:/home/amin/cobot/cobot_ws/install/mecharm_communication:/home/amin/cobot/cobot_ws/install/mycobot_interfaces:/home/amin/cobot/cobot_ws/install/mycobot_630:/home/amin/cobot/cobot_ws/install/mycobot_600:/home/amin/cobot/cobot_ws/install/mycobot_320pi:/home/amin/cobot/cobot_ws/install/mycobot_320_riscv:/home/amin/cobot/cobot_ws/install/mycobot_320:/home/amin/cobot/cobot_ws/install/mycobot_280rdkx5_moveit2:/home/amin/cobot/cobot_ws/install/mycobot_280pi:/home/amin/cobot/cobot_ws/install/mycobot_280jn:/home/amin/cobot/cobot_ws/install/mycobot_280arduino_moveit2:/home/amin/cobot/cobot_ws/install/mycobot_280_x3pi:/home/amin/cobot/cobot_ws/install/mycobot_280_riscv:/home/amin/cobot/cobot_ws/install/mycobot_280_rdkx5:/home/amin/cobot/cobot_ws/install/mycobot_280_moveit2_control:/home/amin/cobot/cobot_ws/install/mycobot_280_moveit2:/home/amin/cobot/cobot_ws/install/mycobot_280_gazebo_jazzy:/home/amin/cobot/cobot_ws/install/mycobot_280_gazebo:/home/amin/cobot/cobot_ws/install/mycobot_280_arduino:/home/amin/cobot/cobot_ws/install/mycobot_280:/home/amin/cobot/cobot_ws/install/mybuddy:/home/amin/cobot/cobot_ws/install/myarm_300:/home/amin/cobot/cobot_ws/install/mecharm_pi:/home/amin/cobot/cobot_ws/install/mecharm:/home/amin/cobot/cobot_ws/install/mecharm_interfaces:/opt/ros/jazzy DEBUGINFOD_URLS=https://debuginfod.ubuntu.com PYTHONPATH=/home/amin/cobot/cobot_ws/build/mycobot_280_x3pi/prefix_override:/usr/lib/python3/dist-packages/colcon_core/task/python/colcon_distutils_commands:/home/amin/cobot/cobot_ws/install/mycobot_280_x3pi/lib/python3.12/site-packages:/home/amin/cobot/cobot_ws/install/mycobot_description/lib/python3.12/site-packages:/home/amin/cobot/cobot_ws/install/ultraarm/lib/python3.12/site-packages:/home/amin/cobot/cobot_ws/install/pro450_moveit2_control/lib/python3.12/site-packages:/home/amin/cobot/cobot_ws/install/mypalletizer_communication/lib/python3.12/site-packages:/home/amin/cobot/cobot_ws/install/mypalletizer_interfaces/lib/python3.12/site-packages:/home/amin/cobot/cobot_ws/install/mypalletizer_260_pi/lib/python3.12/site-packages:/home/amin/cobot/cobot_ws/install/mypalletizer_260/lib/python3.12/site-packages:/home/amin/cobot/cobot_ws/install/mycobot_pro_450/lib/python3.12/site-packages:/home/amin/cobot/cobot_ws/install/mycobot_pro450_interfaces/lib/python3.12/site-packages:/home/amin/cobot/cobot_ws/install/myarm_m750/lib/python3.12/site-packages:/home/amin/cobot/cobot_ws/install/myarm_c650/lib/python3.12/site-packages:/home/amin/cobot/cobot_ws/install/mycobot_communication/lib/python3.12/site-packages:/home/amin/cobot/cobot_ws/install/mecharm_communication/lib/python3.12/site-packages:/home/amin/cobot/cobot_ws/install/mycobot_interfaces/lib/python3.12/site-packages:/home/amin/cobot/cobot_ws/install/mycobot_630/lib/python3.12/site-packages:/home/amin/cobot/cobot_ws/install/mycobot_600/lib/python3.12/site-packages:/home/amin/cobot/cobot_ws/install/mycobot_320pi/lib/python3.12/site-packages:/home/amin/cobot/cobot_ws/install/mycobot_320_riscv/lib/python3.12/site-packages:/home/amin/cobot/cobot_ws/install/mycobot_320/lib/python3.12/site-packages:/home/amin/cobot/cobot_ws/install/mycobot_280pi/lib/python3.12/site-packages:/home/amin/cobot/cobot_ws/install/mycobot_280jn/lib/python3.12/site-packages:/home/amin/cobot/cobot_ws/install/mycobot_280_x3pi/lib/python3.12/site-packages:/home/amin/cobot/cobot_ws/install/mycobot_280_riscv/lib/python3.12/site-packages:/home/amin/cobot/cobot_ws/install/mycobot_280_rdkx5/lib/python3.12/site-packages:/home/amin/cobot/cobot_ws/install/mycobot_280_moveit2_control/lib/python3.12/site-packages:/home/amin/cobot/cobot_ws/install/mycobot_280_arduino/lib/python3.12/site-packages:/home/amin/cobot/cobot_ws/install/mycobot_280/lib/python3.12/site-packages:/home/amin/cobot/cobot_ws/install/mybuddy/lib/python3.12/site-packages:/home/amin/cobot/cobot_ws/install/myarm_300/lib/python3.12/site-packages:/home/amin/cobot/cobot_ws/install/mecharm_pi/lib/python3.12/site-packages:/home/amin/cobot/cobot_ws/install/mecharm/lib/python3.12/site-packages:/home/amin/cobot/cobot_ws/install/mecharm_interfaces/lib/python3.12/site-packages:/opt/ros/jazzy/lib/python3.12/site-packages /usr/bin/python3 -W ignore:setup.py install is deprecated -W ignore:easy_install command is deprecated setup.py egg_info --egg-base ../../../../build/mycobot_280_x3pi build --build-base /home/amin/cobot/cobot_ws/build/mycobot_280_x3pi/build install --record /home/amin/cobot/cobot_ws/build/mycobot_280_x3pi/install.log --single-version-externally-managed install_data
[6.772s] Level 1:colcon.colcon_core.environment:checking '/home/amin/cobot/cobot_ws/install/mycobot_280_x3pi' for CMake config files
[6.772s] Level 1:colcon.colcon_core.environment:checking '/home/amin/cobot/cobot_ws/install/mycobot_280_x3pi/lib'
[6.772s] Level 1:colcon.colcon_core.environment:checking '/home/amin/cobot/cobot_ws/install/mycobot_280_x3pi/bin'
[6.772s] Level 1:colcon.colcon_core.environment:checking '/home/amin/cobot/cobot_ws/install/mycobot_280_x3pi/lib/pkgconfig/mycobot_280_x3pi.pc'
[6.772s] Level 1:colcon.colcon_core.environment:checking '/home/amin/cobot/cobot_ws/install/mycobot_280_x3pi/lib/python3.12/site-packages'
[6.772s] Level 1:colcon.colcon_core.shell:create_environment_hook('mycobot_280_x3pi', 'pythonpath')
[6.772s] INFO:colcon.colcon_core.shell:Creating environment hook '/home/amin/cobot/cobot_ws/install/mycobot_280_x3pi/share/mycobot_280_x3pi/hook/pythonpath.ps1'
[6.773s] INFO:colcon.colcon_core.shell:Creating environment descriptor '/home/amin/cobot/cobot_ws/install/mycobot_280_x3pi/share/mycobot_280_x3pi/hook/pythonpath.dsv'
[6.773s] INFO:colcon.colcon_core.shell:Creating environment hook '/home/amin/cobot/cobot_ws/install/mycobot_280_x3pi/share/mycobot_280_x3pi/hook/pythonpath.sh'
[6.773s] Level 1:colcon.colcon_core.environment:checking '/home/amin/cobot/cobot_ws/install/mycobot_280_x3pi/bin'
[6.773s] Level 1:colcon.colcon_core.environment:create_environment_scripts_only(mycobot_280_x3pi)
[6.773s] INFO:colcon.colcon_core.shell:Creating package script '/home/amin/cobot/cobot_ws/install/mycobot_280_x3pi/share/mycobot_280_x3pi/package.ps1'
[6.774s] INFO:colcon.colcon_core.shell:Creating package descriptor '/home/amin/cobot/cobot_ws/install/mycobot_280_x3pi/share/mycobot_280_x3pi/package.dsv'
[6.774s] INFO:colcon.colcon_core.shell:Creating package script '/home/amin/cobot/cobot_ws/install/mycobot_280_x3pi/share/mycobot_280_x3pi/package.sh'
[6.774s] INFO:colcon.colcon_core.shell:Creating package script '/home/amin/cobot/cobot_ws/install/mycobot_280_x3pi/share/mycobot_280_x3pi/package.bash'
[6.774s] INFO:colcon.colcon_core.shell:Creating package script '/home/amin/cobot/cobot_ws/install/mycobot_280_x3pi/share/mycobot_280_x3pi/package.zsh'
[6.775s] Level 1:colcon.colcon_core.environment:create_file_with_runtime_dependencies(/home/amin/cobot/cobot_ws/install/mycobot_280_x3pi/share/colcon-core/packages/mycobot_280_x3pi)
[6.775s] Level 1:colcon.colcon_core.environment:checking '/home/amin/cobot/cobot_ws/install/mycobot_280jn' for CMake module files
[6.776s] DEBUG:colcon.colcon_core.event_handler.log_command:Invoked command in '/home/amin/cobot/cobot_ws/src/mycobot_ros2/mycobot_280/mycobot_280jn' returned '0': AMENT_PREFIX_PATH=/home/amin/cobot/cobot_ws/install/mycobot_description:/home/amin/cobot/cobot_ws/install/ultraarm:/home/amin/cobot/cobot_ws/install/pro450_moveit2_control:/home/amin/cobot/cobot_ws/install/pro450_moveit2:/home/amin/cobot/cobot_ws/install/mypalletizer_communication:/home/amin/cobot/cobot_ws/install/mypalletizer_interfaces:/home/amin/cobot/cobot_ws/install/mypalletizer_260_pi:/home/amin/cobot/cobot_ws/install/mypalletizer_260:/home/amin/cobot/cobot_ws/install/mycobot_pro_450:/home/amin/cobot/cobot_ws/install/mycobot_pro450_interfaces:/home/amin/cobot/cobot_ws/install/myarm_m750:/home/amin/cobot/cobot_ws/install/myarm_c650:/home/amin/cobot/cobot_ws/install/mycobot_communication:/home/amin/cobot/cobot_ws/install/mecharm_communication:/home/amin/cobot/cobot_ws/install/mycobot_interfaces:/home/amin/cobot/cobot_ws/install/mycobot_630:/home/amin/cobot/cobot_ws/install/mycobot_600:/home/amin/cobot/cobot_ws/install/mycobot_320pi:/home/amin/cobot/cobot_ws/install/mycobot_320_riscv:/home/amin/cobot/cobot_ws/install/mycobot_320:/home/amin/cobot/cobot_ws/install/mycobot_280rdkx5_moveit2:/home/amin/cobot/cobot_ws/install/mycobot_280pi:/home/amin/cobot/cobot_ws/install/mycobot_280jn:/home/amin/cobot/cobot_ws/install/mycobot_280arduino_moveit2:/home/amin/cobot/cobot_ws/install/mycobot_280_x3pi:/home/amin/cobot/cobot_ws/install/mycobot_280_riscv:/home/amin/cobot/cobot_ws/install/mycobot_280_rdkx5:/home/amin/cobot/cobot_ws/install/mycobot_280_moveit2_control:/home/amin/cobot/cobot_ws/install/mycobot_280_moveit2:/home/amin/cobot/cobot_ws/install/mycobot_280_gazebo_jazzy:/home/amin/cobot/cobot_ws/install/mycobot_280_gazebo:/home/amin/cobot/cobot_ws/install/mycobot_280_arduino:/home/amin/cobot/cobot_ws/install/mycobot_280:/home/amin/cobot/cobot_ws/install/mybuddy:/home/amin/cobot/cobot_ws/install/myarm_300:/home/amin/cobot/cobot_ws/install/mecharm_pi:/home/amin/cobot/cobot_ws/install/mecharm:/home/amin/cobot/cobot_ws/install/mecharm_interfaces:/opt/ros/jazzy DEBUGINFOD_URLS=https://debuginfod.ubuntu.com PYTHONPATH=/home/amin/cobot/cobot_ws/build/mycobot_280jn/prefix_override:/usr/lib/python3/dist-packages/colcon_core/task/python/colcon_distutils_commands:/home/amin/cobot/cobot_ws/install/mycobot_280jn/lib/python3.12/site-packages:/home/amin/cobot/cobot_ws/install/mycobot_description/lib/python3.12/site-packages:/home/amin/cobot/cobot_ws/install/ultraarm/lib/python3.12/site-packages:/home/amin/cobot/cobot_ws/install/pro450_moveit2_control/lib/python3.12/site-packages:/home/amin/cobot/cobot_ws/install/mypalletizer_communication/lib/python3.12/site-packages:/home/amin/cobot/cobot_ws/install/mypalletizer_interfaces/lib/python3.12/site-packages:/home/amin/cobot/cobot_ws/install/mypalletizer_260_pi/lib/python3.12/site-packages:/home/amin/cobot/cobot_ws/install/mypalletizer_260/lib/python3.12/site-packages:/home/amin/cobot/cobot_ws/install/mycobot_pro_450/lib/python3.12/site-packages:/home/amin/cobot/cobot_ws/install/mycobot_pro450_interfaces/lib/python3.12/site-packages:/home/amin/cobot/cobot_ws/install/myarm_m750/lib/python3.12/site-packages:/home/amin/cobot/cobot_ws/install/myarm_c650/lib/python3.12/site-packages:/home/amin/cobot/cobot_ws/install/mycobot_communication/lib/python3.12/site-packages:/home/amin/cobot/cobot_ws/install/mecharm_communication/lib/python3.12/site-packages:/home/amin/cobot/cobot_ws/install/mycobot_interfaces/lib/python3.12/site-packages:/home/amin/cobot/cobot_ws/install/mycobot_630/lib/python3.12/site-packages:/home/amin/cobot/cobot_ws/install/mycobot_600/lib/python3.12/site-packages:/home/amin/cobot/cobot_ws/install/mycobot_320pi/lib/python3.12/site-packages:/home/amin/cobot/cobot_ws/install/mycobot_320_riscv/lib/python3.12/site-packages:/home/amin/cobot/cobot_ws/install/mycobot_320/lib/python3.12/site-packages:/home/amin/cobot/cobot_ws/install/mycobot_280pi/lib/python3.12/site-packages:/home/amin/cobot/cobot_ws/install/mycobot_280jn/lib/python3.12/site-packages:/home/amin/cobot/cobot_ws/install/mycobot_280_x3pi/lib/python3.12/site-packages:/home/amin/cobot/cobot_ws/install/mycobot_280_riscv/lib/python3.12/site-packages:/home/amin/cobot/cobot_ws/install/mycobot_280_rdkx5/lib/python3.12/site-packages:/home/amin/cobot/cobot_ws/install/mycobot_280_moveit2_control/lib/python3.12/site-packages:/home/amin/cobot/cobot_ws/install/mycobot_280_arduino/lib/python3.12/site-packages:/home/amin/cobot/cobot_ws/install/mycobot_280/lib/python3.12/site-packages:/home/amin/cobot/cobot_ws/install/mybuddy/lib/python3.12/site-packages:/home/amin/cobot/cobot_ws/install/myarm_300/lib/python3.12/site-packages:/home/amin/cobot/cobot_ws/install/mecharm_pi/lib/python3.12/site-packages:/home/amin/cobot/cobot_ws/install/mecharm/lib/python3.12/site-packages:/home/amin/cobot/cobot_ws/install/mecharm_interfaces/lib/python3.12/site-packages:/opt/ros/jazzy/lib/python3.12/site-packages /usr/bin/python3 -W ignore:setup.py install is deprecated -W ignore:easy_install command is deprecated setup.py egg_info --egg-base ../../../../build/mycobot_280jn build --build-base /home/amin/cobot/cobot_ws/build/mycobot_280jn/build install --record /home/amin/cobot/cobot_ws/build/mycobot_280jn/install.log --single-version-externally-managed install_data
[6.776s] Level 1:colcon.colcon_core.environment:checking '/home/amin/cobot/cobot_ws/install/mycobot_280jn' for CMake config files
[6.776s] Level 1:colcon.colcon_core.environment:checking '/home/amin/cobot/cobot_ws/install/mycobot_280jn/lib'
[6.776s] Level 1:colcon.colcon_core.environment:checking '/home/amin/cobot/cobot_ws/install/mycobot_280jn/bin'
[6.776s] Level 1:colcon.colcon_core.environment:checking '/home/amin/cobot/cobot_ws/install/mycobot_280jn/lib/pkgconfig/mycobot_280jn.pc'
[6.776s] Level 1:colcon.colcon_core.environment:checking '/home/amin/cobot/cobot_ws/install/mycobot_280jn/lib/python3.12/site-packages'
[6.776s] Level 1:colcon.colcon_core.shell:create_environment_hook('mycobot_280jn', 'pythonpath')
[6.777s] INFO:colcon.colcon_core.shell:Creating environment hook '/home/amin/cobot/cobot_ws/install/mycobot_280jn/share/mycobot_280jn/hook/pythonpath.ps1'
[6.777s] INFO:colcon.colcon_core.shell:Creating environment descriptor '/home/amin/cobot/cobot_ws/install/mycobot_280jn/share/mycobot_280jn/hook/pythonpath.dsv'
[6.777s] INFO:colcon.colcon_core.shell:Creating environment hook '/home/amin/cobot/cobot_ws/install/mycobot_280jn/share/mycobot_280jn/hook/pythonpath.sh'
[6.778s] Level 1:colcon.colcon_core.environment:checking '/home/amin/cobot/cobot_ws/install/mycobot_280jn/bin'
[6.778s] Level 1:colcon.colcon_core.environment:create_environment_scripts_only(mycobot_280jn)
[6.778s] INFO:colcon.colcon_core.shell:Creating package script '/home/amin/cobot/cobot_ws/install/mycobot_280jn/share/mycobot_280jn/package.ps1'
[6.779s] INFO:colcon.colcon_core.shell:Creating package descriptor '/home/amin/cobot/cobot_ws/install/mycobot_280jn/share/mycobot_280jn/package.dsv'
[6.779s] INFO:colcon.colcon_core.shell:Creating package script '/home/amin/cobot/cobot_ws/install/mycobot_280jn/share/mycobot_280jn/package.sh'
[6.780s] INFO:colcon.colcon_core.shell:Creating package script '/home/amin/cobot/cobot_ws/install/mycobot_280jn/share/mycobot_280jn/package.bash'
[6.780s] INFO:colcon.colcon_core.shell:Creating package script '/home/amin/cobot/cobot_ws/install/mycobot_280jn/share/mycobot_280jn/package.zsh'
[6.780s] Level 1:colcon.colcon_core.environment:create_file_with_runtime_dependencies(/home/amin/cobot/cobot_ws/install/mycobot_280jn/share/colcon-core/packages/mycobot_280jn)
[6.782s] DEBUG:colcon.colcon_core.event_handler.log_command:Invoking command in '/home/amin/cobot/cobot_ws/src/mycobot_ros2/mycobot_320/mycobot_320_riscv': AMENT_PREFIX_PATH=/home/amin/cobot/cobot_ws/install/mycobot_description:/home/amin/cobot/cobot_ws/install/ultraarm:/home/amin/cobot/cobot_ws/install/pro450_moveit2_control:/home/amin/cobot/cobot_ws/install/pro450_moveit2:/home/amin/cobot/cobot_ws/install/mypalletizer_communication:/home/amin/cobot/cobot_ws/install/mypalletizer_interfaces:/home/amin/cobot/cobot_ws/install/mypalletizer_260_pi:/home/amin/cobot/cobot_ws/install/mypalletizer_260:/home/amin/cobot/cobot_ws/install/mycobot_pro_450:/home/amin/cobot/cobot_ws/install/mycobot_pro450_interfaces:/home/amin/cobot/cobot_ws/install/myarm_m750:/home/amin/cobot/cobot_ws/install/myarm_c650:/home/amin/cobot/cobot_ws/install/mycobot_communication:/home/amin/cobot/cobot_ws/install/mecharm_communication:/home/amin/cobot/cobot_ws/install/mycobot_interfaces:/home/amin/cobot/cobot_ws/install/mycobot_630:/home/amin/cobot/cobot_ws/install/mycobot_600:/home/amin/cobot/cobot_ws/install/mycobot_320pi:/home/amin/cobot/cobot_ws/install/mycobot_320_riscv:/home/amin/cobot/cobot_ws/install/mycobot_320:/home/amin/cobot/cobot_ws/install/mycobot_280rdkx5_moveit2:/home/amin/cobot/cobot_ws/install/mycobot_280pi:/home/amin/cobot/cobot_ws/install/mycobot_280jn:/home/amin/cobot/cobot_ws/install/mycobot_280arduino_moveit2:/home/amin/cobot/cobot_ws/install/mycobot_280_x3pi:/home/amin/cobot/cobot_ws/install/mycobot_280_riscv:/home/amin/cobot/cobot_ws/install/mycobot_280_rdkx5:/home/amin/cobot/cobot_ws/install/mycobot_280_moveit2_control:/home/amin/cobot/cobot_ws/install/mycobot_280_moveit2:/home/amin/cobot/cobot_ws/install/mycobot_280_gazebo_jazzy:/home/amin/cobot/cobot_ws/install/mycobot_280_gazebo:/home/amin/cobot/cobot_ws/install/mycobot_280_arduino:/home/amin/cobot/cobot_ws/install/mycobot_280:/home/amin/cobot/cobot_ws/install/mybuddy:/home/amin/cobot/cobot_ws/install/myarm_300:/home/amin/cobot/cobot_ws/install/mecharm_pi:/home/amin/cobot/cobot_ws/install/mecharm:/home/amin/cobot/cobot_ws/install/mecharm_interfaces:/opt/ros/jazzy DEBUGINFOD_URLS=https://debuginfod.ubuntu.com PYTHONPATH=/home/amin/cobot/cobot_ws/build/mycobot_320_riscv/prefix_override:/usr/lib/python3/dist-packages/colcon_core/task/python/colcon_distutils_commands:/home/amin/cobot/cobot_ws/install/mycobot_320_riscv/lib/python3.12/site-packages:/home/amin/cobot/cobot_ws/install/mycobot_description/lib/python3.12/site-packages:/home/amin/cobot/cobot_ws/install/ultraarm/lib/python3.12/site-packages:/home/amin/cobot/cobot_ws/install/pro450_moveit2_control/lib/python3.12/site-packages:/home/amin/cobot/cobot_ws/install/mypalletizer_communication/lib/python3.12/site-packages:/home/amin/cobot/cobot_ws/install/mypalletizer_interfaces/lib/python3.12/site-packages:/home/amin/cobot/cobot_ws/install/mypalletizer_260_pi/lib/python3.12/site-packages:/home/amin/cobot/cobot_ws/install/mypalletizer_260/lib/python3.12/site-packages:/home/amin/cobot/cobot_ws/install/mycobot_pro_450/lib/python3.12/site-packages:/home/amin/cobot/cobot_ws/install/mycobot_pro450_interfaces/lib/python3.12/site-packages:/home/amin/cobot/cobot_ws/install/myarm_m750/lib/python3.12/site-packages:/home/amin/cobot/cobot_ws/install/myarm_c650/lib/python3.12/site-packages:/home/amin/cobot/cobot_ws/install/mycobot_communication/lib/python3.12/site-packages:/home/amin/cobot/cobot_ws/install/mecharm_communication/lib/python3.12/site-packages:/home/amin/cobot/cobot_ws/install/mycobot_interfaces/lib/python3.12/site-packages:/home/amin/cobot/cobot_ws/install/mycobot_630/lib/python3.12/site-packages:/home/amin/cobot/cobot_ws/install/mycobot_600/lib/python3.12/site-packages:/home/amin/cobot/cobot_ws/install/mycobot_320pi/lib/python3.12/site-packages:/home/amin/cobot/cobot_ws/install/mycobot_320_riscv/lib/python3.12/site-packages:/home/amin/cobot/cobot_ws/install/mycobot_320/lib/python3.12/site-packages:/home/amin/cobot/cobot_ws/install/mycobot_280pi/lib/python3.12/site-packages:/home/amin/cobot/cobot_ws/install/mycobot_280jn/lib/python3.12/site-packages:/home/amin/cobot/cobot_ws/install/mycobot_280_x3pi/lib/python3.12/site-packages:/home/amin/cobot/cobot_ws/install/mycobot_280_riscv/lib/python3.12/site-packages:/home/amin/cobot/cobot_ws/install/mycobot_280_rdkx5/lib/python3.12/site-packages:/home/amin/cobot/cobot_ws/install/mycobot_280_moveit2_control/lib/python3.12/site-packages:/home/amin/cobot/cobot_ws/install/mycobot_280_arduino/lib/python3.12/site-packages:/home/amin/cobot/cobot_ws/install/mycobot_280/lib/python3.12/site-packages:/home/amin/cobot/cobot_ws/install/mybuddy/lib/python3.12/site-packages:/home/amin/cobot/cobot_ws/install/myarm_300/lib/python3.12/site-packages:/home/amin/cobot/cobot_ws/install/mecharm_pi/lib/python3.12/site-packages:/home/amin/cobot/cobot_ws/install/mecharm/lib/python3.12/site-packages:/home/amin/cobot/cobot_ws/install/mecharm_interfaces/lib/python3.12/site-packages:/opt/ros/jazzy/lib/python3.12/site-packages /usr/bin/python3 -W ignore:setup.py install is deprecated -W ignore:easy_install command is deprecated setup.py egg_info --egg-base ../../../../build/mycobot_320_riscv build --build-base /home/amin/cobot/cobot_ws/build/mycobot_320_riscv/build install --record /home/amin/cobot/cobot_ws/build/mycobot_320_riscv/install.log --single-version-externally-managed install_data
[6.782s] INFO:colcon.colcon_ros.task.ament_python.build:Building ROS package in '/home/amin/cobot/cobot_ws/src/mycobot_ros2/mycobot_pro/mycobot_pro_450' with build type 'ament_python'
[6.782s] Level 1:colcon.colcon_core.shell:create_environment_hook('mycobot_pro_450', 'ament_prefix_path')
[6.782s] INFO:colcon.colcon_core.shell:Creating environment hook '/home/amin/cobot/cobot_ws/install/mycobot_pro_450/share/mycobot_pro_450/hook/ament_prefix_path.ps1'
[6.783s] INFO:colcon.colcon_core.shell:Creating environment descriptor '/home/amin/cobot/cobot_ws/install/mycobot_pro_450/share/mycobot_pro_450/hook/ament_prefix_path.dsv'
[6.783s] INFO:colcon.colcon_core.shell:Creating environment hook '/home/amin/cobot/cobot_ws/install/mycobot_pro_450/share/mycobot_pro_450/hook/ament_prefix_path.sh'
[6.783s] INFO:colcon.colcon_core.shell:Skip shell extension 'powershell' for command environment: Not usable outside of PowerShell
[6.783s] DEBUG:colcon.colcon_core.shell:Skip shell extension 'dsv' for command environment
[6.787s] INFO:colcon.colcon_ros.task.ament_python.build:Building ROS package in '/home/amin/cobot/cobot_ws/src/mycobot_ros2/mypalletizer_260/mypalletizer_260' with build type 'ament_python'
[6.787s] Level 1:colcon.colcon_core.shell:create_environment_hook('mypalletizer_260', 'ament_prefix_path')
[6.787s] INFO:colcon.colcon_core.shell:Creating environment hook '/home/amin/cobot/cobot_ws/install/mypalletizer_260/share/mypalletizer_260/hook/ament_prefix_path.ps1'
[6.788s] INFO:colcon.colcon_core.shell:Creating environment descriptor '/home/amin/cobot/cobot_ws/install/mypalletizer_260/share/mypalletizer_260/hook/ament_prefix_path.dsv'
[6.788s] INFO:colcon.colcon_core.shell:Creating environment hook '/home/amin/cobot/cobot_ws/install/mypalletizer_260/share/mypalletizer_260/hook/ament_prefix_path.sh'
[6.788s] INFO:colcon.colcon_core.shell:Skip shell extension 'powershell' for command environment: Not usable outside of PowerShell
[6.788s] DEBUG:colcon.colcon_core.shell:Skip shell extension 'dsv' for command environment
[6.795s] DEBUG:colcon.colcon_core.event_handler.log_command:Invoking command in '/home/amin/cobot/cobot_ws/src/mycobot_ros2/mycobot_320/mycobot_320': AMENT_PREFIX_PATH=/home/amin/cobot/cobot_ws/install/mycobot_description:/home/amin/cobot/cobot_ws/install/ultraarm:/home/amin/cobot/cobot_ws/install/pro450_moveit2_control:/home/amin/cobot/cobot_ws/install/pro450_moveit2:/home/amin/cobot/cobot_ws/install/mypalletizer_communication:/home/amin/cobot/cobot_ws/install/mypalletizer_interfaces:/home/amin/cobot/cobot_ws/install/mypalletizer_260_pi:/home/amin/cobot/cobot_ws/install/mypalletizer_260:/home/amin/cobot/cobot_ws/install/mycobot_pro_450:/home/amin/cobot/cobot_ws/install/mycobot_pro450_interfaces:/home/amin/cobot/cobot_ws/install/myarm_m750:/home/amin/cobot/cobot_ws/install/myarm_c650:/home/amin/cobot/cobot_ws/install/mycobot_communication:/home/amin/cobot/cobot_ws/install/mecharm_communication:/home/amin/cobot/cobot_ws/install/mycobot_interfaces:/home/amin/cobot/cobot_ws/install/mycobot_630:/home/amin/cobot/cobot_ws/install/mycobot_600:/home/amin/cobot/cobot_ws/install/mycobot_320pi:/home/amin/cobot/cobot_ws/install/mycobot_320_riscv:/home/amin/cobot/cobot_ws/install/mycobot_320:/home/amin/cobot/cobot_ws/install/mycobot_280rdkx5_moveit2:/home/amin/cobot/cobot_ws/install/mycobot_280pi:/home/amin/cobot/cobot_ws/install/mycobot_280jn:/home/amin/cobot/cobot_ws/install/mycobot_280arduino_moveit2:/home/amin/cobot/cobot_ws/install/mycobot_280_x3pi:/home/amin/cobot/cobot_ws/install/mycobot_280_riscv:/home/amin/cobot/cobot_ws/install/mycobot_280_rdkx5:/home/amin/cobot/cobot_ws/install/mycobot_280_moveit2_control:/home/amin/cobot/cobot_ws/install/mycobot_280_moveit2:/home/amin/cobot/cobot_ws/install/mycobot_280_gazebo_jazzy:/home/amin/cobot/cobot_ws/install/mycobot_280_gazebo:/home/amin/cobot/cobot_ws/install/mycobot_280_arduino:/home/amin/cobot/cobot_ws/install/mycobot_280:/home/amin/cobot/cobot_ws/install/mybuddy:/home/amin/cobot/cobot_ws/install/myarm_300:/home/amin/cobot/cobot_ws/install/mecharm_pi:/home/amin/cobot/cobot_ws/install/mecharm:/home/amin/cobot/cobot_ws/install/mecharm_interfaces:/opt/ros/jazzy DEBUGINFOD_URLS=https://debuginfod.ubuntu.com PYTHONPATH=/home/amin/cobot/cobot_ws/build/mycobot_320/prefix_override:/usr/lib/python3/dist-packages/colcon_core/task/python/colcon_distutils_commands:/home/amin/cobot/cobot_ws/install/mycobot_320/lib/python3.12/site-packages:/home/amin/cobot/cobot_ws/install/mycobot_description/lib/python3.12/site-packages:/home/amin/cobot/cobot_ws/install/ultraarm/lib/python3.12/site-packages:/home/amin/cobot/cobot_ws/install/pro450_moveit2_control/lib/python3.12/site-packages:/home/amin/cobot/cobot_ws/install/mypalletizer_communication/lib/python3.12/site-packages:/home/amin/cobot/cobot_ws/install/mypalletizer_interfaces/lib/python3.12/site-packages:/home/amin/cobot/cobot_ws/install/mypalletizer_260_pi/lib/python3.12/site-packages:/home/amin/cobot/cobot_ws/install/mypalletizer_260/lib/python3.12/site-packages:/home/amin/cobot/cobot_ws/install/mycobot_pro_450/lib/python3.12/site-packages:/home/amin/cobot/cobot_ws/install/mycobot_pro450_interfaces/lib/python3.12/site-packages:/home/amin/cobot/cobot_ws/install/myarm_m750/lib/python3.12/site-packages:/home/amin/cobot/cobot_ws/install/myarm_c650/lib/python3.12/site-packages:/home/amin/cobot/cobot_ws/install/mycobot_communication/lib/python3.12/site-packages:/home/amin/cobot/cobot_ws/install/mecharm_communication/lib/python3.12/site-packages:/home/amin/cobot/cobot_ws/install/mycobot_interfaces/lib/python3.12/site-packages:/home/amin/cobot/cobot_ws/install/mycobot_630/lib/python3.12/site-packages:/home/amin/cobot/cobot_ws/install/mycobot_600/lib/python3.12/site-packages:/home/amin/cobot/cobot_ws/install/mycobot_320pi/lib/python3.12/site-packages:/home/amin/cobot/cobot_ws/install/mycobot_320_riscv/lib/python3.12/site-packages:/home/amin/cobot/cobot_ws/install/mycobot_320/lib/python3.12/site-packages:/home/amin/cobot/cobot_ws/install/mycobot_280pi/lib/python3.12/site-packages:/home/amin/cobot/cobot_ws/install/mycobot_280jn/lib/python3.12/site-packages:/home/amin/cobot/cobot_ws/install/mycobot_280_x3pi/lib/python3.12/site-packages:/home/amin/cobot/cobot_ws/install/mycobot_280_riscv/lib/python3.12/site-packages:/home/amin/cobot/cobot_ws/install/mycobot_280_rdkx5/lib/python3.12/site-packages:/home/amin/cobot/cobot_ws/install/mycobot_280_moveit2_control/lib/python3.12/site-packages:/home/amin/cobot/cobot_ws/install/mycobot_280_arduino/lib/python3.12/site-packages:/home/amin/cobot/cobot_ws/install/mycobot_280/lib/python3.12/site-packages:/home/amin/cobot/cobot_ws/install/mybuddy/lib/python3.12/site-packages:/home/amin/cobot/cobot_ws/install/myarm_300/lib/python3.12/site-packages:/home/amin/cobot/cobot_ws/install/mecharm_pi/lib/python3.12/site-packages:/home/amin/cobot/cobot_ws/install/mecharm/lib/python3.12/site-packages:/home/amin/cobot/cobot_ws/install/mecharm_interfaces/lib/python3.12/site-packages:/opt/ros/jazzy/lib/python3.12/site-packages /usr/bin/python3 -W ignore:setup.py install is deprecated -W ignore:easy_install command is deprecated setup.py egg_info --egg-base ../../../../build/mycobot_320 build --build-base /home/amin/cobot/cobot_ws/build/mycobot_320/build install --record /home/amin/cobot/cobot_ws/build/mycobot_320/install.log --single-version-externally-managed install_data
[7.096s] INFO:colcon.colcon_core.task.python.build:Building Python package in '/home/amin/cobot/cobot_ws/src/mycobot_ros2/mycobot_pro/mycobot_pro_450'
[7.096s] INFO:colcon.colcon_core.shell:Skip shell extension 'powershell' for command environment: Not usable outside of PowerShell
[7.096s] DEBUG:colcon.colcon_core.shell:Skip shell extension 'dsv' for command environment
[7.395s] INFO:colcon.colcon_core.task.python.build:Building Python package in '/home/amin/cobot/cobot_ws/src/mycobot_ros2/mypalletizer_260/mypalletizer_260'
[7.395s] INFO:colcon.colcon_core.shell:Skip shell extension 'powershell' for command environment: Not usable outside of PowerShell
[7.395s] DEBUG:colcon.colcon_core.shell:Skip shell extension 'dsv' for command environment
[7.405s] DEBUG:colcon.colcon_core.event_handler.log_command:Invoking command in '/home/amin/cobot/cobot_ws/src/mycobot_ros2/mycobot_320/mycobot_320pi': AMENT_PREFIX_PATH=/home/amin/cobot/cobot_ws/install/mycobot_description:/home/amin/cobot/cobot_ws/install/ultraarm:/home/amin/cobot/cobot_ws/install/pro450_moveit2_control:/home/amin/cobot/cobot_ws/install/pro450_moveit2:/home/amin/cobot/cobot_ws/install/mypalletizer_communication:/home/amin/cobot/cobot_ws/install/mypalletizer_interfaces:/home/amin/cobot/cobot_ws/install/mypalletizer_260_pi:/home/amin/cobot/cobot_ws/install/mypalletizer_260:/home/amin/cobot/cobot_ws/install/mycobot_pro_450:/home/amin/cobot/cobot_ws/install/mycobot_pro450_interfaces:/home/amin/cobot/cobot_ws/install/myarm_m750:/home/amin/cobot/cobot_ws/install/myarm_c650:/home/amin/cobot/cobot_ws/install/mycobot_communication:/home/amin/cobot/cobot_ws/install/mecharm_communication:/home/amin/cobot/cobot_ws/install/mycobot_interfaces:/home/amin/cobot/cobot_ws/install/mycobot_630:/home/amin/cobot/cobot_ws/install/mycobot_600:/home/amin/cobot/cobot_ws/install/mycobot_320pi:/home/amin/cobot/cobot_ws/install/mycobot_320_riscv:/home/amin/cobot/cobot_ws/install/mycobot_320:/home/amin/cobot/cobot_ws/install/mycobot_280rdkx5_moveit2:/home/amin/cobot/cobot_ws/install/mycobot_280pi:/home/amin/cobot/cobot_ws/install/mycobot_280jn:/home/amin/cobot/cobot_ws/install/mycobot_280arduino_moveit2:/home/amin/cobot/cobot_ws/install/mycobot_280_x3pi:/home/amin/cobot/cobot_ws/install/mycobot_280_riscv:/home/amin/cobot/cobot_ws/install/mycobot_280_rdkx5:/home/amin/cobot/cobot_ws/install/mycobot_280_moveit2_control:/home/amin/cobot/cobot_ws/install/mycobot_280_moveit2:/home/amin/cobot/cobot_ws/install/mycobot_280_gazebo_jazzy:/home/amin/cobot/cobot_ws/install/mycobot_280_gazebo:/home/amin/cobot/cobot_ws/install/mycobot_280_arduino:/home/amin/cobot/cobot_ws/install/mycobot_280:/home/amin/cobot/cobot_ws/install/mybuddy:/home/amin/cobot/cobot_ws/install/myarm_300:/home/amin/cobot/cobot_ws/install/mecharm_pi:/home/amin/cobot/cobot_ws/install/mecharm:/home/amin/cobot/cobot_ws/install/mecharm_interfaces:/opt/ros/jazzy DEBUGINFOD_URLS=https://debuginfod.ubuntu.com PYTHONPATH=/home/amin/cobot/cobot_ws/build/mycobot_320pi/prefix_override:/usr/lib/python3/dist-packages/colcon_core/task/python/colcon_distutils_commands:/home/amin/cobot/cobot_ws/install/mycobot_320pi/lib/python3.12/site-packages:/home/amin/cobot/cobot_ws/install/mycobot_description/lib/python3.12/site-packages:/home/amin/cobot/cobot_ws/install/ultraarm/lib/python3.12/site-packages:/home/amin/cobot/cobot_ws/install/pro450_moveit2_control/lib/python3.12/site-packages:/home/amin/cobot/cobot_ws/install/mypalletizer_communication/lib/python3.12/site-packages:/home/amin/cobot/cobot_ws/install/mypalletizer_interfaces/lib/python3.12/site-packages:/home/amin/cobot/cobot_ws/install/mypalletizer_260_pi/lib/python3.12/site-packages:/home/amin/cobot/cobot_ws/install/mypalletizer_260/lib/python3.12/site-packages:/home/amin/cobot/cobot_ws/install/mycobot_pro_450/lib/python3.12/site-packages:/home/amin/cobot/cobot_ws/install/mycobot_pro450_interfaces/lib/python3.12/site-packages:/home/amin/cobot/cobot_ws/install/myarm_m750/lib/python3.12/site-packages:/home/amin/cobot/cobot_ws/install/myarm_c650/lib/python3.12/site-packages:/home/amin/cobot/cobot_ws/install/mycobot_communication/lib/python3.12/site-packages:/home/amin/cobot/cobot_ws/install/mecharm_communication/lib/python3.12/site-packages:/home/amin/cobot/cobot_ws/install/mycobot_interfaces/lib/python3.12/site-packages:/home/amin/cobot/cobot_ws/install/mycobot_630/lib/python3.12/site-packages:/home/amin/cobot/cobot_ws/install/mycobot_600/lib/python3.12/site-packages:/home/amin/cobot/cobot_ws/install/mycobot_320pi/lib/python3.12/site-packages:/home/amin/cobot/cobot_ws/install/mycobot_320_riscv/lib/python3.12/site-packages:/home/amin/cobot/cobot_ws/install/mycobot_320/lib/python3.12/site-packages:/home/amin/cobot/cobot_ws/install/mycobot_280pi/lib/python3.12/site-packages:/home/amin/cobot/cobot_ws/install/mycobot_280jn/lib/python3.12/site-packages:/home/amin/cobot/cobot_ws/install/mycobot_280_x3pi/lib/python3.12/site-packages:/home/amin/cobot/cobot_ws/install/mycobot_280_riscv/lib/python3.12/site-packages:/home/amin/cobot/cobot_ws/install/mycobot_280_rdkx5/lib/python3.12/site-packages:/home/amin/cobot/cobot_ws/install/mycobot_280_moveit2_control/lib/python3.12/site-packages:/home/amin/cobot/cobot_ws/install/mycobot_280_arduino/lib/python3.12/site-packages:/home/amin/cobot/cobot_ws/install/mycobot_280/lib/python3.12/site-packages:/home/amin/cobot/cobot_ws/install/mybuddy/lib/python3.12/site-packages:/home/amin/cobot/cobot_ws/install/myarm_300/lib/python3.12/site-packages:/home/amin/cobot/cobot_ws/install/mecharm_pi/lib/python3.12/site-packages:/home/amin/cobot/cobot_ws/install/mecharm/lib/python3.12/site-packages:/home/amin/cobot/cobot_ws/install/mecharm_interfaces/lib/python3.12/site-packages:/opt/ros/jazzy/lib/python3.12/site-packages /usr/bin/python3 -W ignore:setup.py install is deprecated -W ignore:easy_install command is deprecated setup.py egg_info --egg-base ../../../../build/mycobot_320pi build --build-base /home/amin/cobot/cobot_ws/build/mycobot_320pi/build install --record /home/amin/cobot/cobot_ws/build/mycobot_320pi/install.log --single-version-externally-managed install_data
[7.407s] Level 1:colcon.colcon_core.environment:checking '/home/amin/cobot/cobot_ws/install/mycobot_280pi' for CMake module files
[7.407s] Level 1:colcon.colcon_core.environment:checking '/home/amin/cobot/cobot_ws/install/mycobot_280pi' for CMake config files
[7.408s] Level 1:colcon.colcon_core.environment:checking '/home/amin/cobot/cobot_ws/install/mycobot_280pi/lib'
[7.408s] Level 1:colcon.colcon_core.environment:checking '/home/amin/cobot/cobot_ws/install/mycobot_280pi/bin'
[7.408s] Level 1:colcon.colcon_core.environment:checking '/home/amin/cobot/cobot_ws/install/mycobot_280pi/lib/pkgconfig/mycobot_280pi.pc'
[7.409s] Level 1:colcon.colcon_core.environment:checking '/home/amin/cobot/cobot_ws/install/mycobot_280pi/lib/python3.12/site-packages'
[7.409s] Level 1:colcon.colcon_core.shell:create_environment_hook('mycobot_280pi', 'pythonpath')
[7.409s] INFO:colcon.colcon_core.shell:Creating environment hook '/home/amin/cobot/cobot_ws/install/mycobot_280pi/share/mycobot_280pi/hook/pythonpath.ps1'
[7.410s] DEBUG:colcon.colcon_core.event_handler.log_command:Invoked command in '/home/amin/cobot/cobot_ws/src/mycobot_ros2/mycobot_280/mycobot_280pi' returned '0': AMENT_PREFIX_PATH=/home/amin/cobot/cobot_ws/install/mycobot_description:/home/amin/cobot/cobot_ws/install/ultraarm:/home/amin/cobot/cobot_ws/install/pro450_moveit2_control:/home/amin/cobot/cobot_ws/install/pro450_moveit2:/home/amin/cobot/cobot_ws/install/mypalletizer_communication:/home/amin/cobot/cobot_ws/install/mypalletizer_interfaces:/home/amin/cobot/cobot_ws/install/mypalletizer_260_pi:/home/amin/cobot/cobot_ws/install/mypalletizer_260:/home/amin/cobot/cobot_ws/install/mycobot_pro_450:/home/amin/cobot/cobot_ws/install/mycobot_pro450_interfaces:/home/amin/cobot/cobot_ws/install/myarm_m750:/home/amin/cobot/cobot_ws/install/myarm_c650:/home/amin/cobot/cobot_ws/install/mycobot_communication:/home/amin/cobot/cobot_ws/install/mecharm_communication:/home/amin/cobot/cobot_ws/install/mycobot_interfaces:/home/amin/cobot/cobot_ws/install/mycobot_630:/home/amin/cobot/cobot_ws/install/mycobot_600:/home/amin/cobot/cobot_ws/install/mycobot_320pi:/home/amin/cobot/cobot_ws/install/mycobot_320_riscv:/home/amin/cobot/cobot_ws/install/mycobot_320:/home/amin/cobot/cobot_ws/install/mycobot_280rdkx5_moveit2:/home/amin/cobot/cobot_ws/install/mycobot_280pi:/home/amin/cobot/cobot_ws/install/mycobot_280jn:/home/amin/cobot/cobot_ws/install/mycobot_280arduino_moveit2:/home/amin/cobot/cobot_ws/install/mycobot_280_x3pi:/home/amin/cobot/cobot_ws/install/mycobot_280_riscv:/home/amin/cobot/cobot_ws/install/mycobot_280_rdkx5:/home/amin/cobot/cobot_ws/install/mycobot_280_moveit2_control:/home/amin/cobot/cobot_ws/install/mycobot_280_moveit2:/home/amin/cobot/cobot_ws/install/mycobot_280_gazebo_jazzy:/home/amin/cobot/cobot_ws/install/mycobot_280_gazebo:/home/amin/cobot/cobot_ws/install/mycobot_280_arduino:/home/amin/cobot/cobot_ws/install/mycobot_280:/home/amin/cobot/cobot_ws/install/mybuddy:/home/amin/cobot/cobot_ws/install/myarm_300:/home/amin/cobot/cobot_ws/install/mecharm_pi:/home/amin/cobot/cobot_ws/install/mecharm:/home/amin/cobot/cobot_ws/install/mecharm_interfaces:/opt/ros/jazzy DEBUGINFOD_URLS=https://debuginfod.ubuntu.com PYTHONPATH=/home/amin/cobot/cobot_ws/build/mycobot_280pi/prefix_override:/usr/lib/python3/dist-packages/colcon_core/task/python/colcon_distutils_commands:/home/amin/cobot/cobot_ws/install/mycobot_280pi/lib/python3.12/site-packages:/home/amin/cobot/cobot_ws/install/mycobot_description/lib/python3.12/site-packages:/home/amin/cobot/cobot_ws/install/ultraarm/lib/python3.12/site-packages:/home/amin/cobot/cobot_ws/install/pro450_moveit2_control/lib/python3.12/site-packages:/home/amin/cobot/cobot_ws/install/mypalletizer_communication/lib/python3.12/site-packages:/home/amin/cobot/cobot_ws/install/mypalletizer_interfaces/lib/python3.12/site-packages:/home/amin/cobot/cobot_ws/install/mypalletizer_260_pi/lib/python3.12/site-packages:/home/amin/cobot/cobot_ws/install/mypalletizer_260/lib/python3.12/site-packages:/home/amin/cobot/cobot_ws/install/mycobot_pro_450/lib/python3.12/site-packages:/home/amin/cobot/cobot_ws/install/mycobot_pro450_interfaces/lib/python3.12/site-packages:/home/amin/cobot/cobot_ws/install/myarm_m750/lib/python3.12/site-packages:/home/amin/cobot/cobot_ws/install/myarm_c650/lib/python3.12/site-packages:/home/amin/cobot/cobot_ws/install/mycobot_communication/lib/python3.12/site-packages:/home/amin/cobot/cobot_ws/install/mecharm_communication/lib/python3.12/site-packages:/home/amin/cobot/cobot_ws/install/mycobot_interfaces/lib/python3.12/site-packages:/home/amin/cobot/cobot_ws/install/mycobot_630/lib/python3.12/site-packages:/home/amin/cobot/cobot_ws/install/mycobot_600/lib/python3.12/site-packages:/home/amin/cobot/cobot_ws/install/mycobot_320pi/lib/python3.12/site-packages:/home/amin/cobot/cobot_ws/install/mycobot_320_riscv/lib/python3.12/site-packages:/home/amin/cobot/cobot_ws/install/mycobot_320/lib/python3.12/site-packages:/home/amin/cobot/cobot_ws/install/mycobot_280pi/lib/python3.12/site-packages:/home/amin/cobot/cobot_ws/install/mycobot_280jn/lib/python3.12/site-packages:/home/amin/cobot/cobot_ws/install/mycobot_280_x3pi/lib/python3.12/site-packages:/home/amin/cobot/cobot_ws/install/mycobot_280_riscv/lib/python3.12/site-packages:/home/amin/cobot/cobot_ws/install/mycobot_280_rdkx5/lib/python3.12/site-packages:/home/amin/cobot/cobot_ws/install/mycobot_280_moveit2_control/lib/python3.12/site-packages:/home/amin/cobot/cobot_ws/install/mycobot_280_arduino/lib/python3.12/site-packages:/home/amin/cobot/cobot_ws/install/mycobot_280/lib/python3.12/site-packages:/home/amin/cobot/cobot_ws/install/mybuddy/lib/python3.12/site-packages:/home/amin/cobot/cobot_ws/install/myarm_300/lib/python3.12/site-packages:/home/amin/cobot/cobot_ws/install/mecharm_pi/lib/python3.12/site-packages:/home/amin/cobot/cobot_ws/install/mecharm/lib/python3.12/site-packages:/home/amin/cobot/cobot_ws/install/mecharm_interfaces/lib/python3.12/site-packages:/opt/ros/jazzy/lib/python3.12/site-packages /usr/bin/python3 -W ignore:setup.py install is deprecated -W ignore:easy_install command is deprecated setup.py egg_info --egg-base ../../../../build/mycobot_280pi build --build-base /home/amin/cobot/cobot_ws/build/mycobot_280pi/build install --record /home/amin/cobot/cobot_ws/build/mycobot_280pi/install.log --single-version-externally-managed install_data
[7.410s] INFO:colcon.colcon_core.shell:Creating environment descriptor '/home/amin/cobot/cobot_ws/install/mycobot_280pi/share/mycobot_280pi/hook/pythonpath.dsv'
[7.410s] INFO:colcon.colcon_core.shell:Creating environment hook '/home/amin/cobot/cobot_ws/install/mycobot_280pi/share/mycobot_280pi/hook/pythonpath.sh'
[7.411s] Level 1:colcon.colcon_core.environment:checking '/home/amin/cobot/cobot_ws/install/mycobot_280pi/bin'
[7.411s] Level 1:colcon.colcon_core.environment:create_environment_scripts_only(mycobot_280pi)
[7.412s] INFO:colcon.colcon_core.shell:Creating package script '/home/amin/cobot/cobot_ws/install/mycobot_280pi/share/mycobot_280pi/package.ps1'
[7.412s] INFO:colcon.colcon_core.shell:Creating package descriptor '/home/amin/cobot/cobot_ws/install/mycobot_280pi/share/mycobot_280pi/package.dsv'
[7.413s] INFO:colcon.colcon_core.shell:Creating package script '/home/amin/cobot/cobot_ws/install/mycobot_280pi/share/mycobot_280pi/package.sh'
[7.413s] INFO:colcon.colcon_core.shell:Creating package script '/home/amin/cobot/cobot_ws/install/mycobot_280pi/share/mycobot_280pi/package.bash'
[7.413s] INFO:colcon.colcon_core.shell:Creating package script '/home/amin/cobot/cobot_ws/install/mycobot_280pi/share/mycobot_280pi/package.zsh'
[7.414s] Level 1:colcon.colcon_core.environment:create_file_with_runtime_dependencies(/home/amin/cobot/cobot_ws/install/mycobot_280pi/share/colcon-core/packages/mycobot_280pi)
[7.414s] INFO:colcon.colcon_ros.task.ament_python.build:Building ROS package in '/home/amin/cobot/cobot_ws/src/mycobot_ros2/mypalletizer_260/mypalletizer_260_pi' with build type 'ament_python'
[7.415s] Level 1:colcon.colcon_core.shell:create_environment_hook('mypalletizer_260_pi', 'ament_prefix_path')
[7.415s] INFO:colcon.colcon_core.shell:Creating environment hook '/home/amin/cobot/cobot_ws/install/mypalletizer_260_pi/share/mypalletizer_260_pi/hook/ament_prefix_path.ps1'
[7.415s] INFO:colcon.colcon_core.shell:Creating environment descriptor '/home/amin/cobot/cobot_ws/install/mypalletizer_260_pi/share/mypalletizer_260_pi/hook/ament_prefix_path.dsv'
[7.419s] INFO:colcon.colcon_core.shell:Creating environment hook '/home/amin/cobot/cobot_ws/install/mypalletizer_260_pi/share/mypalletizer_260_pi/hook/ament_prefix_path.sh'
[7.420s] INFO:colcon.colcon_core.shell:Skip shell extension 'powershell' for command environment: Not usable outside of PowerShell
[7.420s] DEBUG:colcon.colcon_core.shell:Skip shell extension 'dsv' for command environment
[7.677s] INFO:colcon.colcon_core.task.python.build:Building Python package in '/home/amin/cobot/cobot_ws/src/mycobot_ros2/mypalletizer_260/mypalletizer_260_pi'
[7.678s] INFO:colcon.colcon_core.shell:Skip shell extension 'powershell' for command environment: Not usable outside of PowerShell
[7.678s] DEBUG:colcon.colcon_core.shell:Skip shell extension 'dsv' for command environment
[7.688s] DEBUG:colcon.colcon_core.event_handler.log_command:Invoking command in '/home/amin/cobot/cobot_ws/src/mycobot_ros2/mycobot_pro/mycobot_630': AMENT_PREFIX_PATH=/home/amin/cobot/cobot_ws/install/mycobot_description:/home/amin/cobot/cobot_ws/install/ultraarm:/home/amin/cobot/cobot_ws/install/pro450_moveit2_control:/home/amin/cobot/cobot_ws/install/pro450_moveit2:/home/amin/cobot/cobot_ws/install/mypalletizer_communication:/home/amin/cobot/cobot_ws/install/mypalletizer_interfaces:/home/amin/cobot/cobot_ws/install/mypalletizer_260_pi:/home/amin/cobot/cobot_ws/install/mypalletizer_260:/home/amin/cobot/cobot_ws/install/mycobot_pro_450:/home/amin/cobot/cobot_ws/install/mycobot_pro450_interfaces:/home/amin/cobot/cobot_ws/install/myarm_m750:/home/amin/cobot/cobot_ws/install/myarm_c650:/home/amin/cobot/cobot_ws/install/mycobot_communication:/home/amin/cobot/cobot_ws/install/mecharm_communication:/home/amin/cobot/cobot_ws/install/mycobot_interfaces:/home/amin/cobot/cobot_ws/install/mycobot_630:/home/amin/cobot/cobot_ws/install/mycobot_600:/home/amin/cobot/cobot_ws/install/mycobot_320pi:/home/amin/cobot/cobot_ws/install/mycobot_320_riscv:/home/amin/cobot/cobot_ws/install/mycobot_320:/home/amin/cobot/cobot_ws/install/mycobot_280rdkx5_moveit2:/home/amin/cobot/cobot_ws/install/mycobot_280pi:/home/amin/cobot/cobot_ws/install/mycobot_280jn:/home/amin/cobot/cobot_ws/install/mycobot_280arduino_moveit2:/home/amin/cobot/cobot_ws/install/mycobot_280_x3pi:/home/amin/cobot/cobot_ws/install/mycobot_280_riscv:/home/amin/cobot/cobot_ws/install/mycobot_280_rdkx5:/home/amin/cobot/cobot_ws/install/mycobot_280_moveit2_control:/home/amin/cobot/cobot_ws/install/mycobot_280_moveit2:/home/amin/cobot/cobot_ws/install/mycobot_280_gazebo_jazzy:/home/amin/cobot/cobot_ws/install/mycobot_280_gazebo:/home/amin/cobot/cobot_ws/install/mycobot_280_arduino:/home/amin/cobot/cobot_ws/install/mycobot_280:/home/amin/cobot/cobot_ws/install/mybuddy:/home/amin/cobot/cobot_ws/install/myarm_300:/home/amin/cobot/cobot_ws/install/mecharm_pi:/home/amin/cobot/cobot_ws/install/mecharm:/home/amin/cobot/cobot_ws/install/mecharm_interfaces:/opt/ros/jazzy DEBUGINFOD_URLS=https://debuginfod.ubuntu.com PYTHONPATH=/home/amin/cobot/cobot_ws/build/mycobot_630/prefix_override:/usr/lib/python3/dist-packages/colcon_core/task/python/colcon_distutils_commands:/home/amin/cobot/cobot_ws/install/mycobot_630/lib/python3.12/site-packages:/home/amin/cobot/cobot_ws/install/mycobot_description/lib/python3.12/site-packages:/home/amin/cobot/cobot_ws/install/ultraarm/lib/python3.12/site-packages:/home/amin/cobot/cobot_ws/install/pro450_moveit2_control/lib/python3.12/site-packages:/home/amin/cobot/cobot_ws/install/mypalletizer_communication/lib/python3.12/site-packages:/home/amin/cobot/cobot_ws/install/mypalletizer_interfaces/lib/python3.12/site-packages:/home/amin/cobot/cobot_ws/install/mypalletizer_260_pi/lib/python3.12/site-packages:/home/amin/cobot/cobot_ws/install/mypalletizer_260/lib/python3.12/site-packages:/home/amin/cobot/cobot_ws/install/mycobot_pro_450/lib/python3.12/site-packages:/home/amin/cobot/cobot_ws/install/mycobot_pro450_interfaces/lib/python3.12/site-packages:/home/amin/cobot/cobot_ws/install/myarm_m750/lib/python3.12/site-packages:/home/amin/cobot/cobot_ws/install/myarm_c650/lib/python3.12/site-packages:/home/amin/cobot/cobot_ws/install/mycobot_communication/lib/python3.12/site-packages:/home/amin/cobot/cobot_ws/install/mecharm_communication/lib/python3.12/site-packages:/home/amin/cobot/cobot_ws/install/mycobot_interfaces/lib/python3.12/site-packages:/home/amin/cobot/cobot_ws/install/mycobot_630/lib/python3.12/site-packages:/home/amin/cobot/cobot_ws/install/mycobot_600/lib/python3.12/site-packages:/home/amin/cobot/cobot_ws/install/mycobot_320pi/lib/python3.12/site-packages:/home/amin/cobot/cobot_ws/install/mycobot_320_riscv/lib/python3.12/site-packages:/home/amin/cobot/cobot_ws/install/mycobot_320/lib/python3.12/site-packages:/home/amin/cobot/cobot_ws/install/mycobot_280pi/lib/python3.12/site-packages:/home/amin/cobot/cobot_ws/install/mycobot_280jn/lib/python3.12/site-packages:/home/amin/cobot/cobot_ws/install/mycobot_280_x3pi/lib/python3.12/site-packages:/home/amin/cobot/cobot_ws/install/mycobot_280_riscv/lib/python3.12/site-packages:/home/amin/cobot/cobot_ws/install/mycobot_280_rdkx5/lib/python3.12/site-packages:/home/amin/cobot/cobot_ws/install/mycobot_280_moveit2_control/lib/python3.12/site-packages:/home/amin/cobot/cobot_ws/install/mycobot_280_arduino/lib/python3.12/site-packages:/home/amin/cobot/cobot_ws/install/mycobot_280/lib/python3.12/site-packages:/home/amin/cobot/cobot_ws/install/mybuddy/lib/python3.12/site-packages:/home/amin/cobot/cobot_ws/install/myarm_300/lib/python3.12/site-packages:/home/amin/cobot/cobot_ws/install/mecharm_pi/lib/python3.12/site-packages:/home/amin/cobot/cobot_ws/install/mecharm/lib/python3.12/site-packages:/home/amin/cobot/cobot_ws/install/mecharm_interfaces/lib/python3.12/site-packages:/opt/ros/jazzy/lib/python3.12/site-packages /usr/bin/python3 -W ignore:setup.py install is deprecated -W ignore:easy_install command is deprecated setup.py egg_info --egg-base ../../../../build/mycobot_630 build --build-base /home/amin/cobot/cobot_ws/build/mycobot_630/build install --record /home/amin/cobot/cobot_ws/build/mycobot_630/install.log --single-version-externally-managed install_data
[7.689s] Level 1:colcon.colcon_core.environment:checking '/home/amin/cobot/cobot_ws/install/mycobot_320_riscv' for CMake module files
[7.689s] Level 1:colcon.colcon_core.environment:checking '/home/amin/cobot/cobot_ws/install/mycobot_320_riscv' for CMake config files
[7.690s] Level 1:colcon.colcon_core.environment:checking '/home/amin/cobot/cobot_ws/install/mycobot_320_riscv/lib'
[7.690s] Level 1:colcon.colcon_core.environment:checking '/home/amin/cobot/cobot_ws/install/mycobot_320_riscv/bin'
[7.690s] Level 1:colcon.colcon_core.environment:checking '/home/amin/cobot/cobot_ws/install/mycobot_320_riscv/lib/pkgconfig/mycobot_320_riscv.pc'
[7.690s] Level 1:colcon.colcon_core.environment:checking '/home/amin/cobot/cobot_ws/install/mycobot_320_riscv/lib/python3.12/site-packages'
[7.690s] Level 1:colcon.colcon_core.shell:create_environment_hook('mycobot_320_riscv', 'pythonpath')
[7.691s] INFO:colcon.colcon_core.shell:Creating environment hook '/home/amin/cobot/cobot_ws/install/mycobot_320_riscv/share/mycobot_320_riscv/hook/pythonpath.ps1'
[7.691s] INFO:colcon.colcon_core.shell:Creating environment descriptor '/home/amin/cobot/cobot_ws/install/mycobot_320_riscv/share/mycobot_320_riscv/hook/pythonpath.dsv'
[7.691s] INFO:colcon.colcon_core.shell:Creating environment hook '/home/amin/cobot/cobot_ws/install/mycobot_320_riscv/share/mycobot_320_riscv/hook/pythonpath.sh'
[7.692s] Level 1:colcon.colcon_core.environment:checking '/home/amin/cobot/cobot_ws/install/mycobot_320_riscv/bin'
[7.692s] Level 1:colcon.colcon_core.environment:create_environment_scripts_only(mycobot_320_riscv)
[7.692s] INFO:colcon.colcon_core.shell:Creating package script '/home/amin/cobot/cobot_ws/install/mycobot_320_riscv/share/mycobot_320_riscv/package.ps1'
[7.693s] DEBUG:colcon.colcon_core.event_handler.log_command:Invoking command in '/home/amin/cobot/cobot_ws/src/mycobot_ros2/mycobot_pro/mycobot_600': AMENT_PREFIX_PATH=/home/amin/cobot/cobot_ws/install/mycobot_description:/home/amin/cobot/cobot_ws/install/ultraarm:/home/amin/cobot/cobot_ws/install/pro450_moveit2_control:/home/amin/cobot/cobot_ws/install/pro450_moveit2:/home/amin/cobot/cobot_ws/install/mypalletizer_communication:/home/amin/cobot/cobot_ws/install/mypalletizer_interfaces:/home/amin/cobot/cobot_ws/install/mypalletizer_260_pi:/home/amin/cobot/cobot_ws/install/mypalletizer_260:/home/amin/cobot/cobot_ws/install/mycobot_pro_450:/home/amin/cobot/cobot_ws/install/mycobot_pro450_interfaces:/home/amin/cobot/cobot_ws/install/myarm_m750:/home/amin/cobot/cobot_ws/install/myarm_c650:/home/amin/cobot/cobot_ws/install/mycobot_communication:/home/amin/cobot/cobot_ws/install/mecharm_communication:/home/amin/cobot/cobot_ws/install/mycobot_interfaces:/home/amin/cobot/cobot_ws/install/mycobot_630:/home/amin/cobot/cobot_ws/install/mycobot_600:/home/amin/cobot/cobot_ws/install/mycobot_320pi:/home/amin/cobot/cobot_ws/install/mycobot_320_riscv:/home/amin/cobot/cobot_ws/install/mycobot_320:/home/amin/cobot/cobot_ws/install/mycobot_280rdkx5_moveit2:/home/amin/cobot/cobot_ws/install/mycobot_280pi:/home/amin/cobot/cobot_ws/install/mycobot_280jn:/home/amin/cobot/cobot_ws/install/mycobot_280arduino_moveit2:/home/amin/cobot/cobot_ws/install/mycobot_280_x3pi:/home/amin/cobot/cobot_ws/install/mycobot_280_riscv:/home/amin/cobot/cobot_ws/install/mycobot_280_rdkx5:/home/amin/cobot/cobot_ws/install/mycobot_280_moveit2_control:/home/amin/cobot/cobot_ws/install/mycobot_280_moveit2:/home/amin/cobot/cobot_ws/install/mycobot_280_gazebo_jazzy:/home/amin/cobot/cobot_ws/install/mycobot_280_gazebo:/home/amin/cobot/cobot_ws/install/mycobot_280_arduino:/home/amin/cobot/cobot_ws/install/mycobot_280:/home/amin/cobot/cobot_ws/install/mybuddy:/home/amin/cobot/cobot_ws/install/myarm_300:/home/amin/cobot/cobot_ws/install/mecharm_pi:/home/amin/cobot/cobot_ws/install/mecharm:/home/amin/cobot/cobot_ws/install/mecharm_interfaces:/opt/ros/jazzy DEBUGINFOD_URLS=https://debuginfod.ubuntu.com PYTHONPATH=/home/amin/cobot/cobot_ws/build/mycobot_600/prefix_override:/usr/lib/python3/dist-packages/colcon_core/task/python/colcon_distutils_commands:/home/amin/cobot/cobot_ws/install/mycobot_600/lib/python3.12/site-packages:/home/amin/cobot/cobot_ws/install/mycobot_description/lib/python3.12/site-packages:/home/amin/cobot/cobot_ws/install/ultraarm/lib/python3.12/site-packages:/home/amin/cobot/cobot_ws/install/pro450_moveit2_control/lib/python3.12/site-packages:/home/amin/cobot/cobot_ws/install/mypalletizer_communication/lib/python3.12/site-packages:/home/amin/cobot/cobot_ws/install/mypalletizer_interfaces/lib/python3.12/site-packages:/home/amin/cobot/cobot_ws/install/mypalletizer_260_pi/lib/python3.12/site-packages:/home/amin/cobot/cobot_ws/install/mypalletizer_260/lib/python3.12/site-packages:/home/amin/cobot/cobot_ws/install/mycobot_pro_450/lib/python3.12/site-packages:/home/amin/cobot/cobot_ws/install/mycobot_pro450_interfaces/lib/python3.12/site-packages:/home/amin/cobot/cobot_ws/install/myarm_m750/lib/python3.12/site-packages:/home/amin/cobot/cobot_ws/install/myarm_c650/lib/python3.12/site-packages:/home/amin/cobot/cobot_ws/install/mycobot_communication/lib/python3.12/site-packages:/home/amin/cobot/cobot_ws/install/mecharm_communication/lib/python3.12/site-packages:/home/amin/cobot/cobot_ws/install/mycobot_interfaces/lib/python3.12/site-packages:/home/amin/cobot/cobot_ws/install/mycobot_630/lib/python3.12/site-packages:/home/amin/cobot/cobot_ws/install/mycobot_600/lib/python3.12/site-packages:/home/amin/cobot/cobot_ws/install/mycobot_320pi/lib/python3.12/site-packages:/home/amin/cobot/cobot_ws/install/mycobot_320_riscv/lib/python3.12/site-packages:/home/amin/cobot/cobot_ws/install/mycobot_320/lib/python3.12/site-packages:/home/amin/cobot/cobot_ws/install/mycobot_280pi/lib/python3.12/site-packages:/home/amin/cobot/cobot_ws/install/mycobot_280jn/lib/python3.12/site-packages:/home/amin/cobot/cobot_ws/install/mycobot_280_x3pi/lib/python3.12/site-packages:/home/amin/cobot/cobot_ws/install/mycobot_280_riscv/lib/python3.12/site-packages:/home/amin/cobot/cobot_ws/install/mycobot_280_rdkx5/lib/python3.12/site-packages:/home/amin/cobot/cobot_ws/install/mycobot_280_moveit2_control/lib/python3.12/site-packages:/home/amin/cobot/cobot_ws/install/mycobot_280_arduino/lib/python3.12/site-packages:/home/amin/cobot/cobot_ws/install/mycobot_280/lib/python3.12/site-packages:/home/amin/cobot/cobot_ws/install/mybuddy/lib/python3.12/site-packages:/home/amin/cobot/cobot_ws/install/myarm_300/lib/python3.12/site-packages:/home/amin/cobot/cobot_ws/install/mecharm_pi/lib/python3.12/site-packages:/home/amin/cobot/cobot_ws/install/mecharm/lib/python3.12/site-packages:/home/amin/cobot/cobot_ws/install/mecharm_interfaces/lib/python3.12/site-packages:/opt/ros/jazzy/lib/python3.12/site-packages /usr/bin/python3 -W ignore:setup.py install is deprecated -W ignore:easy_install command is deprecated setup.py egg_info --egg-base ../../../../build/mycobot_600 build --build-base /home/amin/cobot/cobot_ws/build/mycobot_600/build install --record /home/amin/cobot/cobot_ws/build/mycobot_600/install.log --single-version-externally-managed install_data
[7.693s] DEBUG:colcon.colcon_core.event_handler.log_command:Invoked command in '/home/amin/cobot/cobot_ws/src/mycobot_ros2/mycobot_320/mycobot_320_riscv' returned '0': AMENT_PREFIX_PATH=/home/amin/cobot/cobot_ws/install/mycobot_description:/home/amin/cobot/cobot_ws/install/ultraarm:/home/amin/cobot/cobot_ws/install/pro450_moveit2_control:/home/amin/cobot/cobot_ws/install/pro450_moveit2:/home/amin/cobot/cobot_ws/install/mypalletizer_communication:/home/amin/cobot/cobot_ws/install/mypalletizer_interfaces:/home/amin/cobot/cobot_ws/install/mypalletizer_260_pi:/home/amin/cobot/cobot_ws/install/mypalletizer_260:/home/amin/cobot/cobot_ws/install/mycobot_pro_450:/home/amin/cobot/cobot_ws/install/mycobot_pro450_interfaces:/home/amin/cobot/cobot_ws/install/myarm_m750:/home/amin/cobot/cobot_ws/install/myarm_c650:/home/amin/cobot/cobot_ws/install/mycobot_communication:/home/amin/cobot/cobot_ws/install/mecharm_communication:/home/amin/cobot/cobot_ws/install/mycobot_interfaces:/home/amin/cobot/cobot_ws/install/mycobot_630:/home/amin/cobot/cobot_ws/install/mycobot_600:/home/amin/cobot/cobot_ws/install/mycobot_320pi:/home/amin/cobot/cobot_ws/install/mycobot_320_riscv:/home/amin/cobot/cobot_ws/install/mycobot_320:/home/amin/cobot/cobot_ws/install/mycobot_280rdkx5_moveit2:/home/amin/cobot/cobot_ws/install/mycobot_280pi:/home/amin/cobot/cobot_ws/install/mycobot_280jn:/home/amin/cobot/cobot_ws/install/mycobot_280arduino_moveit2:/home/amin/cobot/cobot_ws/install/mycobot_280_x3pi:/home/amin/cobot/cobot_ws/install/mycobot_280_riscv:/home/amin/cobot/cobot_ws/install/mycobot_280_rdkx5:/home/amin/cobot/cobot_ws/install/mycobot_280_moveit2_control:/home/amin/cobot/cobot_ws/install/mycobot_280_moveit2:/home/amin/cobot/cobot_ws/install/mycobot_280_gazebo_jazzy:/home/amin/cobot/cobot_ws/install/mycobot_280_gazebo:/home/amin/cobot/cobot_ws/install/mycobot_280_arduino:/home/amin/cobot/cobot_ws/install/mycobot_280:/home/amin/cobot/cobot_ws/install/mybuddy:/home/amin/cobot/cobot_ws/install/myarm_300:/home/amin/cobot/cobot_ws/install/mecharm_pi:/home/amin/cobot/cobot_ws/install/mecharm:/home/amin/cobot/cobot_ws/install/mecharm_interfaces:/opt/ros/jazzy DEBUGINFOD_URLS=https://debuginfod.ubuntu.com PYTHONPATH=/home/amin/cobot/cobot_ws/build/mycobot_320_riscv/prefix_override:/usr/lib/python3/dist-packages/colcon_core/task/python/colcon_distutils_commands:/home/amin/cobot/cobot_ws/install/mycobot_320_riscv/lib/python3.12/site-packages:/home/amin/cobot/cobot_ws/install/mycobot_description/lib/python3.12/site-packages:/home/amin/cobot/cobot_ws/install/ultraarm/lib/python3.12/site-packages:/home/amin/cobot/cobot_ws/install/pro450_moveit2_control/lib/python3.12/site-packages:/home/amin/cobot/cobot_ws/install/mypalletizer_communication/lib/python3.12/site-packages:/home/amin/cobot/cobot_ws/install/mypalletizer_interfaces/lib/python3.12/site-packages:/home/amin/cobot/cobot_ws/install/mypalletizer_260_pi/lib/python3.12/site-packages:/home/amin/cobot/cobot_ws/install/mypalletizer_260/lib/python3.12/site-packages:/home/amin/cobot/cobot_ws/install/mycobot_pro_450/lib/python3.12/site-packages:/home/amin/cobot/cobot_ws/install/mycobot_pro450_interfaces/lib/python3.12/site-packages:/home/amin/cobot/cobot_ws/install/myarm_m750/lib/python3.12/site-packages:/home/amin/cobot/cobot_ws/install/myarm_c650/lib/python3.12/site-packages:/home/amin/cobot/cobot_ws/install/mycobot_communication/lib/python3.12/site-packages:/home/amin/cobot/cobot_ws/install/mecharm_communication/lib/python3.12/site-packages:/home/amin/cobot/cobot_ws/install/mycobot_interfaces/lib/python3.12/site-packages:/home/amin/cobot/cobot_ws/install/mycobot_630/lib/python3.12/site-packages:/home/amin/cobot/cobot_ws/install/mycobot_600/lib/python3.12/site-packages:/home/amin/cobot/cobot_ws/install/mycobot_320pi/lib/python3.12/site-packages:/home/amin/cobot/cobot_ws/install/mycobot_320_riscv/lib/python3.12/site-packages:/home/amin/cobot/cobot_ws/install/mycobot_320/lib/python3.12/site-packages:/home/amin/cobot/cobot_ws/install/mycobot_280pi/lib/python3.12/site-packages:/home/amin/cobot/cobot_ws/install/mycobot_280jn/lib/python3.12/site-packages:/home/amin/cobot/cobot_ws/install/mycobot_280_x3pi/lib/python3.12/site-packages:/home/amin/cobot/cobot_ws/install/mycobot_280_riscv/lib/python3.12/site-packages:/home/amin/cobot/cobot_ws/install/mycobot_280_rdkx5/lib/python3.12/site-packages:/home/amin/cobot/cobot_ws/install/mycobot_280_moveit2_control/lib/python3.12/site-packages:/home/amin/cobot/cobot_ws/install/mycobot_280_arduino/lib/python3.12/site-packages:/home/amin/cobot/cobot_ws/install/mycobot_280/lib/python3.12/site-packages:/home/amin/cobot/cobot_ws/install/mybuddy/lib/python3.12/site-packages:/home/amin/cobot/cobot_ws/install/myarm_300/lib/python3.12/site-packages:/home/amin/cobot/cobot_ws/install/mecharm_pi/lib/python3.12/site-packages:/home/amin/cobot/cobot_ws/install/mecharm/lib/python3.12/site-packages:/home/amin/cobot/cobot_ws/install/mecharm_interfaces/lib/python3.12/site-packages:/opt/ros/jazzy/lib/python3.12/site-packages /usr/bin/python3 -W ignore:setup.py install is deprecated -W ignore:easy_install command is deprecated setup.py egg_info --egg-base ../../../../build/mycobot_320_riscv build --build-base /home/amin/cobot/cobot_ws/build/mycobot_320_riscv/build install --record /home/amin/cobot/cobot_ws/build/mycobot_320_riscv/install.log --single-version-externally-managed install_data
[7.694s] INFO:colcon.colcon_core.shell:Creating package descriptor '/home/amin/cobot/cobot_ws/install/mycobot_320_riscv/share/mycobot_320_riscv/package.dsv'
[7.694s] INFO:colcon.colcon_core.shell:Creating package script '/home/amin/cobot/cobot_ws/install/mycobot_320_riscv/share/mycobot_320_riscv/package.sh'
[7.694s] INFO:colcon.colcon_core.shell:Creating package script '/home/amin/cobot/cobot_ws/install/mycobot_320_riscv/share/mycobot_320_riscv/package.bash'
[7.695s] INFO:colcon.colcon_core.shell:Creating package script '/home/amin/cobot/cobot_ws/install/mycobot_320_riscv/share/mycobot_320_riscv/package.zsh'
[7.695s] Level 1:colcon.colcon_core.environment:create_file_with_runtime_dependencies(/home/amin/cobot/cobot_ws/install/mycobot_320_riscv/share/colcon-core/packages/mycobot_320_riscv)
[7.695s] Level 1:colcon.colcon_core.environment:checking '/home/amin/cobot/cobot_ws/install/mycobot_320' for CMake module files
[7.696s] DEBUG:colcon.colcon_core.event_handler.log_command:Invoked command in '/home/amin/cobot/cobot_ws/src/mycobot_ros2/mycobot_320/mycobot_320' returned '0': AMENT_PREFIX_PATH=/home/amin/cobot/cobot_ws/install/mycobot_description:/home/amin/cobot/cobot_ws/install/ultraarm:/home/amin/cobot/cobot_ws/install/pro450_moveit2_control:/home/amin/cobot/cobot_ws/install/pro450_moveit2:/home/amin/cobot/cobot_ws/install/mypalletizer_communication:/home/amin/cobot/cobot_ws/install/mypalletizer_interfaces:/home/amin/cobot/cobot_ws/install/mypalletizer_260_pi:/home/amin/cobot/cobot_ws/install/mypalletizer_260:/home/amin/cobot/cobot_ws/install/mycobot_pro_450:/home/amin/cobot/cobot_ws/install/mycobot_pro450_interfaces:/home/amin/cobot/cobot_ws/install/myarm_m750:/home/amin/cobot/cobot_ws/install/myarm_c650:/home/amin/cobot/cobot_ws/install/mycobot_communication:/home/amin/cobot/cobot_ws/install/mecharm_communication:/home/amin/cobot/cobot_ws/install/mycobot_interfaces:/home/amin/cobot/cobot_ws/install/mycobot_630:/home/amin/cobot/cobot_ws/install/mycobot_600:/home/amin/cobot/cobot_ws/install/mycobot_320pi:/home/amin/cobot/cobot_ws/install/mycobot_320_riscv:/home/amin/cobot/cobot_ws/install/mycobot_320:/home/amin/cobot/cobot_ws/install/mycobot_280rdkx5_moveit2:/home/amin/cobot/cobot_ws/install/mycobot_280pi:/home/amin/cobot/cobot_ws/install/mycobot_280jn:/home/amin/cobot/cobot_ws/install/mycobot_280arduino_moveit2:/home/amin/cobot/cobot_ws/install/mycobot_280_x3pi:/home/amin/cobot/cobot_ws/install/mycobot_280_riscv:/home/amin/cobot/cobot_ws/install/mycobot_280_rdkx5:/home/amin/cobot/cobot_ws/install/mycobot_280_moveit2_control:/home/amin/cobot/cobot_ws/install/mycobot_280_moveit2:/home/amin/cobot/cobot_ws/install/mycobot_280_gazebo_jazzy:/home/amin/cobot/cobot_ws/install/mycobot_280_gazebo:/home/amin/cobot/cobot_ws/install/mycobot_280_arduino:/home/amin/cobot/cobot_ws/install/mycobot_280:/home/amin/cobot/cobot_ws/install/mybuddy:/home/amin/cobot/cobot_ws/install/myarm_300:/home/amin/cobot/cobot_ws/install/mecharm_pi:/home/amin/cobot/cobot_ws/install/mecharm:/home/amin/cobot/cobot_ws/install/mecharm_interfaces:/opt/ros/jazzy DEBUGINFOD_URLS=https://debuginfod.ubuntu.com PYTHONPATH=/home/amin/cobot/cobot_ws/build/mycobot_320/prefix_override:/usr/lib/python3/dist-packages/colcon_core/task/python/colcon_distutils_commands:/home/amin/cobot/cobot_ws/install/mycobot_320/lib/python3.12/site-packages:/home/amin/cobot/cobot_ws/install/mycobot_description/lib/python3.12/site-packages:/home/amin/cobot/cobot_ws/install/ultraarm/lib/python3.12/site-packages:/home/amin/cobot/cobot_ws/install/pro450_moveit2_control/lib/python3.12/site-packages:/home/amin/cobot/cobot_ws/install/mypalletizer_communication/lib/python3.12/site-packages:/home/amin/cobot/cobot_ws/install/mypalletizer_interfaces/lib/python3.12/site-packages:/home/amin/cobot/cobot_ws/install/mypalletizer_260_pi/lib/python3.12/site-packages:/home/amin/cobot/cobot_ws/install/mypalletizer_260/lib/python3.12/site-packages:/home/amin/cobot/cobot_ws/install/mycobot_pro_450/lib/python3.12/site-packages:/home/amin/cobot/cobot_ws/install/mycobot_pro450_interfaces/lib/python3.12/site-packages:/home/amin/cobot/cobot_ws/install/myarm_m750/lib/python3.12/site-packages:/home/amin/cobot/cobot_ws/install/myarm_c650/lib/python3.12/site-packages:/home/amin/cobot/cobot_ws/install/mycobot_communication/lib/python3.12/site-packages:/home/amin/cobot/cobot_ws/install/mecharm_communication/lib/python3.12/site-packages:/home/amin/cobot/cobot_ws/install/mycobot_interfaces/lib/python3.12/site-packages:/home/amin/cobot/cobot_ws/install/mycobot_630/lib/python3.12/site-packages:/home/amin/cobot/cobot_ws/install/mycobot_600/lib/python3.12/site-packages:/home/amin/cobot/cobot_ws/install/mycobot_320pi/lib/python3.12/site-packages:/home/amin/cobot/cobot_ws/install/mycobot_320_riscv/lib/python3.12/site-packages:/home/amin/cobot/cobot_ws/install/mycobot_320/lib/python3.12/site-packages:/home/amin/cobot/cobot_ws/install/mycobot_280pi/lib/python3.12/site-packages:/home/amin/cobot/cobot_ws/install/mycobot_280jn/lib/python3.12/site-packages:/home/amin/cobot/cobot_ws/install/mycobot_280_x3pi/lib/python3.12/site-packages:/home/amin/cobot/cobot_ws/install/mycobot_280_riscv/lib/python3.12/site-packages:/home/amin/cobot/cobot_ws/install/mycobot_280_rdkx5/lib/python3.12/site-packages:/home/amin/cobot/cobot_ws/install/mycobot_280_moveit2_control/lib/python3.12/site-packages:/home/amin/cobot/cobot_ws/install/mycobot_280_arduino/lib/python3.12/site-packages:/home/amin/cobot/cobot_ws/install/mycobot_280/lib/python3.12/site-packages:/home/amin/cobot/cobot_ws/install/mybuddy/lib/python3.12/site-packages:/home/amin/cobot/cobot_ws/install/myarm_300/lib/python3.12/site-packages:/home/amin/cobot/cobot_ws/install/mecharm_pi/lib/python3.12/site-packages:/home/amin/cobot/cobot_ws/install/mecharm/lib/python3.12/site-packages:/home/amin/cobot/cobot_ws/install/mecharm_interfaces/lib/python3.12/site-packages:/opt/ros/jazzy/lib/python3.12/site-packages /usr/bin/python3 -W ignore:setup.py install is deprecated -W ignore:easy_install command is deprecated setup.py egg_info --egg-base ../../../../build/mycobot_320 build --build-base /home/amin/cobot/cobot_ws/build/mycobot_320/build install --record /home/amin/cobot/cobot_ws/build/mycobot_320/install.log --single-version-externally-managed install_data
[7.697s] Level 1:colcon.colcon_core.environment:checking '/home/amin/cobot/cobot_ws/install/mycobot_320' for CMake config files
[7.697s] Level 1:colcon.colcon_core.environment:checking '/home/amin/cobot/cobot_ws/install/mycobot_320/lib'
[7.697s] Level 1:colcon.colcon_core.environment:checking '/home/amin/cobot/cobot_ws/install/mycobot_320/bin'
[7.697s] Level 1:colcon.colcon_core.environment:checking '/home/amin/cobot/cobot_ws/install/mycobot_320/lib/pkgconfig/mycobot_320.pc'
[7.697s] Level 1:colcon.colcon_core.environment:checking '/home/amin/cobot/cobot_ws/install/mycobot_320/lib/python3.12/site-packages'
[7.698s] Level 1:colcon.colcon_core.shell:create_environment_hook('mycobot_320', 'pythonpath')
[7.698s] INFO:colcon.colcon_core.shell:Creating environment hook '/home/amin/cobot/cobot_ws/install/mycobot_320/share/mycobot_320/hook/pythonpath.ps1'
[7.698s] INFO:colcon.colcon_core.shell:Creating environment descriptor '/home/amin/cobot/cobot_ws/install/mycobot_320/share/mycobot_320/hook/pythonpath.dsv'
[7.699s] INFO:colcon.colcon_core.shell:Creating environment hook '/home/amin/cobot/cobot_ws/install/mycobot_320/share/mycobot_320/hook/pythonpath.sh'
[7.700s] Level 1:colcon.colcon_core.environment:checking '/home/amin/cobot/cobot_ws/install/mycobot_320/bin'
[7.701s] Level 1:colcon.colcon_core.environment:create_environment_scripts_only(mycobot_320)
[7.701s] INFO:colcon.colcon_core.shell:Creating package script '/home/amin/cobot/cobot_ws/install/mycobot_320/share/mycobot_320/package.ps1'
[7.701s] INFO:colcon.colcon_core.shell:Creating package descriptor '/home/amin/cobot/cobot_ws/install/mycobot_320/share/mycobot_320/package.dsv'
[7.702s] INFO:colcon.colcon_core.shell:Creating package script '/home/amin/cobot/cobot_ws/install/mycobot_320/share/mycobot_320/package.sh'
[7.702s] INFO:colcon.colcon_core.shell:Creating package script '/home/amin/cobot/cobot_ws/install/mycobot_320/share/mycobot_320/package.bash'
[7.702s] INFO:colcon.colcon_core.shell:Creating package script '/home/amin/cobot/cobot_ws/install/mycobot_320/share/mycobot_320/package.zsh'
[7.703s] Level 1:colcon.colcon_core.environment:create_file_with_runtime_dependencies(/home/amin/cobot/cobot_ws/install/mycobot_320/share/colcon-core/packages/mycobot_320)
[7.703s] INFO:colcon.colcon_ros.task.ament_cmake.build:Building ROS package in '/home/amin/cobot/cobot_ws/src/mycobot_ros2/mycobot_pro/pro450_moveit2' with build type 'ament_cmake'
[7.704s] INFO:colcon.colcon_cmake.task.cmake.build:Building CMake package in '/home/amin/cobot/cobot_ws/src/mycobot_ros2/mycobot_pro/pro450_moveit2'
[7.704s] INFO:colcon.colcon_core.shell:Skip shell extension 'powershell' for command environment: Not usable outside of PowerShell
[7.704s] DEBUG:colcon.colcon_core.shell:Skip shell extension 'dsv' for command environment
[7.711s] INFO:colcon.colcon_ros.task.ament_python.build:Building ROS package in '/home/amin/cobot/cobot_ws/src/mycobot_ros2/mycobot_pro/pro450_moveit2_control' with build type 'ament_python'
[7.711s] Level 1:colcon.colcon_core.shell:create_environment_hook('pro450_moveit2_control', 'ament_prefix_path')
[7.712s] INFO:colcon.colcon_core.shell:Creating environment hook '/home/amin/cobot/cobot_ws/install/pro450_moveit2_control/share/pro450_moveit2_control/hook/ament_prefix_path.ps1'
[7.712s] INFO:colcon.colcon_core.shell:Creating environment descriptor '/home/amin/cobot/cobot_ws/install/pro450_moveit2_control/share/pro450_moveit2_control/hook/ament_prefix_path.dsv'
[7.712s] INFO:colcon.colcon_core.shell:Creating environment hook '/home/amin/cobot/cobot_ws/install/pro450_moveit2_control/share/pro450_moveit2_control/hook/ament_prefix_path.sh'
[7.713s] INFO:colcon.colcon_core.shell:Skip shell extension 'powershell' for command environment: Not usable outside of PowerShell
[7.713s] DEBUG:colcon.colcon_core.shell:Skip shell extension 'dsv' for command environment
[7.728s] DEBUG:colcon.colcon_core.event_handler.log_command:Invoking command in '/home/amin/cobot/cobot_ws/build/pro450_moveit2': AMENT_PREFIX_PATH=/home/amin/cobot/cobot_ws/install/mycobot_description:/home/amin/cobot/cobot_ws/install/ultraarm:/home/amin/cobot/cobot_ws/install/pro450_moveit2_control:/home/amin/cobot/cobot_ws/install/pro450_moveit2:/home/amin/cobot/cobot_ws/install/mypalletizer_communication:/home/amin/cobot/cobot_ws/install/mypalletizer_interfaces:/home/amin/cobot/cobot_ws/install/mypalletizer_260_pi:/home/amin/cobot/cobot_ws/install/mypalletizer_260:/home/amin/cobot/cobot_ws/install/mycobot_pro_450:/home/amin/cobot/cobot_ws/install/mycobot_pro450_interfaces:/home/amin/cobot/cobot_ws/install/myarm_m750:/home/amin/cobot/cobot_ws/install/myarm_c650:/home/amin/cobot/cobot_ws/install/mycobot_communication:/home/amin/cobot/cobot_ws/install/mecharm_communication:/home/amin/cobot/cobot_ws/install/mycobot_interfaces:/home/amin/cobot/cobot_ws/install/mycobot_630:/home/amin/cobot/cobot_ws/install/mycobot_600:/home/amin/cobot/cobot_ws/install/mycobot_320pi:/home/amin/cobot/cobot_ws/install/mycobot_320_riscv:/home/amin/cobot/cobot_ws/install/mycobot_320:/home/amin/cobot/cobot_ws/install/mycobot_280rdkx5_moveit2:/home/amin/cobot/cobot_ws/install/mycobot_280pi:/home/amin/cobot/cobot_ws/install/mycobot_280jn:/home/amin/cobot/cobot_ws/install/mycobot_280arduino_moveit2:/home/amin/cobot/cobot_ws/install/mycobot_280_x3pi:/home/amin/cobot/cobot_ws/install/mycobot_280_riscv:/home/amin/cobot/cobot_ws/install/mycobot_280_rdkx5:/home/amin/cobot/cobot_ws/install/mycobot_280_moveit2_control:/home/amin/cobot/cobot_ws/install/mycobot_280_moveit2:/home/amin/cobot/cobot_ws/install/mycobot_280_gazebo_jazzy:/home/amin/cobot/cobot_ws/install/mycobot_280_gazebo:/home/amin/cobot/cobot_ws/install/mycobot_280_arduino:/home/amin/cobot/cobot_ws/install/mycobot_280:/home/amin/cobot/cobot_ws/install/mybuddy:/home/amin/cobot/cobot_ws/install/myarm_300:/home/amin/cobot/cobot_ws/install/mecharm_pi:/home/amin/cobot/cobot_ws/install/mecharm:/home/amin/cobot/cobot_ws/install/mecharm_interfaces:/opt/ros/jazzy CMAKE_PREFIX_PATH=${CMAKE_PREFIX_PATH}:/home/amin/cobot/cobot_ws/install/ultraarm:/home/amin/cobot/cobot_ws/install/pro450_moveit2_control:/home/amin/cobot/cobot_ws/install/mypalletizer_communication:/home/amin/cobot/cobot_ws/install/mypalletizer_260_pi:/home/amin/cobot/cobot_ws/install/mypalletizer_260:/home/amin/cobot/cobot_ws/install/mycobot_pro_450:/home/amin/cobot/cobot_ws/install/myarm_m750:/home/amin/cobot/cobot_ws/install/myarm_c650:/home/amin/cobot/cobot_ws/install/mycobot_communication:/home/amin/cobot/cobot_ws/install/mecharm_communication:/home/amin/cobot/cobot_ws/install/mycobot_630:/home/amin/cobot/cobot_ws/install/mycobot_600:/home/amin/cobot/cobot_ws/install/mycobot_320pi:/home/amin/cobot/cobot_ws/install/mycobot_320_riscv:/home/amin/cobot/cobot_ws/install/mycobot_320:/home/amin/cobot/cobot_ws/install/mycobot_280pi:/home/amin/cobot/cobot_ws/install/mycobot_280jn:/home/amin/cobot/cobot_ws/install/mycobot_280_x3pi:/home/amin/cobot/cobot_ws/install/mycobot_280_riscv:/home/amin/cobot/cobot_ws/install/mycobot_280_rdkx5:/home/amin/cobot/cobot_ws/install/mycobot_280_moveit2_control:/home/amin/cobot/cobot_ws/install/mycobot_280_arduino:/home/amin/cobot/cobot_ws/install/mycobot_280:/home/amin/cobot/cobot_ws/install/mybuddy:/home/amin/cobot/cobot_ws/install/myarm_300:/home/amin/cobot/cobot_ws/install/mecharm_pi:/home/amin/cobot/cobot_ws/install/mecharm:/home/amin/cobot/cobot_ws/install/mycobot_description:/opt/ros/jazzy DEBUGINFOD_URLS=https://debuginfod.ubuntu.com PYTHONPATH=/home/amin/cobot/cobot_ws/install/mycobot_description/lib/python3.12/site-packages:/home/amin/cobot/cobot_ws/install/ultraarm/lib/python3.12/site-packages:/home/amin/cobot/cobot_ws/install/pro450_moveit2_control/lib/python3.12/site-packages:/home/amin/cobot/cobot_ws/install/mypalletizer_communication/lib/python3.12/site-packages:/home/amin/cobot/cobot_ws/install/mypalletizer_interfaces/lib/python3.12/site-packages:/home/amin/cobot/cobot_ws/install/mypalletizer_260_pi/lib/python3.12/site-packages:/home/amin/cobot/cobot_ws/install/mypalletizer_260/lib/python3.12/site-packages:/home/amin/cobot/cobot_ws/install/mycobot_pro_450/lib/python3.12/site-packages:/home/amin/cobot/cobot_ws/install/mycobot_pro450_interfaces/lib/python3.12/site-packages:/home/amin/cobot/cobot_ws/install/myarm_m750/lib/python3.12/site-packages:/home/amin/cobot/cobot_ws/install/myarm_c650/lib/python3.12/site-packages:/home/amin/cobot/cobot_ws/install/mycobot_communication/lib/python3.12/site-packages:/home/amin/cobot/cobot_ws/install/mecharm_communication/lib/python3.12/site-packages:/home/amin/cobot/cobot_ws/install/mycobot_interfaces/lib/python3.12/site-packages:/home/amin/cobot/cobot_ws/install/mycobot_630/lib/python3.12/site-packages:/home/amin/cobot/cobot_ws/install/mycobot_600/lib/python3.12/site-packages:/home/amin/cobot/cobot_ws/install/mycobot_320pi/lib/python3.12/site-packages:/home/amin/cobot/cobot_ws/install/mycobot_320_riscv/lib/python3.12/site-packages:/home/amin/cobot/cobot_ws/install/mycobot_320/lib/python3.12/site-packages:/home/amin/cobot/cobot_ws/install/mycobot_280pi/lib/python3.12/site-packages:/home/amin/cobot/cobot_ws/install/mycobot_280jn/lib/python3.12/site-packages:/home/amin/cobot/cobot_ws/install/mycobot_280_x3pi/lib/python3.12/site-packages:/home/amin/cobot/cobot_ws/install/mycobot_280_riscv/lib/python3.12/site-packages:/home/amin/cobot/cobot_ws/install/mycobot_280_rdkx5/lib/python3.12/site-packages:/home/amin/cobot/cobot_ws/install/mycobot_280_moveit2_control/lib/python3.12/site-packages:/home/amin/cobot/cobot_ws/install/mycobot_280_arduino/lib/python3.12/site-packages:/home/amin/cobot/cobot_ws/install/mycobot_280/lib/python3.12/site-packages:/home/amin/cobot/cobot_ws/install/mybuddy/lib/python3.12/site-packages:/home/amin/cobot/cobot_ws/install/myarm_300/lib/python3.12/site-packages:/home/amin/cobot/cobot_ws/install/mecharm_pi/lib/python3.12/site-packages:/home/amin/cobot/cobot_ws/install/mecharm/lib/python3.12/site-packages:/home/amin/cobot/cobot_ws/install/mecharm_interfaces/lib/python3.12/site-packages:/opt/ros/jazzy/lib/python3.12/site-packages /usr/bin/cmake --build /home/amin/cobot/cobot_ws/build/pro450_moveit2 -- -j8 -l8
[8.026s] INFO:colcon.colcon_core.task.python.build:Building Python package in '/home/amin/cobot/cobot_ws/src/mycobot_ros2/mycobot_pro/pro450_moveit2_control'
[8.027s] INFO:colcon.colcon_core.shell:Skip shell extension 'powershell' for command environment: Not usable outside of PowerShell
[8.027s] DEBUG:colcon.colcon_core.shell:Skip shell extension 'dsv' for command environment
[8.038s] DEBUG:colcon.colcon_core.event_handler.log_command:Invoked command in '/home/amin/cobot/cobot_ws/build/pro450_moveit2' returned '0': AMENT_PREFIX_PATH=/home/amin/cobot/cobot_ws/install/mycobot_description:/home/amin/cobot/cobot_ws/install/ultraarm:/home/amin/cobot/cobot_ws/install/pro450_moveit2_control:/home/amin/cobot/cobot_ws/install/pro450_moveit2:/home/amin/cobot/cobot_ws/install/mypalletizer_communication:/home/amin/cobot/cobot_ws/install/mypalletizer_interfaces:/home/amin/cobot/cobot_ws/install/mypalletizer_260_pi:/home/amin/cobot/cobot_ws/install/mypalletizer_260:/home/amin/cobot/cobot_ws/install/mycobot_pro_450:/home/amin/cobot/cobot_ws/install/mycobot_pro450_interfaces:/home/amin/cobot/cobot_ws/install/myarm_m750:/home/amin/cobot/cobot_ws/install/myarm_c650:/home/amin/cobot/cobot_ws/install/mycobot_communication:/home/amin/cobot/cobot_ws/install/mecharm_communication:/home/amin/cobot/cobot_ws/install/mycobot_interfaces:/home/amin/cobot/cobot_ws/install/mycobot_630:/home/amin/cobot/cobot_ws/install/mycobot_600:/home/amin/cobot/cobot_ws/install/mycobot_320pi:/home/amin/cobot/cobot_ws/install/mycobot_320_riscv:/home/amin/cobot/cobot_ws/install/mycobot_320:/home/amin/cobot/cobot_ws/install/mycobot_280rdkx5_moveit2:/home/amin/cobot/cobot_ws/install/mycobot_280pi:/home/amin/cobot/cobot_ws/install/mycobot_280jn:/home/amin/cobot/cobot_ws/install/mycobot_280arduino_moveit2:/home/amin/cobot/cobot_ws/install/mycobot_280_x3pi:/home/amin/cobot/cobot_ws/install/mycobot_280_riscv:/home/amin/cobot/cobot_ws/install/mycobot_280_rdkx5:/home/amin/cobot/cobot_ws/install/mycobot_280_moveit2_control:/home/amin/cobot/cobot_ws/install/mycobot_280_moveit2:/home/amin/cobot/cobot_ws/install/mycobot_280_gazebo_jazzy:/home/amin/cobot/cobot_ws/install/mycobot_280_gazebo:/home/amin/cobot/cobot_ws/install/mycobot_280_arduino:/home/amin/cobot/cobot_ws/install/mycobot_280:/home/amin/cobot/cobot_ws/install/mybuddy:/home/amin/cobot/cobot_ws/install/myarm_300:/home/amin/cobot/cobot_ws/install/mecharm_pi:/home/amin/cobot/cobot_ws/install/mecharm:/home/amin/cobot/cobot_ws/install/mecharm_interfaces:/opt/ros/jazzy CMAKE_PREFIX_PATH=${CMAKE_PREFIX_PATH}:/home/amin/cobot/cobot_ws/install/ultraarm:/home/amin/cobot/cobot_ws/install/pro450_moveit2_control:/home/amin/cobot/cobot_ws/install/mypalletizer_communication:/home/amin/cobot/cobot_ws/install/mypalletizer_260_pi:/home/amin/cobot/cobot_ws/install/mypalletizer_260:/home/amin/cobot/cobot_ws/install/mycobot_pro_450:/home/amin/cobot/cobot_ws/install/myarm_m750:/home/amin/cobot/cobot_ws/install/myarm_c650:/home/amin/cobot/cobot_ws/install/mycobot_communication:/home/amin/cobot/cobot_ws/install/mecharm_communication:/home/amin/cobot/cobot_ws/install/mycobot_630:/home/amin/cobot/cobot_ws/install/mycobot_600:/home/amin/cobot/cobot_ws/install/mycobot_320pi:/home/amin/cobot/cobot_ws/install/mycobot_320_riscv:/home/amin/cobot/cobot_ws/install/mycobot_320:/home/amin/cobot/cobot_ws/install/mycobot_280pi:/home/amin/cobot/cobot_ws/install/mycobot_280jn:/home/amin/cobot/cobot_ws/install/mycobot_280_x3pi:/home/amin/cobot/cobot_ws/install/mycobot_280_riscv:/home/amin/cobot/cobot_ws/install/mycobot_280_rdkx5:/home/amin/cobot/cobot_ws/install/mycobot_280_moveit2_control:/home/amin/cobot/cobot_ws/install/mycobot_280_arduino:/home/amin/cobot/cobot_ws/install/mycobot_280:/home/amin/cobot/cobot_ws/install/mybuddy:/home/amin/cobot/cobot_ws/install/myarm_300:/home/amin/cobot/cobot_ws/install/mecharm_pi:/home/amin/cobot/cobot_ws/install/mecharm:/home/amin/cobot/cobot_ws/install/mycobot_description:/opt/ros/jazzy DEBUGINFOD_URLS=https://debuginfod.ubuntu.com PYTHONPATH=/home/amin/cobot/cobot_ws/install/mycobot_description/lib/python3.12/site-packages:/home/amin/cobot/cobot_ws/install/ultraarm/lib/python3.12/site-packages:/home/amin/cobot/cobot_ws/install/pro450_moveit2_control/lib/python3.12/site-packages:/home/amin/cobot/cobot_ws/install/mypalletizer_communication/lib/python3.12/site-packages:/home/amin/cobot/cobot_ws/install/mypalletizer_interfaces/lib/python3.12/site-packages:/home/amin/cobot/cobot_ws/install/mypalletizer_260_pi/lib/python3.12/site-packages:/home/amin/cobot/cobot_ws/install/mypalletizer_260/lib/python3.12/site-packages:/home/amin/cobot/cobot_ws/install/mycobot_pro_450/lib/python3.12/site-packages:/home/amin/cobot/cobot_ws/install/mycobot_pro450_interfaces/lib/python3.12/site-packages:/home/amin/cobot/cobot_ws/install/myarm_m750/lib/python3.12/site-packages:/home/amin/cobot/cobot_ws/install/myarm_c650/lib/python3.12/site-packages:/home/amin/cobot/cobot_ws/install/mycobot_communication/lib/python3.12/site-packages:/home/amin/cobot/cobot_ws/install/mecharm_communication/lib/python3.12/site-packages:/home/amin/cobot/cobot_ws/install/mycobot_interfaces/lib/python3.12/site-packages:/home/amin/cobot/cobot_ws/install/mycobot_630/lib/python3.12/site-packages:/home/amin/cobot/cobot_ws/install/mycobot_600/lib/python3.12/site-packages:/home/amin/cobot/cobot_ws/install/mycobot_320pi/lib/python3.12/site-packages:/home/amin/cobot/cobot_ws/install/mycobot_320_riscv/lib/python3.12/site-packages:/home/amin/cobot/cobot_ws/install/mycobot_320/lib/python3.12/site-packages:/home/amin/cobot/cobot_ws/install/mycobot_280pi/lib/python3.12/site-packages:/home/amin/cobot/cobot_ws/install/mycobot_280jn/lib/python3.12/site-packages:/home/amin/cobot/cobot_ws/install/mycobot_280_x3pi/lib/python3.12/site-packages:/home/amin/cobot/cobot_ws/install/mycobot_280_riscv/lib/python3.12/site-packages:/home/amin/cobot/cobot_ws/install/mycobot_280_rdkx5/lib/python3.12/site-packages:/home/amin/cobot/cobot_ws/install/mycobot_280_moveit2_control/lib/python3.12/site-packages:/home/amin/cobot/cobot_ws/install/mycobot_280_arduino/lib/python3.12/site-packages:/home/amin/cobot/cobot_ws/install/mycobot_280/lib/python3.12/site-packages:/home/amin/cobot/cobot_ws/install/mybuddy/lib/python3.12/site-packages:/home/amin/cobot/cobot_ws/install/myarm_300/lib/python3.12/site-packages:/home/amin/cobot/cobot_ws/install/mecharm_pi/lib/python3.12/site-packages:/home/amin/cobot/cobot_ws/install/mecharm/lib/python3.12/site-packages:/home/amin/cobot/cobot_ws/install/mecharm_interfaces/lib/python3.12/site-packages:/opt/ros/jazzy/lib/python3.12/site-packages /usr/bin/cmake --build /home/amin/cobot/cobot_ws/build/pro450_moveit2 -- -j8 -l8
[8.039s] DEBUG:colcon.colcon_core.event_handler.log_command:Invoking command in '/home/amin/cobot/cobot_ws/build/pro450_moveit2': AMENT_PREFIX_PATH=/home/amin/cobot/cobot_ws/install/mycobot_description:/home/amin/cobot/cobot_ws/install/ultraarm:/home/amin/cobot/cobot_ws/install/pro450_moveit2_control:/home/amin/cobot/cobot_ws/install/pro450_moveit2:/home/amin/cobot/cobot_ws/install/mypalletizer_communication:/home/amin/cobot/cobot_ws/install/mypalletizer_interfaces:/home/amin/cobot/cobot_ws/install/mypalletizer_260_pi:/home/amin/cobot/cobot_ws/install/mypalletizer_260:/home/amin/cobot/cobot_ws/install/mycobot_pro_450:/home/amin/cobot/cobot_ws/install/mycobot_pro450_interfaces:/home/amin/cobot/cobot_ws/install/myarm_m750:/home/amin/cobot/cobot_ws/install/myarm_c650:/home/amin/cobot/cobot_ws/install/mycobot_communication:/home/amin/cobot/cobot_ws/install/mecharm_communication:/home/amin/cobot/cobot_ws/install/mycobot_interfaces:/home/amin/cobot/cobot_ws/install/mycobot_630:/home/amin/cobot/cobot_ws/install/mycobot_600:/home/amin/cobot/cobot_ws/install/mycobot_320pi:/home/amin/cobot/cobot_ws/install/mycobot_320_riscv:/home/amin/cobot/cobot_ws/install/mycobot_320:/home/amin/cobot/cobot_ws/install/mycobot_280rdkx5_moveit2:/home/amin/cobot/cobot_ws/install/mycobot_280pi:/home/amin/cobot/cobot_ws/install/mycobot_280jn:/home/amin/cobot/cobot_ws/install/mycobot_280arduino_moveit2:/home/amin/cobot/cobot_ws/install/mycobot_280_x3pi:/home/amin/cobot/cobot_ws/install/mycobot_280_riscv:/home/amin/cobot/cobot_ws/install/mycobot_280_rdkx5:/home/amin/cobot/cobot_ws/install/mycobot_280_moveit2_control:/home/amin/cobot/cobot_ws/install/mycobot_280_moveit2:/home/amin/cobot/cobot_ws/install/mycobot_280_gazebo_jazzy:/home/amin/cobot/cobot_ws/install/mycobot_280_gazebo:/home/amin/cobot/cobot_ws/install/mycobot_280_arduino:/home/amin/cobot/cobot_ws/install/mycobot_280:/home/amin/cobot/cobot_ws/install/mybuddy:/home/amin/cobot/cobot_ws/install/myarm_300:/home/amin/cobot/cobot_ws/install/mecharm_pi:/home/amin/cobot/cobot_ws/install/mecharm:/home/amin/cobot/cobot_ws/install/mecharm_interfaces:/opt/ros/jazzy CMAKE_PREFIX_PATH=${CMAKE_PREFIX_PATH}:/home/amin/cobot/cobot_ws/install/ultraarm:/home/amin/cobot/cobot_ws/install/pro450_moveit2_control:/home/amin/cobot/cobot_ws/install/mypalletizer_communication:/home/amin/cobot/cobot_ws/install/mypalletizer_260_pi:/home/amin/cobot/cobot_ws/install/mypalletizer_260:/home/amin/cobot/cobot_ws/install/mycobot_pro_450:/home/amin/cobot/cobot_ws/install/myarm_m750:/home/amin/cobot/cobot_ws/install/myarm_c650:/home/amin/cobot/cobot_ws/install/mycobot_communication:/home/amin/cobot/cobot_ws/install/mecharm_communication:/home/amin/cobot/cobot_ws/install/mycobot_630:/home/amin/cobot/cobot_ws/install/mycobot_600:/home/amin/cobot/cobot_ws/install/mycobot_320pi:/home/amin/cobot/cobot_ws/install/mycobot_320_riscv:/home/amin/cobot/cobot_ws/install/mycobot_320:/home/amin/cobot/cobot_ws/install/mycobot_280pi:/home/amin/cobot/cobot_ws/install/mycobot_280jn:/home/amin/cobot/cobot_ws/install/mycobot_280_x3pi:/home/amin/cobot/cobot_ws/install/mycobot_280_riscv:/home/amin/cobot/cobot_ws/install/mycobot_280_rdkx5:/home/amin/cobot/cobot_ws/install/mycobot_280_moveit2_control:/home/amin/cobot/cobot_ws/install/mycobot_280_arduino:/home/amin/cobot/cobot_ws/install/mycobot_280:/home/amin/cobot/cobot_ws/install/mybuddy:/home/amin/cobot/cobot_ws/install/myarm_300:/home/amin/cobot/cobot_ws/install/mecharm_pi:/home/amin/cobot/cobot_ws/install/mecharm:/home/amin/cobot/cobot_ws/install/mycobot_description:/opt/ros/jazzy DEBUGINFOD_URLS=https://debuginfod.ubuntu.com PYTHONPATH=/home/amin/cobot/cobot_ws/install/mycobot_description/lib/python3.12/site-packages:/home/amin/cobot/cobot_ws/install/ultraarm/lib/python3.12/site-packages:/home/amin/cobot/cobot_ws/install/pro450_moveit2_control/lib/python3.12/site-packages:/home/amin/cobot/cobot_ws/install/mypalletizer_communication/lib/python3.12/site-packages:/home/amin/cobot/cobot_ws/install/mypalletizer_interfaces/lib/python3.12/site-packages:/home/amin/cobot/cobot_ws/install/mypalletizer_260_pi/lib/python3.12/site-packages:/home/amin/cobot/cobot_ws/install/mypalletizer_260/lib/python3.12/site-packages:/home/amin/cobot/cobot_ws/install/mycobot_pro_450/lib/python3.12/site-packages:/home/amin/cobot/cobot_ws/install/mycobot_pro450_interfaces/lib/python3.12/site-packages:/home/amin/cobot/cobot_ws/install/myarm_m750/lib/python3.12/site-packages:/home/amin/cobot/cobot_ws/install/myarm_c650/lib/python3.12/site-packages:/home/amin/cobot/cobot_ws/install/mycobot_communication/lib/python3.12/site-packages:/home/amin/cobot/cobot_ws/install/mecharm_communication/lib/python3.12/site-packages:/home/amin/cobot/cobot_ws/install/mycobot_interfaces/lib/python3.12/site-packages:/home/amin/cobot/cobot_ws/install/mycobot_630/lib/python3.12/site-packages:/home/amin/cobot/cobot_ws/install/mycobot_600/lib/python3.12/site-packages:/home/amin/cobot/cobot_ws/install/mycobot_320pi/lib/python3.12/site-packages:/home/amin/cobot/cobot_ws/install/mycobot_320_riscv/lib/python3.12/site-packages:/home/amin/cobot/cobot_ws/install/mycobot_320/lib/python3.12/site-packages:/home/amin/cobot/cobot_ws/install/mycobot_280pi/lib/python3.12/site-packages:/home/amin/cobot/cobot_ws/install/mycobot_280jn/lib/python3.12/site-packages:/home/amin/cobot/cobot_ws/install/mycobot_280_x3pi/lib/python3.12/site-packages:/home/amin/cobot/cobot_ws/install/mycobot_280_riscv/lib/python3.12/site-packages:/home/amin/cobot/cobot_ws/install/mycobot_280_rdkx5/lib/python3.12/site-packages:/home/amin/cobot/cobot_ws/install/mycobot_280_moveit2_control/lib/python3.12/site-packages:/home/amin/cobot/cobot_ws/install/mycobot_280_arduino/lib/python3.12/site-packages:/home/amin/cobot/cobot_ws/install/mycobot_280/lib/python3.12/site-packages:/home/amin/cobot/cobot_ws/install/mybuddy/lib/python3.12/site-packages:/home/amin/cobot/cobot_ws/install/myarm_300/lib/python3.12/site-packages:/home/amin/cobot/cobot_ws/install/mecharm_pi/lib/python3.12/site-packages:/home/amin/cobot/cobot_ws/install/mecharm/lib/python3.12/site-packages:/home/amin/cobot/cobot_ws/install/mecharm_interfaces/lib/python3.12/site-packages:/opt/ros/jazzy/lib/python3.12/site-packages /usr/bin/cmake --install /home/amin/cobot/cobot_ws/build/pro450_moveit2
[8.054s] Level 1:colcon.colcon_core.environment:create_environment_scripts_only(pro450_moveit2)
[8.054s] Level 1:colcon.colcon_core.environment:checking '/home/amin/cobot/cobot_ws/install/pro450_moveit2' for CMake module files
[8.055s] Level 1:colcon.colcon_core.environment:checking '/home/amin/cobot/cobot_ws/install/pro450_moveit2' for CMake config files
[8.055s] Level 1:colcon.colcon_core.shell:create_environment_hook('pro450_moveit2', 'cmake_prefix_path')
[8.055s] INFO:colcon.colcon_core.shell:Creating environment hook '/home/amin/cobot/cobot_ws/install/pro450_moveit2/share/pro450_moveit2/hook/cmake_prefix_path.ps1'
[8.059s] INFO:colcon.colcon_core.shell:Creating environment descriptor '/home/amin/cobot/cobot_ws/install/pro450_moveit2/share/pro450_moveit2/hook/cmake_prefix_path.dsv'
[8.060s] INFO:colcon.colcon_core.shell:Creating environment hook '/home/amin/cobot/cobot_ws/install/pro450_moveit2/share/pro450_moveit2/hook/cmake_prefix_path.sh'
[8.061s] Level 1:colcon.colcon_core.environment:checking '/home/amin/cobot/cobot_ws/install/pro450_moveit2/bin'
[8.061s] Level 1:colcon.colcon_core.environment:checking '/home/amin/cobot/cobot_ws/install/pro450_moveit2/lib/pkgconfig/pro450_moveit2.pc'
[8.061s] Level 1:colcon.colcon_core.environment:checking '/home/amin/cobot/cobot_ws/install/pro450_moveit2/lib/python3.12/site-packages'
[8.062s] Level 1:colcon.colcon_core.environment:checking '/home/amin/cobot/cobot_ws/install/pro450_moveit2/bin'
[8.062s] INFO:colcon.colcon_core.shell:Creating package script '/home/amin/cobot/cobot_ws/install/pro450_moveit2/share/pro450_moveit2/package.ps1'
[8.062s] INFO:colcon.colcon_core.shell:Creating package descriptor '/home/amin/cobot/cobot_ws/install/pro450_moveit2/share/pro450_moveit2/package.dsv'
[8.063s] INFO:colcon.colcon_core.shell:Creating package script '/home/amin/cobot/cobot_ws/install/pro450_moveit2/share/pro450_moveit2/package.sh'
[8.063s] INFO:colcon.colcon_core.shell:Creating package script '/home/amin/cobot/cobot_ws/install/pro450_moveit2/share/pro450_moveit2/package.bash'
[8.063s] INFO:colcon.colcon_core.shell:Creating package script '/home/amin/cobot/cobot_ws/install/pro450_moveit2/share/pro450_moveit2/package.zsh'
[8.064s] Level 1:colcon.colcon_core.environment:create_file_with_runtime_dependencies(/home/amin/cobot/cobot_ws/install/pro450_moveit2/share/colcon-core/packages/pro450_moveit2)
[8.064s] Level 1:colcon.colcon_core.environment:create_environment_scripts_only(pro450_moveit2)
[8.065s] Level 1:colcon.colcon_core.environment:checking '/home/amin/cobot/cobot_ws/install/pro450_moveit2' for CMake module files
[8.065s] Level 1:colcon.colcon_core.environment:checking '/home/amin/cobot/cobot_ws/install/pro450_moveit2' for CMake config files
[8.066s] Level 1:colcon.colcon_core.shell:create_environment_hook('pro450_moveit2', 'cmake_prefix_path')
[8.066s] INFO:colcon.colcon_core.shell:Creating environment hook '/home/amin/cobot/cobot_ws/install/pro450_moveit2/share/pro450_moveit2/hook/cmake_prefix_path.ps1'
[8.066s] INFO:colcon.colcon_core.shell:Creating environment descriptor '/home/amin/cobot/cobot_ws/install/pro450_moveit2/share/pro450_moveit2/hook/cmake_prefix_path.dsv'
[8.067s] INFO:colcon.colcon_core.shell:Creating environment hook '/home/amin/cobot/cobot_ws/install/pro450_moveit2/share/pro450_moveit2/hook/cmake_prefix_path.sh'
[8.068s] DEBUG:colcon.colcon_core.event_handler.log_command:Invoked command in '/home/amin/cobot/cobot_ws/build/pro450_moveit2' returned '0': AMENT_PREFIX_PATH=/home/amin/cobot/cobot_ws/install/mycobot_description:/home/amin/cobot/cobot_ws/install/ultraarm:/home/amin/cobot/cobot_ws/install/pro450_moveit2_control:/home/amin/cobot/cobot_ws/install/pro450_moveit2:/home/amin/cobot/cobot_ws/install/mypalletizer_communication:/home/amin/cobot/cobot_ws/install/mypalletizer_interfaces:/home/amin/cobot/cobot_ws/install/mypalletizer_260_pi:/home/amin/cobot/cobot_ws/install/mypalletizer_260:/home/amin/cobot/cobot_ws/install/mycobot_pro_450:/home/amin/cobot/cobot_ws/install/mycobot_pro450_interfaces:/home/amin/cobot/cobot_ws/install/myarm_m750:/home/amin/cobot/cobot_ws/install/myarm_c650:/home/amin/cobot/cobot_ws/install/mycobot_communication:/home/amin/cobot/cobot_ws/install/mecharm_communication:/home/amin/cobot/cobot_ws/install/mycobot_interfaces:/home/amin/cobot/cobot_ws/install/mycobot_630:/home/amin/cobot/cobot_ws/install/mycobot_600:/home/amin/cobot/cobot_ws/install/mycobot_320pi:/home/amin/cobot/cobot_ws/install/mycobot_320_riscv:/home/amin/cobot/cobot_ws/install/mycobot_320:/home/amin/cobot/cobot_ws/install/mycobot_280rdkx5_moveit2:/home/amin/cobot/cobot_ws/install/mycobot_280pi:/home/amin/cobot/cobot_ws/install/mycobot_280jn:/home/amin/cobot/cobot_ws/install/mycobot_280arduino_moveit2:/home/amin/cobot/cobot_ws/install/mycobot_280_x3pi:/home/amin/cobot/cobot_ws/install/mycobot_280_riscv:/home/amin/cobot/cobot_ws/install/mycobot_280_rdkx5:/home/amin/cobot/cobot_ws/install/mycobot_280_moveit2_control:/home/amin/cobot/cobot_ws/install/mycobot_280_moveit2:/home/amin/cobot/cobot_ws/install/mycobot_280_gazebo_jazzy:/home/amin/cobot/cobot_ws/install/mycobot_280_gazebo:/home/amin/cobot/cobot_ws/install/mycobot_280_arduino:/home/amin/cobot/cobot_ws/install/mycobot_280:/home/amin/cobot/cobot_ws/install/mybuddy:/home/amin/cobot/cobot_ws/install/myarm_300:/home/amin/cobot/cobot_ws/install/mecharm_pi:/home/amin/cobot/cobot_ws/install/mecharm:/home/amin/cobot/cobot_ws/install/mecharm_interfaces:/opt/ros/jazzy CMAKE_PREFIX_PATH=${CMAKE_PREFIX_PATH}:/home/amin/cobot/cobot_ws/install/ultraarm:/home/amin/cobot/cobot_ws/install/pro450_moveit2_control:/home/amin/cobot/cobot_ws/install/mypalletizer_communication:/home/amin/cobot/cobot_ws/install/mypalletizer_260_pi:/home/amin/cobot/cobot_ws/install/mypalletizer_260:/home/amin/cobot/cobot_ws/install/mycobot_pro_450:/home/amin/cobot/cobot_ws/install/myarm_m750:/home/amin/cobot/cobot_ws/install/myarm_c650:/home/amin/cobot/cobot_ws/install/mycobot_communication:/home/amin/cobot/cobot_ws/install/mecharm_communication:/home/amin/cobot/cobot_ws/install/mycobot_630:/home/amin/cobot/cobot_ws/install/mycobot_600:/home/amin/cobot/cobot_ws/install/mycobot_320pi:/home/amin/cobot/cobot_ws/install/mycobot_320_riscv:/home/amin/cobot/cobot_ws/install/mycobot_320:/home/amin/cobot/cobot_ws/install/mycobot_280pi:/home/amin/cobot/cobot_ws/install/mycobot_280jn:/home/amin/cobot/cobot_ws/install/mycobot_280_x3pi:/home/amin/cobot/cobot_ws/install/mycobot_280_riscv:/home/amin/cobot/cobot_ws/install/mycobot_280_rdkx5:/home/amin/cobot/cobot_ws/install/mycobot_280_moveit2_control:/home/amin/cobot/cobot_ws/install/mycobot_280_arduino:/home/amin/cobot/cobot_ws/install/mycobot_280:/home/amin/cobot/cobot_ws/install/mybuddy:/home/amin/cobot/cobot_ws/install/myarm_300:/home/amin/cobot/cobot_ws/install/mecharm_pi:/home/amin/cobot/cobot_ws/install/mecharm:/home/amin/cobot/cobot_ws/install/mycobot_description:/opt/ros/jazzy DEBUGINFOD_URLS=https://debuginfod.ubuntu.com PYTHONPATH=/home/amin/cobot/cobot_ws/install/mycobot_description/lib/python3.12/site-packages:/home/amin/cobot/cobot_ws/install/ultraarm/lib/python3.12/site-packages:/home/amin/cobot/cobot_ws/install/pro450_moveit2_control/lib/python3.12/site-packages:/home/amin/cobot/cobot_ws/install/mypalletizer_communication/lib/python3.12/site-packages:/home/amin/cobot/cobot_ws/install/mypalletizer_interfaces/lib/python3.12/site-packages:/home/amin/cobot/cobot_ws/install/mypalletizer_260_pi/lib/python3.12/site-packages:/home/amin/cobot/cobot_ws/install/mypalletizer_260/lib/python3.12/site-packages:/home/amin/cobot/cobot_ws/install/mycobot_pro_450/lib/python3.12/site-packages:/home/amin/cobot/cobot_ws/install/mycobot_pro450_interfaces/lib/python3.12/site-packages:/home/amin/cobot/cobot_ws/install/myarm_m750/lib/python3.12/site-packages:/home/amin/cobot/cobot_ws/install/myarm_c650/lib/python3.12/site-packages:/home/amin/cobot/cobot_ws/install/mycobot_communication/lib/python3.12/site-packages:/home/amin/cobot/cobot_ws/install/mecharm_communication/lib/python3.12/site-packages:/home/amin/cobot/cobot_ws/install/mycobot_interfaces/lib/python3.12/site-packages:/home/amin/cobot/cobot_ws/install/mycobot_630/lib/python3.12/site-packages:/home/amin/cobot/cobot_ws/install/mycobot_600/lib/python3.12/site-packages:/home/amin/cobot/cobot_ws/install/mycobot_320pi/lib/python3.12/site-packages:/home/amin/cobot/cobot_ws/install/mycobot_320_riscv/lib/python3.12/site-packages:/home/amin/cobot/cobot_ws/install/mycobot_320/lib/python3.12/site-packages:/home/amin/cobot/cobot_ws/install/mycobot_280pi/lib/python3.12/site-packages:/home/amin/cobot/cobot_ws/install/mycobot_280jn/lib/python3.12/site-packages:/home/amin/cobot/cobot_ws/install/mycobot_280_x3pi/lib/python3.12/site-packages:/home/amin/cobot/cobot_ws/install/mycobot_280_riscv/lib/python3.12/site-packages:/home/amin/cobot/cobot_ws/install/mycobot_280_rdkx5/lib/python3.12/site-packages:/home/amin/cobot/cobot_ws/install/mycobot_280_moveit2_control/lib/python3.12/site-packages:/home/amin/cobot/cobot_ws/install/mycobot_280_arduino/lib/python3.12/site-packages:/home/amin/cobot/cobot_ws/install/mycobot_280/lib/python3.12/site-packages:/home/amin/cobot/cobot_ws/install/mybuddy/lib/python3.12/site-packages:/home/amin/cobot/cobot_ws/install/myarm_300/lib/python3.12/site-packages:/home/amin/cobot/cobot_ws/install/mecharm_pi/lib/python3.12/site-packages:/home/amin/cobot/cobot_ws/install/mecharm/lib/python3.12/site-packages:/home/amin/cobot/cobot_ws/install/mecharm_interfaces/lib/python3.12/site-packages:/opt/ros/jazzy/lib/python3.12/site-packages /usr/bin/cmake --install /home/amin/cobot/cobot_ws/build/pro450_moveit2
[8.069s] Level 1:colcon.colcon_core.environment:checking '/home/amin/cobot/cobot_ws/install/pro450_moveit2/bin'
[8.069s] Level 1:colcon.colcon_core.environment:checking '/home/amin/cobot/cobot_ws/install/pro450_moveit2/lib/pkgconfig/pro450_moveit2.pc'
[8.069s] Level 1:colcon.colcon_core.environment:checking '/home/amin/cobot/cobot_ws/install/pro450_moveit2/lib/python3.12/site-packages'
[8.070s] Level 1:colcon.colcon_core.environment:checking '/home/amin/cobot/cobot_ws/install/pro450_moveit2/bin'
[8.070s] INFO:colcon.colcon_core.shell:Creating package script '/home/amin/cobot/cobot_ws/install/pro450_moveit2/share/pro450_moveit2/package.ps1'
[8.071s] INFO:colcon.colcon_core.shell:Creating package descriptor '/home/amin/cobot/cobot_ws/install/pro450_moveit2/share/pro450_moveit2/package.dsv'
[8.071s] INFO:colcon.colcon_core.shell:Creating package script '/home/amin/cobot/cobot_ws/install/pro450_moveit2/share/pro450_moveit2/package.sh'
[8.072s] INFO:colcon.colcon_core.shell:Creating package script '/home/amin/cobot/cobot_ws/install/pro450_moveit2/share/pro450_moveit2/package.bash'
[8.072s] INFO:colcon.colcon_core.shell:Creating package script '/home/amin/cobot/cobot_ws/install/pro450_moveit2/share/pro450_moveit2/package.zsh'
[8.073s] Level 1:colcon.colcon_core.environment:create_file_with_runtime_dependencies(/home/amin/cobot/cobot_ws/install/pro450_moveit2/share/colcon-core/packages/pro450_moveit2)
[8.073s] INFO:colcon.colcon_ros.task.ament_python.build:Building ROS package in '/home/amin/cobot/cobot_ws/src/mycobot_ros2/ultraArm/ultraarm' with build type 'ament_python'
[8.073s] Level 1:colcon.colcon_core.shell:create_environment_hook('ultraarm', 'ament_prefix_path')
[8.073s] INFO:colcon.colcon_core.shell:Creating environment hook '/home/amin/cobot/cobot_ws/install/ultraarm/share/ultraarm/hook/ament_prefix_path.ps1'
[8.074s] INFO:colcon.colcon_core.shell:Creating environment descriptor '/home/amin/cobot/cobot_ws/install/ultraarm/share/ultraarm/hook/ament_prefix_path.dsv'
[8.074s] INFO:colcon.colcon_core.shell:Creating environment hook '/home/amin/cobot/cobot_ws/install/ultraarm/share/ultraarm/hook/ament_prefix_path.sh'
[8.074s] INFO:colcon.colcon_core.shell:Skip shell extension 'powershell' for command environment: Not usable outside of PowerShell
[8.074s] DEBUG:colcon.colcon_core.shell:Skip shell extension 'dsv' for command environment
[8.085s] Level 1:colcon.colcon_core.environment:checking '/home/amin/cobot/cobot_ws/install/mycobot_320pi' for CMake module files
[8.086s] DEBUG:colcon.colcon_core.event_handler.log_command:Invoked command in '/home/amin/cobot/cobot_ws/src/mycobot_ros2/mycobot_320/mycobot_320pi' returned '0': AMENT_PREFIX_PATH=/home/amin/cobot/cobot_ws/install/mycobot_description:/home/amin/cobot/cobot_ws/install/ultraarm:/home/amin/cobot/cobot_ws/install/pro450_moveit2_control:/home/amin/cobot/cobot_ws/install/pro450_moveit2:/home/amin/cobot/cobot_ws/install/mypalletizer_communication:/home/amin/cobot/cobot_ws/install/mypalletizer_interfaces:/home/amin/cobot/cobot_ws/install/mypalletizer_260_pi:/home/amin/cobot/cobot_ws/install/mypalletizer_260:/home/amin/cobot/cobot_ws/install/mycobot_pro_450:/home/amin/cobot/cobot_ws/install/mycobot_pro450_interfaces:/home/amin/cobot/cobot_ws/install/myarm_m750:/home/amin/cobot/cobot_ws/install/myarm_c650:/home/amin/cobot/cobot_ws/install/mycobot_communication:/home/amin/cobot/cobot_ws/install/mecharm_communication:/home/amin/cobot/cobot_ws/install/mycobot_interfaces:/home/amin/cobot/cobot_ws/install/mycobot_630:/home/amin/cobot/cobot_ws/install/mycobot_600:/home/amin/cobot/cobot_ws/install/mycobot_320pi:/home/amin/cobot/cobot_ws/install/mycobot_320_riscv:/home/amin/cobot/cobot_ws/install/mycobot_320:/home/amin/cobot/cobot_ws/install/mycobot_280rdkx5_moveit2:/home/amin/cobot/cobot_ws/install/mycobot_280pi:/home/amin/cobot/cobot_ws/install/mycobot_280jn:/home/amin/cobot/cobot_ws/install/mycobot_280arduino_moveit2:/home/amin/cobot/cobot_ws/install/mycobot_280_x3pi:/home/amin/cobot/cobot_ws/install/mycobot_280_riscv:/home/amin/cobot/cobot_ws/install/mycobot_280_rdkx5:/home/amin/cobot/cobot_ws/install/mycobot_280_moveit2_control:/home/amin/cobot/cobot_ws/install/mycobot_280_moveit2:/home/amin/cobot/cobot_ws/install/mycobot_280_gazebo_jazzy:/home/amin/cobot/cobot_ws/install/mycobot_280_gazebo:/home/amin/cobot/cobot_ws/install/mycobot_280_arduino:/home/amin/cobot/cobot_ws/install/mycobot_280:/home/amin/cobot/cobot_ws/install/mybuddy:/home/amin/cobot/cobot_ws/install/myarm_300:/home/amin/cobot/cobot_ws/install/mecharm_pi:/home/amin/cobot/cobot_ws/install/mecharm:/home/amin/cobot/cobot_ws/install/mecharm_interfaces:/opt/ros/jazzy DEBUGINFOD_URLS=https://debuginfod.ubuntu.com PYTHONPATH=/home/amin/cobot/cobot_ws/build/mycobot_320pi/prefix_override:/usr/lib/python3/dist-packages/colcon_core/task/python/colcon_distutils_commands:/home/amin/cobot/cobot_ws/install/mycobot_320pi/lib/python3.12/site-packages:/home/amin/cobot/cobot_ws/install/mycobot_description/lib/python3.12/site-packages:/home/amin/cobot/cobot_ws/install/ultraarm/lib/python3.12/site-packages:/home/amin/cobot/cobot_ws/install/pro450_moveit2_control/lib/python3.12/site-packages:/home/amin/cobot/cobot_ws/install/mypalletizer_communication/lib/python3.12/site-packages:/home/amin/cobot/cobot_ws/install/mypalletizer_interfaces/lib/python3.12/site-packages:/home/amin/cobot/cobot_ws/install/mypalletizer_260_pi/lib/python3.12/site-packages:/home/amin/cobot/cobot_ws/install/mypalletizer_260/lib/python3.12/site-packages:/home/amin/cobot/cobot_ws/install/mycobot_pro_450/lib/python3.12/site-packages:/home/amin/cobot/cobot_ws/install/mycobot_pro450_interfaces/lib/python3.12/site-packages:/home/amin/cobot/cobot_ws/install/myarm_m750/lib/python3.12/site-packages:/home/amin/cobot/cobot_ws/install/myarm_c650/lib/python3.12/site-packages:/home/amin/cobot/cobot_ws/install/mycobot_communication/lib/python3.12/site-packages:/home/amin/cobot/cobot_ws/install/mecharm_communication/lib/python3.12/site-packages:/home/amin/cobot/cobot_ws/install/mycobot_interfaces/lib/python3.12/site-packages:/home/amin/cobot/cobot_ws/install/mycobot_630/lib/python3.12/site-packages:/home/amin/cobot/cobot_ws/install/mycobot_600/lib/python3.12/site-packages:/home/amin/cobot/cobot_ws/install/mycobot_320pi/lib/python3.12/site-packages:/home/amin/cobot/cobot_ws/install/mycobot_320_riscv/lib/python3.12/site-packages:/home/amin/cobot/cobot_ws/install/mycobot_320/lib/python3.12/site-packages:/home/amin/cobot/cobot_ws/install/mycobot_280pi/lib/python3.12/site-packages:/home/amin/cobot/cobot_ws/install/mycobot_280jn/lib/python3.12/site-packages:/home/amin/cobot/cobot_ws/install/mycobot_280_x3pi/lib/python3.12/site-packages:/home/amin/cobot/cobot_ws/install/mycobot_280_riscv/lib/python3.12/site-packages:/home/amin/cobot/cobot_ws/install/mycobot_280_rdkx5/lib/python3.12/site-packages:/home/amin/cobot/cobot_ws/install/mycobot_280_moveit2_control/lib/python3.12/site-packages:/home/amin/cobot/cobot_ws/install/mycobot_280_arduino/lib/python3.12/site-packages:/home/amin/cobot/cobot_ws/install/mycobot_280/lib/python3.12/site-packages:/home/amin/cobot/cobot_ws/install/mybuddy/lib/python3.12/site-packages:/home/amin/cobot/cobot_ws/install/myarm_300/lib/python3.12/site-packages:/home/amin/cobot/cobot_ws/install/mecharm_pi/lib/python3.12/site-packages:/home/amin/cobot/cobot_ws/install/mecharm/lib/python3.12/site-packages:/home/amin/cobot/cobot_ws/install/mecharm_interfaces/lib/python3.12/site-packages:/opt/ros/jazzy/lib/python3.12/site-packages /usr/bin/python3 -W ignore:setup.py install is deprecated -W ignore:easy_install command is deprecated setup.py egg_info --egg-base ../../../../build/mycobot_320pi build --build-base /home/amin/cobot/cobot_ws/build/mycobot_320pi/build install --record /home/amin/cobot/cobot_ws/build/mycobot_320pi/install.log --single-version-externally-managed install_data
[8.087s] Level 1:colcon.colcon_core.environment:checking '/home/amin/cobot/cobot_ws/install/mycobot_320pi' for CMake config files
[8.088s] Level 1:colcon.colcon_core.environment:checking '/home/amin/cobot/cobot_ws/install/mycobot_320pi/lib'
[8.088s] Level 1:colcon.colcon_core.environment:checking '/home/amin/cobot/cobot_ws/install/mycobot_320pi/bin'
[8.088s] Level 1:colcon.colcon_core.environment:checking '/home/amin/cobot/cobot_ws/install/mycobot_320pi/lib/pkgconfig/mycobot_320pi.pc'
[8.088s] Level 1:colcon.colcon_core.environment:checking '/home/amin/cobot/cobot_ws/install/mycobot_320pi/lib/python3.12/site-packages'
[8.088s] Level 1:colcon.colcon_core.shell:create_environment_hook('mycobot_320pi', 'pythonpath')
[8.089s] INFO:colcon.colcon_core.shell:Creating environment hook '/home/amin/cobot/cobot_ws/install/mycobot_320pi/share/mycobot_320pi/hook/pythonpath.ps1'
[8.090s] INFO:colcon.colcon_core.shell:Creating environment descriptor '/home/amin/cobot/cobot_ws/install/mycobot_320pi/share/mycobot_320pi/hook/pythonpath.dsv'
[8.091s] INFO:colcon.colcon_core.shell:Creating environment hook '/home/amin/cobot/cobot_ws/install/mycobot_320pi/share/mycobot_320pi/hook/pythonpath.sh'
[8.093s] Level 1:colcon.colcon_core.environment:checking '/home/amin/cobot/cobot_ws/install/mycobot_320pi/bin'
[8.093s] Level 1:colcon.colcon_core.environment:create_environment_scripts_only(mycobot_320pi)
[8.093s] INFO:colcon.colcon_core.shell:Creating package script '/home/amin/cobot/cobot_ws/install/mycobot_320pi/share/mycobot_320pi/package.ps1'
[8.094s] INFO:colcon.colcon_core.shell:Creating package descriptor '/home/amin/cobot/cobot_ws/install/mycobot_320pi/share/mycobot_320pi/package.dsv'
[8.094s] INFO:colcon.colcon_core.shell:Creating package script '/home/amin/cobot/cobot_ws/install/mycobot_320pi/share/mycobot_320pi/package.sh'
[8.095s] INFO:colcon.colcon_core.shell:Creating package script '/home/amin/cobot/cobot_ws/install/mycobot_320pi/share/mycobot_320pi/package.bash'
[8.095s] INFO:colcon.colcon_core.shell:Creating package script '/home/amin/cobot/cobot_ws/install/mycobot_320pi/share/mycobot_320pi/package.zsh'
[8.095s] Level 1:colcon.colcon_core.environment:create_file_with_runtime_dependencies(/home/amin/cobot/cobot_ws/install/mycobot_320pi/share/colcon-core/packages/mycobot_320pi)
[8.097s] INFO:colcon.colcon_ros.task.ament_python.build:Building ROS package in '/home/amin/cobot/cobot_ws/src/mycobot_ros2/myArm/myarm_c650' with build type 'ament_python'
[8.097s] Level 1:colcon.colcon_core.shell:create_environment_hook('myarm_c650', 'ament_prefix_path')
[8.097s] INFO:colcon.colcon_core.shell:Creating environment hook '/home/amin/cobot/cobot_ws/install/myarm_c650/share/myarm_c650/hook/ament_prefix_path.ps1'
[8.098s] INFO:colcon.colcon_core.shell:Creating environment descriptor '/home/amin/cobot/cobot_ws/install/myarm_c650/share/myarm_c650/hook/ament_prefix_path.dsv'
[8.098s] INFO:colcon.colcon_core.shell:Creating environment hook '/home/amin/cobot/cobot_ws/install/myarm_c650/share/myarm_c650/hook/ament_prefix_path.sh'
[8.099s] INFO:colcon.colcon_core.shell:Skip shell extension 'powershell' for command environment: Not usable outside of PowerShell
[8.099s] DEBUG:colcon.colcon_core.shell:Skip shell extension 'dsv' for command environment
[8.382s] INFO:colcon.colcon_core.task.python.build:Building Python package in '/home/amin/cobot/cobot_ws/src/mycobot_ros2/ultraArm/ultraarm'
[8.382s] INFO:colcon.colcon_core.shell:Skip shell extension 'powershell' for command environment: Not usable outside of PowerShell
[8.382s] DEBUG:colcon.colcon_core.shell:Skip shell extension 'dsv' for command environment
[8.393s] DEBUG:colcon.colcon_core.event_handler.log_command:Invoking command in '/home/amin/cobot/cobot_ws/src/mycobot_ros2/mypalletizer_260/mypalletizer_260': AMENT_PREFIX_PATH=/home/amin/cobot/cobot_ws/install/mycobot_description:/home/amin/cobot/cobot_ws/install/ultraarm:/home/amin/cobot/cobot_ws/install/pro450_moveit2_control:/home/amin/cobot/cobot_ws/install/pro450_moveit2:/home/amin/cobot/cobot_ws/install/mypalletizer_communication:/home/amin/cobot/cobot_ws/install/mypalletizer_interfaces:/home/amin/cobot/cobot_ws/install/mypalletizer_260_pi:/home/amin/cobot/cobot_ws/install/mypalletizer_260:/home/amin/cobot/cobot_ws/install/mycobot_pro_450:/home/amin/cobot/cobot_ws/install/mycobot_pro450_interfaces:/home/amin/cobot/cobot_ws/install/myarm_m750:/home/amin/cobot/cobot_ws/install/myarm_c650:/home/amin/cobot/cobot_ws/install/mycobot_communication:/home/amin/cobot/cobot_ws/install/mecharm_communication:/home/amin/cobot/cobot_ws/install/mycobot_interfaces:/home/amin/cobot/cobot_ws/install/mycobot_630:/home/amin/cobot/cobot_ws/install/mycobot_600:/home/amin/cobot/cobot_ws/install/mycobot_320pi:/home/amin/cobot/cobot_ws/install/mycobot_320_riscv:/home/amin/cobot/cobot_ws/install/mycobot_320:/home/amin/cobot/cobot_ws/install/mycobot_280rdkx5_moveit2:/home/amin/cobot/cobot_ws/install/mycobot_280pi:/home/amin/cobot/cobot_ws/install/mycobot_280jn:/home/amin/cobot/cobot_ws/install/mycobot_280arduino_moveit2:/home/amin/cobot/cobot_ws/install/mycobot_280_x3pi:/home/amin/cobot/cobot_ws/install/mycobot_280_riscv:/home/amin/cobot/cobot_ws/install/mycobot_280_rdkx5:/home/amin/cobot/cobot_ws/install/mycobot_280_moveit2_control:/home/amin/cobot/cobot_ws/install/mycobot_280_moveit2:/home/amin/cobot/cobot_ws/install/mycobot_280_gazebo_jazzy:/home/amin/cobot/cobot_ws/install/mycobot_280_gazebo:/home/amin/cobot/cobot_ws/install/mycobot_280_arduino:/home/amin/cobot/cobot_ws/install/mycobot_280:/home/amin/cobot/cobot_ws/install/mybuddy:/home/amin/cobot/cobot_ws/install/myarm_300:/home/amin/cobot/cobot_ws/install/mecharm_pi:/home/amin/cobot/cobot_ws/install/mecharm:/home/amin/cobot/cobot_ws/install/mecharm_interfaces:/opt/ros/jazzy DEBUGINFOD_URLS=https://debuginfod.ubuntu.com PYTHONPATH=/home/amin/cobot/cobot_ws/build/mypalletizer_260/prefix_override:/usr/lib/python3/dist-packages/colcon_core/task/python/colcon_distutils_commands:/home/amin/cobot/cobot_ws/install/mypalletizer_260/lib/python3.12/site-packages:/home/amin/cobot/cobot_ws/install/mycobot_description/lib/python3.12/site-packages:/home/amin/cobot/cobot_ws/install/ultraarm/lib/python3.12/site-packages:/home/amin/cobot/cobot_ws/install/pro450_moveit2_control/lib/python3.12/site-packages:/home/amin/cobot/cobot_ws/install/mypalletizer_communication/lib/python3.12/site-packages:/home/amin/cobot/cobot_ws/install/mypalletizer_interfaces/lib/python3.12/site-packages:/home/amin/cobot/cobot_ws/install/mypalletizer_260_pi/lib/python3.12/site-packages:/home/amin/cobot/cobot_ws/install/mypalletizer_260/lib/python3.12/site-packages:/home/amin/cobot/cobot_ws/install/mycobot_pro_450/lib/python3.12/site-packages:/home/amin/cobot/cobot_ws/install/mycobot_pro450_interfaces/lib/python3.12/site-packages:/home/amin/cobot/cobot_ws/install/myarm_m750/lib/python3.12/site-packages:/home/amin/cobot/cobot_ws/install/myarm_c650/lib/python3.12/site-packages:/home/amin/cobot/cobot_ws/install/mycobot_communication/lib/python3.12/site-packages:/home/amin/cobot/cobot_ws/install/mecharm_communication/lib/python3.12/site-packages:/home/amin/cobot/cobot_ws/install/mycobot_interfaces/lib/python3.12/site-packages:/home/amin/cobot/cobot_ws/install/mycobot_630/lib/python3.12/site-packages:/home/amin/cobot/cobot_ws/install/mycobot_600/lib/python3.12/site-packages:/home/amin/cobot/cobot_ws/install/mycobot_320pi/lib/python3.12/site-packages:/home/amin/cobot/cobot_ws/install/mycobot_320_riscv/lib/python3.12/site-packages:/home/amin/cobot/cobot_ws/install/mycobot_320/lib/python3.12/site-packages:/home/amin/cobot/cobot_ws/install/mycobot_280pi/lib/python3.12/site-packages:/home/amin/cobot/cobot_ws/install/mycobot_280jn/lib/python3.12/site-packages:/home/amin/cobot/cobot_ws/install/mycobot_280_x3pi/lib/python3.12/site-packages:/home/amin/cobot/cobot_ws/install/mycobot_280_riscv/lib/python3.12/site-packages:/home/amin/cobot/cobot_ws/install/mycobot_280_rdkx5/lib/python3.12/site-packages:/home/amin/cobot/cobot_ws/install/mycobot_280_moveit2_control/lib/python3.12/site-packages:/home/amin/cobot/cobot_ws/install/mycobot_280_arduino/lib/python3.12/site-packages:/home/amin/cobot/cobot_ws/install/mycobot_280/lib/python3.12/site-packages:/home/amin/cobot/cobot_ws/install/mybuddy/lib/python3.12/site-packages:/home/amin/cobot/cobot_ws/install/myarm_300/lib/python3.12/site-packages:/home/amin/cobot/cobot_ws/install/mecharm_pi/lib/python3.12/site-packages:/home/amin/cobot/cobot_ws/install/mecharm/lib/python3.12/site-packages:/home/amin/cobot/cobot_ws/install/mecharm_interfaces/lib/python3.12/site-packages:/opt/ros/jazzy/lib/python3.12/site-packages /usr/bin/python3 -W ignore:setup.py install is deprecated -W ignore:easy_install command is deprecated setup.py egg_info --egg-base ../../../../build/mypalletizer_260 build --build-base /home/amin/cobot/cobot_ws/build/mypalletizer_260/build install --record /home/amin/cobot/cobot_ws/build/mypalletizer_260/install.log --single-version-externally-managed install_data
[8.394s] DEBUG:colcon.colcon_core.event_handler.log_command:Invoking command in '/home/amin/cobot/cobot_ws/src/mycobot_ros2/mycobot_pro/mycobot_pro_450': AMENT_PREFIX_PATH=/home/amin/cobot/cobot_ws/install/mycobot_description:/home/amin/cobot/cobot_ws/install/ultraarm:/home/amin/cobot/cobot_ws/install/pro450_moveit2_control:/home/amin/cobot/cobot_ws/install/pro450_moveit2:/home/amin/cobot/cobot_ws/install/mypalletizer_communication:/home/amin/cobot/cobot_ws/install/mypalletizer_interfaces:/home/amin/cobot/cobot_ws/install/mypalletizer_260_pi:/home/amin/cobot/cobot_ws/install/mypalletizer_260:/home/amin/cobot/cobot_ws/install/mycobot_pro_450:/home/amin/cobot/cobot_ws/install/mycobot_pro450_interfaces:/home/amin/cobot/cobot_ws/install/myarm_m750:/home/amin/cobot/cobot_ws/install/myarm_c650:/home/amin/cobot/cobot_ws/install/mycobot_communication:/home/amin/cobot/cobot_ws/install/mecharm_communication:/home/amin/cobot/cobot_ws/install/mycobot_interfaces:/home/amin/cobot/cobot_ws/install/mycobot_630:/home/amin/cobot/cobot_ws/install/mycobot_600:/home/amin/cobot/cobot_ws/install/mycobot_320pi:/home/amin/cobot/cobot_ws/install/mycobot_320_riscv:/home/amin/cobot/cobot_ws/install/mycobot_320:/home/amin/cobot/cobot_ws/install/mycobot_280rdkx5_moveit2:/home/amin/cobot/cobot_ws/install/mycobot_280pi:/home/amin/cobot/cobot_ws/install/mycobot_280jn:/home/amin/cobot/cobot_ws/install/mycobot_280arduino_moveit2:/home/amin/cobot/cobot_ws/install/mycobot_280_x3pi:/home/amin/cobot/cobot_ws/install/mycobot_280_riscv:/home/amin/cobot/cobot_ws/install/mycobot_280_rdkx5:/home/amin/cobot/cobot_ws/install/mycobot_280_moveit2_control:/home/amin/cobot/cobot_ws/install/mycobot_280_moveit2:/home/amin/cobot/cobot_ws/install/mycobot_280_gazebo_jazzy:/home/amin/cobot/cobot_ws/install/mycobot_280_gazebo:/home/amin/cobot/cobot_ws/install/mycobot_280_arduino:/home/amin/cobot/cobot_ws/install/mycobot_280:/home/amin/cobot/cobot_ws/install/mybuddy:/home/amin/cobot/cobot_ws/install/myarm_300:/home/amin/cobot/cobot_ws/install/mecharm_pi:/home/amin/cobot/cobot_ws/install/mecharm:/home/amin/cobot/cobot_ws/install/mecharm_interfaces:/opt/ros/jazzy DEBUGINFOD_URLS=https://debuginfod.ubuntu.com PYTHONPATH=/home/amin/cobot/cobot_ws/build/mycobot_pro_450/prefix_override:/usr/lib/python3/dist-packages/colcon_core/task/python/colcon_distutils_commands:/home/amin/cobot/cobot_ws/install/mycobot_pro_450/lib/python3.12/site-packages:/home/amin/cobot/cobot_ws/install/mycobot_description/lib/python3.12/site-packages:/home/amin/cobot/cobot_ws/install/ultraarm/lib/python3.12/site-packages:/home/amin/cobot/cobot_ws/install/pro450_moveit2_control/lib/python3.12/site-packages:/home/amin/cobot/cobot_ws/install/mypalletizer_communication/lib/python3.12/site-packages:/home/amin/cobot/cobot_ws/install/mypalletizer_interfaces/lib/python3.12/site-packages:/home/amin/cobot/cobot_ws/install/mypalletizer_260_pi/lib/python3.12/site-packages:/home/amin/cobot/cobot_ws/install/mypalletizer_260/lib/python3.12/site-packages:/home/amin/cobot/cobot_ws/install/mycobot_pro_450/lib/python3.12/site-packages:/home/amin/cobot/cobot_ws/install/mycobot_pro450_interfaces/lib/python3.12/site-packages:/home/amin/cobot/cobot_ws/install/myarm_m750/lib/python3.12/site-packages:/home/amin/cobot/cobot_ws/install/myarm_c650/lib/python3.12/site-packages:/home/amin/cobot/cobot_ws/install/mycobot_communication/lib/python3.12/site-packages:/home/amin/cobot/cobot_ws/install/mecharm_communication/lib/python3.12/site-packages:/home/amin/cobot/cobot_ws/install/mycobot_interfaces/lib/python3.12/site-packages:/home/amin/cobot/cobot_ws/install/mycobot_630/lib/python3.12/site-packages:/home/amin/cobot/cobot_ws/install/mycobot_600/lib/python3.12/site-packages:/home/amin/cobot/cobot_ws/install/mycobot_320pi/lib/python3.12/site-packages:/home/amin/cobot/cobot_ws/install/mycobot_320_riscv/lib/python3.12/site-packages:/home/amin/cobot/cobot_ws/install/mycobot_320/lib/python3.12/site-packages:/home/amin/cobot/cobot_ws/install/mycobot_280pi/lib/python3.12/site-packages:/home/amin/cobot/cobot_ws/install/mycobot_280jn/lib/python3.12/site-packages:/home/amin/cobot/cobot_ws/install/mycobot_280_x3pi/lib/python3.12/site-packages:/home/amin/cobot/cobot_ws/install/mycobot_280_riscv/lib/python3.12/site-packages:/home/amin/cobot/cobot_ws/install/mycobot_280_rdkx5/lib/python3.12/site-packages:/home/amin/cobot/cobot_ws/install/mycobot_280_moveit2_control/lib/python3.12/site-packages:/home/amin/cobot/cobot_ws/install/mycobot_280_arduino/lib/python3.12/site-packages:/home/amin/cobot/cobot_ws/install/mycobot_280/lib/python3.12/site-packages:/home/amin/cobot/cobot_ws/install/mybuddy/lib/python3.12/site-packages:/home/amin/cobot/cobot_ws/install/myarm_300/lib/python3.12/site-packages:/home/amin/cobot/cobot_ws/install/mecharm_pi/lib/python3.12/site-packages:/home/amin/cobot/cobot_ws/install/mecharm/lib/python3.12/site-packages:/home/amin/cobot/cobot_ws/install/mecharm_interfaces/lib/python3.12/site-packages:/opt/ros/jazzy/lib/python3.12/site-packages /usr/bin/python3 -W ignore:setup.py install is deprecated -W ignore:easy_install command is deprecated setup.py egg_info --egg-base ../../../../build/mycobot_pro_450 build --build-base /home/amin/cobot/cobot_ws/build/mycobot_pro_450/build install --record /home/amin/cobot/cobot_ws/build/mycobot_pro_450/install.log --single-version-externally-managed install_data
[8.597s] INFO:colcon.colcon_core.task.python.build:Building Python package in '/home/amin/cobot/cobot_ws/src/mycobot_ros2/myArm/myarm_c650'
[8.597s] INFO:colcon.colcon_core.shell:Skip shell extension 'powershell' for command environment: Not usable outside of PowerShell
[8.598s] DEBUG:colcon.colcon_core.shell:Skip shell extension 'dsv' for command environment
[8.605s] Level 1:colcon.colcon_core.environment:checking '/home/amin/cobot/cobot_ws/install/mycobot_600' for CMake module files
[8.606s] DEBUG:colcon.colcon_core.event_handler.log_command:Invoked command in '/home/amin/cobot/cobot_ws/src/mycobot_ros2/mycobot_pro/mycobot_600' returned '0': AMENT_PREFIX_PATH=/home/amin/cobot/cobot_ws/install/mycobot_description:/home/amin/cobot/cobot_ws/install/ultraarm:/home/amin/cobot/cobot_ws/install/pro450_moveit2_control:/home/amin/cobot/cobot_ws/install/pro450_moveit2:/home/amin/cobot/cobot_ws/install/mypalletizer_communication:/home/amin/cobot/cobot_ws/install/mypalletizer_interfaces:/home/amin/cobot/cobot_ws/install/mypalletizer_260_pi:/home/amin/cobot/cobot_ws/install/mypalletizer_260:/home/amin/cobot/cobot_ws/install/mycobot_pro_450:/home/amin/cobot/cobot_ws/install/mycobot_pro450_interfaces:/home/amin/cobot/cobot_ws/install/myarm_m750:/home/amin/cobot/cobot_ws/install/myarm_c650:/home/amin/cobot/cobot_ws/install/mycobot_communication:/home/amin/cobot/cobot_ws/install/mecharm_communication:/home/amin/cobot/cobot_ws/install/mycobot_interfaces:/home/amin/cobot/cobot_ws/install/mycobot_630:/home/amin/cobot/cobot_ws/install/mycobot_600:/home/amin/cobot/cobot_ws/install/mycobot_320pi:/home/amin/cobot/cobot_ws/install/mycobot_320_riscv:/home/amin/cobot/cobot_ws/install/mycobot_320:/home/amin/cobot/cobot_ws/install/mycobot_280rdkx5_moveit2:/home/amin/cobot/cobot_ws/install/mycobot_280pi:/home/amin/cobot/cobot_ws/install/mycobot_280jn:/home/amin/cobot/cobot_ws/install/mycobot_280arduino_moveit2:/home/amin/cobot/cobot_ws/install/mycobot_280_x3pi:/home/amin/cobot/cobot_ws/install/mycobot_280_riscv:/home/amin/cobot/cobot_ws/install/mycobot_280_rdkx5:/home/amin/cobot/cobot_ws/install/mycobot_280_moveit2_control:/home/amin/cobot/cobot_ws/install/mycobot_280_moveit2:/home/amin/cobot/cobot_ws/install/mycobot_280_gazebo_jazzy:/home/amin/cobot/cobot_ws/install/mycobot_280_gazebo:/home/amin/cobot/cobot_ws/install/mycobot_280_arduino:/home/amin/cobot/cobot_ws/install/mycobot_280:/home/amin/cobot/cobot_ws/install/mybuddy:/home/amin/cobot/cobot_ws/install/myarm_300:/home/amin/cobot/cobot_ws/install/mecharm_pi:/home/amin/cobot/cobot_ws/install/mecharm:/home/amin/cobot/cobot_ws/install/mecharm_interfaces:/opt/ros/jazzy DEBUGINFOD_URLS=https://debuginfod.ubuntu.com PYTHONPATH=/home/amin/cobot/cobot_ws/build/mycobot_600/prefix_override:/usr/lib/python3/dist-packages/colcon_core/task/python/colcon_distutils_commands:/home/amin/cobot/cobot_ws/install/mycobot_600/lib/python3.12/site-packages:/home/amin/cobot/cobot_ws/install/mycobot_description/lib/python3.12/site-packages:/home/amin/cobot/cobot_ws/install/ultraarm/lib/python3.12/site-packages:/home/amin/cobot/cobot_ws/install/pro450_moveit2_control/lib/python3.12/site-packages:/home/amin/cobot/cobot_ws/install/mypalletizer_communication/lib/python3.12/site-packages:/home/amin/cobot/cobot_ws/install/mypalletizer_interfaces/lib/python3.12/site-packages:/home/amin/cobot/cobot_ws/install/mypalletizer_260_pi/lib/python3.12/site-packages:/home/amin/cobot/cobot_ws/install/mypalletizer_260/lib/python3.12/site-packages:/home/amin/cobot/cobot_ws/install/mycobot_pro_450/lib/python3.12/site-packages:/home/amin/cobot/cobot_ws/install/mycobot_pro450_interfaces/lib/python3.12/site-packages:/home/amin/cobot/cobot_ws/install/myarm_m750/lib/python3.12/site-packages:/home/amin/cobot/cobot_ws/install/myarm_c650/lib/python3.12/site-packages:/home/amin/cobot/cobot_ws/install/mycobot_communication/lib/python3.12/site-packages:/home/amin/cobot/cobot_ws/install/mecharm_communication/lib/python3.12/site-packages:/home/amin/cobot/cobot_ws/install/mycobot_interfaces/lib/python3.12/site-packages:/home/amin/cobot/cobot_ws/install/mycobot_630/lib/python3.12/site-packages:/home/amin/cobot/cobot_ws/install/mycobot_600/lib/python3.12/site-packages:/home/amin/cobot/cobot_ws/install/mycobot_320pi/lib/python3.12/site-packages:/home/amin/cobot/cobot_ws/install/mycobot_320_riscv/lib/python3.12/site-packages:/home/amin/cobot/cobot_ws/install/mycobot_320/lib/python3.12/site-packages:/home/amin/cobot/cobot_ws/install/mycobot_280pi/lib/python3.12/site-packages:/home/amin/cobot/cobot_ws/install/mycobot_280jn/lib/python3.12/site-packages:/home/amin/cobot/cobot_ws/install/mycobot_280_x3pi/lib/python3.12/site-packages:/home/amin/cobot/cobot_ws/install/mycobot_280_riscv/lib/python3.12/site-packages:/home/amin/cobot/cobot_ws/install/mycobot_280_rdkx5/lib/python3.12/site-packages:/home/amin/cobot/cobot_ws/install/mycobot_280_moveit2_control/lib/python3.12/site-packages:/home/amin/cobot/cobot_ws/install/mycobot_280_arduino/lib/python3.12/site-packages:/home/amin/cobot/cobot_ws/install/mycobot_280/lib/python3.12/site-packages:/home/amin/cobot/cobot_ws/install/mybuddy/lib/python3.12/site-packages:/home/amin/cobot/cobot_ws/install/myarm_300/lib/python3.12/site-packages:/home/amin/cobot/cobot_ws/install/mecharm_pi/lib/python3.12/site-packages:/home/amin/cobot/cobot_ws/install/mecharm/lib/python3.12/site-packages:/home/amin/cobot/cobot_ws/install/mecharm_interfaces/lib/python3.12/site-packages:/opt/ros/jazzy/lib/python3.12/site-packages /usr/bin/python3 -W ignore:setup.py install is deprecated -W ignore:easy_install command is deprecated setup.py egg_info --egg-base ../../../../build/mycobot_600 build --build-base /home/amin/cobot/cobot_ws/build/mycobot_600/build install --record /home/amin/cobot/cobot_ws/build/mycobot_600/install.log --single-version-externally-managed install_data
[8.607s] Level 1:colcon.colcon_core.environment:checking '/home/amin/cobot/cobot_ws/install/mycobot_600' for CMake config files
[8.607s] Level 1:colcon.colcon_core.environment:checking '/home/amin/cobot/cobot_ws/install/mycobot_600/lib'
[8.607s] Level 1:colcon.colcon_core.environment:checking '/home/amin/cobot/cobot_ws/install/mycobot_600/bin'
[8.607s] Level 1:colcon.colcon_core.environment:checking '/home/amin/cobot/cobot_ws/install/mycobot_600/lib/pkgconfig/mycobot_600.pc'
[8.607s] Level 1:colcon.colcon_core.environment:checking '/home/amin/cobot/cobot_ws/install/mycobot_600/lib/python3.12/site-packages'
[8.608s] Level 1:colcon.colcon_core.shell:create_environment_hook('mycobot_600', 'pythonpath')
[8.608s] INFO:colcon.colcon_core.shell:Creating environment hook '/home/amin/cobot/cobot_ws/install/mycobot_600/share/mycobot_600/hook/pythonpath.ps1'
[8.608s] INFO:colcon.colcon_core.shell:Creating environment descriptor '/home/amin/cobot/cobot_ws/install/mycobot_600/share/mycobot_600/hook/pythonpath.dsv'
[8.609s] INFO:colcon.colcon_core.shell:Creating environment hook '/home/amin/cobot/cobot_ws/install/mycobot_600/share/mycobot_600/hook/pythonpath.sh'
[8.609s] Level 1:colcon.colcon_core.environment:checking '/home/amin/cobot/cobot_ws/install/mycobot_600/bin'
[8.609s] Level 1:colcon.colcon_core.environment:create_environment_scripts_only(mycobot_600)
[8.609s] INFO:colcon.colcon_core.shell:Creating package script '/home/amin/cobot/cobot_ws/install/mycobot_600/share/mycobot_600/package.ps1'
[8.610s] INFO:colcon.colcon_core.shell:Creating package descriptor '/home/amin/cobot/cobot_ws/install/mycobot_600/share/mycobot_600/package.dsv'
[8.610s] INFO:colcon.colcon_core.shell:Creating package script '/home/amin/cobot/cobot_ws/install/mycobot_600/share/mycobot_600/package.sh'
[8.611s] INFO:colcon.colcon_core.shell:Creating package script '/home/amin/cobot/cobot_ws/install/mycobot_600/share/mycobot_600/package.bash'
[8.611s] INFO:colcon.colcon_core.shell:Creating package script '/home/amin/cobot/cobot_ws/install/mycobot_600/share/mycobot_600/package.zsh'
[8.611s] Level 1:colcon.colcon_core.environment:create_file_with_runtime_dependencies(/home/amin/cobot/cobot_ws/install/mycobot_600/share/colcon-core/packages/mycobot_600)
[8.612s] INFO:colcon.colcon_ros.task.ament_python.build:Building ROS package in '/home/amin/cobot/cobot_ws/src/mycobot_ros2/myArm/myarm_m750' with build type 'ament_python'
[8.612s] Level 1:colcon.colcon_core.shell:create_environment_hook('myarm_m750', 'ament_prefix_path')
[8.612s] INFO:colcon.colcon_core.shell:Creating environment hook '/home/amin/cobot/cobot_ws/install/myarm_m750/share/myarm_m750/hook/ament_prefix_path.ps1'
[8.613s] INFO:colcon.colcon_core.shell:Creating environment descriptor '/home/amin/cobot/cobot_ws/install/myarm_m750/share/myarm_m750/hook/ament_prefix_path.dsv'
[8.613s] INFO:colcon.colcon_core.shell:Creating environment hook '/home/amin/cobot/cobot_ws/install/myarm_m750/share/myarm_m750/hook/ament_prefix_path.sh'
[8.613s] INFO:colcon.colcon_core.shell:Skip shell extension 'powershell' for command environment: Not usable outside of PowerShell
[8.613s] DEBUG:colcon.colcon_core.shell:Skip shell extension 'dsv' for command environment
[8.623s] Level 1:colcon.colcon_core.environment:checking '/home/amin/cobot/cobot_ws/install/mycobot_630' for CMake module files
[8.623s] DEBUG:colcon.colcon_core.event_handler.log_command:Invoked command in '/home/amin/cobot/cobot_ws/src/mycobot_ros2/mycobot_pro/mycobot_630' returned '0': AMENT_PREFIX_PATH=/home/amin/cobot/cobot_ws/install/mycobot_description:/home/amin/cobot/cobot_ws/install/ultraarm:/home/amin/cobot/cobot_ws/install/pro450_moveit2_control:/home/amin/cobot/cobot_ws/install/pro450_moveit2:/home/amin/cobot/cobot_ws/install/mypalletizer_communication:/home/amin/cobot/cobot_ws/install/mypalletizer_interfaces:/home/amin/cobot/cobot_ws/install/mypalletizer_260_pi:/home/amin/cobot/cobot_ws/install/mypalletizer_260:/home/amin/cobot/cobot_ws/install/mycobot_pro_450:/home/amin/cobot/cobot_ws/install/mycobot_pro450_interfaces:/home/amin/cobot/cobot_ws/install/myarm_m750:/home/amin/cobot/cobot_ws/install/myarm_c650:/home/amin/cobot/cobot_ws/install/mycobot_communication:/home/amin/cobot/cobot_ws/install/mecharm_communication:/home/amin/cobot/cobot_ws/install/mycobot_interfaces:/home/amin/cobot/cobot_ws/install/mycobot_630:/home/amin/cobot/cobot_ws/install/mycobot_600:/home/amin/cobot/cobot_ws/install/mycobot_320pi:/home/amin/cobot/cobot_ws/install/mycobot_320_riscv:/home/amin/cobot/cobot_ws/install/mycobot_320:/home/amin/cobot/cobot_ws/install/mycobot_280rdkx5_moveit2:/home/amin/cobot/cobot_ws/install/mycobot_280pi:/home/amin/cobot/cobot_ws/install/mycobot_280jn:/home/amin/cobot/cobot_ws/install/mycobot_280arduino_moveit2:/home/amin/cobot/cobot_ws/install/mycobot_280_x3pi:/home/amin/cobot/cobot_ws/install/mycobot_280_riscv:/home/amin/cobot/cobot_ws/install/mycobot_280_rdkx5:/home/amin/cobot/cobot_ws/install/mycobot_280_moveit2_control:/home/amin/cobot/cobot_ws/install/mycobot_280_moveit2:/home/amin/cobot/cobot_ws/install/mycobot_280_gazebo_jazzy:/home/amin/cobot/cobot_ws/install/mycobot_280_gazebo:/home/amin/cobot/cobot_ws/install/mycobot_280_arduino:/home/amin/cobot/cobot_ws/install/mycobot_280:/home/amin/cobot/cobot_ws/install/mybuddy:/home/amin/cobot/cobot_ws/install/myarm_300:/home/amin/cobot/cobot_ws/install/mecharm_pi:/home/amin/cobot/cobot_ws/install/mecharm:/home/amin/cobot/cobot_ws/install/mecharm_interfaces:/opt/ros/jazzy DEBUGINFOD_URLS=https://debuginfod.ubuntu.com PYTHONPATH=/home/amin/cobot/cobot_ws/build/mycobot_630/prefix_override:/usr/lib/python3/dist-packages/colcon_core/task/python/colcon_distutils_commands:/home/amin/cobot/cobot_ws/install/mycobot_630/lib/python3.12/site-packages:/home/amin/cobot/cobot_ws/install/mycobot_description/lib/python3.12/site-packages:/home/amin/cobot/cobot_ws/install/ultraarm/lib/python3.12/site-packages:/home/amin/cobot/cobot_ws/install/pro450_moveit2_control/lib/python3.12/site-packages:/home/amin/cobot/cobot_ws/install/mypalletizer_communication/lib/python3.12/site-packages:/home/amin/cobot/cobot_ws/install/mypalletizer_interfaces/lib/python3.12/site-packages:/home/amin/cobot/cobot_ws/install/mypalletizer_260_pi/lib/python3.12/site-packages:/home/amin/cobot/cobot_ws/install/mypalletizer_260/lib/python3.12/site-packages:/home/amin/cobot/cobot_ws/install/mycobot_pro_450/lib/python3.12/site-packages:/home/amin/cobot/cobot_ws/install/mycobot_pro450_interfaces/lib/python3.12/site-packages:/home/amin/cobot/cobot_ws/install/myarm_m750/lib/python3.12/site-packages:/home/amin/cobot/cobot_ws/install/myarm_c650/lib/python3.12/site-packages:/home/amin/cobot/cobot_ws/install/mycobot_communication/lib/python3.12/site-packages:/home/amin/cobot/cobot_ws/install/mecharm_communication/lib/python3.12/site-packages:/home/amin/cobot/cobot_ws/install/mycobot_interfaces/lib/python3.12/site-packages:/home/amin/cobot/cobot_ws/install/mycobot_630/lib/python3.12/site-packages:/home/amin/cobot/cobot_ws/install/mycobot_600/lib/python3.12/site-packages:/home/amin/cobot/cobot_ws/install/mycobot_320pi/lib/python3.12/site-packages:/home/amin/cobot/cobot_ws/install/mycobot_320_riscv/lib/python3.12/site-packages:/home/amin/cobot/cobot_ws/install/mycobot_320/lib/python3.12/site-packages:/home/amin/cobot/cobot_ws/install/mycobot_280pi/lib/python3.12/site-packages:/home/amin/cobot/cobot_ws/install/mycobot_280jn/lib/python3.12/site-packages:/home/amin/cobot/cobot_ws/install/mycobot_280_x3pi/lib/python3.12/site-packages:/home/amin/cobot/cobot_ws/install/mycobot_280_riscv/lib/python3.12/site-packages:/home/amin/cobot/cobot_ws/install/mycobot_280_rdkx5/lib/python3.12/site-packages:/home/amin/cobot/cobot_ws/install/mycobot_280_moveit2_control/lib/python3.12/site-packages:/home/amin/cobot/cobot_ws/install/mycobot_280_arduino/lib/python3.12/site-packages:/home/amin/cobot/cobot_ws/install/mycobot_280/lib/python3.12/site-packages:/home/amin/cobot/cobot_ws/install/mybuddy/lib/python3.12/site-packages:/home/amin/cobot/cobot_ws/install/myarm_300/lib/python3.12/site-packages:/home/amin/cobot/cobot_ws/install/mecharm_pi/lib/python3.12/site-packages:/home/amin/cobot/cobot_ws/install/mecharm/lib/python3.12/site-packages:/home/amin/cobot/cobot_ws/install/mecharm_interfaces/lib/python3.12/site-packages:/opt/ros/jazzy/lib/python3.12/site-packages /usr/bin/python3 -W ignore:setup.py install is deprecated -W ignore:easy_install command is deprecated setup.py egg_info --egg-base ../../../../build/mycobot_630 build --build-base /home/amin/cobot/cobot_ws/build/mycobot_630/build install --record /home/amin/cobot/cobot_ws/build/mycobot_630/install.log --single-version-externally-managed install_data
[8.624s] Level 1:colcon.colcon_core.environment:checking '/home/amin/cobot/cobot_ws/install/mycobot_630' for CMake config files
[8.624s] Level 1:colcon.colcon_core.environment:checking '/home/amin/cobot/cobot_ws/install/mycobot_630/lib'
[8.624s] Level 1:colcon.colcon_core.environment:checking '/home/amin/cobot/cobot_ws/install/mycobot_630/bin'
[8.624s] Level 1:colcon.colcon_core.environment:checking '/home/amin/cobot/cobot_ws/install/mycobot_630/lib/pkgconfig/mycobot_630.pc'
[8.625s] Level 1:colcon.colcon_core.environment:checking '/home/amin/cobot/cobot_ws/install/mycobot_630/lib/python3.12/site-packages'
[8.625s] Level 1:colcon.colcon_core.shell:create_environment_hook('mycobot_630', 'pythonpath')
[8.625s] INFO:colcon.colcon_core.shell:Creating environment hook '/home/amin/cobot/cobot_ws/install/mycobot_630/share/mycobot_630/hook/pythonpath.ps1'
[8.625s] INFO:colcon.colcon_core.shell:Creating environment descriptor '/home/amin/cobot/cobot_ws/install/mycobot_630/share/mycobot_630/hook/pythonpath.dsv'
[8.625s] INFO:colcon.colcon_core.shell:Creating environment hook '/home/amin/cobot/cobot_ws/install/mycobot_630/share/mycobot_630/hook/pythonpath.sh'
[8.626s] Level 1:colcon.colcon_core.environment:checking '/home/amin/cobot/cobot_ws/install/mycobot_630/bin'
[8.626s] Level 1:colcon.colcon_core.environment:create_environment_scripts_only(mycobot_630)
[8.626s] INFO:colcon.colcon_core.shell:Creating package script '/home/amin/cobot/cobot_ws/install/mycobot_630/share/mycobot_630/package.ps1'
[8.627s] INFO:colcon.colcon_core.shell:Creating package descriptor '/home/amin/cobot/cobot_ws/install/mycobot_630/share/mycobot_630/package.dsv'
[8.627s] INFO:colcon.colcon_core.shell:Creating package script '/home/amin/cobot/cobot_ws/install/mycobot_630/share/mycobot_630/package.sh'
[8.627s] INFO:colcon.colcon_core.shell:Creating package script '/home/amin/cobot/cobot_ws/install/mycobot_630/share/mycobot_630/package.bash'
[8.627s] INFO:colcon.colcon_core.shell:Creating package script '/home/amin/cobot/cobot_ws/install/mycobot_630/share/mycobot_630/package.zsh'
[8.628s] Level 1:colcon.colcon_core.environment:create_file_with_runtime_dependencies(/home/amin/cobot/cobot_ws/install/mycobot_630/share/colcon-core/packages/mycobot_630)
[8.630s] DEBUG:colcon.colcon_core.event_handler.log_command:Invoking command in '/home/amin/cobot/cobot_ws/src/mycobot_ros2/mypalletizer_260/mypalletizer_260_pi': AMENT_PREFIX_PATH=/home/amin/cobot/cobot_ws/install/mycobot_description:/home/amin/cobot/cobot_ws/install/ultraarm:/home/amin/cobot/cobot_ws/install/pro450_moveit2_control:/home/amin/cobot/cobot_ws/install/pro450_moveit2:/home/amin/cobot/cobot_ws/install/mypalletizer_communication:/home/amin/cobot/cobot_ws/install/mypalletizer_interfaces:/home/amin/cobot/cobot_ws/install/mypalletizer_260_pi:/home/amin/cobot/cobot_ws/install/mypalletizer_260:/home/amin/cobot/cobot_ws/install/mycobot_pro_450:/home/amin/cobot/cobot_ws/install/mycobot_pro450_interfaces:/home/amin/cobot/cobot_ws/install/myarm_m750:/home/amin/cobot/cobot_ws/install/myarm_c650:/home/amin/cobot/cobot_ws/install/mycobot_communication:/home/amin/cobot/cobot_ws/install/mecharm_communication:/home/amin/cobot/cobot_ws/install/mycobot_interfaces:/home/amin/cobot/cobot_ws/install/mycobot_630:/home/amin/cobot/cobot_ws/install/mycobot_600:/home/amin/cobot/cobot_ws/install/mycobot_320pi:/home/amin/cobot/cobot_ws/install/mycobot_320_riscv:/home/amin/cobot/cobot_ws/install/mycobot_320:/home/amin/cobot/cobot_ws/install/mycobot_280rdkx5_moveit2:/home/amin/cobot/cobot_ws/install/mycobot_280pi:/home/amin/cobot/cobot_ws/install/mycobot_280jn:/home/amin/cobot/cobot_ws/install/mycobot_280arduino_moveit2:/home/amin/cobot/cobot_ws/install/mycobot_280_x3pi:/home/amin/cobot/cobot_ws/install/mycobot_280_riscv:/home/amin/cobot/cobot_ws/install/mycobot_280_rdkx5:/home/amin/cobot/cobot_ws/install/mycobot_280_moveit2_control:/home/amin/cobot/cobot_ws/install/mycobot_280_moveit2:/home/amin/cobot/cobot_ws/install/mycobot_280_gazebo_jazzy:/home/amin/cobot/cobot_ws/install/mycobot_280_gazebo:/home/amin/cobot/cobot_ws/install/mycobot_280_arduino:/home/amin/cobot/cobot_ws/install/mycobot_280:/home/amin/cobot/cobot_ws/install/mybuddy:/home/amin/cobot/cobot_ws/install/myarm_300:/home/amin/cobot/cobot_ws/install/mecharm_pi:/home/amin/cobot/cobot_ws/install/mecharm:/home/amin/cobot/cobot_ws/install/mecharm_interfaces:/opt/ros/jazzy DEBUGINFOD_URLS=https://debuginfod.ubuntu.com PYTHONPATH=/home/amin/cobot/cobot_ws/build/mypalletizer_260_pi/prefix_override:/usr/lib/python3/dist-packages/colcon_core/task/python/colcon_distutils_commands:/home/amin/cobot/cobot_ws/install/mypalletizer_260_pi/lib/python3.12/site-packages:/home/amin/cobot/cobot_ws/install/mycobot_description/lib/python3.12/site-packages:/home/amin/cobot/cobot_ws/install/ultraarm/lib/python3.12/site-packages:/home/amin/cobot/cobot_ws/install/pro450_moveit2_control/lib/python3.12/site-packages:/home/amin/cobot/cobot_ws/install/mypalletizer_communication/lib/python3.12/site-packages:/home/amin/cobot/cobot_ws/install/mypalletizer_interfaces/lib/python3.12/site-packages:/home/amin/cobot/cobot_ws/install/mypalletizer_260_pi/lib/python3.12/site-packages:/home/amin/cobot/cobot_ws/install/mypalletizer_260/lib/python3.12/site-packages:/home/amin/cobot/cobot_ws/install/mycobot_pro_450/lib/python3.12/site-packages:/home/amin/cobot/cobot_ws/install/mycobot_pro450_interfaces/lib/python3.12/site-packages:/home/amin/cobot/cobot_ws/install/myarm_m750/lib/python3.12/site-packages:/home/amin/cobot/cobot_ws/install/myarm_c650/lib/python3.12/site-packages:/home/amin/cobot/cobot_ws/install/mycobot_communication/lib/python3.12/site-packages:/home/amin/cobot/cobot_ws/install/mecharm_communication/lib/python3.12/site-packages:/home/amin/cobot/cobot_ws/install/mycobot_interfaces/lib/python3.12/site-packages:/home/amin/cobot/cobot_ws/install/mycobot_630/lib/python3.12/site-packages:/home/amin/cobot/cobot_ws/install/mycobot_600/lib/python3.12/site-packages:/home/amin/cobot/cobot_ws/install/mycobot_320pi/lib/python3.12/site-packages:/home/amin/cobot/cobot_ws/install/mycobot_320_riscv/lib/python3.12/site-packages:/home/amin/cobot/cobot_ws/install/mycobot_320/lib/python3.12/site-packages:/home/amin/cobot/cobot_ws/install/mycobot_280pi/lib/python3.12/site-packages:/home/amin/cobot/cobot_ws/install/mycobot_280jn/lib/python3.12/site-packages:/home/amin/cobot/cobot_ws/install/mycobot_280_x3pi/lib/python3.12/site-packages:/home/amin/cobot/cobot_ws/install/mycobot_280_riscv/lib/python3.12/site-packages:/home/amin/cobot/cobot_ws/install/mycobot_280_rdkx5/lib/python3.12/site-packages:/home/amin/cobot/cobot_ws/install/mycobot_280_moveit2_control/lib/python3.12/site-packages:/home/amin/cobot/cobot_ws/install/mycobot_280_arduino/lib/python3.12/site-packages:/home/amin/cobot/cobot_ws/install/mycobot_280/lib/python3.12/site-packages:/home/amin/cobot/cobot_ws/install/mybuddy/lib/python3.12/site-packages:/home/amin/cobot/cobot_ws/install/myarm_300/lib/python3.12/site-packages:/home/amin/cobot/cobot_ws/install/mecharm_pi/lib/python3.12/site-packages:/home/amin/cobot/cobot_ws/install/mecharm/lib/python3.12/site-packages:/home/amin/cobot/cobot_ws/install/mecharm_interfaces/lib/python3.12/site-packages:/opt/ros/jazzy/lib/python3.12/site-packages /usr/bin/python3 -W ignore:setup.py install is deprecated -W ignore:easy_install command is deprecated setup.py egg_info --egg-base ../../../../build/mypalletizer_260_pi build --build-base /home/amin/cobot/cobot_ws/build/mypalletizer_260_pi/build install --record /home/amin/cobot/cobot_ws/build/mypalletizer_260_pi/install.log --single-version-externally-managed install_data
[8.630s] INFO:colcon.colcon_ros.task.ament_python.build:Building ROS package in '/home/amin/cobot/cobot_ws/src/mycobot_ros2/mycobot_280/mycobot_280_rdkx5' with build type 'ament_python'
[8.630s] Level 1:colcon.colcon_core.shell:create_environment_hook('mycobot_280_rdkx5', 'ament_prefix_path')
[8.630s] INFO:colcon.colcon_core.shell:Creating environment hook '/home/amin/cobot/cobot_ws/install/mycobot_280_rdkx5/share/mycobot_280_rdkx5/hook/ament_prefix_path.ps1'
[8.631s] INFO:colcon.colcon_core.shell:Creating environment descriptor '/home/amin/cobot/cobot_ws/install/mycobot_280_rdkx5/share/mycobot_280_rdkx5/hook/ament_prefix_path.dsv'
[8.631s] INFO:colcon.colcon_core.shell:Creating environment hook '/home/amin/cobot/cobot_ws/install/mycobot_280_rdkx5/share/mycobot_280_rdkx5/hook/ament_prefix_path.sh'
[8.632s] INFO:colcon.colcon_core.shell:Skip shell extension 'powershell' for command environment: Not usable outside of PowerShell
[8.632s] DEBUG:colcon.colcon_core.shell:Skip shell extension 'dsv' for command environment
[8.938s] INFO:colcon.colcon_core.task.python.build:Building Python package in '/home/amin/cobot/cobot_ws/src/mycobot_ros2/myArm/myarm_m750'
[8.939s] INFO:colcon.colcon_core.shell:Skip shell extension 'powershell' for command environment: Not usable outside of PowerShell
[8.939s] DEBUG:colcon.colcon_core.shell:Skip shell extension 'dsv' for command environment
[9.137s] INFO:colcon.colcon_core.task.python.build:Building Python package in '/home/amin/cobot/cobot_ws/src/mycobot_ros2/mycobot_280/mycobot_280_rdkx5'
[9.138s] INFO:colcon.colcon_core.shell:Skip shell extension 'powershell' for command environment: Not usable outside of PowerShell
[9.138s] DEBUG:colcon.colcon_core.shell:Skip shell extension 'dsv' for command environment
[9.147s] DEBUG:colcon.colcon_core.event_handler.log_command:Invoking command in '/home/amin/cobot/cobot_ws/src/mycobot_ros2/mycobot_pro/pro450_moveit2_control': AMENT_PREFIX_PATH=/home/amin/cobot/cobot_ws/install/mycobot_description:/home/amin/cobot/cobot_ws/install/ultraarm:/home/amin/cobot/cobot_ws/install/pro450_moveit2_control:/home/amin/cobot/cobot_ws/install/pro450_moveit2:/home/amin/cobot/cobot_ws/install/mypalletizer_communication:/home/amin/cobot/cobot_ws/install/mypalletizer_interfaces:/home/amin/cobot/cobot_ws/install/mypalletizer_260_pi:/home/amin/cobot/cobot_ws/install/mypalletizer_260:/home/amin/cobot/cobot_ws/install/mycobot_pro_450:/home/amin/cobot/cobot_ws/install/mycobot_pro450_interfaces:/home/amin/cobot/cobot_ws/install/myarm_m750:/home/amin/cobot/cobot_ws/install/myarm_c650:/home/amin/cobot/cobot_ws/install/mycobot_communication:/home/amin/cobot/cobot_ws/install/mecharm_communication:/home/amin/cobot/cobot_ws/install/mycobot_interfaces:/home/amin/cobot/cobot_ws/install/mycobot_630:/home/amin/cobot/cobot_ws/install/mycobot_600:/home/amin/cobot/cobot_ws/install/mycobot_320pi:/home/amin/cobot/cobot_ws/install/mycobot_320_riscv:/home/amin/cobot/cobot_ws/install/mycobot_320:/home/amin/cobot/cobot_ws/install/mycobot_280rdkx5_moveit2:/home/amin/cobot/cobot_ws/install/mycobot_280pi:/home/amin/cobot/cobot_ws/install/mycobot_280jn:/home/amin/cobot/cobot_ws/install/mycobot_280arduino_moveit2:/home/amin/cobot/cobot_ws/install/mycobot_280_x3pi:/home/amin/cobot/cobot_ws/install/mycobot_280_riscv:/home/amin/cobot/cobot_ws/install/mycobot_280_rdkx5:/home/amin/cobot/cobot_ws/install/mycobot_280_moveit2_control:/home/amin/cobot/cobot_ws/install/mycobot_280_moveit2:/home/amin/cobot/cobot_ws/install/mycobot_280_gazebo_jazzy:/home/amin/cobot/cobot_ws/install/mycobot_280_gazebo:/home/amin/cobot/cobot_ws/install/mycobot_280_arduino:/home/amin/cobot/cobot_ws/install/mycobot_280:/home/amin/cobot/cobot_ws/install/mybuddy:/home/amin/cobot/cobot_ws/install/myarm_300:/home/amin/cobot/cobot_ws/install/mecharm_pi:/home/amin/cobot/cobot_ws/install/mecharm:/home/amin/cobot/cobot_ws/install/mecharm_interfaces:/opt/ros/jazzy DEBUGINFOD_URLS=https://debuginfod.ubuntu.com PYTHONPATH=/home/amin/cobot/cobot_ws/build/pro450_moveit2_control/prefix_override:/usr/lib/python3/dist-packages/colcon_core/task/python/colcon_distutils_commands:/home/amin/cobot/cobot_ws/install/pro450_moveit2_control/lib/python3.12/site-packages:/home/amin/cobot/cobot_ws/install/mycobot_description/lib/python3.12/site-packages:/home/amin/cobot/cobot_ws/install/ultraarm/lib/python3.12/site-packages:/home/amin/cobot/cobot_ws/install/pro450_moveit2_control/lib/python3.12/site-packages:/home/amin/cobot/cobot_ws/install/mypalletizer_communication/lib/python3.12/site-packages:/home/amin/cobot/cobot_ws/install/mypalletizer_interfaces/lib/python3.12/site-packages:/home/amin/cobot/cobot_ws/install/mypalletizer_260_pi/lib/python3.12/site-packages:/home/amin/cobot/cobot_ws/install/mypalletizer_260/lib/python3.12/site-packages:/home/amin/cobot/cobot_ws/install/mycobot_pro_450/lib/python3.12/site-packages:/home/amin/cobot/cobot_ws/install/mycobot_pro450_interfaces/lib/python3.12/site-packages:/home/amin/cobot/cobot_ws/install/myarm_m750/lib/python3.12/site-packages:/home/amin/cobot/cobot_ws/install/myarm_c650/lib/python3.12/site-packages:/home/amin/cobot/cobot_ws/install/mycobot_communication/lib/python3.12/site-packages:/home/amin/cobot/cobot_ws/install/mecharm_communication/lib/python3.12/site-packages:/home/amin/cobot/cobot_ws/install/mycobot_interfaces/lib/python3.12/site-packages:/home/amin/cobot/cobot_ws/install/mycobot_630/lib/python3.12/site-packages:/home/amin/cobot/cobot_ws/install/mycobot_600/lib/python3.12/site-packages:/home/amin/cobot/cobot_ws/install/mycobot_320pi/lib/python3.12/site-packages:/home/amin/cobot/cobot_ws/install/mycobot_320_riscv/lib/python3.12/site-packages:/home/amin/cobot/cobot_ws/install/mycobot_320/lib/python3.12/site-packages:/home/amin/cobot/cobot_ws/install/mycobot_280pi/lib/python3.12/site-packages:/home/amin/cobot/cobot_ws/install/mycobot_280jn/lib/python3.12/site-packages:/home/amin/cobot/cobot_ws/install/mycobot_280_x3pi/lib/python3.12/site-packages:/home/amin/cobot/cobot_ws/install/mycobot_280_riscv/lib/python3.12/site-packages:/home/amin/cobot/cobot_ws/install/mycobot_280_rdkx5/lib/python3.12/site-packages:/home/amin/cobot/cobot_ws/install/mycobot_280_moveit2_control/lib/python3.12/site-packages:/home/amin/cobot/cobot_ws/install/mycobot_280_arduino/lib/python3.12/site-packages:/home/amin/cobot/cobot_ws/install/mycobot_280/lib/python3.12/site-packages:/home/amin/cobot/cobot_ws/install/mybuddy/lib/python3.12/site-packages:/home/amin/cobot/cobot_ws/install/myarm_300/lib/python3.12/site-packages:/home/amin/cobot/cobot_ws/install/mecharm_pi/lib/python3.12/site-packages:/home/amin/cobot/cobot_ws/install/mecharm/lib/python3.12/site-packages:/home/amin/cobot/cobot_ws/install/mecharm_interfaces/lib/python3.12/site-packages:/opt/ros/jazzy/lib/python3.12/site-packages /usr/bin/python3 -W ignore:setup.py install is deprecated -W ignore:easy_install command is deprecated setup.py egg_info --egg-base ../../../../build/pro450_moveit2_control build --build-base /home/amin/cobot/cobot_ws/build/pro450_moveit2_control/build install --record /home/amin/cobot/cobot_ws/build/pro450_moveit2_control/install.log --single-version-externally-managed install_data
[9.148s] Level 1:colcon.colcon_core.environment:checking '/home/amin/cobot/cobot_ws/install/mycobot_pro_450' for CMake module files
[9.149s] DEBUG:colcon.colcon_core.event_handler.log_command:Invoked command in '/home/amin/cobot/cobot_ws/src/mycobot_ros2/mycobot_pro/mycobot_pro_450' returned '0': AMENT_PREFIX_PATH=/home/amin/cobot/cobot_ws/install/mycobot_description:/home/amin/cobot/cobot_ws/install/ultraarm:/home/amin/cobot/cobot_ws/install/pro450_moveit2_control:/home/amin/cobot/cobot_ws/install/pro450_moveit2:/home/amin/cobot/cobot_ws/install/mypalletizer_communication:/home/amin/cobot/cobot_ws/install/mypalletizer_interfaces:/home/amin/cobot/cobot_ws/install/mypalletizer_260_pi:/home/amin/cobot/cobot_ws/install/mypalletizer_260:/home/amin/cobot/cobot_ws/install/mycobot_pro_450:/home/amin/cobot/cobot_ws/install/mycobot_pro450_interfaces:/home/amin/cobot/cobot_ws/install/myarm_m750:/home/amin/cobot/cobot_ws/install/myarm_c650:/home/amin/cobot/cobot_ws/install/mycobot_communication:/home/amin/cobot/cobot_ws/install/mecharm_communication:/home/amin/cobot/cobot_ws/install/mycobot_interfaces:/home/amin/cobot/cobot_ws/install/mycobot_630:/home/amin/cobot/cobot_ws/install/mycobot_600:/home/amin/cobot/cobot_ws/install/mycobot_320pi:/home/amin/cobot/cobot_ws/install/mycobot_320_riscv:/home/amin/cobot/cobot_ws/install/mycobot_320:/home/amin/cobot/cobot_ws/install/mycobot_280rdkx5_moveit2:/home/amin/cobot/cobot_ws/install/mycobot_280pi:/home/amin/cobot/cobot_ws/install/mycobot_280jn:/home/amin/cobot/cobot_ws/install/mycobot_280arduino_moveit2:/home/amin/cobot/cobot_ws/install/mycobot_280_x3pi:/home/amin/cobot/cobot_ws/install/mycobot_280_riscv:/home/amin/cobot/cobot_ws/install/mycobot_280_rdkx5:/home/amin/cobot/cobot_ws/install/mycobot_280_moveit2_control:/home/amin/cobot/cobot_ws/install/mycobot_280_moveit2:/home/amin/cobot/cobot_ws/install/mycobot_280_gazebo_jazzy:/home/amin/cobot/cobot_ws/install/mycobot_280_gazebo:/home/amin/cobot/cobot_ws/install/mycobot_280_arduino:/home/amin/cobot/cobot_ws/install/mycobot_280:/home/amin/cobot/cobot_ws/install/mybuddy:/home/amin/cobot/cobot_ws/install/myarm_300:/home/amin/cobot/cobot_ws/install/mecharm_pi:/home/amin/cobot/cobot_ws/install/mecharm:/home/amin/cobot/cobot_ws/install/mecharm_interfaces:/opt/ros/jazzy DEBUGINFOD_URLS=https://debuginfod.ubuntu.com PYTHONPATH=/home/amin/cobot/cobot_ws/build/mycobot_pro_450/prefix_override:/usr/lib/python3/dist-packages/colcon_core/task/python/colcon_distutils_commands:/home/amin/cobot/cobot_ws/install/mycobot_pro_450/lib/python3.12/site-packages:/home/amin/cobot/cobot_ws/install/mycobot_description/lib/python3.12/site-packages:/home/amin/cobot/cobot_ws/install/ultraarm/lib/python3.12/site-packages:/home/amin/cobot/cobot_ws/install/pro450_moveit2_control/lib/python3.12/site-packages:/home/amin/cobot/cobot_ws/install/mypalletizer_communication/lib/python3.12/site-packages:/home/amin/cobot/cobot_ws/install/mypalletizer_interfaces/lib/python3.12/site-packages:/home/amin/cobot/cobot_ws/install/mypalletizer_260_pi/lib/python3.12/site-packages:/home/amin/cobot/cobot_ws/install/mypalletizer_260/lib/python3.12/site-packages:/home/amin/cobot/cobot_ws/install/mycobot_pro_450/lib/python3.12/site-packages:/home/amin/cobot/cobot_ws/install/mycobot_pro450_interfaces/lib/python3.12/site-packages:/home/amin/cobot/cobot_ws/install/myarm_m750/lib/python3.12/site-packages:/home/amin/cobot/cobot_ws/install/myarm_c650/lib/python3.12/site-packages:/home/amin/cobot/cobot_ws/install/mycobot_communication/lib/python3.12/site-packages:/home/amin/cobot/cobot_ws/install/mecharm_communication/lib/python3.12/site-packages:/home/amin/cobot/cobot_ws/install/mycobot_interfaces/lib/python3.12/site-packages:/home/amin/cobot/cobot_ws/install/mycobot_630/lib/python3.12/site-packages:/home/amin/cobot/cobot_ws/install/mycobot_600/lib/python3.12/site-packages:/home/amin/cobot/cobot_ws/install/mycobot_320pi/lib/python3.12/site-packages:/home/amin/cobot/cobot_ws/install/mycobot_320_riscv/lib/python3.12/site-packages:/home/amin/cobot/cobot_ws/install/mycobot_320/lib/python3.12/site-packages:/home/amin/cobot/cobot_ws/install/mycobot_280pi/lib/python3.12/site-packages:/home/amin/cobot/cobot_ws/install/mycobot_280jn/lib/python3.12/site-packages:/home/amin/cobot/cobot_ws/install/mycobot_280_x3pi/lib/python3.12/site-packages:/home/amin/cobot/cobot_ws/install/mycobot_280_riscv/lib/python3.12/site-packages:/home/amin/cobot/cobot_ws/install/mycobot_280_rdkx5/lib/python3.12/site-packages:/home/amin/cobot/cobot_ws/install/mycobot_280_moveit2_control/lib/python3.12/site-packages:/home/amin/cobot/cobot_ws/install/mycobot_280_arduino/lib/python3.12/site-packages:/home/amin/cobot/cobot_ws/install/mycobot_280/lib/python3.12/site-packages:/home/amin/cobot/cobot_ws/install/mybuddy/lib/python3.12/site-packages:/home/amin/cobot/cobot_ws/install/myarm_300/lib/python3.12/site-packages:/home/amin/cobot/cobot_ws/install/mecharm_pi/lib/python3.12/site-packages:/home/amin/cobot/cobot_ws/install/mecharm/lib/python3.12/site-packages:/home/amin/cobot/cobot_ws/install/mecharm_interfaces/lib/python3.12/site-packages:/opt/ros/jazzy/lib/python3.12/site-packages /usr/bin/python3 -W ignore:setup.py install is deprecated -W ignore:easy_install command is deprecated setup.py egg_info --egg-base ../../../../build/mycobot_pro_450 build --build-base /home/amin/cobot/cobot_ws/build/mycobot_pro_450/build install --record /home/amin/cobot/cobot_ws/build/mycobot_pro_450/install.log --single-version-externally-managed install_data
[9.150s] Level 1:colcon.colcon_core.environment:checking '/home/amin/cobot/cobot_ws/install/mycobot_pro_450' for CMake config files
[9.150s] Level 1:colcon.colcon_core.environment:checking '/home/amin/cobot/cobot_ws/install/mycobot_pro_450/lib'
[9.150s] Level 1:colcon.colcon_core.environment:checking '/home/amin/cobot/cobot_ws/install/mycobot_pro_450/bin'
[9.150s] Level 1:colcon.colcon_core.environment:checking '/home/amin/cobot/cobot_ws/install/mycobot_pro_450/lib/pkgconfig/mycobot_pro_450.pc'
[9.151s] Level 1:colcon.colcon_core.environment:checking '/home/amin/cobot/cobot_ws/install/mycobot_pro_450/lib/python3.12/site-packages'
[9.151s] Level 1:colcon.colcon_core.shell:create_environment_hook('mycobot_pro_450', 'pythonpath')
[9.151s] INFO:colcon.colcon_core.shell:Creating environment hook '/home/amin/cobot/cobot_ws/install/mycobot_pro_450/share/mycobot_pro_450/hook/pythonpath.ps1'
[9.151s] INFO:colcon.colcon_core.shell:Creating environment descriptor '/home/amin/cobot/cobot_ws/install/mycobot_pro_450/share/mycobot_pro_450/hook/pythonpath.dsv'
[9.152s] INFO:colcon.colcon_core.shell:Creating environment hook '/home/amin/cobot/cobot_ws/install/mycobot_pro_450/share/mycobot_pro_450/hook/pythonpath.sh'
[9.153s] Level 1:colcon.colcon_core.environment:checking '/home/amin/cobot/cobot_ws/install/mycobot_pro_450/bin'
[9.153s] Level 1:colcon.colcon_core.environment:create_environment_scripts_only(mycobot_pro_450)
[9.153s] INFO:colcon.colcon_core.shell:Creating package script '/home/amin/cobot/cobot_ws/install/mycobot_pro_450/share/mycobot_pro_450/package.ps1'
[9.154s] INFO:colcon.colcon_core.shell:Creating package descriptor '/home/amin/cobot/cobot_ws/install/mycobot_pro_450/share/mycobot_pro_450/package.dsv'
[9.154s] INFO:colcon.colcon_core.shell:Creating package script '/home/amin/cobot/cobot_ws/install/mycobot_pro_450/share/mycobot_pro_450/package.sh'
[9.154s] INFO:colcon.colcon_core.shell:Creating package script '/home/amin/cobot/cobot_ws/install/mycobot_pro_450/share/mycobot_pro_450/package.bash'
[9.155s] INFO:colcon.colcon_core.shell:Creating package script '/home/amin/cobot/cobot_ws/install/mycobot_pro_450/share/mycobot_pro_450/package.zsh'
[9.155s] Level 1:colcon.colcon_core.environment:create_file_with_runtime_dependencies(/home/amin/cobot/cobot_ws/install/mycobot_pro_450/share/colcon-core/packages/mycobot_pro_450)
[9.158s] Level 1:colcon.colcon_core.environment:checking '/home/amin/cobot/cobot_ws/install/mypalletizer_260' for CMake module files
[9.159s] DEBUG:colcon.colcon_core.event_handler.log_command:Invoked command in '/home/amin/cobot/cobot_ws/src/mycobot_ros2/mypalletizer_260/mypalletizer_260' returned '0': AMENT_PREFIX_PATH=/home/amin/cobot/cobot_ws/install/mycobot_description:/home/amin/cobot/cobot_ws/install/ultraarm:/home/amin/cobot/cobot_ws/install/pro450_moveit2_control:/home/amin/cobot/cobot_ws/install/pro450_moveit2:/home/amin/cobot/cobot_ws/install/mypalletizer_communication:/home/amin/cobot/cobot_ws/install/mypalletizer_interfaces:/home/amin/cobot/cobot_ws/install/mypalletizer_260_pi:/home/amin/cobot/cobot_ws/install/mypalletizer_260:/home/amin/cobot/cobot_ws/install/mycobot_pro_450:/home/amin/cobot/cobot_ws/install/mycobot_pro450_interfaces:/home/amin/cobot/cobot_ws/install/myarm_m750:/home/amin/cobot/cobot_ws/install/myarm_c650:/home/amin/cobot/cobot_ws/install/mycobot_communication:/home/amin/cobot/cobot_ws/install/mecharm_communication:/home/amin/cobot/cobot_ws/install/mycobot_interfaces:/home/amin/cobot/cobot_ws/install/mycobot_630:/home/amin/cobot/cobot_ws/install/mycobot_600:/home/amin/cobot/cobot_ws/install/mycobot_320pi:/home/amin/cobot/cobot_ws/install/mycobot_320_riscv:/home/amin/cobot/cobot_ws/install/mycobot_320:/home/amin/cobot/cobot_ws/install/mycobot_280rdkx5_moveit2:/home/amin/cobot/cobot_ws/install/mycobot_280pi:/home/amin/cobot/cobot_ws/install/mycobot_280jn:/home/amin/cobot/cobot_ws/install/mycobot_280arduino_moveit2:/home/amin/cobot/cobot_ws/install/mycobot_280_x3pi:/home/amin/cobot/cobot_ws/install/mycobot_280_riscv:/home/amin/cobot/cobot_ws/install/mycobot_280_rdkx5:/home/amin/cobot/cobot_ws/install/mycobot_280_moveit2_control:/home/amin/cobot/cobot_ws/install/mycobot_280_moveit2:/home/amin/cobot/cobot_ws/install/mycobot_280_gazebo_jazzy:/home/amin/cobot/cobot_ws/install/mycobot_280_gazebo:/home/amin/cobot/cobot_ws/install/mycobot_280_arduino:/home/amin/cobot/cobot_ws/install/mycobot_280:/home/amin/cobot/cobot_ws/install/mybuddy:/home/amin/cobot/cobot_ws/install/myarm_300:/home/amin/cobot/cobot_ws/install/mecharm_pi:/home/amin/cobot/cobot_ws/install/mecharm:/home/amin/cobot/cobot_ws/install/mecharm_interfaces:/opt/ros/jazzy DEBUGINFOD_URLS=https://debuginfod.ubuntu.com PYTHONPATH=/home/amin/cobot/cobot_ws/build/mypalletizer_260/prefix_override:/usr/lib/python3/dist-packages/colcon_core/task/python/colcon_distutils_commands:/home/amin/cobot/cobot_ws/install/mypalletizer_260/lib/python3.12/site-packages:/home/amin/cobot/cobot_ws/install/mycobot_description/lib/python3.12/site-packages:/home/amin/cobot/cobot_ws/install/ultraarm/lib/python3.12/site-packages:/home/amin/cobot/cobot_ws/install/pro450_moveit2_control/lib/python3.12/site-packages:/home/amin/cobot/cobot_ws/install/mypalletizer_communication/lib/python3.12/site-packages:/home/amin/cobot/cobot_ws/install/mypalletizer_interfaces/lib/python3.12/site-packages:/home/amin/cobot/cobot_ws/install/mypalletizer_260_pi/lib/python3.12/site-packages:/home/amin/cobot/cobot_ws/install/mypalletizer_260/lib/python3.12/site-packages:/home/amin/cobot/cobot_ws/install/mycobot_pro_450/lib/python3.12/site-packages:/home/amin/cobot/cobot_ws/install/mycobot_pro450_interfaces/lib/python3.12/site-packages:/home/amin/cobot/cobot_ws/install/myarm_m750/lib/python3.12/site-packages:/home/amin/cobot/cobot_ws/install/myarm_c650/lib/python3.12/site-packages:/home/amin/cobot/cobot_ws/install/mycobot_communication/lib/python3.12/site-packages:/home/amin/cobot/cobot_ws/install/mecharm_communication/lib/python3.12/site-packages:/home/amin/cobot/cobot_ws/install/mycobot_interfaces/lib/python3.12/site-packages:/home/amin/cobot/cobot_ws/install/mycobot_630/lib/python3.12/site-packages:/home/amin/cobot/cobot_ws/install/mycobot_600/lib/python3.12/site-packages:/home/amin/cobot/cobot_ws/install/mycobot_320pi/lib/python3.12/site-packages:/home/amin/cobot/cobot_ws/install/mycobot_320_riscv/lib/python3.12/site-packages:/home/amin/cobot/cobot_ws/install/mycobot_320/lib/python3.12/site-packages:/home/amin/cobot/cobot_ws/install/mycobot_280pi/lib/python3.12/site-packages:/home/amin/cobot/cobot_ws/install/mycobot_280jn/lib/python3.12/site-packages:/home/amin/cobot/cobot_ws/install/mycobot_280_x3pi/lib/python3.12/site-packages:/home/amin/cobot/cobot_ws/install/mycobot_280_riscv/lib/python3.12/site-packages:/home/amin/cobot/cobot_ws/install/mycobot_280_rdkx5/lib/python3.12/site-packages:/home/amin/cobot/cobot_ws/install/mycobot_280_moveit2_control/lib/python3.12/site-packages:/home/amin/cobot/cobot_ws/install/mycobot_280_arduino/lib/python3.12/site-packages:/home/amin/cobot/cobot_ws/install/mycobot_280/lib/python3.12/site-packages:/home/amin/cobot/cobot_ws/install/mybuddy/lib/python3.12/site-packages:/home/amin/cobot/cobot_ws/install/myarm_300/lib/python3.12/site-packages:/home/amin/cobot/cobot_ws/install/mecharm_pi/lib/python3.12/site-packages:/home/amin/cobot/cobot_ws/install/mecharm/lib/python3.12/site-packages:/home/amin/cobot/cobot_ws/install/mecharm_interfaces/lib/python3.12/site-packages:/opt/ros/jazzy/lib/python3.12/site-packages /usr/bin/python3 -W ignore:setup.py install is deprecated -W ignore:easy_install command is deprecated setup.py egg_info --egg-base ../../../../build/mypalletizer_260 build --build-base /home/amin/cobot/cobot_ws/build/mypalletizer_260/build install --record /home/amin/cobot/cobot_ws/build/mypalletizer_260/install.log --single-version-externally-managed install_data
[9.160s] Level 1:colcon.colcon_core.environment:checking '/home/amin/cobot/cobot_ws/install/mypalletizer_260' for CMake config files
[9.161s] Level 1:colcon.colcon_core.environment:checking '/home/amin/cobot/cobot_ws/install/mypalletizer_260/lib'
[9.161s] Level 1:colcon.colcon_core.environment:checking '/home/amin/cobot/cobot_ws/install/mypalletizer_260/bin'
[9.161s] Level 1:colcon.colcon_core.environment:checking '/home/amin/cobot/cobot_ws/install/mypalletizer_260/lib/pkgconfig/mypalletizer_260.pc'
[9.161s] Level 1:colcon.colcon_core.environment:checking '/home/amin/cobot/cobot_ws/install/mypalletizer_260/lib/python3.12/site-packages'
[9.161s] Level 1:colcon.colcon_core.shell:create_environment_hook('mypalletizer_260', 'pythonpath')
[9.162s] INFO:colcon.colcon_core.shell:Creating environment hook '/home/amin/cobot/cobot_ws/install/mypalletizer_260/share/mypalletizer_260/hook/pythonpath.ps1'
[9.163s] INFO:colcon.colcon_core.shell:Creating environment descriptor '/home/amin/cobot/cobot_ws/install/mypalletizer_260/share/mypalletizer_260/hook/pythonpath.dsv'
[9.164s] INFO:colcon.colcon_core.shell:Creating environment hook '/home/amin/cobot/cobot_ws/install/mypalletizer_260/share/mypalletizer_260/hook/pythonpath.sh'
[9.165s] Level 1:colcon.colcon_core.environment:checking '/home/amin/cobot/cobot_ws/install/mypalletizer_260/bin'
[9.165s] Level 1:colcon.colcon_core.environment:create_environment_scripts_only(mypalletizer_260)
[9.165s] INFO:colcon.colcon_core.shell:Creating package script '/home/amin/cobot/cobot_ws/install/mypalletizer_260/share/mypalletizer_260/package.ps1'
[9.166s] INFO:colcon.colcon_core.shell:Creating package descriptor '/home/amin/cobot/cobot_ws/install/mypalletizer_260/share/mypalletizer_260/package.dsv'
[9.166s] INFO:colcon.colcon_core.shell:Creating package script '/home/amin/cobot/cobot_ws/install/mypalletizer_260/share/mypalletizer_260/package.sh'
[9.167s] INFO:colcon.colcon_core.shell:Creating package script '/home/amin/cobot/cobot_ws/install/mypalletizer_260/share/mypalletizer_260/package.bash'
[9.167s] INFO:colcon.colcon_core.shell:Creating package script '/home/amin/cobot/cobot_ws/install/mypalletizer_260/share/mypalletizer_260/package.zsh'
[9.167s] Level 1:colcon.colcon_core.environment:create_file_with_runtime_dependencies(/home/amin/cobot/cobot_ws/install/mypalletizer_260/share/colcon-core/packages/mypalletizer_260)
[9.193s] DEBUG:colcon.colcon_core.event_handler.log_command:Invoking command in '/home/amin/cobot/cobot_ws/src/mycobot_ros2/myArm/myarm_c650': AMENT_PREFIX_PATH=/home/amin/cobot/cobot_ws/install/mycobot_communication:/home/amin/cobot/cobot_ws/install/mycobot_description:/home/amin/cobot/cobot_ws/install/ultraarm:/home/amin/cobot/cobot_ws/install/pro450_moveit2_control:/home/amin/cobot/cobot_ws/install/pro450_moveit2:/home/amin/cobot/cobot_ws/install/mypalletizer_communication:/home/amin/cobot/cobot_ws/install/mypalletizer_interfaces:/home/amin/cobot/cobot_ws/install/mypalletizer_260_pi:/home/amin/cobot/cobot_ws/install/mypalletizer_260:/home/amin/cobot/cobot_ws/install/mycobot_pro_450:/home/amin/cobot/cobot_ws/install/mycobot_pro450_interfaces:/home/amin/cobot/cobot_ws/install/myarm_m750:/home/amin/cobot/cobot_ws/install/myarm_c650:/home/amin/cobot/cobot_ws/install/mecharm_communication:/home/amin/cobot/cobot_ws/install/mycobot_interfaces:/home/amin/cobot/cobot_ws/install/mycobot_630:/home/amin/cobot/cobot_ws/install/mycobot_600:/home/amin/cobot/cobot_ws/install/mycobot_320pi:/home/amin/cobot/cobot_ws/install/mycobot_320_riscv:/home/amin/cobot/cobot_ws/install/mycobot_320:/home/amin/cobot/cobot_ws/install/mycobot_280rdkx5_moveit2:/home/amin/cobot/cobot_ws/install/mycobot_280pi:/home/amin/cobot/cobot_ws/install/mycobot_280jn:/home/amin/cobot/cobot_ws/install/mycobot_280arduino_moveit2:/home/amin/cobot/cobot_ws/install/mycobot_280_x3pi:/home/amin/cobot/cobot_ws/install/mycobot_280_riscv:/home/amin/cobot/cobot_ws/install/mycobot_280_rdkx5:/home/amin/cobot/cobot_ws/install/mycobot_280_moveit2_control:/home/amin/cobot/cobot_ws/install/mycobot_280_moveit2:/home/amin/cobot/cobot_ws/install/mycobot_280_gazebo_jazzy:/home/amin/cobot/cobot_ws/install/mycobot_280_gazebo:/home/amin/cobot/cobot_ws/install/mycobot_280_arduino:/home/amin/cobot/cobot_ws/install/mycobot_280:/home/amin/cobot/cobot_ws/install/mybuddy:/home/amin/cobot/cobot_ws/install/myarm_300:/home/amin/cobot/cobot_ws/install/mecharm_pi:/home/amin/cobot/cobot_ws/install/mecharm:/home/amin/cobot/cobot_ws/install/mecharm_interfaces:/opt/ros/jazzy CMAKE_PREFIX_PATH=/home/amin/cobot/cobot_ws/install/mycobot_interfaces:/home/amin/cobot/cobot_ws/install/pro450_moveit2:/home/amin/cobot/cobot_ws/install/mypalletizer_interfaces:/home/amin/cobot/cobot_ws/install/mycobot_pro450_interfaces:/home/amin/cobot/cobot_ws/install/mycobot_280rdkx5_moveit2:/home/amin/cobot/cobot_ws/install/mycobot_280arduino_moveit2:/home/amin/cobot/cobot_ws/install/mycobot_280_moveit2:/home/amin/cobot/cobot_ws/install/mycobot_280_gazebo_jazzy:/home/amin/cobot/cobot_ws/install/mycobot_280_gazebo:/home/amin/cobot/cobot_ws/install/mecharm_interfaces:/opt/ros/jazzy/opt/gz_sim_vendor:/opt/ros/jazzy/opt/gz_sensors_vendor:/opt/ros/jazzy/opt/gz_physics_vendor:/opt/ros/jazzy/opt/sdformat_vendor:/opt/ros/jazzy/opt/gz_gui_vendor:/opt/ros/jazzy/opt/gz_transport_vendor:/opt/ros/jazzy/opt/gz_rendering_vendor:/opt/ros/jazzy/opt/gz_plugin_vendor:/opt/ros/jazzy/opt/gz_fuel_tools_vendor:/opt/ros/jazzy/opt/gz_msgs_vendor:/opt/ros/jazzy/opt/gz_common_vendor:/opt/ros/jazzy/opt/gz_math_vendor:/opt/ros/jazzy/opt/gz_utils_vendor:/opt/ros/jazzy/opt/gz_tools_vendor:/opt/ros/jazzy/opt/gz_ogre_next_vendor:/opt/ros/jazzy/opt/gz_dartsim_vendor:/opt/ros/jazzy/opt/gz_cmake_vendor DEBUGINFOD_URLS=https://debuginfod.ubuntu.com LD_LIBRARY_PATH=/home/amin/cobot/cobot_ws/install/mycobot_interfaces/lib:/home/amin/cobot/cobot_ws/install/mypalletizer_interfaces/lib:/home/amin/cobot/cobot_ws/install/mycobot_pro450_interfaces/lib:/home/amin/cobot/cobot_ws/install/mecharm_interfaces/lib:/opt/ros/jazzy/opt/gz_sim_vendor/lib:/opt/ros/jazzy/opt/gz_sensors_vendor/lib:/opt/ros/jazzy/opt/gz_physics_vendor/lib:/opt/ros/jazzy/opt/sdformat_vendor/lib:/opt/ros/jazzy/opt/rviz_ogre_vendor/lib:/opt/ros/jazzy/lib/x86_64-linux-gnu:/opt/ros/jazzy/opt/gz_gui_vendor/lib:/opt/ros/jazzy/opt/gz_transport_vendor/lib:/opt/ros/jazzy/opt/gz_rendering_vendor/lib:/opt/ros/jazzy/opt/gz_plugin_vendor/lib:/opt/ros/jazzy/opt/gz_fuel_tools_vendor/lib:/opt/ros/jazzy/opt/gz_msgs_vendor/lib:/opt/ros/jazzy/opt/gz_common_vendor/lib:/opt/ros/jazzy/opt/gz_math_vendor/lib:/opt/ros/jazzy/opt/gz_utils_vendor/lib:/opt/ros/jazzy/opt/gz_tools_vendor/lib:/opt/ros/jazzy/opt/gz_ogre_next_vendor/lib:/opt/ros/jazzy/opt/gz_dartsim_vendor/lib:/opt/ros/jazzy/opt/gz_cmake_vendor/lib:/opt/ros/jazzy/lib PYTHONPATH=/home/amin/cobot/cobot_ws/build/myarm_c650/prefix_override:/usr/lib/python3/dist-packages/colcon_core/task/python/colcon_distutils_commands:/home/amin/cobot/cobot_ws/install/myarm_c650/lib/python3.12/site-packages:/home/amin/cobot/cobot_ws/install/mycobot_communication/lib/python3.12/site-packages:/home/amin/cobot/cobot_ws/install/mycobot_interfaces/lib/python3.12/site-packages:/home/amin/cobot/cobot_ws/install/mycobot_description/lib/python3.12/site-packages:/home/amin/cobot/cobot_ws/install/ultraarm/lib/python3.12/site-packages:/home/amin/cobot/cobot_ws/install/pro450_moveit2_control/lib/python3.12/site-packages:/home/amin/cobot/cobot_ws/install/mypalletizer_communication/lib/python3.12/site-packages:/home/amin/cobot/cobot_ws/install/mypalletizer_interfaces/lib/python3.12/site-packages:/home/amin/cobot/cobot_ws/install/mypalletizer_260_pi/lib/python3.12/site-packages:/home/amin/cobot/cobot_ws/install/mypalletizer_260/lib/python3.12/site-packages:/home/amin/cobot/cobot_ws/install/mycobot_pro_450/lib/python3.12/site-packages:/home/amin/cobot/cobot_ws/install/mycobot_pro450_interfaces/lib/python3.12/site-packages:/home/amin/cobot/cobot_ws/install/myarm_m750/lib/python3.12/site-packages:/home/amin/cobot/cobot_ws/install/myarm_c650/lib/python3.12/site-packages:/home/amin/cobot/cobot_ws/install/mecharm_communication/lib/python3.12/site-packages:/home/amin/cobot/cobot_ws/install/mycobot_630/lib/python3.12/site-packages:/home/amin/cobot/cobot_ws/install/mycobot_600/lib/python3.12/site-packages:/home/amin/cobot/cobot_ws/install/mycobot_320pi/lib/python3.12/site-packages:/home/amin/cobot/cobot_ws/install/mycobot_320_riscv/lib/python3.12/site-packages:/home/amin/cobot/cobot_ws/install/mycobot_320/lib/python3.12/site-packages:/home/amin/cobot/cobot_ws/install/mycobot_280pi/lib/python3.12/site-packages:/home/amin/cobot/cobot_ws/install/mycobot_280jn/lib/python3.12/site-packages:/home/amin/cobot/cobot_ws/install/mycobot_280_x3pi/lib/python3.12/site-packages:/home/amin/cobot/cobot_ws/install/mycobot_280_riscv/lib/python3.12/site-packages:/home/amin/cobot/cobot_ws/install/mycobot_280_rdkx5/lib/python3.12/site-packages:/home/amin/cobot/cobot_ws/install/mycobot_280_moveit2_control/lib/python3.12/site-packages:/home/amin/cobot/cobot_ws/install/mycobot_280_arduino/lib/python3.12/site-packages:/home/amin/cobot/cobot_ws/install/mycobot_280/lib/python3.12/site-packages:/home/amin/cobot/cobot_ws/install/mybuddy/lib/python3.12/site-packages:/home/amin/cobot/cobot_ws/install/myarm_300/lib/python3.12/site-packages:/home/amin/cobot/cobot_ws/install/mecharm_pi/lib/python3.12/site-packages:/home/amin/cobot/cobot_ws/install/mecharm/lib/python3.12/site-packages:/home/amin/cobot/cobot_ws/install/mecharm_interfaces/lib/python3.12/site-packages:/opt/ros/jazzy/lib/python3.12/site-packages /usr/bin/python3 -W ignore:setup.py install is deprecated -W ignore:easy_install command is deprecated setup.py egg_info --egg-base ../../../../build/myarm_c650 build --build-base /home/amin/cobot/cobot_ws/build/myarm_c650/build install --record /home/amin/cobot/cobot_ws/build/myarm_c650/install.log --single-version-externally-managed install_data
[9.269s] Level 1:colcon.colcon_core.environment:checking '/home/amin/cobot/cobot_ws/install/mypalletizer_260_pi' for CMake module files
[9.270s] DEBUG:colcon.colcon_core.event_handler.log_command:Invoked command in '/home/amin/cobot/cobot_ws/src/mycobot_ros2/mypalletizer_260/mypalletizer_260_pi' returned '0': AMENT_PREFIX_PATH=/home/amin/cobot/cobot_ws/install/mycobot_description:/home/amin/cobot/cobot_ws/install/ultraarm:/home/amin/cobot/cobot_ws/install/pro450_moveit2_control:/home/amin/cobot/cobot_ws/install/pro450_moveit2:/home/amin/cobot/cobot_ws/install/mypalletizer_communication:/home/amin/cobot/cobot_ws/install/mypalletizer_interfaces:/home/amin/cobot/cobot_ws/install/mypalletizer_260_pi:/home/amin/cobot/cobot_ws/install/mypalletizer_260:/home/amin/cobot/cobot_ws/install/mycobot_pro_450:/home/amin/cobot/cobot_ws/install/mycobot_pro450_interfaces:/home/amin/cobot/cobot_ws/install/myarm_m750:/home/amin/cobot/cobot_ws/install/myarm_c650:/home/amin/cobot/cobot_ws/install/mycobot_communication:/home/amin/cobot/cobot_ws/install/mecharm_communication:/home/amin/cobot/cobot_ws/install/mycobot_interfaces:/home/amin/cobot/cobot_ws/install/mycobot_630:/home/amin/cobot/cobot_ws/install/mycobot_600:/home/amin/cobot/cobot_ws/install/mycobot_320pi:/home/amin/cobot/cobot_ws/install/mycobot_320_riscv:/home/amin/cobot/cobot_ws/install/mycobot_320:/home/amin/cobot/cobot_ws/install/mycobot_280rdkx5_moveit2:/home/amin/cobot/cobot_ws/install/mycobot_280pi:/home/amin/cobot/cobot_ws/install/mycobot_280jn:/home/amin/cobot/cobot_ws/install/mycobot_280arduino_moveit2:/home/amin/cobot/cobot_ws/install/mycobot_280_x3pi:/home/amin/cobot/cobot_ws/install/mycobot_280_riscv:/home/amin/cobot/cobot_ws/install/mycobot_280_rdkx5:/home/amin/cobot/cobot_ws/install/mycobot_280_moveit2_control:/home/amin/cobot/cobot_ws/install/mycobot_280_moveit2:/home/amin/cobot/cobot_ws/install/mycobot_280_gazebo_jazzy:/home/amin/cobot/cobot_ws/install/mycobot_280_gazebo:/home/amin/cobot/cobot_ws/install/mycobot_280_arduino:/home/amin/cobot/cobot_ws/install/mycobot_280:/home/amin/cobot/cobot_ws/install/mybuddy:/home/amin/cobot/cobot_ws/install/myarm_300:/home/amin/cobot/cobot_ws/install/mecharm_pi:/home/amin/cobot/cobot_ws/install/mecharm:/home/amin/cobot/cobot_ws/install/mecharm_interfaces:/opt/ros/jazzy DEBUGINFOD_URLS=https://debuginfod.ubuntu.com PYTHONPATH=/home/amin/cobot/cobot_ws/build/mypalletizer_260_pi/prefix_override:/usr/lib/python3/dist-packages/colcon_core/task/python/colcon_distutils_commands:/home/amin/cobot/cobot_ws/install/mypalletizer_260_pi/lib/python3.12/site-packages:/home/amin/cobot/cobot_ws/install/mycobot_description/lib/python3.12/site-packages:/home/amin/cobot/cobot_ws/install/ultraarm/lib/python3.12/site-packages:/home/amin/cobot/cobot_ws/install/pro450_moveit2_control/lib/python3.12/site-packages:/home/amin/cobot/cobot_ws/install/mypalletizer_communication/lib/python3.12/site-packages:/home/amin/cobot/cobot_ws/install/mypalletizer_interfaces/lib/python3.12/site-packages:/home/amin/cobot/cobot_ws/install/mypalletizer_260_pi/lib/python3.12/site-packages:/home/amin/cobot/cobot_ws/install/mypalletizer_260/lib/python3.12/site-packages:/home/amin/cobot/cobot_ws/install/mycobot_pro_450/lib/python3.12/site-packages:/home/amin/cobot/cobot_ws/install/mycobot_pro450_interfaces/lib/python3.12/site-packages:/home/amin/cobot/cobot_ws/install/myarm_m750/lib/python3.12/site-packages:/home/amin/cobot/cobot_ws/install/myarm_c650/lib/python3.12/site-packages:/home/amin/cobot/cobot_ws/install/mycobot_communication/lib/python3.12/site-packages:/home/amin/cobot/cobot_ws/install/mecharm_communication/lib/python3.12/site-packages:/home/amin/cobot/cobot_ws/install/mycobot_interfaces/lib/python3.12/site-packages:/home/amin/cobot/cobot_ws/install/mycobot_630/lib/python3.12/site-packages:/home/amin/cobot/cobot_ws/install/mycobot_600/lib/python3.12/site-packages:/home/amin/cobot/cobot_ws/install/mycobot_320pi/lib/python3.12/site-packages:/home/amin/cobot/cobot_ws/install/mycobot_320_riscv/lib/python3.12/site-packages:/home/amin/cobot/cobot_ws/install/mycobot_320/lib/python3.12/site-packages:/home/amin/cobot/cobot_ws/install/mycobot_280pi/lib/python3.12/site-packages:/home/amin/cobot/cobot_ws/install/mycobot_280jn/lib/python3.12/site-packages:/home/amin/cobot/cobot_ws/install/mycobot_280_x3pi/lib/python3.12/site-packages:/home/amin/cobot/cobot_ws/install/mycobot_280_riscv/lib/python3.12/site-packages:/home/amin/cobot/cobot_ws/install/mycobot_280_rdkx5/lib/python3.12/site-packages:/home/amin/cobot/cobot_ws/install/mycobot_280_moveit2_control/lib/python3.12/site-packages:/home/amin/cobot/cobot_ws/install/mycobot_280_arduino/lib/python3.12/site-packages:/home/amin/cobot/cobot_ws/install/mycobot_280/lib/python3.12/site-packages:/home/amin/cobot/cobot_ws/install/mybuddy/lib/python3.12/site-packages:/home/amin/cobot/cobot_ws/install/myarm_300/lib/python3.12/site-packages:/home/amin/cobot/cobot_ws/install/mecharm_pi/lib/python3.12/site-packages:/home/amin/cobot/cobot_ws/install/mecharm/lib/python3.12/site-packages:/home/amin/cobot/cobot_ws/install/mecharm_interfaces/lib/python3.12/site-packages:/opt/ros/jazzy/lib/python3.12/site-packages /usr/bin/python3 -W ignore:setup.py install is deprecated -W ignore:easy_install command is deprecated setup.py egg_info --egg-base ../../../../build/mypalletizer_260_pi build --build-base /home/amin/cobot/cobot_ws/build/mypalletizer_260_pi/build install --record /home/amin/cobot/cobot_ws/build/mypalletizer_260_pi/install.log --single-version-externally-managed install_data
[9.270s] Level 1:colcon.colcon_core.environment:checking '/home/amin/cobot/cobot_ws/install/mypalletizer_260_pi' for CMake config files
[9.271s] Level 1:colcon.colcon_core.environment:checking '/home/amin/cobot/cobot_ws/install/mypalletizer_260_pi/lib'
[9.271s] Level 1:colcon.colcon_core.environment:checking '/home/amin/cobot/cobot_ws/install/mypalletizer_260_pi/bin'
[9.271s] Level 1:colcon.colcon_core.environment:checking '/home/amin/cobot/cobot_ws/install/mypalletizer_260_pi/lib/pkgconfig/mypalletizer_260_pi.pc'
[9.271s] Level 1:colcon.colcon_core.environment:checking '/home/amin/cobot/cobot_ws/install/mypalletizer_260_pi/lib/python3.12/site-packages'
[9.271s] Level 1:colcon.colcon_core.shell:create_environment_hook('mypalletizer_260_pi', 'pythonpath')
[9.272s] INFO:colcon.colcon_core.shell:Creating environment hook '/home/amin/cobot/cobot_ws/install/mypalletizer_260_pi/share/mypalletizer_260_pi/hook/pythonpath.ps1'
[9.272s] INFO:colcon.colcon_core.shell:Creating environment descriptor '/home/amin/cobot/cobot_ws/install/mypalletizer_260_pi/share/mypalletizer_260_pi/hook/pythonpath.dsv'
[9.273s] INFO:colcon.colcon_core.shell:Creating environment hook '/home/amin/cobot/cobot_ws/install/mypalletizer_260_pi/share/mypalletizer_260_pi/hook/pythonpath.sh'
[9.273s] Level 1:colcon.colcon_core.environment:checking '/home/amin/cobot/cobot_ws/install/mypalletizer_260_pi/bin'
[9.273s] Level 1:colcon.colcon_core.environment:create_environment_scripts_only(mypalletizer_260_pi)
[9.274s] INFO:colcon.colcon_core.shell:Creating package script '/home/amin/cobot/cobot_ws/install/mypalletizer_260_pi/share/mypalletizer_260_pi/package.ps1'
[9.274s] INFO:colcon.colcon_core.shell:Creating package descriptor '/home/amin/cobot/cobot_ws/install/mypalletizer_260_pi/share/mypalletizer_260_pi/package.dsv'
[9.274s] INFO:colcon.colcon_core.shell:Creating package script '/home/amin/cobot/cobot_ws/install/mypalletizer_260_pi/share/mypalletizer_260_pi/package.sh'
[9.275s] INFO:colcon.colcon_core.shell:Creating package script '/home/amin/cobot/cobot_ws/install/mypalletizer_260_pi/share/mypalletizer_260_pi/package.bash'
[9.275s] INFO:colcon.colcon_core.shell:Creating package script '/home/amin/cobot/cobot_ws/install/mypalletizer_260_pi/share/mypalletizer_260_pi/package.zsh'
[9.275s] Level 1:colcon.colcon_core.environment:create_file_with_runtime_dependencies(/home/amin/cobot/cobot_ws/install/mypalletizer_260_pi/share/colcon-core/packages/mypalletizer_260_pi)
[9.427s] DEBUG:colcon.colcon_core.event_handler.log_command:Invoking command in '/home/amin/cobot/cobot_ws/src/mycobot_ros2/ultraArm/ultraarm': AMENT_PREFIX_PATH=/home/amin/cobot/cobot_ws/install/mycobot_description:/home/amin/cobot/cobot_ws/install/ultraarm:/home/amin/cobot/cobot_ws/install/pro450_moveit2_control:/home/amin/cobot/cobot_ws/install/pro450_moveit2:/home/amin/cobot/cobot_ws/install/mypalletizer_communication:/home/amin/cobot/cobot_ws/install/mypalletizer_interfaces:/home/amin/cobot/cobot_ws/install/mypalletizer_260_pi:/home/amin/cobot/cobot_ws/install/mypalletizer_260:/home/amin/cobot/cobot_ws/install/mycobot_pro_450:/home/amin/cobot/cobot_ws/install/mycobot_pro450_interfaces:/home/amin/cobot/cobot_ws/install/myarm_m750:/home/amin/cobot/cobot_ws/install/myarm_c650:/home/amin/cobot/cobot_ws/install/mycobot_communication:/home/amin/cobot/cobot_ws/install/mecharm_communication:/home/amin/cobot/cobot_ws/install/mycobot_interfaces:/home/amin/cobot/cobot_ws/install/mycobot_630:/home/amin/cobot/cobot_ws/install/mycobot_600:/home/amin/cobot/cobot_ws/install/mycobot_320pi:/home/amin/cobot/cobot_ws/install/mycobot_320_riscv:/home/amin/cobot/cobot_ws/install/mycobot_320:/home/amin/cobot/cobot_ws/install/mycobot_280rdkx5_moveit2:/home/amin/cobot/cobot_ws/install/mycobot_280pi:/home/amin/cobot/cobot_ws/install/mycobot_280jn:/home/amin/cobot/cobot_ws/install/mycobot_280arduino_moveit2:/home/amin/cobot/cobot_ws/install/mycobot_280_x3pi:/home/amin/cobot/cobot_ws/install/mycobot_280_riscv:/home/amin/cobot/cobot_ws/install/mycobot_280_rdkx5:/home/amin/cobot/cobot_ws/install/mycobot_280_moveit2_control:/home/amin/cobot/cobot_ws/install/mycobot_280_moveit2:/home/amin/cobot/cobot_ws/install/mycobot_280_gazebo_jazzy:/home/amin/cobot/cobot_ws/install/mycobot_280_gazebo:/home/amin/cobot/cobot_ws/install/mycobot_280_arduino:/home/amin/cobot/cobot_ws/install/mycobot_280:/home/amin/cobot/cobot_ws/install/mybuddy:/home/amin/cobot/cobot_ws/install/myarm_300:/home/amin/cobot/cobot_ws/install/mecharm_pi:/home/amin/cobot/cobot_ws/install/mecharm:/home/amin/cobot/cobot_ws/install/mecharm_interfaces:/opt/ros/jazzy DEBUGINFOD_URLS=https://debuginfod.ubuntu.com PYTHONPATH=/home/amin/cobot/cobot_ws/build/ultraarm/prefix_override:/usr/lib/python3/dist-packages/colcon_core/task/python/colcon_distutils_commands:/home/amin/cobot/cobot_ws/install/ultraarm/lib/python3.12/site-packages:/home/amin/cobot/cobot_ws/install/mycobot_description/lib/python3.12/site-packages:/home/amin/cobot/cobot_ws/install/ultraarm/lib/python3.12/site-packages:/home/amin/cobot/cobot_ws/install/pro450_moveit2_control/lib/python3.12/site-packages:/home/amin/cobot/cobot_ws/install/mypalletizer_communication/lib/python3.12/site-packages:/home/amin/cobot/cobot_ws/install/mypalletizer_interfaces/lib/python3.12/site-packages:/home/amin/cobot/cobot_ws/install/mypalletizer_260_pi/lib/python3.12/site-packages:/home/amin/cobot/cobot_ws/install/mypalletizer_260/lib/python3.12/site-packages:/home/amin/cobot/cobot_ws/install/mycobot_pro_450/lib/python3.12/site-packages:/home/amin/cobot/cobot_ws/install/mycobot_pro450_interfaces/lib/python3.12/site-packages:/home/amin/cobot/cobot_ws/install/myarm_m750/lib/python3.12/site-packages:/home/amin/cobot/cobot_ws/install/myarm_c650/lib/python3.12/site-packages:/home/amin/cobot/cobot_ws/install/mycobot_communication/lib/python3.12/site-packages:/home/amin/cobot/cobot_ws/install/mecharm_communication/lib/python3.12/site-packages:/home/amin/cobot/cobot_ws/install/mycobot_interfaces/lib/python3.12/site-packages:/home/amin/cobot/cobot_ws/install/mycobot_630/lib/python3.12/site-packages:/home/amin/cobot/cobot_ws/install/mycobot_600/lib/python3.12/site-packages:/home/amin/cobot/cobot_ws/install/mycobot_320pi/lib/python3.12/site-packages:/home/amin/cobot/cobot_ws/install/mycobot_320_riscv/lib/python3.12/site-packages:/home/amin/cobot/cobot_ws/install/mycobot_320/lib/python3.12/site-packages:/home/amin/cobot/cobot_ws/install/mycobot_280pi/lib/python3.12/site-packages:/home/amin/cobot/cobot_ws/install/mycobot_280jn/lib/python3.12/site-packages:/home/amin/cobot/cobot_ws/install/mycobot_280_x3pi/lib/python3.12/site-packages:/home/amin/cobot/cobot_ws/install/mycobot_280_riscv/lib/python3.12/site-packages:/home/amin/cobot/cobot_ws/install/mycobot_280_rdkx5/lib/python3.12/site-packages:/home/amin/cobot/cobot_ws/install/mycobot_280_moveit2_control/lib/python3.12/site-packages:/home/amin/cobot/cobot_ws/install/mycobot_280_arduino/lib/python3.12/site-packages:/home/amin/cobot/cobot_ws/install/mycobot_280/lib/python3.12/site-packages:/home/amin/cobot/cobot_ws/install/mybuddy/lib/python3.12/site-packages:/home/amin/cobot/cobot_ws/install/myarm_300/lib/python3.12/site-packages:/home/amin/cobot/cobot_ws/install/mecharm_pi/lib/python3.12/site-packages:/home/amin/cobot/cobot_ws/install/mecharm/lib/python3.12/site-packages:/home/amin/cobot/cobot_ws/install/mecharm_interfaces/lib/python3.12/site-packages:/opt/ros/jazzy/lib/python3.12/site-packages /usr/bin/python3 -W ignore:setup.py install is deprecated -W ignore:easy_install command is deprecated setup.py egg_info --egg-base ../../../../build/ultraarm build --build-base /home/amin/cobot/cobot_ws/build/ultraarm/build install --record /home/amin/cobot/cobot_ws/build/ultraarm/install.log --single-version-externally-managed install_data
[9.671s] DEBUG:colcon.colcon_core.event_handler.log_command:Invoking command in '/home/amin/cobot/cobot_ws/src/mycobot_ros2/mycobot_280/mycobot_280_rdkx5': AMENT_PREFIX_PATH=/home/amin/cobot/cobot_ws/install/mycobot_communication:/home/amin/cobot/cobot_ws/install/mycobot_description:/home/amin/cobot/cobot_ws/install/ultraarm:/home/amin/cobot/cobot_ws/install/pro450_moveit2_control:/home/amin/cobot/cobot_ws/install/pro450_moveit2:/home/amin/cobot/cobot_ws/install/mypalletizer_communication:/home/amin/cobot/cobot_ws/install/mypalletizer_interfaces:/home/amin/cobot/cobot_ws/install/mypalletizer_260_pi:/home/amin/cobot/cobot_ws/install/mypalletizer_260:/home/amin/cobot/cobot_ws/install/mycobot_pro_450:/home/amin/cobot/cobot_ws/install/mycobot_pro450_interfaces:/home/amin/cobot/cobot_ws/install/myarm_m750:/home/amin/cobot/cobot_ws/install/myarm_c650:/home/amin/cobot/cobot_ws/install/mecharm_communication:/home/amin/cobot/cobot_ws/install/mycobot_interfaces:/home/amin/cobot/cobot_ws/install/mycobot_630:/home/amin/cobot/cobot_ws/install/mycobot_600:/home/amin/cobot/cobot_ws/install/mycobot_320pi:/home/amin/cobot/cobot_ws/install/mycobot_320_riscv:/home/amin/cobot/cobot_ws/install/mycobot_320:/home/amin/cobot/cobot_ws/install/mycobot_280rdkx5_moveit2:/home/amin/cobot/cobot_ws/install/mycobot_280pi:/home/amin/cobot/cobot_ws/install/mycobot_280jn:/home/amin/cobot/cobot_ws/install/mycobot_280arduino_moveit2:/home/amin/cobot/cobot_ws/install/mycobot_280_x3pi:/home/amin/cobot/cobot_ws/install/mycobot_280_riscv:/home/amin/cobot/cobot_ws/install/mycobot_280_rdkx5:/home/amin/cobot/cobot_ws/install/mycobot_280_moveit2_control:/home/amin/cobot/cobot_ws/install/mycobot_280_moveit2:/home/amin/cobot/cobot_ws/install/mycobot_280_gazebo_jazzy:/home/amin/cobot/cobot_ws/install/mycobot_280_gazebo:/home/amin/cobot/cobot_ws/install/mycobot_280_arduino:/home/amin/cobot/cobot_ws/install/mycobot_280:/home/amin/cobot/cobot_ws/install/mybuddy:/home/amin/cobot/cobot_ws/install/myarm_300:/home/amin/cobot/cobot_ws/install/mecharm_pi:/home/amin/cobot/cobot_ws/install/mecharm:/home/amin/cobot/cobot_ws/install/mecharm_interfaces:/opt/ros/jazzy CMAKE_PREFIX_PATH=/home/amin/cobot/cobot_ws/install/mycobot_interfaces:/home/amin/cobot/cobot_ws/install/pro450_moveit2:/home/amin/cobot/cobot_ws/install/mypalletizer_interfaces:/home/amin/cobot/cobot_ws/install/mycobot_pro450_interfaces:/home/amin/cobot/cobot_ws/install/mycobot_280rdkx5_moveit2:/home/amin/cobot/cobot_ws/install/mycobot_280arduino_moveit2:/home/amin/cobot/cobot_ws/install/mycobot_280_moveit2:/home/amin/cobot/cobot_ws/install/mycobot_280_gazebo_jazzy:/home/amin/cobot/cobot_ws/install/mycobot_280_gazebo:/home/amin/cobot/cobot_ws/install/mecharm_interfaces:/opt/ros/jazzy/opt/gz_sim_vendor:/opt/ros/jazzy/opt/gz_sensors_vendor:/opt/ros/jazzy/opt/gz_physics_vendor:/opt/ros/jazzy/opt/sdformat_vendor:/opt/ros/jazzy/opt/gz_gui_vendor:/opt/ros/jazzy/opt/gz_transport_vendor:/opt/ros/jazzy/opt/gz_rendering_vendor:/opt/ros/jazzy/opt/gz_plugin_vendor:/opt/ros/jazzy/opt/gz_fuel_tools_vendor:/opt/ros/jazzy/opt/gz_msgs_vendor:/opt/ros/jazzy/opt/gz_common_vendor:/opt/ros/jazzy/opt/gz_math_vendor:/opt/ros/jazzy/opt/gz_utils_vendor:/opt/ros/jazzy/opt/gz_tools_vendor:/opt/ros/jazzy/opt/gz_ogre_next_vendor:/opt/ros/jazzy/opt/gz_dartsim_vendor:/opt/ros/jazzy/opt/gz_cmake_vendor DEBUGINFOD_URLS=https://debuginfod.ubuntu.com LD_LIBRARY_PATH=/home/amin/cobot/cobot_ws/install/mycobot_interfaces/lib:/home/amin/cobot/cobot_ws/install/mypalletizer_interfaces/lib:/home/amin/cobot/cobot_ws/install/mycobot_pro450_interfaces/lib:/home/amin/cobot/cobot_ws/install/mecharm_interfaces/lib:/opt/ros/jazzy/opt/gz_sim_vendor/lib:/opt/ros/jazzy/opt/gz_sensors_vendor/lib:/opt/ros/jazzy/opt/gz_physics_vendor/lib:/opt/ros/jazzy/opt/sdformat_vendor/lib:/opt/ros/jazzy/opt/rviz_ogre_vendor/lib:/opt/ros/jazzy/lib/x86_64-linux-gnu:/opt/ros/jazzy/opt/gz_gui_vendor/lib:/opt/ros/jazzy/opt/gz_transport_vendor/lib:/opt/ros/jazzy/opt/gz_rendering_vendor/lib:/opt/ros/jazzy/opt/gz_plugin_vendor/lib:/opt/ros/jazzy/opt/gz_fuel_tools_vendor/lib:/opt/ros/jazzy/opt/gz_msgs_vendor/lib:/opt/ros/jazzy/opt/gz_common_vendor/lib:/opt/ros/jazzy/opt/gz_math_vendor/lib:/opt/ros/jazzy/opt/gz_utils_vendor/lib:/opt/ros/jazzy/opt/gz_tools_vendor/lib:/opt/ros/jazzy/opt/gz_ogre_next_vendor/lib:/opt/ros/jazzy/opt/gz_dartsim_vendor/lib:/opt/ros/jazzy/opt/gz_cmake_vendor/lib:/opt/ros/jazzy/lib PYTHONPATH=/home/amin/cobot/cobot_ws/build/mycobot_280_rdkx5/prefix_override:/usr/lib/python3/dist-packages/colcon_core/task/python/colcon_distutils_commands:/home/amin/cobot/cobot_ws/install/mycobot_280_rdkx5/lib/python3.12/site-packages:/home/amin/cobot/cobot_ws/install/mycobot_communication/lib/python3.12/site-packages:/home/amin/cobot/cobot_ws/install/mycobot_interfaces/lib/python3.12/site-packages:/home/amin/cobot/cobot_ws/install/mycobot_description/lib/python3.12/site-packages:/home/amin/cobot/cobot_ws/install/ultraarm/lib/python3.12/site-packages:/home/amin/cobot/cobot_ws/install/pro450_moveit2_control/lib/python3.12/site-packages:/home/amin/cobot/cobot_ws/install/mypalletizer_communication/lib/python3.12/site-packages:/home/amin/cobot/cobot_ws/install/mypalletizer_interfaces/lib/python3.12/site-packages:/home/amin/cobot/cobot_ws/install/mypalletizer_260_pi/lib/python3.12/site-packages:/home/amin/cobot/cobot_ws/install/mypalletizer_260/lib/python3.12/site-packages:/home/amin/cobot/cobot_ws/install/mycobot_pro_450/lib/python3.12/site-packages:/home/amin/cobot/cobot_ws/install/mycobot_pro450_interfaces/lib/python3.12/site-packages:/home/amin/cobot/cobot_ws/install/myarm_m750/lib/python3.12/site-packages:/home/amin/cobot/cobot_ws/install/myarm_c650/lib/python3.12/site-packages:/home/amin/cobot/cobot_ws/install/mecharm_communication/lib/python3.12/site-packages:/home/amin/cobot/cobot_ws/install/mycobot_630/lib/python3.12/site-packages:/home/amin/cobot/cobot_ws/install/mycobot_600/lib/python3.12/site-packages:/home/amin/cobot/cobot_ws/install/mycobot_320pi/lib/python3.12/site-packages:/home/amin/cobot/cobot_ws/install/mycobot_320_riscv/lib/python3.12/site-packages:/home/amin/cobot/cobot_ws/install/mycobot_320/lib/python3.12/site-packages:/home/amin/cobot/cobot_ws/install/mycobot_280pi/lib/python3.12/site-packages:/home/amin/cobot/cobot_ws/install/mycobot_280jn/lib/python3.12/site-packages:/home/amin/cobot/cobot_ws/install/mycobot_280_x3pi/lib/python3.12/site-packages:/home/amin/cobot/cobot_ws/install/mycobot_280_riscv/lib/python3.12/site-packages:/home/amin/cobot/cobot_ws/install/mycobot_280_rdkx5/lib/python3.12/site-packages:/home/amin/cobot/cobot_ws/install/mycobot_280_moveit2_control/lib/python3.12/site-packages:/home/amin/cobot/cobot_ws/install/mycobot_280_arduino/lib/python3.12/site-packages:/home/amin/cobot/cobot_ws/install/mycobot_280/lib/python3.12/site-packages:/home/amin/cobot/cobot_ws/install/mybuddy/lib/python3.12/site-packages:/home/amin/cobot/cobot_ws/install/myarm_300/lib/python3.12/site-packages:/home/amin/cobot/cobot_ws/install/mecharm_pi/lib/python3.12/site-packages:/home/amin/cobot/cobot_ws/install/mecharm/lib/python3.12/site-packages:/home/amin/cobot/cobot_ws/install/mecharm_interfaces/lib/python3.12/site-packages:/opt/ros/jazzy/lib/python3.12/site-packages /usr/bin/python3 -W ignore:setup.py install is deprecated -W ignore:easy_install command is deprecated setup.py egg_info --egg-base ../../../../build/mycobot_280_rdkx5 build --build-base /home/amin/cobot/cobot_ws/build/mycobot_280_rdkx5/build install --record /home/amin/cobot/cobot_ws/build/mycobot_280_rdkx5/install.log --single-version-externally-managed install_data
[9.675s] Level 1:colcon.colcon_core.environment:checking '/home/amin/cobot/cobot_ws/install/myarm_c650' for CMake module files
[9.676s] DEBUG:colcon.colcon_core.event_handler.log_command:Invoked command in '/home/amin/cobot/cobot_ws/src/mycobot_ros2/myArm/myarm_c650' returned '0': AMENT_PREFIX_PATH=/home/amin/cobot/cobot_ws/install/mycobot_communication:/home/amin/cobot/cobot_ws/install/mycobot_description:/home/amin/cobot/cobot_ws/install/ultraarm:/home/amin/cobot/cobot_ws/install/pro450_moveit2_control:/home/amin/cobot/cobot_ws/install/pro450_moveit2:/home/amin/cobot/cobot_ws/install/mypalletizer_communication:/home/amin/cobot/cobot_ws/install/mypalletizer_interfaces:/home/amin/cobot/cobot_ws/install/mypalletizer_260_pi:/home/amin/cobot/cobot_ws/install/mypalletizer_260:/home/amin/cobot/cobot_ws/install/mycobot_pro_450:/home/amin/cobot/cobot_ws/install/mycobot_pro450_interfaces:/home/amin/cobot/cobot_ws/install/myarm_m750:/home/amin/cobot/cobot_ws/install/myarm_c650:/home/amin/cobot/cobot_ws/install/mecharm_communication:/home/amin/cobot/cobot_ws/install/mycobot_interfaces:/home/amin/cobot/cobot_ws/install/mycobot_630:/home/amin/cobot/cobot_ws/install/mycobot_600:/home/amin/cobot/cobot_ws/install/mycobot_320pi:/home/amin/cobot/cobot_ws/install/mycobot_320_riscv:/home/amin/cobot/cobot_ws/install/mycobot_320:/home/amin/cobot/cobot_ws/install/mycobot_280rdkx5_moveit2:/home/amin/cobot/cobot_ws/install/mycobot_280pi:/home/amin/cobot/cobot_ws/install/mycobot_280jn:/home/amin/cobot/cobot_ws/install/mycobot_280arduino_moveit2:/home/amin/cobot/cobot_ws/install/mycobot_280_x3pi:/home/amin/cobot/cobot_ws/install/mycobot_280_riscv:/home/amin/cobot/cobot_ws/install/mycobot_280_rdkx5:/home/amin/cobot/cobot_ws/install/mycobot_280_moveit2_control:/home/amin/cobot/cobot_ws/install/mycobot_280_moveit2:/home/amin/cobot/cobot_ws/install/mycobot_280_gazebo_jazzy:/home/amin/cobot/cobot_ws/install/mycobot_280_gazebo:/home/amin/cobot/cobot_ws/install/mycobot_280_arduino:/home/amin/cobot/cobot_ws/install/mycobot_280:/home/amin/cobot/cobot_ws/install/mybuddy:/home/amin/cobot/cobot_ws/install/myarm_300:/home/amin/cobot/cobot_ws/install/mecharm_pi:/home/amin/cobot/cobot_ws/install/mecharm:/home/amin/cobot/cobot_ws/install/mecharm_interfaces:/opt/ros/jazzy CMAKE_PREFIX_PATH=/home/amin/cobot/cobot_ws/install/mycobot_interfaces:/home/amin/cobot/cobot_ws/install/pro450_moveit2:/home/amin/cobot/cobot_ws/install/mypalletizer_interfaces:/home/amin/cobot/cobot_ws/install/mycobot_pro450_interfaces:/home/amin/cobot/cobot_ws/install/mycobot_280rdkx5_moveit2:/home/amin/cobot/cobot_ws/install/mycobot_280arduino_moveit2:/home/amin/cobot/cobot_ws/install/mycobot_280_moveit2:/home/amin/cobot/cobot_ws/install/mycobot_280_gazebo_jazzy:/home/amin/cobot/cobot_ws/install/mycobot_280_gazebo:/home/amin/cobot/cobot_ws/install/mecharm_interfaces:/opt/ros/jazzy/opt/gz_sim_vendor:/opt/ros/jazzy/opt/gz_sensors_vendor:/opt/ros/jazzy/opt/gz_physics_vendor:/opt/ros/jazzy/opt/sdformat_vendor:/opt/ros/jazzy/opt/gz_gui_vendor:/opt/ros/jazzy/opt/gz_transport_vendor:/opt/ros/jazzy/opt/gz_rendering_vendor:/opt/ros/jazzy/opt/gz_plugin_vendor:/opt/ros/jazzy/opt/gz_fuel_tools_vendor:/opt/ros/jazzy/opt/gz_msgs_vendor:/opt/ros/jazzy/opt/gz_common_vendor:/opt/ros/jazzy/opt/gz_math_vendor:/opt/ros/jazzy/opt/gz_utils_vendor:/opt/ros/jazzy/opt/gz_tools_vendor:/opt/ros/jazzy/opt/gz_ogre_next_vendor:/opt/ros/jazzy/opt/gz_dartsim_vendor:/opt/ros/jazzy/opt/gz_cmake_vendor DEBUGINFOD_URLS=https://debuginfod.ubuntu.com LD_LIBRARY_PATH=/home/amin/cobot/cobot_ws/install/mycobot_interfaces/lib:/home/amin/cobot/cobot_ws/install/mypalletizer_interfaces/lib:/home/amin/cobot/cobot_ws/install/mycobot_pro450_interfaces/lib:/home/amin/cobot/cobot_ws/install/mecharm_interfaces/lib:/opt/ros/jazzy/opt/gz_sim_vendor/lib:/opt/ros/jazzy/opt/gz_sensors_vendor/lib:/opt/ros/jazzy/opt/gz_physics_vendor/lib:/opt/ros/jazzy/opt/sdformat_vendor/lib:/opt/ros/jazzy/opt/rviz_ogre_vendor/lib:/opt/ros/jazzy/lib/x86_64-linux-gnu:/opt/ros/jazzy/opt/gz_gui_vendor/lib:/opt/ros/jazzy/opt/gz_transport_vendor/lib:/opt/ros/jazzy/opt/gz_rendering_vendor/lib:/opt/ros/jazzy/opt/gz_plugin_vendor/lib:/opt/ros/jazzy/opt/gz_fuel_tools_vendor/lib:/opt/ros/jazzy/opt/gz_msgs_vendor/lib:/opt/ros/jazzy/opt/gz_common_vendor/lib:/opt/ros/jazzy/opt/gz_math_vendor/lib:/opt/ros/jazzy/opt/gz_utils_vendor/lib:/opt/ros/jazzy/opt/gz_tools_vendor/lib:/opt/ros/jazzy/opt/gz_ogre_next_vendor/lib:/opt/ros/jazzy/opt/gz_dartsim_vendor/lib:/opt/ros/jazzy/opt/gz_cmake_vendor/lib:/opt/ros/jazzy/lib PYTHONPATH=/home/amin/cobot/cobot_ws/build/myarm_c650/prefix_override:/usr/lib/python3/dist-packages/colcon_core/task/python/colcon_distutils_commands:/home/amin/cobot/cobot_ws/install/myarm_c650/lib/python3.12/site-packages:/home/amin/cobot/cobot_ws/install/mycobot_communication/lib/python3.12/site-packages:/home/amin/cobot/cobot_ws/install/mycobot_interfaces/lib/python3.12/site-packages:/home/amin/cobot/cobot_ws/install/mycobot_description/lib/python3.12/site-packages:/home/amin/cobot/cobot_ws/install/ultraarm/lib/python3.12/site-packages:/home/amin/cobot/cobot_ws/install/pro450_moveit2_control/lib/python3.12/site-packages:/home/amin/cobot/cobot_ws/install/mypalletizer_communication/lib/python3.12/site-packages:/home/amin/cobot/cobot_ws/install/mypalletizer_interfaces/lib/python3.12/site-packages:/home/amin/cobot/cobot_ws/install/mypalletizer_260_pi/lib/python3.12/site-packages:/home/amin/cobot/cobot_ws/install/mypalletizer_260/lib/python3.12/site-packages:/home/amin/cobot/cobot_ws/install/mycobot_pro_450/lib/python3.12/site-packages:/home/amin/cobot/cobot_ws/install/mycobot_pro450_interfaces/lib/python3.12/site-packages:/home/amin/cobot/cobot_ws/install/myarm_m750/lib/python3.12/site-packages:/home/amin/cobot/cobot_ws/install/myarm_c650/lib/python3.12/site-packages:/home/amin/cobot/cobot_ws/install/mecharm_communication/lib/python3.12/site-packages:/home/amin/cobot/cobot_ws/install/mycobot_630/lib/python3.12/site-packages:/home/amin/cobot/cobot_ws/install/mycobot_600/lib/python3.12/site-packages:/home/amin/cobot/cobot_ws/install/mycobot_320pi/lib/python3.12/site-packages:/home/amin/cobot/cobot_ws/install/mycobot_320_riscv/lib/python3.12/site-packages:/home/amin/cobot/cobot_ws/install/mycobot_320/lib/python3.12/site-packages:/home/amin/cobot/cobot_ws/install/mycobot_280pi/lib/python3.12/site-packages:/home/amin/cobot/cobot_ws/install/mycobot_280jn/lib/python3.12/site-packages:/home/amin/cobot/cobot_ws/install/mycobot_280_x3pi/lib/python3.12/site-packages:/home/amin/cobot/cobot_ws/install/mycobot_280_riscv/lib/python3.12/site-packages:/home/amin/cobot/cobot_ws/install/mycobot_280_rdkx5/lib/python3.12/site-packages:/home/amin/cobot/cobot_ws/install/mycobot_280_moveit2_control/lib/python3.12/site-packages:/home/amin/cobot/cobot_ws/install/mycobot_280_arduino/lib/python3.12/site-packages:/home/amin/cobot/cobot_ws/install/mycobot_280/lib/python3.12/site-packages:/home/amin/cobot/cobot_ws/install/mybuddy/lib/python3.12/site-packages:/home/amin/cobot/cobot_ws/install/myarm_300/lib/python3.12/site-packages:/home/amin/cobot/cobot_ws/install/mecharm_pi/lib/python3.12/site-packages:/home/amin/cobot/cobot_ws/install/mecharm/lib/python3.12/site-packages:/home/amin/cobot/cobot_ws/install/mecharm_interfaces/lib/python3.12/site-packages:/opt/ros/jazzy/lib/python3.12/site-packages /usr/bin/python3 -W ignore:setup.py install is deprecated -W ignore:easy_install command is deprecated setup.py egg_info --egg-base ../../../../build/myarm_c650 build --build-base /home/amin/cobot/cobot_ws/build/myarm_c650/build install --record /home/amin/cobot/cobot_ws/build/myarm_c650/install.log --single-version-externally-managed install_data
[9.676s] Level 1:colcon.colcon_core.environment:checking '/home/amin/cobot/cobot_ws/install/myarm_c650' for CMake config files
[9.677s] Level 1:colcon.colcon_core.environment:checking '/home/amin/cobot/cobot_ws/install/myarm_c650/lib'
[9.677s] Level 1:colcon.colcon_core.environment:checking '/home/amin/cobot/cobot_ws/install/myarm_c650/bin'
[9.677s] Level 1:colcon.colcon_core.environment:checking '/home/amin/cobot/cobot_ws/install/myarm_c650/lib/pkgconfig/myarm_c650.pc'
[9.677s] Level 1:colcon.colcon_core.environment:checking '/home/amin/cobot/cobot_ws/install/myarm_c650/lib/python3.12/site-packages'
[9.677s] Level 1:colcon.colcon_core.shell:create_environment_hook('myarm_c650', 'pythonpath')
[9.677s] INFO:colcon.colcon_core.shell:Creating environment hook '/home/amin/cobot/cobot_ws/install/myarm_c650/share/myarm_c650/hook/pythonpath.ps1'
[9.678s] INFO:colcon.colcon_core.shell:Creating environment descriptor '/home/amin/cobot/cobot_ws/install/myarm_c650/share/myarm_c650/hook/pythonpath.dsv'
[9.678s] INFO:colcon.colcon_core.shell:Creating environment hook '/home/amin/cobot/cobot_ws/install/myarm_c650/share/myarm_c650/hook/pythonpath.sh'
[9.678s] Level 1:colcon.colcon_core.environment:checking '/home/amin/cobot/cobot_ws/install/myarm_c650/bin'
[9.678s] Level 1:colcon.colcon_core.environment:create_environment_scripts_only(myarm_c650)
[9.678s] INFO:colcon.colcon_core.shell:Creating package script '/home/amin/cobot/cobot_ws/install/myarm_c650/share/myarm_c650/package.ps1'
[9.679s] INFO:colcon.colcon_core.shell:Creating package descriptor '/home/amin/cobot/cobot_ws/install/myarm_c650/share/myarm_c650/package.dsv'
[9.679s] INFO:colcon.colcon_core.shell:Creating package script '/home/amin/cobot/cobot_ws/install/myarm_c650/share/myarm_c650/package.sh'
[9.679s] INFO:colcon.colcon_core.shell:Creating package script '/home/amin/cobot/cobot_ws/install/myarm_c650/share/myarm_c650/package.bash'
[9.679s] INFO:colcon.colcon_core.shell:Creating package script '/home/amin/cobot/cobot_ws/install/myarm_c650/share/myarm_c650/package.zsh'
[9.680s] Level 1:colcon.colcon_core.environment:create_file_with_runtime_dependencies(/home/amin/cobot/cobot_ws/install/myarm_c650/share/colcon-core/packages/myarm_c650)
[9.734s] Level 1:colcon.colcon_core.environment:checking '/home/amin/cobot/cobot_ws/install/pro450_moveit2_control' for CMake module files
[9.735s] Level 1:colcon.colcon_core.environment:checking '/home/amin/cobot/cobot_ws/install/pro450_moveit2_control' for CMake config files
[9.735s] DEBUG:colcon.colcon_core.event_handler.log_command:Invoked command in '/home/amin/cobot/cobot_ws/src/mycobot_ros2/mycobot_pro/pro450_moveit2_control' returned '0': AMENT_PREFIX_PATH=/home/amin/cobot/cobot_ws/install/mycobot_description:/home/amin/cobot/cobot_ws/install/ultraarm:/home/amin/cobot/cobot_ws/install/pro450_moveit2_control:/home/amin/cobot/cobot_ws/install/pro450_moveit2:/home/amin/cobot/cobot_ws/install/mypalletizer_communication:/home/amin/cobot/cobot_ws/install/mypalletizer_interfaces:/home/amin/cobot/cobot_ws/install/mypalletizer_260_pi:/home/amin/cobot/cobot_ws/install/mypalletizer_260:/home/amin/cobot/cobot_ws/install/mycobot_pro_450:/home/amin/cobot/cobot_ws/install/mycobot_pro450_interfaces:/home/amin/cobot/cobot_ws/install/myarm_m750:/home/amin/cobot/cobot_ws/install/myarm_c650:/home/amin/cobot/cobot_ws/install/mycobot_communication:/home/amin/cobot/cobot_ws/install/mecharm_communication:/home/amin/cobot/cobot_ws/install/mycobot_interfaces:/home/amin/cobot/cobot_ws/install/mycobot_630:/home/amin/cobot/cobot_ws/install/mycobot_600:/home/amin/cobot/cobot_ws/install/mycobot_320pi:/home/amin/cobot/cobot_ws/install/mycobot_320_riscv:/home/amin/cobot/cobot_ws/install/mycobot_320:/home/amin/cobot/cobot_ws/install/mycobot_280rdkx5_moveit2:/home/amin/cobot/cobot_ws/install/mycobot_280pi:/home/amin/cobot/cobot_ws/install/mycobot_280jn:/home/amin/cobot/cobot_ws/install/mycobot_280arduino_moveit2:/home/amin/cobot/cobot_ws/install/mycobot_280_x3pi:/home/amin/cobot/cobot_ws/install/mycobot_280_riscv:/home/amin/cobot/cobot_ws/install/mycobot_280_rdkx5:/home/amin/cobot/cobot_ws/install/mycobot_280_moveit2_control:/home/amin/cobot/cobot_ws/install/mycobot_280_moveit2:/home/amin/cobot/cobot_ws/install/mycobot_280_gazebo_jazzy:/home/amin/cobot/cobot_ws/install/mycobot_280_gazebo:/home/amin/cobot/cobot_ws/install/mycobot_280_arduino:/home/amin/cobot/cobot_ws/install/mycobot_280:/home/amin/cobot/cobot_ws/install/mybuddy:/home/amin/cobot/cobot_ws/install/myarm_300:/home/amin/cobot/cobot_ws/install/mecharm_pi:/home/amin/cobot/cobot_ws/install/mecharm:/home/amin/cobot/cobot_ws/install/mecharm_interfaces:/opt/ros/jazzy DEBUGINFOD_URLS=https://debuginfod.ubuntu.com PYTHONPATH=/home/amin/cobot/cobot_ws/build/pro450_moveit2_control/prefix_override:/usr/lib/python3/dist-packages/colcon_core/task/python/colcon_distutils_commands:/home/amin/cobot/cobot_ws/install/pro450_moveit2_control/lib/python3.12/site-packages:/home/amin/cobot/cobot_ws/install/mycobot_description/lib/python3.12/site-packages:/home/amin/cobot/cobot_ws/install/ultraarm/lib/python3.12/site-packages:/home/amin/cobot/cobot_ws/install/pro450_moveit2_control/lib/python3.12/site-packages:/home/amin/cobot/cobot_ws/install/mypalletizer_communication/lib/python3.12/site-packages:/home/amin/cobot/cobot_ws/install/mypalletizer_interfaces/lib/python3.12/site-packages:/home/amin/cobot/cobot_ws/install/mypalletizer_260_pi/lib/python3.12/site-packages:/home/amin/cobot/cobot_ws/install/mypalletizer_260/lib/python3.12/site-packages:/home/amin/cobot/cobot_ws/install/mycobot_pro_450/lib/python3.12/site-packages:/home/amin/cobot/cobot_ws/install/mycobot_pro450_interfaces/lib/python3.12/site-packages:/home/amin/cobot/cobot_ws/install/myarm_m750/lib/python3.12/site-packages:/home/amin/cobot/cobot_ws/install/myarm_c650/lib/python3.12/site-packages:/home/amin/cobot/cobot_ws/install/mycobot_communication/lib/python3.12/site-packages:/home/amin/cobot/cobot_ws/install/mecharm_communication/lib/python3.12/site-packages:/home/amin/cobot/cobot_ws/install/mycobot_interfaces/lib/python3.12/site-packages:/home/amin/cobot/cobot_ws/install/mycobot_630/lib/python3.12/site-packages:/home/amin/cobot/cobot_ws/install/mycobot_600/lib/python3.12/site-packages:/home/amin/cobot/cobot_ws/install/mycobot_320pi/lib/python3.12/site-packages:/home/amin/cobot/cobot_ws/install/mycobot_320_riscv/lib/python3.12/site-packages:/home/amin/cobot/cobot_ws/install/mycobot_320/lib/python3.12/site-packages:/home/amin/cobot/cobot_ws/install/mycobot_280pi/lib/python3.12/site-packages:/home/amin/cobot/cobot_ws/install/mycobot_280jn/lib/python3.12/site-packages:/home/amin/cobot/cobot_ws/install/mycobot_280_x3pi/lib/python3.12/site-packages:/home/amin/cobot/cobot_ws/install/mycobot_280_riscv/lib/python3.12/site-packages:/home/amin/cobot/cobot_ws/install/mycobot_280_rdkx5/lib/python3.12/site-packages:/home/amin/cobot/cobot_ws/install/mycobot_280_moveit2_control/lib/python3.12/site-packages:/home/amin/cobot/cobot_ws/install/mycobot_280_arduino/lib/python3.12/site-packages:/home/amin/cobot/cobot_ws/install/mycobot_280/lib/python3.12/site-packages:/home/amin/cobot/cobot_ws/install/mybuddy/lib/python3.12/site-packages:/home/amin/cobot/cobot_ws/install/myarm_300/lib/python3.12/site-packages:/home/amin/cobot/cobot_ws/install/mecharm_pi/lib/python3.12/site-packages:/home/amin/cobot/cobot_ws/install/mecharm/lib/python3.12/site-packages:/home/amin/cobot/cobot_ws/install/mecharm_interfaces/lib/python3.12/site-packages:/opt/ros/jazzy/lib/python3.12/site-packages /usr/bin/python3 -W ignore:setup.py install is deprecated -W ignore:easy_install command is deprecated setup.py egg_info --egg-base ../../../../build/pro450_moveit2_control build --build-base /home/amin/cobot/cobot_ws/build/pro450_moveit2_control/build install --record /home/amin/cobot/cobot_ws/build/pro450_moveit2_control/install.log --single-version-externally-managed install_data
[9.736s] Level 1:colcon.colcon_core.environment:checking '/home/amin/cobot/cobot_ws/install/pro450_moveit2_control/lib'
[9.736s] Level 1:colcon.colcon_core.environment:checking '/home/amin/cobot/cobot_ws/install/pro450_moveit2_control/bin'
[9.736s] Level 1:colcon.colcon_core.environment:checking '/home/amin/cobot/cobot_ws/install/pro450_moveit2_control/lib/pkgconfig/pro450_moveit2_control.pc'
[9.736s] Level 1:colcon.colcon_core.environment:checking '/home/amin/cobot/cobot_ws/install/pro450_moveit2_control/lib/python3.12/site-packages'
[9.736s] Level 1:colcon.colcon_core.shell:create_environment_hook('pro450_moveit2_control', 'pythonpath')
[9.736s] INFO:colcon.colcon_core.shell:Creating environment hook '/home/amin/cobot/cobot_ws/install/pro450_moveit2_control/share/pro450_moveit2_control/hook/pythonpath.ps1'
[9.737s] INFO:colcon.colcon_core.shell:Creating environment descriptor '/home/amin/cobot/cobot_ws/install/pro450_moveit2_control/share/pro450_moveit2_control/hook/pythonpath.dsv'
[9.737s] INFO:colcon.colcon_core.shell:Creating environment hook '/home/amin/cobot/cobot_ws/install/pro450_moveit2_control/share/pro450_moveit2_control/hook/pythonpath.sh'
[9.738s] Level 1:colcon.colcon_core.environment:checking '/home/amin/cobot/cobot_ws/install/pro450_moveit2_control/bin'
[9.738s] Level 1:colcon.colcon_core.environment:create_environment_scripts_only(pro450_moveit2_control)
[9.738s] INFO:colcon.colcon_core.shell:Creating package script '/home/amin/cobot/cobot_ws/install/pro450_moveit2_control/share/pro450_moveit2_control/package.ps1'
[9.739s] INFO:colcon.colcon_core.shell:Creating package descriptor '/home/amin/cobot/cobot_ws/install/pro450_moveit2_control/share/pro450_moveit2_control/package.dsv'
[9.739s] INFO:colcon.colcon_core.shell:Creating package script '/home/amin/cobot/cobot_ws/install/pro450_moveit2_control/share/pro450_moveit2_control/package.sh'
[9.739s] INFO:colcon.colcon_core.shell:Creating package script '/home/amin/cobot/cobot_ws/install/pro450_moveit2_control/share/pro450_moveit2_control/package.bash'
[9.740s] INFO:colcon.colcon_core.shell:Creating package script '/home/amin/cobot/cobot_ws/install/pro450_moveit2_control/share/pro450_moveit2_control/package.zsh'
[9.740s] Level 1:colcon.colcon_core.environment:create_file_with_runtime_dependencies(/home/amin/cobot/cobot_ws/install/pro450_moveit2_control/share/colcon-core/packages/pro450_moveit2_control)
[9.808s] DEBUG:colcon.colcon_core.event_handler.log_command:Invoking command in '/home/amin/cobot/cobot_ws/src/mycobot_ros2/myArm/myarm_m750': AMENT_PREFIX_PATH=/home/amin/cobot/cobot_ws/install/mycobot_communication:/home/amin/cobot/cobot_ws/install/mycobot_description:/home/amin/cobot/cobot_ws/install/ultraarm:/home/amin/cobot/cobot_ws/install/pro450_moveit2_control:/home/amin/cobot/cobot_ws/install/pro450_moveit2:/home/amin/cobot/cobot_ws/install/mypalletizer_communication:/home/amin/cobot/cobot_ws/install/mypalletizer_interfaces:/home/amin/cobot/cobot_ws/install/mypalletizer_260_pi:/home/amin/cobot/cobot_ws/install/mypalletizer_260:/home/amin/cobot/cobot_ws/install/mycobot_pro_450:/home/amin/cobot/cobot_ws/install/mycobot_pro450_interfaces:/home/amin/cobot/cobot_ws/install/myarm_m750:/home/amin/cobot/cobot_ws/install/myarm_c650:/home/amin/cobot/cobot_ws/install/mecharm_communication:/home/amin/cobot/cobot_ws/install/mycobot_interfaces:/home/amin/cobot/cobot_ws/install/mycobot_630:/home/amin/cobot/cobot_ws/install/mycobot_600:/home/amin/cobot/cobot_ws/install/mycobot_320pi:/home/amin/cobot/cobot_ws/install/mycobot_320_riscv:/home/amin/cobot/cobot_ws/install/mycobot_320:/home/amin/cobot/cobot_ws/install/mycobot_280rdkx5_moveit2:/home/amin/cobot/cobot_ws/install/mycobot_280pi:/home/amin/cobot/cobot_ws/install/mycobot_280jn:/home/amin/cobot/cobot_ws/install/mycobot_280arduino_moveit2:/home/amin/cobot/cobot_ws/install/mycobot_280_x3pi:/home/amin/cobot/cobot_ws/install/mycobot_280_riscv:/home/amin/cobot/cobot_ws/install/mycobot_280_rdkx5:/home/amin/cobot/cobot_ws/install/mycobot_280_moveit2_control:/home/amin/cobot/cobot_ws/install/mycobot_280_moveit2:/home/amin/cobot/cobot_ws/install/mycobot_280_gazebo_jazzy:/home/amin/cobot/cobot_ws/install/mycobot_280_gazebo:/home/amin/cobot/cobot_ws/install/mycobot_280_arduino:/home/amin/cobot/cobot_ws/install/mycobot_280:/home/amin/cobot/cobot_ws/install/mybuddy:/home/amin/cobot/cobot_ws/install/myarm_300:/home/amin/cobot/cobot_ws/install/mecharm_pi:/home/amin/cobot/cobot_ws/install/mecharm:/home/amin/cobot/cobot_ws/install/mecharm_interfaces:/opt/ros/jazzy CMAKE_PREFIX_PATH=/home/amin/cobot/cobot_ws/install/mycobot_interfaces:/home/amin/cobot/cobot_ws/install/pro450_moveit2:/home/amin/cobot/cobot_ws/install/mypalletizer_interfaces:/home/amin/cobot/cobot_ws/install/mycobot_pro450_interfaces:/home/amin/cobot/cobot_ws/install/mycobot_280rdkx5_moveit2:/home/amin/cobot/cobot_ws/install/mycobot_280arduino_moveit2:/home/amin/cobot/cobot_ws/install/mycobot_280_moveit2:/home/amin/cobot/cobot_ws/install/mycobot_280_gazebo_jazzy:/home/amin/cobot/cobot_ws/install/mycobot_280_gazebo:/home/amin/cobot/cobot_ws/install/mecharm_interfaces:/opt/ros/jazzy/opt/gz_sim_vendor:/opt/ros/jazzy/opt/gz_sensors_vendor:/opt/ros/jazzy/opt/gz_physics_vendor:/opt/ros/jazzy/opt/sdformat_vendor:/opt/ros/jazzy/opt/gz_gui_vendor:/opt/ros/jazzy/opt/gz_transport_vendor:/opt/ros/jazzy/opt/gz_rendering_vendor:/opt/ros/jazzy/opt/gz_plugin_vendor:/opt/ros/jazzy/opt/gz_fuel_tools_vendor:/opt/ros/jazzy/opt/gz_msgs_vendor:/opt/ros/jazzy/opt/gz_common_vendor:/opt/ros/jazzy/opt/gz_math_vendor:/opt/ros/jazzy/opt/gz_utils_vendor:/opt/ros/jazzy/opt/gz_tools_vendor:/opt/ros/jazzy/opt/gz_ogre_next_vendor:/opt/ros/jazzy/opt/gz_dartsim_vendor:/opt/ros/jazzy/opt/gz_cmake_vendor DEBUGINFOD_URLS=https://debuginfod.ubuntu.com LD_LIBRARY_PATH=/home/amin/cobot/cobot_ws/install/mycobot_interfaces/lib:/home/amin/cobot/cobot_ws/install/mypalletizer_interfaces/lib:/home/amin/cobot/cobot_ws/install/mycobot_pro450_interfaces/lib:/home/amin/cobot/cobot_ws/install/mecharm_interfaces/lib:/opt/ros/jazzy/opt/gz_sim_vendor/lib:/opt/ros/jazzy/opt/gz_sensors_vendor/lib:/opt/ros/jazzy/opt/gz_physics_vendor/lib:/opt/ros/jazzy/opt/sdformat_vendor/lib:/opt/ros/jazzy/opt/rviz_ogre_vendor/lib:/opt/ros/jazzy/lib/x86_64-linux-gnu:/opt/ros/jazzy/opt/gz_gui_vendor/lib:/opt/ros/jazzy/opt/gz_transport_vendor/lib:/opt/ros/jazzy/opt/gz_rendering_vendor/lib:/opt/ros/jazzy/opt/gz_plugin_vendor/lib:/opt/ros/jazzy/opt/gz_fuel_tools_vendor/lib:/opt/ros/jazzy/opt/gz_msgs_vendor/lib:/opt/ros/jazzy/opt/gz_common_vendor/lib:/opt/ros/jazzy/opt/gz_math_vendor/lib:/opt/ros/jazzy/opt/gz_utils_vendor/lib:/opt/ros/jazzy/opt/gz_tools_vendor/lib:/opt/ros/jazzy/opt/gz_ogre_next_vendor/lib:/opt/ros/jazzy/opt/gz_dartsim_vendor/lib:/opt/ros/jazzy/opt/gz_cmake_vendor/lib:/opt/ros/jazzy/lib PYTHONPATH=/home/amin/cobot/cobot_ws/build/myarm_m750/prefix_override:/usr/lib/python3/dist-packages/colcon_core/task/python/colcon_distutils_commands:/home/amin/cobot/cobot_ws/install/myarm_m750/lib/python3.12/site-packages:/home/amin/cobot/cobot_ws/install/mycobot_communication/lib/python3.12/site-packages:/home/amin/cobot/cobot_ws/install/mycobot_interfaces/lib/python3.12/site-packages:/home/amin/cobot/cobot_ws/install/mycobot_description/lib/python3.12/site-packages:/home/amin/cobot/cobot_ws/install/ultraarm/lib/python3.12/site-packages:/home/amin/cobot/cobot_ws/install/pro450_moveit2_control/lib/python3.12/site-packages:/home/amin/cobot/cobot_ws/install/mypalletizer_communication/lib/python3.12/site-packages:/home/amin/cobot/cobot_ws/install/mypalletizer_interfaces/lib/python3.12/site-packages:/home/amin/cobot/cobot_ws/install/mypalletizer_260_pi/lib/python3.12/site-packages:/home/amin/cobot/cobot_ws/install/mypalletizer_260/lib/python3.12/site-packages:/home/amin/cobot/cobot_ws/install/mycobot_pro_450/lib/python3.12/site-packages:/home/amin/cobot/cobot_ws/install/mycobot_pro450_interfaces/lib/python3.12/site-packages:/home/amin/cobot/cobot_ws/install/myarm_m750/lib/python3.12/site-packages:/home/amin/cobot/cobot_ws/install/myarm_c650/lib/python3.12/site-packages:/home/amin/cobot/cobot_ws/install/mecharm_communication/lib/python3.12/site-packages:/home/amin/cobot/cobot_ws/install/mycobot_630/lib/python3.12/site-packages:/home/amin/cobot/cobot_ws/install/mycobot_600/lib/python3.12/site-packages:/home/amin/cobot/cobot_ws/install/mycobot_320pi/lib/python3.12/site-packages:/home/amin/cobot/cobot_ws/install/mycobot_320_riscv/lib/python3.12/site-packages:/home/amin/cobot/cobot_ws/install/mycobot_320/lib/python3.12/site-packages:/home/amin/cobot/cobot_ws/install/mycobot_280pi/lib/python3.12/site-packages:/home/amin/cobot/cobot_ws/install/mycobot_280jn/lib/python3.12/site-packages:/home/amin/cobot/cobot_ws/install/mycobot_280_x3pi/lib/python3.12/site-packages:/home/amin/cobot/cobot_ws/install/mycobot_280_riscv/lib/python3.12/site-packages:/home/amin/cobot/cobot_ws/install/mycobot_280_rdkx5/lib/python3.12/site-packages:/home/amin/cobot/cobot_ws/install/mycobot_280_moveit2_control/lib/python3.12/site-packages:/home/amin/cobot/cobot_ws/install/mycobot_280_arduino/lib/python3.12/site-packages:/home/amin/cobot/cobot_ws/install/mycobot_280/lib/python3.12/site-packages:/home/amin/cobot/cobot_ws/install/mybuddy/lib/python3.12/site-packages:/home/amin/cobot/cobot_ws/install/myarm_300/lib/python3.12/site-packages:/home/amin/cobot/cobot_ws/install/mecharm_pi/lib/python3.12/site-packages:/home/amin/cobot/cobot_ws/install/mecharm/lib/python3.12/site-packages:/home/amin/cobot/cobot_ws/install/mecharm_interfaces/lib/python3.12/site-packages:/opt/ros/jazzy/lib/python3.12/site-packages /usr/bin/python3 -W ignore:setup.py install is deprecated -W ignore:easy_install command is deprecated setup.py egg_info --egg-base ../../../../build/myarm_m750 build --build-base /home/amin/cobot/cobot_ws/build/myarm_m750/build install --record /home/amin/cobot/cobot_ws/build/myarm_m750/install.log --single-version-externally-managed install_data
[9.994s] Level 1:colcon.colcon_core.environment:checking '/home/amin/cobot/cobot_ws/install/ultraarm' for CMake module files
[9.994s] DEBUG:colcon.colcon_core.event_handler.log_command:Invoked command in '/home/amin/cobot/cobot_ws/src/mycobot_ros2/ultraArm/ultraarm' returned '0': AMENT_PREFIX_PATH=/home/amin/cobot/cobot_ws/install/mycobot_description:/home/amin/cobot/cobot_ws/install/ultraarm:/home/amin/cobot/cobot_ws/install/pro450_moveit2_control:/home/amin/cobot/cobot_ws/install/pro450_moveit2:/home/amin/cobot/cobot_ws/install/mypalletizer_communication:/home/amin/cobot/cobot_ws/install/mypalletizer_interfaces:/home/amin/cobot/cobot_ws/install/mypalletizer_260_pi:/home/amin/cobot/cobot_ws/install/mypalletizer_260:/home/amin/cobot/cobot_ws/install/mycobot_pro_450:/home/amin/cobot/cobot_ws/install/mycobot_pro450_interfaces:/home/amin/cobot/cobot_ws/install/myarm_m750:/home/amin/cobot/cobot_ws/install/myarm_c650:/home/amin/cobot/cobot_ws/install/mycobot_communication:/home/amin/cobot/cobot_ws/install/mecharm_communication:/home/amin/cobot/cobot_ws/install/mycobot_interfaces:/home/amin/cobot/cobot_ws/install/mycobot_630:/home/amin/cobot/cobot_ws/install/mycobot_600:/home/amin/cobot/cobot_ws/install/mycobot_320pi:/home/amin/cobot/cobot_ws/install/mycobot_320_riscv:/home/amin/cobot/cobot_ws/install/mycobot_320:/home/amin/cobot/cobot_ws/install/mycobot_280rdkx5_moveit2:/home/amin/cobot/cobot_ws/install/mycobot_280pi:/home/amin/cobot/cobot_ws/install/mycobot_280jn:/home/amin/cobot/cobot_ws/install/mycobot_280arduino_moveit2:/home/amin/cobot/cobot_ws/install/mycobot_280_x3pi:/home/amin/cobot/cobot_ws/install/mycobot_280_riscv:/home/amin/cobot/cobot_ws/install/mycobot_280_rdkx5:/home/amin/cobot/cobot_ws/install/mycobot_280_moveit2_control:/home/amin/cobot/cobot_ws/install/mycobot_280_moveit2:/home/amin/cobot/cobot_ws/install/mycobot_280_gazebo_jazzy:/home/amin/cobot/cobot_ws/install/mycobot_280_gazebo:/home/amin/cobot/cobot_ws/install/mycobot_280_arduino:/home/amin/cobot/cobot_ws/install/mycobot_280:/home/amin/cobot/cobot_ws/install/mybuddy:/home/amin/cobot/cobot_ws/install/myarm_300:/home/amin/cobot/cobot_ws/install/mecharm_pi:/home/amin/cobot/cobot_ws/install/mecharm:/home/amin/cobot/cobot_ws/install/mecharm_interfaces:/opt/ros/jazzy DEBUGINFOD_URLS=https://debuginfod.ubuntu.com PYTHONPATH=/home/amin/cobot/cobot_ws/build/ultraarm/prefix_override:/usr/lib/python3/dist-packages/colcon_core/task/python/colcon_distutils_commands:/home/amin/cobot/cobot_ws/install/ultraarm/lib/python3.12/site-packages:/home/amin/cobot/cobot_ws/install/mycobot_description/lib/python3.12/site-packages:/home/amin/cobot/cobot_ws/install/ultraarm/lib/python3.12/site-packages:/home/amin/cobot/cobot_ws/install/pro450_moveit2_control/lib/python3.12/site-packages:/home/amin/cobot/cobot_ws/install/mypalletizer_communication/lib/python3.12/site-packages:/home/amin/cobot/cobot_ws/install/mypalletizer_interfaces/lib/python3.12/site-packages:/home/amin/cobot/cobot_ws/install/mypalletizer_260_pi/lib/python3.12/site-packages:/home/amin/cobot/cobot_ws/install/mypalletizer_260/lib/python3.12/site-packages:/home/amin/cobot/cobot_ws/install/mycobot_pro_450/lib/python3.12/site-packages:/home/amin/cobot/cobot_ws/install/mycobot_pro450_interfaces/lib/python3.12/site-packages:/home/amin/cobot/cobot_ws/install/myarm_m750/lib/python3.12/site-packages:/home/amin/cobot/cobot_ws/install/myarm_c650/lib/python3.12/site-packages:/home/amin/cobot/cobot_ws/install/mycobot_communication/lib/python3.12/site-packages:/home/amin/cobot/cobot_ws/install/mecharm_communication/lib/python3.12/site-packages:/home/amin/cobot/cobot_ws/install/mycobot_interfaces/lib/python3.12/site-packages:/home/amin/cobot/cobot_ws/install/mycobot_630/lib/python3.12/site-packages:/home/amin/cobot/cobot_ws/install/mycobot_600/lib/python3.12/site-packages:/home/amin/cobot/cobot_ws/install/mycobot_320pi/lib/python3.12/site-packages:/home/amin/cobot/cobot_ws/install/mycobot_320_riscv/lib/python3.12/site-packages:/home/amin/cobot/cobot_ws/install/mycobot_320/lib/python3.12/site-packages:/home/amin/cobot/cobot_ws/install/mycobot_280pi/lib/python3.12/site-packages:/home/amin/cobot/cobot_ws/install/mycobot_280jn/lib/python3.12/site-packages:/home/amin/cobot/cobot_ws/install/mycobot_280_x3pi/lib/python3.12/site-packages:/home/amin/cobot/cobot_ws/install/mycobot_280_riscv/lib/python3.12/site-packages:/home/amin/cobot/cobot_ws/install/mycobot_280_rdkx5/lib/python3.12/site-packages:/home/amin/cobot/cobot_ws/install/mycobot_280_moveit2_control/lib/python3.12/site-packages:/home/amin/cobot/cobot_ws/install/mycobot_280_arduino/lib/python3.12/site-packages:/home/amin/cobot/cobot_ws/install/mycobot_280/lib/python3.12/site-packages:/home/amin/cobot/cobot_ws/install/mybuddy/lib/python3.12/site-packages:/home/amin/cobot/cobot_ws/install/myarm_300/lib/python3.12/site-packages:/home/amin/cobot/cobot_ws/install/mecharm_pi/lib/python3.12/site-packages:/home/amin/cobot/cobot_ws/install/mecharm/lib/python3.12/site-packages:/home/amin/cobot/cobot_ws/install/mecharm_interfaces/lib/python3.12/site-packages:/opt/ros/jazzy/lib/python3.12/site-packages /usr/bin/python3 -W ignore:setup.py install is deprecated -W ignore:easy_install command is deprecated setup.py egg_info --egg-base ../../../../build/ultraarm build --build-base /home/amin/cobot/cobot_ws/build/ultraarm/build install --record /home/amin/cobot/cobot_ws/build/ultraarm/install.log --single-version-externally-managed install_data
[9.995s] Level 1:colcon.colcon_core.environment:checking '/home/amin/cobot/cobot_ws/install/ultraarm' for CMake config files
[9.995s] Level 1:colcon.colcon_core.environment:checking '/home/amin/cobot/cobot_ws/install/ultraarm/lib'
[9.995s] Level 1:colcon.colcon_core.environment:checking '/home/amin/cobot/cobot_ws/install/ultraarm/bin'
[9.995s] Level 1:colcon.colcon_core.environment:checking '/home/amin/cobot/cobot_ws/install/ultraarm/lib/pkgconfig/ultraarm.pc'
[9.996s] Level 1:colcon.colcon_core.environment:checking '/home/amin/cobot/cobot_ws/install/ultraarm/lib/python3.12/site-packages'
[9.996s] Level 1:colcon.colcon_core.shell:create_environment_hook('ultraarm', 'pythonpath')
[9.996s] INFO:colcon.colcon_core.shell:Creating environment hook '/home/amin/cobot/cobot_ws/install/ultraarm/share/ultraarm/hook/pythonpath.ps1'
[9.996s] INFO:colcon.colcon_core.shell:Creating environment descriptor '/home/amin/cobot/cobot_ws/install/ultraarm/share/ultraarm/hook/pythonpath.dsv'
[9.997s] INFO:colcon.colcon_core.shell:Creating environment hook '/home/amin/cobot/cobot_ws/install/ultraarm/share/ultraarm/hook/pythonpath.sh'
[9.998s] Level 1:colcon.colcon_core.environment:checking '/home/amin/cobot/cobot_ws/install/ultraarm/bin'
[9.998s] Level 1:colcon.colcon_core.environment:create_environment_scripts_only(ultraarm)
[9.998s] INFO:colcon.colcon_core.shell:Creating package script '/home/amin/cobot/cobot_ws/install/ultraarm/share/ultraarm/package.ps1'
[9.999s] INFO:colcon.colcon_core.shell:Creating package descriptor '/home/amin/cobot/cobot_ws/install/ultraarm/share/ultraarm/package.dsv'
[9.999s] INFO:colcon.colcon_core.shell:Creating package script '/home/amin/cobot/cobot_ws/install/ultraarm/share/ultraarm/package.sh'
[9.999s] INFO:colcon.colcon_core.shell:Creating package script '/home/amin/cobot/cobot_ws/install/ultraarm/share/ultraarm/package.bash'
[10.000s] INFO:colcon.colcon_core.shell:Creating package script '/home/amin/cobot/cobot_ws/install/ultraarm/share/ultraarm/package.zsh'
[10.000s] Level 1:colcon.colcon_core.environment:create_file_with_runtime_dependencies(/home/amin/cobot/cobot_ws/install/ultraarm/share/colcon-core/packages/ultraarm)
[10.126s] Level 1:colcon.colcon_core.environment:checking '/home/amin/cobot/cobot_ws/install/mycobot_280_rdkx5' for CMake module files
[10.126s] DEBUG:colcon.colcon_core.event_handler.log_command:Invoked command in '/home/amin/cobot/cobot_ws/src/mycobot_ros2/mycobot_280/mycobot_280_rdkx5' returned '0': AMENT_PREFIX_PATH=/home/amin/cobot/cobot_ws/install/mycobot_communication:/home/amin/cobot/cobot_ws/install/mycobot_description:/home/amin/cobot/cobot_ws/install/ultraarm:/home/amin/cobot/cobot_ws/install/pro450_moveit2_control:/home/amin/cobot/cobot_ws/install/pro450_moveit2:/home/amin/cobot/cobot_ws/install/mypalletizer_communication:/home/amin/cobot/cobot_ws/install/mypalletizer_interfaces:/home/amin/cobot/cobot_ws/install/mypalletizer_260_pi:/home/amin/cobot/cobot_ws/install/mypalletizer_260:/home/amin/cobot/cobot_ws/install/mycobot_pro_450:/home/amin/cobot/cobot_ws/install/mycobot_pro450_interfaces:/home/amin/cobot/cobot_ws/install/myarm_m750:/home/amin/cobot/cobot_ws/install/myarm_c650:/home/amin/cobot/cobot_ws/install/mecharm_communication:/home/amin/cobot/cobot_ws/install/mycobot_interfaces:/home/amin/cobot/cobot_ws/install/mycobot_630:/home/amin/cobot/cobot_ws/install/mycobot_600:/home/amin/cobot/cobot_ws/install/mycobot_320pi:/home/amin/cobot/cobot_ws/install/mycobot_320_riscv:/home/amin/cobot/cobot_ws/install/mycobot_320:/home/amin/cobot/cobot_ws/install/mycobot_280rdkx5_moveit2:/home/amin/cobot/cobot_ws/install/mycobot_280pi:/home/amin/cobot/cobot_ws/install/mycobot_280jn:/home/amin/cobot/cobot_ws/install/mycobot_280arduino_moveit2:/home/amin/cobot/cobot_ws/install/mycobot_280_x3pi:/home/amin/cobot/cobot_ws/install/mycobot_280_riscv:/home/amin/cobot/cobot_ws/install/mycobot_280_rdkx5:/home/amin/cobot/cobot_ws/install/mycobot_280_moveit2_control:/home/amin/cobot/cobot_ws/install/mycobot_280_moveit2:/home/amin/cobot/cobot_ws/install/mycobot_280_gazebo_jazzy:/home/amin/cobot/cobot_ws/install/mycobot_280_gazebo:/home/amin/cobot/cobot_ws/install/mycobot_280_arduino:/home/amin/cobot/cobot_ws/install/mycobot_280:/home/amin/cobot/cobot_ws/install/mybuddy:/home/amin/cobot/cobot_ws/install/myarm_300:/home/amin/cobot/cobot_ws/install/mecharm_pi:/home/amin/cobot/cobot_ws/install/mecharm:/home/amin/cobot/cobot_ws/install/mecharm_interfaces:/opt/ros/jazzy CMAKE_PREFIX_PATH=/home/amin/cobot/cobot_ws/install/mycobot_interfaces:/home/amin/cobot/cobot_ws/install/pro450_moveit2:/home/amin/cobot/cobot_ws/install/mypalletizer_interfaces:/home/amin/cobot/cobot_ws/install/mycobot_pro450_interfaces:/home/amin/cobot/cobot_ws/install/mycobot_280rdkx5_moveit2:/home/amin/cobot/cobot_ws/install/mycobot_280arduino_moveit2:/home/amin/cobot/cobot_ws/install/mycobot_280_moveit2:/home/amin/cobot/cobot_ws/install/mycobot_280_gazebo_jazzy:/home/amin/cobot/cobot_ws/install/mycobot_280_gazebo:/home/amin/cobot/cobot_ws/install/mecharm_interfaces:/opt/ros/jazzy/opt/gz_sim_vendor:/opt/ros/jazzy/opt/gz_sensors_vendor:/opt/ros/jazzy/opt/gz_physics_vendor:/opt/ros/jazzy/opt/sdformat_vendor:/opt/ros/jazzy/opt/gz_gui_vendor:/opt/ros/jazzy/opt/gz_transport_vendor:/opt/ros/jazzy/opt/gz_rendering_vendor:/opt/ros/jazzy/opt/gz_plugin_vendor:/opt/ros/jazzy/opt/gz_fuel_tools_vendor:/opt/ros/jazzy/opt/gz_msgs_vendor:/opt/ros/jazzy/opt/gz_common_vendor:/opt/ros/jazzy/opt/gz_math_vendor:/opt/ros/jazzy/opt/gz_utils_vendor:/opt/ros/jazzy/opt/gz_tools_vendor:/opt/ros/jazzy/opt/gz_ogre_next_vendor:/opt/ros/jazzy/opt/gz_dartsim_vendor:/opt/ros/jazzy/opt/gz_cmake_vendor DEBUGINFOD_URLS=https://debuginfod.ubuntu.com LD_LIBRARY_PATH=/home/amin/cobot/cobot_ws/install/mycobot_interfaces/lib:/home/amin/cobot/cobot_ws/install/mypalletizer_interfaces/lib:/home/amin/cobot/cobot_ws/install/mycobot_pro450_interfaces/lib:/home/amin/cobot/cobot_ws/install/mecharm_interfaces/lib:/opt/ros/jazzy/opt/gz_sim_vendor/lib:/opt/ros/jazzy/opt/gz_sensors_vendor/lib:/opt/ros/jazzy/opt/gz_physics_vendor/lib:/opt/ros/jazzy/opt/sdformat_vendor/lib:/opt/ros/jazzy/opt/rviz_ogre_vendor/lib:/opt/ros/jazzy/lib/x86_64-linux-gnu:/opt/ros/jazzy/opt/gz_gui_vendor/lib:/opt/ros/jazzy/opt/gz_transport_vendor/lib:/opt/ros/jazzy/opt/gz_rendering_vendor/lib:/opt/ros/jazzy/opt/gz_plugin_vendor/lib:/opt/ros/jazzy/opt/gz_fuel_tools_vendor/lib:/opt/ros/jazzy/opt/gz_msgs_vendor/lib:/opt/ros/jazzy/opt/gz_common_vendor/lib:/opt/ros/jazzy/opt/gz_math_vendor/lib:/opt/ros/jazzy/opt/gz_utils_vendor/lib:/opt/ros/jazzy/opt/gz_tools_vendor/lib:/opt/ros/jazzy/opt/gz_ogre_next_vendor/lib:/opt/ros/jazzy/opt/gz_dartsim_vendor/lib:/opt/ros/jazzy/opt/gz_cmake_vendor/lib:/opt/ros/jazzy/lib PYTHONPATH=/home/amin/cobot/cobot_ws/build/mycobot_280_rdkx5/prefix_override:/usr/lib/python3/dist-packages/colcon_core/task/python/colcon_distutils_commands:/home/amin/cobot/cobot_ws/install/mycobot_280_rdkx5/lib/python3.12/site-packages:/home/amin/cobot/cobot_ws/install/mycobot_communication/lib/python3.12/site-packages:/home/amin/cobot/cobot_ws/install/mycobot_interfaces/lib/python3.12/site-packages:/home/amin/cobot/cobot_ws/install/mycobot_description/lib/python3.12/site-packages:/home/amin/cobot/cobot_ws/install/ultraarm/lib/python3.12/site-packages:/home/amin/cobot/cobot_ws/install/pro450_moveit2_control/lib/python3.12/site-packages:/home/amin/cobot/cobot_ws/install/mypalletizer_communication/lib/python3.12/site-packages:/home/amin/cobot/cobot_ws/install/mypalletizer_interfaces/lib/python3.12/site-packages:/home/amin/cobot/cobot_ws/install/mypalletizer_260_pi/lib/python3.12/site-packages:/home/amin/cobot/cobot_ws/install/mypalletizer_260/lib/python3.12/site-packages:/home/amin/cobot/cobot_ws/install/mycobot_pro_450/lib/python3.12/site-packages:/home/amin/cobot/cobot_ws/install/mycobot_pro450_interfaces/lib/python3.12/site-packages:/home/amin/cobot/cobot_ws/install/myarm_m750/lib/python3.12/site-packages:/home/amin/cobot/cobot_ws/install/myarm_c650/lib/python3.12/site-packages:/home/amin/cobot/cobot_ws/install/mecharm_communication/lib/python3.12/site-packages:/home/amin/cobot/cobot_ws/install/mycobot_630/lib/python3.12/site-packages:/home/amin/cobot/cobot_ws/install/mycobot_600/lib/python3.12/site-packages:/home/amin/cobot/cobot_ws/install/mycobot_320pi/lib/python3.12/site-packages:/home/amin/cobot/cobot_ws/install/mycobot_320_riscv/lib/python3.12/site-packages:/home/amin/cobot/cobot_ws/install/mycobot_320/lib/python3.12/site-packages:/home/amin/cobot/cobot_ws/install/mycobot_280pi/lib/python3.12/site-packages:/home/amin/cobot/cobot_ws/install/mycobot_280jn/lib/python3.12/site-packages:/home/amin/cobot/cobot_ws/install/mycobot_280_x3pi/lib/python3.12/site-packages:/home/amin/cobot/cobot_ws/install/mycobot_280_riscv/lib/python3.12/site-packages:/home/amin/cobot/cobot_ws/install/mycobot_280_rdkx5/lib/python3.12/site-packages:/home/amin/cobot/cobot_ws/install/mycobot_280_moveit2_control/lib/python3.12/site-packages:/home/amin/cobot/cobot_ws/install/mycobot_280_arduino/lib/python3.12/site-packages:/home/amin/cobot/cobot_ws/install/mycobot_280/lib/python3.12/site-packages:/home/amin/cobot/cobot_ws/install/mybuddy/lib/python3.12/site-packages:/home/amin/cobot/cobot_ws/install/myarm_300/lib/python3.12/site-packages:/home/amin/cobot/cobot_ws/install/mecharm_pi/lib/python3.12/site-packages:/home/amin/cobot/cobot_ws/install/mecharm/lib/python3.12/site-packages:/home/amin/cobot/cobot_ws/install/mecharm_interfaces/lib/python3.12/site-packages:/opt/ros/jazzy/lib/python3.12/site-packages /usr/bin/python3 -W ignore:setup.py install is deprecated -W ignore:easy_install command is deprecated setup.py egg_info --egg-base ../../../../build/mycobot_280_rdkx5 build --build-base /home/amin/cobot/cobot_ws/build/mycobot_280_rdkx5/build install --record /home/amin/cobot/cobot_ws/build/mycobot_280_rdkx5/install.log --single-version-externally-managed install_data
[10.127s] Level 1:colcon.colcon_core.environment:checking '/home/amin/cobot/cobot_ws/install/mycobot_280_rdkx5' for CMake config files
[10.127s] Level 1:colcon.colcon_core.environment:checking '/home/amin/cobot/cobot_ws/install/mycobot_280_rdkx5/lib'
[10.127s] Level 1:colcon.colcon_core.environment:checking '/home/amin/cobot/cobot_ws/install/mycobot_280_rdkx5/bin'
[10.127s] Level 1:colcon.colcon_core.environment:checking '/home/amin/cobot/cobot_ws/install/mycobot_280_rdkx5/lib/pkgconfig/mycobot_280_rdkx5.pc'
[10.128s] Level 1:colcon.colcon_core.environment:checking '/home/amin/cobot/cobot_ws/install/mycobot_280_rdkx5/lib/python3.12/site-packages'
[10.128s] Level 1:colcon.colcon_core.shell:create_environment_hook('mycobot_280_rdkx5', 'pythonpath')
[10.128s] INFO:colcon.colcon_core.shell:Creating environment hook '/home/amin/cobot/cobot_ws/install/mycobot_280_rdkx5/share/mycobot_280_rdkx5/hook/pythonpath.ps1'
[10.128s] INFO:colcon.colcon_core.shell:Creating environment descriptor '/home/amin/cobot/cobot_ws/install/mycobot_280_rdkx5/share/mycobot_280_rdkx5/hook/pythonpath.dsv'
[10.129s] INFO:colcon.colcon_core.shell:Creating environment hook '/home/amin/cobot/cobot_ws/install/mycobot_280_rdkx5/share/mycobot_280_rdkx5/hook/pythonpath.sh'
[10.129s] Level 1:colcon.colcon_core.environment:checking '/home/amin/cobot/cobot_ws/install/mycobot_280_rdkx5/bin'
[10.129s] Level 1:colcon.colcon_core.environment:create_environment_scripts_only(mycobot_280_rdkx5)
[10.130s] INFO:colcon.colcon_core.shell:Creating package script '/home/amin/cobot/cobot_ws/install/mycobot_280_rdkx5/share/mycobot_280_rdkx5/package.ps1'
[10.130s] INFO:colcon.colcon_core.shell:Creating package descriptor '/home/amin/cobot/cobot_ws/install/mycobot_280_rdkx5/share/mycobot_280_rdkx5/package.dsv'
[10.130s] INFO:colcon.colcon_core.shell:Creating package script '/home/amin/cobot/cobot_ws/install/mycobot_280_rdkx5/share/mycobot_280_rdkx5/package.sh'
[10.131s] INFO:colcon.colcon_core.shell:Creating package script '/home/amin/cobot/cobot_ws/install/mycobot_280_rdkx5/share/mycobot_280_rdkx5/package.bash'
[10.131s] INFO:colcon.colcon_core.shell:Creating package script '/home/amin/cobot/cobot_ws/install/mycobot_280_rdkx5/share/mycobot_280_rdkx5/package.zsh'
[10.131s] Level 1:colcon.colcon_core.environment:create_file_with_runtime_dependencies(/home/amin/cobot/cobot_ws/install/mycobot_280_rdkx5/share/colcon-core/packages/mycobot_280_rdkx5)
[10.260s] Level 1:colcon.colcon_core.environment:checking '/home/amin/cobot/cobot_ws/install/myarm_m750' for CMake module files
[10.261s] DEBUG:colcon.colcon_core.event_handler.log_command:Invoked command in '/home/amin/cobot/cobot_ws/src/mycobot_ros2/myArm/myarm_m750' returned '0': AMENT_PREFIX_PATH=/home/amin/cobot/cobot_ws/install/mycobot_communication:/home/amin/cobot/cobot_ws/install/mycobot_description:/home/amin/cobot/cobot_ws/install/ultraarm:/home/amin/cobot/cobot_ws/install/pro450_moveit2_control:/home/amin/cobot/cobot_ws/install/pro450_moveit2:/home/amin/cobot/cobot_ws/install/mypalletizer_communication:/home/amin/cobot/cobot_ws/install/mypalletizer_interfaces:/home/amin/cobot/cobot_ws/install/mypalletizer_260_pi:/home/amin/cobot/cobot_ws/install/mypalletizer_260:/home/amin/cobot/cobot_ws/install/mycobot_pro_450:/home/amin/cobot/cobot_ws/install/mycobot_pro450_interfaces:/home/amin/cobot/cobot_ws/install/myarm_m750:/home/amin/cobot/cobot_ws/install/myarm_c650:/home/amin/cobot/cobot_ws/install/mecharm_communication:/home/amin/cobot/cobot_ws/install/mycobot_interfaces:/home/amin/cobot/cobot_ws/install/mycobot_630:/home/amin/cobot/cobot_ws/install/mycobot_600:/home/amin/cobot/cobot_ws/install/mycobot_320pi:/home/amin/cobot/cobot_ws/install/mycobot_320_riscv:/home/amin/cobot/cobot_ws/install/mycobot_320:/home/amin/cobot/cobot_ws/install/mycobot_280rdkx5_moveit2:/home/amin/cobot/cobot_ws/install/mycobot_280pi:/home/amin/cobot/cobot_ws/install/mycobot_280jn:/home/amin/cobot/cobot_ws/install/mycobot_280arduino_moveit2:/home/amin/cobot/cobot_ws/install/mycobot_280_x3pi:/home/amin/cobot/cobot_ws/install/mycobot_280_riscv:/home/amin/cobot/cobot_ws/install/mycobot_280_rdkx5:/home/amin/cobot/cobot_ws/install/mycobot_280_moveit2_control:/home/amin/cobot/cobot_ws/install/mycobot_280_moveit2:/home/amin/cobot/cobot_ws/install/mycobot_280_gazebo_jazzy:/home/amin/cobot/cobot_ws/install/mycobot_280_gazebo:/home/amin/cobot/cobot_ws/install/mycobot_280_arduino:/home/amin/cobot/cobot_ws/install/mycobot_280:/home/amin/cobot/cobot_ws/install/mybuddy:/home/amin/cobot/cobot_ws/install/myarm_300:/home/amin/cobot/cobot_ws/install/mecharm_pi:/home/amin/cobot/cobot_ws/install/mecharm:/home/amin/cobot/cobot_ws/install/mecharm_interfaces:/opt/ros/jazzy CMAKE_PREFIX_PATH=/home/amin/cobot/cobot_ws/install/mycobot_interfaces:/home/amin/cobot/cobot_ws/install/pro450_moveit2:/home/amin/cobot/cobot_ws/install/mypalletizer_interfaces:/home/amin/cobot/cobot_ws/install/mycobot_pro450_interfaces:/home/amin/cobot/cobot_ws/install/mycobot_280rdkx5_moveit2:/home/amin/cobot/cobot_ws/install/mycobot_280arduino_moveit2:/home/amin/cobot/cobot_ws/install/mycobot_280_moveit2:/home/amin/cobot/cobot_ws/install/mycobot_280_gazebo_jazzy:/home/amin/cobot/cobot_ws/install/mycobot_280_gazebo:/home/amin/cobot/cobot_ws/install/mecharm_interfaces:/opt/ros/jazzy/opt/gz_sim_vendor:/opt/ros/jazzy/opt/gz_sensors_vendor:/opt/ros/jazzy/opt/gz_physics_vendor:/opt/ros/jazzy/opt/sdformat_vendor:/opt/ros/jazzy/opt/gz_gui_vendor:/opt/ros/jazzy/opt/gz_transport_vendor:/opt/ros/jazzy/opt/gz_rendering_vendor:/opt/ros/jazzy/opt/gz_plugin_vendor:/opt/ros/jazzy/opt/gz_fuel_tools_vendor:/opt/ros/jazzy/opt/gz_msgs_vendor:/opt/ros/jazzy/opt/gz_common_vendor:/opt/ros/jazzy/opt/gz_math_vendor:/opt/ros/jazzy/opt/gz_utils_vendor:/opt/ros/jazzy/opt/gz_tools_vendor:/opt/ros/jazzy/opt/gz_ogre_next_vendor:/opt/ros/jazzy/opt/gz_dartsim_vendor:/opt/ros/jazzy/opt/gz_cmake_vendor DEBUGINFOD_URLS=https://debuginfod.ubuntu.com LD_LIBRARY_PATH=/home/amin/cobot/cobot_ws/install/mycobot_interfaces/lib:/home/amin/cobot/cobot_ws/install/mypalletizer_interfaces/lib:/home/amin/cobot/cobot_ws/install/mycobot_pro450_interfaces/lib:/home/amin/cobot/cobot_ws/install/mecharm_interfaces/lib:/opt/ros/jazzy/opt/gz_sim_vendor/lib:/opt/ros/jazzy/opt/gz_sensors_vendor/lib:/opt/ros/jazzy/opt/gz_physics_vendor/lib:/opt/ros/jazzy/opt/sdformat_vendor/lib:/opt/ros/jazzy/opt/rviz_ogre_vendor/lib:/opt/ros/jazzy/lib/x86_64-linux-gnu:/opt/ros/jazzy/opt/gz_gui_vendor/lib:/opt/ros/jazzy/opt/gz_transport_vendor/lib:/opt/ros/jazzy/opt/gz_rendering_vendor/lib:/opt/ros/jazzy/opt/gz_plugin_vendor/lib:/opt/ros/jazzy/opt/gz_fuel_tools_vendor/lib:/opt/ros/jazzy/opt/gz_msgs_vendor/lib:/opt/ros/jazzy/opt/gz_common_vendor/lib:/opt/ros/jazzy/opt/gz_math_vendor/lib:/opt/ros/jazzy/opt/gz_utils_vendor/lib:/opt/ros/jazzy/opt/gz_tools_vendor/lib:/opt/ros/jazzy/opt/gz_ogre_next_vendor/lib:/opt/ros/jazzy/opt/gz_dartsim_vendor/lib:/opt/ros/jazzy/opt/gz_cmake_vendor/lib:/opt/ros/jazzy/lib PYTHONPATH=/home/amin/cobot/cobot_ws/build/myarm_m750/prefix_override:/usr/lib/python3/dist-packages/colcon_core/task/python/colcon_distutils_commands:/home/amin/cobot/cobot_ws/install/myarm_m750/lib/python3.12/site-packages:/home/amin/cobot/cobot_ws/install/mycobot_communication/lib/python3.12/site-packages:/home/amin/cobot/cobot_ws/install/mycobot_interfaces/lib/python3.12/site-packages:/home/amin/cobot/cobot_ws/install/mycobot_description/lib/python3.12/site-packages:/home/amin/cobot/cobot_ws/install/ultraarm/lib/python3.12/site-packages:/home/amin/cobot/cobot_ws/install/pro450_moveit2_control/lib/python3.12/site-packages:/home/amin/cobot/cobot_ws/install/mypalletizer_communication/lib/python3.12/site-packages:/home/amin/cobot/cobot_ws/install/mypalletizer_interfaces/lib/python3.12/site-packages:/home/amin/cobot/cobot_ws/install/mypalletizer_260_pi/lib/python3.12/site-packages:/home/amin/cobot/cobot_ws/install/mypalletizer_260/lib/python3.12/site-packages:/home/amin/cobot/cobot_ws/install/mycobot_pro_450/lib/python3.12/site-packages:/home/amin/cobot/cobot_ws/install/mycobot_pro450_interfaces/lib/python3.12/site-packages:/home/amin/cobot/cobot_ws/install/myarm_m750/lib/python3.12/site-packages:/home/amin/cobot/cobot_ws/install/myarm_c650/lib/python3.12/site-packages:/home/amin/cobot/cobot_ws/install/mecharm_communication/lib/python3.12/site-packages:/home/amin/cobot/cobot_ws/install/mycobot_630/lib/python3.12/site-packages:/home/amin/cobot/cobot_ws/install/mycobot_600/lib/python3.12/site-packages:/home/amin/cobot/cobot_ws/install/mycobot_320pi/lib/python3.12/site-packages:/home/amin/cobot/cobot_ws/install/mycobot_320_riscv/lib/python3.12/site-packages:/home/amin/cobot/cobot_ws/install/mycobot_320/lib/python3.12/site-packages:/home/amin/cobot/cobot_ws/install/mycobot_280pi/lib/python3.12/site-packages:/home/amin/cobot/cobot_ws/install/mycobot_280jn/lib/python3.12/site-packages:/home/amin/cobot/cobot_ws/install/mycobot_280_x3pi/lib/python3.12/site-packages:/home/amin/cobot/cobot_ws/install/mycobot_280_riscv/lib/python3.12/site-packages:/home/amin/cobot/cobot_ws/install/mycobot_280_rdkx5/lib/python3.12/site-packages:/home/amin/cobot/cobot_ws/install/mycobot_280_moveit2_control/lib/python3.12/site-packages:/home/amin/cobot/cobot_ws/install/mycobot_280_arduino/lib/python3.12/site-packages:/home/amin/cobot/cobot_ws/install/mycobot_280/lib/python3.12/site-packages:/home/amin/cobot/cobot_ws/install/mybuddy/lib/python3.12/site-packages:/home/amin/cobot/cobot_ws/install/myarm_300/lib/python3.12/site-packages:/home/amin/cobot/cobot_ws/install/mecharm_pi/lib/python3.12/site-packages:/home/amin/cobot/cobot_ws/install/mecharm/lib/python3.12/site-packages:/home/amin/cobot/cobot_ws/install/mecharm_interfaces/lib/python3.12/site-packages:/opt/ros/jazzy/lib/python3.12/site-packages /usr/bin/python3 -W ignore:setup.py install is deprecated -W ignore:easy_install command is deprecated setup.py egg_info --egg-base ../../../../build/myarm_m750 build --build-base /home/amin/cobot/cobot_ws/build/myarm_m750/build install --record /home/amin/cobot/cobot_ws/build/myarm_m750/install.log --single-version-externally-managed install_data
[10.261s] Level 1:colcon.colcon_core.environment:checking '/home/amin/cobot/cobot_ws/install/myarm_m750' for CMake config files
[10.261s] Level 1:colcon.colcon_core.environment:checking '/home/amin/cobot/cobot_ws/install/myarm_m750/lib'
[10.261s] Level 1:colcon.colcon_core.environment:checking '/home/amin/cobot/cobot_ws/install/myarm_m750/bin'
[10.261s] Level 1:colcon.colcon_core.environment:checking '/home/amin/cobot/cobot_ws/install/myarm_m750/lib/pkgconfig/myarm_m750.pc'
[10.261s] Level 1:colcon.colcon_core.environment:checking '/home/amin/cobot/cobot_ws/install/myarm_m750/lib/python3.12/site-packages'
[10.262s] Level 1:colcon.colcon_core.shell:create_environment_hook('myarm_m750', 'pythonpath')
[10.262s] INFO:colcon.colcon_core.shell:Creating environment hook '/home/amin/cobot/cobot_ws/install/myarm_m750/share/myarm_m750/hook/pythonpath.ps1'
[10.262s] INFO:colcon.colcon_core.shell:Creating environment descriptor '/home/amin/cobot/cobot_ws/install/myarm_m750/share/myarm_m750/hook/pythonpath.dsv'
[10.262s] INFO:colcon.colcon_core.shell:Creating environment hook '/home/amin/cobot/cobot_ws/install/myarm_m750/share/myarm_m750/hook/pythonpath.sh'
[10.263s] Level 1:colcon.colcon_core.environment:checking '/home/amin/cobot/cobot_ws/install/myarm_m750/bin'
[10.263s] Level 1:colcon.colcon_core.environment:create_environment_scripts_only(myarm_m750)
[10.263s] INFO:colcon.colcon_core.shell:Creating package script '/home/amin/cobot/cobot_ws/install/myarm_m750/share/myarm_m750/package.ps1'
[10.263s] INFO:colcon.colcon_core.shell:Creating package descriptor '/home/amin/cobot/cobot_ws/install/myarm_m750/share/myarm_m750/package.dsv'
[10.264s] INFO:colcon.colcon_core.shell:Creating package script '/home/amin/cobot/cobot_ws/install/myarm_m750/share/myarm_m750/package.sh'
[10.264s] INFO:colcon.colcon_core.shell:Creating package script '/home/amin/cobot/cobot_ws/install/myarm_m750/share/myarm_m750/package.bash'
[10.264s] INFO:colcon.colcon_core.shell:Creating package script '/home/amin/cobot/cobot_ws/install/myarm_m750/share/myarm_m750/package.zsh'
[10.265s] Level 1:colcon.colcon_core.environment:create_file_with_runtime_dependencies(/home/amin/cobot/cobot_ws/install/myarm_m750/share/colcon-core/packages/myarm_m750)
[10.265s] DEBUG:colcon.colcon_parallel_executor.executor.parallel:closing loop
[10.266s] DEBUG:colcon.colcon_parallel_executor.executor.parallel:loop closed
[10.266s] DEBUG:colcon.colcon_parallel_executor.executor.parallel:run_until_complete finished with '0'
[10.266s] DEBUG:colcon.colcon_core.event_reactor:joining thread
[10.272s] INFO:colcon.colcon_core.plugin_system:Skipping extension 'colcon_notification.desktop_notification.terminal_notifier': Not used on non-Darwin systems
[10.272s] INFO:colcon.colcon_core.plugin_system:Skipping extension 'colcon_notification.desktop_notification.win32': Not used on non-Windows systems
[10.272s] INFO:colcon.colcon_notification.desktop_notification:Sending desktop notification using 'notify2'
[10.282s] DEBUG:colcon.colcon_core.event_reactor:joined thread
[10.282s] INFO:colcon.colcon_core.shell:Creating prefix script '/home/amin/cobot/cobot_ws/install/local_setup.ps1'
[10.283s] INFO:colcon.colcon_core.shell:Creating prefix util module '/home/amin/cobot/cobot_ws/install/_local_setup_util_ps1.py'
[10.284s] INFO:colcon.colcon_core.shell:Creating prefix chain script '/home/amin/cobot/cobot_ws/install/setup.ps1'
[10.285s] INFO:colcon.colcon_core.shell:Creating prefix script '/home/amin/cobot/cobot_ws/install/local_setup.sh'
[10.286s] INFO:colcon.colcon_core.shell:Creating prefix util module '/home/amin/cobot/cobot_ws/install/_local_setup_util_sh.py'
[10.286s] INFO:colcon.colcon_core.shell:Creating prefix chain script '/home/amin/cobot/cobot_ws/install/setup.sh'
[10.288s] INFO:colcon.colcon_core.shell:Creating prefix script '/home/amin/cobot/cobot_ws/install/local_setup.bash'
[10.288s] INFO:colcon.colcon_core.shell:Creating prefix chain script '/home/amin/cobot/cobot_ws/install/setup.bash'
[10.290s] INFO:colcon.colcon_core.shell:Creating prefix script '/home/amin/cobot/cobot_ws/install/local_setup.zsh'
[10.290s] INFO:colcon.colcon_core.shell:Creating prefix chain script '/home/amin/cobot/cobot_ws/install/setup.zsh'
